snapshot_ts,source,game_id,home_team,away_team,provider,spread,spread_open,over_under,ou_open,home_ml,away_ml,commence_time,spread_price,ou_price
2026-08-29T13:35:36.498311-04:00,cfbd,401856779,Iowa State,Southeast Missouri State,DraftKings,-29.5,-29.5,53.5,53.5,-20000.0,3500.0,,,
2026-08-29T13:35:36.498311-04:00,cfbd,401856658,Georgia,Tennessee State,DraftKings,-47.5,-46.5,55.5,56.5,,,,,
2026-08-29T13:35:36.498311-04:00,cfbd,401866410,Bowling Green,Tarleton State,DraftKings,-2.5,-2.5,47.5,47.5,-135.0,114.0,,,
2026-08-29T13:35:36.498311-04:00,cfbd,401869960,James Madison,Liberty,DraftKings,-6.5,-6.0,52.5,,-245.0,200.0,,,
2026-08-29T13:35:36.498311-04:00,cfbd,401869960,James Madison,Liberty,Bovada,-6.5,-6.0,53.0,50.5,-250.0,210.0,,,
2026-08-29T13:35:36.498311-04:00,cfbd,401856666,Tennessee,Furman,DraftKings,-46.5,-46.5,66.5,66.5,,,,,
2026-08-29T13:35:36.498311-04:00,cfbd,401856777,Cincinnati,Boston College,DraftKings,-7.5,-9.5,51.5,,-310.0,250.0,,,
2026-08-29T13:35:36.498311-04:00,cfbd,401856777,Cincinnati,Boston College,Bovada,-7.5,-9.5,52.0,54.5,-270.0,220.0,,,
2026-08-29T13:35:36.498311-04:00,cfbd,401856635,Arkansas,North Alabama,DraftKings,-40.5,-40.5,63.5,63.5,,,,,
2026-08-29T13:35:36.498311-04:00,cfbd,401856767,UCF,Bethune-Cookman,DraftKings,-42.5,-41.5,59.5,,,,,,
2026-08-29T13:35:36.498311-04:00,cfbd,401858208,Syracuse,New Hampshire,DraftKings,-32.5,-32.5,55.5,55.5,-100000.0,5000.0,,,
2026-08-29T13:35:36.498311-04:00,cfbd,401862701,Army,Bryant,DraftKings,-36.5,-36.5,51.5,,,,,,
2026-08-29T13:35:36.498311-04:00,cfbd,401861962,UConn,Lafayette,DraftKings,-19.5,-19.5,58.5,58.5,-1100.0,700.0,,,
2026-08-29T13:35:36.498311-04:00,cfbd,401864496,Air Force,Duquesne,DraftKings,-30.5,-30.5,58.5,58.5,-100000.0,5000.0,,,
2026-08-29T13:35:36.498311-04:00,cfbd,401856659,Kentucky,Youngstown State,DraftKings,-23.5,-23.5,62.5,62.5,-4000.0,1600.0,,,
2026-08-29T13:35:36.498311-04:00,cfbd,401862698,Temple,Rhode Island,DraftKings,-10.5,-10.0,51.5,51.5,-550.0,410.0,,,
2026-08-29T13:35:36.498311-04:00,cfbd,401864425,Kennesaw State,West Georgia,DraftKings,-22.5,-22.5,51.5,51.5,-3600.0,1500.0,,,
2026-08-29T13:35:36.498311-04:00,cfbd,401856663,Missouri,Arkansas-Pine Bluff,DraftKings,-54.5,-54.5,60.5,60.5,,,,,
2026-08-29T13:35:36.498311-04:00,cfbd,401856769,Kansas,Long Island University,DraftKings,-38.5,-38.5,53.5,53.5,,,,,
2026-08-29T13:35:36.498311-04:00,cfbd,401864424,Delaware,Merrimack,DraftKings,-28.5,-28.5,55.5,55.5,-20000.0,3500.0,,,
2026-08-29T13:35:36.498311-04:00,cfbd,401858435,Purdue,Indiana State,DraftKings,-35.5,-34.5,56.5,56.5,,,,,
2026-08-29T13:35:36.498311-04:00,cfbd,401862696,Navy,Towson,DraftKings,-30.5,-30.5,53.5,53.5,-20000.0,3500.0,,,
2026-08-29T13:35:36.498311-04:00,cfbd,401862694,Charlotte,The Citadel,DraftKings,-15.5,-15.5,46.5,46.5,-1100.0,700.0,,,
2026-08-29T13:35:36.498311-04:00,cfbd,401858422,Minnesota,Eastern Illinois,DraftKings,-43.5,-43.5,51.5,,,,,,
2026-08-29T13:35:36.498311-04:00,cfbd,401866623,Georgia State,North Carolina A&T,DraftKings,-28.5,-28.5,63.5,63.5,-4500.0,1700.0,,,
2026-08-29T13:35:36.498311-04:00,cfbd,401866409,Buffalo,UAlbany,DraftKings,-24.5,-24.5,48.5,48.5,-5000.0,1800.0,,,
2026-08-29T13:35:36.498311-04:00,cfbd,401862700,UTSA,UT Rio Grande Valley,DraftKings,-28.5,-28.5,59.5,59.5,-9000.0,2500.0,,,
2026-08-29T13:35:36.498311-04:00,cfbd,401864499,North Dakota State,Fordham,DraftKings,-39.5,-39.5,57.5,57.5,,,,,
2026-08-29T13:35:36.498311-04:00,cfbd,401866627,App State,Maine,DraftKings,-18.5,-17.5,53.5,53.5,-800.0,550.0,,,
2026-08-29T13:35:36.498311-04:00,cfbd,401868356,Southern Miss,Alcorn State,DraftKings,-21.0,-21.0,50.5,50.5,-2800.0,1300.0,,,
2026-08-29T13:35:36.498311-04:00,cfbd,401867973,Old Dominion,Norfolk State,DraftKings,-41.5,-41.5,55.5,55.5,,,,,
2026-08-29T13:35:36.498311-04:00,cfbd,401856770,Texas Tech,Abilene Christian,DraftKings,-42.5,-42.5,59.5,59.5,,,,,
2026-08-29T13:35:36.498311-04:00,cfbd,401856771,Kansas State,Nicholls,DraftKings,-40.5,-40.5,55.5,55.5,,,,,
2026-08-29T13:35:36.498311-04:00,cfbd,401858211,Virginia Tech,VMI,DraftKings,-50.5,-50.5,57.5,57.5,,,,,
2026-08-29T13:35:36.498311-04:00,cfbd,401869129,Louisiana Tech,Northwestern State,DraftKings,-41.5,-41.5,52.5,52.5,,,,,
2026-08-29T13:35:36.498311-04:00,cfbd,401856775,BYU,Utah Tech,DraftKings,-47.5,-47.5,54.5,54.5,,,,,
2026-08-29T13:35:36.498311-04:00,cfbd,401858427,Maryland,Hampton,DraftKings,-45.5,-45.5,56.5,56.5,,,,,
2026-08-29T13:35:36.498311-04:00,cfbd,401856773,Arizona,Northern Arizona,DraftKings,-31.5,-31.5,56.5,56.5,-10000.0,3000.0,,,
2026-08-29T13:35:36.498311-04:00,cfbd,401856774,Arizona State,Morgan State,DraftKings,-41.5,-41.5,52.5,52.5,,,,,
2026-08-29T13:35:36.498311-04:00,cfbd,401866411,Sacramento State,Mississippi Valley State,DraftKings,-35.5,-35.5,56.5,56.5,,,,,
2026-08-29T13:35:36.498311-04:00,cfbd,401860879,San Diego State,Portland State,DraftKings,-40.5,-38.5,57.5,57.5,,,,,
2026-08-29T13:35:36.498311-04:00,cfbd,401869142,Louisiana,Lamar,DraftKings,-20.5,-18.5,48.5,48.5,-1000.0,650.0,,,
2026-08-29T13:35:36.498311-04:00,cfbd,401856669,Vanderbilt,Austin Peay,DraftKings,-30.5,-30.5,61.5,61.5,-100000.0,5000.0,,,
2026-08-29T13:35:36.498311-04:00,cfbd,401868316,South Alabama,SE Louisiana,DraftKings,-12.5,-12.5,52.5,52.5,-600.0,440.0,,,
2026-08-29T13:35:36.498311-04:00,cfbd,401867866,Middle Tennessee,Murray State,DraftKings,-20.5,-20.5,59.5,59.5,-1650.0,950.0,,,
2026-08-29T13:35:36.498311-04:00,cfbd,401868140,Jacksonville State,Eastern Kentucky,DraftKings,-19.5,-19.5,52.5,52.5,-2100.0,1100.0,,,
2026-08-29T13:35:36.498311-04:00,cfbd,401868170,Georgia Southern,Charleston Southern,DraftKings,-25.5,-25.5,51.5,51.5,-4500.0,1700.0,,,
2026-08-29T13:35:36.498311-04:00,cfbd,401862697,Rice,Houston Christian,DraftKings,-24.5,-24.5,47.5,47.5,-1800.0,1000.0,,,
2026-08-29T13:35:36.498311-04:00,cfbd,401858431,Northwestern,South Dakota State,DraftKings,-12.5,-12.5,46.5,46.5,-700.0,500.0,,,
2026-08-29T13:35:36.498311-04:00,cfbd,401860880,Utah State,Idaho State,DraftKings,-12.5,-11.5,63.5,64.5,-550.0,410.0,,,
2026-08-29T13:35:36.498311-04:00,cfbd,401870790,New Mexico State,Mercyhurst,DraftKings,-24.5,-24.5,50.5,50.5,-4500.0,1700.0,,,
2026-08-29T13:35:36.498311-04:00,cfbd,401858423,Rutgers,Massachusetts,Bovada,-29.0,-30.5,53.0,54.5,,,,,
2026-08-29T13:35:36.498311-04:00,cfbd,401858423,Rutgers,Massachusetts,DraftKings,-29.5,-30.5,52.5,,-9000.0,2500.0,,,
2026-08-29T13:35:36.498311-04:00,cfbd,401856768,Utah,Idaho,DraftKings,-33.5,-32.5,56.5,56.5,-20000.0,3500.0,,,
2026-08-29T13:35:36.498311-04:00,cfbd,401867894,Youngstown State,Mercyhurst,Draft Kings,-30.5,,57.5,,,,,,
2026-08-29T13:35:36.498311-04:00,cfbd,401868129,Northern Colorado,Weber State,DraftKings,-3.0,-3.5,50.5,49.5,-161.0,129.0,,,
2026-08-29T13:35:36.498311-04:00,cfbd,401868129,Northern Colorado,Weber State,Draft Kings,-3.0,,50.5,,,,,,
2026-08-29T13:35:36.498311-04:00,cfbd,401866617,Merrimack,Rhode Island,DraftKings,20.5,20.5,47.5,53.5,890.0,-1960.0,,,
2026-08-29T13:35:36.498311-04:00,cfbd,401866617,Merrimack,Rhode Island,Draft Kings,21.0,,47.5,,,,,,
2026-08-29T13:35:36.498311-04:00,cfbd,401868324,Alabama State,Southern,DraftKings,-19.5,-19.5,56.5,56.5,-1760.0,830.0,,,
2026-08-29T13:35:36.498311-04:00,cfbd,401866616,UAlbany,New Hampshire,DraftKings,10.0,11.5,46.5,45.5,268.0,-357.0,,,
2026-08-29T13:35:36.498311-04:00,cfbd,401866616,UAlbany,New Hampshire,Draft Kings,10.0,,46.5,,,,,,
2026-08-29T13:35:36.498311-04:00,cfbd,401868040,Villanova,William & Mary,DraftKings,-12.5,-11.5,47.5,50.5,-700.0,462.0,,,
2026-08-29T13:35:36.498311-04:00,cfbd,401868040,Villanova,William & Mary,Draft Kings,-12.5,,47.5,,,,,,
2026-08-29T13:35:36.498311-04:00,cfbd,401867882,South Dakota,Central Connecticut,DraftKings,-21.5,-22.5,49.5,53.5,-3900.0,1180.0,,,
2026-08-29T13:35:36.498311-04:00,cfbd,401867916,Wagner,Robert Morris,DraftKings,-5.5,-5.5,40.5,39.5,-223.0,176.0,,,
2026-08-29T13:35:36.498311-04:00,cfbd,401858212,Florida State,SMU,DraftKings,2.5,,52.5,,124.0,-148.0,,,
2026-08-29T13:35:36.498311-04:00,cfbd,401858212,Florida State,SMU,Bovada,2.0,2.5,53.0,52.5,120.0,-140.0,,,
2026-08-29T13:35:36.498311-04:00,cfbd,401858436,USC,Fresno State,DraftKings,-23.5,-23.5,51.5,,-3200.0,1400.0,,,
2026-08-29T13:35:36.498311-04:00,cfbd,401858436,USC,Fresno State,Bovada,-23.5,-23.0,51.5,51.5,-3500.0,-100000.0,,,
2026-08-29T13:35:36.498311-04:00,cfbd,401858201,Stanford,Hawai'i,DraftKings,-4.0,-3.0,48.5,,-198.0,164.0,,,
2026-08-29T13:35:36.498311-04:00,cfbd,401858201,Stanford,Hawai'i,Bovada,-4.0,-3.0,48.5,50.5,-170.0,145.0,,,
2026-08-29T13:35:36.498311-04:00,cfbd,401858437,Washington,Washington State,DraftKings,-23.5,-21.5,50.5,,-2800.0,1300.0,,,
2026-08-29T13:35:36.498311-04:00,cfbd,401858437,Washington,Washington State,Bovada,-23.5,-21.5,51.0,50.5,-2200.0,1000.0,,,
2026-08-29T13:35:36.498311-04:00,cfbd,401858202,Virginia,NC State,Bovada,-4.0,-3.5,51.0,54.5,-145.0,125.0,,,
2026-08-29T13:35:36.498311-04:00,cfbd,401858202,Virginia,NC State,DraftKings,-4.0,,50.5,,-185.0,154.0,,,
2026-08-29T13:35:36.498311-04:00,cfbd,401866620,East Tennessee State,Campbell,DraftKings,-7.0,-7.0,56.5,55.5,-267.0,207.0,,,
2026-08-29T13:35:36.498311-04:00,cfbd,401868101,Idaho State,VMI,DraftKings,-34.5,-34.5,53.5,60.5,,,,,
2026-08-29T13:35:36.498311-04:00,cfbd,401866621,Tennessee Tech,Monmouth,DraftKings,-8.5,-8.5,58.5,58.5,-340.0,257.0,,,
2026-08-29T13:35:36.498311-04:00,cfbd,401858425,Indiana,North Texas,DraftKings,-40.5,-40.5,55.5,,,,,,
2026-08-29T13:35:36.498311-04:00,cfbd,401858425,Indiana,North Texas,Bovada,-41.0,-40.5,55.5,55.5,,,,,
2026-08-29T13:35:36.498311-04:00,cfbd,401856776,Georgia Tech,Colorado,DraftKings,-6.5,-7.0,50.5,,-238.0,195.0,,,
2026-08-29T13:35:36.498311-04:00,cfbd,401856776,Georgia Tech,Colorado,Bovada,-6.5,-7.0,51.0,51.5,-290.0,240.0,,,
2026-08-29T13:35:36.498311-04:00,cfbd,401866619,Stonehill,Bryant,DraftKings,4.5,4.5,45.5,44.5,153.0,-192.0,,,
2026-08-29T13:35:36.498311-04:00,cfbd,401868394,Wofford,The Citadel,DraftKings,-7.5,-8.5,45.5,45.5,-415.0,305.0,,,
2026-08-29T13:35:36.498311-04:00,cfbd,401858209,Duke,Tulane,DraftKings,-9.5,-8.5,50.5,,-380.0,300.0,,,
2026-08-29T13:35:36.498311-04:00,cfbd,401858209,Duke,Tulane,Bovada,-8.5,-8.5,51.0,53.5,-480.0,350.0,,,
2026-08-29T13:35:36.498311-04:00,cfbd,401866618,North Carolina A&T,Morgan State,DraftKings,7.5,8.5,49.5,50.5,235.0,-307.0,,,
2026-08-29T13:35:36.498311-04:00,cfbd,401856667,Texas,Texas State,DraftKings,-30.5,-30.5,59.5,,-10000.0,3000.0,,,
2026-08-29T13:35:36.498311-04:00,cfbd,401856667,Texas,Texas State,Bovada,-30.5,-30.5,60.0,59.5,-10000.0,-100000.0,,,
2026-08-29T13:35:36.498311-04:00,cfbd,401868084,Northern Arizona,Eastern Washington,DraftKings,-5.5,-3.0,55.5,56.5,-242.0,189.0,,,
2026-08-29T13:35:36.498311-04:00,cfbd,401868022,Holy Cross,Lehigh,DraftKings,14.0,14.0,47.5,47.5,509.0,-800.0,,,
2026-08-29T13:35:36.498311-04:00,cfbd,401862693,UNLV,Memphis,DraftKings,-4.0,-3.0,55.5,,-192.0,160.0,,,
2026-08-29T13:35:36.498311-04:00,cfbd,401862693,UNLV,Memphis,Bovada,-3.5,-3.0,56.0,60.5,-170.0,145.0,,,
2026-08-29T13:35:36.498311-04:00,cfbd,401867977,Texas Southern,North Carolina Central,DraftKings,11.5,11.5,51.5,51.5,326.0,-450.0,,,
2026-08-29T13:35:36.498311-04:00,cfbd,401867855,Indiana State,Southeast Missouri State,DraftKings,-1.5,-2.5,52.5,52.5,-123.0,-101.0,,,
2026-08-29T13:35:36.498311-04:00,cfbd,401858206,Stanford,Miami,DraftKings,24.5,21.5,47.5,,1600.0,-4000.0,,,
2026-08-29T13:35:36.498311-04:00,cfbd,401858206,Stanford,Miami,Bovada,24.5,21.5,47.5,48.5,-100000.0,-2500.0,,,
2026-08-29T13:35:36.498311-04:00,cfbd,401867988,Richmond,Bucknell,DraftKings,-10.5,-10.5,48.5,49.5,-523.0,368.0,,,
2026-08-29T13:35:36.498311-04:00,cfbd,401856772,Tulsa,Oklahoma State,DraftKings,14.0,11.5,60.5,,440.0,-600.0,,,
2026-08-29T13:35:36.498311-04:00,cfbd,401856772,Tulsa,Oklahoma State,Bovada,13.5,11.5,60.0,61.5,390.0,-550.0,,,
2026-08-29T13:35:36.498311-04:00,cfbd,401868118,Utah Tech,Montana State,DraftKings,31.5,31.5,56.5,56.5,,,,,
2026-08-29T13:35:36.498311-04:00,cfbd,401868149,North Alabama,Samford,DraftKings,-7.5,-7.5,55.5,55.5,-350.0,263.0,,,
2026-08-29T13:35:36.498311-04:00,cfbd,401868049,Lamar,Abilene Christian,DraftKings,7.5,7.5,49.5,49.5,232.0,-303.0,,,
2026-08-29T13:35:36.498311-04:00,cfbd,401867935,Howard,Alabama A&M,DraftKings,-1.5,-2.5,46.5,46.5,-124.0,100.0,,,
2026-08-29T13:35:36.498311-04:00,cfbd,401872615,South Dakota State,Stetson,DraftKings,-49.5,-47.5,57.5,56.5,,,,,
2026-08-29T13:35:36.498311-04:00,cfbd,401868110,Montana,Southern Utah,DraftKings,-15.5,-16.5,59.5,58.5,-1080.0,620.0,,,
2026-08-29T13:35:36.498311-04:00,cfbd,401868235,Tarleton State,Prairie View A&M,DraftKings,-19.5,-21.5,54.5,54.5,-1540.0,770.0,,,
2026-08-29T13:35:36.498311-04:00,cfbd,401874042,Mercer,East Texas A&M,DraftKings,-22.5,-23.5,57.5,60.5,-3200.0,1100.0,,,
2026-08-29T13:35:36.498311-04:00,cfbd,401868305,McNeese,Stephen F. Austin,DraftKings,12.5,13.5,48.5,49.5,327.0,-452.0,,,
2026-08-29T13:35:36.498311-04:00,cfbd,401868139,Western Carolina,Eastern Kentucky,DraftKings,-3.0,-4.5,54.5,50.5,-152.0,122.0,,,
2026-08-29T13:35:36.498311-04:00,cfbd,401868240,West Georgia,Chattanooga,Draft Kings,3.5,,50.5,,,,,,
2026-08-29T13:35:36.498311-04:00,cfbd,401866532,Towson,Maine,Draft Kings,-2.5,,46.5,,,,,,
2026-08-29T13:35:36.498311-04:00,cfbd,401866615,Delaware State,Stony Brook,Draft Kings,4.5,,50.5,,,,,,
2026-08-29T13:35:36.498311-04:00,cfbd,401868315,SE Louisiana,Houston Christian,Draft Kings,-24.5,,51.5,,,,,,
2026-08-29T13:35:36.498311-04:00,cfbd,401867865,Murray State,Eastern Illinois,Draft Kings,-4.5,,49.5,,,,,,
2026-08-29T13:35:36.498311-04:00,cfbd,401868169,Lindenwood,Charleston Southern,Draft Kings,-7.5,,45.5,,,,,,
2026-08-29T13:35:36.498311-04:00,cfbd,401868962,Nicholls,Mississippi Valley State,Draft Kings,-28.5,,51.5,,,,,,
2026-08-29T13:35:36.498311-04:00,cfbd,401874035,West Florida,Southern Illinois,Draft Kings,19.5,,55.5,,,,,,
2026-08-29T13:35:36.498311-04:00,cfbd,401868060,Austin Peay,Gardner-Webb,Draft Kings,-14.5,,59.5,,,,,,
2026-08-29T13:35:36.498311-04:00,cfbd,401868070,UT Martin,Central Arkansas,Draft Kings,-3.0,,50.5,,,,,,
2026-08-29T13:35:36.498311-04:00,cfbd,401867874,North Dakota,Long Island University,Draft Kings,-27.5,,44.5,,,,,,
2026-08-29T13:35:36.498311-04:00,cfbd,401868154,Portland State,UC Davis,DraftKings,25.5,24.5,60.5,62.5,1300.0,-5400.0,,,
2026-08-29T13:35:36.498311-04:00,cfbd,401868194,Tennessee State,Jackson State,DraftKings,12.5,15.5,49.5,49.5,435.0,-650.0,,,
2026-08-29T13:35:36.498311-04:00,cfbd,401868261,New Haven,Marist,DraftKings,-2.5,1.5,46.5,44.5,-145.0,116.0,,,
2026-08-29T13:35:36.498311-04:00,cfbd,401868261,New Haven,Marist,Draft Kings,-2.5,,46.5,,,,,,
2026-08-29T13:35:36.498311-04:00,cfbd,401868007,Fordham,Colgate,DraftKings,8.5,10.0,55.5,50.5,242.0,-318.0,,,
2026-08-29T13:35:36.498311-04:00,cfbd,401868007,Fordham,Colgate,Draft Kings,8.5,,55.5,,,,,,
2026-08-29T13:35:36.498311-04:00,cfbd,401868073,Cal Poly,Idaho,DraftKings,5.5,3.5,53.5,55.5,172.0,-219.0,,,
2026-08-29T13:35:36.498311-04:00,cfbd,401868073,Cal Poly,Idaho,Draft Kings,5.5,,53.5,,,,,,
2026-08-29T13:35:36.498311-04:00,cfbd,401858428,Michigan,Western Michigan,Bovada,-27.5,-26.5,47.5,47.5,-100000.0,2200.0,,,
2026-08-29T13:35:36.498311-04:00,cfbd,401858428,Michigan,Western Michigan,DraftKings,-27.5,-26.5,47.5,,-6500.0,2000.0,,,
2026-08-29T13:35:36.498311-04:00,cfbd,401858424,Illinois,UAB,Bovada,-28.5,-27.5,57.0,56.5,-100000.0,2000.0,,,
2026-08-29T13:35:36.498311-04:00,cfbd,401858424,Illinois,UAB,DraftKings,-28.5,-27.5,55.5,,-10000.0,3000.0,,,
2026-08-29T13:35:36.498311-04:00,cfbd,401856634,Alabama,East Carolina,DraftKings,-28.5,-25.5,53.5,,-10000.0,3000.0,,,
2026-08-29T13:35:36.498311-04:00,cfbd,401856634,Alabama,East Carolina,Bovada,-28.5,-25.5,54.0,53.5,-10000.0,1600.0,,,
2026-08-29T13:35:36.498311-04:00,cfbd,401856662,Mississippi State,UL Monroe,Bovada,-28.5,-28.5,55.5,55.5,-100000.0,2000.0,,,
2026-08-29T13:35:36.498311-04:00,cfbd,401856662,Mississippi State,UL Monroe,DraftKings,-28.5,-28.5,56.5,,-6500.0,2000.0,,,
2026-08-29T13:35:36.498311-04:00,cfbd,401864498,New Mexico,Central Michigan,Bovada,-10.0,-12.5,47.0,49.0,-575.0,400.0,,,
2026-08-29T13:35:36.498311-04:00,cfbd,401864498,New Mexico,Central Michigan,DraftKings,-10.5,-12.5,46.5,,-410.0,320.0,,,
2026-08-29T13:35:36.498311-04:00,cfbd,401858433,Oregon,Boise State,DraftKings,-24.5,-24.5,51.5,,-4500.0,1700.0,,,
2026-08-29T13:35:36.498311-04:00,cfbd,401858433,Oregon,Boise State,Bovada,-24.5,-24.5,52.0,53.5,-10000.0,1600.0,,,
2026-08-29T13:35:36.498311-04:00,cfbd,401858430,Nebraska,Ohio,DraftKings,-23.5,-23.5,47.5,,-1800.0,1000.0,,,
2026-08-29T13:35:36.498311-04:00,cfbd,401858430,Nebraska,Ohio,Bovada,-24.0,-23.5,47.5,47.5,-4000.0,1200.0,,,
2026-08-29T13:35:36.498311-04:00,cfbd,401856766,TCU,North Carolina,DraftKings,-7.5,,46.5,,-310.0,250.0,,,
2026-08-29T13:35:36.498311-04:00,cfbd,401856766,TCU,North Carolina,Bovada,-7.5,-7.5,46.0,50.5,-235.0,195.0,,,
2026-08-29T13:35:36.498311-04:00,cfbd,401864432,Nevada,Western Kentucky,Bovada,2.5,4.0,53.0,53.5,120.0,-140.0,,,
2026-08-29T13:35:36.498311-04:00,cfbd,401864432,Nevada,Western Kentucky,DraftKings,2.5,4.5,52.5,,110.0,-130.0,,,
2026-08-29T13:35:36.498311-04:00,cfbd,401856636,Auburn,Baylor,DraftKings,-7.0,-6.5,59.5,,-298.0,240.0,,,
2026-08-29T13:35:36.498311-04:00,cfbd,401856636,Auburn,Baylor,Bovada,-7.0,-7.5,59.0,58.5,-270.0,220.0,,,
2026-08-29T13:35:36.498311-04:00,cfbd,401856661,Ole Miss,Louisville,Bovada,-6.5,-8.5,55.5,52.5,-270.0,220.0,,,
2026-08-29T13:35:36.498311-04:00,cfbd,401856661,Ole Miss,Louisville,DraftKings,-6.5,,55.5,,-258.0,210.0,,,
2026-08-29T13:35:36.498311-04:00,cfbd,401866408,Eastern Michigan,Sacramento State,DraftKings,-8.5,-8.5,52.5,,-355.0,280.0,,,
2026-08-29T13:35:36.498311-04:00,cfbd,401866408,Eastern Michigan,Sacramento State,Bovada,-8.5,-8.5,53.0,52.5,-330.0,265.0,,,
2026-08-29T13:35:36.498311-04:00,cfbd,401858434,Penn State,Marshall,Bovada,-24.5,-23.5,54.5,54.5,-3300.0,1100.0,,,
2026-08-29T13:35:36.498311-04:00,cfbd,401858434,Penn State,Marshall,DraftKings,-24.5,-23.5,54.5,,-4000.0,1600.0,,,
2026-08-29T13:35:36.498311-04:00,cfbd,401864497,Hawai'i,UNLV,Bovada,3.0,1.5,58.5,58.5,105.0,-125.0,,,
2026-08-29T13:35:36.498311-04:00,cfbd,401864497,Hawai'i,UNLV,DraftKings,3.0,1.5,58.5,,130.0,-155.0,,,
2026-08-29T13:35:36.498311-04:00,cfbd,401858438,Notre Dame,Wisconsin,Bovada,-20.5,-16.5,47.5,46.5,-2500.0,1000.0,,,
2026-08-29T13:35:36.498311-04:00,cfbd,401858438,Notre Dame,Wisconsin,DraftKings,-20.5,,47.5,47.5,-1800.0,1000.0,,,
2026-08-29T13:35:36.498311-04:00,cfbd,401860878,Colorado State,Wyoming,DraftKings,-3.5,-4.0,47.5,,-170.0,142.0,,,
2026-08-29T13:35:36.498311-04:00,cfbd,401860878,Colorado State,Wyoming,Bovada,-3.5,-4.0,47.5,47.5,-180.0,155.0,,,
2026-08-29T13:35:36.498311-04:00,cfbd,401862699,South Florida,Florida International,Bovada,-13.0,-12.5,54.0,54.5,-460.0,340.0,,,
2026-08-29T13:35:36.498311-04:00,cfbd,401862699,South Florida,Florida International,DraftKings,-13.5,-12.5,53.5,,-575.0,425.0,,,
2026-08-29T13:35:36.498311-04:00,cfbd,401856665,South Carolina,Kent State,Bovada,-36.5,-34.5,53.0,52.5,-100000.0,-100000.0,,,
2026-08-29T13:35:36.498311-04:00,cfbd,401856665,South Carolina,Kent State,DraftKings,-36.5,-33.5,53.5,,-100000.0,5000.0,,,
2026-08-29T13:35:36.498311-04:00,cfbd,401856637,Florida,Florida Atlantic,Bovada,-26.5,-25.5,59.5,56.5,-7000.0,1300.0,,,
2026-08-29T13:35:36.498311-04:00,cfbd,401856637,Florida,Florida Atlantic,DraftKings,-27.5,-25.5,59.5,,-5000.0,1800.0,,,
2026-08-29T13:35:36.498311-04:00,cfbd,401858210,California,UCLA,Bovada,2.0,-3.5,54.0,53.5,-115.0,-105.0,,,
2026-08-29T13:35:36.498311-04:00,cfbd,401858210,California,UCLA,DraftKings,1.5,-1.5,53.5,,100.0,-120.0,,,
2026-08-29T13:35:36.498311-04:00,cfbd,401864577,North Dakota State,Jacksonville State,Bovada,-6.5,-10.0,46.5,48.5,-330.0,265.0,,,
2026-08-29T13:35:36.498311-04:00,cfbd,401864577,North Dakota State,Jacksonville State,DraftKings,-6.5,-10.0,46.5,,-265.0,215.0,,,
2026-08-29T13:35:36.498311-04:00,cfbd,401864570,Florida State,New Mexico State,Bovada,-31.0,-29.5,53.5,53.5,-100000.0,2800.0,,,
2026-08-29T13:35:36.498311-04:00,cfbd,401864570,Florida State,New Mexico State,DraftKings,-31.5,-28.5,53.5,,-10000.0,3000.0,,,
2026-08-29T13:35:36.498311-04:00,cfbd,401870763,Troy,Sam Houston,Bovada,-17.0,-17.0,53.0,50.5,-1300.0,725.0,,,
2026-08-29T13:35:36.498311-04:00,cfbd,401870763,Troy,Sam Houston,DraftKings,-16.5,-17.5,53.5,,-1000.0,650.0,,,
2026-08-29T13:35:36.498311-04:00,cfbd,401864494,USC,San José State,DraftKings,-38.5,-35.5,60.5,,-100000.0,5000.0,,,
2026-08-29T13:35:36.498311-04:00,cfbd,401864494,USC,San José State,Bovada,-38.5,-35.5,60.5,57.5,-100000.0,3500.0,,,
2026-08-29T13:35:36.498311-04:00,cfbd,401858426,Iowa,Northern Illinois,Bovada,-32.0,-29.5,45.5,43.5,-100000.0,2500.0,,,
2026-08-29T13:35:36.498311-04:00,cfbd,401858426,Iowa,Northern Illinois,DraftKings,-31.5,-29.5,45.5,,-100000.0,5000.0,,,
2026-08-29T13:35:36.498311-04:00,cfbd,401856778,Houston,Oregon State,Bovada,-21.0,-18.5,51.5,51.5,-1300.0,725.0,,,
2026-08-29T13:35:36.498311-04:00,cfbd,401856778,Houston,Oregon State,DraftKings,-20.5,-18.5,51.5,,-1800.0,1000.0,,,
2026-08-29T13:35:36.498311-04:00,cfbd,401864495,Eastern Michigan,San José State,DraftKings,-4.5,-3.5,53.5,,-218.0,180.0,,,
2026-08-29T13:35:36.498311-04:00,cfbd,401864495,Eastern Michigan,San José State,Bovada,-4.5,-3.5,53.5,53.5,-160.0,135.0,,,
2026-08-29T13:35:36.498311-04:00,cfbd,401856780,West Virginia,Coastal Carolina,Bovada,-21.5,-17.5,56.0,57.5,-1725.0,-100000.0,,,
2026-08-29T13:35:36.498311-04:00,cfbd,401856780,West Virginia,Coastal Carolina,DraftKings,-21.5,-17.5,56.5,,-1650.0,950.0,,,
2026-08-29T13:35:36.498311-04:00,cfbd,401858204,Wake Forest,Akron,DraftKings,-24.5,-22.5,48.5,,-3600.0,1500.0,,,
2026-08-29T13:35:36.498311-04:00,cfbd,401858204,Wake Forest,Akron,Bovada,-24.0,-22.5,48.5,49.5,-3500.0,1100.0,,,
2026-08-29T13:35:36.498311-04:00,cfbd,401858207,Pittsburgh,Miami (OH),Bovada,-16.0,-16.5,49.5,50.5,-800.0,525.0,,,
2026-08-29T13:35:36.498311-04:00,cfbd,401858207,Pittsburgh,Miami (OH),DraftKings,-16.5,-16.5,49.5,,-850.0,575.0,,,
2026-08-29T13:35:36.498311-04:00,cfbd,401858429,Michigan State,Toledo,DraftKings,-10.0,-10.5,49.5,,-395.0,310.0,,,
2026-08-29T13:35:36.498311-04:00,cfbd,401858429,Michigan State,Toledo,Bovada,-10.0,-10.5,49.5,49.5,-410.0,305.0,,,
2026-08-29T13:35:36.498311-04:00,cfbd,401862695,Memphis,Arkansas State,Bovada,-8.5,-10.5,55.5,55.5,-440.0,330.0,,,
2026-08-29T13:35:36.498311-04:00,cfbd,401862695,Memphis,Arkansas State,DraftKings,-8.5,-10.5,55.5,,-310.0,250.0,,,
2026-08-29T13:35:36.498311-04:00,cfbd,401856660,LSU,Clemson,Bovada,-10.5,-11.5,51.0,51.5,-480.0,350.0,,,
2026-08-29T13:35:36.498311-04:00,cfbd,401856660,LSU,Clemson,DraftKings,-10.5,,51.5,,-380.0,300.0,,,
2026-08-29T13:35:36.498311-04:00,cfbd,401858432,Ohio State,Ball State,Bovada,-51.0,-50.5,56.5,56.5,,,,,
2026-08-29T13:35:36.498311-04:00,cfbd,401858432,Ohio State,Ball State,DraftKings,-50.5,-49.5,56.5,,,,,,
2026-08-29T13:35:36.498311-04:00,cfbd,401856668,Texas A&M,Missouri State,Bovada,-40.5,-38.5,52.5,52.5,,,,,
2026-08-29T13:35:36.498311-04:00,cfbd,401856668,Texas A&M,Missouri State,DraftKings,-41.5,-38.5,52.5,,,,,,
2026-08-29T13:35:36.498311-04:00,cfbd,401856664,Oklahoma,UTEP,Bovada,-40.5,-40.5,50.5,50.5,,,,,
2026-08-29T13:35:36.498311-04:00,cfbd,401856664,Oklahoma,UTEP,DraftKings,-41.5,-40.5,50.5,,,,,,
2026-08-29T18:08:10.789659-04:00,cfbd,401856779,Iowa State,Southeast Missouri State,DraftKings,-29.5,-29.5,53.5,53.5,-20000.0,3500.0,,,
2026-08-29T18:08:10.789659-04:00,cfbd,401856658,Georgia,Tennessee State,DraftKings,-47.5,-46.5,55.5,56.5,,,,,
2026-08-29T18:08:10.789659-04:00,cfbd,401866410,Bowling Green,Tarleton State,DraftKings,-2.5,-2.5,47.5,47.5,-135.0,114.0,,,
2026-08-29T18:08:10.789659-04:00,cfbd,401869960,James Madison,Liberty,DraftKings,-6.5,-6.0,52.5,,-245.0,200.0,,,
2026-08-29T18:08:10.789659-04:00,cfbd,401869960,James Madison,Liberty,Bovada,-6.5,-6.0,53.0,50.5,-250.0,210.0,,,
2026-08-29T18:08:10.789659-04:00,cfbd,401856666,Tennessee,Furman,DraftKings,-46.5,-46.5,66.5,66.5,,,,,
2026-08-29T18:08:10.789659-04:00,cfbd,401856777,Cincinnati,Boston College,DraftKings,-7.5,-9.5,51.5,,-310.0,250.0,,,
2026-08-29T18:08:10.789659-04:00,cfbd,401856777,Cincinnati,Boston College,Bovada,-7.5,-9.5,52.0,54.5,-270.0,220.0,,,
2026-08-29T18:08:10.789659-04:00,cfbd,401856635,Arkansas,North Alabama,DraftKings,-40.5,-40.5,63.5,63.5,,,,,
2026-08-29T18:08:10.789659-04:00,cfbd,401856767,UCF,Bethune-Cookman,DraftKings,-42.5,-41.5,59.5,,,,,,
2026-08-29T18:08:10.789659-04:00,cfbd,401858208,Syracuse,New Hampshire,DraftKings,-32.5,-32.5,55.5,55.5,-100000.0,5000.0,,,
2026-08-29T18:08:10.789659-04:00,cfbd,401862701,Army,Bryant,DraftKings,-36.5,-36.5,51.5,,,,,,
2026-08-29T18:08:10.789659-04:00,cfbd,401861962,UConn,Lafayette,DraftKings,-19.5,-19.5,58.5,58.5,-1100.0,700.0,,,
2026-08-29T18:08:10.789659-04:00,cfbd,401864496,Air Force,Duquesne,DraftKings,-30.5,-30.5,58.5,58.5,-100000.0,5000.0,,,
2026-08-29T18:08:10.789659-04:00,cfbd,401856659,Kentucky,Youngstown State,DraftKings,-23.5,-23.5,62.5,62.5,-4000.0,1600.0,,,
2026-08-29T18:08:10.789659-04:00,cfbd,401862698,Temple,Rhode Island,DraftKings,-10.5,-10.0,51.5,51.5,-550.0,410.0,,,
2026-08-29T18:08:10.789659-04:00,cfbd,401864425,Kennesaw State,West Georgia,DraftKings,-22.5,-22.5,51.5,51.5,-3600.0,1500.0,,,
2026-08-29T18:08:10.789659-04:00,cfbd,401856663,Missouri,Arkansas-Pine Bluff,DraftKings,-54.5,-54.5,60.5,60.5,,,,,
2026-08-29T18:08:10.789659-04:00,cfbd,401856769,Kansas,Long Island University,DraftKings,-38.5,-38.5,53.5,53.5,,,,,
2026-08-29T18:08:10.789659-04:00,cfbd,401864424,Delaware,Merrimack,DraftKings,-28.5,-28.5,55.5,55.5,-20000.0,3500.0,,,
2026-08-29T18:08:10.789659-04:00,cfbd,401858435,Purdue,Indiana State,DraftKings,-35.5,-34.5,56.5,56.5,,,,,
2026-08-29T18:08:10.789659-04:00,cfbd,401862696,Navy,Towson,DraftKings,-30.5,-30.5,53.5,53.5,-20000.0,3500.0,,,
2026-08-29T18:08:10.789659-04:00,cfbd,401862694,Charlotte,The Citadel,DraftKings,-15.5,-15.5,46.5,46.5,-1100.0,700.0,,,
2026-08-29T18:08:10.789659-04:00,cfbd,401858422,Minnesota,Eastern Illinois,DraftKings,-43.5,-43.5,51.5,,,,,,
2026-08-29T18:08:10.789659-04:00,cfbd,401866623,Georgia State,North Carolina A&T,DraftKings,-28.5,-28.5,63.5,63.5,-4500.0,1700.0,,,
2026-08-29T18:08:10.789659-04:00,cfbd,401866409,Buffalo,UAlbany,DraftKings,-24.5,-24.5,48.5,48.5,-5000.0,1800.0,,,
2026-08-29T18:08:10.789659-04:00,cfbd,401862700,UTSA,UT Rio Grande Valley,DraftKings,-28.5,-28.5,59.5,59.5,-9000.0,2500.0,,,
2026-08-29T18:08:10.789659-04:00,cfbd,401864499,North Dakota State,Fordham,DraftKings,-39.5,-39.5,57.5,57.5,,,,,
2026-08-29T18:08:10.789659-04:00,cfbd,401866627,App State,Maine,DraftKings,-18.5,-17.5,53.5,53.5,-800.0,550.0,,,
2026-08-29T18:08:10.789659-04:00,cfbd,401868356,Southern Miss,Alcorn State,DraftKings,-21.0,-21.0,50.5,50.5,-2800.0,1300.0,,,
2026-08-29T18:08:10.789659-04:00,cfbd,401867973,Old Dominion,Norfolk State,DraftKings,-41.5,-41.5,55.5,55.5,,,,,
2026-08-29T18:08:10.789659-04:00,cfbd,401856770,Texas Tech,Abilene Christian,DraftKings,-42.5,-42.5,59.5,59.5,,,,,
2026-08-29T18:08:10.789659-04:00,cfbd,401856771,Kansas State,Nicholls,DraftKings,-40.5,-40.5,55.5,55.5,,,,,
2026-08-29T18:08:10.789659-04:00,cfbd,401858211,Virginia Tech,VMI,DraftKings,-50.5,-50.5,57.5,57.5,,,,,
2026-08-29T18:08:10.789659-04:00,cfbd,401869129,Louisiana Tech,Northwestern State,DraftKings,-41.5,-41.5,52.5,52.5,,,,,
2026-08-29T18:08:10.789659-04:00,cfbd,401856775,BYU,Utah Tech,DraftKings,-47.5,-47.5,54.5,54.5,,,,,
2026-08-29T18:08:10.789659-04:00,cfbd,401858427,Maryland,Hampton,DraftKings,-45.5,-45.5,56.5,56.5,,,,,
2026-08-29T18:08:10.789659-04:00,cfbd,401856773,Arizona,Northern Arizona,DraftKings,-31.5,-31.5,56.5,56.5,-10000.0,3000.0,,,
2026-08-29T18:08:10.789659-04:00,cfbd,401856774,Arizona State,Morgan State,DraftKings,-41.5,-41.5,52.5,52.5,,,,,
2026-08-29T18:08:10.789659-04:00,cfbd,401866411,Sacramento State,Mississippi Valley State,DraftKings,-35.5,-35.5,56.5,56.5,,,,,
2026-08-29T18:08:10.789659-04:00,cfbd,401860879,San Diego State,Portland State,DraftKings,-40.5,-38.5,57.5,57.5,,,,,
2026-08-29T18:08:10.789659-04:00,cfbd,401869142,Louisiana,Lamar,DraftKings,-20.5,-18.5,48.5,48.5,-1000.0,650.0,,,
2026-08-29T18:08:10.789659-04:00,cfbd,401856669,Vanderbilt,Austin Peay,DraftKings,-30.5,-30.5,61.5,61.5,-100000.0,5000.0,,,
2026-08-29T18:08:10.789659-04:00,cfbd,401868316,South Alabama,SE Louisiana,DraftKings,-12.5,-12.5,52.5,52.5,-600.0,440.0,,,
2026-08-29T18:08:10.789659-04:00,cfbd,401867866,Middle Tennessee,Murray State,DraftKings,-20.5,-20.5,59.5,59.5,-1650.0,950.0,,,
2026-08-29T18:08:10.789659-04:00,cfbd,401868140,Jacksonville State,Eastern Kentucky,DraftKings,-19.5,-19.5,52.5,52.5,-2100.0,1100.0,,,
2026-08-29T18:08:10.789659-04:00,cfbd,401868170,Georgia Southern,Charleston Southern,DraftKings,-25.5,-25.5,51.5,51.5,-4500.0,1700.0,,,
2026-08-29T18:08:10.789659-04:00,cfbd,401862697,Rice,Houston Christian,DraftKings,-24.5,-24.5,47.5,47.5,-1800.0,1000.0,,,
2026-08-29T18:08:10.789659-04:00,cfbd,401858431,Northwestern,South Dakota State,DraftKings,-12.5,-12.5,46.5,46.5,-700.0,500.0,,,
2026-08-29T18:08:10.789659-04:00,cfbd,401860880,Utah State,Idaho State,DraftKings,-12.5,-11.5,63.5,64.5,-550.0,410.0,,,
2026-08-29T18:08:10.789659-04:00,cfbd,401870790,New Mexico State,Mercyhurst,DraftKings,-24.5,-24.5,50.5,50.5,-4500.0,1700.0,,,
2026-08-29T18:08:10.789659-04:00,cfbd,401858423,Rutgers,Massachusetts,Bovada,-29.0,-30.5,53.0,54.5,,,,,
2026-08-29T18:08:10.789659-04:00,cfbd,401858423,Rutgers,Massachusetts,DraftKings,-29.5,-30.5,52.5,,-9000.0,2500.0,,,
2026-08-29T18:08:10.789659-04:00,cfbd,401856768,Utah,Idaho,DraftKings,-33.5,-32.5,56.5,56.5,-20000.0,3500.0,,,
2026-08-29T18:08:10.789659-04:00,cfbd,401867894,Youngstown State,Mercyhurst,Draft Kings,-30.5,,57.5,,,,,,
2026-08-29T18:08:10.789659-04:00,cfbd,401868129,Northern Colorado,Weber State,DraftKings,-3.0,-3.5,50.5,49.5,-161.0,129.0,,,
2026-08-29T18:08:10.789659-04:00,cfbd,401868129,Northern Colorado,Weber State,Draft Kings,-3.0,,50.5,,,,,,
2026-08-29T18:08:10.789659-04:00,cfbd,401866617,Merrimack,Rhode Island,DraftKings,20.5,20.5,47.5,53.5,890.0,-1960.0,,,
2026-08-29T18:08:10.789659-04:00,cfbd,401866617,Merrimack,Rhode Island,Draft Kings,21.0,,47.5,,,,,,
2026-08-29T18:08:10.789659-04:00,cfbd,401868324,Alabama State,Southern,DraftKings,-19.5,-19.5,56.5,56.5,-1760.0,830.0,,,
2026-08-29T18:08:10.789659-04:00,cfbd,401866616,UAlbany,New Hampshire,DraftKings,10.0,11.5,46.5,45.5,268.0,-357.0,,,
2026-08-29T18:08:10.789659-04:00,cfbd,401866616,UAlbany,New Hampshire,Draft Kings,10.0,,46.5,,,,,,
2026-08-29T18:08:10.789659-04:00,cfbd,401868040,Villanova,William & Mary,DraftKings,-12.5,-11.5,47.5,50.5,-700.0,462.0,,,
2026-08-29T18:08:10.789659-04:00,cfbd,401868040,Villanova,William & Mary,Draft Kings,-12.5,,47.5,,,,,,
2026-08-29T18:08:10.789659-04:00,cfbd,401867882,South Dakota,Central Connecticut,DraftKings,-21.5,-22.5,49.5,53.5,-3900.0,1180.0,,,
2026-08-29T18:08:10.789659-04:00,cfbd,401867882,South Dakota,Central Connecticut,Draft Kings,-20.5,,49.5,,,,,,
2026-08-29T18:08:10.789659-04:00,cfbd,401867916,Wagner,Robert Morris,DraftKings,-5.5,-5.5,40.5,39.5,-223.0,176.0,,,
2026-08-29T18:08:10.789659-04:00,cfbd,401867916,Wagner,Robert Morris,Draft Kings,-5.5,,40.5,,,,,,
2026-08-29T18:08:10.789659-04:00,cfbd,401858212,Florida State,SMU,DraftKings,2.5,,52.5,,124.0,-148.0,,,
2026-08-29T18:08:10.789659-04:00,cfbd,401858212,Florida State,SMU,Bovada,2.0,2.5,53.0,52.5,120.0,-140.0,,,
2026-08-29T18:08:10.789659-04:00,cfbd,401858436,USC,Fresno State,DraftKings,-23.5,-23.5,51.5,,-3200.0,1400.0,,,
2026-08-29T18:08:10.789659-04:00,cfbd,401858436,USC,Fresno State,Bovada,-23.5,-23.0,51.5,51.5,-3500.0,-100000.0,,,
2026-08-29T18:08:10.789659-04:00,cfbd,401858201,Stanford,Hawai'i,DraftKings,-4.5,-3.0,48.5,,-198.0,164.0,,,
2026-08-29T18:08:10.789659-04:00,cfbd,401858201,Stanford,Hawai'i,Bovada,-4.5,-3.0,48.5,50.5,-170.0,145.0,,,
2026-08-29T18:08:10.789659-04:00,cfbd,401858437,Washington,Washington State,DraftKings,-23.5,-21.5,50.5,,-2800.0,1300.0,,,
2026-08-29T18:08:10.789659-04:00,cfbd,401858437,Washington,Washington State,Bovada,-23.5,-21.5,51.0,50.5,-2200.0,1000.0,,,
2026-08-29T18:08:10.789659-04:00,cfbd,401858206,Stanford,Miami,DraftKings,24.5,21.5,48.5,,1600.0,-4000.0,,,
2026-08-29T18:08:10.789659-04:00,cfbd,401858206,Stanford,Miami,Bovada,24.5,21.5,47.5,48.5,-100000.0,-2500.0,,,
2026-08-29T18:08:10.789659-04:00,cfbd,401866620,East Tennessee State,Campbell,DraftKings,-7.0,-7.0,56.5,55.5,-267.0,207.0,,,
2026-08-29T18:08:10.789659-04:00,cfbd,401868101,Idaho State,VMI,DraftKings,-34.5,-34.5,53.5,60.5,,,,,
2026-08-29T18:08:10.789659-04:00,cfbd,401866621,Tennessee Tech,Monmouth,DraftKings,-8.5,-8.5,58.5,58.5,-340.0,257.0,,,
2026-08-29T18:08:10.789659-04:00,cfbd,401858425,Indiana,North Texas,DraftKings,-40.5,-40.5,55.5,,,,,,
2026-08-29T18:08:10.789659-04:00,cfbd,401858425,Indiana,North Texas,Bovada,-41.0,-40.5,55.5,55.5,,,,,
2026-08-29T18:08:10.789659-04:00,cfbd,401856776,Georgia Tech,Colorado,DraftKings,-6.5,-7.0,50.5,,-238.0,195.0,,,
2026-08-29T18:08:10.789659-04:00,cfbd,401856776,Georgia Tech,Colorado,Bovada,-6.5,-7.0,51.0,51.5,-290.0,240.0,,,
2026-08-29T18:08:10.789659-04:00,cfbd,401866619,Stonehill,Bryant,DraftKings,4.5,4.5,45.5,44.5,153.0,-192.0,,,
2026-08-29T18:08:10.789659-04:00,cfbd,401868394,Wofford,The Citadel,DraftKings,-7.5,-8.5,45.5,45.5,-415.0,305.0,,,
2026-08-29T18:08:10.789659-04:00,cfbd,401858209,Duke,Tulane,DraftKings,-9.5,-8.5,50.5,,-380.0,300.0,,,
2026-08-29T18:08:10.789659-04:00,cfbd,401858209,Duke,Tulane,Bovada,-8.5,-8.5,51.0,53.5,-480.0,350.0,,,
2026-08-29T18:08:10.789659-04:00,cfbd,401856667,Texas,Texas State,DraftKings,-30.5,-30.5,59.5,,-10000.0,3000.0,,,
2026-08-29T18:08:10.789659-04:00,cfbd,401856667,Texas,Texas State,Bovada,-30.5,-30.5,60.0,59.5,-10000.0,-100000.0,,,
2026-08-29T18:08:10.789659-04:00,cfbd,401868084,Northern Arizona,Eastern Washington,DraftKings,-5.5,-3.0,55.5,56.5,-242.0,189.0,,,
2026-08-29T18:08:10.789659-04:00,cfbd,401868022,Holy Cross,Lehigh,DraftKings,14.0,14.0,47.5,47.5,509.0,-800.0,,,
2026-08-29T18:08:10.789659-04:00,cfbd,401867855,Indiana State,Southeast Missouri State,DraftKings,-2.5,-2.5,52.5,52.5,-143.0,115.0,,,
2026-08-29T18:08:10.789659-04:00,cfbd,401866618,North Carolina A&T,Morgan State,DraftKings,7.0,8.5,49.5,50.5,210.0,-270.0,,,
2026-08-29T18:08:10.789659-04:00,cfbd,401858202,Virginia,NC State,Bovada,-4.0,-3.5,50.5,54.5,-145.0,125.0,,,
2026-08-29T18:08:10.789659-04:00,cfbd,401858202,Virginia,NC State,DraftKings,-4.0,,50.5,,-185.0,154.0,,,
2026-08-29T18:08:10.789659-04:00,cfbd,401862693,UNLV,Memphis,DraftKings,-4.0,-3.0,55.5,,-198.0,164.0,,,
2026-08-29T18:08:10.789659-04:00,cfbd,401862693,UNLV,Memphis,Bovada,-4.0,-3.0,56.0,60.5,-170.0,145.0,,,
2026-08-29T18:08:10.789659-04:00,cfbd,401867977,Texas Southern,North Carolina Central,DraftKings,10.5,11.5,51.5,51.5,328.0,-453.0,,,
2026-08-29T18:08:10.789659-04:00,cfbd,401856772,Tulsa,Oklahoma State,DraftKings,14.0,11.5,60.5,,440.0,-600.0,,,
2026-08-29T18:08:10.789659-04:00,cfbd,401856772,Tulsa,Oklahoma State,Bovada,13.5,11.5,60.0,61.5,390.0,-550.0,,,
2026-08-29T18:08:10.789659-04:00,cfbd,401867988,Richmond,Bucknell,DraftKings,-12.5,-10.5,48.5,49.5,-620.0,420.0,,,
2026-08-29T18:08:10.789659-04:00,cfbd,401868049,Lamar,Abilene Christian,DraftKings,7.5,7.5,49.5,49.5,232.0,-303.0,,,
2026-08-29T18:08:10.789659-04:00,cfbd,401867935,Howard,Alabama A&M,DraftKings,-1.5,-2.5,46.5,46.5,-124.0,100.0,,,
2026-08-29T18:08:10.789659-04:00,cfbd,401868110,Montana,Southern Utah,DraftKings,-15.5,-16.5,59.5,58.5,-1080.0,620.0,,,
2026-08-29T18:08:10.789659-04:00,cfbd,401868235,Tarleton State,Prairie View A&M,DraftKings,-19.5,-21.5,54.5,54.5,-1540.0,770.0,,,
2026-08-29T18:08:10.789659-04:00,cfbd,401874042,Mercer,East Texas A&M,DraftKings,-22.5,-23.5,57.5,60.5,-3200.0,1100.0,,,
2026-08-29T18:08:10.789659-04:00,cfbd,401868139,Western Carolina,Eastern Kentucky,DraftKings,-3.0,-4.5,54.5,50.5,-152.0,122.0,,,
2026-08-29T18:08:10.789659-04:00,cfbd,401872615,South Dakota State,Stetson,DraftKings,-50.5,-47.5,58.5,56.5,,,,,
2026-08-29T18:08:10.789659-04:00,cfbd,401868149,North Alabama,Samford,DraftKings,-7.0,-7.5,55.5,55.5,-313.0,239.0,,,
2026-08-29T18:08:10.789659-04:00,cfbd,401868305,McNeese,Stephen F. Austin,DraftKings,12.5,13.5,49.5,49.5,328.0,-453.0,,,
2026-08-29T18:08:10.789659-04:00,cfbd,401868118,Utah Tech,Montana State,DraftKings,32.5,31.5,57.5,56.5,,,,,
2026-08-29T18:08:10.789659-04:00,cfbd,401868240,West Georgia,Chattanooga,Draft Kings,3.5,,50.5,,,,,,
2026-08-29T18:08:10.789659-04:00,cfbd,401866532,Towson,Maine,Draft Kings,-2.5,,46.5,,,,,,
2026-08-29T18:08:10.789659-04:00,cfbd,401866615,Delaware State,Stony Brook,Draft Kings,4.5,,50.5,,,,,,
2026-08-29T18:08:10.789659-04:00,cfbd,401868315,SE Louisiana,Houston Christian,Draft Kings,-24.5,,51.5,,,,,,
2026-08-29T18:08:10.789659-04:00,cfbd,401867865,Murray State,Eastern Illinois,Draft Kings,-4.5,,49.5,,,,,,
2026-08-29T18:08:10.789659-04:00,cfbd,401868169,Lindenwood,Charleston Southern,Draft Kings,-7.5,,45.5,,,,,,
2026-08-29T18:08:10.789659-04:00,cfbd,401868962,Nicholls,Mississippi Valley State,Draft Kings,-28.5,,51.5,,,,,,
2026-08-29T18:08:10.789659-04:00,cfbd,401874035,West Florida,Southern Illinois,Draft Kings,19.5,,55.5,,,,,,
2026-08-29T18:08:10.789659-04:00,cfbd,401868060,Austin Peay,Gardner-Webb,Draft Kings,-14.5,,59.5,,,,,,
2026-08-29T18:08:10.789659-04:00,cfbd,401868070,UT Martin,Central Arkansas,Draft Kings,-3.0,,50.5,,,,,,
2026-08-29T18:08:10.789659-04:00,cfbd,401867874,North Dakota,Long Island University,Draft Kings,-27.5,,44.5,,,,,,
2026-08-29T18:08:10.789659-04:00,cfbd,401868154,Portland State,UC Davis,DraftKings,25.5,24.5,60.5,62.5,1300.0,-5400.0,,,
2026-08-29T18:08:10.789659-04:00,cfbd,401868194,Tennessee State,Jackson State,DraftKings,12.5,15.5,49.5,49.5,435.0,-650.0,,,
2026-08-29T18:08:10.789659-04:00,cfbd,401856766,TCU,North Carolina,Draft Kings,-7.5,,46.5,,,,,,
2026-08-29T18:08:10.789659-04:00,cfbd,401856766,TCU,North Carolina,DraftKings,-7.5,,46.5,,-310.0,250.0,,,
2026-08-29T18:08:10.789659-04:00,cfbd,401856766,TCU,North Carolina,Bovada,-7.5,-7.5,46.0,50.5,-235.0,195.0,,,
2026-08-29T18:08:10.789659-04:00,cfbd,401868261,New Haven,Marist,DraftKings,-2.5,1.5,46.5,44.5,-145.0,116.0,,,
2026-08-29T18:08:10.789659-04:00,cfbd,401868261,New Haven,Marist,Draft Kings,-2.5,,46.5,,,,,,
2026-08-29T18:08:10.789659-04:00,cfbd,401868007,Fordham,Colgate,DraftKings,8.5,10.0,55.5,50.5,242.0,-318.0,,,
2026-08-29T18:08:10.789659-04:00,cfbd,401868007,Fordham,Colgate,Draft Kings,8.5,,55.5,,,,,,
2026-08-29T18:08:10.789659-04:00,cfbd,401868073,Cal Poly,Idaho,DraftKings,5.5,3.5,53.5,55.5,172.0,-219.0,,,
2026-08-29T18:08:10.789659-04:00,cfbd,401868073,Cal Poly,Idaho,Draft Kings,5.5,,53.5,,,,,,
2026-08-29T18:08:10.789659-04:00,cfbd,401858428,Michigan,Western Michigan,Bovada,-27.5,-26.5,47.5,47.5,-100000.0,2200.0,,,
2026-08-29T18:08:10.789659-04:00,cfbd,401858428,Michigan,Western Michigan,DraftKings,-27.5,-26.5,47.5,,-6500.0,2000.0,,,
2026-08-29T18:08:10.789659-04:00,cfbd,401858424,Illinois,UAB,Bovada,-28.5,-27.5,57.0,56.5,-100000.0,2000.0,,,
2026-08-29T18:08:10.789659-04:00,cfbd,401858424,Illinois,UAB,DraftKings,-28.5,-27.5,55.5,,-10000.0,3000.0,,,
2026-08-29T18:08:10.789659-04:00,cfbd,401856634,Alabama,East Carolina,DraftKings,-28.5,-25.5,53.5,,-10000.0,3000.0,,,
2026-08-29T18:08:10.789659-04:00,cfbd,401856634,Alabama,East Carolina,Bovada,-28.5,-25.5,54.0,53.5,-10000.0,1600.0,,,
2026-08-29T18:08:10.789659-04:00,cfbd,401856662,Mississippi State,UL Monroe,Bovada,-28.5,-28.5,55.5,55.5,-100000.0,2000.0,,,
2026-08-29T18:08:10.789659-04:00,cfbd,401856662,Mississippi State,UL Monroe,DraftKings,-28.5,-28.5,56.5,,-6500.0,2000.0,,,
2026-08-29T18:08:10.789659-04:00,cfbd,401864498,New Mexico,Central Michigan,Bovada,-10.0,-12.5,47.0,49.0,-575.0,400.0,,,
2026-08-29T18:08:10.789659-04:00,cfbd,401864498,New Mexico,Central Michigan,DraftKings,-10.5,-12.5,46.5,,-410.0,320.0,,,
2026-08-29T18:08:10.789659-04:00,cfbd,401858433,Oregon,Boise State,DraftKings,-24.5,-24.5,51.5,,-4500.0,1700.0,,,
2026-08-29T18:08:10.789659-04:00,cfbd,401858433,Oregon,Boise State,Bovada,-24.5,-24.5,52.0,53.5,-10000.0,1600.0,,,
2026-08-29T18:08:10.789659-04:00,cfbd,401858430,Nebraska,Ohio,DraftKings,-23.5,-23.5,47.5,,-1800.0,1000.0,,,
2026-08-29T18:08:10.789659-04:00,cfbd,401858430,Nebraska,Ohio,Bovada,-24.0,-23.5,47.5,47.5,-4000.0,1200.0,,,
2026-08-29T18:08:10.789659-04:00,cfbd,401864432,Nevada,Western Kentucky,Bovada,2.5,4.0,53.0,53.5,120.0,-140.0,,,
2026-08-29T18:08:10.789659-04:00,cfbd,401864432,Nevada,Western Kentucky,DraftKings,2.5,4.5,52.5,,110.0,-130.0,,,
2026-08-29T18:08:10.789659-04:00,cfbd,401856636,Auburn,Baylor,DraftKings,-7.0,-6.5,59.5,,-298.0,240.0,,,
2026-08-29T18:08:10.789659-04:00,cfbd,401856636,Auburn,Baylor,Bovada,-7.0,-7.5,59.0,58.5,-270.0,220.0,,,
2026-08-29T18:08:10.789659-04:00,cfbd,401856661,Ole Miss,Louisville,Bovada,-6.5,-8.5,55.5,52.5,-270.0,220.0,,,
2026-08-29T18:08:10.789659-04:00,cfbd,401856661,Ole Miss,Louisville,DraftKings,-6.5,,55.5,,-258.0,210.0,,,
2026-08-29T18:08:10.789659-04:00,cfbd,401866408,Eastern Michigan,Sacramento State,DraftKings,-8.5,-8.5,52.5,,-355.0,280.0,,,
2026-08-29T18:08:10.789659-04:00,cfbd,401866408,Eastern Michigan,Sacramento State,Bovada,-9.0,-8.5,53.0,52.5,-330.0,265.0,,,
2026-08-29T18:08:10.789659-04:00,cfbd,401858434,Penn State,Marshall,Bovada,-24.5,-23.5,54.5,54.5,-3300.0,1100.0,,,
2026-08-29T18:08:10.789659-04:00,cfbd,401858434,Penn State,Marshall,DraftKings,-24.5,-23.5,54.5,,-4000.0,1600.0,,,
2026-08-29T18:08:10.789659-04:00,cfbd,401864497,Hawai'i,UNLV,Bovada,3.0,1.5,58.5,58.5,105.0,-125.0,,,
2026-08-29T18:08:10.789659-04:00,cfbd,401864497,Hawai'i,UNLV,DraftKings,3.0,1.5,58.5,,130.0,-155.0,,,
2026-08-29T18:08:10.789659-04:00,cfbd,401864494,USC,San José State,DraftKings,-37.5,-35.5,61.5,,-100000.0,5000.0,,,
2026-08-29T18:08:10.789659-04:00,cfbd,401864494,USC,San José State,Bovada,-37.0,-35.5,60.5,57.5,-100000.0,3500.0,,,
2026-08-29T18:08:10.789659-04:00,cfbd,401858438,Notre Dame,Wisconsin,Bovada,-20.5,-16.5,47.5,46.5,-2500.0,1000.0,,,
2026-08-29T18:08:10.789659-04:00,cfbd,401858438,Notre Dame,Wisconsin,DraftKings,-20.5,,47.5,47.5,-1800.0,1000.0,,,
2026-08-29T18:08:10.789659-04:00,cfbd,401864570,Florida State,New Mexico State,DraftKings,-30.5,-28.5,53.5,,-6500.0,2000.0,,,
2026-08-29T18:08:10.789659-04:00,cfbd,401864570,Florida State,New Mexico State,Bovada,-31.0,-29.5,53.5,53.5,-100000.0,2800.0,,,
2026-08-29T18:08:10.789659-04:00,cfbd,401860878,Colorado State,Wyoming,DraftKings,-3.5,-4.0,47.5,,-170.0,142.0,,,
2026-08-29T18:08:10.789659-04:00,cfbd,401860878,Colorado State,Wyoming,Bovada,-3.5,-4.0,47.5,47.5,-180.0,155.0,,,
2026-08-29T18:08:10.789659-04:00,cfbd,401862699,South Florida,Florida International,Bovada,-13.0,-12.5,54.0,54.5,-460.0,340.0,,,
2026-08-29T18:08:10.789659-04:00,cfbd,401862699,South Florida,Florida International,DraftKings,-13.5,-12.5,53.5,,-575.0,425.0,,,
2026-08-29T18:08:10.789659-04:00,cfbd,401856665,South Carolina,Kent State,Bovada,-36.5,-34.5,53.0,52.5,-100000.0,-100000.0,,,
2026-08-29T18:08:10.789659-04:00,cfbd,401856665,South Carolina,Kent State,DraftKings,-36.5,-33.5,53.5,,-100000.0,5000.0,,,
2026-08-29T18:08:10.789659-04:00,cfbd,401856637,Florida,Florida Atlantic,Bovada,-26.5,-25.5,59.5,56.5,-7000.0,1300.0,,,
2026-08-29T18:08:10.789659-04:00,cfbd,401856637,Florida,Florida Atlantic,DraftKings,-27.5,-25.5,59.5,,-5000.0,1800.0,,,
2026-08-29T18:08:10.789659-04:00,cfbd,401858210,California,UCLA,Bovada,2.0,-3.5,54.0,53.5,-115.0,-105.0,,,
2026-08-29T18:08:10.789659-04:00,cfbd,401858210,California,UCLA,DraftKings,1.5,-1.5,53.5,,100.0,-120.0,,,
2026-08-29T18:08:10.789659-04:00,cfbd,401870763,Troy,Sam Houston,Bovada,-17.0,-17.0,53.0,50.5,-1300.0,725.0,,,
2026-08-29T18:08:10.789659-04:00,cfbd,401870763,Troy,Sam Houston,DraftKings,-16.5,-17.5,53.5,,-1000.0,650.0,,,
2026-08-29T18:08:10.789659-04:00,cfbd,401858426,Iowa,Northern Illinois,Bovada,-32.0,-29.5,45.5,43.5,-100000.0,2500.0,,,
2026-08-29T18:08:10.789659-04:00,cfbd,401858426,Iowa,Northern Illinois,DraftKings,-31.5,-29.5,45.5,,-100000.0,5000.0,,,
2026-08-29T18:08:10.789659-04:00,cfbd,401864577,North Dakota State,Jacksonville State,Bovada,-7.0,-10.0,46.5,48.5,-330.0,265.0,,,
2026-08-29T18:08:10.789659-04:00,cfbd,401864577,North Dakota State,Jacksonville State,DraftKings,-6.5,-10.0,46.5,,-265.0,215.0,,,
2026-08-29T18:08:10.789659-04:00,cfbd,401856778,Houston,Oregon State,Bovada,-21.0,-18.5,51.5,51.5,-1300.0,725.0,,,
2026-08-29T18:08:10.789659-04:00,cfbd,401856778,Houston,Oregon State,DraftKings,-20.5,-18.5,51.5,,-1800.0,1000.0,,,
2026-08-29T18:08:10.789659-04:00,cfbd,401864495,Eastern Michigan,San José State,DraftKings,-4.5,-3.5,53.5,,-218.0,180.0,,,
2026-08-29T18:08:10.789659-04:00,cfbd,401864495,Eastern Michigan,San José State,Bovada,-4.5,-3.5,53.5,53.5,-160.0,135.0,,,
2026-08-29T18:08:10.789659-04:00,cfbd,401858204,Wake Forest,Akron,DraftKings,-24.5,-22.5,48.5,,-3600.0,1500.0,,,
2026-08-29T18:08:10.789659-04:00,cfbd,401858204,Wake Forest,Akron,Bovada,-24.0,-22.5,48.5,49.5,-3500.0,1100.0,,,
2026-08-29T18:08:10.789659-04:00,cfbd,401856780,West Virginia,Coastal Carolina,Bovada,-21.5,-17.5,56.0,57.5,-1725.0,-100000.0,,,
2026-08-29T18:08:10.789659-04:00,cfbd,401856780,West Virginia,Coastal Carolina,DraftKings,-21.5,-17.5,56.5,,-1650.0,950.0,,,
2026-08-29T18:08:10.789659-04:00,cfbd,401858207,Pittsburgh,Miami (OH),Bovada,-16.0,-16.5,49.5,50.5,-800.0,525.0,,,
2026-08-29T18:08:10.789659-04:00,cfbd,401858207,Pittsburgh,Miami (OH),DraftKings,-16.5,-16.5,49.5,,-850.0,575.0,,,
2026-08-29T18:08:10.789659-04:00,cfbd,401858429,Michigan State,Toledo,DraftKings,-10.0,-10.5,49.5,,-395.0,310.0,,,
2026-08-29T18:08:10.789659-04:00,cfbd,401858429,Michigan State,Toledo,Bovada,-10.0,-10.5,49.5,49.5,-410.0,305.0,,,
2026-08-29T18:08:10.789659-04:00,cfbd,401862695,Memphis,Arkansas State,Bovada,-8.5,-10.5,55.5,55.5,-440.0,330.0,,,
2026-08-29T18:08:10.789659-04:00,cfbd,401862695,Memphis,Arkansas State,DraftKings,-8.5,-10.5,55.5,,-310.0,250.0,,,
2026-08-29T18:08:10.789659-04:00,cfbd,401856660,LSU,Clemson,Bovada,-10.5,-11.5,51.0,51.5,-480.0,350.0,,,
2026-08-29T18:08:10.789659-04:00,cfbd,401856660,LSU,Clemson,DraftKings,-10.5,,51.5,,-380.0,300.0,,,
2026-08-29T18:08:10.789659-04:00,cfbd,401858432,Ohio State,Ball State,Bovada,-51.0,-50.5,56.5,56.5,,,,,
2026-08-29T18:08:10.789659-04:00,cfbd,401858432,Ohio State,Ball State,DraftKings,-50.5,-49.5,56.5,,,,,,
2026-08-29T18:08:10.789659-04:00,cfbd,401856668,Texas A&M,Missouri State,Bovada,-40.5,-38.5,52.5,52.5,,,,,
2026-08-29T18:08:10.789659-04:00,cfbd,401856668,Texas A&M,Missouri State,DraftKings,-41.5,-38.5,52.5,,,,,,
2026-08-29T18:08:10.789659-04:00,cfbd,401856664,Oklahoma,UTEP,Bovada,-40.5,-40.5,50.5,50.5,,,,,
2026-08-29T18:08:10.789659-04:00,cfbd,401856664,Oklahoma,UTEP,DraftKings,-41.5,-40.5,50.5,,,,,,
2026-09-02T18:20:05.228788-04:00,cfbd,401858423,Rutgers,Massachusetts,Bovada,-29.0,-30.5,52.5,54.5,,,,,
2026-09-02T18:20:05.228788-04:00,cfbd,401858423,Rutgers,Massachusetts,DraftKings,-29.5,-30.5,51.5,,-6500.0,2000.0,,,
2026-09-02T19:22:37.961988-04:00,cfbd,401856767,UCF,Bethune-Cookman,DraftKings,-42.5,-41.5,58.5,,,,,,
2026-09-02T19:22:37.961988-04:00,cfbd,401864425,Kennesaw State,West Georgia,DraftKings,-22.5,-22.5,51.5,51.5,-4000.0,1600.0,,,
2026-09-02T19:22:37.961988-04:00,cfbd,401866409,Buffalo,UAlbany,DraftKings,-18.5,-24.5,48.5,48.5,-1200.0,750.0,,,
2026-09-02T19:22:37.961988-04:00,cfbd,401864424,Delaware,Merrimack,DraftKings,-28.5,-28.5,55.5,55.5,-20000.0,3500.0,,,
2026-09-02T19:22:37.961988-04:00,cfbd,401858423,Rutgers,Massachusetts,Bovada,-29.0,-30.5,52.0,54.5,,,,,
2026-09-02T19:22:37.961988-04:00,cfbd,401858423,Rutgers,Massachusetts,DraftKings,-29.5,-30.5,51.5,,-6500.0,2000.0,,,
2026-09-02T19:22:37.961988-04:00,cfbd,401866622,Stony Brook,Lindenwood,DraftKings,-4.0,-4.0,50.5,50.5,-180.0,144.0,,,
2026-09-02T19:22:37.961988-04:00,cfbd,401867889,Samford,Southern Illinois,DraftKings,24.5,24.5,49.5,49.5,1200.0,-4000.0,,,
2026-09-02T19:22:37.961988-04:00,cfbd,401858204,Wake Forest,Akron,DraftKings,-24.5,-22.5,48.5,,-3200.0,1400.0,,,
2026-09-02T19:22:37.961988-04:00,cfbd,401858204,Wake Forest,Akron,Bovada,-25.0,-22.5,48.5,49.5,-3500.0,1100.0,,,
2026-09-03T13:21:18.045821-04:00,cfbd,401856767,UCF,Bethune-Cookman,DraftKings,-43.5,-41.5,57.5,,,,,,
2026-09-03T13:21:18.045821-04:00,cfbd,401866409,Buffalo,UAlbany,DraftKings,-18.5,-24.5,47.5,48.5,-1000.0,650.0,,,
2026-09-03T13:21:18.045821-04:00,cfbd,401858422,Minnesota,Eastern Illinois,DraftKings,-42.5,-43.5,52.5,,,,,,
2026-09-03T13:21:18.045821-04:00,cfbd,401864424,Delaware,Merrimack,DraftKings,-31.5,-28.5,56.5,55.5,-50000.0,4000.0,,,
2026-09-03T13:21:18.045821-04:00,cfbd,401864425,Kennesaw State,West Georgia,DraftKings,-22.5,-22.5,50.5,51.5,-3600.0,1500.0,,,
2026-09-03T13:21:18.045821-04:00,cfbd,401856663,Missouri,Arkansas-Pine Bluff,DraftKings,-55.5,-54.5,62.5,60.5,,,,,
2026-09-03T13:21:18.045821-04:00,cfbd,401858423,Rutgers,Massachusetts,Bovada,-29.0,-30.5,53.0,54.5,,,,,
2026-09-03T13:21:18.045821-04:00,cfbd,401858423,Rutgers,Massachusetts,DraftKings,-29.5,-30.5,53.5,,-6500.0,2000.0,,,
2026-09-03T13:21:18.045821-04:00,cfbd,401856768,Utah,Idaho,DraftKings,-36.5,-32.5,59.5,56.5,-100000.0,5000.0,,,
2026-09-03T13:21:18.045821-04:00,cfbd,401856776,Georgia Tech,Colorado,DraftKings,-6.5,-7.0,51.5,,-238.0,195.0,,,
2026-09-03T13:21:18.045821-04:00,cfbd,401856776,Georgia Tech,Colorado,Bovada,-6.5,-7.0,51.5,51.5,-290.0,240.0,,,
2026-09-03T13:21:18.045821-04:00,cfbd,401867889,Samford,Southern Illinois,DraftKings,21.5,24.5,53.5,49.5,960.0,-2300.0,,,
2026-09-03T13:21:18.045821-04:00,cfbd,401858424,Illinois,UAB,Bovada,-27.5,-27.5,54.5,56.5,-8000.0,1400.0,,,
2026-09-03T13:21:18.045821-04:00,cfbd,401858424,Illinois,UAB,DraftKings,-27.5,-27.5,54.5,,-4500.0,1700.0,,,
2026-09-03T13:21:18.045821-04:00,cfbd,401866622,Stony Brook,Lindenwood,DraftKings,-4.0,-4.0,50.5,50.5,-189.0,150.0,,,
2026-09-03T13:21:18.045821-04:00,cfbd,401858204,Wake Forest,Akron,Bovada,-27.5,-22.5,50.5,49.5,-3500.0,1100.0,,,
2026-09-03T13:21:18.045821-04:00,cfbd,401858204,Wake Forest,Akron,DraftKings,-27.5,-22.5,50.5,,-2800.0,1300.0,,,
2026-09-03T18:15:40.777509-04:00,cfbd,401856767,UCF,Bethune-Cookman,DraftKings,-43.5,-41.5,58.5,,,,,,
2026-09-03T18:15:40.777509-04:00,cfbd,401866409,Buffalo,UAlbany,DraftKings,-18.5,-24.5,47.5,48.5,-1000.0,650.0,,,
2026-09-03T18:15:40.777509-04:00,cfbd,401856663,Missouri,Arkansas-Pine Bluff,DraftKings,-55.5,-54.5,61.5,60.5,,,,,
2026-09-03T18:15:40.777509-04:00,cfbd,401858422,Minnesota,Eastern Illinois,DraftKings,-42.5,-43.5,52.5,,,,,,
2026-09-03T18:15:40.777509-04:00,cfbd,401864424,Delaware,Merrimack,DraftKings,-31.5,-28.5,56.5,55.5,-8000.0,2200.0,,,
2026-09-03T18:15:40.777509-04:00,cfbd,401864425,Kennesaw State,West Georgia,DraftKings,-22.5,-22.5,50.5,51.5,-3600.0,1500.0,,,
2026-09-03T18:15:40.777509-04:00,cfbd,401856768,Utah,Idaho,DraftKings,-37.5,-32.5,59.5,56.5,-100000.0,5000.0,,,
2026-09-03T18:15:40.777509-04:00,cfbd,401856776,Georgia Tech,Colorado,DraftKings,-6.5,-7.0,52.5,,-238.0,195.0,,,
2026-09-03T18:15:40.777509-04:00,cfbd,401856776,Georgia Tech,Colorado,Bovada,-6.5,-7.0,52.5,51.5,-290.0,240.0,,,
2026-09-03T18:15:40.777509-04:00,cfbd,401858424,Illinois,UAB,Bovada,-26.5,-27.5,54.5,56.5,-8000.0,1400.0,,,
2026-09-03T18:15:40.777509-04:00,cfbd,401858424,Illinois,UAB,DraftKings,-26.5,-27.5,54.5,,-4500.0,1700.0,,,
2026-09-03T18:15:40.777509-04:00,cfbd,401867889,Samford,Southern Illinois,DraftKings,20.5,24.5,54.5,49.5,730.0,-1400.0,,,
2026-09-03T18:15:40.777509-04:00,cfbd,401866622,Stony Brook,Lindenwood,DraftKings,-4.0,-4.0,50.5,50.5,-189.0,150.0,,,
2026-09-03T18:15:40.777509-04:00,cfbd,401858204,Wake Forest,Akron,DraftKings,-27.5,-22.5,50.5,,-2800.0,1300.0,,,
2026-09-03T18:15:40.777509-04:00,cfbd,401858204,Wake Forest,Akron,Bovada,-27.5,-22.5,50.5,49.5,-3500.0,1100.0,,,
2026-09-04T13:13:24.077416-04:00,cfbd,401856779,Iowa State,Southeast Missouri State,DraftKings,-29.5,-29.5,53.5,53.5,-20000.0,3500.0,,,
2026-09-04T13:13:24.077416-04:00,cfbd,401866410,Bowling Green,Tarleton State,DraftKings,-2.5,-2.5,48.5,47.5,-135.0,114.0,,,
2026-09-04T13:13:24.077416-04:00,cfbd,401869960,James Madison,Liberty,DraftKings,-6.0,-6.0,50.5,,-225.0,185.0,,,
2026-09-04T13:13:24.077416-04:00,cfbd,401869960,James Madison,Liberty,Bovada,-6.5,-6.0,50.5,50.5,-250.0,210.0,,,
2026-09-04T13:13:24.077416-04:00,cfbd,401862701,Army,Bryant,DraftKings,-36.5,-36.5,51.5,,,,,,
2026-09-04T13:13:24.077416-04:00,cfbd,401858208,Syracuse,New Hampshire,DraftKings,-33.5,-32.5,54.5,55.5,-100000.0,5000.0,,,
2026-09-04T13:13:24.077416-04:00,cfbd,401861962,UConn,Lafayette,DraftKings,-19.5,-19.5,51.5,58.5,-1350.0,800.0,,,
2026-09-04T13:13:24.077416-04:00,cfbd,401864496,Air Force,Duquesne,DraftKings,-28.5,-30.5,57.5,58.5,-8000.0,2200.0,,,
2026-09-04T13:13:24.077416-04:00,cfbd,401856659,Kentucky,Youngstown State,DraftKings,-22.5,-23.5,62.5,62.5,-1650.0,950.0,,,
2026-09-04T13:13:24.077416-04:00,cfbd,401866623,Georgia State,North Carolina A&T,DraftKings,-28.5,-28.5,58.5,63.5,-4000.0,1600.0,,,
2026-09-04T13:13:24.077416-04:00,cfbd,401866623,Georgia State,North Carolina A&T,Bovada,-28.0,-28.0,61.0,61.0,,,,,
2026-09-04T13:13:24.077416-04:00,cfbd,401858435,Purdue,Indiana State,DraftKings,-34.5,-34.5,55.5,56.5,,,,,
2026-09-04T13:13:24.077416-04:00,cfbd,401858435,Purdue,Indiana State,Bovada,-35.5,-35.5,56.0,56.0,,,,,
2026-09-04T13:13:24.077416-04:00,cfbd,401856769,Kansas,Long Island University,DraftKings,-43.5,-38.5,56.5,53.5,,,,,
2026-09-04T13:13:24.077416-04:00,cfbd,401856769,Kansas,Long Island University,Bovada,-42.0,-42.0,54.5,54.5,,,,,
2026-09-04T13:13:24.077416-04:00,cfbd,401858436,USC,Fresno State,DraftKings,-22.5,-23.5,51.5,,-2400.0,1200.0,,,
2026-09-04T13:13:24.077416-04:00,cfbd,401858436,USC,Fresno State,Bovada,-21.5,-23.0,51.5,51.5,-3500.0,1100.0,,,
2026-09-04T13:13:24.077416-04:00,cfbd,401858206,Stanford,Miami,DraftKings,24.5,21.5,47.5,,1500.0,-3600.0,,,
2026-09-04T13:13:24.077416-04:00,cfbd,401858206,Stanford,Miami,Bovada,23.5,21.5,48.0,48.5,1100.0,-3500.0,,,
2026-09-04T13:13:24.077416-04:00,cfbd,401858425,Indiana,North Texas,DraftKings,-40.5,-40.5,56.5,,,,,,
2026-09-04T13:13:24.077416-04:00,cfbd,401858425,Indiana,North Texas,Bovada,-41.0,-40.5,57.0,55.5,,,,,
2026-09-04T13:13:24.077416-04:00,cfbd,401858430,Nebraska,Ohio,DraftKings,-23.5,-23.5,46.5,,-2800.0,1300.0,,,
2026-09-04T13:13:24.077416-04:00,cfbd,401858430,Nebraska,Ohio,Bovada,-23.5,-23.5,46.0,47.5,-2800.0,1100.0,,,
2026-09-04T13:13:24.077416-04:00,cfbd,401856665,South Carolina,Kent State,Bovada,-36.5,-34.5,53.5,52.5,-100000.0,-100000.0,,,
2026-09-04T13:13:24.077416-04:00,cfbd,401856665,South Carolina,Kent State,DraftKings,-35.5,-33.5,53.5,,-100000.0,5000.0,,,
2026-09-04T13:13:24.077416-04:00,cfbd,401856778,Houston,Oregon State,Bovada,-21.0,-18.5,49.5,51.5,-1300.0,725.0,,,
2026-09-04T13:13:24.077416-04:00,cfbd,401856778,Houston,Oregon State,DraftKings,-21.0,-18.5,50.5,,-1650.0,950.0,,,
2026-09-04T13:13:24.077416-04:00,cfbd,401856634,Alabama,East Carolina,Bovada,-28.0,-25.5,52.5,53.5,-7500.0,1400.0,,,
2026-09-04T13:13:24.077416-04:00,cfbd,401856634,Alabama,East Carolina,DraftKings,-27.5,-25.5,52.5,,-6500.0,2000.0,,,
2026-09-04T13:13:24.077416-04:00,cfbd,401856780,West Virginia,Coastal Carolina,Bovada,-21.0,-17.5,56.0,57.5,-1725.0,-100000.0,,,
2026-09-04T13:13:24.077416-04:00,cfbd,401856780,West Virginia,Coastal Carolina,DraftKings,-21.0,-17.5,55.5,,-1450.0,850.0,,,
2026-09-04T13:13:24.077416-04:00,cfbd,401858207,Pittsburgh,Miami (OH),Bovada,-16.0,-16.5,47.0,50.5,-800.0,525.0,,,
2026-09-04T13:13:24.077416-04:00,cfbd,401858207,Pittsburgh,Miami (OH),DraftKings,-16.5,-16.5,47.5,,-800.0,550.0,,,
2026-09-04T13:13:24.077416-04:00,cfbd,401864495,Eastern Michigan,San José State,DraftKings,-2.5,-3.5,55.5,,-135.0,114.0,,,
2026-09-04T13:13:24.077416-04:00,cfbd,401864495,Eastern Michigan,San José State,Bovada,-3.0,-3.5,56.0,53.5,-170.0,145.0,,,
2026-09-04T13:13:24.077416-04:00,cfbd,401858429,Michigan State,Toledo,DraftKings,-10.0,-10.5,48.5,,-440.0,340.0,,,
2026-09-04T13:13:24.077416-04:00,cfbd,401858429,Michigan State,Toledo,Bovada,-10.5,-10.5,47.5,49.5,-410.0,305.0,,,
2026-09-04T13:13:24.077416-04:00,cfbd,401858432,Ohio State,Ball State,DraftKings,-49.5,-49.5,55.5,,,,,,
2026-09-04T13:13:24.077416-04:00,cfbd,401858432,Ohio State,Ball State,Bovada,-51.0,-50.5,56.5,56.5,,,,,
2026-09-04T13:13:24.077416-04:00,cfbd,401856664,Oklahoma,UTEP,Bovada,-41.5,-40.5,51.5,50.5,,,,,
2026-09-04T13:13:24.077416-04:00,cfbd,401856664,Oklahoma,UTEP,DraftKings,-40.5,-40.5,51.5,,,,,,
2026-09-04T18:05:19.665560-04:00,cfbd,401862698,Temple,Rhode Island,DraftKings,-14.5,-10.0,51.5,51.5,-700.0,500.0,,,
2026-09-04T18:05:19.665560-04:00,cfbd,401856635,Arkansas,North Alabama,DraftKings,-40.5,-40.5,63.5,63.5,,,,,
2026-09-04T18:05:19.665560-04:00,cfbd,401866410,Bowling Green,Tarleton State,DraftKings,-2.5,-2.5,48.5,47.5,-135.0,114.0,,,
2026-09-04T18:05:19.665560-04:00,cfbd,401869960,James Madison,Liberty,DraftKings,-6.0,-6.0,50.5,,-225.0,185.0,,,
2026-09-04T18:05:19.665560-04:00,cfbd,401869960,James Madison,Liberty,Bovada,-6.5,-6.0,50.5,50.5,-250.0,210.0,,,
2026-09-04T18:05:19.665560-04:00,cfbd,401856658,Georgia,Tennessee State,DraftKings,-47.5,-46.5,54.5,56.5,,,,,
2026-09-04T18:05:19.665560-04:00,cfbd,401858208,Syracuse,New Hampshire,DraftKings,-34.5,-32.5,55.5,55.5,-100000.0,5000.0,,,
2026-09-04T18:05:19.665560-04:00,cfbd,401856779,Iowa State,Southeast Missouri State,DraftKings,-30.5,-29.5,53.5,53.5,-50000.0,4000.0,,,
2026-09-04T18:05:19.665560-04:00,cfbd,401861962,UConn,Lafayette,DraftKings,-19.5,-19.5,51.5,58.5,-1350.0,800.0,,,
2026-09-04T18:05:19.665560-04:00,cfbd,401856777,Cincinnati,Boston College,DraftKings,-7.5,-9.5,50.5,,-305.0,245.0,,,
2026-09-04T18:05:19.665560-04:00,cfbd,401856777,Cincinnati,Boston College,Bovada,-7.5,-9.5,50.0,54.5,-270.0,220.0,,,
2026-09-04T18:05:19.665560-04:00,cfbd,401864496,Air Force,Duquesne,DraftKings,-29.5,-30.5,57.5,58.5,-8000.0,2200.0,,,
2026-09-04T18:05:19.665560-04:00,cfbd,401856659,Kentucky,Youngstown State,DraftKings,-22.5,-23.5,62.5,62.5,-1650.0,950.0,,,
2026-09-04T18:05:19.665560-04:00,cfbd,401862701,Army,Bryant,DraftKings,-36.5,-36.5,50.5,,,,,,
2026-09-04T18:05:19.665560-04:00,cfbd,401856666,Tennessee,Furman,DraftKings,-48.5,-46.5,66.5,66.5,,,,,
2026-09-04T18:05:19.665560-04:00,cfbd,401862696,Navy,Towson,DraftKings,-30.5,-30.5,50.5,53.5,-50000.0,4000.0,,,
2026-09-04T18:05:19.665560-04:00,cfbd,401866623,Georgia State,North Carolina A&T,DraftKings,-28.5,-28.5,58.5,63.5,-4000.0,1600.0,,,
2026-09-04T18:05:19.665560-04:00,cfbd,401866623,Georgia State,North Carolina A&T,Bovada,-28.0,-28.0,61.0,61.0,,,,,
2026-09-04T18:05:19.665560-04:00,cfbd,401858435,Purdue,Indiana State,DraftKings,-34.5,-34.5,55.5,56.5,,,,,
2026-09-04T18:05:19.665560-04:00,cfbd,401858435,Purdue,Indiana State,Bovada,-35.5,-35.5,56.0,56.0,,,,,
2026-09-04T18:05:19.665560-04:00,cfbd,401862694,Charlotte,The Citadel,DraftKings,-20.5,-15.5,46.5,46.5,-1650.0,950.0,,,
2026-09-04T18:05:19.665560-04:00,cfbd,401856769,Kansas,Long Island University,DraftKings,-43.5,-38.5,56.5,53.5,,,,,
2026-09-04T18:05:19.665560-04:00,cfbd,401856769,Kansas,Long Island University,Bovada,-42.0,-42.0,54.5,54.5,,,,,
2026-09-04T18:05:19.665560-04:00,cfbd,401862700,UTSA,UT Rio Grande Valley,DraftKings,-28.5,-28.5,59.5,59.5,-9000.0,2500.0,,,
2026-09-04T18:05:19.665560-04:00,cfbd,401864499,North Dakota State,Fordham,DraftKings,-41.5,-39.5,56.5,57.5,,,,,
2026-09-04T18:05:19.665560-04:00,cfbd,401866627,App State,Maine,DraftKings,-19.5,-17.5,53.5,53.5,-1100.0,700.0,,,
2026-09-04T18:05:19.665560-04:00,cfbd,401867973,Old Dominion,Norfolk State,DraftKings,-40.5,-41.5,52.5,55.5,,,,,
2026-09-04T18:05:19.665560-04:00,cfbd,401868356,Southern Miss,Alcorn State,DraftKings,-19.5,-21.0,50.5,50.5,-1200.0,750.0,,,
2026-09-04T18:05:19.665560-04:00,cfbd,401858436,USC,Fresno State,DraftKings,-22.5,-23.5,51.5,,-2400.0,1200.0,,,
2026-09-04T18:05:19.665560-04:00,cfbd,401858436,USC,Fresno State,Bovada,-21.5,-23.0,51.5,51.5,-3500.0,1100.0,,,
2026-09-04T18:05:19.665560-04:00,cfbd,401856772,Tulsa,Oklahoma State,DraftKings,13.5,11.5,59.5,,425.0,-575.0,,,
2026-09-04T18:05:19.665560-04:00,cfbd,401856772,Tulsa,Oklahoma State,Bovada,13.5,11.5,59.0,61.5,390.0,-550.0,,,
2026-09-04T18:05:19.665560-04:00,cfbd,401856667,Texas,Texas State,DraftKings,-29.5,-30.5,59.5,,-8000.0,2200.0,,,
2026-09-04T18:05:19.665560-04:00,cfbd,401856667,Texas,Texas State,Bovada,-29.5,-30.5,60.0,59.5,-10000.0,2500.0,,,
2026-09-04T18:05:19.665560-04:00,cfbd,401858425,Indiana,North Texas,DraftKings,-40.5,-40.5,56.5,,,,,,
2026-09-04T18:05:19.665560-04:00,cfbd,401858425,Indiana,North Texas,Bovada,-41.0,-40.5,57.0,55.5,,,,,
2026-09-04T18:05:19.665560-04:00,cfbd,401858206,Stanford,Miami,DraftKings,24.5,21.5,46.5,,1600.0,-4000.0,,,
2026-09-04T18:05:19.665560-04:00,cfbd,401858206,Stanford,Miami,Bovada,23.5,21.5,48.0,48.5,1100.0,-3500.0,,,
2026-09-04T18:05:19.665560-04:00,cfbd,401858209,Duke,Tulane,DraftKings,-7.5,-8.5,51.5,,-325.0,260.0,,,
2026-09-04T18:05:19.665560-04:00,cfbd,401858209,Duke,Tulane,Bovada,-7.5,-8.5,50.5,53.5,-480.0,350.0,,,
2026-09-04T18:05:19.665560-04:00,cfbd,401856636,Auburn,Baylor,DraftKings,-7.5,-6.5,59.5,,-285.0,230.0,,,
2026-09-04T18:05:19.665560-04:00,cfbd,401856636,Auburn,Baylor,Bovada,-7.5,-7.5,59.5,58.5,-270.0,220.0,,,
2026-09-04T18:05:19.665560-04:00,cfbd,401858430,Nebraska,Ohio,DraftKings,-23.5,-23.5,46.5,,-2800.0,1300.0,,,
2026-09-04T18:05:19.665560-04:00,cfbd,401858430,Nebraska,Ohio,Bovada,-23.5,-23.5,46.0,47.5,-2800.0,1100.0,,,
2026-09-04T18:05:19.665560-04:00,cfbd,401858433,Oregon,Boise State,DraftKings,-24.5,-24.5,51.5,,-3200.0,1400.0,,,
2026-09-04T18:05:19.665560-04:00,cfbd,401858433,Oregon,Boise State,Bovada,-25.0,-24.5,51.5,53.5,-3300.0,1100.0,,,
2026-09-04T18:05:19.665560-04:00,cfbd,401856665,South Carolina,Kent State,Bovada,-36.5,-34.5,53.5,52.5,-100000.0,-100000.0,,,
2026-09-04T18:05:19.665560-04:00,cfbd,401856665,South Carolina,Kent State,DraftKings,-35.5,-33.5,53.5,,-100000.0,5000.0,,,
2026-09-04T18:05:19.665560-04:00,cfbd,401856778,Houston,Oregon State,Bovada,-21.0,-18.5,49.5,51.5,-1300.0,725.0,,,
2026-09-04T18:05:19.665560-04:00,cfbd,401856778,Houston,Oregon State,DraftKings,-21.0,-18.5,50.5,,-1800.0,1000.0,,,
2026-09-04T18:05:19.665560-04:00,cfbd,401858426,Iowa,Northern Illinois,Bovada,-32.0,-29.5,44.5,43.5,-100000.0,2500.0,,,
2026-09-04T18:05:19.665560-04:00,cfbd,401858426,Iowa,Northern Illinois,DraftKings,-31.5,-29.5,44.5,,-100000.0,5000.0,,,
2026-09-04T18:05:19.665560-04:00,cfbd,401856634,Alabama,East Carolina,Bovada,-28.0,-25.5,52.5,53.5,-7500.0,1400.0,,,
2026-09-04T18:05:19.665560-04:00,cfbd,401856634,Alabama,East Carolina,DraftKings,-27.5,-25.5,52.5,,-6500.0,2000.0,,,
2026-09-04T18:05:19.665560-04:00,cfbd,401858434,Penn State,Marshall,Bovada,-23.5,-23.5,52.0,54.5,-3500.0,1100.0,,,
2026-09-04T18:05:19.665560-04:00,cfbd,401858434,Penn State,Marshall,DraftKings,-23.5,-23.5,52.5,,-2400.0,1200.0,,,
2026-09-04T18:05:19.665560-04:00,cfbd,401860878,Colorado State,Wyoming,DraftKings,-3.0,-4.0,46.5,,-155.0,130.0,,,
2026-09-04T18:05:19.665560-04:00,cfbd,401860878,Colorado State,Wyoming,Bovada,-3.0,-4.0,46.5,47.5,-180.0,155.0,,,
2026-09-04T18:05:19.665560-04:00,cfbd,401867924,New Haven,Stonehill,DraftKings,-7.0,-7.0,41.5,41.5,-273.0,212.0,,,
2026-09-04T18:05:19.665560-04:00,cfbd,401866624,Monmouth,Sacred Heart,DraftKings,-15.5,-15.5,58.5,58.5,-740.0,481.0,,,
2026-09-04T18:05:19.665560-04:00,cfbd,401867875,North Dakota,St. Thomas (MN),DraftKings,-27.5,-27.5,52.5,52.5,,,,,
2026-09-04T18:05:19.665560-04:00,cfbd,401868000,Colgate,Holy Cross,DraftKings,-4.5,-4.5,47.5,47.5,-181.0,144.0,,,
2026-09-04T18:05:19.665560-04:00,cfbd,401868274,Mercer,Presbyterian,DraftKings,-21.5,-21.5,56.5,56.5,-1820.0,850.0,,,
2026-09-04T18:05:19.665560-04:00,cfbd,401868336,Chattanooga,Tennessee Tech,DraftKings,10.5,10.5,49.5,49.5,353.0,-496.0,,,
2026-09-04T18:05:19.665560-04:00,cfbd,401869127,Howard,Richmond,DraftKings,14.5,14.5,45.5,45.5,484.0,-750.0,,,
2026-09-04T18:05:19.665560-04:00,cfbd,401868111,Montana,Drake,DraftKings,-35.5,-34.5,57.5,57.5,,,,,
2026-09-04T18:05:19.665560-04:00,cfbd,401866626,Davidson,Elon,DraftKings,32.5,31.5,58.5,57.5,,,,,
2026-09-04T18:05:19.665560-04:00,cfbd,401867989,Bucknell,Villanova,DraftKings,26.5,26.5,56.5,56.5,1240.0,-4400.0,,,
2026-09-04T18:05:19.665560-04:00,cfbd,401866625,Campbell,Western Carolina,DraftKings,4.0,4.0,67.5,67.5,144.0,-181.0,,,
2026-09-04T18:05:19.665560-04:00,cfbd,401856780,West Virginia,Coastal Carolina,Bovada,-21.0,-17.5,56.0,57.5,-1725.0,-100000.0,,,
2026-09-04T18:05:19.665560-04:00,cfbd,401856780,West Virginia,Coastal Carolina,DraftKings,-21.0,-17.5,54.5,,-1450.0,850.0,,,
2026-09-04T18:05:19.665560-04:00,cfbd,401868186,Wofford,Gardner-Webb,DraftKings,-7.0,-7.0,47.5,47.5,-294.0,226.0,,,
2026-09-04T18:05:19.665560-04:00,cfbd,401867692,William & Mary,Delaware State,DraftKings,-10.0,-10.0,56.5,56.5,-432.0,315.0,,,
2026-09-04T18:05:19.665560-04:00,cfbd,401864495,Eastern Michigan,San José State,DraftKings,-1.5,-3.5,55.5,,-115.0,-105.0,,,
2026-09-04T18:05:19.665560-04:00,cfbd,401864495,Eastern Michigan,San José State,Bovada,-3.0,-3.5,56.0,53.5,-170.0,145.0,,,
2026-09-04T18:05:19.665560-04:00,cfbd,401858207,Pittsburgh,Miami (OH),Bovada,-16.0,-16.5,47.0,50.5,-800.0,525.0,,,
2026-09-04T18:05:19.665560-04:00,cfbd,401858207,Pittsburgh,Miami (OH),DraftKings,-16.5,-16.5,47.5,,-800.0,550.0,,,
2026-09-04T18:05:19.665560-04:00,cfbd,401868017,Georgetown,Lehigh,DraftKings,22.5,20.5,49.5,49.5,900.0,-2100.0,,,
2026-09-04T18:05:19.665560-04:00,cfbd,401858429,Michigan State,Toledo,Bovada,-10.5,-10.5,47.5,49.5,-410.0,305.0,,,
2026-09-04T18:05:19.665560-04:00,cfbd,401858429,Michigan State,Toledo,DraftKings,-10.0,-10.5,48.5,,-395.0,310.0,,,
2026-09-04T18:05:19.665560-04:00,cfbd,401858432,Ohio State,Ball State,Bovada,-51.0,-50.5,56.5,56.5,,,,,
2026-09-04T18:05:19.665560-04:00,cfbd,401858432,Ohio State,Ball State,DraftKings,-49.5,-49.5,56.5,,,,,,
2026-09-04T18:05:19.665560-04:00,cfbd,401856664,Oklahoma,UTEP,Bovada,-41.5,-40.5,51.5,50.5,,,,,
2026-09-04T18:05:19.665560-04:00,cfbd,401856664,Oklahoma,UTEP,DraftKings,-40.5,-40.5,51.5,,,,,,
2026-09-05T12:21:07.504109-04:00,cfbd,401856658,Georgia,Tennessee State,DraftKings,-48.5,-46.5,55.5,56.5,,,,,
2026-09-05T12:21:07.504109-04:00,cfbd,401856658,Georgia,Tennessee State,Bovada,-46.5,-48.0,54.5,54.5,,,,,
2026-09-05T12:21:07.504109-04:00,cfbd,401862698,Temple,Rhode Island,DraftKings,-14.5,-10.0,51.5,51.5,-700.0,500.0,,,
2026-09-05T12:21:07.504109-04:00,cfbd,401862698,Temple,Rhode Island,Bovada,-14.5,-14.5,51.0,51.0,-700.0,475.0,,,
2026-09-05T12:21:07.504109-04:00,cfbd,401856635,Arkansas,North Alabama,DraftKings,-40.5,-40.5,63.5,63.5,,,,,
2026-09-05T12:21:07.504109-04:00,cfbd,401856635,Arkansas,North Alabama,Bovada,-40.5,-40.5,63.0,63.0,,,,,
2026-09-05T12:21:07.504109-04:00,cfbd,401856779,Iowa State,Southeast Missouri State,DraftKings,-29.5,-29.5,52.5,53.5,-9000.0,2500.0,,,
2026-09-05T12:21:07.504109-04:00,cfbd,401856777,Cincinnati,Boston College,DraftKings,-7.0,-9.5,51.5,,-285.0,230.0,,,
2026-09-05T12:21:07.504109-04:00,cfbd,401856777,Cincinnati,Boston College,Bovada,-7.5,-9.5,50.0,54.5,-270.0,220.0,,,
2026-09-05T12:21:07.504109-04:00,cfbd,401856666,Tennessee,Furman,DraftKings,-49.5,-46.5,66.5,66.5,,,,,
2026-09-05T12:21:07.504109-04:00,cfbd,401856666,Tennessee,Furman,Bovada,-48.0,-48.0,67.0,66.5,,,,,
2026-09-05T12:21:07.504109-04:00,cfbd,401856659,Kentucky,Youngstown State,DraftKings,-22.5,-23.5,61.5,62.5,-1600.0,900.0,,,
2026-09-05T12:21:07.504109-04:00,cfbd,401856659,Kentucky,Youngstown State,Bovada,-22.0,-23.0,62.5,62.5,-2200.0,1000.0,,,
2026-09-05T12:21:07.504109-04:00,cfbd,401862694,Charlotte,The Citadel,DraftKings,-20.5,-15.5,48.5,46.5,-1650.0,950.0,,,
2026-09-05T12:21:07.504109-04:00,cfbd,401862694,Charlotte,The Citadel,Bovada,-20.0,-20.0,46.5,46.5,-1400.0,750.0,,,
2026-09-05T12:21:07.504109-04:00,cfbd,401862696,Navy,Towson,DraftKings,-31.5,-30.5,50.5,53.5,-100000.0,5000.0,,,
2026-09-05T12:21:07.504109-04:00,cfbd,401862696,Navy,Towson,Bovada,-30.5,-30.5,50.5,50.5,,,,,
2026-09-05T12:21:07.504109-04:00,cfbd,401864499,North Dakota State,Fordham,DraftKings,-41.5,-39.5,54.5,57.5,,,,,
2026-09-05T12:21:07.504109-04:00,cfbd,401864499,North Dakota State,Fordham,Bovada,-41.5,-41.5,56.0,56.0,,,,,
2026-09-05T12:21:07.504109-04:00,cfbd,401862700,UTSA,UT Rio Grande Valley,DraftKings,-28.5,-28.5,59.5,59.5,-6500.0,2000.0,,,
2026-09-05T12:21:07.504109-04:00,cfbd,401862700,UTSA,UT Rio Grande Valley,Bovada,-28.5,-28.5,59.5,59.5,,,,,
2026-09-05T12:21:07.504109-04:00,cfbd,401866627,App State,Maine,DraftKings,-21.0,-17.5,53.5,53.5,-1600.0,900.0,,,
2026-09-05T12:21:07.504109-04:00,cfbd,401866627,App State,Maine,Bovada,-19.5,-19.5,53.5,53.5,-1300.0,725.0,,,
2026-09-05T12:21:07.504109-04:00,cfbd,401856775,BYU,Utah Tech,DraftKings,-51.5,-47.5,61.5,54.5,,,,,
2026-09-05T12:21:07.504109-04:00,cfbd,401856775,BYU,Utah Tech,Bovada,-51.5,-51.5,61.0,61.0,,,,,
2026-09-05T12:21:07.504109-04:00,cfbd,401856771,Kansas State,Nicholls,DraftKings,-41.5,-40.5,54.5,55.5,,,,,
2026-09-05T12:21:07.504109-04:00,cfbd,401856771,Kansas State,Nicholls,Bovada,-40.5,-40.5,54.5,54.5,,,,,
2026-09-05T12:21:07.504109-04:00,cfbd,401866411,Sacramento State,Mississippi Valley State,DraftKings,-37.5,-35.5,56.5,56.5,,,,,
2026-09-05T12:21:07.504109-04:00,cfbd,401860879,San Diego State,Portland State,DraftKings,-40.5,-38.5,62.5,57.5,,,,,
2026-09-05T12:21:07.504109-04:00,cfbd,401860879,San Diego State,Portland State,Bovada,-40.5,-40.5,62.0,62.0,,,,,
2026-09-05T12:21:07.504109-04:00,cfbd,401867866,Middle Tennessee,Murray State,DraftKings,-22.5,-20.5,56.5,59.5,-2100.0,1100.0,,,
2026-09-05T12:21:07.504109-04:00,cfbd,401867866,Middle Tennessee,Murray State,Bovada,-21.0,-21.0,57.5,57.5,-1800.0,850.0,,,
2026-09-05T12:21:07.504109-04:00,cfbd,401856773,Arizona,Northern Arizona,DraftKings,-31.5,-31.5,58.5,56.5,-8000.0,2200.0,,,
2026-09-05T12:21:07.504109-04:00,cfbd,401856773,Arizona,Northern Arizona,Bovada,-31.5,-31.5,58.5,58.5,,,,,
2026-09-05T12:21:07.504109-04:00,cfbd,401868170,Georgia Southern,Charleston Southern,DraftKings,-28.5,-25.5,51.5,51.5,-5000.0,1800.0,,,
2026-09-05T12:21:07.504109-04:00,cfbd,401868170,Georgia Southern,Charleston Southern,Bovada,-25.5,-25.5,51.5,51.5,-4000.0,1200.0,,,
2026-09-05T12:21:07.504109-04:00,cfbd,401858211,Virginia Tech,VMI,DraftKings,-55.5,-50.5,61.5,57.5,,,,,
2026-09-05T12:21:07.504109-04:00,cfbd,401858211,Virginia Tech,VMI,Bovada,-55.5,-55.5,62.0,62.0,,,,,
2026-09-05T12:21:07.504109-04:00,cfbd,401860880,Utah State,Idaho State,DraftKings,-15.5,-11.5,59.5,64.5,-650.0,470.0,,,
2026-09-05T12:21:07.504109-04:00,cfbd,401860880,Utah State,Idaho State,Bovada,-14.0,-14.0,62.0,62.0,-600.0,425.0,,,
2026-09-05T12:21:07.504109-04:00,cfbd,401862697,Rice,Houston Christian,DraftKings,-22.5,-24.5,47.5,47.5,-3600.0,1500.0,,,
2026-09-05T12:21:07.504109-04:00,cfbd,401862697,Rice,Houston Christian,Bovada,-22.5,-22.5,47.5,47.5,-2000.0,950.0,,,
2026-09-05T12:21:07.504109-04:00,cfbd,401868140,Jacksonville State,Eastern Kentucky,DraftKings,-22.5,-19.5,52.5,52.5,-2100.0,1100.0,,,
2026-09-05T12:21:07.504109-04:00,cfbd,401868140,Jacksonville State,Eastern Kentucky,Bovada,-21.0,-21.0,53.5,53.5,-1600.0,800.0,,,
2026-09-05T12:21:07.504109-04:00,cfbd,401869129,Louisiana Tech,Northwestern State,DraftKings,-44.5,-41.5,56.5,52.5,,,,,
2026-09-05T12:21:07.504109-04:00,cfbd,401869129,Louisiana Tech,Northwestern State,Bovada,-44.5,-44.5,55.5,55.5,,,,,
2026-09-05T12:21:07.504109-04:00,cfbd,401867973,Old Dominion,Norfolk State,DraftKings,-40.5,-41.5,52.5,55.5,,,,,
2026-09-05T12:21:07.504109-04:00,cfbd,401867973,Old Dominion,Norfolk State,Bovada,-41.0,-41.0,52.5,52.5,,,,,
2026-09-05T12:21:07.504109-04:00,cfbd,401858427,Maryland,Hampton,DraftKings,-45.5,-45.5,56.5,56.5,,,,,
2026-09-05T12:21:07.504109-04:00,cfbd,401858427,Maryland,Hampton,Bovada,-45.5,-45.5,55.5,55.5,,,,,
2026-09-05T12:21:07.504109-04:00,cfbd,401856770,Texas Tech,Abilene Christian,DraftKings,-43.5,-42.5,59.5,59.5,,,,,
2026-09-05T12:21:07.504109-04:00,cfbd,401856770,Texas Tech,Abilene Christian,Bovada,-42.5,-42.5,59.5,59.5,,,,,
2026-09-05T12:21:07.504109-04:00,cfbd,401856774,Arizona State,Morgan State,DraftKings,-44.5,-41.5,52.5,52.5,,,,,
2026-09-05T12:21:07.504109-04:00,cfbd,401856774,Arizona State,Morgan State,Bovada,-45.0,-45.0,52.5,52.5,,,,,
2026-09-05T12:21:07.504109-04:00,cfbd,401869142,Louisiana,Lamar,DraftKings,-20.5,-18.5,48.5,48.5,-1200.0,750.0,,,
2026-09-05T12:21:07.504109-04:00,cfbd,401869142,Louisiana,Lamar,Bovada,-20.0,-20.0,48.5,48.5,-1400.0,750.0,,,
2026-09-05T12:21:07.504109-04:00,cfbd,401858431,Northwestern,South Dakota State,DraftKings,-12.5,-12.5,48.5,46.5,-485.0,370.0,,,
2026-09-05T12:21:07.504109-04:00,cfbd,401858431,Northwestern,South Dakota State,Bovada,-12.5,-12.5,46.0,46.0,-525.0,375.0,,,
2026-09-05T12:21:07.504109-04:00,cfbd,401868316,South Alabama,SE Louisiana,DraftKings,-13.5,-12.5,52.5,52.5,-535.0,400.0,,,
2026-09-05T12:21:07.504109-04:00,cfbd,401868316,South Alabama,SE Louisiana,Bovada,-12.5,-12.5,52.5,52.5,-510.0,370.0,,,
2026-09-05T12:21:07.504109-04:00,cfbd,401868356,Southern Miss,Alcorn State,DraftKings,-19.5,-21.0,50.5,50.5,-1600.0,900.0,,,
2026-09-05T12:21:07.504109-04:00,cfbd,401868356,Southern Miss,Alcorn State,Bovada,-20.0,-20.0,50.5,50.5,-1400.0,750.0,,,
2026-09-05T12:21:07.504109-04:00,cfbd,401856669,Vanderbilt,Austin Peay,DraftKings,-29.5,-30.5,58.5,61.5,-6500.0,2000.0,,,
2026-09-05T12:21:07.504109-04:00,cfbd,401856669,Vanderbilt,Austin Peay,Bovada,-29.0,-29.0,60.0,60.5,,,,,
2026-09-05T12:21:07.504109-04:00,cfbd,401870790,New Mexico State,Mercyhurst,DraftKings,-28.5,-24.5,52.5,50.5,-8000.0,2200.0,,,
2026-09-05T12:21:07.504109-04:00,cfbd,401870790,New Mexico State,Mercyhurst,Bovada,-28.5,-28.5,52.0,52.0,,,,,
2026-09-05T12:21:07.504109-04:00,cfbd,401858209,Duke,Tulane,DraftKings,-7.5,-8.5,50.5,,-345.0,275.0,,,
2026-09-05T12:21:07.504109-04:00,cfbd,401858209,Duke,Tulane,Bovada,-7.5,-8.5,50.5,53.5,-480.0,350.0,,,
2026-09-05T12:21:07.504109-04:00,cfbd,401856772,Tulsa,Oklahoma State,DraftKings,13.5,11.5,57.5,,410.0,-550.0,,,
2026-09-05T12:21:07.504109-04:00,cfbd,401856772,Tulsa,Oklahoma State,Bovada,13.5,11.5,59.0,61.5,390.0,-550.0,,,
2026-09-05T12:21:07.504109-04:00,cfbd,401856667,Texas,Texas State,DraftKings,-29.5,-30.5,59.5,,-9000.0,2500.0,,,
2026-09-05T12:21:07.504109-04:00,cfbd,401856667,Texas,Texas State,Bovada,-29.5,-30.5,60.0,59.5,-10000.0,2500.0,,,
2026-09-05T12:21:07.504109-04:00,cfbd,401858433,Oregon,Boise State,DraftKings,-24.5,-24.5,51.5,,-2800.0,1300.0,,,
2026-09-05T12:21:07.504109-04:00,cfbd,401858433,Oregon,Boise State,Bovada,-25.0,-24.5,51.5,53.5,-3300.0,1100.0,,,
2026-09-05T12:21:07.504109-04:00,cfbd,401858428,Michigan,Western Michigan,Bovada,-27.5,-26.5,49.5,47.5,-7000.0,1300.0,,,
2026-09-05T12:21:07.504109-04:00,cfbd,401858428,Michigan,Western Michigan,DraftKings,-27.5,-26.5,49.5,,-6500.0,2000.0,,,
2026-09-05T12:21:07.504109-04:00,cfbd,401856636,Auburn,Baylor,DraftKings,-7.5,-6.5,58.5,,-285.0,230.0,,,
2026-09-05T12:21:07.504109-04:00,cfbd,401856636,Auburn,Baylor,Bovada,-7.5,-7.5,59.5,58.5,-270.0,220.0,,,
2026-09-05T12:21:07.504109-04:00,cfbd,401864498,New Mexico,Central Michigan,Bovada,-10.5,-12.5,47.0,49.0,-575.0,400.0,,,
2026-09-05T12:21:07.504109-04:00,cfbd,401864498,New Mexico,Central Michigan,DraftKings,-10.5,-12.5,47.5,,-440.0,340.0,,,
2026-09-05T12:21:07.504109-04:00,cfbd,401864497,Hawai'i,UNLV,Bovada,3.0,1.5,55.5,58.5,130.0,-150.0,,,
2026-09-05T12:21:07.504109-04:00,cfbd,401864497,Hawai'i,UNLV,DraftKings,3.0,1.5,55.5,,130.0,-155.0,,,
2026-09-05T12:21:07.504109-04:00,cfbd,401858426,Iowa,Northern Illinois,Bovada,-32.0,-29.5,44.5,43.5,-100000.0,4500.0,,,
2026-09-05T12:21:07.504109-04:00,cfbd,401858426,Iowa,Northern Illinois,DraftKings,-31.5,-29.5,44.5,,-50000.0,4000.0,,,
2026-09-05T12:21:07.504109-04:00,cfbd,401862699,South Florida,Florida International,DraftKings,-14.5,-12.5,52.5,,-675.0,490.0,,,
2026-09-05T12:21:07.504109-04:00,cfbd,401862699,South Florida,Florida International,Bovada,-14.5,-12.5,52.0,54.5,-460.0,340.0,,,
2026-09-05T12:21:07.504109-04:00,cfbd,401856665,South Carolina,Kent State,Bovada,-36.5,-34.5,53.5,52.5,-100000.0,-100000.0,,,
2026-09-05T12:21:07.504109-04:00,cfbd,401856665,South Carolina,Kent State,DraftKings,-35.5,-33.5,53.5,,-50000.0,4000.0,,,
2026-09-05T12:21:07.504109-04:00,cfbd,401858210,California,UCLA,Bovada,2.5,-3.5,53.5,53.5,110.0,-130.0,,,
2026-09-05T12:21:07.504109-04:00,cfbd,401858210,California,UCLA,DraftKings,2.5,-1.5,53.5,,114.0,-135.0,,,
2026-09-05T12:21:07.504109-04:00,cfbd,401856637,Florida,Florida Atlantic,Bovada,-26.5,-25.5,59.5,56.5,-6500.0,1300.0,,,
2026-09-05T12:21:07.504109-04:00,cfbd,401856637,Florida,Florida Atlantic,DraftKings,-26.5,-25.5,59.5,,-2800.0,1300.0,,,
2026-09-05T12:21:07.504109-04:00,cfbd,401860878,Colorado State,Wyoming,DraftKings,-3.0,-4.0,46.5,,-155.0,130.0,,,
2026-09-05T12:21:07.504109-04:00,cfbd,401860878,Colorado State,Wyoming,Bovada,-3.0,-4.0,46.5,47.5,-180.0,155.0,,,
2026-09-05T12:21:07.504109-04:00,cfbd,401870763,Troy,Sam Houston,Bovada,-16.5,-17.0,54.0,50.5,-1300.0,725.0,,,
2026-09-05T12:21:07.504109-04:00,cfbd,401870763,Troy,Sam Houston,DraftKings,-16.5,-17.5,52.5,,-850.0,575.0,,,
2026-09-05T12:21:07.504109-04:00,cfbd,401858434,Penn State,Marshall,Bovada,-23.0,-23.5,52.0,54.5,-3500.0,1100.0,,,
2026-09-05T12:21:07.504109-04:00,cfbd,401858434,Penn State,Marshall,DraftKings,-23.5,-23.5,52.5,,-1800.0,1000.0,,,
2026-09-05T12:21:07.504109-04:00,cfbd,401867684,UT Martin,Chicago State,DraftKings,-44.5,-44.5,61.5,61.5,,,,,
2026-09-05T12:21:07.504109-04:00,cfbd,401868085,Eastern Washington,Northern Iowa,DraftKings,-6.5,-6.5,52.5,52.5,-271.0,210.0,,,
2026-09-05T12:21:07.504109-04:00,cfbd,401867883,Northern Colorado,South Dakota,DraftKings,20.5,20.5,56.5,56.5,920.0,-2100.0,,,
2026-09-05T12:21:07.504109-04:00,cfbd,401868158,Southern Utah,Weber State,DraftKings,-14.5,-14.5,58.5,58.5,-820.0,520.0,,,
2026-09-05T12:21:07.504109-04:00,cfbd,401868119,Montana State,Butler,DraftKings,-45.5,-45.5,59.5,59.5,,,,,
2026-09-05T12:21:07.504109-04:00,cfbd,401868306,Stephen F. Austin,East Texas A&M,DraftKings,-25.5,-25.5,56.5,56.5,-3900.0,1180.0,,,
2026-09-05T12:21:07.504109-04:00,cfbd,401868967,Prairie View A&M,Texas Southern,DraftKings,-10.5,-10.5,54.5,54.5,-483.0,345.0,,,
2026-09-05T12:21:07.504109-04:00,cfbd,401866626,Davidson,Elon,DraftKings,32.5,31.5,58.5,57.5,,,,,
2026-09-05T12:21:07.504109-04:00,cfbd,401868000,Colgate,Holy Cross,DraftKings,-4.5,-4.5,49.5,47.5,-185.0,147.0,,,
2026-09-05T12:21:07.504109-04:00,cfbd,401868071,Central Arkansas,West Florida,DraftKings,-7.5,-7.5,55.5,55.5,-296.0,227.0,,,
2026-09-05T12:21:07.504109-04:00,cfbd,401866624,Monmouth,Sacred Heart,DraftKings,-12.5,-15.5,58.5,58.5,-640.0,432.0,,,
2026-09-05T12:21:07.504109-04:00,cfbd,401868336,Chattanooga,Tennessee Tech,DraftKings,10.5,10.5,48.5,49.5,358.0,-504.0,,,
2026-09-05T12:21:07.504109-04:00,cfbd,401868163,San Diego,UC Davis,DraftKings,14.5,15.5,57.5,57.5,490.0,-760.0,,,
2026-09-05T12:21:07.504109-04:00,cfbd,401869127,Howard,Richmond,DraftKings,14.5,14.5,43.5,45.5,493.0,-760.0,,,
2026-09-05T12:21:07.504109-04:00,cfbd,401867989,Bucknell,Villanova,DraftKings,26.5,26.5,54.5,56.5,1300.0,-5300.0,,,
2026-09-05T12:21:07.504109-04:00,cfbd,401868111,Montana,Drake,DraftKings,-35.5,-34.5,60.5,57.5,,,,,
2026-09-05T12:21:07.504109-04:00,cfbd,401866625,Campbell,Western Carolina,DraftKings,4.0,4.0,68.5,67.5,147.0,-184.0,,,
2026-09-05T12:21:07.504109-04:00,cfbd,401868186,Wofford,Gardner-Webb,DraftKings,-8.5,-7.0,50.5,47.5,-300.0,230.0,,,
2026-09-05T12:21:07.504109-04:00,cfbd,401867692,William & Mary,Delaware State,DraftKings,-9.5,-10.0,56.5,56.5,-410.0,301.0,,,
2026-09-05T12:21:07.504109-04:00,cfbd,401864432,Nevada,Western Kentucky,DraftKings,1.5,4.5,51.5,,-108.0,-112.0,,,
2026-09-05T12:21:07.504109-04:00,cfbd,401864432,Nevada,Western Kentucky,Bovada,-1.0,4.0,51.5,53.5,120.0,-140.0,,,
2026-09-05T12:21:07.504109-04:00,cfbd,401858207,Pittsburgh,Miami (OH),Bovada,-16.0,-16.5,47.0,50.5,-800.0,525.0,,,
2026-09-05T12:21:07.504109-04:00,cfbd,401858207,Pittsburgh,Miami (OH),DraftKings,-16.5,-16.5,47.5,,-850.0,575.0,,,
2026-09-05T12:21:07.504109-04:00,cfbd,401867845,Western Illinois,Illinois State,DraftKings,23.5,23.5,59.5,59.5,1300.0,-5300.0,,,
2026-09-05T12:21:07.504109-04:00,cfbd,401867875,North Dakota,St. Thomas (MN),DraftKings,-28.5,-27.5,53.5,52.5,,,,,
2026-09-05T12:21:07.504109-04:00,cfbd,401864496,Air Force,Duquesne,Bovada,-28.5,-28.5,57.5,57.5,,,,,
2026-09-05T12:21:07.504109-04:00,cfbd,401864496,Air Force,Duquesne,DraftKings,-31.5,-30.5,55.5,58.5,-6500.0,2000.0,,,
2026-09-05T12:21:07.504109-04:00,cfbd,401868017,Georgetown,Lehigh,DraftKings,22.5,20.5,46.5,49.5,870.0,-1920.0,,,
2026-09-05T12:21:07.504109-04:00,cfbd,401868274,Mercer,Presbyterian,DraftKings,-22.5,-21.5,54.5,56.5,-2100.0,920.0,,,
2026-09-05T12:21:07.504109-04:00,cfbd,401862695,Memphis,Arkansas State,Bovada,-11.0,-10.5,53.0,55.5,-340.0,270.0,,,
2026-09-05T12:21:07.504109-04:00,cfbd,401862695,Memphis,Arkansas State,DraftKings,-10.5,-10.5,52.5,,-425.0,330.0,,,
2026-09-05T12:21:07.504109-04:00,cfbd,401858432,Ohio State,Ball State,DraftKings,-49.5,-49.5,55.5,,,,,,
2026-09-05T12:21:07.504109-04:00,cfbd,401858432,Ohio State,Ball State,Bovada,-51.0,-50.5,56.5,56.5,,,,,
2026-09-05T12:21:07.504109-04:00,cfbd,401856662,Mississippi State,UL Monroe,Bovada,-28.5,-28.5,55.0,55.5,-100000.0,2500.0,,,
2026-09-05T12:21:07.504109-04:00,cfbd,401856662,Mississippi State,UL Monroe,DraftKings,-28.5,-28.5,54.5,,-4000.0,1600.0,,,
2026-09-05T12:21:07.504109-04:00,cfbd,401856660,LSU,Clemson,Bovada,-9.5,-11.5,50.5,51.5,-480.0,350.0,,,
2026-09-05T12:21:07.504109-04:00,cfbd,401856660,LSU,Clemson,DraftKings,-10.0,,50.5,,-380.0,300.0,,,
2026-09-05T12:21:07.504109-04:00,cfbd,401856668,Texas A&M,Missouri State,Bovada,-40.5,-38.5,53.5,52.5,,,,,
2026-09-05T12:21:07.504109-04:00,cfbd,401856668,Texas A&M,Missouri State,DraftKings,-40.5,-38.5,53.5,,,,,,
2026-09-05T17:54:24.415966-04:00,cfbd,401856770,Texas Tech,Abilene Christian,DraftKings,-44.5,-42.5,60.5,59.5,,,,,
2026-09-05T17:54:24.415966-04:00,cfbd,401856770,Texas Tech,Abilene Christian,Bovada,-44.5,-42.5,60.5,59.5,,,,,
2026-09-05T17:54:24.415966-04:00,cfbd,401856771,Kansas State,Nicholls,DraftKings,-41.5,-40.5,54.5,55.5,,,,,
2026-09-05T17:54:24.415966-04:00,cfbd,401856771,Kansas State,Nicholls,Bovada,-41.0,-40.5,55.0,54.5,,,,,
2026-09-05T17:54:24.415966-04:00,cfbd,401858431,Northwestern,South Dakota State,DraftKings,-14.0,-12.5,49.5,46.5,-575.0,425.0,,,
2026-09-05T17:54:24.415966-04:00,cfbd,401858431,Northwestern,South Dakota State,Bovada,-12.5,-12.5,48.5,46.0,-525.0,375.0,,,
2026-09-05T17:54:24.415966-04:00,cfbd,401866411,Sacramento State,Mississippi Valley State,DraftKings,-37.5,-35.5,56.5,56.5,,,,,
2026-09-05T17:54:24.415966-04:00,cfbd,401856775,BYU,Utah Tech,DraftKings,-50.5,-47.5,61.5,54.5,,,,,
2026-09-05T17:54:24.415966-04:00,cfbd,401856775,BYU,Utah Tech,Bovada,-49.5,-51.5,61.0,61.0,,,,,
2026-09-05T17:54:24.415966-04:00,cfbd,401868140,Jacksonville State,Eastern Kentucky,DraftKings,-22.5,-19.5,51.5,52.5,-2100.0,1100.0,,,
2026-09-05T17:54:24.415966-04:00,cfbd,401868140,Jacksonville State,Eastern Kentucky,Bovada,-22.0,-21.0,53.0,53.5,-1600.0,800.0,,,
2026-09-05T17:54:24.415966-04:00,cfbd,401868170,Georgia Southern,Charleston Southern,DraftKings,-28.5,-25.5,51.5,51.5,-5000.0,1800.0,,,
2026-09-05T17:54:24.415966-04:00,cfbd,401868170,Georgia Southern,Charleston Southern,Bovada,-28.0,-25.5,52.5,51.5,-4000.0,1200.0,,,
2026-09-05T17:54:24.415966-04:00,cfbd,401860880,Utah State,Idaho State,DraftKings,-15.5,-11.5,59.5,64.5,-650.0,470.0,,,
2026-09-05T17:54:24.415966-04:00,cfbd,401860880,Utah State,Idaho State,Bovada,-14.5,-14.0,60.0,62.0,-600.0,425.0,,,
2026-09-05T17:54:24.415966-04:00,cfbd,401862697,Rice,Houston Christian,DraftKings,-22.5,-24.5,47.5,47.5,-3600.0,1500.0,,,
2026-09-05T17:54:24.415966-04:00,cfbd,401862697,Rice,Houston Christian,Bovada,-23.0,-22.5,47.5,47.5,-2000.0,950.0,,,
2026-09-05T17:54:24.415966-04:00,cfbd,401869129,Louisiana Tech,Northwestern State,DraftKings,-44.5,-41.5,56.5,52.5,,,,,
2026-09-05T17:54:24.415966-04:00,cfbd,401869129,Louisiana Tech,Northwestern State,Bovada,-44.5,-44.5,56.5,55.5,,,,,
2026-09-05T17:54:24.415966-04:00,cfbd,401856773,Arizona,Northern Arizona,DraftKings,-31.5,-31.5,58.5,56.5,-6500.0,2000.0,,,
2026-09-05T17:54:24.415966-04:00,cfbd,401856773,Arizona,Northern Arizona,Bovada,-31.5,-31.5,58.5,58.5,-10000.0,1600.0,,,
2026-09-05T17:54:24.415966-04:00,cfbd,401858427,Maryland,Hampton,DraftKings,-45.5,-45.5,56.5,56.5,,,,,
2026-09-05T17:54:24.415966-04:00,cfbd,401858427,Maryland,Hampton,Bovada,-45.5,-45.5,56.0,55.5,,,,,
2026-09-05T17:54:24.415966-04:00,cfbd,401867973,Old Dominion,Norfolk State,DraftKings,-41.5,-41.5,52.5,55.5,,,,,
2026-09-05T17:54:24.415966-04:00,cfbd,401867973,Old Dominion,Norfolk State,Bovada,-41.0,-41.0,52.0,52.5,,,,,
2026-09-05T17:54:24.415966-04:00,cfbd,401856774,Arizona State,Morgan State,DraftKings,-43.5,-41.5,52.5,52.5,,,,,
2026-09-05T17:54:24.415966-04:00,cfbd,401856774,Arizona State,Morgan State,Bovada,-45.0,-45.0,52.5,52.5,,,,,
2026-09-05T17:54:24.415966-04:00,cfbd,401869142,Louisiana,Lamar,DraftKings,-20.5,-18.5,48.5,48.5,-1200.0,750.0,,,
2026-09-05T17:54:24.415966-04:00,cfbd,401869142,Louisiana,Lamar,Bovada,-20.0,-20.0,48.5,48.5,-1400.0,750.0,,,
2026-09-05T17:54:24.415966-04:00,cfbd,401868316,South Alabama,SE Louisiana,DraftKings,-13.5,-12.5,53.5,52.5,-575.0,425.0,,,
2026-09-05T17:54:24.415966-04:00,cfbd,401868316,South Alabama,SE Louisiana,Bovada,-14.0,-12.5,53.5,52.5,-510.0,370.0,,,
2026-09-05T17:54:24.415966-04:00,cfbd,401860879,San Diego State,Portland State,DraftKings,-39.5,-38.5,62.5,57.5,,,,,
2026-09-05T17:54:24.415966-04:00,cfbd,401860879,San Diego State,Portland State,Bovada,-40.5,-40.5,62.0,62.0,,,,,
2026-09-05T17:54:24.415966-04:00,cfbd,401856669,Vanderbilt,Austin Peay,DraftKings,-28.5,-30.5,58.5,61.5,-6500.0,2000.0,,,
2026-09-05T17:54:24.415966-04:00,cfbd,401856669,Vanderbilt,Austin Peay,Bovada,-29.0,-29.0,59.0,60.5,-6000.0,1325.0,,,
2026-09-05T17:54:24.415966-04:00,cfbd,401867866,Middle Tennessee,Murray State,DraftKings,-22.5,-20.5,55.5,59.5,-1800.0,1000.0,,,
2026-09-05T17:54:24.415966-04:00,cfbd,401867866,Middle Tennessee,Murray State,Bovada,-22.5,-21.0,56.0,57.5,-1800.0,850.0,,,
2026-09-05T17:54:24.415966-04:00,cfbd,401858211,Virginia Tech,VMI,DraftKings,-53.5,-50.5,59.5,57.5,,,,,
2026-09-05T17:54:24.415966-04:00,cfbd,401858211,Virginia Tech,VMI,Bovada,-54.5,-55.5,62.0,62.0,,,,,
2026-09-05T17:54:24.415966-04:00,cfbd,401870790,New Mexico State,Mercyhurst,DraftKings,-29.5,-24.5,52.5,50.5,-8000.0,2200.0,,,
2026-09-05T17:54:24.415966-04:00,cfbd,401870790,New Mexico State,Mercyhurst,Bovada,-28.5,-28.5,52.0,52.0,,,,,
2026-09-05T17:54:24.415966-04:00,cfbd,401858437,Washington,Washington State,DraftKings,-23.5,-21.5,51.5,,-2400.0,1200.0,,,
2026-09-05T17:54:24.415966-04:00,cfbd,401858437,Washington,Washington State,Bovada,-23.0,-21.5,51.0,50.5,-2200.0,1000.0,,,
2026-09-05T17:54:24.415966-04:00,cfbd,401858428,Michigan,Western Michigan,Bovada,-27.5,-26.5,49.5,47.5,-7000.0,1300.0,,,
2026-09-05T17:54:24.415966-04:00,cfbd,401858428,Michigan,Western Michigan,DraftKings,-27.5,-26.5,49.5,,-6500.0,2000.0,,,
2026-09-05T17:54:24.415966-04:00,cfbd,401864498,New Mexico,Central Michigan,Bovada,-11.0,-12.5,47.0,49.0,-575.0,400.0,,,
2026-09-05T17:54:24.415966-04:00,cfbd,401864498,New Mexico,Central Michigan,DraftKings,-10.5,-12.5,47.5,,-440.0,340.0,,,
2026-09-05T17:54:24.415966-04:00,cfbd,401864497,Hawai'i,UNLV,Bovada,3.0,1.5,55.5,58.5,130.0,-150.0,,,
2026-09-05T17:54:24.415966-04:00,cfbd,401864497,Hawai'i,UNLV,DraftKings,3.0,1.5,55.5,,130.0,-155.0,,,
2026-09-05T17:54:24.415966-04:00,cfbd,401862699,South Florida,Florida International,Bovada,-14.5,-12.5,53.0,54.5,-460.0,340.0,,,
2026-09-05T17:54:24.415966-04:00,cfbd,401862699,South Florida,Florida International,DraftKings,-14.5,-12.5,53.5,,-650.0,470.0,,,
2026-09-05T17:54:24.415966-04:00,cfbd,401870763,Troy,Sam Houston,Bovada,-16.5,-17.0,53.0,50.5,-1300.0,725.0,,,
2026-09-05T17:54:24.415966-04:00,cfbd,401870763,Troy,Sam Houston,DraftKings,-16.5,-17.5,52.5,,-850.0,575.0,,,
2026-09-05T17:54:24.415966-04:00,cfbd,401860878,Colorado State,Wyoming,DraftKings,-2.5,-4.0,46.5,,-142.0,120.0,,,
2026-09-05T17:54:24.415966-04:00,cfbd,401860878,Colorado State,Wyoming,Bovada,-3.0,-4.0,46.5,47.5,-180.0,155.0,,,
2026-09-05T17:54:24.415966-04:00,cfbd,401858210,California,UCLA,Bovada,2.5,-3.5,53.5,53.5,110.0,-130.0,,,
2026-09-05T17:54:24.415966-04:00,cfbd,401858210,California,UCLA,DraftKings,2.5,-1.5,53.5,,120.0,-142.0,,,
2026-09-05T17:54:24.415966-04:00,cfbd,401856637,Florida,Florida Atlantic,Bovada,-26.5,-25.5,59.5,56.5,-6500.0,1300.0,,,
2026-09-05T17:54:24.415966-04:00,cfbd,401856637,Florida,Florida Atlantic,DraftKings,-25.5,-25.5,59.5,,-2400.0,1200.0,,,
2026-09-05T17:54:24.415966-04:00,cfbd,401867883,Northern Colorado,South Dakota,DraftKings,20.5,20.5,56.5,56.5,920.0,-2100.0,,,
2026-09-05T17:54:24.415966-04:00,cfbd,401868158,Southern Utah,Weber State,DraftKings,-14.5,-14.5,58.5,58.5,-820.0,520.0,,,
2026-09-05T17:54:24.415966-04:00,cfbd,401868119,Montana State,Butler,DraftKings,-45.5,-45.5,59.5,59.5,,,,,
2026-09-05T17:54:24.415966-04:00,cfbd,401867939,Florida A&M,South Carolina State,DraftKings,19.5,17.5,55.5,,740.0,-1440.0,,,
2026-09-05T17:54:24.415966-04:00,cfbd,401868967,Prairie View A&M,Texas Southern,DraftKings,-10.5,-10.5,54.5,54.5,-483.0,345.0,,,
2026-09-05T17:54:24.415966-04:00,cfbd,401866626,Davidson,Elon,DraftKings,32.5,31.5,58.5,57.5,,,,,
2026-09-05T17:54:24.415966-04:00,cfbd,401868071,Central Arkansas,West Florida,DraftKings,-7.5,-7.5,55.5,55.5,-296.0,227.0,,,
2026-09-05T17:54:24.415966-04:00,cfbd,401868336,Chattanooga,Tennessee Tech,DraftKings,10.5,10.5,48.5,49.5,358.0,-504.0,,,
2026-09-05T17:54:24.415966-04:00,cfbd,401868163,San Diego,UC Davis,DraftKings,14.5,15.5,54.5,57.5,509.0,-800.0,,,
2026-09-05T17:54:24.415966-04:00,cfbd,401868085,Eastern Washington,Northern Iowa,DraftKings,-7.0,-6.5,52.5,52.5,-280.0,216.0,,,
2026-09-05T17:54:24.415966-04:00,cfbd,401868306,Stephen F. Austin,East Texas A&M,DraftKings,-23.5,-25.5,55.5,56.5,-3300.0,1100.0,,,
2026-09-05T17:54:24.415966-04:00,cfbd,401867989,Bucknell,Villanova,DraftKings,22.5,26.5,54.5,56.5,1160.0,-3700.0,,,
2026-09-05T17:54:24.415966-04:00,cfbd,401867684,UT Martin,Chicago State,DraftKings,-45.5,-44.5,61.5,61.5,,,,,
2026-09-05T17:54:24.415966-04:00,cfbd,401869127,Howard,Richmond,DraftKings,14.0,14.5,43.5,45.5,453.0,-680.0,,,
2026-09-05T17:54:24.415966-04:00,cfbd,401867692,William & Mary,Delaware State,DraftKings,-9.5,-10.0,54.5,56.5,-348.0,262.0,,,
2026-09-05T17:54:24.415966-04:00,cfbd,401864432,Nevada,Western Kentucky,DraftKings,1.5,4.5,51.5,,-108.0,-112.0,,,
2026-09-05T17:54:24.415966-04:00,cfbd,401864432,Nevada,Western Kentucky,Bovada,-1.0,4.0,51.5,53.5,120.0,-140.0,,,
2026-09-05T17:54:24.415966-04:00,cfbd,401867845,Western Illinois,Illinois State,DraftKings,20.5,23.5,58.5,59.5,990.0,-2500.0,,,
2026-09-05T17:54:24.415966-04:00,cfbd,401868274,Mercer,Presbyterian,DraftKings,-22.5,-21.5,54.5,56.5,-2100.0,920.0,,,
2026-09-05T17:54:24.415966-04:00,cfbd,401862695,Memphis,Arkansas State,Bovada,-10.5,-10.5,52.0,55.5,-340.0,270.0,,,
2026-09-05T17:54:24.415966-04:00,cfbd,401862695,Memphis,Arkansas State,DraftKings,-10.5,-10.5,52.5,,-425.0,330.0,,,
2026-09-05T17:54:24.415966-04:00,cfbd,401856660,LSU,Clemson,Bovada,-10.0,-11.5,50.0,51.5,-480.0,350.0,,,
2026-09-05T17:54:24.415966-04:00,cfbd,401856660,LSU,Clemson,DraftKings,-10.0,,49.5,,-360.0,285.0,,,
2026-09-05T17:54:24.415966-04:00,cfbd,401856662,Mississippi State,UL Monroe,Bovada,-28.5,-28.5,55.0,55.5,-100000.0,2500.0,,,
2026-09-05T17:54:24.415966-04:00,cfbd,401856662,Mississippi State,UL Monroe,DraftKings,-28.5,-28.5,54.5,,-4000.0,1600.0,,,
2026-09-05T17:54:24.415966-04:00,cfbd,401856668,Texas A&M,Missouri State,Bovada,-40.5,-38.5,53.5,52.5,,,,,
2026-09-05T17:54:24.415966-04:00,cfbd,401856668,Texas A&M,Missouri State,DraftKings,-40.5,-38.5,53.5,,,,,,
2026-09-10T14:24:11.262324-04:00,odds_api,18dec56516beb8daed598bc5c7a6872d,Miami Hurricanes,Florida A&M Rattlers,fanduel,-59.5,,65.5,,,,2026-09-11T00:00:00Z,-110.0,-118.0
2026-09-10T14:24:11.262324-04:00,odds_api,18dec56516beb8daed598bc5c7a6872d,Miami Hurricanes,Florida A&M Rattlers,betrivers,-59.0,,65.0,,,,2026-09-11T00:00:00Z,-109.0,-113.0
2026-09-10T14:24:11.262324-04:00,odds_api,18dec56516beb8daed598bc5c7a6872d,Miami Hurricanes,Florida A&M Rattlers,draftkings,-59.5,,65.5,,,,2026-09-11T00:00:00Z,-110.0,-108.0
2026-09-10T14:24:11.262324-04:00,odds_api,18dec56516beb8daed598bc5c7a6872d,Miami Hurricanes,Florida A&M Rattlers,bovada,-59.5,,65.0,,,,2026-09-11T00:00:00Z,-105.0,-115.0
2026-09-10T14:24:11.262324-04:00,odds_api,18dec56516beb8daed598bc5c7a6872d,Miami Hurricanes,Florida A&M Rattlers,betmgm,-58.5,,65.5,,,,2026-09-11T00:00:00Z,-115.0,-108.0
2026-09-11T13:23:14.050636-04:00,cfbd,401856679,Michigan,Oklahoma,DraftKings,5.5,-1.5,43.5,46.5,170.0,-205.0,,,
2026-09-11T13:23:14.050636-04:00,cfbd,401856679,Michigan,Oklahoma,Bovada,5.0,-1.5,43.5,45.5,175.0,-210.0,,,
2026-09-11T13:23:14.050636-04:00,cfbd,401856678,Kansas,Missouri,DraftKings,4.5,7.0,51.5,52.5,170.0,-205.0,,,
2026-09-11T13:23:14.050636-04:00,cfbd,401856678,Kansas,Missouri,Bovada,4.5,6.5,51.5,50.0,175.0,-210.0,,,
2026-09-11T13:23:14.050636-04:00,cfbd,401856782,Oklahoma State,Oregon,DraftKings,23.5,18.5,55.5,60.5,1100.0,-2100.0,,,
2026-09-11T13:23:14.050636-04:00,cfbd,401856782,Oklahoma State,Oregon,Bovada,23.5,22.5,55.5,57.5,1000.0,-2200.0,,,
2026-09-11T13:23:14.050636-04:00,cfbd,401856683,Texas A&M,Arizona State,DraftKings,-14.5,-14.5,50.5,51.5,-700.0,500.0,,,
2026-09-11T13:23:14.050636-04:00,cfbd,401856683,Texas A&M,Arizona State,Bovada,-15.0,-14.0,50.5,51.5,-650.0,450.0,,,
2026-09-11T13:23:14.050636-04:00,cfbd,401858221,Virginia Tech,Old Dominion,DraftKings,-19.5,-14.0,48.5,,-1100.0,700.0,,,
2026-09-11T13:23:14.050636-04:00,cfbd,401858221,Virginia Tech,Old Dominion,Bovada,-19.0,-18.5,48.0,51.0,-1200.0,700.0,,,
2026-09-11T13:23:14.050636-04:00,cfbd,401862702,Army,South Florida,DraftKings,-3.0,-1.5,46.5,52.5,-166.0,140.0,,,
2026-09-11T13:23:14.050636-04:00,cfbd,401862702,Army,South Florida,Bovada,-3.0,-3.5,46.0,49.5,-175.0,150.0,,,
2026-09-11T13:23:14.050636-04:00,cfbd,401858442,Temple,Penn State,DraftKings,23.5,21.5,50.5,51.5,1200.0,-2400.0,,,
2026-09-11T13:23:14.050636-04:00,cfbd,401858442,Temple,Penn State,Bovada,24.0,23.5,51.0,49.5,1100.0,-3300.0,,,
2026-09-11T13:23:14.050636-04:00,cfbd,401856781,Kansas State,Washington State,DraftKings,-17.5,-16.5,49.5,51.5,-950.0,625.0,,,
2026-09-11T13:23:14.050636-04:00,cfbd,401856781,Kansas State,Washington State,Bovada,-17.5,-18.5,49.0,49.0,-1100.0,650.0,,,
2026-09-11T13:23:14.050636-04:00,cfbd,401864571,East Carolina,App State,DraftKings,-6.5,-11.5,56.5,56.5,-265.0,215.0,,,
2026-09-11T13:23:14.050636-04:00,cfbd,401864571,East Carolina,App State,Bovada,-6.5,-8.0,56.5,56.5,-350.0,275.0,,,
2026-09-11T13:23:14.050636-04:00,cfbd,401856673,Georgia,Western Kentucky,DraftKings,-39.5,-35.5,55.5,52.5,,,,,
2026-09-11T13:23:14.050636-04:00,cfbd,401856673,Georgia,Western Kentucky,Bovada,-40.0,-39.5,55.0,54.0,,,,,
2026-09-11T13:23:14.050636-04:00,cfbd,401858224,Purdue,Wake Forest,DraftKings,3.0,3.5,49.5,49.5,130.0,-155.0,,,
2026-09-11T13:23:14.050636-04:00,cfbd,401858224,Purdue,Wake Forest,Bovada,3.0,4.5,50.0,50.0,160.0,-185.0,,,
2026-09-11T13:23:14.050636-04:00,cfbd,401858214,Boston College,Rutgers,DraftKings,-3.0,-3.5,53.5,,-166.0,140.0,,,
2026-09-11T13:23:14.050636-04:00,cfbd,401858214,Boston College,Rutgers,Bovada,-3.0,-3.5,53.5,54.5,-170.0,145.0,,,
2026-09-11T13:23:14.293215-04:00,odds_api,340ecb016288a69dfc2227500f14bc46,Louisville Cardinals,Villanova Wildcats,fanduel,-37.5,,57.5,,,,2026-09-11T23:00:00Z,-120.0,-106.0
2026-09-11T13:23:14.293215-04:00,odds_api,340ecb016288a69dfc2227500f14bc46,Louisville Cardinals,Villanova Wildcats,draftkings,-37.5,,56.5,,,,2026-09-11T23:00:00Z,-112.0,-108.0
2026-09-11T13:23:14.293215-04:00,odds_api,340ecb016288a69dfc2227500f14bc46,Louisville Cardinals,Villanova Wildcats,lowvig,-38.5,,57.0,,,,2026-09-11T23:00:00Z,-105.0,-105.0
2026-09-11T13:23:14.293215-04:00,odds_api,340ecb016288a69dfc2227500f14bc46,Louisville Cardinals,Villanova Wildcats,betonlineag,-38.5,,57.0,,,,2026-09-11T23:00:00Z,-105.0,-105.0
2026-09-11T13:23:14.293215-04:00,odds_api,340ecb016288a69dfc2227500f14bc46,Louisville Cardinals,Villanova Wildcats,betrivers,-37.0,,57.5,,,,2026-09-11T23:00:00Z,-109.0,-108.0
2026-09-11T13:23:14.293215-04:00,odds_api,340ecb016288a69dfc2227500f14bc46,Louisville Cardinals,Villanova Wildcats,betmgm,-38.5,,57.5,,,,2026-09-11T23:00:00Z,-110.0,-108.0
2026-09-11T13:23:14.293215-04:00,odds_api,340ecb016288a69dfc2227500f14bc46,Louisville Cardinals,Villanova Wildcats,bovada,-37.5,,57.0,,,,2026-09-11T23:00:00Z,-120.0,-110.0
2026-09-11T13:23:14.293215-04:00,odds_api,b008dac7f2b726219adf07d9857e2c66,NC State Wolfpack,Richmond Spiders,fanduel,-33.5,,50.5,,,,2026-09-11T23:00:00Z,-110.0,-115.0
2026-09-11T13:23:14.293215-04:00,odds_api,b008dac7f2b726219adf07d9857e2c66,NC State Wolfpack,Richmond Spiders,mybookieag,-33.0,,50.5,,,,2026-09-11T23:00:00Z,-110.0,-110.0
2026-09-11T13:23:14.293215-04:00,odds_api,b008dac7f2b726219adf07d9857e2c66,NC State Wolfpack,Richmond Spiders,betrivers,-33.5,,50.5,,,,2026-09-11T23:00:00Z,-113.0,-114.0
2026-09-11T13:23:14.293215-04:00,odds_api,b008dac7f2b726219adf07d9857e2c66,NC State Wolfpack,Richmond Spiders,draftkings,-33.5,,50.5,,-5000.0,1800.0,2026-09-11T23:00:00Z,-115.0,-112.0
2026-09-11T13:23:14.293215-04:00,odds_api,b008dac7f2b726219adf07d9857e2c66,NC State Wolfpack,Richmond Spiders,lowvig,-34.5,,50.5,,,,2026-09-11T23:00:00Z,-110.0,-105.0
2026-09-11T13:23:14.293215-04:00,odds_api,b008dac7f2b726219adf07d9857e2c66,NC State Wolfpack,Richmond Spiders,betonlineag,-34.5,,50.5,,,,2026-09-11T23:00:00Z,-110.0,-105.0
2026-09-11T13:23:14.293215-04:00,odds_api,b008dac7f2b726219adf07d9857e2c66,NC State Wolfpack,Richmond Spiders,betmgm,-33.5,,50.5,,-20000.0,4000.0,2026-09-11T23:00:00Z,-110.0,-108.0
2026-09-11T13:23:14.293215-04:00,odds_api,b008dac7f2b726219adf07d9857e2c66,NC State Wolfpack,Richmond Spiders,bovada,-33.0,,50.0,,,,2026-09-11T23:00:00Z,-110.0,-115.0
2026-09-11T13:23:14.293215-04:00,odds_api,d70ad98172b9cd2090eb75ff32866e04,Virginia Cavaliers,Norfolk State Spartans,fanduel,-46.5,,55.5,,,,2026-09-11T23:00:00Z,-110.0,-115.0
2026-09-11T13:23:14.293215-04:00,odds_api,d70ad98172b9cd2090eb75ff32866e04,Virginia Cavaliers,Norfolk State Spartans,draftkings,-46.5,,55.5,,,,2026-09-11T23:00:00Z,-105.0,-115.0
2026-09-11T13:23:14.293215-04:00,odds_api,d70ad98172b9cd2090eb75ff32866e04,Virginia Cavaliers,Norfolk State Spartans,lowvig,-47.5,,56.0,,,,2026-09-11T23:00:00Z,-110.0,-115.0
2026-09-11T13:23:14.293215-04:00,odds_api,d70ad98172b9cd2090eb75ff32866e04,Virginia Cavaliers,Norfolk State Spartans,betonlineag,-47.5,,56.0,,,,2026-09-11T23:00:00Z,-110.0,-115.0
2026-09-11T13:23:14.293215-04:00,odds_api,d70ad98172b9cd2090eb75ff32866e04,Virginia Cavaliers,Norfolk State Spartans,betrivers,-45.5,,55.5,,,,2026-09-11T23:00:00Z,-109.0,-105.0
2026-09-11T13:23:14.293215-04:00,odds_api,d70ad98172b9cd2090eb75ff32866e04,Virginia Cavaliers,Norfolk State Spartans,betmgm,-45.5,,55.5,,,,2026-09-11T23:00:00Z,-110.0,-110.0
2026-09-11T13:23:14.293215-04:00,odds_api,d70ad98172b9cd2090eb75ff32866e04,Virginia Cavaliers,Norfolk State Spartans,bovada,-46.0,,56.0,,,,2026-09-11T23:00:00Z,-115.0,-110.0
2026-09-11T13:23:14.293215-04:00,odds_api,db698f29983406d35dea606edfdc5922,Boston College,Rutgers Scarlet Knights,fanduel,-3.5,,53.5,,-154.0,128.0,2026-09-11T23:30:00Z,100.0,-110.0
2026-09-11T13:23:14.293215-04:00,odds_api,db698f29983406d35dea606edfdc5922,Boston College,Rutgers Scarlet Knights,mybookieag,-3.0,,53.5,,-166.0,135.0,2026-09-11T23:30:00Z,-110.0,-110.0
2026-09-11T13:23:14.293215-04:00,odds_api,db698f29983406d35dea606edfdc5922,Boston College,Rutgers Scarlet Knights,draftkings,-3.0,,53.5,,-166.0,140.0,2026-09-11T23:30:00Z,-115.0,-110.0
2026-09-11T13:23:14.293215-04:00,odds_api,db698f29983406d35dea606edfdc5922,Boston College,Rutgers Scarlet Knights,lowvig,-3.0,,54.0,,-151.0,131.0,2026-09-11T23:30:00Z,-106.0,-106.0
2026-09-11T13:23:14.293215-04:00,odds_api,db698f29983406d35dea606edfdc5922,Boston College,Rutgers Scarlet Knights,betonlineag,-3.0,,54.0,,-151.0,131.0,2026-09-11T23:30:00Z,-110.0,-108.0
2026-09-11T13:23:14.293215-04:00,odds_api,db698f29983406d35dea606edfdc5922,Boston College,Rutgers Scarlet Knights,betrivers,-3.0,,54.0,,-162.0,130.0,2026-09-11T23:30:00Z,-115.0,-112.0
2026-09-11T13:23:14.293215-04:00,odds_api,db698f29983406d35dea606edfdc5922,Boston College,Rutgers Scarlet Knights,betmgm,-3.0,,53.5,,-160.0,135.0,2026-09-11T23:30:00Z,-115.0,-110.0
2026-09-11T13:23:14.293215-04:00,odds_api,db698f29983406d35dea606edfdc5922,Boston College,Rutgers Scarlet Knights,betus,-3.0,,54.0,,-155.0,134.0,2026-09-11T23:30:00Z,-110.0,-110.0
2026-09-11T13:23:14.293215-04:00,odds_api,db698f29983406d35dea606edfdc5922,Boston College,Rutgers Scarlet Knights,bovada,-3.0,,53.5,,-165.0,135.0,2026-09-11T23:30:00Z,-115.0,-110.0
2026-09-11T13:23:14.293215-04:00,odds_api,912c15dcb8dd09eacabdcb80673d9d72,Kansas Jayhawks,Missouri Tigers,fanduel,4.5,,51.5,,168.0,-205.0,2026-09-12T00:00:00Z,-110.0,-110.0
2026-09-11T13:23:14.293215-04:00,odds_api,912c15dcb8dd09eacabdcb80673d9d72,Kansas Jayhawks,Missouri Tigers,mybookieag,5.0,,51.5,,168.0,-210.0,2026-09-12T00:00:00Z,-110.0,-110.0
2026-09-11T13:23:14.293215-04:00,odds_api,912c15dcb8dd09eacabdcb80673d9d72,Kansas Jayhawks,Missouri Tigers,draftkings,4.5,,51.5,,170.0,-205.0,2026-09-12T00:00:00Z,-108.0,-108.0
2026-09-11T13:23:14.293215-04:00,odds_api,912c15dcb8dd09eacabdcb80673d9d72,Kansas Jayhawks,Missouri Tigers,betrivers,5.0,,52.0,,170.0,-215.0,2026-09-12T00:00:00Z,-112.0,-109.0
2026-09-11T13:23:14.293215-04:00,odds_api,912c15dcb8dd09eacabdcb80673d9d72,Kansas Jayhawks,Missouri Tigers,betmgm,4.5,,51.5,,170.0,-210.0,2026-09-12T00:00:00Z,-108.0,-110.0
2026-09-11T13:23:14.293215-04:00,odds_api,912c15dcb8dd09eacabdcb80673d9d72,Kansas Jayhawks,Missouri Tigers,betonlineag,4.5,,51.5,,174.0,-200.0,2026-09-12T00:00:00Z,-106.0,-110.0
2026-09-11T13:23:14.293215-04:00,odds_api,912c15dcb8dd09eacabdcb80673d9d72,Kansas Jayhawks,Missouri Tigers,lowvig,4.5,,51.5,,174.0,-200.0,2026-09-12T00:00:00Z,-106.0,-108.0
2026-09-11T13:23:14.293215-04:00,odds_api,912c15dcb8dd09eacabdcb80673d9d72,Kansas Jayhawks,Missouri Tigers,betus,4.5,,51.5,,170.0,-200.0,2026-09-12T00:00:00Z,-105.0,-110.0
2026-09-11T13:23:14.293215-04:00,odds_api,912c15dcb8dd09eacabdcb80673d9d72,Kansas Jayhawks,Missouri Tigers,bovada,4.5,,51.5,,170.0,-200.0,2026-09-12T00:00:00Z,-110.0,-110.0
2026-09-11T13:23:14.293215-04:00,odds_api,6dbd3546b178b91878131862fd719e1e,East Carolina,Appalachian State Mountaineers,fanduel,-6.5,,56.5,,-240.0,195.0,2026-09-12T16:00:00Z,-110.0,-106.0
2026-09-11T13:23:14.293215-04:00,odds_api,6dbd3546b178b91878131862fd719e1e,East Carolina,Appalachian State Mountaineers,draftkings,-6.5,,56.5,,-265.0,215.0,2026-09-12T16:00:00Z,-112.0,-112.0
2026-09-11T13:23:14.293215-04:00,odds_api,6dbd3546b178b91878131862fd719e1e,East Carolina,Appalachian State Mountaineers,lowvig,-6.0,,56.5,,-230.0,192.0,2026-09-12T16:00:00Z,-111.0,-108.0
2026-09-11T13:23:14.293215-04:00,odds_api,6dbd3546b178b91878131862fd719e1e,East Carolina,Appalachian State Mountaineers,betonlineag,-6.0,,56.5,,-230.0,192.0,2026-09-12T16:00:00Z,-115.0,-110.0
2026-09-11T13:23:14.293215-04:00,odds_api,6dbd3546b178b91878131862fd719e1e,East Carolina,Appalachian State Mountaineers,betrivers,-6.5,,56.5,,-250.0,200.0,2026-09-12T16:00:00Z,-114.0,-110.0
2026-09-11T13:23:14.293215-04:00,odds_api,6dbd3546b178b91878131862fd719e1e,East Carolina,Appalachian State Mountaineers,betmgm,-6.5,,56.5,,-250.0,200.0,2026-09-12T16:00:00Z,-110.0,-108.0
2026-09-11T13:23:14.293215-04:00,odds_api,6dbd3546b178b91878131862fd719e1e,East Carolina,Appalachian State Mountaineers,bovada,-6.5,,56.5,,-260.0,215.0,2026-09-12T16:00:00Z,-115.0,-105.0
2026-09-11T13:23:14.293215-04:00,odds_api,6dbd3546b178b91878131862fd719e1e,East Carolina,Appalachian State Mountaineers,betus,-6.5,,56.5,,-230.0,195.0,2026-09-12T16:00:00Z,-110.0,-110.0
2026-09-11T13:23:14.293215-04:00,odds_api,6dbd3546b178b91878131862fd719e1e,East Carolina,Appalachian State Mountaineers,mybookieag,-6.5,,56.0,,-250.0,198.0,2026-09-12T16:00:00Z,-110.0,-110.0
2026-09-11T13:23:14.293215-04:00,odds_api,401856683,Texas A&M,Arizona State,draftkings,-14.5,,50.5,,-700.0,500.0,2026-09-12T16:00:00Z,-108.0,-112.0
2026-09-11T13:23:14.293215-04:00,odds_api,401856683,Texas A&M,Arizona State,betrivers,-14.5,,51.0,,-910.0,510.0,2026-09-12T16:00:00Z,-108.0,-109.0
2026-09-11T13:23:14.293215-04:00,odds_api,401856683,Texas A&M,Arizona State,mybookieag,-14.5,,50.5,,-752.0,500.0,2026-09-12T16:00:00Z,-110.0,-110.0
2026-09-11T13:23:14.293215-04:00,odds_api,401856683,Texas A&M,Arizona State,fanduel,-14.5,,50.5,,-800.0,540.0,2026-09-12T16:00:00Z,-110.0,-112.0
2026-09-11T13:23:14.293215-04:00,odds_api,401856683,Texas A&M,Arizona State,lowvig,-15.0,,50.5,,-725.0,520.0,2026-09-12T16:00:00Z,-104.0,-114.0
2026-09-11T13:23:14.293215-04:00,odds_api,401856683,Texas A&M,Arizona State,betonlineag,-15.0,,50.5,,-725.0,520.0,2026-09-12T16:00:00Z,-108.0,-115.0
2026-09-11T13:23:14.293215-04:00,odds_api,401856683,Texas A&M,Arizona State,betmgm,-14.5,,50.5,,-700.0,525.0,2026-09-12T16:00:00Z,-110.0,-112.0
2026-09-11T13:23:14.293215-04:00,odds_api,401856683,Texas A&M,Arizona State,betus,-14.5,,50.5,,-725.0,515.0,2026-09-12T16:00:00Z,-110.0,-110.0
2026-09-11T13:23:14.293215-04:00,odds_api,401856683,Texas A&M,Arizona State,bovada,-15.0,,50.5,,-700.0,475.0,2026-09-12T16:00:00Z,-110.0,-110.0
2026-09-11T13:23:14.293215-04:00,odds_api,a7c7e0143d5131ee3e2d78f356f0089d,Army Black Knights,South Florida,fanduel,-3.5,,46.5,,-170.0,140.0,2026-09-12T16:00:00Z,-105.0,-114.0
2026-09-11T13:23:14.293215-04:00,odds_api,a7c7e0143d5131ee3e2d78f356f0089d,Army Black Knights,South Florida,mybookieag,-3.0,,46.0,,-177.0,143.0,2026-09-12T16:00:00Z,-110.0,-110.0
2026-09-11T13:23:14.293215-04:00,odds_api,a7c7e0143d5131ee3e2d78f356f0089d,Army Black Knights,South Florida,draftkings,-3.0,,46.5,,-166.0,140.0,2026-09-12T16:00:00Z,-118.0,-110.0
2026-09-11T13:23:14.293215-04:00,odds_api,a7c7e0143d5131ee3e2d78f356f0089d,Army Black Knights,South Florida,lowvig,-3.5,,46.0,,-170.0,149.0,2026-09-12T16:00:00Z,104.0,-108.0
2026-09-11T13:23:14.293215-04:00,odds_api,a7c7e0143d5131ee3e2d78f356f0089d,Army Black Knights,South Florida,betonlineag,-3.5,,46.0,,-170.0,149.0,2026-09-12T16:00:00Z,-104.0,-110.0
2026-09-11T13:23:14.293215-04:00,odds_api,a7c7e0143d5131ee3e2d78f356f0089d,Army Black Knights,South Florida,betrivers,-3.5,,47.5,,-175.0,135.0,2026-09-12T16:00:00Z,-106.0,-106.0
2026-09-11T13:23:14.293215-04:00,odds_api,a7c7e0143d5131ee3e2d78f356f0089d,Army Black Knights,South Florida,betmgm,-3.5,,46.5,,-165.0,140.0,2026-09-12T16:00:00Z,-105.0,-108.0
2026-09-11T13:23:14.293215-04:00,odds_api,a7c7e0143d5131ee3e2d78f356f0089d,Army Black Knights,South Florida,betus,-3.0,,46.0,,-170.0,146.0,2026-09-12T16:00:00Z,-115.0,-110.0
2026-09-11T13:23:14.293215-04:00,odds_api,a7c7e0143d5131ee3e2d78f356f0089d,Army Black Knights,South Florida,bovada,-3.0,,46.0,,-165.0,140.0,2026-09-12T16:00:00Z,-120.0,-110.0
2026-09-11T13:23:14.293215-04:00,odds_api,287a959c0717526161988214cb4e01ce,North Carolina,East Tennessee State Buccaneers,fanduel,-35.5,,55.5,,-20000.0,3500.0,2026-09-12T16:00:00Z,-104.0,-106.0
2026-09-11T13:23:14.293215-04:00,odds_api,287a959c0717526161988214cb4e01ce,North Carolina,East Tennessee State Buccaneers,betrivers,-35.0,,54.5,,,,2026-09-12T16:00:00Z,-109.0,-109.0
2026-09-11T13:23:14.293215-04:00,odds_api,287a959c0717526161988214cb4e01ce,North Carolina,East Tennessee State Buccaneers,draftkings,-35.5,,54.5,,,,2026-09-12T16:00:00Z,-110.0,-112.0
2026-09-11T13:23:14.293215-04:00,odds_api,287a959c0717526161988214cb4e01ce,North Carolina,East Tennessee State Buccaneers,betonlineag,-35.5,,54.5,,,,2026-09-12T16:00:00Z,-115.0,-115.0
2026-09-11T13:23:14.293215-04:00,odds_api,287a959c0717526161988214cb4e01ce,North Carolina,East Tennessee State Buccaneers,lowvig,-35.5,,54.5,,,,2026-09-12T16:00:00Z,-115.0,-115.0
2026-09-11T13:23:14.293215-04:00,odds_api,6ab72601a536ccfdbc30904c90644d1a,Liberty Flames,Gardner-Webb Runnin Bulldogs,fanduel,-27.5,,54.5,,-4500.0,1600.0,2026-09-12T16:00:00Z,-114.0,-110.0
2026-09-11T13:23:14.293215-04:00,odds_api,6ab72601a536ccfdbc30904c90644d1a,Liberty Flames,Gardner-Webb Runnin Bulldogs,betrivers,-28.0,,55.5,,,,2026-09-12T16:00:00Z,-107.0,-106.0
2026-09-11T13:23:14.293215-04:00,odds_api,6ab72601a536ccfdbc30904c90644d1a,Liberty Flames,Gardner-Webb Runnin Bulldogs,draftkings,-27.5,,55.5,,-5000.0,1800.0,2026-09-12T16:00:00Z,-108.0,-105.0
2026-09-11T13:23:14.293215-04:00,odds_api,6ab72601a536ccfdbc30904c90644d1a,Liberty Flames,Gardner-Webb Runnin Bulldogs,betonlineag,-27.5,,55.5,,,,2026-09-12T16:00:00Z,-115.0,-115.0
2026-09-11T13:23:14.293215-04:00,odds_api,6ab72601a536ccfdbc30904c90644d1a,Liberty Flames,Gardner-Webb Runnin Bulldogs,lowvig,-27.5,,55.5,,,,2026-09-12T16:00:00Z,-115.0,-115.0
2026-09-11T13:23:14.293215-04:00,odds_api,a50cf094d107e92ff579fba17969676c,Indiana Hoosiers,Howard Bison,fanduel,-56.5,,65.5,,,,2026-09-12T16:00:00Z,-110.0,-110.0
2026-09-11T13:23:14.293215-04:00,odds_api,a50cf094d107e92ff579fba17969676c,Indiana Hoosiers,Howard Bison,betrivers,-56.5,,65.5,,,,2026-09-12T16:00:00Z,-110.0,-109.0
2026-09-11T13:23:14.293215-04:00,odds_api,a50cf094d107e92ff579fba17969676c,Indiana Hoosiers,Howard Bison,draftkings,-56.5,,64.5,,,,2026-09-12T16:00:00Z,-110.0,-110.0
2026-09-11T13:23:14.293215-04:00,odds_api,a50cf094d107e92ff579fba17969676c,Indiana Hoosiers,Howard Bison,betonlineag,-56.5,,64.5,,,,2026-09-12T16:00:00Z,-115.0,-115.0
2026-09-11T13:23:14.293215-04:00,odds_api,a50cf094d107e92ff579fba17969676c,Indiana Hoosiers,Howard Bison,lowvig,-56.5,,64.5,,,,2026-09-12T16:00:00Z,-115.0,-115.0
2026-09-11T13:23:14.293215-04:00,odds_api,401856781,Kansas State,Washington State,fanduel,-16.5,,48.5,,-1100.0,680.0,2026-09-12T16:00:00Z,-124.0,-114.0
2026-09-11T13:23:14.293215-04:00,odds_api,401856781,Kansas State,Washington State,mybookieag,-17.5,,48.5,,-1099.0,650.0,2026-09-12T16:00:00Z,-110.0,-110.0
2026-09-11T13:23:14.293215-04:00,odds_api,401856781,Kansas State,Washington State,draftkings,-17.5,,49.5,,-950.0,625.0,2026-09-12T16:00:00Z,-108.0,-105.0
2026-09-11T13:23:14.293215-04:00,odds_api,401856781,Kansas State,Washington State,betonlineag,-17.5,,49.0,,-900.0,613.0,2026-09-12T16:00:00Z,-110.0,-110.0
2026-09-11T13:23:14.293215-04:00,odds_api,401856781,Kansas State,Washington State,lowvig,-17.5,,49.0,,-900.0,613.0,2026-09-12T16:00:00Z,-106.0,-108.0
2026-09-11T13:23:14.293215-04:00,odds_api,401856781,Kansas State,Washington State,betmgm,-17.5,,48.5,,-900.0,650.0,2026-09-12T16:00:00Z,-108.0,-112.0
2026-09-11T13:23:14.293215-04:00,odds_api,401856781,Kansas State,Washington State,betrivers,-17.5,,48.0,,-1115.0,650.0,2026-09-12T16:00:00Z,-112.0,-112.0
2026-09-11T13:23:14.293215-04:00,odds_api,401856781,Kansas State,Washington State,betus,-17.5,,49.0,,-900.0,600.0,2026-09-12T16:00:00Z,-110.0,-110.0
2026-09-11T13:23:14.293215-04:00,odds_api,401856781,Kansas State,Washington State,bovada,-17.5,,49.0,,-1000.0,625.0,2026-09-12T16:00:00Z,-110.0,-110.0
2026-09-11T13:23:14.293215-04:00,odds_api,f84668c3813a8bed98f8cf0bc3c31a00,Kent State Golden Flashes,Wofford Terriers,fanduel,-11.5,,46.5,,-520.0,385.0,2026-09-12T16:00:00Z,-110.0,-110.0
2026-09-11T13:23:14.293215-04:00,odds_api,f84668c3813a8bed98f8cf0bc3c31a00,Kent State Golden Flashes,Wofford Terriers,betrivers,-11.5,,46.5,,-590.0,410.0,2026-09-12T16:00:00Z,-113.0,-113.0
2026-09-11T13:23:14.293215-04:00,odds_api,f84668c3813a8bed98f8cf0bc3c31a00,Kent State Golden Flashes,Wofford Terriers,draftkings,-11.5,,47.5,,-520.0,390.0,2026-09-12T16:00:00Z,-112.0,-108.0
2026-09-11T13:23:14.293215-04:00,odds_api,f84668c3813a8bed98f8cf0bc3c31a00,Kent State Golden Flashes,Wofford Terriers,betonlineag,-10.5,,47.5,,,,2026-09-12T16:00:00Z,-115.0,-115.0
2026-09-11T13:23:14.293215-04:00,odds_api,f84668c3813a8bed98f8cf0bc3c31a00,Kent State Golden Flashes,Wofford Terriers,lowvig,-10.5,,47.5,,,,2026-09-12T16:00:00Z,-115.0,-115.0
2026-09-11T13:23:14.293215-04:00,odds_api,b38f4f63351c15767e64a76a73589574,Michigan Wolverines,Oklahoma State,fanduel,4.5,,43.5,,172.0,-205.0,2026-09-12T16:00:00Z,-105.0,-105.0
2026-09-11T13:23:14.293215-04:00,odds_api,b38f4f63351c15767e64a76a73589574,Michigan Wolverines,Oklahoma State,bovada,5.0,,43.5,,175.0,-210.0,2026-09-12T16:00:00Z,-110.0,-105.0
2026-09-11T13:23:14.293215-04:00,odds_api,b38f4f63351c15767e64a76a73589574,Michigan Wolverines,Oklahoma State,betmgm,5.0,,43.5,,180.0,-220.0,2026-09-12T16:00:00Z,-110.0,-108.0
2026-09-11T13:23:14.293215-04:00,odds_api,b38f4f63351c15767e64a76a73589574,Michigan Wolverines,Oklahoma State,betrivers,5.5,,43.5,,165.0,-220.0,2026-09-12T16:00:00Z,-110.0,-110.0
2026-09-11T13:23:14.293215-04:00,odds_api,b38f4f63351c15767e64a76a73589574,Michigan Wolverines,Oklahoma State,mybookieag,5.0,,43.5,,185.0,-232.0,2026-09-12T16:00:00Z,-110.0,-110.0
2026-09-11T13:23:14.293215-04:00,odds_api,b38f4f63351c15767e64a76a73589574,Michigan Wolverines,Oklahoma State,draftkings,5.5,,43.5,,190.0,-230.0,2026-09-12T16:00:00Z,-110.0,-112.0
2026-09-11T13:23:14.293215-04:00,odds_api,b38f4f63351c15767e64a76a73589574,Michigan Wolverines,Oklahoma State,betonlineag,5.0,,43.0,,183.0,-215.0,2026-09-12T16:00:00Z,-112.0,-110.0
2026-09-11T13:23:14.293215-04:00,odds_api,b38f4f63351c15767e64a76a73589574,Michigan Wolverines,Oklahoma State,lowvig,5.0,,43.0,,183.0,-215.0,2026-09-12T16:00:00Z,-108.0,-108.0
2026-09-11T13:23:14.293215-04:00,odds_api,b38f4f63351c15767e64a76a73589574,Michigan Wolverines,Oklahoma State,betus,5.0,,43.0,,183.0,-215.0,2026-09-12T16:00:00Z,-110.0,-110.0
2026-09-11T13:23:14.293215-04:00,odds_api,d652c7bc0594f13ef0a2a04e31ef5666,Oklahoma State,Oregon Ducks,fanduel,23.5,,54.5,,1060.0,-2300.0,2026-09-12T16:00:00Z,-115.0,-118.0
2026-09-11T13:23:14.293215-04:00,odds_api,d652c7bc0594f13ef0a2a04e31ef5666,Oklahoma State,Oregon Ducks,mybookieag,23.5,,55.0,,1072.0,-2549.0,2026-09-12T16:00:00Z,-110.0,-110.0
2026-09-11T13:23:14.293215-04:00,odds_api,d652c7bc0594f13ef0a2a04e31ef5666,Oklahoma State,Oregon Ducks,draftkings,23.5,,55.5,,1100.0,-2100.0,2026-09-12T16:00:00Z,-112.0,-105.0
2026-09-11T13:23:14.293215-04:00,odds_api,d652c7bc0594f13ef0a2a04e31ef5666,Oklahoma State,Oregon Ducks,betrivers,23.5,,55.5,,1050.0,-3335.0,2026-09-12T16:00:00Z,-109.0,-113.0
2026-09-11T13:23:14.293215-04:00,odds_api,d652c7bc0594f13ef0a2a04e31ef5666,Oklahoma State,Oregon Ducks,betmgm,23.0,,55.5,,1150.0,-2000.0,2026-09-12T16:00:00Z,-108.0,-105.0
2026-09-11T13:23:14.293215-04:00,odds_api,d652c7bc0594f13ef0a2a04e31ef5666,Oklahoma State,Oregon Ducks,lowvig,23.0,,55.5,,1116.0,-2300.0,2026-09-12T16:00:00Z,-101.0,-103.0
2026-09-11T13:23:14.293215-04:00,odds_api,d652c7bc0594f13ef0a2a04e31ef5666,Oklahoma State,Oregon Ducks,betonlineag,23.0,,55.5,,1116.0,-2300.0,2026-09-12T16:00:00Z,-105.0,-105.0
2026-09-11T13:23:14.293215-04:00,odds_api,d652c7bc0594f13ef0a2a04e31ef5666,Oklahoma State,Oregon Ducks,bovada,23.5,,55.5,,950.0,-2000.0,2026-09-12T16:00:00Z,-110.0,-110.0
2026-09-11T13:23:14.293215-04:00,odds_api,d652c7bc0594f13ef0a2a04e31ef5666,Oklahoma State,Oregon Ducks,betus,23.0,,55.0,,1125.0,-2300.0,2026-09-12T16:00:00Z,-105.0,-110.0
2026-09-11T13:23:14.293215-04:00,odds_api,401858221,Virginia Tech,Old Dominion,draftkings,-19.5,,48.5,,-1100.0,700.0,2026-09-12T16:00:00Z,-102.0,-105.0
2026-09-11T13:23:14.293215-04:00,odds_api,401858221,Virginia Tech,Old Dominion,fanduel,-18.5,,48.5,,-1250.0,740.0,2026-09-12T16:00:00Z,-114.0,-105.0
2026-09-11T13:23:14.293215-04:00,odds_api,401858221,Virginia Tech,Old Dominion,mybookieag,-19.0,,48.5,,-1205.0,690.0,2026-09-12T16:00:00Z,-110.0,-110.0
2026-09-11T13:23:14.293215-04:00,odds_api,401858221,Virginia Tech,Old Dominion,lowvig,-19.0,,48.0,,-1200.0,754.0,2026-09-12T16:00:00Z,-104.0,-108.0
2026-09-11T13:23:14.293215-04:00,odds_api,401858221,Virginia Tech,Old Dominion,betonlineag,-19.0,,48.0,,-1200.0,754.0,2026-09-12T16:00:00Z,-108.0,-110.0
2026-09-11T13:23:14.293215-04:00,odds_api,401858221,Virginia Tech,Old Dominion,betmgm,-19.0,,48.5,,-1100.0,750.0,2026-09-12T16:00:00Z,-108.0,-105.0
2026-09-11T13:23:14.293215-04:00,odds_api,401858221,Virginia Tech,Old Dominion,betrivers,-19.0,,48.5,,-1430.0,750.0,2026-09-12T16:00:00Z,-109.0,-113.0
2026-09-11T13:23:14.293215-04:00,odds_api,401858221,Virginia Tech,Old Dominion,betus,-19.0,,48.0,,-1200.0,750.0,2026-09-12T16:00:00Z,-110.0,-105.0
2026-09-11T13:23:14.293215-04:00,odds_api,401858221,Virginia Tech,Old Dominion,bovada,-19.0,,48.0,,-1100.0,650.0,2026-09-12T16:00:00Z,-110.0,-115.0
2026-09-11T13:23:14.293215-04:00,odds_api,eee54863c6c50d585de1919f1fca51e5,Temple,Penn State Nittany Lions,fanduel,23.5,,50.5,,1400.0,-4000.0,2026-09-12T16:00:00Z,-102.0,-115.0
2026-09-11T13:23:14.293215-04:00,odds_api,eee54863c6c50d585de1919f1fca51e5,Temple,Penn State Nittany Lions,mybookieag,24.0,,51.0,,1130.0,-3366.0,2026-09-12T16:00:00Z,-110.0,-110.0
2026-09-11T13:23:14.293215-04:00,odds_api,eee54863c6c50d585de1919f1fca51e5,Temple,Penn State Nittany Lions,draftkings,23.5,,50.5,,1200.0,-2400.0,2026-09-12T16:00:00Z,-102.0,-115.0
2026-09-11T13:23:14.293215-04:00,odds_api,eee54863c6c50d585de1919f1fca51e5,Temple,Penn State Nittany Lions,lowvig,24.0,,50.5,,1276.0,-3100.0,2026-09-12T16:00:00Z,-109.0,-116.0
2026-09-11T13:23:14.293215-04:00,odds_api,eee54863c6c50d585de1919f1fca51e5,Temple,Penn State Nittany Lions,betonlineag,24.0,,50.5,,1276.0,-3100.0,2026-09-12T16:00:00Z,-113.0,-117.0
2026-09-11T13:23:14.293215-04:00,odds_api,eee54863c6c50d585de1919f1fca51e5,Temple,Penn State Nittany Lions,betmgm,24.0,,50.5,,1400.0,-2500.0,2026-09-12T16:00:00Z,-108.0,-112.0
2026-09-11T13:23:14.293215-04:00,odds_api,eee54863c6c50d585de1919f1fca51e5,Temple,Penn State Nittany Lions,betrivers,24.0,,51.0,,1400.0,-10000.0,2026-09-12T16:00:00Z,-113.0,-109.0
2026-09-11T13:23:14.293215-04:00,odds_api,eee54863c6c50d585de1919f1fca51e5,Temple,Penn State Nittany Lions,betus,24.0,,50.5,,1400.0,-3100.0,2026-09-12T16:00:00Z,-110.0,-115.0
2026-09-11T13:23:14.293215-04:00,odds_api,eee54863c6c50d585de1919f1fca51e5,Temple,Penn State Nittany Lions,bovada,24.0,,51.0,,1000.0,-2500.0,2026-09-12T16:00:00Z,-110.0,-110.0
2026-09-11T13:23:14.293215-04:00,odds_api,5a8d98c3147d18b683d90a536e76eb64,Purdue Boilermakers,Wake Forest Demon Deacons,fanduel,2.5,,49.5,,126.0,-152.0,2026-09-12T16:00:00Z,-102.0,-115.0
2026-09-11T13:23:14.293215-04:00,odds_api,5a8d98c3147d18b683d90a536e76eb64,Purdue Boilermakers,Wake Forest Demon Deacons,mybookieag,3.0,,49.5,,132.0,-162.0,2026-09-12T16:00:00Z,-110.0,-110.0
2026-09-11T13:23:14.293215-04:00,odds_api,5a8d98c3147d18b683d90a536e76eb64,Purdue Boilermakers,Wake Forest Demon Deacons,draftkings,3.0,,49.5,,130.0,-155.0,2026-09-12T16:00:00Z,-108.0,-115.0
2026-09-11T13:23:14.293215-04:00,odds_api,5a8d98c3147d18b683d90a536e76eb64,Purdue Boilermakers,Wake Forest Demon Deacons,lowvig,3.0,,49.5,,134.0,-154.0,2026-09-12T16:00:00Z,-102.0,-115.0
2026-09-11T13:23:14.293215-04:00,odds_api,5a8d98c3147d18b683d90a536e76eb64,Purdue Boilermakers,Wake Forest Demon Deacons,betonlineag,3.0,,49.5,,134.0,-154.0,2026-09-12T16:00:00Z,-106.0,-116.0
2026-09-11T13:23:14.293215-04:00,odds_api,5a8d98c3147d18b683d90a536e76eb64,Purdue Boilermakers,Wake Forest Demon Deacons,betrivers,3.5,,50.0,,128.0,-159.0,2026-09-12T16:00:00Z,-117.0,-112.0
2026-09-11T13:23:14.293215-04:00,odds_api,5a8d98c3147d18b683d90a536e76eb64,Purdue Boilermakers,Wake Forest Demon Deacons,betmgm,3.0,,49.5,,130.0,-160.0,2026-09-12T16:00:00Z,-110.0,-120.0
2026-09-11T13:23:14.293215-04:00,odds_api,5a8d98c3147d18b683d90a536e76eb64,Purdue Boilermakers,Wake Forest Demon Deacons,betus,3.0,,49.5,,134.0,-155.0,2026-09-12T16:00:00Z,-110.0,-110.0
2026-09-11T13:23:14.293215-04:00,odds_api,5a8d98c3147d18b683d90a536e76eb64,Purdue Boilermakers,Wake Forest Demon Deacons,bovada,3.0,,50.0,,135.0,-160.0,2026-09-12T16:00:00Z,-110.0,-110.0
2026-09-11T13:23:14.293215-04:00,odds_api,43ee6255542faa05e9b9853cb1c6289e,Georgia Bulldogs,Western Kentucky,draftkings,-39.5,,55.5,,,,2026-09-12T16:45:00Z,-112.0,-112.0
2026-09-11T13:23:14.293215-04:00,odds_api,43ee6255542faa05e9b9853cb1c6289e,Georgia Bulldogs,Western Kentucky,betonlineag,-40.0,,55.5,,,,2026-09-12T16:45:00Z,-105.0,-110.0
2026-09-11T13:23:14.293215-04:00,odds_api,43ee6255542faa05e9b9853cb1c6289e,Georgia Bulldogs,Western Kentucky,lowvig,-40.0,,55.5,,,,2026-09-12T16:45:00Z,-106.0,-108.0
2026-09-11T13:23:14.293215-04:00,odds_api,43ee6255542faa05e9b9853cb1c6289e,Georgia Bulldogs,Western Kentucky,betrivers,-41.0,,55.5,,,,2026-09-12T16:45:00Z,-110.0,-109.0
2026-09-11T13:23:14.293215-04:00,odds_api,43ee6255542faa05e9b9853cb1c6289e,Georgia Bulldogs,Western Kentucky,betus,-40.5,,55.5,,,,2026-09-12T16:45:00Z,-110.0,-110.0
2026-09-11T13:23:14.293215-04:00,odds_api,43ee6255542faa05e9b9853cb1c6289e,Georgia Bulldogs,Western Kentucky,bovada,-40.0,,55.0,,,,2026-09-12T16:45:00Z,-105.0,-110.0
2026-09-11T13:23:14.293215-04:00,odds_api,43ee6255542faa05e9b9853cb1c6289e,Georgia Bulldogs,Western Kentucky,betmgm,-40.5,,55.5,,,,2026-09-12T16:45:00Z,-110.0,-110.0
2026-09-11T13:23:14.293215-04:00,odds_api,43ee6255542faa05e9b9853cb1c6289e,Georgia Bulldogs,Western Kentucky,fanduel,-40.5,,55.5,,,,2026-09-12T16:45:00Z,-110.0,-112.0
2026-09-11T13:23:14.293215-04:00,odds_api,6e373e2da501d8104f2162d0e2ca6e2d,Central Michigan,Colgate Raiders,fanduel,-22.5,,49.5,,-2500.0,1100.0,2026-09-12T17:00:00Z,-110.0,-110.0
2026-09-11T13:23:14.293215-04:00,odds_api,6e373e2da501d8104f2162d0e2ca6e2d,Central Michigan,Colgate Raiders,betrivers,-22.5,,49.5,,-5000.0,1200.0,2026-09-12T17:00:00Z,-113.0,-120.0
2026-09-11T13:23:14.293215-04:00,odds_api,6e373e2da501d8104f2162d0e2ca6e2d,Central Michigan,Colgate Raiders,draftkings,-24.5,,48.5,,-2400.0,1200.0,2026-09-12T17:00:00Z,-105.0,-115.0
2026-09-11T13:23:14.293215-04:00,odds_api,6e373e2da501d8104f2162d0e2ca6e2d,Central Michigan,Colgate Raiders,betonlineag,-21.0,,48.5,,,,2026-09-12T17:00:00Z,-120.0,-115.0
2026-09-11T13:23:14.293215-04:00,odds_api,6e373e2da501d8104f2162d0e2ca6e2d,Central Michigan,Colgate Raiders,lowvig,-21.0,,48.5,,,,2026-09-12T17:00:00Z,-120.0,-115.0
2026-09-11T13:23:14.293215-04:00,odds_api,2a658c30f1df6cbb619b57193bb781a2,Miami (OH) RedHawks,Holy Cross Crusaders,fanduel,-30.5,,50.5,,-7000.0,2000.0,2026-09-12T17:00:00Z,-115.0,-108.0
2026-09-11T13:23:14.293215-04:00,odds_api,2a658c30f1df6cbb619b57193bb781a2,Miami (OH) RedHawks,Holy Cross Crusaders,betrivers,-31.0,,50.5,,,,2026-09-12T17:00:00Z,-112.0,-115.0
2026-09-11T13:23:14.293215-04:00,odds_api,2a658c30f1df6cbb619b57193bb781a2,Miami (OH) RedHawks,Holy Cross Crusaders,draftkings,-30.5,,49.5,,-9000.0,2500.0,2026-09-12T17:00:00Z,-110.0,-112.0
2026-09-11T13:23:14.293215-04:00,odds_api,2a658c30f1df6cbb619b57193bb781a2,Miami (OH) RedHawks,Holy Cross Crusaders,betonlineag,-30.5,,49.5,,,,2026-09-12T17:00:00Z,-115.0,-115.0
2026-09-11T13:23:14.293215-04:00,odds_api,2a658c30f1df6cbb619b57193bb781a2,Miami (OH) RedHawks,Holy Cross Crusaders,lowvig,-30.5,,49.5,,,,2026-09-12T17:00:00Z,-115.0,-115.0
2026-09-11T13:23:14.293215-04:00,odds_api,c3281cee9975bf6d8ed8106826279caf,West Virginia Mountaineers,UT Martin Skyhawks,fanduel,-41.5,,55.5,,,,2026-09-12T17:00:00Z,-114.0,-112.0
2026-09-11T13:23:14.293215-04:00,odds_api,c3281cee9975bf6d8ed8106826279caf,West Virginia Mountaineers,UT Martin Skyhawks,betrivers,-41.5,,56.5,,,,2026-09-12T17:00:00Z,-114.0,-114.0
2026-09-11T13:23:14.293215-04:00,odds_api,c3281cee9975bf6d8ed8106826279caf,West Virginia Mountaineers,UT Martin Skyhawks,draftkings,-41.5,,55.5,,,,2026-09-12T17:00:00Z,-110.0,-110.0
2026-09-11T13:23:14.293215-04:00,odds_api,c3281cee9975bf6d8ed8106826279caf,West Virginia Mountaineers,UT Martin Skyhawks,betonlineag,-42.0,,55.5,,,,2026-09-12T17:00:00Z,-115.0,-115.0
2026-09-11T18:14:17.429202-04:00,cfbd,401856679,Michigan,Oklahoma,DraftKings,5.5,-1.5,43.5,46.5,170.0,-205.0,,,
2026-09-11T18:14:17.429202-04:00,cfbd,401856679,Michigan,Oklahoma,Bovada,4.5,-1.5,43.5,45.5,175.0,-210.0,,,
2026-09-11T18:14:17.429202-04:00,cfbd,401856782,Oklahoma State,Oregon,DraftKings,23.5,18.5,55.5,60.5,1100.0,-2100.0,,,
2026-09-11T18:14:17.429202-04:00,cfbd,401856782,Oklahoma State,Oregon,Bovada,23.0,22.5,55.5,57.5,1000.0,-2200.0,,,
2026-09-11T18:14:17.429202-04:00,cfbd,401856678,Kansas,Missouri,DraftKings,4.0,7.0,51.5,52.5,160.0,-192.0,,,
2026-09-11T18:14:17.429202-04:00,cfbd,401856678,Kansas,Missouri,Bovada,4.5,6.5,52.0,50.0,175.0,-210.0,,,
2026-09-11T18:14:17.429202-04:00,cfbd,401856683,Texas A&M,Arizona State,DraftKings,-14.5,-14.5,50.5,51.5,-700.0,500.0,,,
2026-09-11T18:14:17.429202-04:00,cfbd,401856683,Texas A&M,Arizona State,Bovada,-15.0,-14.0,50.5,51.5,-650.0,450.0,,,
2026-09-11T18:14:17.429202-04:00,cfbd,401858221,Virginia Tech,Old Dominion,DraftKings,-19.5,-14.0,48.5,,-1100.0,700.0,,,
2026-09-11T18:14:17.429202-04:00,cfbd,401858221,Virginia Tech,Old Dominion,Bovada,-19.0,-18.5,48.0,51.0,-1200.0,700.0,,,
2026-09-11T18:14:17.429202-04:00,cfbd,401856810,BYU,Arizona,DraftKings,-7.5,-6.5,48.5,,-305.0,245.0,,,
2026-09-11T18:14:17.429202-04:00,cfbd,401856810,BYU,Arizona,Bovada,-7.5,-7.5,48.5,50.5,-310.0,255.0,,,
2026-09-11T18:14:17.429202-04:00,cfbd,401856674,Kentucky,Alabama,DraftKings,10.0,10.5,48.5,,320.0,-410.0,,,
2026-09-11T18:14:17.429202-04:00,cfbd,401856674,Kentucky,Alabama,Bovada,10.0,10.5,48.5,49.0,320.0,-430.0,,,
2026-09-11T18:14:17.429202-04:00,cfbd,401860881,Boise State,Memphis,DraftKings,-8.5,-6.5,56.5,,-325.0,260.0,,,
2026-09-11T18:14:17.429202-04:00,cfbd,401860881,Boise State,Memphis,Bovada,-8.5,-7.5,56.0,55.5,-330.0,265.0,,,
2026-09-11T18:14:17.429202-04:00,cfbd,401858217,Illinois,Duke,DraftKings,-6.0,-8.5,51.5,,-238.0,195.0,,,
2026-09-11T18:14:17.429202-04:00,cfbd,401858217,Illinois,Duke,Bovada,-6.0,-6.0,51.5,53.5,-235.0,195.0,,,
2026-09-11T18:14:17.429202-04:00,cfbd,401860884,Texas State,UTSA,DraftKings,-1.5,-1.5,66.5,,-122.0,102.0,,,
2026-09-11T18:14:17.429202-04:00,cfbd,401860884,Texas State,UTSA,Bovada,-1.5,1.0,66.0,64.5,-110.0,-110.0,,,
2026-09-11T18:14:17.429202-04:00,cfbd,401862702,Army,South Florida,DraftKings,-3.0,-1.5,46.5,52.5,-166.0,140.0,,,
2026-09-11T18:14:17.429202-04:00,cfbd,401862702,Army,South Florida,Bovada,-3.0,-3.5,46.0,49.5,-175.0,150.0,,,
2026-09-11T18:14:17.429202-04:00,cfbd,401858216,Syracuse,California,DraftKings,-3.5,1.5,56.5,52.5,-185.0,154.0,,,
2026-09-11T18:14:17.429202-04:00,cfbd,401858216,Syracuse,California,Bovada,-4.0,-3.0,56.5,56.0,-165.0,140.0,,,
2026-09-11T18:14:17.429202-04:00,cfbd,401858442,Temple,Penn State,DraftKings,23.5,21.5,50.5,51.5,1300.0,-2800.0,,,
2026-09-11T18:14:17.429202-04:00,cfbd,401858442,Temple,Penn State,Bovada,24.0,23.5,51.0,49.5,1100.0,-3300.0,,,
2026-09-11T18:14:17.429202-04:00,cfbd,401858446,Washington,Utah State,DraftKings,-27.5,-24.5,55.5,56.5,-4000.0,1600.0,,,
2026-09-11T18:14:17.429202-04:00,cfbd,401858446,Washington,Utah State,Bovada,-27.0,-26.5,55.5,55.5,-5000.0,1300.0,,,
2026-09-11T18:14:17.429202-04:00,cfbd,401856790,Pittsburgh,UCF,DraftKings,-7.0,-8.5,56.5,51.5,-285.0,230.0,,,
2026-09-11T18:14:17.429202-04:00,cfbd,401856790,Pittsburgh,UCF,Bovada,-7.0,-7.5,56.5,57.0,-300.0,250.0,,,
2026-09-11T18:14:17.429202-04:00,cfbd,401858444,UConn,Maryland,DraftKings,11.5,12.5,52.5,53.5,350.0,-455.0,,,
2026-09-11T18:14:17.429202-04:00,cfbd,401858444,UConn,Maryland,Bovada,11.5,12.5,52.0,53.5,360.0,-500.0,,,
2026-09-11T18:14:17.429202-04:00,cfbd,401856781,Kansas State,Washington State,DraftKings,-17.5,-16.5,49.5,51.5,-950.0,625.0,,,
2026-09-11T18:14:17.429202-04:00,cfbd,401856781,Kansas State,Washington State,Bovada,-17.5,-18.5,49.0,49.0,-1100.0,650.0,,,
2026-09-11T18:14:17.429202-04:00,cfbd,401862705,North Texas,UNLV,DraftKings,3.0,6.5,57.5,61.5,136.0,-162.0,,,
2026-09-11T18:14:17.429202-04:00,cfbd,401862705,North Texas,UNLV,Bovada,3.0,4.5,58.0,57.0,160.0,-185.0,,,
2026-09-11T18:14:17.429202-04:00,cfbd,401866418,Ohio,Jacksonville State,DraftKings,-2.5,-2.5,49.5,48.5,-130.0,110.0,,,
2026-09-11T18:14:17.429202-04:00,cfbd,401866418,Ohio,Jacksonville State,Bovada,-2.5,-2.0,50.0,51.5,-125.0,105.0,,,
2026-09-11T18:14:17.429202-04:00,cfbd,401858440,Michigan State,Eastern Michigan,DraftKings,-17.5,-15.5,49.5,51.5,-950.0,625.0,,,
2026-09-11T18:14:17.429202-04:00,cfbd,401858440,Michigan State,Eastern Michigan,Bovada,-17.5,-17.0,50.0,51.0,-1000.0,625.0,,,
2026-09-11T18:14:17.429202-04:00,cfbd,401859184,Notre Dame,Rice,DraftKings,-44.5,-44.5,54.5,52.5,,,,,
2026-09-11T18:14:17.429202-04:00,cfbd,401859184,Notre Dame,Rice,Bovada,-44.5,-44.5,55.0,54.5,,,,,
2026-09-11T18:14:17.429202-04:00,cfbd,401864571,East Carolina,App State,DraftKings,-6.5,-11.5,56.5,56.5,-265.0,215.0,,,
2026-09-11T18:14:17.429202-04:00,cfbd,401864571,East Carolina,App State,Bovada,-6.5,-8.0,56.5,56.5,-350.0,275.0,,,
2026-09-11T18:14:17.429202-04:00,cfbd,401856673,Georgia,Western Kentucky,DraftKings,-39.5,-35.5,55.5,52.5,,,,,
2026-09-11T18:14:17.429202-04:00,cfbd,401856673,Georgia,Western Kentucky,Bovada,-40.0,-39.5,55.0,54.0,,,,,
2026-09-11T18:14:17.429202-04:00,cfbd,401862708,UAB,UL Monroe,DraftKings,-9.5,-7.5,54.5,54.5,-360.0,285.0,,,
2026-09-11T18:14:17.429202-04:00,cfbd,401862708,UAB,UL Monroe,Bovada,-9.0,-10.5,54.0,56.0,-435.0,325.0,,,
2026-09-11T18:14:17.429202-04:00,cfbd,401856677,Minnesota,Mississippi State,DraftKings,1.5,-2.5,54.5,,-105.0,-115.0,,,
2026-09-11T18:14:17.429202-04:00,cfbd,401856677,Minnesota,Mississippi State,Bovada,1.0,1.0,55.0,55.5,-115.0,-105.0,,,
2026-09-11T18:14:17.429202-04:00,cfbd,401858224,Purdue,Wake Forest,DraftKings,3.0,3.5,49.5,49.5,130.0,-155.0,,,
2026-09-11T18:14:17.429202-04:00,cfbd,401858224,Purdue,Wake Forest,Bovada,3.0,4.5,50.0,50.0,160.0,-185.0,,,
2026-09-11T18:14:17.429202-04:00,cfbd,401866414,Florida International,Buffalo,DraftKings,-10.0,-10.5,47.5,51.5,-410.0,320.0,,,
2026-09-11T18:14:17.429202-04:00,cfbd,401866414,Florida International,Buffalo,Bovada,-10.0,-10.0,47.5,48.5,-415.0,310.0,,,
2026-09-11T18:14:17.429202-04:00,cfbd,401856684,Vanderbilt,Delaware,DraftKings,-21.0,-21.5,54.5,55.5,-1350.0,800.0,,,
2026-09-11T18:14:17.429202-04:00,cfbd,401856684,Vanderbilt,Delaware,Bovada,-21.0,-21.0,54.5,53.5,-1800.0,850.0,,,
2026-09-11T18:14:17.429202-04:00,cfbd,401858214,Boston College,Rutgers,DraftKings,-3.0,-3.5,53.5,,-148.0,124.0,,,
2026-09-11T18:14:17.429202-04:00,cfbd,401858214,Boston College,Rutgers,Bovada,-3.0,-3.5,53.5,54.5,-170.0,145.0,,,
2026-09-11T18:14:17.767730-04:00,odds_api,340ecb016288a69dfc2227500f14bc46,Louisville Cardinals,Villanova Wildcats,fanduel,-38.5,,56.5,,,,2026-09-11T23:00:00Z,-110.0,-108.0
2026-09-11T18:14:17.767730-04:00,odds_api,340ecb016288a69dfc2227500f14bc46,Louisville Cardinals,Villanova Wildcats,draftkings,-38.5,,56.5,,,,2026-09-11T23:00:00Z,-108.0,-112.0
2026-09-11T18:14:17.767730-04:00,odds_api,340ecb016288a69dfc2227500f14bc46,Louisville Cardinals,Villanova Wildcats,lowvig,-38.5,,56.5,,,,2026-09-11T23:00:00Z,-105.0,-110.0
2026-09-11T18:14:17.767730-04:00,odds_api,340ecb016288a69dfc2227500f14bc46,Louisville Cardinals,Villanova Wildcats,betonlineag,-38.5,,56.5,,,,2026-09-11T23:00:00Z,-105.0,-110.0
2026-09-11T18:14:17.767730-04:00,odds_api,340ecb016288a69dfc2227500f14bc46,Louisville Cardinals,Villanova Wildcats,betrivers,-38.0,,57.5,,,,2026-09-11T23:00:00Z,-108.0,-115.0
2026-09-11T18:14:17.767730-04:00,odds_api,340ecb016288a69dfc2227500f14bc46,Louisville Cardinals,Villanova Wildcats,betmgm,-37.5,,56.5,,,,2026-09-11T23:00:00Z,-112.0,-110.0
2026-09-11T18:14:17.767730-04:00,odds_api,340ecb016288a69dfc2227500f14bc46,Louisville Cardinals,Villanova Wildcats,bovada,-38.5,,56.5,,,,2026-09-11T23:00:00Z,-110.0,-115.0
2026-09-11T18:14:17.767730-04:00,odds_api,b008dac7f2b726219adf07d9857e2c66,NC State Wolfpack,Richmond Spiders,fanduel,-33.5,,50.5,,,,2026-09-11T23:00:00Z,-110.0,-114.0
2026-09-11T18:14:17.767730-04:00,odds_api,b008dac7f2b726219adf07d9857e2c66,NC State Wolfpack,Richmond Spiders,mybookieag,,,50.5,,,,2026-09-11T23:00:00Z,,-110.0
2026-09-11T18:14:17.767730-04:00,odds_api,b008dac7f2b726219adf07d9857e2c66,NC State Wolfpack,Richmond Spiders,betrivers,-33.5,,50.5,,,,2026-09-11T23:00:00Z,-113.0,-114.0
2026-09-11T18:14:17.767730-04:00,odds_api,b008dac7f2b726219adf07d9857e2c66,NC State Wolfpack,Richmond Spiders,draftkings,-33.5,,50.5,,-6500.0,2000.0,2026-09-11T23:00:00Z,-112.0,-110.0
2026-09-11T18:14:17.767730-04:00,odds_api,b008dac7f2b726219adf07d9857e2c66,NC State Wolfpack,Richmond Spiders,lowvig,-34.0,,50.5,,,,2026-09-11T23:00:00Z,-105.0,-120.0
2026-09-11T18:14:17.767730-04:00,odds_api,b008dac7f2b726219adf07d9857e2c66,NC State Wolfpack,Richmond Spiders,betonlineag,-34.0,,50.5,,,,2026-09-11T23:00:00Z,-105.0,-120.0
2026-09-11T18:14:17.767730-04:00,odds_api,b008dac7f2b726219adf07d9857e2c66,NC State Wolfpack,Richmond Spiders,betmgm,-33.5,,50.5,,-20000.0,4000.0,2026-09-11T23:00:00Z,-110.0,-108.0
2026-09-11T18:14:17.767730-04:00,odds_api,b008dac7f2b726219adf07d9857e2c66,NC State Wolfpack,Richmond Spiders,bovada,-33.0,,50.0,,,,2026-09-11T23:00:00Z,-110.0,-115.0
2026-09-11T18:14:17.767730-04:00,odds_api,d70ad98172b9cd2090eb75ff32866e04,Virginia Cavaliers,Norfolk State Spartans,fanduel,-46.5,,56.5,,,,2026-09-11T23:00:00Z,-110.0,-106.0
2026-09-11T18:14:17.767730-04:00,odds_api,d70ad98172b9cd2090eb75ff32866e04,Virginia Cavaliers,Norfolk State Spartans,draftkings,-46.5,,55.5,,,,2026-09-11T23:00:00Z,-112.0,-118.0
2026-09-11T18:14:17.767730-04:00,odds_api,d70ad98172b9cd2090eb75ff32866e04,Virginia Cavaliers,Norfolk State Spartans,lowvig,-46.5,,56.0,,,,2026-09-11T23:00:00Z,-110.0,-115.0
2026-09-11T18:14:17.767730-04:00,odds_api,d70ad98172b9cd2090eb75ff32866e04,Virginia Cavaliers,Norfolk State Spartans,betonlineag,-46.5,,56.0,,,,2026-09-11T23:00:00Z,-110.0,-115.0
2026-09-11T18:14:17.767730-04:00,odds_api,d70ad98172b9cd2090eb75ff32866e04,Virginia Cavaliers,Norfolk State Spartans,betrivers,-46.0,,55.5,,,,2026-09-11T23:00:00Z,-110.0,-109.0
2026-09-11T18:14:17.767730-04:00,odds_api,d70ad98172b9cd2090eb75ff32866e04,Virginia Cavaliers,Norfolk State Spartans,betmgm,-46.5,,56.5,,,,2026-09-11T23:00:00Z,-110.0,-110.0
2026-09-11T18:14:17.767730-04:00,odds_api,d70ad98172b9cd2090eb75ff32866e04,Virginia Cavaliers,Norfolk State Spartans,bovada,-46.0,,56.0,,,,2026-09-11T23:00:00Z,-120.0,-110.0
2026-09-11T18:14:17.767730-04:00,odds_api,db698f29983406d35dea606edfdc5922,Boston College,Rutgers Scarlet Knights,fanduel,-2.5,,53.5,,-144.0,120.0,2026-09-11T23:30:00Z,-118.0,-115.0
2026-09-11T18:14:17.767730-04:00,odds_api,db698f29983406d35dea606edfdc5922,Boston College,Rutgers Scarlet Knights,mybookieag,-3.0,,53.5,,-156.0,127.0,2026-09-11T23:30:00Z,-105.0,-110.0
2026-09-11T18:14:17.767730-04:00,odds_api,db698f29983406d35dea606edfdc5922,Boston College,Rutgers Scarlet Knights,draftkings,-3.0,,53.5,,-148.0,124.0,2026-09-11T23:30:00Z,-108.0,-105.0
2026-09-11T18:14:17.767730-04:00,odds_api,db698f29983406d35dea606edfdc5922,Boston College,Rutgers Scarlet Knights,lowvig,-3.0,,53.0,,-150.0,130.0,2026-09-11T23:30:00Z,-104.0,-107.0
2026-09-11T18:14:17.767730-04:00,odds_api,db698f29983406d35dea606edfdc5922,Boston College,Rutgers Scarlet Knights,betonlineag,-3.0,,53.0,,-150.0,130.0,2026-09-11T23:30:00Z,-109.0,-109.0
2026-09-11T18:14:17.767730-04:00,odds_api,db698f29983406d35dea606edfdc5922,Boston College,Rutgers Scarlet Knights,betrivers,-3.0,,54.0,,-162.0,130.0,2026-09-11T23:30:00Z,-115.0,-112.0
2026-09-11T18:14:17.767730-04:00,odds_api,db698f29983406d35dea606edfdc5922,Boston College,Rutgers Scarlet Knights,betmgm,-3.0,,53.5,,-150.0,125.0,2026-09-11T23:30:00Z,-105.0,-110.0
2026-09-11T18:14:17.767730-04:00,odds_api,db698f29983406d35dea606edfdc5922,Boston College,Rutgers Scarlet Knights,betus,-3.0,,54.0,,-150.0,129.0,2026-09-11T23:30:00Z,-110.0,-110.0
2026-09-11T18:14:17.767730-04:00,odds_api,db698f29983406d35dea606edfdc5922,Boston College,Rutgers Scarlet Knights,bovada,-3.0,,53.5,,-145.0,125.0,2026-09-11T23:30:00Z,-105.0,-110.0
2026-09-11T18:14:17.767730-04:00,odds_api,912c15dcb8dd09eacabdcb80673d9d72,Kansas Jayhawks,Missouri Tigers,fanduel,4.5,,51.5,,162.0,-196.0,2026-09-12T00:00:00Z,-112.0,-110.0
2026-09-11T18:14:17.767730-04:00,odds_api,912c15dcb8dd09eacabdcb80673d9d72,Kansas Jayhawks,Missouri Tigers,mybookieag,4.0,,51.5,,158.0,-197.0,2026-09-12T00:00:00Z,-110.0,-110.0
2026-09-11T18:14:17.767730-04:00,odds_api,912c15dcb8dd09eacabdcb80673d9d72,Kansas Jayhawks,Missouri Tigers,draftkings,4.0,,51.5,,160.0,-192.0,2026-09-12T00:00:00Z,-108.0,-118.0
2026-09-11T18:14:17.767730-04:00,odds_api,912c15dcb8dd09eacabdcb80673d9d72,Kansas Jayhawks,Missouri Tigers,betrivers,5.0,,51.0,,170.0,-215.0,2026-09-12T00:00:00Z,-112.0,-114.0
2026-09-11T18:14:17.767730-04:00,odds_api,912c15dcb8dd09eacabdcb80673d9d72,Kansas Jayhawks,Missouri Tigers,betmgm,4.0,,51.5,,160.0,-200.0,2026-09-12T00:00:00Z,-110.0,-110.0
2026-09-11T18:14:17.767730-04:00,odds_api,912c15dcb8dd09eacabdcb80673d9d72,Kansas Jayhawks,Missouri Tigers,betonlineag,4.0,,52.0,,165.0,-190.0,2026-09-12T00:00:00Z,-110.0,-110.0
2026-09-11T18:14:17.767730-04:00,odds_api,912c15dcb8dd09eacabdcb80673d9d72,Kansas Jayhawks,Missouri Tigers,lowvig,4.0,,52.0,,165.0,-190.0,2026-09-12T00:00:00Z,-101.0,-108.0
2026-09-11T18:14:17.767730-04:00,odds_api,912c15dcb8dd09eacabdcb80673d9d72,Kansas Jayhawks,Missouri Tigers,betus,4.0,,52.0,,163.0,-190.0,2026-09-12T00:00:00Z,-110.0,-110.0
2026-09-11T18:14:17.767730-04:00,odds_api,912c15dcb8dd09eacabdcb80673d9d72,Kansas Jayhawks,Missouri Tigers,bovada,4.5,,52.0,,170.0,-200.0,2026-09-12T00:00:00Z,-110.0,-110.0
2026-09-11T18:14:17.767730-04:00,odds_api,6dbd3546b178b91878131862fd719e1e,East Carolina,Appalachian State Mountaineers,fanduel,-6.5,,56.5,,-240.0,195.0,2026-09-12T16:00:00Z,-110.0,-106.0
2026-09-11T18:14:17.767730-04:00,odds_api,6dbd3546b178b91878131862fd719e1e,East Carolina,Appalachian State Mountaineers,draftkings,-6.5,,56.5,,-265.0,215.0,2026-09-12T16:00:00Z,-112.0,-112.0
2026-09-11T18:14:17.767730-04:00,odds_api,6dbd3546b178b91878131862fd719e1e,East Carolina,Appalachian State Mountaineers,lowvig,-6.5,,56.5,,-240.0,200.0,2026-09-12T16:00:00Z,-106.0,-108.0
2026-09-11T18:14:17.767730-04:00,odds_api,6dbd3546b178b91878131862fd719e1e,East Carolina,Appalachian State Mountaineers,betonlineag,-6.5,,56.5,,-240.0,200.0,2026-09-12T16:00:00Z,-110.0,-110.0
2026-09-11T18:14:17.767730-04:00,odds_api,6dbd3546b178b91878131862fd719e1e,East Carolina,Appalachian State Mountaineers,betrivers,-6.5,,56.5,,-250.0,200.0,2026-09-12T16:00:00Z,-114.0,-110.0
2026-09-11T18:14:17.767730-04:00,odds_api,6dbd3546b178b91878131862fd719e1e,East Carolina,Appalachian State Mountaineers,betmgm,-6.5,,56.5,,-250.0,200.0,2026-09-12T16:00:00Z,-110.0,-108.0
2026-09-11T18:14:17.767730-04:00,odds_api,6dbd3546b178b91878131862fd719e1e,East Carolina,Appalachian State Mountaineers,bovada,-6.5,,56.5,,-260.0,215.0,2026-09-12T16:00:00Z,-115.0,-105.0
2026-09-11T18:14:17.767730-04:00,odds_api,6dbd3546b178b91878131862fd719e1e,East Carolina,Appalachian State Mountaineers,betus,-6.5,,56.5,,-240.0,203.0,2026-09-12T16:00:00Z,-110.0,-110.0
2026-09-11T18:14:17.767730-04:00,odds_api,6dbd3546b178b91878131862fd719e1e,East Carolina,Appalachian State Mountaineers,mybookieag,-6.5,,56.5,,-255.0,202.0,2026-09-12T16:00:00Z,-110.0,-110.0
2026-09-11T18:14:17.767730-04:00,odds_api,401856683,Texas A&M,Arizona State,draftkings,-14.5,,50.5,,-700.0,500.0,2026-09-12T16:00:00Z,-108.0,-112.0
2026-09-11T18:14:17.767730-04:00,odds_api,401856683,Texas A&M,Arizona State,betrivers,-14.5,,51.0,,-910.0,510.0,2026-09-12T16:00:00Z,-108.0,-109.0
2026-09-11T18:14:17.767730-04:00,odds_api,401856683,Texas A&M,Arizona State,mybookieag,-14.5,,50.5,,-752.0,500.0,2026-09-12T16:00:00Z,-110.0,-110.0
2026-09-11T18:14:17.767730-04:00,odds_api,401856683,Texas A&M,Arizona State,fanduel,-14.5,,50.5,,-720.0,500.0,2026-09-12T16:00:00Z,-110.0,-112.0
2026-09-11T18:14:17.767730-04:00,odds_api,401856683,Texas A&M,Arizona State,lowvig,-15.0,,50.5,,-700.0,505.0,2026-09-12T16:00:00Z,-101.0,-114.0
2026-09-11T18:14:17.767730-04:00,odds_api,401856683,Texas A&M,Arizona State,betonlineag,-15.0,,50.5,,-700.0,505.0,2026-09-12T16:00:00Z,-105.0,-115.0
2026-09-11T18:14:17.767730-04:00,odds_api,401856683,Texas A&M,Arizona State,betmgm,-14.5,,50.5,,-650.0,500.0,2026-09-12T16:00:00Z,-108.0,-110.0
2026-09-11T18:14:17.767730-04:00,odds_api,401856683,Texas A&M,Arizona State,betus,-14.5,,50.5,,-700.0,500.0,2026-09-12T16:00:00Z,-110.0,-110.0
2026-09-11T18:14:17.767730-04:00,odds_api,401856683,Texas A&M,Arizona State,bovada,-14.5,,50.5,,-700.0,475.0,2026-09-12T16:00:00Z,-110.0,-110.0
2026-09-11T18:14:17.767730-04:00,odds_api,a7c7e0143d5131ee3e2d78f356f0089d,Army Black Knights,South Florida,fanduel,-3.5,,46.5,,-166.0,138.0,2026-09-12T16:00:00Z,-102.0,-114.0
2026-09-11T18:14:17.767730-04:00,odds_api,a7c7e0143d5131ee3e2d78f356f0089d,Army Black Knights,South Florida,mybookieag,-3.0,,46.0,,-177.0,143.0,2026-09-12T16:00:00Z,-110.0,-110.0
2026-09-11T18:14:17.767730-04:00,odds_api,a7c7e0143d5131ee3e2d78f356f0089d,Army Black Knights,South Florida,draftkings,-3.0,,46.5,,-166.0,140.0,2026-09-12T16:00:00Z,-118.0,-110.0
2026-09-11T18:14:17.767730-04:00,odds_api,a7c7e0143d5131ee3e2d78f356f0089d,Army Black Knights,South Florida,lowvig,-3.5,,46.0,,-170.0,149.0,2026-09-12T16:00:00Z,104.0,-108.0
2026-09-11T18:14:17.767730-04:00,odds_api,a7c7e0143d5131ee3e2d78f356f0089d,Army Black Knights,South Florida,betonlineag,-3.5,,46.0,,-170.0,149.0,2026-09-12T16:00:00Z,-104.0,-110.0
2026-09-11T18:14:17.767730-04:00,odds_api,a7c7e0143d5131ee3e2d78f356f0089d,Army Black Knights,South Florida,betrivers,-3.5,,46.5,,-175.0,135.0,2026-09-12T16:00:00Z,-106.0,-114.0
2026-09-11T18:14:17.767730-04:00,odds_api,a7c7e0143d5131ee3e2d78f356f0089d,Army Black Knights,South Florida,betmgm,-3.5,,46.5,,-165.0,140.0,2026-09-12T16:00:00Z,-105.0,-108.0
2026-09-11T18:14:17.767730-04:00,odds_api,a7c7e0143d5131ee3e2d78f356f0089d,Army Black Knights,South Florida,betus,-3.0,,46.0,,-170.0,146.0,2026-09-12T16:00:00Z,-115.0,-110.0
2026-09-11T18:14:17.767730-04:00,odds_api,a7c7e0143d5131ee3e2d78f356f0089d,Army Black Knights,South Florida,bovada,-3.0,,46.0,,-165.0,140.0,2026-09-12T16:00:00Z,-120.0,-110.0
2026-09-11T18:14:17.767730-04:00,odds_api,287a959c0717526161988214cb4e01ce,North Carolina,East Tennessee State Buccaneers,fanduel,-35.5,,54.5,,-20000.0,3500.0,2026-09-12T16:00:00Z,-104.0,-112.0
2026-09-11T18:14:17.767730-04:00,odds_api,287a959c0717526161988214cb4e01ce,North Carolina,East Tennessee State Buccaneers,betrivers,-34.5,,54.5,,,,2026-09-12T16:00:00Z,-113.0,-107.0
2026-09-11T18:14:17.767730-04:00,odds_api,287a959c0717526161988214cb4e01ce,North Carolina,East Tennessee State Buccaneers,draftkings,-35.5,,54.5,,,,2026-09-12T16:00:00Z,-110.0,-112.0
2026-09-11T18:14:17.767730-04:00,odds_api,287a959c0717526161988214cb4e01ce,North Carolina,East Tennessee State Buccaneers,betonlineag,-35.5,,54.5,,,,2026-09-12T16:00:00Z,-115.0,-115.0
2026-09-11T18:14:17.767730-04:00,odds_api,287a959c0717526161988214cb4e01ce,North Carolina,East Tennessee State Buccaneers,lowvig,-35.5,,54.5,,,,2026-09-12T16:00:00Z,-115.0,-115.0
2026-09-11T18:14:17.767730-04:00,odds_api,6ab72601a536ccfdbc30904c90644d1a,Liberty Flames,Gardner-Webb Runnin Bulldogs,fanduel,-27.5,,54.5,,-4500.0,1600.0,2026-09-12T16:00:00Z,-114.0,-110.0
2026-09-11T18:14:17.767730-04:00,odds_api,6ab72601a536ccfdbc30904c90644d1a,Liberty Flames,Gardner-Webb Runnin Bulldogs,betrivers,-28.0,,54.5,,,,2026-09-12T16:00:00Z,-107.0,-115.0
2026-09-11T18:14:17.767730-04:00,odds_api,6ab72601a536ccfdbc30904c90644d1a,Liberty Flames,Gardner-Webb Runnin Bulldogs,draftkings,-27.5,,55.5,,-3600.0,1500.0,2026-09-12T16:00:00Z,-108.0,-105.0
2026-09-11T18:14:17.767730-04:00,odds_api,6ab72601a536ccfdbc30904c90644d1a,Liberty Flames,Gardner-Webb Runnin Bulldogs,betonlineag,-27.5,,55.5,,,,2026-09-12T16:00:00Z,-115.0,-115.0
2026-09-11T18:14:17.767730-04:00,odds_api,6ab72601a536ccfdbc30904c90644d1a,Liberty Flames,Gardner-Webb Runnin Bulldogs,lowvig,-27.5,,55.5,,,,2026-09-12T16:00:00Z,-115.0,-115.0
2026-09-11T18:14:17.767730-04:00,odds_api,a50cf094d107e92ff579fba17969676c,Indiana Hoosiers,Howard Bison,fanduel,-56.5,,65.5,,,,2026-09-12T16:00:00Z,-110.0,-110.0
2026-09-11T18:14:17.767730-04:00,odds_api,a50cf094d107e92ff579fba17969676c,Indiana Hoosiers,Howard Bison,betrivers,-56.5,,65.5,,,,2026-09-12T16:00:00Z,-110.0,-108.0
2026-09-11T18:14:17.767730-04:00,odds_api,a50cf094d107e92ff579fba17969676c,Indiana Hoosiers,Howard Bison,draftkings,-56.5,,65.5,,,,2026-09-12T16:00:00Z,-110.0,-105.0
2026-09-11T18:14:17.767730-04:00,odds_api,a50cf094d107e92ff579fba17969676c,Indiana Hoosiers,Howard Bison,betonlineag,-56.5,,64.5,,,,2026-09-12T16:00:00Z,-115.0,-115.0
2026-09-11T18:14:17.767730-04:00,odds_api,a50cf094d107e92ff579fba17969676c,Indiana Hoosiers,Howard Bison,lowvig,-56.5,,64.5,,,,2026-09-12T16:00:00Z,-115.0,-115.0
2026-09-11T18:14:17.767730-04:00,odds_api,e2280b63997737273801521da2ded119,James Madison,Wagner Seahawks,fanduel,-45.5,,55.5,,,,2026-09-12T16:00:00Z,-110.0,-110.0
2026-09-11T18:14:17.767730-04:00,odds_api,e2280b63997737273801521da2ded119,James Madison,Wagner Seahawks,betrivers,-45.0,,55.5,,,,2026-09-12T16:00:00Z,-115.0,-112.0
2026-09-11T18:14:17.767730-04:00,odds_api,e2280b63997737273801521da2ded119,James Madison,Wagner Seahawks,draftkings,-45.5,,55.5,,,,2026-09-12T16:00:00Z,-108.0,100.0
2026-09-11T18:14:17.767730-04:00,odds_api,e2280b63997737273801521da2ded119,James Madison,Wagner Seahawks,betonlineag,-45.5,,54.5,,,,2026-09-12T16:00:00Z,-101.0,-120.0
2026-09-11T18:14:17.767730-04:00,odds_api,e2280b63997737273801521da2ded119,James Madison,Wagner Seahawks,lowvig,-45.5,,54.5,,,,2026-09-12T16:00:00Z,-115.0,-120.0
2026-09-11T18:14:17.767730-04:00,odds_api,401856781,Kansas State,Washington State,fanduel,-17.5,,49.5,,-1250.0,740.0,2026-09-12T16:00:00Z,-110.0,-110.0
2026-09-11T18:14:17.767730-04:00,odds_api,401856781,Kansas State,Washington State,mybookieag,-17.5,,49.0,,-1099.0,650.0,2026-09-12T16:00:00Z,-110.0,-110.0
2026-09-11T18:14:17.767730-04:00,odds_api,401856781,Kansas State,Washington State,draftkings,-17.5,,49.5,,-1000.0,650.0,2026-09-12T16:00:00Z,-108.0,-105.0
2026-09-11T18:14:17.767730-04:00,odds_api,401856781,Kansas State,Washington State,betonlineag,-17.5,,49.5,,-900.0,613.0,2026-09-12T16:00:00Z,-110.0,-110.0
2026-09-11T18:14:17.767730-04:00,odds_api,401856781,Kansas State,Washington State,lowvig,-17.5,,49.5,,-900.0,613.0,2026-09-12T16:00:00Z,-106.0,-108.0
2026-09-11T18:14:17.767730-04:00,odds_api,401856781,Kansas State,Washington State,betmgm,-17.5,,49.5,,-1000.0,700.0,2026-09-12T16:00:00Z,-108.0,-105.0
2026-09-11T18:14:17.767730-04:00,odds_api,401856781,Kansas State,Washington State,betrivers,-17.5,,49.0,,-1115.0,650.0,2026-09-12T16:00:00Z,-110.0,-112.0
2026-09-11T18:14:17.767730-04:00,odds_api,401856781,Kansas State,Washington State,betus,-17.5,,49.0,,-900.0,600.0,2026-09-12T16:00:00Z,-110.0,-110.0
2026-09-11T18:14:17.767730-04:00,odds_api,401856781,Kansas State,Washington State,bovada,-17.5,,49.0,,-1000.0,625.0,2026-09-12T16:00:00Z,-110.0,-110.0
2026-09-11T18:14:17.767730-04:00,odds_api,f84668c3813a8bed98f8cf0bc3c31a00,Kent State Golden Flashes,Wofford Terriers,fanduel,-11.5,,46.5,,-520.0,385.0,2026-09-12T16:00:00Z,-110.0,-110.0
2026-09-11T18:14:17.767730-04:00,odds_api,f84668c3813a8bed98f8cf0bc3c31a00,Kent State Golden Flashes,Wofford Terriers,betrivers,-10.5,,46.5,,-530.0,375.0,2026-09-12T16:00:00Z,-113.0,-109.0
2026-09-11T18:14:17.767730-04:00,odds_api,f84668c3813a8bed98f8cf0bc3c31a00,Kent State Golden Flashes,Wofford Terriers,draftkings,-10.5,,47.5,,-470.0,360.0,2026-09-12T16:00:00Z,-115.0,-108.0
2026-09-11T18:14:17.767730-04:00,odds_api,f84668c3813a8bed98f8cf0bc3c31a00,Kent State Golden Flashes,Wofford Terriers,betonlineag,-10.5,,47.5,,,,2026-09-12T16:00:00Z,-115.0,-115.0
2026-09-11T18:14:17.767730-04:00,odds_api,f84668c3813a8bed98f8cf0bc3c31a00,Kent State Golden Flashes,Wofford Terriers,lowvig,-10.5,,47.5,,,,2026-09-12T16:00:00Z,-115.0,-115.0
2026-09-11T18:14:17.767730-04:00,odds_api,b38f4f63351c15767e64a76a73589574,Michigan Wolverines,Oklahoma State,fanduel,4.5,,43.5,,166.0,-198.0,2026-09-12T16:00:00Z,-110.0,-110.0
2026-09-11T18:14:17.767730-04:00,odds_api,b38f4f63351c15767e64a76a73589574,Michigan Wolverines,Oklahoma State,bovada,4.5,,43.5,,170.0,-200.0,2026-09-12T16:00:00Z,-110.0,-105.0
2026-09-11T18:14:17.767730-04:00,odds_api,b38f4f63351c15767e64a76a73589574,Michigan Wolverines,Oklahoma State,betmgm,4.5,,43.5,,170.0,-210.0,2026-09-12T16:00:00Z,-108.0,-108.0
2026-09-11T18:14:17.767730-04:00,odds_api,b38f4f63351c15767e64a76a73589574,Michigan Wolverines,Oklahoma State,betrivers,5.5,,43.5,,163.0,-215.0,2026-09-12T16:00:00Z,-113.0,-109.0
2026-09-11T18:14:17.767730-04:00,odds_api,b38f4f63351c15767e64a76a73589574,Michigan Wolverines,Oklahoma State,mybookieag,5.0,,43.5,,185.0,-232.0,2026-09-12T16:00:00Z,-110.0,-110.0
2026-09-11T18:14:17.767730-04:00,odds_api,b38f4f63351c15767e64a76a73589574,Michigan Wolverines,Oklahoma State,draftkings,5.5,,43.5,,170.0,-205.0,2026-09-12T16:00:00Z,-112.0,-108.0
2026-09-11T18:14:17.767730-04:00,odds_api,b38f4f63351c15767e64a76a73589574,Michigan Wolverines,Oklahoma State,betonlineag,4.5,,43.5,,174.0,-200.0,2026-09-12T16:00:00Z,-112.0,-110.0
2026-09-11T18:14:17.767730-04:00,odds_api,b38f4f63351c15767e64a76a73589574,Michigan Wolverines,Oklahoma State,lowvig,5.0,,43.5,,174.0,-200.0,2026-09-12T16:00:00Z,-117.0,-108.0
2026-09-11T18:14:17.767730-04:00,odds_api,b38f4f63351c15767e64a76a73589574,Michigan Wolverines,Oklahoma State,betus,4.5,,43.5,,170.0,-200.0,2026-09-12T16:00:00Z,-110.0,-110.0
2026-09-11T18:14:17.767730-04:00,odds_api,d652c7bc0594f13ef0a2a04e31ef5666,Oklahoma State,Oregon Ducks,fanduel,23.5,,55.5,,1060.0,-2300.0,2026-09-12T16:00:00Z,-115.0,-110.0
2026-09-11T18:14:17.767730-04:00,odds_api,d652c7bc0594f13ef0a2a04e31ef5666,Oklahoma State,Oregon Ducks,mybookieag,23.5,,55.0,,1072.0,-2549.0,2026-09-12T16:00:00Z,-110.0,-110.0
2026-09-11T18:14:17.767730-04:00,odds_api,d652c7bc0594f13ef0a2a04e31ef5666,Oklahoma State,Oregon Ducks,draftkings,23.5,,55.5,,1100.0,-2100.0,2026-09-12T16:00:00Z,-115.0,-105.0
2026-09-11T18:14:17.767730-04:00,odds_api,d652c7bc0594f13ef0a2a04e31ef5666,Oklahoma State,Oregon Ducks,betrivers,23.5,,55.5,,1050.0,-3335.0,2026-09-12T16:00:00Z,-112.0,-112.0
2026-09-11T18:14:17.767730-04:00,odds_api,d652c7bc0594f13ef0a2a04e31ef5666,Oklahoma State,Oregon Ducks,betmgm,23.0,,55.5,,1150.0,-2000.0,2026-09-12T16:00:00Z,-108.0,-105.0
2026-09-11T18:14:17.767730-04:00,odds_api,d652c7bc0594f13ef0a2a04e31ef5666,Oklahoma State,Oregon Ducks,lowvig,23.0,,55.5,,1116.0,-2300.0,2026-09-12T16:00:00Z,-101.0,-103.0
2026-09-11T18:14:17.767730-04:00,odds_api,d652c7bc0594f13ef0a2a04e31ef5666,Oklahoma State,Oregon Ducks,betonlineag,23.0,,55.5,,1116.0,-2300.0,2026-09-12T16:00:00Z,-105.0,-105.0
2026-09-11T18:14:17.767730-04:00,odds_api,d652c7bc0594f13ef0a2a04e31ef5666,Oklahoma State,Oregon Ducks,bovada,23.0,,55.5,,950.0,-2000.0,2026-09-12T16:00:00Z,-110.0,-105.0
2026-09-11T18:14:17.767730-04:00,odds_api,d652c7bc0594f13ef0a2a04e31ef5666,Oklahoma State,Oregon Ducks,betus,23.0,,55.0,,1125.0,-2300.0,2026-09-12T16:00:00Z,-105.0,-110.0
2026-09-11T18:14:17.767730-04:00,odds_api,401858221,Virginia Tech,Old Dominion,draftkings,-19.5,,48.5,,-1100.0,700.0,2026-09-12T16:00:00Z,-102.0,-105.0
2026-09-11T18:14:17.767730-04:00,odds_api,401858221,Virginia Tech,Old Dominion,fanduel,-18.5,,48.5,,-1250.0,740.0,2026-09-12T16:00:00Z,-114.0,-105.0
2026-09-11T18:14:17.767730-04:00,odds_api,401858221,Virginia Tech,Old Dominion,mybookieag,-19.0,,48.5,,-1205.0,690.0,2026-09-12T16:00:00Z,-110.0,-110.0
2026-09-11T18:14:17.767730-04:00,odds_api,401858221,Virginia Tech,Old Dominion,lowvig,-19.0,,47.5,,-1200.0,754.0,2026-09-12T16:00:00Z,-104.0,-114.0
2026-09-11T18:14:17.767730-04:00,odds_api,401858221,Virginia Tech,Old Dominion,betonlineag,-19.0,,47.5,,-1200.0,754.0,2026-09-12T16:00:00Z,-108.0,-115.0
2026-09-11T18:14:17.767730-04:00,odds_api,401858221,Virginia Tech,Old Dominion,betmgm,-18.5,,48.5,,-1100.0,750.0,2026-09-12T16:00:00Z,-110.0,-102.0
2026-09-11T18:14:17.767730-04:00,odds_api,401858221,Virginia Tech,Old Dominion,betrivers,-19.0,,48.5,,-1430.0,750.0,2026-09-12T16:00:00Z,-109.0,-115.0
2026-09-11T18:14:17.767730-04:00,odds_api,401858221,Virginia Tech,Old Dominion,betus,-19.0,,48.0,,-1200.0,750.0,2026-09-12T16:00:00Z,-110.0,-105.0
2026-09-11T18:14:17.767730-04:00,odds_api,401858221,Virginia Tech,Old Dominion,bovada,-19.0,,48.0,,-1100.0,650.0,2026-09-12T16:00:00Z,-110.0,-115.0
2026-09-11T18:14:17.767730-04:00,odds_api,eee54863c6c50d585de1919f1fca51e5,Temple,Penn State Nittany Lions,fanduel,23.5,,50.5,,1400.0,-4000.0,2026-09-12T16:00:00Z,-102.0,-115.0
2026-09-11T18:14:17.767730-04:00,odds_api,eee54863c6c50d585de1919f1fca51e5,Temple,Penn State Nittany Lions,mybookieag,24.0,,50.5,,1130.0,-3366.0,2026-09-12T16:00:00Z,-110.0,-110.0
2026-09-11T18:14:17.767730-04:00,odds_api,eee54863c6c50d585de1919f1fca51e5,Temple,Penn State Nittany Lions,draftkings,23.5,,50.5,,1300.0,-2800.0,2026-09-12T16:00:00Z,-102.0,-118.0
2026-09-11T18:14:17.767730-04:00,odds_api,eee54863c6c50d585de1919f1fca51e5,Temple,Penn State Nittany Lions,lowvig,24.0,,51.0,,1276.0,-3100.0,2026-09-12T16:00:00Z,-109.0,-114.0
2026-09-11T18:14:17.767730-04:00,odds_api,eee54863c6c50d585de1919f1fca51e5,Temple,Penn State Nittany Lions,betonlineag,24.0,,51.0,,1276.0,-3100.0,2026-09-12T16:00:00Z,-113.0,-115.0
2026-09-11T18:14:17.767730-04:00,odds_api,eee54863c6c50d585de1919f1fca51e5,Temple,Penn State Nittany Lions,betmgm,24.0,,50.5,,1450.0,-2500.0,2026-09-12T16:00:00Z,-110.0,-118.0
2026-09-11T18:14:17.767730-04:00,odds_api,eee54863c6c50d585de1919f1fca51e5,Temple,Penn State Nittany Lions,betrivers,24.0,,51.0,,1400.0,-10000.0,2026-09-12T16:00:00Z,-113.0,-109.0
2026-09-11T18:14:17.767730-04:00,odds_api,eee54863c6c50d585de1919f1fca51e5,Temple,Penn State Nittany Lions,betus,24.0,,51.0,,1400.0,-3100.0,2026-09-12T16:00:00Z,-110.0,-115.0
2026-09-11T18:14:17.767730-04:00,odds_api,eee54863c6c50d585de1919f1fca51e5,Temple,Penn State Nittany Lions,bovada,24.0,,51.0,,1000.0,-2500.0,2026-09-12T16:00:00Z,-110.0,-110.0
2026-09-11T18:14:17.767730-04:00,odds_api,5a8d98c3147d18b683d90a536e76eb64,Purdue Boilermakers,Wake Forest Demon Deacons,fanduel,2.5,,49.5,,126.0,-152.0,2026-09-12T16:00:00Z,-102.0,-115.0
2026-09-11T18:14:17.767730-04:00,odds_api,5a8d98c3147d18b683d90a536e76eb64,Purdue Boilermakers,Wake Forest Demon Deacons,mybookieag,3.0,,49.5,,129.0,-158.0,2026-09-12T16:00:00Z,-110.0,-110.0
2026-09-11T18:14:17.767730-04:00,odds_api,5a8d98c3147d18b683d90a536e76eb64,Purdue Boilermakers,Wake Forest Demon Deacons,draftkings,3.0,,49.5,,130.0,-155.0,2026-09-12T16:00:00Z,-108.0,-112.0
2026-09-11T18:14:17.767730-04:00,odds_api,5a8d98c3147d18b683d90a536e76eb64,Purdue Boilermakers,Wake Forest Demon Deacons,lowvig,3.0,,50.0,,134.0,-154.0,2026-09-12T16:00:00Z,-102.0,-114.0
2026-09-11T18:14:17.767730-04:00,odds_api,5a8d98c3147d18b683d90a536e76eb64,Purdue Boilermakers,Wake Forest Demon Deacons,betonlineag,3.0,,50.0,,134.0,-154.0,2026-09-12T16:00:00Z,-106.0,-115.0
2026-09-11T18:14:17.767730-04:00,odds_api,5a8d98c3147d18b683d90a536e76eb64,Purdue Boilermakers,Wake Forest Demon Deacons,betrivers,3.0,,50.0,,115.0,-143.0,2026-09-12T16:00:00Z,-117.0,-112.0
2026-09-11T18:14:17.767730-04:00,odds_api,5a8d98c3147d18b683d90a536e76eb64,Purdue Boilermakers,Wake Forest Demon Deacons,betmgm,3.0,,50.5,,130.0,-160.0,2026-09-12T16:00:00Z,-110.0,-108.0
2026-09-11T18:14:17.767730-04:00,odds_api,5a8d98c3147d18b683d90a536e76eb64,Purdue Boilermakers,Wake Forest Demon Deacons,betus,3.0,,49.5,,134.0,-155.0,2026-09-12T16:00:00Z,-110.0,-110.0
2026-09-11T18:14:17.767730-04:00,odds_api,5a8d98c3147d18b683d90a536e76eb64,Purdue Boilermakers,Wake Forest Demon Deacons,bovada,3.0,,50.0,,135.0,-160.0,2026-09-12T16:00:00Z,-110.0,-110.0
2026-09-11T18:14:17.767730-04:00,odds_api,43ee6255542faa05e9b9853cb1c6289e,Georgia Bulldogs,Western Kentucky,draftkings,-39.5,,55.5,,,,2026-09-12T16:45:00Z,-112.0,-112.0
2026-09-11T18:14:17.767730-04:00,odds_api,43ee6255542faa05e9b9853cb1c6289e,Georgia Bulldogs,Western Kentucky,betonlineag,-40.0,,55.5,,,,2026-09-12T16:45:00Z,-105.0,-110.0
2026-09-11T18:14:17.767730-04:00,odds_api,43ee6255542faa05e9b9853cb1c6289e,Georgia Bulldogs,Western Kentucky,lowvig,-40.0,,55.5,,,,2026-09-12T16:45:00Z,-106.0,-108.0
2026-09-11T18:14:17.767730-04:00,odds_api,43ee6255542faa05e9b9853cb1c6289e,Georgia Bulldogs,Western Kentucky,betrivers,-41.5,,55.5,,,,2026-09-12T16:45:00Z,-108.0,-114.0
2026-09-11T18:14:17.767730-04:00,odds_api,43ee6255542faa05e9b9853cb1c6289e,Georgia Bulldogs,Western Kentucky,betus,-40.5,,55.5,,,,2026-09-12T16:45:00Z,-110.0,-110.0
2026-09-11T18:14:17.767730-04:00,odds_api,43ee6255542faa05e9b9853cb1c6289e,Georgia Bulldogs,Western Kentucky,bovada,-40.0,,55.0,,,,2026-09-12T16:45:00Z,-110.0,-110.0
2026-09-11T18:14:17.767730-04:00,odds_api,43ee6255542faa05e9b9853cb1c6289e,Georgia Bulldogs,Western Kentucky,betmgm,-40.5,,55.5,,,,2026-09-12T16:45:00Z,-110.0,-110.0
2026-09-11T18:14:17.767730-04:00,odds_api,43ee6255542faa05e9b9853cb1c6289e,Georgia Bulldogs,Western Kentucky,fanduel,-40.5,,55.5,,,,2026-09-12T16:45:00Z,-110.0,-112.0
2026-09-11T18:14:17.767730-04:00,odds_api,6e373e2da501d8104f2162d0e2ca6e2d,Central Michigan,Colgate Raiders,fanduel,-22.5,,49.5,,-4000.0,1400.0,2026-09-12T17:00:00Z,-115.0,-110.0
2026-09-11T18:14:17.767730-04:00,odds_api,6e373e2da501d8104f2162d0e2ca6e2d,Central Michigan,Colgate Raiders,betrivers,-22.0,,48.5,,-3335.0,1150.0,2026-09-12T17:00:00Z,-112.0,-118.0
2026-09-11T18:14:17.767730-04:00,odds_api,6e373e2da501d8104f2162d0e2ca6e2d,Central Michigan,Colgate Raiders,draftkings,-21.5,,49.5,,-1650.0,950.0,2026-09-12T17:00:00Z,-112.0,-102.0
2026-09-11T18:14:17.767730-04:00,odds_api,6e373e2da501d8104f2162d0e2ca6e2d,Central Michigan,Colgate Raiders,betonlineag,-21.0,,48.5,,,,2026-09-12T17:00:00Z,-125.0,-115.0
2026-09-11T18:14:17.767730-04:00,odds_api,6e373e2da501d8104f2162d0e2ca6e2d,Central Michigan,Colgate Raiders,lowvig,-21.0,,48.5,,,,2026-09-12T17:00:00Z,-125.0,-115.0
2026-09-11T18:14:17.767730-04:00,odds_api,2a658c30f1df6cbb619b57193bb781a2,Miami (OH) RedHawks,Holy Cross Crusaders,fanduel,-30.5,,50.5,,-7000.0,2000.0,2026-09-12T17:00:00Z,-115.0,-108.0
2026-09-11T18:14:17.767730-04:00,odds_api,2a658c30f1df6cbb619b57193bb781a2,Miami (OH) RedHawks,Holy Cross Crusaders,betrivers,-31.0,,50.5,,,,2026-09-12T17:00:00Z,-112.0,-115.0
2026-09-11T18:14:17.767730-04:00,odds_api,2a658c30f1df6cbb619b57193bb781a2,Miami (OH) RedHawks,Holy Cross Crusaders,draftkings,-30.5,,50.5,,-5000.0,1800.0,2026-09-12T17:00:00Z,-112.0,-110.0
2026-09-11T18:14:17.767730-04:00,odds_api,2a658c30f1df6cbb619b57193bb781a2,Miami (OH) RedHawks,Holy Cross Crusaders,betonlineag,-30.5,,50.5,,,,2026-09-12T17:00:00Z,-115.0,-120.0
2026-09-11T18:14:17.767730-04:00,odds_api,2a658c30f1df6cbb619b57193bb781a2,Miami (OH) RedHawks,Holy Cross Crusaders,lowvig,-30.5,,50.5,,,,2026-09-12T17:00:00Z,-115.0,-120.0
2026-09-11T18:14:17.767730-04:00,odds_api,c3281cee9975bf6d8ed8106826279caf,West Virginia Mountaineers,UT Martin Skyhawks,fanduel,-41.5,,55.5,,,,2026-09-12T17:00:00Z,-114.0,-112.0
2026-09-11T18:14:17.767730-04:00,odds_api,c3281cee9975bf6d8ed8106826279caf,West Virginia Mountaineers,UT Martin Skyhawks,betrivers,-41.0,,56.5,,,,2026-09-12T17:00:00Z,-113.0,-110.0
2026-09-11T18:14:17.767730-04:00,odds_api,c3281cee9975bf6d8ed8106826279caf,West Virginia Mountaineers,UT Martin Skyhawks,draftkings,-41.5,,55.5,,,,2026-09-12T17:00:00Z,-118.0,-110.0
2026-09-11T18:14:17.767730-04:00,odds_api,c3281cee9975bf6d8ed8106826279caf,West Virginia Mountaineers,UT Martin Skyhawks,betonlineag,-42.0,,55.5,,,,2026-09-12T17:00:00Z,-115.0,-115.0
2026-09-11T18:14:17.767730-04:00,odds_api,50ca382289647d24354223aa3512c02f,Ball State Cardinals,Stony Brook Seawolves,fanduel,-14.5,,55.5,,-750.0,520.0,2026-09-12T18:00:00Z,-106.0,-106.0
2026-09-11T18:14:17.767730-04:00,odds_api,50ca382289647d24354223aa3512c02f,Ball State Cardinals,Stony Brook Seawolves,betrivers,-14.5,,55.5,,-910.0,575.0,2026-09-12T18:00:00Z,-112.0,-108.0
2026-09-11T18:14:17.767730-04:00,odds_api,50ca382289647d24354223aa3512c02f,Ball State Cardinals,Stony Brook Seawolves,draftkings,-14.0,,55.5,,-700.0,500.0,2026-09-12T18:00:00Z,-115.0,-108.0
2026-09-11T18:14:17.767730-04:00,odds_api,50ca382289647d24354223aa3512c02f,Ball State Cardinals,Stony Brook Seawolves,betonlineag,-13.5,,55.0,,,,2026-09-12T18:00:00Z,-125.0,-110.0
2026-09-11T18:14:17.767730-04:00,odds_api,50ca382289647d24354223aa3512c02f,Ball State Cardinals,Stony Brook Seawolves,lowvig,-13.5,,55.0,,,,2026-09-12T18:00:00Z,-125.0,-110.0
2026-09-11T18:14:17.767730-04:00,odds_api,0c68f1ebc9e9f2bc6a8fb51e072e35b9,Akron Zips,Robert Morris Colonials,fanduel,-27.5,,43.5,,-10000.0,2400.0,2026-09-12T19:30:00Z,-114.0,-108.0
2026-09-11T18:14:17.767730-04:00,odds_api,0c68f1ebc9e9f2bc6a8fb51e072e35b9,Akron Zips,Robert Morris Colonials,betrivers,-27.5,,42.5,,,,2026-09-12T19:30:00Z,-110.0,-110.0
2026-09-11T18:14:17.767730-04:00,odds_api,0c68f1ebc9e9f2bc6a8fb51e072e35b9,Akron Zips,Robert Morris Colonials,draftkings,-27.5,,43.5,,-3600.0,1500.0,2026-09-12T19:30:00Z,-110.0,-118.0
2026-09-11T18:14:17.767730-04:00,odds_api,0c68f1ebc9e9f2bc6a8fb51e072e35b9,Akron Zips,Robert Morris Colonials,betonlineag,-27.5,,44.0,,,,2026-09-12T19:30:00Z,-115.0,-120.0
2026-09-11T18:14:17.767730-04:00,odds_api,0c68f1ebc9e9f2bc6a8fb51e072e35b9,Akron Zips,Robert Morris Colonials,lowvig,-27.5,,44.0,,,,2026-09-12T19:30:00Z,-115.0,-120.0
2026-09-11T18:14:17.767730-04:00,odds_api,2cb6f8436ba0f1fbcdcd7871a03466d5,Kentucky Wildcats,Alabama Crimson Tide,draftkings,10.0,,48.5,,320.0,-410.0,2026-09-12T19:30:00Z,-110.0,-105.0
2026-09-11T18:14:17.767730-04:00,odds_api,2cb6f8436ba0f1fbcdcd7871a03466d5,Kentucky Wildcats,Alabama Crimson Tide,fanduel,10.5,,48.5,,290.0,-375.0,2026-09-12T19:30:00Z,-122.0,-105.0
2026-09-11T18:14:17.767730-04:00,odds_api,2cb6f8436ba0f1fbcdcd7871a03466d5,Kentucky Wildcats,Alabama Crimson Tide,betrivers,10.0,,48.5,,310.0,-480.0,2026-09-12T19:30:00Z,-114.0,-112.0
2026-09-11T18:14:17.767730-04:00,odds_api,2cb6f8436ba0f1fbcdcd7871a03466d5,Kentucky Wildcats,Alabama Crimson Tide,betmgm,10.0,,48.5,,310.0,-400.0,2026-09-12T19:30:00Z,-110.0,-105.0
2026-09-11T18:14:17.767730-04:00,odds_api,2cb6f8436ba0f1fbcdcd7871a03466d5,Kentucky Wildcats,Alabama Crimson Tide,betonlineag,10.0,,48.5,,316.0,-400.0,2026-09-12T19:30:00Z,-109.0,-110.0
2026-09-11T18:14:17.767730-04:00,odds_api,2cb6f8436ba0f1fbcdcd7871a03466d5,Kentucky Wildcats,Alabama Crimson Tide,lowvig,10.0,,48.5,,316.0,-400.0,2026-09-12T19:30:00Z,-105.0,-108.0
2026-09-11T18:14:17.767730-04:00,odds_api,2cb6f8436ba0f1fbcdcd7871a03466d5,Kentucky Wildcats,Alabama Crimson Tide,betus,10.0,,48.5,,320.0,-400.0,2026-09-12T19:30:00Z,-110.0,-110.0
2026-09-11T18:14:17.767730-04:00,odds_api,2cb6f8436ba0f1fbcdcd7871a03466d5,Kentucky Wildcats,Alabama Crimson Tide,mybookieag,10.0,,48.5,,320.0,-429.0,2026-09-12T19:30:00Z,-110.0,-110.0
2026-09-11T18:14:17.767730-04:00,odds_api,2cb6f8436ba0f1fbcdcd7871a03466d5,Kentucky Wildcats,Alabama Crimson Tide,bovada,10.0,,48.5,,310.0,-415.0,2026-09-12T19:30:00Z,-110.0,-110.0
2026-09-11T18:14:17.767730-04:00,odds_api,6e781bfdb712f185fb1be983bc10af15,BYU Cougars,Arizona Wildcats,draftkings,-7.5,,48.5,,-305.0,245.0,2026-09-12T19:30:00Z,-108.0,-108.0
2026-09-11T18:14:17.767730-04:00,odds_api,6e781bfdb712f185fb1be983bc10af15,BYU Cougars,Arizona Wildcats,fanduel,-7.5,,48.5,,-320.0,255.0,2026-09-12T19:30:00Z,-110.0,-106.0
2026-09-11T18:14:17.767730-04:00,odds_api,6e781bfdb712f185fb1be983bc10af15,BYU Cougars,Arizona Wildcats,betrivers,-7.5,,48.0,,-335.0,250.0,2026-09-12T19:30:00Z,-107.0,-110.0
2026-09-11T18:14:17.767730-04:00,odds_api,6e781bfdb712f185fb1be983bc10af15,BYU Cougars,Arizona Wildcats,betmgm,-7.5,,48.5,,-300.0,240.0,2026-09-12T19:30:00Z,-110.0,-108.0
2026-09-11T18:14:17.767730-04:00,odds_api,6e781bfdb712f185fb1be983bc10af15,BYU Cougars,Arizona Wildcats,lowvig,-7.5,,48.5,,-277.0,228.0,2026-09-12T19:30:00Z,-102.0,-114.0
2026-09-11T18:14:17.767730-04:00,odds_api,6e781bfdb712f185fb1be983bc10af15,BYU Cougars,Arizona Wildcats,betonlineag,-7.5,,48.5,,-277.0,228.0,2026-09-12T19:30:00Z,-104.0,-115.0
2026-09-11T18:14:17.767730-04:00,odds_api,6e781bfdb712f185fb1be983bc10af15,BYU Cougars,Arizona Wildcats,betus,-7.5,,48.5,,-275.0,230.0,2026-09-12T19:30:00Z,-110.0,-110.0
2026-09-11T18:14:17.767730-04:00,odds_api,6e781bfdb712f185fb1be983bc10af15,BYU Cougars,Arizona Wildcats,mybookieag,-7.5,,48.0,,-330.0,255.0,2026-09-12T19:30:00Z,-110.0,-110.0
2026-09-11T18:14:17.767730-04:00,odds_api,6e781bfdb712f185fb1be983bc10af15,BYU Cougars,Arizona Wildcats,bovada,-7.5,,48.5,,-290.0,240.0,2026-09-12T19:30:00Z,-105.0,-110.0
2026-09-11T18:14:17.767730-04:00,odds_api,1427645d6020f742eece986c58bdb29d,Syracuse Orange,California Golden Bears,fanduel,-3.5,,56.5,,-178.0,146.0,2026-09-12T19:30:00Z,-108.0,-114.0
2026-09-11T18:14:17.767730-04:00,odds_api,1427645d6020f742eece986c58bdb29d,Syracuse Orange,California Golden Bears,draftkings,-3.5,,56.5,,-185.0,154.0,2026-09-12T19:30:00Z,-110.0,-112.0
2026-09-11T18:14:17.767730-04:00,odds_api,1427645d6020f742eece986c58bdb29d,Syracuse Orange,California Golden Bears,lowvig,-3.5,,56.5,,-180.0,157.0,2026-09-12T19:30:00Z,-106.0,-114.0
2026-09-11T18:14:17.767730-04:00,odds_api,1427645d6020f742eece986c58bdb29d,Syracuse Orange,California Golden Bears,betonlineag,-3.5,,56.5,,-180.0,157.0,2026-09-12T19:30:00Z,-110.0,-115.0
2026-09-11T18:14:17.767730-04:00,odds_api,1427645d6020f742eece986c58bdb29d,Syracuse Orange,California Golden Bears,betrivers,-3.5,,56.5,,-190.0,150.0,2026-09-12T19:30:00Z,-113.0,-112.0
2026-09-11T18:14:17.767730-04:00,odds_api,1427645d6020f742eece986c58bdb29d,Syracuse Orange,California Golden Bears,betmgm,-3.5,,56.5,,-185.0,150.0,2026-09-12T19:30:00Z,-110.0,-110.0
2026-09-11T18:14:17.767730-04:00,odds_api,1427645d6020f742eece986c58bdb29d,Syracuse Orange,California Golden Bears,betus,-3.5,,57.0,,-180.0,155.0,2026-09-12T19:30:00Z,-110.0,-110.0
2026-09-11T18:14:17.767730-04:00,odds_api,1427645d6020f742eece986c58bdb29d,Syracuse Orange,California Golden Bears,mybookieag,-3.5,,57.0,,-182.0,147.0,2026-09-12T19:30:00Z,-110.0,-110.0
2026-09-11T18:14:17.767730-04:00,odds_api,1427645d6020f742eece986c58bdb29d,Syracuse Orange,California Golden Bears,bovada,-4.0,,56.5,,-185.0,160.0,2026-09-12T19:30:00Z,-105.0,-115.0
2026-09-11T18:14:17.767730-04:00,odds_api,28bb2aa99c25784abd9be51bba32c472,Toledo Rockets,Central Connecticut Blue Devils,fanduel,-35.5,,54.5,,,,2026-09-12T19:30:00Z,-106.0,-106.0
2026-09-11T18:14:17.767730-04:00,odds_api,28bb2aa99c25784abd9be51bba32c472,Toledo Rockets,Central Connecticut Blue Devils,betrivers,-35.0,,55.5,,,,2026-09-12T19:30:00Z,-112.0,-109.0
2026-09-11T18:14:17.767730-04:00,odds_api,28bb2aa99c25784abd9be51bba32c472,Toledo Rockets,Central Connecticut Blue Devils,draftkings,-35.5,,54.5,,-20000.0,3500.0,2026-09-12T19:30:00Z,-110.0,-112.0
2026-09-11T18:14:17.767730-04:00,odds_api,f33d69b70bdc14e4182a474c2cc29419,Colorado Buffaloes,Weber State Wildcats,fanduel,-34.5,,55.5,,-30000.0,4000.0,2026-09-12T19:30:00Z,-105.0,-106.0
2026-09-11T18:14:17.767730-04:00,odds_api,f33d69b70bdc14e4182a474c2cc29419,Colorado Buffaloes,Weber State Wildcats,betrivers,-33.5,,54.5,,,,2026-09-12T19:30:00Z,-112.0,-115.0
2026-09-11T18:14:17.767730-04:00,odds_api,f33d69b70bdc14e4182a474c2cc29419,Colorado Buffaloes,Weber State Wildcats,draftkings,-34.5,,55.5,,-6500.0,2000.0,2026-09-12T19:30:00Z,-108.0,-105.0
2026-09-11T18:14:17.767730-04:00,odds_api,f33d69b70bdc14e4182a474c2cc29419,Colorado Buffaloes,Weber State Wildcats,lowvig,-34.5,,54.5,,,,2026-09-12T19:30:00Z,-115.0,-125.0
2026-09-11T18:14:17.767730-04:00,odds_api,52e9b0f6515766724ee70457912bdc18,Illinois Fighting Illini,Duke Blue Devils,draftkings,-6.0,,51.5,,-238.0,195.0,2026-09-12T19:30:00Z,-108.0,-112.0
2026-09-11T18:14:17.767730-04:00,odds_api,52e9b0f6515766724ee70457912bdc18,Illinois Fighting Illini,Duke Blue Devils,fanduel,-5.5,,51.5,,-235.0,190.0,2026-09-12T19:30:00Z,-115.0,-110.0
2026-09-11T18:14:17.767730-04:00,odds_api,52e9b0f6515766724ee70457912bdc18,Illinois Fighting Illini,Duke Blue Devils,betrivers,-5.5,,51.5,,-230.0,180.0,2026-09-12T19:30:00Z,-114.0,-112.0
2026-09-11T18:14:17.767730-04:00,odds_api,52e9b0f6515766724ee70457912bdc18,Illinois Fighting Illini,Duke Blue Devils,betonlineag,-6.0,,51.0,,-250.0,207.0,2026-09-12T19:30:00Z,-112.0,-115.0
2026-09-11T18:14:17.767730-04:00,odds_api,52e9b0f6515766724ee70457912bdc18,Illinois Fighting Illini,Duke Blue Devils,lowvig,-6.0,,51.0,,-250.0,207.0,2026-09-12T19:30:00Z,-108.0,-114.0
2026-09-11T18:14:17.767730-04:00,odds_api,52e9b0f6515766724ee70457912bdc18,Illinois Fighting Illini,Duke Blue Devils,betmgm,-6.0,,51.5,,-235.0,195.0,2026-09-12T19:30:00Z,-110.0,-110.0
2026-09-11T18:14:17.767730-04:00,odds_api,52e9b0f6515766724ee70457912bdc18,Illinois Fighting Illini,Duke Blue Devils,betus,-6.0,,51.5,,-225.0,190.0,2026-09-12T19:30:00Z,-110.0,-110.0
2026-09-11T18:14:17.767730-04:00,odds_api,52e9b0f6515766724ee70457912bdc18,Illinois Fighting Illini,Duke Blue Devils,mybookieag,-6.0,,51.5,,-244.0,194.0,2026-09-12T19:30:00Z,-110.0,-110.0
2026-09-11T18:14:17.767730-04:00,odds_api,52e9b0f6515766724ee70457912bdc18,Illinois Fighting Illini,Duke Blue Devils,bovada,-6.0,,51.5,,-230.0,190.0,2026-09-12T19:30:00Z,-110.0,-110.0
2026-09-11T18:14:17.767730-04:00,odds_api,401858440,Michigan State,Eastern Michigan,fanduel,-17.5,,49.5,,-1000.0,640.0,2026-09-12T19:30:00Z,-106.0,-110.0
2026-09-11T18:14:17.767730-04:00,odds_api,401858440,Michigan State,Eastern Michigan,draftkings,-17.5,,49.5,,-900.0,600.0,2026-09-12T19:30:00Z,-108.0,-115.0
2026-09-11T18:14:17.767730-04:00,odds_api,401858440,Michigan State,Eastern Michigan,lowvig,-17.5,,49.5,,-1000.0,661.0,2026-09-12T19:30:00Z,-101.0,-108.0
2026-09-11T18:14:17.767730-04:00,odds_api,401858440,Michigan State,Eastern Michigan,betonlineag,-17.5,,49.5,,-1000.0,661.0,2026-09-12T19:30:00Z,-105.0,-110.0
2026-09-11T18:14:17.767730-04:00,odds_api,401858440,Michigan State,Eastern Michigan,betmgm,-17.0,,49.5,,-900.0,650.0,2026-09-12T19:30:00Z,-110.0,-112.0
2026-09-11T18:14:17.767730-04:00,odds_api,401858440,Michigan State,Eastern Michigan,betrivers,-17.5,,49.5,,-1250.0,650.0,2026-09-12T19:30:00Z,-109.0,-114.0
2026-09-11T18:14:17.767730-04:00,odds_api,401858440,Michigan State,Eastern Michigan,betus,-17.5,,49.5,,-1000.0,650.0,2026-09-12T19:30:00Z,-105.0,-110.0
2026-09-11T18:14:17.767730-04:00,odds_api,401858440,Michigan State,Eastern Michigan,mybookieag,-17.5,,49.5,,-1099.0,630.0,2026-09-12T19:30:00Z,-110.0,-110.0
2026-09-11T18:14:17.767730-04:00,odds_api,401858440,Michigan State,Eastern Michigan,bovada,-17.5,,50.0,,-1000.0,625.0,2026-09-12T19:30:00Z,-110.0,-115.0
2026-09-11T18:14:17.767730-04:00,odds_api,70a4d83a64789d57f114b077a570ea27,UConn Huskies,Maryland Terrapins,fanduel,11.5,,52.5,,350.0,-465.0,2026-09-12T19:30:00Z,-110.0,-105.0
2026-09-11T18:14:17.767730-04:00,odds_api,70a4d83a64789d57f114b077a570ea27,UConn Huskies,Maryland Terrapins,draftkings,11.5,,52.5,,350.0,-455.0,2026-09-12T19:30:00Z,-112.0,-105.0
2026-09-11T18:14:17.767730-04:00,odds_api,70a4d83a64789d57f114b077a570ea27,UConn Huskies,Maryland Terrapins,lowvig,11.5,,52.0,,350.0,-450.0,2026-09-12T19:30:00Z,-106.0,-103.0
2026-09-11T18:14:17.767730-04:00,odds_api,70a4d83a64789d57f114b077a570ea27,UConn Huskies,Maryland Terrapins,betonlineag,11.5,,52.0,,350.0,-450.0,2026-09-12T19:30:00Z,-110.0,-105.0
2026-09-11T18:14:17.767730-04:00,odds_api,70a4d83a64789d57f114b077a570ea27,UConn Huskies,Maryland Terrapins,betmgm,11.5,,51.5,,350.0,-450.0,2026-09-12T19:30:00Z,-110.0,-115.0
2026-09-11T18:14:17.767730-04:00,odds_api,70a4d83a64789d57f114b077a570ea27,UConn Huskies,Maryland Terrapins,betrivers,11.5,,52.5,,400.0,-590.0,2026-09-12T19:30:00Z,-112.0,-114.0
2026-09-11T18:14:17.767730-04:00,odds_api,70a4d83a64789d57f114b077a570ea27,UConn Huskies,Maryland Terrapins,betus,11.5,,52.0,,355.0,-450.0,2026-09-12T19:30:00Z,-110.0,-110.0
2026-09-11T18:14:17.767730-04:00,odds_api,70a4d83a64789d57f114b077a570ea27,UConn Huskies,Maryland Terrapins,mybookieag,11.5,,52.0,,360.0,-490.0,2026-09-12T19:30:00Z,-110.0,-110.0
2026-09-11T18:14:17.767730-04:00,odds_api,70a4d83a64789d57f114b077a570ea27,UConn Huskies,Maryland Terrapins,bovada,11.5,,52.0,,340.0,-460.0,2026-09-12T19:30:00Z,-110.0,-110.0
2026-09-11T18:14:17.767730-04:00,odds_api,25c198f097870d531920ba524262737d,Minnesota Golden Gophers,Mississippi State,draftkings,1.5,,54.5,,-105.0,-115.0,2026-09-12T19:30:00Z,-115.0,-112.0
2026-09-11T18:14:17.767730-04:00,odds_api,25c198f097870d531920ba524262737d,Minnesota Golden Gophers,Mississippi State,fanduel,1.5,,54.5,,-110.0,-110.0,2026-09-12T19:30:00Z,-122.0,-115.0
2026-09-11T18:14:17.767730-04:00,odds_api,25c198f097870d531920ba524262737d,Minnesota Golden Gophers,Mississippi State,betrivers,-0.5,,55.5,,-114.0,-109.0,2026-09-12T19:30:00Z,-114.0,-108.0
2026-09-11T18:14:17.767730-04:00,odds_api,25c198f097870d531920ba524262737d,Minnesota Golden Gophers,Mississippi State,betonlineag,0.0,,54.5,,,,2026-09-12T19:30:00Z,-110.0,-108.0
2026-09-11T18:14:17.767730-04:00,odds_api,25c198f097870d531920ba524262737d,Minnesota Golden Gophers,Mississippi State,lowvig,0.0,,54.5,,,,2026-09-12T19:30:00Z,-106.0,-106.0
2026-09-11T18:14:17.767730-04:00,odds_api,25c198f097870d531920ba524262737d,Minnesota Golden Gophers,Mississippi State,betmgm,-1.0,,54.5,,-110.0,-108.0,2026-09-12T19:30:00Z,-105.0,-115.0
2026-09-11T18:14:17.767730-04:00,odds_api,25c198f097870d531920ba524262737d,Minnesota Golden Gophers,Mississippi State,betus,0.0,,54.5,,,,2026-09-12T19:30:00Z,-110.0,-110.0
2026-09-11T18:14:17.767730-04:00,odds_api,25c198f097870d531920ba524262737d,Minnesota Golden Gophers,Mississippi State,mybookieag,-1.5,,54.5,,-110.0,-111.0,2026-09-12T19:30:00Z,-110.0,-110.0
2026-09-11T18:14:17.767730-04:00,odds_api,25c198f097870d531920ba524262737d,Minnesota Golden Gophers,Mississippi State,bovada,1.0,,55.0,,-105.0,-115.0,2026-09-12T19:30:00Z,-110.0,-110.0
2026-09-11T18:14:17.767730-04:00,odds_api,2be7c621008f4d4147868ababc385a6c,Notre Dame Fighting Irish,Rice Owls,draftkings,-44.5,,54.5,,,,2026-09-12T19:30:00Z,-115.0,-120.0
2026-09-11T18:14:17.767730-04:00,odds_api,2be7c621008f4d4147868ababc385a6c,Notre Dame Fighting Irish,Rice Owls,lowvig,-44.5,,55.0,,,,2026-09-12T19:30:00Z,-101.0,-108.0
2026-09-11T18:14:17.767730-04:00,odds_api,2be7c621008f4d4147868ababc385a6c,Notre Dame Fighting Irish,Rice Owls,betonlineag,-44.5,,55.0,,,,2026-09-12T19:30:00Z,-105.0,-110.0
2026-09-11T18:14:17.767730-04:00,odds_api,2be7c621008f4d4147868ababc385a6c,Notre Dame Fighting Irish,Rice Owls,fanduel,-44.5,,54.5,,,,2026-09-12T19:30:00Z,-115.0,-115.0
2026-09-11T18:14:17.767730-04:00,odds_api,2be7c621008f4d4147868ababc385a6c,Notre Dame Fighting Irish,Rice Owls,betrivers,-44.5,,55.0,,,,2026-09-12T19:30:00Z,-114.0,-109.0
2026-09-11T18:14:17.767730-04:00,odds_api,2be7c621008f4d4147868ababc385a6c,Notre Dame Fighting Irish,Rice Owls,betmgm,-44.5,,55.5,,,,2026-09-12T19:30:00Z,-108.0,-110.0
2026-09-11T18:14:17.767730-04:00,odds_api,2be7c621008f4d4147868ababc385a6c,Notre Dame Fighting Irish,Rice Owls,betus,-44.5,,55.0,,,,2026-09-12T19:30:00Z,-105.0,-110.0
2026-09-11T18:14:17.767730-04:00,odds_api,2be7c621008f4d4147868ababc385a6c,Notre Dame Fighting Irish,Rice Owls,bovada,-44.5,,55.0,,,,2026-09-12T19:30:00Z,-115.0,-105.0
2026-09-11T18:14:17.767730-04:00,odds_api,dd880570288831c4fc55cb68f19f9667,Pittsburgh Panthers,UCF Knights,fanduel,-7.5,,56.5,,-265.0,215.0,2026-09-12T19:30:00Z,100.0,-112.0
2026-09-11T18:14:17.767730-04:00,odds_api,dd880570288831c4fc55cb68f19f9667,Pittsburgh Panthers,UCF Knights,draftkings,-7.0,,56.5,,-285.0,230.0,2026-09-12T19:30:00Z,-115.0,-110.0
2026-09-11T18:14:17.767730-04:00,odds_api,dd880570288831c4fc55cb68f19f9667,Pittsburgh Panthers,UCF Knights,betrivers,-7.0,,56.5,,-315.0,235.0,2026-09-12T19:30:00Z,-113.0,-110.0
2026-09-11T18:14:17.767730-04:00,odds_api,dd880570288831c4fc55cb68f19f9667,Pittsburgh Panthers,UCF Knights,lowvig,-7.0,,56.0,,-280.0,230.0,2026-09-12T19:30:00Z,-109.0,-108.0
2026-09-11T18:14:17.767730-04:00,odds_api,dd880570288831c4fc55cb68f19f9667,Pittsburgh Panthers,UCF Knights,betonlineag,-7.0,,56.0,,-280.0,230.0,2026-09-12T19:30:00Z,-113.0,-110.0
2026-09-11T18:14:17.767730-04:00,odds_api,dd880570288831c4fc55cb68f19f9667,Pittsburgh Panthers,UCF Knights,betmgm,-7.0,,56.5,,-275.0,225.0,2026-09-12T19:30:00Z,-112.0,-108.0
2026-09-11T18:14:17.767730-04:00,odds_api,dd880570288831c4fc55cb68f19f9667,Pittsburgh Panthers,UCF Knights,betus,-7.0,,56.5,,-280.0,235.0,2026-09-12T19:30:00Z,-115.0,-110.0
2026-09-11T18:14:17.767730-04:00,odds_api,dd880570288831c4fc55cb68f19f9667,Pittsburgh Panthers,UCF Knights,mybookieag,-7.0,,56.5,,-290.0,228.0,2026-09-12T19:30:00Z,-110.0,-110.0
2026-09-11T18:14:17.767730-04:00,odds_api,dd880570288831c4fc55cb68f19f9667,Pittsburgh Panthers,UCF Knights,bovada,-7.0,,56.5,,-280.0,230.0,2026-09-12T19:30:00Z,-115.0,-110.0
2026-09-11T18:14:17.767730-04:00,odds_api,f85969d656d1cafcfc4e60290a25bb09,UMass Minutemen,Sacred Heart Pioneers,fanduel,-24.5,,53.5,,-3500.0,1200.0,2026-09-12T19:30:00Z,-110.0,-110.0
2026-09-11T18:14:17.767730-04:00,odds_api,f85969d656d1cafcfc4e60290a25bb09,UMass Minutemen,Sacred Heart Pioneers,betrivers,-23.5,,53.5,,-10000.0,1400.0,2026-09-12T19:30:00Z,-114.0,-115.0
2026-09-11T18:14:17.767730-04:00,odds_api,f85969d656d1cafcfc4e60290a25bb09,UMass Minutemen,Sacred Heart Pioneers,draftkings,-23.5,,53.5,,-2400.0,1200.0,2026-09-12T19:30:00Z,-118.0,-112.0
2026-09-11T18:14:17.767730-04:00,odds_api,f85969d656d1cafcfc4e60290a25bb09,UMass Minutemen,Sacred Heart Pioneers,lowvig,-23.5,,53.5,,,,2026-09-12T19:30:00Z,-115.0,-115.0
2026-09-11T18:14:17.767730-04:00,odds_api,f85969d656d1cafcfc4e60290a25bb09,UMass Minutemen,Sacred Heart Pioneers,betonlineag,-23.5,,53.5,,,,2026-09-12T19:30:00Z,-115.0,-115.0
2026-09-11T18:14:17.767730-04:00,odds_api,08c5bac0240cbc3ba996fb55a75504f2,Texas State,UTSA Roadrunners,draftkings,-1.5,,66.5,,-122.0,102.0,2026-09-12T19:30:00Z,-112.0,-112.0
2026-09-11T18:14:17.767730-04:00,odds_api,08c5bac0240cbc3ba996fb55a75504f2,Texas State,UTSA Roadrunners,fanduel,-2.5,,66.5,,-128.0,106.0,2026-09-12T19:30:00Z,-106.0,-105.0
2026-09-11T18:14:17.767730-04:00,odds_api,08c5bac0240cbc3ba996fb55a75504f2,Texas State,UTSA Roadrunners,lowvig,-1.0,,66.0,,-122.0,102.0,2026-09-12T19:30:00Z,-111.0,-108.0
2026-09-11T18:14:17.767730-04:00,odds_api,08c5bac0240cbc3ba996fb55a75504f2,Texas State,UTSA Roadrunners,betonlineag,-1.0,,66.0,,-122.0,102.0,2026-09-12T19:30:00Z,-110.0,-110.0
2026-09-11T18:14:17.767730-04:00,odds_api,08c5bac0240cbc3ba996fb55a75504f2,Texas State,UTSA Roadrunners,betmgm,-2.0,,66.5,,-125.0,105.0,2026-09-12T19:30:00Z,-108.0,-105.0
2026-09-11T18:14:17.767730-04:00,odds_api,08c5bac0240cbc3ba996fb55a75504f2,Texas State,UTSA Roadrunners,betrivers,-2.0,,66.5,,-129.0,105.0,2026-09-12T19:30:00Z,-113.0,-115.0
2026-09-11T18:14:17.767730-04:00,odds_api,08c5bac0240cbc3ba996fb55a75504f2,Texas State,UTSA Roadrunners,betus,-1.5,,66.0,,-125.0,105.0,2026-09-12T19:30:00Z,-110.0,-110.0
2026-09-11T18:14:17.767730-04:00,odds_api,08c5bac0240cbc3ba996fb55a75504f2,Texas State,UTSA Roadrunners,mybookieag,-1.5,,66.5,,-122.0,100.0,2026-09-12T19:30:00Z,-110.0,-110.0
2026-09-11T18:14:17.767730-04:00,odds_api,08c5bac0240cbc3ba996fb55a75504f2,Texas State,UTSA Roadrunners,bovada,-1.5,,66.0,,-120.0,100.0,2026-09-12T19:30:00Z,-110.0,-110.0
2026-09-11T18:14:17.767730-04:00,odds_api,61700ad2942d0c633b9c6cd402964356,UAB Blazers,UL Monroe Warhawks,fanduel,-9.5,,54.5,,-365.0,285.0,2026-09-12T19:30:00Z,-110.0,-105.0
2026-09-11T18:14:17.767730-04:00,odds_api,61700ad2942d0c633b9c6cd402964356,UAB Blazers,UL Monroe Warhawks,draftkings,-9.5,,54.5,,-360.0,285.0,2026-09-12T19:30:00Z,-112.0,-110.0
2026-09-11T18:14:17.767730-04:00,odds_api,61700ad2942d0c633b9c6cd402964356,UAB Blazers,UL Monroe Warhawks,lowvig,-9.5,,53.5,,-350.0,280.0,2026-09-12T19:30:00Z,-106.0,-114.0
2026-09-11T18:14:17.767730-04:00,odds_api,61700ad2942d0c633b9c6cd402964356,UAB Blazers,UL Monroe Warhawks,betonlineag,-10.0,,53.5,,-350.0,280.0,2026-09-12T19:30:00Z,107.0,-115.0
2026-09-11T18:14:17.767730-04:00,odds_api,61700ad2942d0c633b9c6cd402964356,UAB Blazers,UL Monroe Warhawks,betmgm,-9.5,,54.5,,-350.0,280.0,2026-09-12T19:30:00Z,-108.0,-105.0
2026-09-11T18:14:17.767730-04:00,odds_api,61700ad2942d0c633b9c6cd402964356,UAB Blazers,UL Monroe Warhawks,betrivers,-9.5,,54.5,,-335.0,245.0,2026-09-12T19:30:00Z,-110.0,-115.0
2026-09-11T18:14:17.767730-04:00,odds_api,61700ad2942d0c633b9c6cd402964356,UAB Blazers,UL Monroe Warhawks,betus,-9.5,,54.0,,-350.0,280.0,2026-09-12T19:30:00Z,-110.0,-110.0
2026-09-11T18:14:17.767730-04:00,odds_api,61700ad2942d0c633b9c6cd402964356,UAB Blazers,UL Monroe Warhawks,mybookieag,-9.5,,54.5,,-380.0,290.0,2026-09-12T19:30:00Z,-110.0,-110.0
2026-09-11T18:14:17.767730-04:00,odds_api,61700ad2942d0c633b9c6cd402964356,UAB Blazers,UL Monroe Warhawks,bovada,-9.0,,54.0,,-380.0,290.0,2026-09-12T19:30:00Z,-110.0,-115.0
2026-09-11T18:14:17.767730-04:00,odds_api,401858446,Washington,Utah State,fanduel,-27.5,,55.5,,-4500.0,1600.0,2026-09-12T19:30:00Z,-106.0,-110.0
2026-09-11T18:14:17.767730-04:00,odds_api,401858446,Washington,Utah State,draftkings,-27.5,,55.5,,-4000.0,1600.0,2026-09-12T19:30:00Z,-108.0,-112.0
2026-09-11T18:14:17.767730-04:00,odds_api,401858446,Washington,Utah State,betonlineag,-27.0,,55.5,,-5500.0,1567.0,2026-09-12T19:30:00Z,-115.0,-110.0
2026-09-11T18:14:17.767730-04:00,odds_api,401858446,Washington,Utah State,lowvig,-27.0,,55.5,,-5500.0,1567.0,2026-09-12T19:30:00Z,-111.0,-108.0
2026-09-11T18:14:17.767730-04:00,odds_api,401858446,Washington,Utah State,betmgm,-27.5,,55.5,,-3000.0,1700.0,2026-09-12T19:30:00Z,-108.0,-108.0
2026-09-11T18:14:17.767730-04:00,odds_api,401858446,Washington,Utah State,betrivers,-27.0,,55.5,,-10000.0,1900.0,2026-09-12T19:30:00Z,-112.0,-112.0
2026-09-11T18:14:17.767730-04:00,odds_api,401858446,Washington,Utah State,betus,-27.0,,55.5,,,,2026-09-12T19:30:00Z,-115.0,-110.0
2026-09-11T18:14:17.767730-04:00,odds_api,401858446,Washington,Utah State,mybookieag,-27.5,,55.5,,-10099.0,1389.0,2026-09-12T19:30:00Z,-110.0,-110.0
2026-09-11T18:14:17.767730-04:00,odds_api,401858446,Washington,Utah State,bovada,-27.0,,55.5,,-5000.0,1300.0,2026-09-12T19:30:00Z,-115.0,-110.0
2026-09-11T18:14:17.767730-04:00,odds_api,50b6e6aec0bd3f2fcb9dc18c113ddd12,North Texas Mean Green,UNLV Rebels,fanduel,3.5,,58.5,,134.0,-162.0,2026-09-12T19:45:00Z,-122.0,-105.0
2026-09-11T18:14:17.767730-04:00,odds_api,50b6e6aec0bd3f2fcb9dc18c113ddd12,North Texas Mean Green,UNLV Rebels,draftkings,3.0,,57.5,,136.0,-162.0,2026-09-12T19:45:00Z,-105.0,-112.0
2026-09-11T18:14:17.767730-04:00,odds_api,50b6e6aec0bd3f2fcb9dc18c113ddd12,North Texas Mean Green,UNLV Rebels,betonlineag,3.0,,57.5,,135.0,-155.0,2026-09-12T19:45:00Z,-108.0,-120.0
2026-09-11T18:14:17.767730-04:00,odds_api,50b6e6aec0bd3f2fcb9dc18c113ddd12,North Texas Mean Green,UNLV Rebels,lowvig,3.0,,57.5,,135.0,-155.0,2026-09-12T19:45:00Z,-104.0,-119.0
2026-09-11T18:14:17.767730-04:00,odds_api,50b6e6aec0bd3f2fcb9dc18c113ddd12,North Texas Mean Green,UNLV Rebels,betmgm,3.0,,58.5,,135.0,-160.0,2026-09-12T19:45:00Z,-105.0,-102.0
2026-09-11T18:14:17.767730-04:00,odds_api,50b6e6aec0bd3f2fcb9dc18c113ddd12,North Texas Mean Green,UNLV Rebels,betrivers,3.0,,57.5,,133.0,-165.0,2026-09-12T19:45:00Z,-107.0,-115.0
2026-09-11T18:14:17.767730-04:00,odds_api,50b6e6aec0bd3f2fcb9dc18c113ddd12,North Texas Mean Green,UNLV Rebels,betus,3.0,,58.0,,134.0,-155.0,2026-09-12T19:45:00Z,-110.0,-110.0
2026-09-11T18:14:17.767730-04:00,odds_api,50b6e6aec0bd3f2fcb9dc18c113ddd12,North Texas Mean Green,UNLV Rebels,mybookieag,3.0,,58.0,,132.0,-163.0,2026-09-12T19:45:00Z,-110.0,-110.0
2026-09-11T18:14:17.767730-04:00,odds_api,50b6e6aec0bd3f2fcb9dc18c113ddd12,North Texas Mean Green,UNLV Rebels,bovada,3.0,,58.0,,135.0,-160.0,2026-09-12T19:45:00Z,-105.0,-110.0
2026-09-11T18:14:17.767730-04:00,odds_api,aaed4df3af7a4c8e62da2bda808e49da,Troy Trojans,Alabama State Hornets,fanduel,-23.5,,51.5,,-2100.0,1000.0,2026-09-12T20:00:00Z,-105.0,-110.0
2026-09-11T18:14:17.767730-04:00,odds_api,aaed4df3af7a4c8e62da2bda808e49da,Troy Trojans,Alabama State Hornets,betrivers,-21.5,,51.5,,-2500.0,950.0,2026-09-12T20:00:00Z,-112.0,-112.0
2026-09-11T18:14:17.767730-04:00,odds_api,aaed4df3af7a4c8e62da2bda808e49da,Troy Trojans,Alabama State Hornets,draftkings,-22.5,,51.5,,-1650.0,950.0,2026-09-12T20:00:00Z,-112.0,-112.0
2026-09-11T18:14:17.767730-04:00,odds_api,aaed4df3af7a4c8e62da2bda808e49da,Troy Trojans,Alabama State Hornets,betonlineag,-22.5,,51.5,,,,2026-09-12T20:00:00Z,-115.0,-115.0
2026-09-11T18:14:17.767730-04:00,odds_api,aaed4df3af7a4c8e62da2bda808e49da,Troy Trojans,Alabama State Hornets,lowvig,-22.5,,51.5,,,,2026-09-12T20:00:00Z,-115.0,-115.0
2026-09-11T18:14:17.767730-04:00,odds_api,d71b8c6e0faec78e166823b1b3fa22b0,New Mexico,Mercyhurst Lakers,fanduel,-41.5,,53.5,,,,2026-09-12T20:00:00Z,-110.0,-114.0
2026-09-11T18:14:17.767730-04:00,odds_api,d71b8c6e0faec78e166823b1b3fa22b0,New Mexico,Mercyhurst Lakers,betrivers,-41.5,,53.5,,,,2026-09-12T20:00:00Z,-113.0,-115.0
2026-09-11T18:14:17.767730-04:00,odds_api,d71b8c6e0faec78e166823b1b3fa22b0,New Mexico,Mercyhurst Lakers,draftkings,-41.5,,53.5,,,,2026-09-12T20:00:00Z,-112.0,-108.0
2026-09-11T18:14:17.767730-04:00,odds_api,d71b8c6e0faec78e166823b1b3fa22b0,New Mexico,Mercyhurst Lakers,betonlineag,-41.5,,52.5,,,,2026-09-12T20:00:00Z,-115.0,-120.0
2026-09-11T18:14:17.767730-04:00,odds_api,d71b8c6e0faec78e166823b1b3fa22b0,New Mexico,Mercyhurst Lakers,lowvig,-41.5,,52.5,,,,2026-09-12T20:00:00Z,-115.0,-120.0
2026-09-11T18:14:17.767730-04:00,odds_api,b5a47219e2e4b7efe0908d3441469559,Wyoming Cowboys,Northern Colorado Bears,fanduel,-23.5,,46.5,,-4000.0,1400.0,2026-09-12T20:00:00Z,-110.0,-112.0
2026-09-11T18:14:17.767730-04:00,odds_api,b5a47219e2e4b7efe0908d3441469559,Wyoming Cowboys,Northern Colorado Bears,betrivers,-22.5,,47.5,,-10000.0,1200.0,2026-09-12T20:00:00Z,-112.0,-110.0
2026-09-11T18:14:17.767730-04:00,odds_api,b5a47219e2e4b7efe0908d3441469559,Wyoming Cowboys,Northern Colorado Bears,draftkings,-23.5,,47.5,,-2400.0,1200.0,2026-09-12T20:00:00Z,-108.0,-105.0
2026-09-11T18:14:17.767730-04:00,odds_api,b5a47219e2e4b7efe0908d3441469559,Wyoming Cowboys,Northern Colorado Bears,betonlineag,-22.5,,47.5,,,,2026-09-12T20:00:00Z,-115.0,-115.0
2026-09-11T18:14:17.767730-04:00,odds_api,b5a47219e2e4b7efe0908d3441469559,Wyoming Cowboys,Northern Colorado Bears,lowvig,-22.5,,47.5,,,,2026-09-12T20:00:00Z,-115.0,-115.0
2026-09-11T18:14:17.767730-04:00,odds_api,e00feee7bbead345df02792e1dc79972,SMU Mustangs,UC Davis Aggies,draftkings,-29.5,,58.5,,-4000.0,1600.0,2026-09-12T20:00:00Z,-110.0,-112.0
2026-09-11T18:14:17.767730-04:00,odds_api,e00feee7bbead345df02792e1dc79972,SMU Mustangs,UC Davis Aggies,fanduel,-28.5,,59.5,,-8000.0,2200.0,2026-09-12T20:00:00Z,-115.0,-105.0
2026-09-11T18:14:17.767730-04:00,odds_api,e00feee7bbead345df02792e1dc79972,SMU Mustangs,UC Davis Aggies,betrivers,-28.5,,58.5,,,,2026-09-12T20:00:00Z,-114.0,-113.0
2026-09-11T18:14:17.767730-04:00,odds_api,e00feee7bbead345df02792e1dc79972,SMU Mustangs,UC Davis Aggies,betonlineag,-28.5,,58.5,,,,2026-09-12T20:00:00Z,-130.0,-115.0
2026-09-11T18:14:17.767730-04:00,odds_api,e00feee7bbead345df02792e1dc79972,SMU Mustangs,UC Davis Aggies,lowvig,-28.5,,58.5,,,,2026-09-12T20:00:00Z,-130.0,-115.0
2026-09-11T18:14:17.767730-04:00,odds_api,04d0c72553f17ebc22509fb1b5926600,Vanderbilt Commodores,Delaware Blue Hens,fanduel,-21.5,,54.5,,-2100.0,1000.0,2026-09-12T20:15:00Z,-105.0,-114.0
2026-09-11T18:14:17.767730-04:00,odds_api,04d0c72553f17ebc22509fb1b5926600,Vanderbilt Commodores,Delaware Blue Hens,draftkings,-21.0,,54.5,,-1350.0,800.0,2026-09-12T20:15:00Z,-108.0,-115.0
2026-09-11T18:14:17.767730-04:00,odds_api,04d0c72553f17ebc22509fb1b5926600,Vanderbilt Commodores,Delaware Blue Hens,betonlineag,-20.5,,55.0,,-1400.0,836.0,2026-09-12T20:15:00Z,-115.0,-105.0
2026-09-11T18:14:17.767730-04:00,odds_api,04d0c72553f17ebc22509fb1b5926600,Vanderbilt Commodores,Delaware Blue Hens,lowvig,-21.0,,55.0,,-1400.0,836.0,2026-09-12T20:15:00Z,-103.0,-103.0
2026-09-11T18:14:17.767730-04:00,odds_api,04d0c72553f17ebc22509fb1b5926600,Vanderbilt Commodores,Delaware Blue Hens,betmgm,-21.0,,54.5,,-1200.0,875.0,2026-09-12T20:15:00Z,-108.0,-125.0
2026-09-11T18:14:17.767730-04:00,odds_api,04d0c72553f17ebc22509fb1b5926600,Vanderbilt Commodores,Delaware Blue Hens,betrivers,-21.0,,54.5,,-2500.0,950.0,2026-09-12T20:15:00Z,-114.0,-112.0
2026-09-11T18:14:17.767730-04:00,odds_api,04d0c72553f17ebc22509fb1b5926600,Vanderbilt Commodores,Delaware Blue Hens,betus,-20.5,,55.0,,-1400.0,825.0,2026-09-12T20:15:00Z,-115.0,-110.0
2026-09-11T18:14:17.767730-04:00,odds_api,04d0c72553f17ebc22509fb1b5926600,Vanderbilt Commodores,Delaware Blue Hens,mybookieag,-21.0,,55.0,,-1493.0,770.0,2026-09-12T20:15:00Z,-110.0,-110.0
2026-09-11T18:14:17.767730-04:00,odds_api,04d0c72553f17ebc22509fb1b5926600,Vanderbilt Commodores,Delaware Blue Hens,bovada,-21.0,,54.5,,-1600.0,800.0,2026-09-12T20:15:00Z,-110.0,-110.0
2026-09-11T18:14:17.767730-04:00,odds_api,7365ef8b298cbbef18e7d367fc33d0da,Florida State,Campbell Fighting Camels,fanduel,-50.5,,66.5,,,,2026-09-12T21:30:00Z,-115.0,-106.0
2026-09-11T18:14:17.767730-04:00,odds_api,7365ef8b298cbbef18e7d367fc33d0da,Florida State,Campbell Fighting Camels,betrivers,-51.5,,66.5,,,,2026-09-12T21:30:00Z,-115.0,-113.0
2026-09-11T18:14:17.767730-04:00,odds_api,7365ef8b298cbbef18e7d367fc33d0da,Florida State,Campbell Fighting Camels,draftkings,-50.5,,65.5,,,,2026-09-12T21:30:00Z,-108.0,-120.0
2026-09-11T18:14:17.767730-04:00,odds_api,7365ef8b298cbbef18e7d367fc33d0da,Florida State,Campbell Fighting Camels,betonlineag,-50.0,,65.5,,,,2026-09-12T21:30:00Z,-110.0,-115.0
2026-09-11T18:14:17.767730-04:00,odds_api,7365ef8b298cbbef18e7d367fc33d0da,Florida State,Campbell Fighting Camels,lowvig,-50.0,,65.5,,,,2026-09-12T21:30:00Z,-110.0,-115.0
2026-09-11T18:14:17.767730-04:00,odds_api,c46b118e570bf1fa1b2724f1fd7e4b24,Boise State,Memphis Tigers,draftkings,-8.5,,56.5,,-325.0,260.0,2026-09-12T22:00:00Z,-105.0,-108.0
2026-09-11T18:14:17.767730-04:00,odds_api,c46b118e570bf1fa1b2724f1fd7e4b24,Boise State,Memphis Tigers,fanduel,-9.5,,55.5,,-360.0,280.0,2026-09-12T22:00:00Z,-110.0,-115.0
2026-09-11T18:14:17.767730-04:00,odds_api,c46b118e570bf1fa1b2724f1fd7e4b24,Boise State,Memphis Tigers,betrivers,-8.0,,56.0,,-345.0,265.0,2026-09-12T22:00:00Z,-114.0,-114.0
2026-09-11T18:14:17.767730-04:00,odds_api,c46b118e570bf1fa1b2724f1fd7e4b24,Boise State,Memphis Tigers,betonlineag,-8.0,,56.5,,-335.0,270.0,2026-09-12T22:00:00Z,-115.0,-108.0
2026-09-11T18:14:17.767730-04:00,odds_api,c46b118e570bf1fa1b2724f1fd7e4b24,Boise State,Memphis Tigers,lowvig,-8.0,,56.5,,-335.0,270.0,2026-09-12T22:00:00Z,-111.0,-106.0
2026-09-11T18:14:17.767730-04:00,odds_api,c46b118e570bf1fa1b2724f1fd7e4b24,Boise State,Memphis Tigers,betmgm,-8.5,,55.5,,-325.0,270.0,2026-09-12T22:00:00Z,-108.0,-120.0
2026-09-11T18:14:17.767730-04:00,odds_api,c46b118e570bf1fa1b2724f1fd7e4b24,Boise State,Memphis Tigers,betus,-8.0,,56.5,,-335.0,272.0,2026-09-12T22:00:00Z,-115.0,-110.0
2026-09-11T18:14:17.767730-04:00,odds_api,c46b118e570bf1fa1b2724f1fd7e4b24,Boise State,Memphis Tigers,mybookieag,-9.0,,56.5,,-340.0,260.0,2026-09-12T22:00:00Z,-110.0,-110.0
2026-09-11T18:14:17.767730-04:00,odds_api,c46b118e570bf1fa1b2724f1fd7e4b24,Boise State,Memphis Tigers,bovada,-8.5,,56.0,,-350.0,275.0,2026-09-12T22:00:00Z,-110.0,-115.0
2026-09-11T18:14:17.767730-04:00,odds_api,401866414,Florida International,Buffalo,fanduel,-10.5,,47.5,,-430.0,330.0,2026-09-12T22:00:00Z,-106.0,-110.0
2026-09-11T18:14:17.767730-04:00,odds_api,401866414,Florida International,Buffalo,lowvig,-10.5,,47.5,,-405.0,320.0,2026-09-12T22:00:00Z,-101.0,-108.0
2026-09-11T18:14:17.767730-04:00,odds_api,401866414,Florida International,Buffalo,betonlineag,-10.5,,47.5,,-405.0,320.0,2026-09-12T22:00:00Z,-105.0,-110.0
2026-09-11T18:14:17.767730-04:00,odds_api,401866414,Florida International,Buffalo,draftkings,-10.0,,47.5,,-410.0,320.0,2026-09-12T22:00:00Z,-112.0,-105.0
2026-09-11T18:14:17.767730-04:00,odds_api,401866414,Florida International,Buffalo,betmgm,-10.5,,47.5,,-425.0,333.0,2026-09-12T22:00:00Z,-105.0,-108.0
2026-09-11T18:14:17.767730-04:00,odds_api,401866414,Florida International,Buffalo,betrivers,-10.0,,47.5,,-480.0,320.0,2026-09-12T22:00:00Z,-110.0,-110.0
2026-09-11T18:14:17.767730-04:00,odds_api,401866414,Florida International,Buffalo,betus,-10.5,,47.0,,-405.0,325.0,2026-09-12T22:00:00Z,-110.0,-110.0
2026-09-11T18:14:17.767730-04:00,odds_api,401866414,Florida International,Buffalo,mybookieag,-10.0,,47.5,,-410.0,310.0,2026-09-12T22:00:00Z,-110.0,-110.0
2026-09-11T18:14:17.767730-04:00,odds_api,401866414,Florida International,Buffalo,bovada,-10.0,,47.5,,-410.0,305.0,2026-09-12T22:00:00Z,-110.0,-110.0
2026-09-11T18:14:17.767730-04:00,odds_api,3cff947fac86cab5c41d4f7c0e9393ce,Ohio Bobcats,Jacksonville State,fanduel,-2.5,,50.5,,-134.0,112.0,2026-09-12T22:00:00Z,-110.0,-110.0
2026-09-11T18:14:17.767730-04:00,odds_api,3cff947fac86cab5c41d4f7c0e9393ce,Ohio Bobcats,Jacksonville State,draftkings,-2.5,,49.5,,-130.0,110.0,2026-09-12T22:00:00Z,-112.0,-115.0
2026-09-11T18:14:17.767730-04:00,odds_api,3cff947fac86cab5c41d4f7c0e9393ce,Ohio Bobcats,Jacksonville State,lowvig,-2.5,,49.5,,-133.0,113.0,2026-09-12T22:00:00Z,-106.0,-108.0
2026-09-11T18:14:17.767730-04:00,odds_api,3cff947fac86cab5c41d4f7c0e9393ce,Ohio Bobcats,Jacksonville State,betonlineag,-2.5,,49.5,,-133.0,113.0,2026-09-12T22:00:00Z,-107.0,-110.0
2026-09-11T18:14:17.767730-04:00,odds_api,3cff947fac86cab5c41d4f7c0e9393ce,Ohio Bobcats,Jacksonville State,betrivers,-2.0,,50.5,,-130.0,105.0,2026-09-12T22:00:00Z,-112.0,-109.0
2026-09-11T18:14:17.767730-04:00,odds_api,3cff947fac86cab5c41d4f7c0e9393ce,Ohio Bobcats,Jacksonville State,betmgm,-2.5,,50.5,,-130.0,110.0,2026-09-12T22:00:00Z,-110.0,-108.0
2026-09-11T18:14:17.767730-04:00,odds_api,3cff947fac86cab5c41d4f7c0e9393ce,Ohio Bobcats,Jacksonville State,betus,-2.5,,49.5,,-135.0,115.0,2026-09-12T22:00:00Z,-110.0,-110.0
2026-09-11T18:14:17.767730-04:00,odds_api,3cff947fac86cab5c41d4f7c0e9393ce,Ohio Bobcats,Jacksonville State,mybookieag,-2.5,,50.0,,-136.0,111.0,2026-09-12T22:00:00Z,-110.0,-110.0
2026-09-11T18:14:17.767730-04:00,odds_api,3cff947fac86cab5c41d4f7c0e9393ce,Ohio Bobcats,Jacksonville State,bovada,-2.5,,50.0,,-135.0,115.0,2026-09-12T22:00:00Z,-115.0,-110.0
