snapshot_ts,source,game_id,home_team,away_team,provider,spread,spread_open,over_under,ou_open,home_ml,away_ml,commence_time,spread_price,ou_price
2026-08-29T13:35:36.498311-04:00,cfbd,401856779,Iowa State,Southeast Missouri State,DraftKings,-29.5,-29.5,53.5,53.5,-20000.0,3500.0,,,
2026-08-29T13:35:36.498311-04:00,cfbd,401856658,Georgia,Tennessee State,DraftKings,-47.5,-46.5,55.5,56.5,,,,,
2026-08-29T13:35:36.498311-04:00,cfbd,401866410,Bowling Green,Tarleton State,DraftKings,-2.5,-2.5,47.5,47.5,-135.0,114.0,,,
2026-08-29T13:35:36.498311-04:00,cfbd,401869960,James Madison,Liberty,DraftKings,-6.5,-6.0,52.5,,-245.0,200.0,,,
2026-08-29T13:35:36.498311-04:00,cfbd,401869960,James Madison,Liberty,Bovada,-6.5,-6.0,53.0,50.5,-250.0,210.0,,,
2026-08-29T13:35:36.498311-04:00,cfbd,401856666,Tennessee,Furman,DraftKings,-46.5,-46.5,66.5,66.5,,,,,
2026-08-29T13:35:36.498311-04:00,cfbd,401856777,Cincinnati,Boston College,DraftKings,-7.5,-9.5,51.5,,-310.0,250.0,,,
2026-08-29T13:35:36.498311-04:00,cfbd,401856777,Cincinnati,Boston College,Bovada,-7.5,-9.5,52.0,54.5,-270.0,220.0,,,
2026-08-29T13:35:36.498311-04:00,cfbd,401856635,Arkansas,North Alabama,DraftKings,-40.5,-40.5,63.5,63.5,,,,,
2026-08-29T13:35:36.498311-04:00,cfbd,401856767,UCF,Bethune-Cookman,DraftKings,-42.5,-41.5,59.5,,,,,,
2026-08-29T13:35:36.498311-04:00,cfbd,401858208,Syracuse,New Hampshire,DraftKings,-32.5,-32.5,55.5,55.5,-100000.0,5000.0,,,
2026-08-29T13:35:36.498311-04:00,cfbd,401862701,Army,Bryant,DraftKings,-36.5,-36.5,51.5,,,,,,
2026-08-29T13:35:36.498311-04:00,cfbd,401861962,UConn,Lafayette,DraftKings,-19.5,-19.5,58.5,58.5,-1100.0,700.0,,,
2026-08-29T13:35:36.498311-04:00,cfbd,401864496,Air Force,Duquesne,DraftKings,-30.5,-30.5,58.5,58.5,-100000.0,5000.0,,,
2026-08-29T13:35:36.498311-04:00,cfbd,401856659,Kentucky,Youngstown State,DraftKings,-23.5,-23.5,62.5,62.5,-4000.0,1600.0,,,
2026-08-29T13:35:36.498311-04:00,cfbd,401862698,Temple,Rhode Island,DraftKings,-10.5,-10.0,51.5,51.5,-550.0,410.0,,,
2026-08-29T13:35:36.498311-04:00,cfbd,401864425,Kennesaw State,West Georgia,DraftKings,-22.5,-22.5,51.5,51.5,-3600.0,1500.0,,,
2026-08-29T13:35:36.498311-04:00,cfbd,401856663,Missouri,Arkansas-Pine Bluff,DraftKings,-54.5,-54.5,60.5,60.5,,,,,
2026-08-29T13:35:36.498311-04:00,cfbd,401856769,Kansas,Long Island University,DraftKings,-38.5,-38.5,53.5,53.5,,,,,
2026-08-29T13:35:36.498311-04:00,cfbd,401864424,Delaware,Merrimack,DraftKings,-28.5,-28.5,55.5,55.5,-20000.0,3500.0,,,
2026-08-29T13:35:36.498311-04:00,cfbd,401858435,Purdue,Indiana State,DraftKings,-35.5,-34.5,56.5,56.5,,,,,
2026-08-29T13:35:36.498311-04:00,cfbd,401862696,Navy,Towson,DraftKings,-30.5,-30.5,53.5,53.5,-20000.0,3500.0,,,
2026-08-29T13:35:36.498311-04:00,cfbd,401862694,Charlotte,The Citadel,DraftKings,-15.5,-15.5,46.5,46.5,-1100.0,700.0,,,
2026-08-29T13:35:36.498311-04:00,cfbd,401858422,Minnesota,Eastern Illinois,DraftKings,-43.5,-43.5,51.5,,,,,,
2026-08-29T13:35:36.498311-04:00,cfbd,401866623,Georgia State,North Carolina A&T,DraftKings,-28.5,-28.5,63.5,63.5,-4500.0,1700.0,,,
2026-08-29T13:35:36.498311-04:00,cfbd,401866409,Buffalo,UAlbany,DraftKings,-24.5,-24.5,48.5,48.5,-5000.0,1800.0,,,
2026-08-29T13:35:36.498311-04:00,cfbd,401862700,UTSA,UT Rio Grande Valley,DraftKings,-28.5,-28.5,59.5,59.5,-9000.0,2500.0,,,
2026-08-29T13:35:36.498311-04:00,cfbd,401864499,North Dakota State,Fordham,DraftKings,-39.5,-39.5,57.5,57.5,,,,,
2026-08-29T13:35:36.498311-04:00,cfbd,401866627,App State,Maine,DraftKings,-18.5,-17.5,53.5,53.5,-800.0,550.0,,,
2026-08-29T13:35:36.498311-04:00,cfbd,401868356,Southern Miss,Alcorn State,DraftKings,-21.0,-21.0,50.5,50.5,-2800.0,1300.0,,,
2026-08-29T13:35:36.498311-04:00,cfbd,401867973,Old Dominion,Norfolk State,DraftKings,-41.5,-41.5,55.5,55.5,,,,,
2026-08-29T13:35:36.498311-04:00,cfbd,401856770,Texas Tech,Abilene Christian,DraftKings,-42.5,-42.5,59.5,59.5,,,,,
2026-08-29T13:35:36.498311-04:00,cfbd,401856771,Kansas State,Nicholls,DraftKings,-40.5,-40.5,55.5,55.5,,,,,
2026-08-29T13:35:36.498311-04:00,cfbd,401858211,Virginia Tech,VMI,DraftKings,-50.5,-50.5,57.5,57.5,,,,,
2026-08-29T13:35:36.498311-04:00,cfbd,401869129,Louisiana Tech,Northwestern State,DraftKings,-41.5,-41.5,52.5,52.5,,,,,
2026-08-29T13:35:36.498311-04:00,cfbd,401856775,BYU,Utah Tech,DraftKings,-47.5,-47.5,54.5,54.5,,,,,
2026-08-29T13:35:36.498311-04:00,cfbd,401858427,Maryland,Hampton,DraftKings,-45.5,-45.5,56.5,56.5,,,,,
2026-08-29T13:35:36.498311-04:00,cfbd,401856773,Arizona,Northern Arizona,DraftKings,-31.5,-31.5,56.5,56.5,-10000.0,3000.0,,,
2026-08-29T13:35:36.498311-04:00,cfbd,401856774,Arizona State,Morgan State,DraftKings,-41.5,-41.5,52.5,52.5,,,,,
2026-08-29T13:35:36.498311-04:00,cfbd,401866411,Sacramento State,Mississippi Valley State,DraftKings,-35.5,-35.5,56.5,56.5,,,,,
2026-08-29T13:35:36.498311-04:00,cfbd,401860879,San Diego State,Portland State,DraftKings,-40.5,-38.5,57.5,57.5,,,,,
2026-08-29T13:35:36.498311-04:00,cfbd,401869142,Louisiana,Lamar,DraftKings,-20.5,-18.5,48.5,48.5,-1000.0,650.0,,,
2026-08-29T13:35:36.498311-04:00,cfbd,401856669,Vanderbilt,Austin Peay,DraftKings,-30.5,-30.5,61.5,61.5,-100000.0,5000.0,,,
2026-08-29T13:35:36.498311-04:00,cfbd,401868316,South Alabama,SE Louisiana,DraftKings,-12.5,-12.5,52.5,52.5,-600.0,440.0,,,
2026-08-29T13:35:36.498311-04:00,cfbd,401867866,Middle Tennessee,Murray State,DraftKings,-20.5,-20.5,59.5,59.5,-1650.0,950.0,,,
2026-08-29T13:35:36.498311-04:00,cfbd,401868140,Jacksonville State,Eastern Kentucky,DraftKings,-19.5,-19.5,52.5,52.5,-2100.0,1100.0,,,
2026-08-29T13:35:36.498311-04:00,cfbd,401868170,Georgia Southern,Charleston Southern,DraftKings,-25.5,-25.5,51.5,51.5,-4500.0,1700.0,,,
2026-08-29T13:35:36.498311-04:00,cfbd,401862697,Rice,Houston Christian,DraftKings,-24.5,-24.5,47.5,47.5,-1800.0,1000.0,,,
2026-08-29T13:35:36.498311-04:00,cfbd,401858431,Northwestern,South Dakota State,DraftKings,-12.5,-12.5,46.5,46.5,-700.0,500.0,,,
2026-08-29T13:35:36.498311-04:00,cfbd,401860880,Utah State,Idaho State,DraftKings,-12.5,-11.5,63.5,64.5,-550.0,410.0,,,
2026-08-29T13:35:36.498311-04:00,cfbd,401870790,New Mexico State,Mercyhurst,DraftKings,-24.5,-24.5,50.5,50.5,-4500.0,1700.0,,,
2026-08-29T13:35:36.498311-04:00,cfbd,401858423,Rutgers,Massachusetts,Bovada,-29.0,-30.5,53.0,54.5,,,,,
2026-08-29T13:35:36.498311-04:00,cfbd,401858423,Rutgers,Massachusetts,DraftKings,-29.5,-30.5,52.5,,-9000.0,2500.0,,,
2026-08-29T13:35:36.498311-04:00,cfbd,401856768,Utah,Idaho,DraftKings,-33.5,-32.5,56.5,56.5,-20000.0,3500.0,,,
2026-08-29T13:35:36.498311-04:00,cfbd,401867894,Youngstown State,Mercyhurst,Draft Kings,-30.5,,57.5,,,,,,
2026-08-29T13:35:36.498311-04:00,cfbd,401868129,Northern Colorado,Weber State,DraftKings,-3.0,-3.5,50.5,49.5,-161.0,129.0,,,
2026-08-29T13:35:36.498311-04:00,cfbd,401868129,Northern Colorado,Weber State,Draft Kings,-3.0,,50.5,,,,,,
2026-08-29T13:35:36.498311-04:00,cfbd,401866617,Merrimack,Rhode Island,DraftKings,20.5,20.5,47.5,53.5,890.0,-1960.0,,,
2026-08-29T13:35:36.498311-04:00,cfbd,401866617,Merrimack,Rhode Island,Draft Kings,21.0,,47.5,,,,,,
2026-08-29T13:35:36.498311-04:00,cfbd,401868324,Alabama State,Southern,DraftKings,-19.5,-19.5,56.5,56.5,-1760.0,830.0,,,
2026-08-29T13:35:36.498311-04:00,cfbd,401866616,UAlbany,New Hampshire,DraftKings,10.0,11.5,46.5,45.5,268.0,-357.0,,,
2026-08-29T13:35:36.498311-04:00,cfbd,401866616,UAlbany,New Hampshire,Draft Kings,10.0,,46.5,,,,,,
2026-08-29T13:35:36.498311-04:00,cfbd,401868040,Villanova,William & Mary,DraftKings,-12.5,-11.5,47.5,50.5,-700.0,462.0,,,
2026-08-29T13:35:36.498311-04:00,cfbd,401868040,Villanova,William & Mary,Draft Kings,-12.5,,47.5,,,,,,
2026-08-29T13:35:36.498311-04:00,cfbd,401867882,South Dakota,Central Connecticut,DraftKings,-21.5,-22.5,49.5,53.5,-3900.0,1180.0,,,
2026-08-29T13:35:36.498311-04:00,cfbd,401867916,Wagner,Robert Morris,DraftKings,-5.5,-5.5,40.5,39.5,-223.0,176.0,,,
2026-08-29T13:35:36.498311-04:00,cfbd,401858212,Florida State,SMU,DraftKings,2.5,,52.5,,124.0,-148.0,,,
2026-08-29T13:35:36.498311-04:00,cfbd,401858212,Florida State,SMU,Bovada,2.0,2.5,53.0,52.5,120.0,-140.0,,,
2026-08-29T13:35:36.498311-04:00,cfbd,401858436,USC,Fresno State,DraftKings,-23.5,-23.5,51.5,,-3200.0,1400.0,,,
2026-08-29T13:35:36.498311-04:00,cfbd,401858436,USC,Fresno State,Bovada,-23.5,-23.0,51.5,51.5,-3500.0,-100000.0,,,
2026-08-29T13:35:36.498311-04:00,cfbd,401858201,Stanford,Hawai'i,DraftKings,-4.0,-3.0,48.5,,-198.0,164.0,,,
2026-08-29T13:35:36.498311-04:00,cfbd,401858201,Stanford,Hawai'i,Bovada,-4.0,-3.0,48.5,50.5,-170.0,145.0,,,
2026-08-29T13:35:36.498311-04:00,cfbd,401858437,Washington,Washington State,DraftKings,-23.5,-21.5,50.5,,-2800.0,1300.0,,,
2026-08-29T13:35:36.498311-04:00,cfbd,401858437,Washington,Washington State,Bovada,-23.5,-21.5,51.0,50.5,-2200.0,1000.0,,,
2026-08-29T13:35:36.498311-04:00,cfbd,401858202,Virginia,NC State,Bovada,-4.0,-3.5,51.0,54.5,-145.0,125.0,,,
2026-08-29T13:35:36.498311-04:00,cfbd,401858202,Virginia,NC State,DraftKings,-4.0,,50.5,,-185.0,154.0,,,
2026-08-29T13:35:36.498311-04:00,cfbd,401866620,East Tennessee State,Campbell,DraftKings,-7.0,-7.0,56.5,55.5,-267.0,207.0,,,
2026-08-29T13:35:36.498311-04:00,cfbd,401868101,Idaho State,VMI,DraftKings,-34.5,-34.5,53.5,60.5,,,,,
2026-08-29T13:35:36.498311-04:00,cfbd,401866621,Tennessee Tech,Monmouth,DraftKings,-8.5,-8.5,58.5,58.5,-340.0,257.0,,,
2026-08-29T13:35:36.498311-04:00,cfbd,401858425,Indiana,North Texas,DraftKings,-40.5,-40.5,55.5,,,,,,
2026-08-29T13:35:36.498311-04:00,cfbd,401858425,Indiana,North Texas,Bovada,-41.0,-40.5,55.5,55.5,,,,,
2026-08-29T13:35:36.498311-04:00,cfbd,401856776,Georgia Tech,Colorado,DraftKings,-6.5,-7.0,50.5,,-238.0,195.0,,,
2026-08-29T13:35:36.498311-04:00,cfbd,401856776,Georgia Tech,Colorado,Bovada,-6.5,-7.0,51.0,51.5,-290.0,240.0,,,
2026-08-29T13:35:36.498311-04:00,cfbd,401866619,Stonehill,Bryant,DraftKings,4.5,4.5,45.5,44.5,153.0,-192.0,,,
2026-08-29T13:35:36.498311-04:00,cfbd,401868394,Wofford,The Citadel,DraftKings,-7.5,-8.5,45.5,45.5,-415.0,305.0,,,
2026-08-29T13:35:36.498311-04:00,cfbd,401858209,Duke,Tulane,DraftKings,-9.5,-8.5,50.5,,-380.0,300.0,,,
2026-08-29T13:35:36.498311-04:00,cfbd,401858209,Duke,Tulane,Bovada,-8.5,-8.5,51.0,53.5,-480.0,350.0,,,
2026-08-29T13:35:36.498311-04:00,cfbd,401866618,North Carolina A&T,Morgan State,DraftKings,7.5,8.5,49.5,50.5,235.0,-307.0,,,
2026-08-29T13:35:36.498311-04:00,cfbd,401856667,Texas,Texas State,DraftKings,-30.5,-30.5,59.5,,-10000.0,3000.0,,,
2026-08-29T13:35:36.498311-04:00,cfbd,401856667,Texas,Texas State,Bovada,-30.5,-30.5,60.0,59.5,-10000.0,-100000.0,,,
2026-08-29T13:35:36.498311-04:00,cfbd,401868084,Northern Arizona,Eastern Washington,DraftKings,-5.5,-3.0,55.5,56.5,-242.0,189.0,,,
2026-08-29T13:35:36.498311-04:00,cfbd,401868022,Holy Cross,Lehigh,DraftKings,14.0,14.0,47.5,47.5,509.0,-800.0,,,
2026-08-29T13:35:36.498311-04:00,cfbd,401862693,UNLV,Memphis,DraftKings,-4.0,-3.0,55.5,,-192.0,160.0,,,
2026-08-29T13:35:36.498311-04:00,cfbd,401862693,UNLV,Memphis,Bovada,-3.5,-3.0,56.0,60.5,-170.0,145.0,,,
2026-08-29T13:35:36.498311-04:00,cfbd,401867977,Texas Southern,North Carolina Central,DraftKings,11.5,11.5,51.5,51.5,326.0,-450.0,,,
2026-08-29T13:35:36.498311-04:00,cfbd,401867855,Indiana State,Southeast Missouri State,DraftKings,-1.5,-2.5,52.5,52.5,-123.0,-101.0,,,
2026-08-29T13:35:36.498311-04:00,cfbd,401858206,Stanford,Miami,DraftKings,24.5,21.5,47.5,,1600.0,-4000.0,,,
2026-08-29T13:35:36.498311-04:00,cfbd,401858206,Stanford,Miami,Bovada,24.5,21.5,47.5,48.5,-100000.0,-2500.0,,,
2026-08-29T13:35:36.498311-04:00,cfbd,401867988,Richmond,Bucknell,DraftKings,-10.5,-10.5,48.5,49.5,-523.0,368.0,,,
2026-08-29T13:35:36.498311-04:00,cfbd,401856772,Tulsa,Oklahoma State,DraftKings,14.0,11.5,60.5,,440.0,-600.0,,,
2026-08-29T13:35:36.498311-04:00,cfbd,401856772,Tulsa,Oklahoma State,Bovada,13.5,11.5,60.0,61.5,390.0,-550.0,,,
2026-08-29T13:35:36.498311-04:00,cfbd,401868118,Utah Tech,Montana State,DraftKings,31.5,31.5,56.5,56.5,,,,,
2026-08-29T13:35:36.498311-04:00,cfbd,401868149,North Alabama,Samford,DraftKings,-7.5,-7.5,55.5,55.5,-350.0,263.0,,,
2026-08-29T13:35:36.498311-04:00,cfbd,401868049,Lamar,Abilene Christian,DraftKings,7.5,7.5,49.5,49.5,232.0,-303.0,,,
2026-08-29T13:35:36.498311-04:00,cfbd,401867935,Howard,Alabama A&M,DraftKings,-1.5,-2.5,46.5,46.5,-124.0,100.0,,,
2026-08-29T13:35:36.498311-04:00,cfbd,401872615,South Dakota State,Stetson,DraftKings,-49.5,-47.5,57.5,56.5,,,,,
2026-08-29T13:35:36.498311-04:00,cfbd,401868110,Montana,Southern Utah,DraftKings,-15.5,-16.5,59.5,58.5,-1080.0,620.0,,,
2026-08-29T13:35:36.498311-04:00,cfbd,401868235,Tarleton State,Prairie View A&M,DraftKings,-19.5,-21.5,54.5,54.5,-1540.0,770.0,,,
2026-08-29T13:35:36.498311-04:00,cfbd,401874042,Mercer,East Texas A&M,DraftKings,-22.5,-23.5,57.5,60.5,-3200.0,1100.0,,,
2026-08-29T13:35:36.498311-04:00,cfbd,401868305,McNeese,Stephen F. Austin,DraftKings,12.5,13.5,48.5,49.5,327.0,-452.0,,,
2026-08-29T13:35:36.498311-04:00,cfbd,401868139,Western Carolina,Eastern Kentucky,DraftKings,-3.0,-4.5,54.5,50.5,-152.0,122.0,,,
2026-08-29T13:35:36.498311-04:00,cfbd,401868240,West Georgia,Chattanooga,Draft Kings,3.5,,50.5,,,,,,
2026-08-29T13:35:36.498311-04:00,cfbd,401866532,Towson,Maine,Draft Kings,-2.5,,46.5,,,,,,
2026-08-29T13:35:36.498311-04:00,cfbd,401866615,Delaware State,Stony Brook,Draft Kings,4.5,,50.5,,,,,,
2026-08-29T13:35:36.498311-04:00,cfbd,401868315,SE Louisiana,Houston Christian,Draft Kings,-24.5,,51.5,,,,,,
2026-08-29T13:35:36.498311-04:00,cfbd,401867865,Murray State,Eastern Illinois,Draft Kings,-4.5,,49.5,,,,,,
2026-08-29T13:35:36.498311-04:00,cfbd,401868169,Lindenwood,Charleston Southern,Draft Kings,-7.5,,45.5,,,,,,
2026-08-29T13:35:36.498311-04:00,cfbd,401868962,Nicholls,Mississippi Valley State,Draft Kings,-28.5,,51.5,,,,,,
2026-08-29T13:35:36.498311-04:00,cfbd,401874035,West Florida,Southern Illinois,Draft Kings,19.5,,55.5,,,,,,
2026-08-29T13:35:36.498311-04:00,cfbd,401868060,Austin Peay,Gardner-Webb,Draft Kings,-14.5,,59.5,,,,,,
2026-08-29T13:35:36.498311-04:00,cfbd,401868070,UT Martin,Central Arkansas,Draft Kings,-3.0,,50.5,,,,,,
2026-08-29T13:35:36.498311-04:00,cfbd,401867874,North Dakota,Long Island University,Draft Kings,-27.5,,44.5,,,,,,
2026-08-29T13:35:36.498311-04:00,cfbd,401868154,Portland State,UC Davis,DraftKings,25.5,24.5,60.5,62.5,1300.0,-5400.0,,,
2026-08-29T13:35:36.498311-04:00,cfbd,401868194,Tennessee State,Jackson State,DraftKings,12.5,15.5,49.5,49.5,435.0,-650.0,,,
2026-08-29T13:35:36.498311-04:00,cfbd,401868261,New Haven,Marist,DraftKings,-2.5,1.5,46.5,44.5,-145.0,116.0,,,
2026-08-29T13:35:36.498311-04:00,cfbd,401868261,New Haven,Marist,Draft Kings,-2.5,,46.5,,,,,,
2026-08-29T13:35:36.498311-04:00,cfbd,401868007,Fordham,Colgate,DraftKings,8.5,10.0,55.5,50.5,242.0,-318.0,,,
2026-08-29T13:35:36.498311-04:00,cfbd,401868007,Fordham,Colgate,Draft Kings,8.5,,55.5,,,,,,
2026-08-29T13:35:36.498311-04:00,cfbd,401868073,Cal Poly,Idaho,DraftKings,5.5,3.5,53.5,55.5,172.0,-219.0,,,
2026-08-29T13:35:36.498311-04:00,cfbd,401868073,Cal Poly,Idaho,Draft Kings,5.5,,53.5,,,,,,
2026-08-29T13:35:36.498311-04:00,cfbd,401858428,Michigan,Western Michigan,Bovada,-27.5,-26.5,47.5,47.5,-100000.0,2200.0,,,
2026-08-29T13:35:36.498311-04:00,cfbd,401858428,Michigan,Western Michigan,DraftKings,-27.5,-26.5,47.5,,-6500.0,2000.0,,,
2026-08-29T13:35:36.498311-04:00,cfbd,401858424,Illinois,UAB,Bovada,-28.5,-27.5,57.0,56.5,-100000.0,2000.0,,,
2026-08-29T13:35:36.498311-04:00,cfbd,401858424,Illinois,UAB,DraftKings,-28.5,-27.5,55.5,,-10000.0,3000.0,,,
2026-08-29T13:35:36.498311-04:00,cfbd,401856634,Alabama,East Carolina,DraftKings,-28.5,-25.5,53.5,,-10000.0,3000.0,,,
2026-08-29T13:35:36.498311-04:00,cfbd,401856634,Alabama,East Carolina,Bovada,-28.5,-25.5,54.0,53.5,-10000.0,1600.0,,,
2026-08-29T13:35:36.498311-04:00,cfbd,401856662,Mississippi State,UL Monroe,Bovada,-28.5,-28.5,55.5,55.5,-100000.0,2000.0,,,
2026-08-29T13:35:36.498311-04:00,cfbd,401856662,Mississippi State,UL Monroe,DraftKings,-28.5,-28.5,56.5,,-6500.0,2000.0,,,
2026-08-29T13:35:36.498311-04:00,cfbd,401864498,New Mexico,Central Michigan,Bovada,-10.0,-12.5,47.0,49.0,-575.0,400.0,,,
2026-08-29T13:35:36.498311-04:00,cfbd,401864498,New Mexico,Central Michigan,DraftKings,-10.5,-12.5,46.5,,-410.0,320.0,,,
2026-08-29T13:35:36.498311-04:00,cfbd,401858433,Oregon,Boise State,DraftKings,-24.5,-24.5,51.5,,-4500.0,1700.0,,,
2026-08-29T13:35:36.498311-04:00,cfbd,401858433,Oregon,Boise State,Bovada,-24.5,-24.5,52.0,53.5,-10000.0,1600.0,,,
2026-08-29T13:35:36.498311-04:00,cfbd,401858430,Nebraska,Ohio,DraftKings,-23.5,-23.5,47.5,,-1800.0,1000.0,,,
2026-08-29T13:35:36.498311-04:00,cfbd,401858430,Nebraska,Ohio,Bovada,-24.0,-23.5,47.5,47.5,-4000.0,1200.0,,,
2026-08-29T13:35:36.498311-04:00,cfbd,401856766,TCU,North Carolina,DraftKings,-7.5,,46.5,,-310.0,250.0,,,
2026-08-29T13:35:36.498311-04:00,cfbd,401856766,TCU,North Carolina,Bovada,-7.5,-7.5,46.0,50.5,-235.0,195.0,,,
2026-08-29T13:35:36.498311-04:00,cfbd,401864432,Nevada,Western Kentucky,Bovada,2.5,4.0,53.0,53.5,120.0,-140.0,,,
2026-08-29T13:35:36.498311-04:00,cfbd,401864432,Nevada,Western Kentucky,DraftKings,2.5,4.5,52.5,,110.0,-130.0,,,
2026-08-29T13:35:36.498311-04:00,cfbd,401856636,Auburn,Baylor,DraftKings,-7.0,-6.5,59.5,,-298.0,240.0,,,
2026-08-29T13:35:36.498311-04:00,cfbd,401856636,Auburn,Baylor,Bovada,-7.0,-7.5,59.0,58.5,-270.0,220.0,,,
2026-08-29T13:35:36.498311-04:00,cfbd,401856661,Ole Miss,Louisville,Bovada,-6.5,-8.5,55.5,52.5,-270.0,220.0,,,
2026-08-29T13:35:36.498311-04:00,cfbd,401856661,Ole Miss,Louisville,DraftKings,-6.5,,55.5,,-258.0,210.0,,,
2026-08-29T13:35:36.498311-04:00,cfbd,401866408,Eastern Michigan,Sacramento State,DraftKings,-8.5,-8.5,52.5,,-355.0,280.0,,,
2026-08-29T13:35:36.498311-04:00,cfbd,401866408,Eastern Michigan,Sacramento State,Bovada,-8.5,-8.5,53.0,52.5,-330.0,265.0,,,
2026-08-29T13:35:36.498311-04:00,cfbd,401858434,Penn State,Marshall,Bovada,-24.5,-23.5,54.5,54.5,-3300.0,1100.0,,,
2026-08-29T13:35:36.498311-04:00,cfbd,401858434,Penn State,Marshall,DraftKings,-24.5,-23.5,54.5,,-4000.0,1600.0,,,
2026-08-29T13:35:36.498311-04:00,cfbd,401864497,Hawai'i,UNLV,Bovada,3.0,1.5,58.5,58.5,105.0,-125.0,,,
2026-08-29T13:35:36.498311-04:00,cfbd,401864497,Hawai'i,UNLV,DraftKings,3.0,1.5,58.5,,130.0,-155.0,,,
2026-08-29T13:35:36.498311-04:00,cfbd,401858438,Notre Dame,Wisconsin,Bovada,-20.5,-16.5,47.5,46.5,-2500.0,1000.0,,,
2026-08-29T13:35:36.498311-04:00,cfbd,401858438,Notre Dame,Wisconsin,DraftKings,-20.5,,47.5,47.5,-1800.0,1000.0,,,
2026-08-29T13:35:36.498311-04:00,cfbd,401860878,Colorado State,Wyoming,DraftKings,-3.5,-4.0,47.5,,-170.0,142.0,,,
2026-08-29T13:35:36.498311-04:00,cfbd,401860878,Colorado State,Wyoming,Bovada,-3.5,-4.0,47.5,47.5,-180.0,155.0,,,
2026-08-29T13:35:36.498311-04:00,cfbd,401862699,South Florida,Florida International,Bovada,-13.0,-12.5,54.0,54.5,-460.0,340.0,,,
2026-08-29T13:35:36.498311-04:00,cfbd,401862699,South Florida,Florida International,DraftKings,-13.5,-12.5,53.5,,-575.0,425.0,,,
2026-08-29T13:35:36.498311-04:00,cfbd,401856665,South Carolina,Kent State,Bovada,-36.5,-34.5,53.0,52.5,-100000.0,-100000.0,,,
2026-08-29T13:35:36.498311-04:00,cfbd,401856665,South Carolina,Kent State,DraftKings,-36.5,-33.5,53.5,,-100000.0,5000.0,,,
2026-08-29T13:35:36.498311-04:00,cfbd,401856637,Florida,Florida Atlantic,Bovada,-26.5,-25.5,59.5,56.5,-7000.0,1300.0,,,
2026-08-29T13:35:36.498311-04:00,cfbd,401856637,Florida,Florida Atlantic,DraftKings,-27.5,-25.5,59.5,,-5000.0,1800.0,,,
2026-08-29T13:35:36.498311-04:00,cfbd,401858210,California,UCLA,Bovada,2.0,-3.5,54.0,53.5,-115.0,-105.0,,,
2026-08-29T13:35:36.498311-04:00,cfbd,401858210,California,UCLA,DraftKings,1.5,-1.5,53.5,,100.0,-120.0,,,
2026-08-29T13:35:36.498311-04:00,cfbd,401864577,North Dakota State,Jacksonville State,Bovada,-6.5,-10.0,46.5,48.5,-330.0,265.0,,,
2026-08-29T13:35:36.498311-04:00,cfbd,401864577,North Dakota State,Jacksonville State,DraftKings,-6.5,-10.0,46.5,,-265.0,215.0,,,
2026-08-29T13:35:36.498311-04:00,cfbd,401864570,Florida State,New Mexico State,Bovada,-31.0,-29.5,53.5,53.5,-100000.0,2800.0,,,
2026-08-29T13:35:36.498311-04:00,cfbd,401864570,Florida State,New Mexico State,DraftKings,-31.5,-28.5,53.5,,-10000.0,3000.0,,,
2026-08-29T13:35:36.498311-04:00,cfbd,401870763,Troy,Sam Houston,Bovada,-17.0,-17.0,53.0,50.5,-1300.0,725.0,,,
2026-08-29T13:35:36.498311-04:00,cfbd,401870763,Troy,Sam Houston,DraftKings,-16.5,-17.5,53.5,,-1000.0,650.0,,,
2026-08-29T13:35:36.498311-04:00,cfbd,401864494,USC,San José State,DraftKings,-38.5,-35.5,60.5,,-100000.0,5000.0,,,
2026-08-29T13:35:36.498311-04:00,cfbd,401864494,USC,San José State,Bovada,-38.5,-35.5,60.5,57.5,-100000.0,3500.0,,,
2026-08-29T13:35:36.498311-04:00,cfbd,401858426,Iowa,Northern Illinois,Bovada,-32.0,-29.5,45.5,43.5,-100000.0,2500.0,,,
2026-08-29T13:35:36.498311-04:00,cfbd,401858426,Iowa,Northern Illinois,DraftKings,-31.5,-29.5,45.5,,-100000.0,5000.0,,,
2026-08-29T13:35:36.498311-04:00,cfbd,401856778,Houston,Oregon State,Bovada,-21.0,-18.5,51.5,51.5,-1300.0,725.0,,,
2026-08-29T13:35:36.498311-04:00,cfbd,401856778,Houston,Oregon State,DraftKings,-20.5,-18.5,51.5,,-1800.0,1000.0,,,
2026-08-29T13:35:36.498311-04:00,cfbd,401864495,Eastern Michigan,San José State,DraftKings,-4.5,-3.5,53.5,,-218.0,180.0,,,
2026-08-29T13:35:36.498311-04:00,cfbd,401864495,Eastern Michigan,San José State,Bovada,-4.5,-3.5,53.5,53.5,-160.0,135.0,,,
2026-08-29T13:35:36.498311-04:00,cfbd,401856780,West Virginia,Coastal Carolina,Bovada,-21.5,-17.5,56.0,57.5,-1725.0,-100000.0,,,
2026-08-29T13:35:36.498311-04:00,cfbd,401856780,West Virginia,Coastal Carolina,DraftKings,-21.5,-17.5,56.5,,-1650.0,950.0,,,
2026-08-29T13:35:36.498311-04:00,cfbd,401858204,Wake Forest,Akron,DraftKings,-24.5,-22.5,48.5,,-3600.0,1500.0,,,
2026-08-29T13:35:36.498311-04:00,cfbd,401858204,Wake Forest,Akron,Bovada,-24.0,-22.5,48.5,49.5,-3500.0,1100.0,,,
2026-08-29T13:35:36.498311-04:00,cfbd,401858207,Pittsburgh,Miami (OH),Bovada,-16.0,-16.5,49.5,50.5,-800.0,525.0,,,
2026-08-29T13:35:36.498311-04:00,cfbd,401858207,Pittsburgh,Miami (OH),DraftKings,-16.5,-16.5,49.5,,-850.0,575.0,,,
2026-08-29T13:35:36.498311-04:00,cfbd,401858429,Michigan State,Toledo,DraftKings,-10.0,-10.5,49.5,,-395.0,310.0,,,
2026-08-29T13:35:36.498311-04:00,cfbd,401858429,Michigan State,Toledo,Bovada,-10.0,-10.5,49.5,49.5,-410.0,305.0,,,
2026-08-29T13:35:36.498311-04:00,cfbd,401862695,Memphis,Arkansas State,Bovada,-8.5,-10.5,55.5,55.5,-440.0,330.0,,,
2026-08-29T13:35:36.498311-04:00,cfbd,401862695,Memphis,Arkansas State,DraftKings,-8.5,-10.5,55.5,,-310.0,250.0,,,
2026-08-29T13:35:36.498311-04:00,cfbd,401856660,LSU,Clemson,Bovada,-10.5,-11.5,51.0,51.5,-480.0,350.0,,,
2026-08-29T13:35:36.498311-04:00,cfbd,401856660,LSU,Clemson,DraftKings,-10.5,,51.5,,-380.0,300.0,,,
2026-08-29T13:35:36.498311-04:00,cfbd,401858432,Ohio State,Ball State,Bovada,-51.0,-50.5,56.5,56.5,,,,,
2026-08-29T13:35:36.498311-04:00,cfbd,401858432,Ohio State,Ball State,DraftKings,-50.5,-49.5,56.5,,,,,,
2026-08-29T13:35:36.498311-04:00,cfbd,401856668,Texas A&M,Missouri State,Bovada,-40.5,-38.5,52.5,52.5,,,,,
2026-08-29T13:35:36.498311-04:00,cfbd,401856668,Texas A&M,Missouri State,DraftKings,-41.5,-38.5,52.5,,,,,,
2026-08-29T13:35:36.498311-04:00,cfbd,401856664,Oklahoma,UTEP,Bovada,-40.5,-40.5,50.5,50.5,,,,,
2026-08-29T13:35:36.498311-04:00,cfbd,401856664,Oklahoma,UTEP,DraftKings,-41.5,-40.5,50.5,,,,,,
2026-08-29T18:08:10.789659-04:00,cfbd,401856779,Iowa State,Southeast Missouri State,DraftKings,-29.5,-29.5,53.5,53.5,-20000.0,3500.0,,,
2026-08-29T18:08:10.789659-04:00,cfbd,401856658,Georgia,Tennessee State,DraftKings,-47.5,-46.5,55.5,56.5,,,,,
2026-08-29T18:08:10.789659-04:00,cfbd,401866410,Bowling Green,Tarleton State,DraftKings,-2.5,-2.5,47.5,47.5,-135.0,114.0,,,
2026-08-29T18:08:10.789659-04:00,cfbd,401869960,James Madison,Liberty,DraftKings,-6.5,-6.0,52.5,,-245.0,200.0,,,
2026-08-29T18:08:10.789659-04:00,cfbd,401869960,James Madison,Liberty,Bovada,-6.5,-6.0,53.0,50.5,-250.0,210.0,,,
2026-08-29T18:08:10.789659-04:00,cfbd,401856666,Tennessee,Furman,DraftKings,-46.5,-46.5,66.5,66.5,,,,,
2026-08-29T18:08:10.789659-04:00,cfbd,401856777,Cincinnati,Boston College,DraftKings,-7.5,-9.5,51.5,,-310.0,250.0,,,
2026-08-29T18:08:10.789659-04:00,cfbd,401856777,Cincinnati,Boston College,Bovada,-7.5,-9.5,52.0,54.5,-270.0,220.0,,,
2026-08-29T18:08:10.789659-04:00,cfbd,401856635,Arkansas,North Alabama,DraftKings,-40.5,-40.5,63.5,63.5,,,,,
2026-08-29T18:08:10.789659-04:00,cfbd,401856767,UCF,Bethune-Cookman,DraftKings,-42.5,-41.5,59.5,,,,,,
2026-08-29T18:08:10.789659-04:00,cfbd,401858208,Syracuse,New Hampshire,DraftKings,-32.5,-32.5,55.5,55.5,-100000.0,5000.0,,,
2026-08-29T18:08:10.789659-04:00,cfbd,401862701,Army,Bryant,DraftKings,-36.5,-36.5,51.5,,,,,,
2026-08-29T18:08:10.789659-04:00,cfbd,401861962,UConn,Lafayette,DraftKings,-19.5,-19.5,58.5,58.5,-1100.0,700.0,,,
2026-08-29T18:08:10.789659-04:00,cfbd,401864496,Air Force,Duquesne,DraftKings,-30.5,-30.5,58.5,58.5,-100000.0,5000.0,,,
2026-08-29T18:08:10.789659-04:00,cfbd,401856659,Kentucky,Youngstown State,DraftKings,-23.5,-23.5,62.5,62.5,-4000.0,1600.0,,,
2026-08-29T18:08:10.789659-04:00,cfbd,401862698,Temple,Rhode Island,DraftKings,-10.5,-10.0,51.5,51.5,-550.0,410.0,,,
2026-08-29T18:08:10.789659-04:00,cfbd,401864425,Kennesaw State,West Georgia,DraftKings,-22.5,-22.5,51.5,51.5,-3600.0,1500.0,,,
2026-08-29T18:08:10.789659-04:00,cfbd,401856663,Missouri,Arkansas-Pine Bluff,DraftKings,-54.5,-54.5,60.5,60.5,,,,,
2026-08-29T18:08:10.789659-04:00,cfbd,401856769,Kansas,Long Island University,DraftKings,-38.5,-38.5,53.5,53.5,,,,,
2026-08-29T18:08:10.789659-04:00,cfbd,401864424,Delaware,Merrimack,DraftKings,-28.5,-28.5,55.5,55.5,-20000.0,3500.0,,,
2026-08-29T18:08:10.789659-04:00,cfbd,401858435,Purdue,Indiana State,DraftKings,-35.5,-34.5,56.5,56.5,,,,,
2026-08-29T18:08:10.789659-04:00,cfbd,401862696,Navy,Towson,DraftKings,-30.5,-30.5,53.5,53.5,-20000.0,3500.0,,,
2026-08-29T18:08:10.789659-04:00,cfbd,401862694,Charlotte,The Citadel,DraftKings,-15.5,-15.5,46.5,46.5,-1100.0,700.0,,,
2026-08-29T18:08:10.789659-04:00,cfbd,401858422,Minnesota,Eastern Illinois,DraftKings,-43.5,-43.5,51.5,,,,,,
2026-08-29T18:08:10.789659-04:00,cfbd,401866623,Georgia State,North Carolina A&T,DraftKings,-28.5,-28.5,63.5,63.5,-4500.0,1700.0,,,
2026-08-29T18:08:10.789659-04:00,cfbd,401866409,Buffalo,UAlbany,DraftKings,-24.5,-24.5,48.5,48.5,-5000.0,1800.0,,,
2026-08-29T18:08:10.789659-04:00,cfbd,401862700,UTSA,UT Rio Grande Valley,DraftKings,-28.5,-28.5,59.5,59.5,-9000.0,2500.0,,,
2026-08-29T18:08:10.789659-04:00,cfbd,401864499,North Dakota State,Fordham,DraftKings,-39.5,-39.5,57.5,57.5,,,,,
2026-08-29T18:08:10.789659-04:00,cfbd,401866627,App State,Maine,DraftKings,-18.5,-17.5,53.5,53.5,-800.0,550.0,,,
2026-08-29T18:08:10.789659-04:00,cfbd,401868356,Southern Miss,Alcorn State,DraftKings,-21.0,-21.0,50.5,50.5,-2800.0,1300.0,,,
2026-08-29T18:08:10.789659-04:00,cfbd,401867973,Old Dominion,Norfolk State,DraftKings,-41.5,-41.5,55.5,55.5,,,,,
2026-08-29T18:08:10.789659-04:00,cfbd,401856770,Texas Tech,Abilene Christian,DraftKings,-42.5,-42.5,59.5,59.5,,,,,
2026-08-29T18:08:10.789659-04:00,cfbd,401856771,Kansas State,Nicholls,DraftKings,-40.5,-40.5,55.5,55.5,,,,,
2026-08-29T18:08:10.789659-04:00,cfbd,401858211,Virginia Tech,VMI,DraftKings,-50.5,-50.5,57.5,57.5,,,,,
2026-08-29T18:08:10.789659-04:00,cfbd,401869129,Louisiana Tech,Northwestern State,DraftKings,-41.5,-41.5,52.5,52.5,,,,,
2026-08-29T18:08:10.789659-04:00,cfbd,401856775,BYU,Utah Tech,DraftKings,-47.5,-47.5,54.5,54.5,,,,,
2026-08-29T18:08:10.789659-04:00,cfbd,401858427,Maryland,Hampton,DraftKings,-45.5,-45.5,56.5,56.5,,,,,
2026-08-29T18:08:10.789659-04:00,cfbd,401856773,Arizona,Northern Arizona,DraftKings,-31.5,-31.5,56.5,56.5,-10000.0,3000.0,,,
2026-08-29T18:08:10.789659-04:00,cfbd,401856774,Arizona State,Morgan State,DraftKings,-41.5,-41.5,52.5,52.5,,,,,
2026-08-29T18:08:10.789659-04:00,cfbd,401866411,Sacramento State,Mississippi Valley State,DraftKings,-35.5,-35.5,56.5,56.5,,,,,
2026-08-29T18:08:10.789659-04:00,cfbd,401860879,San Diego State,Portland State,DraftKings,-40.5,-38.5,57.5,57.5,,,,,
2026-08-29T18:08:10.789659-04:00,cfbd,401869142,Louisiana,Lamar,DraftKings,-20.5,-18.5,48.5,48.5,-1000.0,650.0,,,
2026-08-29T18:08:10.789659-04:00,cfbd,401856669,Vanderbilt,Austin Peay,DraftKings,-30.5,-30.5,61.5,61.5,-100000.0,5000.0,,,
2026-08-29T18:08:10.789659-04:00,cfbd,401868316,South Alabama,SE Louisiana,DraftKings,-12.5,-12.5,52.5,52.5,-600.0,440.0,,,
2026-08-29T18:08:10.789659-04:00,cfbd,401867866,Middle Tennessee,Murray State,DraftKings,-20.5,-20.5,59.5,59.5,-1650.0,950.0,,,
2026-08-29T18:08:10.789659-04:00,cfbd,401868140,Jacksonville State,Eastern Kentucky,DraftKings,-19.5,-19.5,52.5,52.5,-2100.0,1100.0,,,
2026-08-29T18:08:10.789659-04:00,cfbd,401868170,Georgia Southern,Charleston Southern,DraftKings,-25.5,-25.5,51.5,51.5,-4500.0,1700.0,,,
2026-08-29T18:08:10.789659-04:00,cfbd,401862697,Rice,Houston Christian,DraftKings,-24.5,-24.5,47.5,47.5,-1800.0,1000.0,,,
2026-08-29T18:08:10.789659-04:00,cfbd,401858431,Northwestern,South Dakota State,DraftKings,-12.5,-12.5,46.5,46.5,-700.0,500.0,,,
2026-08-29T18:08:10.789659-04:00,cfbd,401860880,Utah State,Idaho State,DraftKings,-12.5,-11.5,63.5,64.5,-550.0,410.0,,,
2026-08-29T18:08:10.789659-04:00,cfbd,401870790,New Mexico State,Mercyhurst,DraftKings,-24.5,-24.5,50.5,50.5,-4500.0,1700.0,,,
2026-08-29T18:08:10.789659-04:00,cfbd,401858423,Rutgers,Massachusetts,Bovada,-29.0,-30.5,53.0,54.5,,,,,
2026-08-29T18:08:10.789659-04:00,cfbd,401858423,Rutgers,Massachusetts,DraftKings,-29.5,-30.5,52.5,,-9000.0,2500.0,,,
2026-08-29T18:08:10.789659-04:00,cfbd,401856768,Utah,Idaho,DraftKings,-33.5,-32.5,56.5,56.5,-20000.0,3500.0,,,
2026-08-29T18:08:10.789659-04:00,cfbd,401867894,Youngstown State,Mercyhurst,Draft Kings,-30.5,,57.5,,,,,,
2026-08-29T18:08:10.789659-04:00,cfbd,401868129,Northern Colorado,Weber State,DraftKings,-3.0,-3.5,50.5,49.5,-161.0,129.0,,,
2026-08-29T18:08:10.789659-04:00,cfbd,401868129,Northern Colorado,Weber State,Draft Kings,-3.0,,50.5,,,,,,
2026-08-29T18:08:10.789659-04:00,cfbd,401866617,Merrimack,Rhode Island,DraftKings,20.5,20.5,47.5,53.5,890.0,-1960.0,,,
2026-08-29T18:08:10.789659-04:00,cfbd,401866617,Merrimack,Rhode Island,Draft Kings,21.0,,47.5,,,,,,
2026-08-29T18:08:10.789659-04:00,cfbd,401868324,Alabama State,Southern,DraftKings,-19.5,-19.5,56.5,56.5,-1760.0,830.0,,,
2026-08-29T18:08:10.789659-04:00,cfbd,401866616,UAlbany,New Hampshire,DraftKings,10.0,11.5,46.5,45.5,268.0,-357.0,,,
2026-08-29T18:08:10.789659-04:00,cfbd,401866616,UAlbany,New Hampshire,Draft Kings,10.0,,46.5,,,,,,
2026-08-29T18:08:10.789659-04:00,cfbd,401868040,Villanova,William & Mary,DraftKings,-12.5,-11.5,47.5,50.5,-700.0,462.0,,,
2026-08-29T18:08:10.789659-04:00,cfbd,401868040,Villanova,William & Mary,Draft Kings,-12.5,,47.5,,,,,,
2026-08-29T18:08:10.789659-04:00,cfbd,401867882,South Dakota,Central Connecticut,DraftKings,-21.5,-22.5,49.5,53.5,-3900.0,1180.0,,,
2026-08-29T18:08:10.789659-04:00,cfbd,401867882,South Dakota,Central Connecticut,Draft Kings,-20.5,,49.5,,,,,,
2026-08-29T18:08:10.789659-04:00,cfbd,401867916,Wagner,Robert Morris,DraftKings,-5.5,-5.5,40.5,39.5,-223.0,176.0,,,
2026-08-29T18:08:10.789659-04:00,cfbd,401867916,Wagner,Robert Morris,Draft Kings,-5.5,,40.5,,,,,,
2026-08-29T18:08:10.789659-04:00,cfbd,401858212,Florida State,SMU,DraftKings,2.5,,52.5,,124.0,-148.0,,,
2026-08-29T18:08:10.789659-04:00,cfbd,401858212,Florida State,SMU,Bovada,2.0,2.5,53.0,52.5,120.0,-140.0,,,
2026-08-29T18:08:10.789659-04:00,cfbd,401858436,USC,Fresno State,DraftKings,-23.5,-23.5,51.5,,-3200.0,1400.0,,,
2026-08-29T18:08:10.789659-04:00,cfbd,401858436,USC,Fresno State,Bovada,-23.5,-23.0,51.5,51.5,-3500.0,-100000.0,,,
2026-08-29T18:08:10.789659-04:00,cfbd,401858201,Stanford,Hawai'i,DraftKings,-4.5,-3.0,48.5,,-198.0,164.0,,,
2026-08-29T18:08:10.789659-04:00,cfbd,401858201,Stanford,Hawai'i,Bovada,-4.5,-3.0,48.5,50.5,-170.0,145.0,,,
2026-08-29T18:08:10.789659-04:00,cfbd,401858437,Washington,Washington State,DraftKings,-23.5,-21.5,50.5,,-2800.0,1300.0,,,
2026-08-29T18:08:10.789659-04:00,cfbd,401858437,Washington,Washington State,Bovada,-23.5,-21.5,51.0,50.5,-2200.0,1000.0,,,
2026-08-29T18:08:10.789659-04:00,cfbd,401858206,Stanford,Miami,DraftKings,24.5,21.5,48.5,,1600.0,-4000.0,,,
2026-08-29T18:08:10.789659-04:00,cfbd,401858206,Stanford,Miami,Bovada,24.5,21.5,47.5,48.5,-100000.0,-2500.0,,,
2026-08-29T18:08:10.789659-04:00,cfbd,401866620,East Tennessee State,Campbell,DraftKings,-7.0,-7.0,56.5,55.5,-267.0,207.0,,,
2026-08-29T18:08:10.789659-04:00,cfbd,401868101,Idaho State,VMI,DraftKings,-34.5,-34.5,53.5,60.5,,,,,
2026-08-29T18:08:10.789659-04:00,cfbd,401866621,Tennessee Tech,Monmouth,DraftKings,-8.5,-8.5,58.5,58.5,-340.0,257.0,,,
2026-08-29T18:08:10.789659-04:00,cfbd,401858425,Indiana,North Texas,DraftKings,-40.5,-40.5,55.5,,,,,,
2026-08-29T18:08:10.789659-04:00,cfbd,401858425,Indiana,North Texas,Bovada,-41.0,-40.5,55.5,55.5,,,,,
2026-08-29T18:08:10.789659-04:00,cfbd,401856776,Georgia Tech,Colorado,DraftKings,-6.5,-7.0,50.5,,-238.0,195.0,,,
2026-08-29T18:08:10.789659-04:00,cfbd,401856776,Georgia Tech,Colorado,Bovada,-6.5,-7.0,51.0,51.5,-290.0,240.0,,,
2026-08-29T18:08:10.789659-04:00,cfbd,401866619,Stonehill,Bryant,DraftKings,4.5,4.5,45.5,44.5,153.0,-192.0,,,
2026-08-29T18:08:10.789659-04:00,cfbd,401868394,Wofford,The Citadel,DraftKings,-7.5,-8.5,45.5,45.5,-415.0,305.0,,,
2026-08-29T18:08:10.789659-04:00,cfbd,401858209,Duke,Tulane,DraftKings,-9.5,-8.5,50.5,,-380.0,300.0,,,
2026-08-29T18:08:10.789659-04:00,cfbd,401858209,Duke,Tulane,Bovada,-8.5,-8.5,51.0,53.5,-480.0,350.0,,,
2026-08-29T18:08:10.789659-04:00,cfbd,401856667,Texas,Texas State,DraftKings,-30.5,-30.5,59.5,,-10000.0,3000.0,,,
2026-08-29T18:08:10.789659-04:00,cfbd,401856667,Texas,Texas State,Bovada,-30.5,-30.5,60.0,59.5,-10000.0,-100000.0,,,
2026-08-29T18:08:10.789659-04:00,cfbd,401868084,Northern Arizona,Eastern Washington,DraftKings,-5.5,-3.0,55.5,56.5,-242.0,189.0,,,
2026-08-29T18:08:10.789659-04:00,cfbd,401868022,Holy Cross,Lehigh,DraftKings,14.0,14.0,47.5,47.5,509.0,-800.0,,,
2026-08-29T18:08:10.789659-04:00,cfbd,401867855,Indiana State,Southeast Missouri State,DraftKings,-2.5,-2.5,52.5,52.5,-143.0,115.0,,,
2026-08-29T18:08:10.789659-04:00,cfbd,401866618,North Carolina A&T,Morgan State,DraftKings,7.0,8.5,49.5,50.5,210.0,-270.0,,,
2026-08-29T18:08:10.789659-04:00,cfbd,401858202,Virginia,NC State,Bovada,-4.0,-3.5,50.5,54.5,-145.0,125.0,,,
2026-08-29T18:08:10.789659-04:00,cfbd,401858202,Virginia,NC State,DraftKings,-4.0,,50.5,,-185.0,154.0,,,
2026-08-29T18:08:10.789659-04:00,cfbd,401862693,UNLV,Memphis,DraftKings,-4.0,-3.0,55.5,,-198.0,164.0,,,
2026-08-29T18:08:10.789659-04:00,cfbd,401862693,UNLV,Memphis,Bovada,-4.0,-3.0,56.0,60.5,-170.0,145.0,,,
2026-08-29T18:08:10.789659-04:00,cfbd,401867977,Texas Southern,North Carolina Central,DraftKings,10.5,11.5,51.5,51.5,328.0,-453.0,,,
2026-08-29T18:08:10.789659-04:00,cfbd,401856772,Tulsa,Oklahoma State,DraftKings,14.0,11.5,60.5,,440.0,-600.0,,,
2026-08-29T18:08:10.789659-04:00,cfbd,401856772,Tulsa,Oklahoma State,Bovada,13.5,11.5,60.0,61.5,390.0,-550.0,,,
2026-08-29T18:08:10.789659-04:00,cfbd,401867988,Richmond,Bucknell,DraftKings,-12.5,-10.5,48.5,49.5,-620.0,420.0,,,
2026-08-29T18:08:10.789659-04:00,cfbd,401868049,Lamar,Abilene Christian,DraftKings,7.5,7.5,49.5,49.5,232.0,-303.0,,,
2026-08-29T18:08:10.789659-04:00,cfbd,401867935,Howard,Alabama A&M,DraftKings,-1.5,-2.5,46.5,46.5,-124.0,100.0,,,
2026-08-29T18:08:10.789659-04:00,cfbd,401868110,Montana,Southern Utah,DraftKings,-15.5,-16.5,59.5,58.5,-1080.0,620.0,,,
2026-08-29T18:08:10.789659-04:00,cfbd,401868235,Tarleton State,Prairie View A&M,DraftKings,-19.5,-21.5,54.5,54.5,-1540.0,770.0,,,
2026-08-29T18:08:10.789659-04:00,cfbd,401874042,Mercer,East Texas A&M,DraftKings,-22.5,-23.5,57.5,60.5,-3200.0,1100.0,,,
2026-08-29T18:08:10.789659-04:00,cfbd,401868139,Western Carolina,Eastern Kentucky,DraftKings,-3.0,-4.5,54.5,50.5,-152.0,122.0,,,
2026-08-29T18:08:10.789659-04:00,cfbd,401872615,South Dakota State,Stetson,DraftKings,-50.5,-47.5,58.5,56.5,,,,,
2026-08-29T18:08:10.789659-04:00,cfbd,401868149,North Alabama,Samford,DraftKings,-7.0,-7.5,55.5,55.5,-313.0,239.0,,,
2026-08-29T18:08:10.789659-04:00,cfbd,401868305,McNeese,Stephen F. Austin,DraftKings,12.5,13.5,49.5,49.5,328.0,-453.0,,,
2026-08-29T18:08:10.789659-04:00,cfbd,401868118,Utah Tech,Montana State,DraftKings,32.5,31.5,57.5,56.5,,,,,
2026-08-29T18:08:10.789659-04:00,cfbd,401868240,West Georgia,Chattanooga,Draft Kings,3.5,,50.5,,,,,,
2026-08-29T18:08:10.789659-04:00,cfbd,401866532,Towson,Maine,Draft Kings,-2.5,,46.5,,,,,,
2026-08-29T18:08:10.789659-04:00,cfbd,401866615,Delaware State,Stony Brook,Draft Kings,4.5,,50.5,,,,,,
2026-08-29T18:08:10.789659-04:00,cfbd,401868315,SE Louisiana,Houston Christian,Draft Kings,-24.5,,51.5,,,,,,
2026-08-29T18:08:10.789659-04:00,cfbd,401867865,Murray State,Eastern Illinois,Draft Kings,-4.5,,49.5,,,,,,
2026-08-29T18:08:10.789659-04:00,cfbd,401868169,Lindenwood,Charleston Southern,Draft Kings,-7.5,,45.5,,,,,,
2026-08-29T18:08:10.789659-04:00,cfbd,401868962,Nicholls,Mississippi Valley State,Draft Kings,-28.5,,51.5,,,,,,
2026-08-29T18:08:10.789659-04:00,cfbd,401874035,West Florida,Southern Illinois,Draft Kings,19.5,,55.5,,,,,,
2026-08-29T18:08:10.789659-04:00,cfbd,401868060,Austin Peay,Gardner-Webb,Draft Kings,-14.5,,59.5,,,,,,
2026-08-29T18:08:10.789659-04:00,cfbd,401868070,UT Martin,Central Arkansas,Draft Kings,-3.0,,50.5,,,,,,
2026-08-29T18:08:10.789659-04:00,cfbd,401867874,North Dakota,Long Island University,Draft Kings,-27.5,,44.5,,,,,,
2026-08-29T18:08:10.789659-04:00,cfbd,401868154,Portland State,UC Davis,DraftKings,25.5,24.5,60.5,62.5,1300.0,-5400.0,,,
2026-08-29T18:08:10.789659-04:00,cfbd,401868194,Tennessee State,Jackson State,DraftKings,12.5,15.5,49.5,49.5,435.0,-650.0,,,
2026-08-29T18:08:10.789659-04:00,cfbd,401856766,TCU,North Carolina,Draft Kings,-7.5,,46.5,,,,,,
2026-08-29T18:08:10.789659-04:00,cfbd,401856766,TCU,North Carolina,DraftKings,-7.5,,46.5,,-310.0,250.0,,,
2026-08-29T18:08:10.789659-04:00,cfbd,401856766,TCU,North Carolina,Bovada,-7.5,-7.5,46.0,50.5,-235.0,195.0,,,
2026-08-29T18:08:10.789659-04:00,cfbd,401868261,New Haven,Marist,DraftKings,-2.5,1.5,46.5,44.5,-145.0,116.0,,,
2026-08-29T18:08:10.789659-04:00,cfbd,401868261,New Haven,Marist,Draft Kings,-2.5,,46.5,,,,,,
2026-08-29T18:08:10.789659-04:00,cfbd,401868007,Fordham,Colgate,DraftKings,8.5,10.0,55.5,50.5,242.0,-318.0,,,
2026-08-29T18:08:10.789659-04:00,cfbd,401868007,Fordham,Colgate,Draft Kings,8.5,,55.5,,,,,,
2026-08-29T18:08:10.789659-04:00,cfbd,401868073,Cal Poly,Idaho,DraftKings,5.5,3.5,53.5,55.5,172.0,-219.0,,,
2026-08-29T18:08:10.789659-04:00,cfbd,401868073,Cal Poly,Idaho,Draft Kings,5.5,,53.5,,,,,,
2026-08-29T18:08:10.789659-04:00,cfbd,401858428,Michigan,Western Michigan,Bovada,-27.5,-26.5,47.5,47.5,-100000.0,2200.0,,,
2026-08-29T18:08:10.789659-04:00,cfbd,401858428,Michigan,Western Michigan,DraftKings,-27.5,-26.5,47.5,,-6500.0,2000.0,,,
2026-08-29T18:08:10.789659-04:00,cfbd,401858424,Illinois,UAB,Bovada,-28.5,-27.5,57.0,56.5,-100000.0,2000.0,,,
2026-08-29T18:08:10.789659-04:00,cfbd,401858424,Illinois,UAB,DraftKings,-28.5,-27.5,55.5,,-10000.0,3000.0,,,
2026-08-29T18:08:10.789659-04:00,cfbd,401856634,Alabama,East Carolina,DraftKings,-28.5,-25.5,53.5,,-10000.0,3000.0,,,
2026-08-29T18:08:10.789659-04:00,cfbd,401856634,Alabama,East Carolina,Bovada,-28.5,-25.5,54.0,53.5,-10000.0,1600.0,,,
2026-08-29T18:08:10.789659-04:00,cfbd,401856662,Mississippi State,UL Monroe,Bovada,-28.5,-28.5,55.5,55.5,-100000.0,2000.0,,,
2026-08-29T18:08:10.789659-04:00,cfbd,401856662,Mississippi State,UL Monroe,DraftKings,-28.5,-28.5,56.5,,-6500.0,2000.0,,,
2026-08-29T18:08:10.789659-04:00,cfbd,401864498,New Mexico,Central Michigan,Bovada,-10.0,-12.5,47.0,49.0,-575.0,400.0,,,
2026-08-29T18:08:10.789659-04:00,cfbd,401864498,New Mexico,Central Michigan,DraftKings,-10.5,-12.5,46.5,,-410.0,320.0,,,
2026-08-29T18:08:10.789659-04:00,cfbd,401858433,Oregon,Boise State,DraftKings,-24.5,-24.5,51.5,,-4500.0,1700.0,,,
2026-08-29T18:08:10.789659-04:00,cfbd,401858433,Oregon,Boise State,Bovada,-24.5,-24.5,52.0,53.5,-10000.0,1600.0,,,
2026-08-29T18:08:10.789659-04:00,cfbd,401858430,Nebraska,Ohio,DraftKings,-23.5,-23.5,47.5,,-1800.0,1000.0,,,
2026-08-29T18:08:10.789659-04:00,cfbd,401858430,Nebraska,Ohio,Bovada,-24.0,-23.5,47.5,47.5,-4000.0,1200.0,,,
2026-08-29T18:08:10.789659-04:00,cfbd,401864432,Nevada,Western Kentucky,Bovada,2.5,4.0,53.0,53.5,120.0,-140.0,,,
2026-08-29T18:08:10.789659-04:00,cfbd,401864432,Nevada,Western Kentucky,DraftKings,2.5,4.5,52.5,,110.0,-130.0,,,
2026-08-29T18:08:10.789659-04:00,cfbd,401856636,Auburn,Baylor,DraftKings,-7.0,-6.5,59.5,,-298.0,240.0,,,
2026-08-29T18:08:10.789659-04:00,cfbd,401856636,Auburn,Baylor,Bovada,-7.0,-7.5,59.0,58.5,-270.0,220.0,,,
2026-08-29T18:08:10.789659-04:00,cfbd,401856661,Ole Miss,Louisville,Bovada,-6.5,-8.5,55.5,52.5,-270.0,220.0,,,
2026-08-29T18:08:10.789659-04:00,cfbd,401856661,Ole Miss,Louisville,DraftKings,-6.5,,55.5,,-258.0,210.0,,,
2026-08-29T18:08:10.789659-04:00,cfbd,401866408,Eastern Michigan,Sacramento State,DraftKings,-8.5,-8.5,52.5,,-355.0,280.0,,,
2026-08-29T18:08:10.789659-04:00,cfbd,401866408,Eastern Michigan,Sacramento State,Bovada,-9.0,-8.5,53.0,52.5,-330.0,265.0,,,
2026-08-29T18:08:10.789659-04:00,cfbd,401858434,Penn State,Marshall,Bovada,-24.5,-23.5,54.5,54.5,-3300.0,1100.0,,,
2026-08-29T18:08:10.789659-04:00,cfbd,401858434,Penn State,Marshall,DraftKings,-24.5,-23.5,54.5,,-4000.0,1600.0,,,
2026-08-29T18:08:10.789659-04:00,cfbd,401864497,Hawai'i,UNLV,Bovada,3.0,1.5,58.5,58.5,105.0,-125.0,,,
2026-08-29T18:08:10.789659-04:00,cfbd,401864497,Hawai'i,UNLV,DraftKings,3.0,1.5,58.5,,130.0,-155.0,,,
2026-08-29T18:08:10.789659-04:00,cfbd,401864494,USC,San José State,DraftKings,-37.5,-35.5,61.5,,-100000.0,5000.0,,,
2026-08-29T18:08:10.789659-04:00,cfbd,401864494,USC,San José State,Bovada,-37.0,-35.5,60.5,57.5,-100000.0,3500.0,,,
2026-08-29T18:08:10.789659-04:00,cfbd,401858438,Notre Dame,Wisconsin,Bovada,-20.5,-16.5,47.5,46.5,-2500.0,1000.0,,,
2026-08-29T18:08:10.789659-04:00,cfbd,401858438,Notre Dame,Wisconsin,DraftKings,-20.5,,47.5,47.5,-1800.0,1000.0,,,
2026-08-29T18:08:10.789659-04:00,cfbd,401864570,Florida State,New Mexico State,DraftKings,-30.5,-28.5,53.5,,-6500.0,2000.0,,,
2026-08-29T18:08:10.789659-04:00,cfbd,401864570,Florida State,New Mexico State,Bovada,-31.0,-29.5,53.5,53.5,-100000.0,2800.0,,,
2026-08-29T18:08:10.789659-04:00,cfbd,401860878,Colorado State,Wyoming,DraftKings,-3.5,-4.0,47.5,,-170.0,142.0,,,
2026-08-29T18:08:10.789659-04:00,cfbd,401860878,Colorado State,Wyoming,Bovada,-3.5,-4.0,47.5,47.5,-180.0,155.0,,,
2026-08-29T18:08:10.789659-04:00,cfbd,401862699,South Florida,Florida International,Bovada,-13.0,-12.5,54.0,54.5,-460.0,340.0,,,
2026-08-29T18:08:10.789659-04:00,cfbd,401862699,South Florida,Florida International,DraftKings,-13.5,-12.5,53.5,,-575.0,425.0,,,
2026-08-29T18:08:10.789659-04:00,cfbd,401856665,South Carolina,Kent State,Bovada,-36.5,-34.5,53.0,52.5,-100000.0,-100000.0,,,
2026-08-29T18:08:10.789659-04:00,cfbd,401856665,South Carolina,Kent State,DraftKings,-36.5,-33.5,53.5,,-100000.0,5000.0,,,
2026-08-29T18:08:10.789659-04:00,cfbd,401856637,Florida,Florida Atlantic,Bovada,-26.5,-25.5,59.5,56.5,-7000.0,1300.0,,,
2026-08-29T18:08:10.789659-04:00,cfbd,401856637,Florida,Florida Atlantic,DraftKings,-27.5,-25.5,59.5,,-5000.0,1800.0,,,
2026-08-29T18:08:10.789659-04:00,cfbd,401858210,California,UCLA,Bovada,2.0,-3.5,54.0,53.5,-115.0,-105.0,,,
2026-08-29T18:08:10.789659-04:00,cfbd,401858210,California,UCLA,DraftKings,1.5,-1.5,53.5,,100.0,-120.0,,,
2026-08-29T18:08:10.789659-04:00,cfbd,401870763,Troy,Sam Houston,Bovada,-17.0,-17.0,53.0,50.5,-1300.0,725.0,,,
2026-08-29T18:08:10.789659-04:00,cfbd,401870763,Troy,Sam Houston,DraftKings,-16.5,-17.5,53.5,,-1000.0,650.0,,,
2026-08-29T18:08:10.789659-04:00,cfbd,401858426,Iowa,Northern Illinois,Bovada,-32.0,-29.5,45.5,43.5,-100000.0,2500.0,,,
2026-08-29T18:08:10.789659-04:00,cfbd,401858426,Iowa,Northern Illinois,DraftKings,-31.5,-29.5,45.5,,-100000.0,5000.0,,,
2026-08-29T18:08:10.789659-04:00,cfbd,401864577,North Dakota State,Jacksonville State,Bovada,-7.0,-10.0,46.5,48.5,-330.0,265.0,,,
2026-08-29T18:08:10.789659-04:00,cfbd,401864577,North Dakota State,Jacksonville State,DraftKings,-6.5,-10.0,46.5,,-265.0,215.0,,,
2026-08-29T18:08:10.789659-04:00,cfbd,401856778,Houston,Oregon State,Bovada,-21.0,-18.5,51.5,51.5,-1300.0,725.0,,,
2026-08-29T18:08:10.789659-04:00,cfbd,401856778,Houston,Oregon State,DraftKings,-20.5,-18.5,51.5,,-1800.0,1000.0,,,
2026-08-29T18:08:10.789659-04:00,cfbd,401864495,Eastern Michigan,San José State,DraftKings,-4.5,-3.5,53.5,,-218.0,180.0,,,
2026-08-29T18:08:10.789659-04:00,cfbd,401864495,Eastern Michigan,San José State,Bovada,-4.5,-3.5,53.5,53.5,-160.0,135.0,,,
2026-08-29T18:08:10.789659-04:00,cfbd,401858204,Wake Forest,Akron,DraftKings,-24.5,-22.5,48.5,,-3600.0,1500.0,,,
2026-08-29T18:08:10.789659-04:00,cfbd,401858204,Wake Forest,Akron,Bovada,-24.0,-22.5,48.5,49.5,-3500.0,1100.0,,,
2026-08-29T18:08:10.789659-04:00,cfbd,401856780,West Virginia,Coastal Carolina,Bovada,-21.5,-17.5,56.0,57.5,-1725.0,-100000.0,,,
2026-08-29T18:08:10.789659-04:00,cfbd,401856780,West Virginia,Coastal Carolina,DraftKings,-21.5,-17.5,56.5,,-1650.0,950.0,,,
2026-08-29T18:08:10.789659-04:00,cfbd,401858207,Pittsburgh,Miami (OH),Bovada,-16.0,-16.5,49.5,50.5,-800.0,525.0,,,
2026-08-29T18:08:10.789659-04:00,cfbd,401858207,Pittsburgh,Miami (OH),DraftKings,-16.5,-16.5,49.5,,-850.0,575.0,,,
2026-08-29T18:08:10.789659-04:00,cfbd,401858429,Michigan State,Toledo,DraftKings,-10.0,-10.5,49.5,,-395.0,310.0,,,
2026-08-29T18:08:10.789659-04:00,cfbd,401858429,Michigan State,Toledo,Bovada,-10.0,-10.5,49.5,49.5,-410.0,305.0,,,
2026-08-29T18:08:10.789659-04:00,cfbd,401862695,Memphis,Arkansas State,Bovada,-8.5,-10.5,55.5,55.5,-440.0,330.0,,,
2026-08-29T18:08:10.789659-04:00,cfbd,401862695,Memphis,Arkansas State,DraftKings,-8.5,-10.5,55.5,,-310.0,250.0,,,
2026-08-29T18:08:10.789659-04:00,cfbd,401856660,LSU,Clemson,Bovada,-10.5,-11.5,51.0,51.5,-480.0,350.0,,,
2026-08-29T18:08:10.789659-04:00,cfbd,401856660,LSU,Clemson,DraftKings,-10.5,,51.5,,-380.0,300.0,,,
2026-08-29T18:08:10.789659-04:00,cfbd,401858432,Ohio State,Ball State,Bovada,-51.0,-50.5,56.5,56.5,,,,,
2026-08-29T18:08:10.789659-04:00,cfbd,401858432,Ohio State,Ball State,DraftKings,-50.5,-49.5,56.5,,,,,,
2026-08-29T18:08:10.789659-04:00,cfbd,401856668,Texas A&M,Missouri State,Bovada,-40.5,-38.5,52.5,52.5,,,,,
2026-08-29T18:08:10.789659-04:00,cfbd,401856668,Texas A&M,Missouri State,DraftKings,-41.5,-38.5,52.5,,,,,,
2026-08-29T18:08:10.789659-04:00,cfbd,401856664,Oklahoma,UTEP,Bovada,-40.5,-40.5,50.5,50.5,,,,,
2026-08-29T18:08:10.789659-04:00,cfbd,401856664,Oklahoma,UTEP,DraftKings,-41.5,-40.5,50.5,,,,,,
2026-09-02T18:20:05.228788-04:00,cfbd,401858423,Rutgers,Massachusetts,Bovada,-29.0,-30.5,52.5,54.5,,,,,
2026-09-02T18:20:05.228788-04:00,cfbd,401858423,Rutgers,Massachusetts,DraftKings,-29.5,-30.5,51.5,,-6500.0,2000.0,,,
2026-09-02T19:22:37.961988-04:00,cfbd,401856767,UCF,Bethune-Cookman,DraftKings,-42.5,-41.5,58.5,,,,,,
2026-09-02T19:22:37.961988-04:00,cfbd,401864425,Kennesaw State,West Georgia,DraftKings,-22.5,-22.5,51.5,51.5,-4000.0,1600.0,,,
2026-09-02T19:22:37.961988-04:00,cfbd,401866409,Buffalo,UAlbany,DraftKings,-18.5,-24.5,48.5,48.5,-1200.0,750.0,,,
2026-09-02T19:22:37.961988-04:00,cfbd,401864424,Delaware,Merrimack,DraftKings,-28.5,-28.5,55.5,55.5,-20000.0,3500.0,,,
2026-09-02T19:22:37.961988-04:00,cfbd,401858423,Rutgers,Massachusetts,Bovada,-29.0,-30.5,52.0,54.5,,,,,
2026-09-02T19:22:37.961988-04:00,cfbd,401858423,Rutgers,Massachusetts,DraftKings,-29.5,-30.5,51.5,,-6500.0,2000.0,,,
2026-09-02T19:22:37.961988-04:00,cfbd,401866622,Stony Brook,Lindenwood,DraftKings,-4.0,-4.0,50.5,50.5,-180.0,144.0,,,
2026-09-02T19:22:37.961988-04:00,cfbd,401867889,Samford,Southern Illinois,DraftKings,24.5,24.5,49.5,49.5,1200.0,-4000.0,,,
2026-09-02T19:22:37.961988-04:00,cfbd,401858204,Wake Forest,Akron,DraftKings,-24.5,-22.5,48.5,,-3200.0,1400.0,,,
2026-09-02T19:22:37.961988-04:00,cfbd,401858204,Wake Forest,Akron,Bovada,-25.0,-22.5,48.5,49.5,-3500.0,1100.0,,,
2026-09-03T13:21:18.045821-04:00,cfbd,401856767,UCF,Bethune-Cookman,DraftKings,-43.5,-41.5,57.5,,,,,,
2026-09-03T13:21:18.045821-04:00,cfbd,401866409,Buffalo,UAlbany,DraftKings,-18.5,-24.5,47.5,48.5,-1000.0,650.0,,,
2026-09-03T13:21:18.045821-04:00,cfbd,401858422,Minnesota,Eastern Illinois,DraftKings,-42.5,-43.5,52.5,,,,,,
2026-09-03T13:21:18.045821-04:00,cfbd,401864424,Delaware,Merrimack,DraftKings,-31.5,-28.5,56.5,55.5,-50000.0,4000.0,,,
2026-09-03T13:21:18.045821-04:00,cfbd,401864425,Kennesaw State,West Georgia,DraftKings,-22.5,-22.5,50.5,51.5,-3600.0,1500.0,,,
2026-09-03T13:21:18.045821-04:00,cfbd,401856663,Missouri,Arkansas-Pine Bluff,DraftKings,-55.5,-54.5,62.5,60.5,,,,,
2026-09-03T13:21:18.045821-04:00,cfbd,401858423,Rutgers,Massachusetts,Bovada,-29.0,-30.5,53.0,54.5,,,,,
2026-09-03T13:21:18.045821-04:00,cfbd,401858423,Rutgers,Massachusetts,DraftKings,-29.5,-30.5,53.5,,-6500.0,2000.0,,,
2026-09-03T13:21:18.045821-04:00,cfbd,401856768,Utah,Idaho,DraftKings,-36.5,-32.5,59.5,56.5,-100000.0,5000.0,,,
2026-09-03T13:21:18.045821-04:00,cfbd,401856776,Georgia Tech,Colorado,DraftKings,-6.5,-7.0,51.5,,-238.0,195.0,,,
2026-09-03T13:21:18.045821-04:00,cfbd,401856776,Georgia Tech,Colorado,Bovada,-6.5,-7.0,51.5,51.5,-290.0,240.0,,,
2026-09-03T13:21:18.045821-04:00,cfbd,401867889,Samford,Southern Illinois,DraftKings,21.5,24.5,53.5,49.5,960.0,-2300.0,,,
2026-09-03T13:21:18.045821-04:00,cfbd,401858424,Illinois,UAB,Bovada,-27.5,-27.5,54.5,56.5,-8000.0,1400.0,,,
2026-09-03T13:21:18.045821-04:00,cfbd,401858424,Illinois,UAB,DraftKings,-27.5,-27.5,54.5,,-4500.0,1700.0,,,
2026-09-03T13:21:18.045821-04:00,cfbd,401866622,Stony Brook,Lindenwood,DraftKings,-4.0,-4.0,50.5,50.5,-189.0,150.0,,,
2026-09-03T13:21:18.045821-04:00,cfbd,401858204,Wake Forest,Akron,Bovada,-27.5,-22.5,50.5,49.5,-3500.0,1100.0,,,
2026-09-03T13:21:18.045821-04:00,cfbd,401858204,Wake Forest,Akron,DraftKings,-27.5,-22.5,50.5,,-2800.0,1300.0,,,
2026-09-03T18:15:40.777509-04:00,cfbd,401856767,UCF,Bethune-Cookman,DraftKings,-43.5,-41.5,58.5,,,,,,
2026-09-03T18:15:40.777509-04:00,cfbd,401866409,Buffalo,UAlbany,DraftKings,-18.5,-24.5,47.5,48.5,-1000.0,650.0,,,
2026-09-03T18:15:40.777509-04:00,cfbd,401856663,Missouri,Arkansas-Pine Bluff,DraftKings,-55.5,-54.5,61.5,60.5,,,,,
2026-09-03T18:15:40.777509-04:00,cfbd,401858422,Minnesota,Eastern Illinois,DraftKings,-42.5,-43.5,52.5,,,,,,
2026-09-03T18:15:40.777509-04:00,cfbd,401864424,Delaware,Merrimack,DraftKings,-31.5,-28.5,56.5,55.5,-8000.0,2200.0,,,
2026-09-03T18:15:40.777509-04:00,cfbd,401864425,Kennesaw State,West Georgia,DraftKings,-22.5,-22.5,50.5,51.5,-3600.0,1500.0,,,
2026-09-03T18:15:40.777509-04:00,cfbd,401856768,Utah,Idaho,DraftKings,-37.5,-32.5,59.5,56.5,-100000.0,5000.0,,,
2026-09-03T18:15:40.777509-04:00,cfbd,401856776,Georgia Tech,Colorado,DraftKings,-6.5,-7.0,52.5,,-238.0,195.0,,,
2026-09-03T18:15:40.777509-04:00,cfbd,401856776,Georgia Tech,Colorado,Bovada,-6.5,-7.0,52.5,51.5,-290.0,240.0,,,
2026-09-03T18:15:40.777509-04:00,cfbd,401858424,Illinois,UAB,Bovada,-26.5,-27.5,54.5,56.5,-8000.0,1400.0,,,
2026-09-03T18:15:40.777509-04:00,cfbd,401858424,Illinois,UAB,DraftKings,-26.5,-27.5,54.5,,-4500.0,1700.0,,,
2026-09-03T18:15:40.777509-04:00,cfbd,401867889,Samford,Southern Illinois,DraftKings,20.5,24.5,54.5,49.5,730.0,-1400.0,,,
2026-09-03T18:15:40.777509-04:00,cfbd,401866622,Stony Brook,Lindenwood,DraftKings,-4.0,-4.0,50.5,50.5,-189.0,150.0,,,
2026-09-03T18:15:40.777509-04:00,cfbd,401858204,Wake Forest,Akron,DraftKings,-27.5,-22.5,50.5,,-2800.0,1300.0,,,
2026-09-03T18:15:40.777509-04:00,cfbd,401858204,Wake Forest,Akron,Bovada,-27.5,-22.5,50.5,49.5,-3500.0,1100.0,,,
2026-09-04T13:13:24.077416-04:00,cfbd,401856779,Iowa State,Southeast Missouri State,DraftKings,-29.5,-29.5,53.5,53.5,-20000.0,3500.0,,,
2026-09-04T13:13:24.077416-04:00,cfbd,401866410,Bowling Green,Tarleton State,DraftKings,-2.5,-2.5,48.5,47.5,-135.0,114.0,,,
2026-09-04T13:13:24.077416-04:00,cfbd,401869960,James Madison,Liberty,DraftKings,-6.0,-6.0,50.5,,-225.0,185.0,,,
2026-09-04T13:13:24.077416-04:00,cfbd,401869960,James Madison,Liberty,Bovada,-6.5,-6.0,50.5,50.5,-250.0,210.0,,,
2026-09-04T13:13:24.077416-04:00,cfbd,401862701,Army,Bryant,DraftKings,-36.5,-36.5,51.5,,,,,,
2026-09-04T13:13:24.077416-04:00,cfbd,401858208,Syracuse,New Hampshire,DraftKings,-33.5,-32.5,54.5,55.5,-100000.0,5000.0,,,
2026-09-04T13:13:24.077416-04:00,cfbd,401861962,UConn,Lafayette,DraftKings,-19.5,-19.5,51.5,58.5,-1350.0,800.0,,,
2026-09-04T13:13:24.077416-04:00,cfbd,401864496,Air Force,Duquesne,DraftKings,-28.5,-30.5,57.5,58.5,-8000.0,2200.0,,,
2026-09-04T13:13:24.077416-04:00,cfbd,401856659,Kentucky,Youngstown State,DraftKings,-22.5,-23.5,62.5,62.5,-1650.0,950.0,,,
2026-09-04T13:13:24.077416-04:00,cfbd,401866623,Georgia State,North Carolina A&T,DraftKings,-28.5,-28.5,58.5,63.5,-4000.0,1600.0,,,
2026-09-04T13:13:24.077416-04:00,cfbd,401866623,Georgia State,North Carolina A&T,Bovada,-28.0,-28.0,61.0,61.0,,,,,
2026-09-04T13:13:24.077416-04:00,cfbd,401858435,Purdue,Indiana State,DraftKings,-34.5,-34.5,55.5,56.5,,,,,
2026-09-04T13:13:24.077416-04:00,cfbd,401858435,Purdue,Indiana State,Bovada,-35.5,-35.5,56.0,56.0,,,,,
2026-09-04T13:13:24.077416-04:00,cfbd,401856769,Kansas,Long Island University,DraftKings,-43.5,-38.5,56.5,53.5,,,,,
2026-09-04T13:13:24.077416-04:00,cfbd,401856769,Kansas,Long Island University,Bovada,-42.0,-42.0,54.5,54.5,,,,,
2026-09-04T13:13:24.077416-04:00,cfbd,401858436,USC,Fresno State,DraftKings,-22.5,-23.5,51.5,,-2400.0,1200.0,,,
2026-09-04T13:13:24.077416-04:00,cfbd,401858436,USC,Fresno State,Bovada,-21.5,-23.0,51.5,51.5,-3500.0,1100.0,,,
2026-09-04T13:13:24.077416-04:00,cfbd,401858206,Stanford,Miami,DraftKings,24.5,21.5,47.5,,1500.0,-3600.0,,,
2026-09-04T13:13:24.077416-04:00,cfbd,401858206,Stanford,Miami,Bovada,23.5,21.5,48.0,48.5,1100.0,-3500.0,,,
2026-09-04T13:13:24.077416-04:00,cfbd,401858425,Indiana,North Texas,DraftKings,-40.5,-40.5,56.5,,,,,,
2026-09-04T13:13:24.077416-04:00,cfbd,401858425,Indiana,North Texas,Bovada,-41.0,-40.5,57.0,55.5,,,,,
2026-09-04T13:13:24.077416-04:00,cfbd,401858430,Nebraska,Ohio,DraftKings,-23.5,-23.5,46.5,,-2800.0,1300.0,,,
2026-09-04T13:13:24.077416-04:00,cfbd,401858430,Nebraska,Ohio,Bovada,-23.5,-23.5,46.0,47.5,-2800.0,1100.0,,,
2026-09-04T13:13:24.077416-04:00,cfbd,401856665,South Carolina,Kent State,Bovada,-36.5,-34.5,53.5,52.5,-100000.0,-100000.0,,,
2026-09-04T13:13:24.077416-04:00,cfbd,401856665,South Carolina,Kent State,DraftKings,-35.5,-33.5,53.5,,-100000.0,5000.0,,,
2026-09-04T13:13:24.077416-04:00,cfbd,401856778,Houston,Oregon State,Bovada,-21.0,-18.5,49.5,51.5,-1300.0,725.0,,,
2026-09-04T13:13:24.077416-04:00,cfbd,401856778,Houston,Oregon State,DraftKings,-21.0,-18.5,50.5,,-1650.0,950.0,,,
2026-09-04T13:13:24.077416-04:00,cfbd,401856634,Alabama,East Carolina,Bovada,-28.0,-25.5,52.5,53.5,-7500.0,1400.0,,,
2026-09-04T13:13:24.077416-04:00,cfbd,401856634,Alabama,East Carolina,DraftKings,-27.5,-25.5,52.5,,-6500.0,2000.0,,,
2026-09-04T13:13:24.077416-04:00,cfbd,401856780,West Virginia,Coastal Carolina,Bovada,-21.0,-17.5,56.0,57.5,-1725.0,-100000.0,,,
2026-09-04T13:13:24.077416-04:00,cfbd,401856780,West Virginia,Coastal Carolina,DraftKings,-21.0,-17.5,55.5,,-1450.0,850.0,,,
2026-09-04T13:13:24.077416-04:00,cfbd,401858207,Pittsburgh,Miami (OH),Bovada,-16.0,-16.5,47.0,50.5,-800.0,525.0,,,
2026-09-04T13:13:24.077416-04:00,cfbd,401858207,Pittsburgh,Miami (OH),DraftKings,-16.5,-16.5,47.5,,-800.0,550.0,,,
2026-09-04T13:13:24.077416-04:00,cfbd,401864495,Eastern Michigan,San José State,DraftKings,-2.5,-3.5,55.5,,-135.0,114.0,,,
2026-09-04T13:13:24.077416-04:00,cfbd,401864495,Eastern Michigan,San José State,Bovada,-3.0,-3.5,56.0,53.5,-170.0,145.0,,,
2026-09-04T13:13:24.077416-04:00,cfbd,401858429,Michigan State,Toledo,DraftKings,-10.0,-10.5,48.5,,-440.0,340.0,,,
2026-09-04T13:13:24.077416-04:00,cfbd,401858429,Michigan State,Toledo,Bovada,-10.5,-10.5,47.5,49.5,-410.0,305.0,,,
2026-09-04T13:13:24.077416-04:00,cfbd,401858432,Ohio State,Ball State,DraftKings,-49.5,-49.5,55.5,,,,,,
2026-09-04T13:13:24.077416-04:00,cfbd,401858432,Ohio State,Ball State,Bovada,-51.0,-50.5,56.5,56.5,,,,,
2026-09-04T13:13:24.077416-04:00,cfbd,401856664,Oklahoma,UTEP,Bovada,-41.5,-40.5,51.5,50.5,,,,,
2026-09-04T13:13:24.077416-04:00,cfbd,401856664,Oklahoma,UTEP,DraftKings,-40.5,-40.5,51.5,,,,,,
2026-09-04T18:05:19.665560-04:00,cfbd,401862698,Temple,Rhode Island,DraftKings,-14.5,-10.0,51.5,51.5,-700.0,500.0,,,
2026-09-04T18:05:19.665560-04:00,cfbd,401856635,Arkansas,North Alabama,DraftKings,-40.5,-40.5,63.5,63.5,,,,,
2026-09-04T18:05:19.665560-04:00,cfbd,401866410,Bowling Green,Tarleton State,DraftKings,-2.5,-2.5,48.5,47.5,-135.0,114.0,,,
2026-09-04T18:05:19.665560-04:00,cfbd,401869960,James Madison,Liberty,DraftKings,-6.0,-6.0,50.5,,-225.0,185.0,,,
2026-09-04T18:05:19.665560-04:00,cfbd,401869960,James Madison,Liberty,Bovada,-6.5,-6.0,50.5,50.5,-250.0,210.0,,,
2026-09-04T18:05:19.665560-04:00,cfbd,401856658,Georgia,Tennessee State,DraftKings,-47.5,-46.5,54.5,56.5,,,,,
2026-09-04T18:05:19.665560-04:00,cfbd,401858208,Syracuse,New Hampshire,DraftKings,-34.5,-32.5,55.5,55.5,-100000.0,5000.0,,,
2026-09-04T18:05:19.665560-04:00,cfbd,401856779,Iowa State,Southeast Missouri State,DraftKings,-30.5,-29.5,53.5,53.5,-50000.0,4000.0,,,
2026-09-04T18:05:19.665560-04:00,cfbd,401861962,UConn,Lafayette,DraftKings,-19.5,-19.5,51.5,58.5,-1350.0,800.0,,,
2026-09-04T18:05:19.665560-04:00,cfbd,401856777,Cincinnati,Boston College,DraftKings,-7.5,-9.5,50.5,,-305.0,245.0,,,
2026-09-04T18:05:19.665560-04:00,cfbd,401856777,Cincinnati,Boston College,Bovada,-7.5,-9.5,50.0,54.5,-270.0,220.0,,,
2026-09-04T18:05:19.665560-04:00,cfbd,401864496,Air Force,Duquesne,DraftKings,-29.5,-30.5,57.5,58.5,-8000.0,2200.0,,,
2026-09-04T18:05:19.665560-04:00,cfbd,401856659,Kentucky,Youngstown State,DraftKings,-22.5,-23.5,62.5,62.5,-1650.0,950.0,,,
2026-09-04T18:05:19.665560-04:00,cfbd,401862701,Army,Bryant,DraftKings,-36.5,-36.5,50.5,,,,,,
2026-09-04T18:05:19.665560-04:00,cfbd,401856666,Tennessee,Furman,DraftKings,-48.5,-46.5,66.5,66.5,,,,,
2026-09-04T18:05:19.665560-04:00,cfbd,401862696,Navy,Towson,DraftKings,-30.5,-30.5,50.5,53.5,-50000.0,4000.0,,,
2026-09-04T18:05:19.665560-04:00,cfbd,401866623,Georgia State,North Carolina A&T,DraftKings,-28.5,-28.5,58.5,63.5,-4000.0,1600.0,,,
2026-09-04T18:05:19.665560-04:00,cfbd,401866623,Georgia State,North Carolina A&T,Bovada,-28.0,-28.0,61.0,61.0,,,,,
2026-09-04T18:05:19.665560-04:00,cfbd,401858435,Purdue,Indiana State,DraftKings,-34.5,-34.5,55.5,56.5,,,,,
2026-09-04T18:05:19.665560-04:00,cfbd,401858435,Purdue,Indiana State,Bovada,-35.5,-35.5,56.0,56.0,,,,,
2026-09-04T18:05:19.665560-04:00,cfbd,401862694,Charlotte,The Citadel,DraftKings,-20.5,-15.5,46.5,46.5,-1650.0,950.0,,,
2026-09-04T18:05:19.665560-04:00,cfbd,401856769,Kansas,Long Island University,DraftKings,-43.5,-38.5,56.5,53.5,,,,,
2026-09-04T18:05:19.665560-04:00,cfbd,401856769,Kansas,Long Island University,Bovada,-42.0,-42.0,54.5,54.5,,,,,
2026-09-04T18:05:19.665560-04:00,cfbd,401862700,UTSA,UT Rio Grande Valley,DraftKings,-28.5,-28.5,59.5,59.5,-9000.0,2500.0,,,
2026-09-04T18:05:19.665560-04:00,cfbd,401864499,North Dakota State,Fordham,DraftKings,-41.5,-39.5,56.5,57.5,,,,,
2026-09-04T18:05:19.665560-04:00,cfbd,401866627,App State,Maine,DraftKings,-19.5,-17.5,53.5,53.5,-1100.0,700.0,,,
2026-09-04T18:05:19.665560-04:00,cfbd,401867973,Old Dominion,Norfolk State,DraftKings,-40.5,-41.5,52.5,55.5,,,,,
2026-09-04T18:05:19.665560-04:00,cfbd,401868356,Southern Miss,Alcorn State,DraftKings,-19.5,-21.0,50.5,50.5,-1200.0,750.0,,,
2026-09-04T18:05:19.665560-04:00,cfbd,401858436,USC,Fresno State,DraftKings,-22.5,-23.5,51.5,,-2400.0,1200.0,,,
2026-09-04T18:05:19.665560-04:00,cfbd,401858436,USC,Fresno State,Bovada,-21.5,-23.0,51.5,51.5,-3500.0,1100.0,,,
2026-09-04T18:05:19.665560-04:00,cfbd,401856772,Tulsa,Oklahoma State,DraftKings,13.5,11.5,59.5,,425.0,-575.0,,,
2026-09-04T18:05:19.665560-04:00,cfbd,401856772,Tulsa,Oklahoma State,Bovada,13.5,11.5,59.0,61.5,390.0,-550.0,,,
2026-09-04T18:05:19.665560-04:00,cfbd,401856667,Texas,Texas State,DraftKings,-29.5,-30.5,59.5,,-8000.0,2200.0,,,
2026-09-04T18:05:19.665560-04:00,cfbd,401856667,Texas,Texas State,Bovada,-29.5,-30.5,60.0,59.5,-10000.0,2500.0,,,
2026-09-04T18:05:19.665560-04:00,cfbd,401858425,Indiana,North Texas,DraftKings,-40.5,-40.5,56.5,,,,,,
2026-09-04T18:05:19.665560-04:00,cfbd,401858425,Indiana,North Texas,Bovada,-41.0,-40.5,57.0,55.5,,,,,
2026-09-04T18:05:19.665560-04:00,cfbd,401858206,Stanford,Miami,DraftKings,24.5,21.5,46.5,,1600.0,-4000.0,,,
2026-09-04T18:05:19.665560-04:00,cfbd,401858206,Stanford,Miami,Bovada,23.5,21.5,48.0,48.5,1100.0,-3500.0,,,
2026-09-04T18:05:19.665560-04:00,cfbd,401858209,Duke,Tulane,DraftKings,-7.5,-8.5,51.5,,-325.0,260.0,,,
2026-09-04T18:05:19.665560-04:00,cfbd,401858209,Duke,Tulane,Bovada,-7.5,-8.5,50.5,53.5,-480.0,350.0,,,
2026-09-04T18:05:19.665560-04:00,cfbd,401856636,Auburn,Baylor,DraftKings,-7.5,-6.5,59.5,,-285.0,230.0,,,
2026-09-04T18:05:19.665560-04:00,cfbd,401856636,Auburn,Baylor,Bovada,-7.5,-7.5,59.5,58.5,-270.0,220.0,,,
2026-09-04T18:05:19.665560-04:00,cfbd,401858430,Nebraska,Ohio,DraftKings,-23.5,-23.5,46.5,,-2800.0,1300.0,,,
2026-09-04T18:05:19.665560-04:00,cfbd,401858430,Nebraska,Ohio,Bovada,-23.5,-23.5,46.0,47.5,-2800.0,1100.0,,,
2026-09-04T18:05:19.665560-04:00,cfbd,401858433,Oregon,Boise State,DraftKings,-24.5,-24.5,51.5,,-3200.0,1400.0,,,
2026-09-04T18:05:19.665560-04:00,cfbd,401858433,Oregon,Boise State,Bovada,-25.0,-24.5,51.5,53.5,-3300.0,1100.0,,,
2026-09-04T18:05:19.665560-04:00,cfbd,401856665,South Carolina,Kent State,Bovada,-36.5,-34.5,53.5,52.5,-100000.0,-100000.0,,,
2026-09-04T18:05:19.665560-04:00,cfbd,401856665,South Carolina,Kent State,DraftKings,-35.5,-33.5,53.5,,-100000.0,5000.0,,,
2026-09-04T18:05:19.665560-04:00,cfbd,401856778,Houston,Oregon State,Bovada,-21.0,-18.5,49.5,51.5,-1300.0,725.0,,,
2026-09-04T18:05:19.665560-04:00,cfbd,401856778,Houston,Oregon State,DraftKings,-21.0,-18.5,50.5,,-1800.0,1000.0,,,
2026-09-04T18:05:19.665560-04:00,cfbd,401858426,Iowa,Northern Illinois,Bovada,-32.0,-29.5,44.5,43.5,-100000.0,2500.0,,,
2026-09-04T18:05:19.665560-04:00,cfbd,401858426,Iowa,Northern Illinois,DraftKings,-31.5,-29.5,44.5,,-100000.0,5000.0,,,
2026-09-04T18:05:19.665560-04:00,cfbd,401856634,Alabama,East Carolina,Bovada,-28.0,-25.5,52.5,53.5,-7500.0,1400.0,,,
2026-09-04T18:05:19.665560-04:00,cfbd,401856634,Alabama,East Carolina,DraftKings,-27.5,-25.5,52.5,,-6500.0,2000.0,,,
2026-09-04T18:05:19.665560-04:00,cfbd,401858434,Penn State,Marshall,Bovada,-23.5,-23.5,52.0,54.5,-3500.0,1100.0,,,
2026-09-04T18:05:19.665560-04:00,cfbd,401858434,Penn State,Marshall,DraftKings,-23.5,-23.5,52.5,,-2400.0,1200.0,,,
2026-09-04T18:05:19.665560-04:00,cfbd,401860878,Colorado State,Wyoming,DraftKings,-3.0,-4.0,46.5,,-155.0,130.0,,,
2026-09-04T18:05:19.665560-04:00,cfbd,401860878,Colorado State,Wyoming,Bovada,-3.0,-4.0,46.5,47.5,-180.0,155.0,,,
2026-09-04T18:05:19.665560-04:00,cfbd,401867924,New Haven,Stonehill,DraftKings,-7.0,-7.0,41.5,41.5,-273.0,212.0,,,
2026-09-04T18:05:19.665560-04:00,cfbd,401866624,Monmouth,Sacred Heart,DraftKings,-15.5,-15.5,58.5,58.5,-740.0,481.0,,,
2026-09-04T18:05:19.665560-04:00,cfbd,401867875,North Dakota,St. Thomas (MN),DraftKings,-27.5,-27.5,52.5,52.5,,,,,
2026-09-04T18:05:19.665560-04:00,cfbd,401868000,Colgate,Holy Cross,DraftKings,-4.5,-4.5,47.5,47.5,-181.0,144.0,,,
2026-09-04T18:05:19.665560-04:00,cfbd,401868274,Mercer,Presbyterian,DraftKings,-21.5,-21.5,56.5,56.5,-1820.0,850.0,,,
2026-09-04T18:05:19.665560-04:00,cfbd,401868336,Chattanooga,Tennessee Tech,DraftKings,10.5,10.5,49.5,49.5,353.0,-496.0,,,
2026-09-04T18:05:19.665560-04:00,cfbd,401869127,Howard,Richmond,DraftKings,14.5,14.5,45.5,45.5,484.0,-750.0,,,
2026-09-04T18:05:19.665560-04:00,cfbd,401868111,Montana,Drake,DraftKings,-35.5,-34.5,57.5,57.5,,,,,
2026-09-04T18:05:19.665560-04:00,cfbd,401866626,Davidson,Elon,DraftKings,32.5,31.5,58.5,57.5,,,,,
2026-09-04T18:05:19.665560-04:00,cfbd,401867989,Bucknell,Villanova,DraftKings,26.5,26.5,56.5,56.5,1240.0,-4400.0,,,
2026-09-04T18:05:19.665560-04:00,cfbd,401866625,Campbell,Western Carolina,DraftKings,4.0,4.0,67.5,67.5,144.0,-181.0,,,
2026-09-04T18:05:19.665560-04:00,cfbd,401856780,West Virginia,Coastal Carolina,Bovada,-21.0,-17.5,56.0,57.5,-1725.0,-100000.0,,,
2026-09-04T18:05:19.665560-04:00,cfbd,401856780,West Virginia,Coastal Carolina,DraftKings,-21.0,-17.5,54.5,,-1450.0,850.0,,,
2026-09-04T18:05:19.665560-04:00,cfbd,401868186,Wofford,Gardner-Webb,DraftKings,-7.0,-7.0,47.5,47.5,-294.0,226.0,,,
2026-09-04T18:05:19.665560-04:00,cfbd,401867692,William & Mary,Delaware State,DraftKings,-10.0,-10.0,56.5,56.5,-432.0,315.0,,,
2026-09-04T18:05:19.665560-04:00,cfbd,401864495,Eastern Michigan,San José State,DraftKings,-1.5,-3.5,55.5,,-115.0,-105.0,,,
2026-09-04T18:05:19.665560-04:00,cfbd,401864495,Eastern Michigan,San José State,Bovada,-3.0,-3.5,56.0,53.5,-170.0,145.0,,,
2026-09-04T18:05:19.665560-04:00,cfbd,401858207,Pittsburgh,Miami (OH),Bovada,-16.0,-16.5,47.0,50.5,-800.0,525.0,,,
2026-09-04T18:05:19.665560-04:00,cfbd,401858207,Pittsburgh,Miami (OH),DraftKings,-16.5,-16.5,47.5,,-800.0,550.0,,,
2026-09-04T18:05:19.665560-04:00,cfbd,401868017,Georgetown,Lehigh,DraftKings,22.5,20.5,49.5,49.5,900.0,-2100.0,,,
2026-09-04T18:05:19.665560-04:00,cfbd,401858429,Michigan State,Toledo,Bovada,-10.5,-10.5,47.5,49.5,-410.0,305.0,,,
2026-09-04T18:05:19.665560-04:00,cfbd,401858429,Michigan State,Toledo,DraftKings,-10.0,-10.5,48.5,,-395.0,310.0,,,
2026-09-04T18:05:19.665560-04:00,cfbd,401858432,Ohio State,Ball State,Bovada,-51.0,-50.5,56.5,56.5,,,,,
2026-09-04T18:05:19.665560-04:00,cfbd,401858432,Ohio State,Ball State,DraftKings,-49.5,-49.5,56.5,,,,,,
2026-09-04T18:05:19.665560-04:00,cfbd,401856664,Oklahoma,UTEP,Bovada,-41.5,-40.5,51.5,50.5,,,,,
2026-09-04T18:05:19.665560-04:00,cfbd,401856664,Oklahoma,UTEP,DraftKings,-40.5,-40.5,51.5,,,,,,
2026-09-05T12:21:07.504109-04:00,cfbd,401856658,Georgia,Tennessee State,DraftKings,-48.5,-46.5,55.5,56.5,,,,,
2026-09-05T12:21:07.504109-04:00,cfbd,401856658,Georgia,Tennessee State,Bovada,-46.5,-48.0,54.5,54.5,,,,,
2026-09-05T12:21:07.504109-04:00,cfbd,401862698,Temple,Rhode Island,DraftKings,-14.5,-10.0,51.5,51.5,-700.0,500.0,,,
2026-09-05T12:21:07.504109-04:00,cfbd,401862698,Temple,Rhode Island,Bovada,-14.5,-14.5,51.0,51.0,-700.0,475.0,,,
2026-09-05T12:21:07.504109-04:00,cfbd,401856635,Arkansas,North Alabama,DraftKings,-40.5,-40.5,63.5,63.5,,,,,
2026-09-05T12:21:07.504109-04:00,cfbd,401856635,Arkansas,North Alabama,Bovada,-40.5,-40.5,63.0,63.0,,,,,
2026-09-05T12:21:07.504109-04:00,cfbd,401856779,Iowa State,Southeast Missouri State,DraftKings,-29.5,-29.5,52.5,53.5,-9000.0,2500.0,,,
2026-09-05T12:21:07.504109-04:00,cfbd,401856777,Cincinnati,Boston College,DraftKings,-7.0,-9.5,51.5,,-285.0,230.0,,,
2026-09-05T12:21:07.504109-04:00,cfbd,401856777,Cincinnati,Boston College,Bovada,-7.5,-9.5,50.0,54.5,-270.0,220.0,,,
2026-09-05T12:21:07.504109-04:00,cfbd,401856666,Tennessee,Furman,DraftKings,-49.5,-46.5,66.5,66.5,,,,,
2026-09-05T12:21:07.504109-04:00,cfbd,401856666,Tennessee,Furman,Bovada,-48.0,-48.0,67.0,66.5,,,,,
2026-09-05T12:21:07.504109-04:00,cfbd,401856659,Kentucky,Youngstown State,DraftKings,-22.5,-23.5,61.5,62.5,-1600.0,900.0,,,
2026-09-05T12:21:07.504109-04:00,cfbd,401856659,Kentucky,Youngstown State,Bovada,-22.0,-23.0,62.5,62.5,-2200.0,1000.0,,,
2026-09-05T12:21:07.504109-04:00,cfbd,401862694,Charlotte,The Citadel,DraftKings,-20.5,-15.5,48.5,46.5,-1650.0,950.0,,,
2026-09-05T12:21:07.504109-04:00,cfbd,401862694,Charlotte,The Citadel,Bovada,-20.0,-20.0,46.5,46.5,-1400.0,750.0,,,
2026-09-05T12:21:07.504109-04:00,cfbd,401862696,Navy,Towson,DraftKings,-31.5,-30.5,50.5,53.5,-100000.0,5000.0,,,
2026-09-05T12:21:07.504109-04:00,cfbd,401862696,Navy,Towson,Bovada,-30.5,-30.5,50.5,50.5,,,,,
2026-09-05T12:21:07.504109-04:00,cfbd,401864499,North Dakota State,Fordham,DraftKings,-41.5,-39.5,54.5,57.5,,,,,
2026-09-05T12:21:07.504109-04:00,cfbd,401864499,North Dakota State,Fordham,Bovada,-41.5,-41.5,56.0,56.0,,,,,
2026-09-05T12:21:07.504109-04:00,cfbd,401862700,UTSA,UT Rio Grande Valley,DraftKings,-28.5,-28.5,59.5,59.5,-6500.0,2000.0,,,
2026-09-05T12:21:07.504109-04:00,cfbd,401862700,UTSA,UT Rio Grande Valley,Bovada,-28.5,-28.5,59.5,59.5,,,,,
2026-09-05T12:21:07.504109-04:00,cfbd,401866627,App State,Maine,DraftKings,-21.0,-17.5,53.5,53.5,-1600.0,900.0,,,
2026-09-05T12:21:07.504109-04:00,cfbd,401866627,App State,Maine,Bovada,-19.5,-19.5,53.5,53.5,-1300.0,725.0,,,
2026-09-05T12:21:07.504109-04:00,cfbd,401856775,BYU,Utah Tech,DraftKings,-51.5,-47.5,61.5,54.5,,,,,
2026-09-05T12:21:07.504109-04:00,cfbd,401856775,BYU,Utah Tech,Bovada,-51.5,-51.5,61.0,61.0,,,,,
2026-09-05T12:21:07.504109-04:00,cfbd,401856771,Kansas State,Nicholls,DraftKings,-41.5,-40.5,54.5,55.5,,,,,
2026-09-05T12:21:07.504109-04:00,cfbd,401856771,Kansas State,Nicholls,Bovada,-40.5,-40.5,54.5,54.5,,,,,
2026-09-05T12:21:07.504109-04:00,cfbd,401866411,Sacramento State,Mississippi Valley State,DraftKings,-37.5,-35.5,56.5,56.5,,,,,
2026-09-05T12:21:07.504109-04:00,cfbd,401860879,San Diego State,Portland State,DraftKings,-40.5,-38.5,62.5,57.5,,,,,
2026-09-05T12:21:07.504109-04:00,cfbd,401860879,San Diego State,Portland State,Bovada,-40.5,-40.5,62.0,62.0,,,,,
2026-09-05T12:21:07.504109-04:00,cfbd,401867866,Middle Tennessee,Murray State,DraftKings,-22.5,-20.5,56.5,59.5,-2100.0,1100.0,,,
2026-09-05T12:21:07.504109-04:00,cfbd,401867866,Middle Tennessee,Murray State,Bovada,-21.0,-21.0,57.5,57.5,-1800.0,850.0,,,
2026-09-05T12:21:07.504109-04:00,cfbd,401856773,Arizona,Northern Arizona,DraftKings,-31.5,-31.5,58.5,56.5,-8000.0,2200.0,,,
2026-09-05T12:21:07.504109-04:00,cfbd,401856773,Arizona,Northern Arizona,Bovada,-31.5,-31.5,58.5,58.5,,,,,
2026-09-05T12:21:07.504109-04:00,cfbd,401868170,Georgia Southern,Charleston Southern,DraftKings,-28.5,-25.5,51.5,51.5,-5000.0,1800.0,,,
2026-09-05T12:21:07.504109-04:00,cfbd,401868170,Georgia Southern,Charleston Southern,Bovada,-25.5,-25.5,51.5,51.5,-4000.0,1200.0,,,
2026-09-05T12:21:07.504109-04:00,cfbd,401858211,Virginia Tech,VMI,DraftKings,-55.5,-50.5,61.5,57.5,,,,,
2026-09-05T12:21:07.504109-04:00,cfbd,401858211,Virginia Tech,VMI,Bovada,-55.5,-55.5,62.0,62.0,,,,,
2026-09-05T12:21:07.504109-04:00,cfbd,401860880,Utah State,Idaho State,DraftKings,-15.5,-11.5,59.5,64.5,-650.0,470.0,,,
2026-09-05T12:21:07.504109-04:00,cfbd,401860880,Utah State,Idaho State,Bovada,-14.0,-14.0,62.0,62.0,-600.0,425.0,,,
2026-09-05T12:21:07.504109-04:00,cfbd,401862697,Rice,Houston Christian,DraftKings,-22.5,-24.5,47.5,47.5,-3600.0,1500.0,,,
2026-09-05T12:21:07.504109-04:00,cfbd,401862697,Rice,Houston Christian,Bovada,-22.5,-22.5,47.5,47.5,-2000.0,950.0,,,
2026-09-05T12:21:07.504109-04:00,cfbd,401868140,Jacksonville State,Eastern Kentucky,DraftKings,-22.5,-19.5,52.5,52.5,-2100.0,1100.0,,,
2026-09-05T12:21:07.504109-04:00,cfbd,401868140,Jacksonville State,Eastern Kentucky,Bovada,-21.0,-21.0,53.5,53.5,-1600.0,800.0,,,
2026-09-05T12:21:07.504109-04:00,cfbd,401869129,Louisiana Tech,Northwestern State,DraftKings,-44.5,-41.5,56.5,52.5,,,,,
2026-09-05T12:21:07.504109-04:00,cfbd,401869129,Louisiana Tech,Northwestern State,Bovada,-44.5,-44.5,55.5,55.5,,,,,
2026-09-05T12:21:07.504109-04:00,cfbd,401867973,Old Dominion,Norfolk State,DraftKings,-40.5,-41.5,52.5,55.5,,,,,
2026-09-05T12:21:07.504109-04:00,cfbd,401867973,Old Dominion,Norfolk State,Bovada,-41.0,-41.0,52.5,52.5,,,,,
2026-09-05T12:21:07.504109-04:00,cfbd,401858427,Maryland,Hampton,DraftKings,-45.5,-45.5,56.5,56.5,,,,,
2026-09-05T12:21:07.504109-04:00,cfbd,401858427,Maryland,Hampton,Bovada,-45.5,-45.5,55.5,55.5,,,,,
2026-09-05T12:21:07.504109-04:00,cfbd,401856770,Texas Tech,Abilene Christian,DraftKings,-43.5,-42.5,59.5,59.5,,,,,
2026-09-05T12:21:07.504109-04:00,cfbd,401856770,Texas Tech,Abilene Christian,Bovada,-42.5,-42.5,59.5,59.5,,,,,
2026-09-05T12:21:07.504109-04:00,cfbd,401856774,Arizona State,Morgan State,DraftKings,-44.5,-41.5,52.5,52.5,,,,,
2026-09-05T12:21:07.504109-04:00,cfbd,401856774,Arizona State,Morgan State,Bovada,-45.0,-45.0,52.5,52.5,,,,,
2026-09-05T12:21:07.504109-04:00,cfbd,401869142,Louisiana,Lamar,DraftKings,-20.5,-18.5,48.5,48.5,-1200.0,750.0,,,
2026-09-05T12:21:07.504109-04:00,cfbd,401869142,Louisiana,Lamar,Bovada,-20.0,-20.0,48.5,48.5,-1400.0,750.0,,,
2026-09-05T12:21:07.504109-04:00,cfbd,401858431,Northwestern,South Dakota State,DraftKings,-12.5,-12.5,48.5,46.5,-485.0,370.0,,,
2026-09-05T12:21:07.504109-04:00,cfbd,401858431,Northwestern,South Dakota State,Bovada,-12.5,-12.5,46.0,46.0,-525.0,375.0,,,
2026-09-05T12:21:07.504109-04:00,cfbd,401868316,South Alabama,SE Louisiana,DraftKings,-13.5,-12.5,52.5,52.5,-535.0,400.0,,,
2026-09-05T12:21:07.504109-04:00,cfbd,401868316,South Alabama,SE Louisiana,Bovada,-12.5,-12.5,52.5,52.5,-510.0,370.0,,,
2026-09-05T12:21:07.504109-04:00,cfbd,401868356,Southern Miss,Alcorn State,DraftKings,-19.5,-21.0,50.5,50.5,-1600.0,900.0,,,
2026-09-05T12:21:07.504109-04:00,cfbd,401868356,Southern Miss,Alcorn State,Bovada,-20.0,-20.0,50.5,50.5,-1400.0,750.0,,,
2026-09-05T12:21:07.504109-04:00,cfbd,401856669,Vanderbilt,Austin Peay,DraftKings,-29.5,-30.5,58.5,61.5,-6500.0,2000.0,,,
2026-09-05T12:21:07.504109-04:00,cfbd,401856669,Vanderbilt,Austin Peay,Bovada,-29.0,-29.0,60.0,60.5,,,,,
2026-09-05T12:21:07.504109-04:00,cfbd,401870790,New Mexico State,Mercyhurst,DraftKings,-28.5,-24.5,52.5,50.5,-8000.0,2200.0,,,
2026-09-05T12:21:07.504109-04:00,cfbd,401870790,New Mexico State,Mercyhurst,Bovada,-28.5,-28.5,52.0,52.0,,,,,
2026-09-05T12:21:07.504109-04:00,cfbd,401858209,Duke,Tulane,DraftKings,-7.5,-8.5,50.5,,-345.0,275.0,,,
2026-09-05T12:21:07.504109-04:00,cfbd,401858209,Duke,Tulane,Bovada,-7.5,-8.5,50.5,53.5,-480.0,350.0,,,
2026-09-05T12:21:07.504109-04:00,cfbd,401856772,Tulsa,Oklahoma State,DraftKings,13.5,11.5,57.5,,410.0,-550.0,,,
2026-09-05T12:21:07.504109-04:00,cfbd,401856772,Tulsa,Oklahoma State,Bovada,13.5,11.5,59.0,61.5,390.0,-550.0,,,
2026-09-05T12:21:07.504109-04:00,cfbd,401856667,Texas,Texas State,DraftKings,-29.5,-30.5,59.5,,-9000.0,2500.0,,,
2026-09-05T12:21:07.504109-04:00,cfbd,401856667,Texas,Texas State,Bovada,-29.5,-30.5,60.0,59.5,-10000.0,2500.0,,,
2026-09-05T12:21:07.504109-04:00,cfbd,401858433,Oregon,Boise State,DraftKings,-24.5,-24.5,51.5,,-2800.0,1300.0,,,
2026-09-05T12:21:07.504109-04:00,cfbd,401858433,Oregon,Boise State,Bovada,-25.0,-24.5,51.5,53.5,-3300.0,1100.0,,,
2026-09-05T12:21:07.504109-04:00,cfbd,401858428,Michigan,Western Michigan,Bovada,-27.5,-26.5,49.5,47.5,-7000.0,1300.0,,,
2026-09-05T12:21:07.504109-04:00,cfbd,401858428,Michigan,Western Michigan,DraftKings,-27.5,-26.5,49.5,,-6500.0,2000.0,,,
2026-09-05T12:21:07.504109-04:00,cfbd,401856636,Auburn,Baylor,DraftKings,-7.5,-6.5,58.5,,-285.0,230.0,,,
2026-09-05T12:21:07.504109-04:00,cfbd,401856636,Auburn,Baylor,Bovada,-7.5,-7.5,59.5,58.5,-270.0,220.0,,,
2026-09-05T12:21:07.504109-04:00,cfbd,401864498,New Mexico,Central Michigan,Bovada,-10.5,-12.5,47.0,49.0,-575.0,400.0,,,
2026-09-05T12:21:07.504109-04:00,cfbd,401864498,New Mexico,Central Michigan,DraftKings,-10.5,-12.5,47.5,,-440.0,340.0,,,
2026-09-05T12:21:07.504109-04:00,cfbd,401864497,Hawai'i,UNLV,Bovada,3.0,1.5,55.5,58.5,130.0,-150.0,,,
2026-09-05T12:21:07.504109-04:00,cfbd,401864497,Hawai'i,UNLV,DraftKings,3.0,1.5,55.5,,130.0,-155.0,,,
2026-09-05T12:21:07.504109-04:00,cfbd,401858426,Iowa,Northern Illinois,Bovada,-32.0,-29.5,44.5,43.5,-100000.0,4500.0,,,
2026-09-05T12:21:07.504109-04:00,cfbd,401858426,Iowa,Northern Illinois,DraftKings,-31.5,-29.5,44.5,,-50000.0,4000.0,,,
2026-09-05T12:21:07.504109-04:00,cfbd,401862699,South Florida,Florida International,DraftKings,-14.5,-12.5,52.5,,-675.0,490.0,,,
2026-09-05T12:21:07.504109-04:00,cfbd,401862699,South Florida,Florida International,Bovada,-14.5,-12.5,52.0,54.5,-460.0,340.0,,,
2026-09-05T12:21:07.504109-04:00,cfbd,401856665,South Carolina,Kent State,Bovada,-36.5,-34.5,53.5,52.5,-100000.0,-100000.0,,,
2026-09-05T12:21:07.504109-04:00,cfbd,401856665,South Carolina,Kent State,DraftKings,-35.5,-33.5,53.5,,-50000.0,4000.0,,,
2026-09-05T12:21:07.504109-04:00,cfbd,401858210,California,UCLA,Bovada,2.5,-3.5,53.5,53.5,110.0,-130.0,,,
2026-09-05T12:21:07.504109-04:00,cfbd,401858210,California,UCLA,DraftKings,2.5,-1.5,53.5,,114.0,-135.0,,,
2026-09-05T12:21:07.504109-04:00,cfbd,401856637,Florida,Florida Atlantic,Bovada,-26.5,-25.5,59.5,56.5,-6500.0,1300.0,,,
2026-09-05T12:21:07.504109-04:00,cfbd,401856637,Florida,Florida Atlantic,DraftKings,-26.5,-25.5,59.5,,-2800.0,1300.0,,,
2026-09-05T12:21:07.504109-04:00,cfbd,401860878,Colorado State,Wyoming,DraftKings,-3.0,-4.0,46.5,,-155.0,130.0,,,
2026-09-05T12:21:07.504109-04:00,cfbd,401860878,Colorado State,Wyoming,Bovada,-3.0,-4.0,46.5,47.5,-180.0,155.0,,,
2026-09-05T12:21:07.504109-04:00,cfbd,401870763,Troy,Sam Houston,Bovada,-16.5,-17.0,54.0,50.5,-1300.0,725.0,,,
2026-09-05T12:21:07.504109-04:00,cfbd,401870763,Troy,Sam Houston,DraftKings,-16.5,-17.5,52.5,,-850.0,575.0,,,
2026-09-05T12:21:07.504109-04:00,cfbd,401858434,Penn State,Marshall,Bovada,-23.0,-23.5,52.0,54.5,-3500.0,1100.0,,,
2026-09-05T12:21:07.504109-04:00,cfbd,401858434,Penn State,Marshall,DraftKings,-23.5,-23.5,52.5,,-1800.0,1000.0,,,
2026-09-05T12:21:07.504109-04:00,cfbd,401867684,UT Martin,Chicago State,DraftKings,-44.5,-44.5,61.5,61.5,,,,,
2026-09-05T12:21:07.504109-04:00,cfbd,401868085,Eastern Washington,Northern Iowa,DraftKings,-6.5,-6.5,52.5,52.5,-271.0,210.0,,,
2026-09-05T12:21:07.504109-04:00,cfbd,401867883,Northern Colorado,South Dakota,DraftKings,20.5,20.5,56.5,56.5,920.0,-2100.0,,,
2026-09-05T12:21:07.504109-04:00,cfbd,401868158,Southern Utah,Weber State,DraftKings,-14.5,-14.5,58.5,58.5,-820.0,520.0,,,
2026-09-05T12:21:07.504109-04:00,cfbd,401868119,Montana State,Butler,DraftKings,-45.5,-45.5,59.5,59.5,,,,,
2026-09-05T12:21:07.504109-04:00,cfbd,401868306,Stephen F. Austin,East Texas A&M,DraftKings,-25.5,-25.5,56.5,56.5,-3900.0,1180.0,,,
2026-09-05T12:21:07.504109-04:00,cfbd,401868967,Prairie View A&M,Texas Southern,DraftKings,-10.5,-10.5,54.5,54.5,-483.0,345.0,,,
2026-09-05T12:21:07.504109-04:00,cfbd,401866626,Davidson,Elon,DraftKings,32.5,31.5,58.5,57.5,,,,,
2026-09-05T12:21:07.504109-04:00,cfbd,401868000,Colgate,Holy Cross,DraftKings,-4.5,-4.5,49.5,47.5,-185.0,147.0,,,
2026-09-05T12:21:07.504109-04:00,cfbd,401868071,Central Arkansas,West Florida,DraftKings,-7.5,-7.5,55.5,55.5,-296.0,227.0,,,
2026-09-05T12:21:07.504109-04:00,cfbd,401866624,Monmouth,Sacred Heart,DraftKings,-12.5,-15.5,58.5,58.5,-640.0,432.0,,,
2026-09-05T12:21:07.504109-04:00,cfbd,401868336,Chattanooga,Tennessee Tech,DraftKings,10.5,10.5,48.5,49.5,358.0,-504.0,,,
2026-09-05T12:21:07.504109-04:00,cfbd,401868163,San Diego,UC Davis,DraftKings,14.5,15.5,57.5,57.5,490.0,-760.0,,,
2026-09-05T12:21:07.504109-04:00,cfbd,401869127,Howard,Richmond,DraftKings,14.5,14.5,43.5,45.5,493.0,-760.0,,,
2026-09-05T12:21:07.504109-04:00,cfbd,401867989,Bucknell,Villanova,DraftKings,26.5,26.5,54.5,56.5,1300.0,-5300.0,,,
2026-09-05T12:21:07.504109-04:00,cfbd,401868111,Montana,Drake,DraftKings,-35.5,-34.5,60.5,57.5,,,,,
2026-09-05T12:21:07.504109-04:00,cfbd,401866625,Campbell,Western Carolina,DraftKings,4.0,4.0,68.5,67.5,147.0,-184.0,,,
2026-09-05T12:21:07.504109-04:00,cfbd,401868186,Wofford,Gardner-Webb,DraftKings,-8.5,-7.0,50.5,47.5,-300.0,230.0,,,
2026-09-05T12:21:07.504109-04:00,cfbd,401867692,William & Mary,Delaware State,DraftKings,-9.5,-10.0,56.5,56.5,-410.0,301.0,,,
2026-09-05T12:21:07.504109-04:00,cfbd,401864432,Nevada,Western Kentucky,DraftKings,1.5,4.5,51.5,,-108.0,-112.0,,,
2026-09-05T12:21:07.504109-04:00,cfbd,401864432,Nevada,Western Kentucky,Bovada,-1.0,4.0,51.5,53.5,120.0,-140.0,,,
2026-09-05T12:21:07.504109-04:00,cfbd,401858207,Pittsburgh,Miami (OH),Bovada,-16.0,-16.5,47.0,50.5,-800.0,525.0,,,
2026-09-05T12:21:07.504109-04:00,cfbd,401858207,Pittsburgh,Miami (OH),DraftKings,-16.5,-16.5,47.5,,-850.0,575.0,,,
2026-09-05T12:21:07.504109-04:00,cfbd,401867845,Western Illinois,Illinois State,DraftKings,23.5,23.5,59.5,59.5,1300.0,-5300.0,,,
2026-09-05T12:21:07.504109-04:00,cfbd,401867875,North Dakota,St. Thomas (MN),DraftKings,-28.5,-27.5,53.5,52.5,,,,,
2026-09-05T12:21:07.504109-04:00,cfbd,401864496,Air Force,Duquesne,Bovada,-28.5,-28.5,57.5,57.5,,,,,
2026-09-05T12:21:07.504109-04:00,cfbd,401864496,Air Force,Duquesne,DraftKings,-31.5,-30.5,55.5,58.5,-6500.0,2000.0,,,
2026-09-05T12:21:07.504109-04:00,cfbd,401868017,Georgetown,Lehigh,DraftKings,22.5,20.5,46.5,49.5,870.0,-1920.0,,,
2026-09-05T12:21:07.504109-04:00,cfbd,401868274,Mercer,Presbyterian,DraftKings,-22.5,-21.5,54.5,56.5,-2100.0,920.0,,,
2026-09-05T12:21:07.504109-04:00,cfbd,401862695,Memphis,Arkansas State,Bovada,-11.0,-10.5,53.0,55.5,-340.0,270.0,,,
2026-09-05T12:21:07.504109-04:00,cfbd,401862695,Memphis,Arkansas State,DraftKings,-10.5,-10.5,52.5,,-425.0,330.0,,,
2026-09-05T12:21:07.504109-04:00,cfbd,401858432,Ohio State,Ball State,DraftKings,-49.5,-49.5,55.5,,,,,,
2026-09-05T12:21:07.504109-04:00,cfbd,401858432,Ohio State,Ball State,Bovada,-51.0,-50.5,56.5,56.5,,,,,
2026-09-05T12:21:07.504109-04:00,cfbd,401856662,Mississippi State,UL Monroe,Bovada,-28.5,-28.5,55.0,55.5,-100000.0,2500.0,,,
2026-09-05T12:21:07.504109-04:00,cfbd,401856662,Mississippi State,UL Monroe,DraftKings,-28.5,-28.5,54.5,,-4000.0,1600.0,,,
2026-09-05T12:21:07.504109-04:00,cfbd,401856660,LSU,Clemson,Bovada,-9.5,-11.5,50.5,51.5,-480.0,350.0,,,
2026-09-05T12:21:07.504109-04:00,cfbd,401856660,LSU,Clemson,DraftKings,-10.0,,50.5,,-380.0,300.0,,,
2026-09-05T12:21:07.504109-04:00,cfbd,401856668,Texas A&M,Missouri State,Bovada,-40.5,-38.5,53.5,52.5,,,,,
2026-09-05T12:21:07.504109-04:00,cfbd,401856668,Texas A&M,Missouri State,DraftKings,-40.5,-38.5,53.5,,,,,,
2026-09-05T17:54:24.415966-04:00,cfbd,401856770,Texas Tech,Abilene Christian,DraftKings,-44.5,-42.5,60.5,59.5,,,,,
2026-09-05T17:54:24.415966-04:00,cfbd,401856770,Texas Tech,Abilene Christian,Bovada,-44.5,-42.5,60.5,59.5,,,,,
2026-09-05T17:54:24.415966-04:00,cfbd,401856771,Kansas State,Nicholls,DraftKings,-41.5,-40.5,54.5,55.5,,,,,
2026-09-05T17:54:24.415966-04:00,cfbd,401856771,Kansas State,Nicholls,Bovada,-41.0,-40.5,55.0,54.5,,,,,
2026-09-05T17:54:24.415966-04:00,cfbd,401858431,Northwestern,South Dakota State,DraftKings,-14.0,-12.5,49.5,46.5,-575.0,425.0,,,
2026-09-05T17:54:24.415966-04:00,cfbd,401858431,Northwestern,South Dakota State,Bovada,-12.5,-12.5,48.5,46.0,-525.0,375.0,,,
2026-09-05T17:54:24.415966-04:00,cfbd,401866411,Sacramento State,Mississippi Valley State,DraftKings,-37.5,-35.5,56.5,56.5,,,,,
2026-09-05T17:54:24.415966-04:00,cfbd,401856775,BYU,Utah Tech,DraftKings,-50.5,-47.5,61.5,54.5,,,,,
2026-09-05T17:54:24.415966-04:00,cfbd,401856775,BYU,Utah Tech,Bovada,-49.5,-51.5,61.0,61.0,,,,,
2026-09-05T17:54:24.415966-04:00,cfbd,401868140,Jacksonville State,Eastern Kentucky,DraftKings,-22.5,-19.5,51.5,52.5,-2100.0,1100.0,,,
2026-09-05T17:54:24.415966-04:00,cfbd,401868140,Jacksonville State,Eastern Kentucky,Bovada,-22.0,-21.0,53.0,53.5,-1600.0,800.0,,,
2026-09-05T17:54:24.415966-04:00,cfbd,401868170,Georgia Southern,Charleston Southern,DraftKings,-28.5,-25.5,51.5,51.5,-5000.0,1800.0,,,
2026-09-05T17:54:24.415966-04:00,cfbd,401868170,Georgia Southern,Charleston Southern,Bovada,-28.0,-25.5,52.5,51.5,-4000.0,1200.0,,,
2026-09-05T17:54:24.415966-04:00,cfbd,401860880,Utah State,Idaho State,DraftKings,-15.5,-11.5,59.5,64.5,-650.0,470.0,,,
2026-09-05T17:54:24.415966-04:00,cfbd,401860880,Utah State,Idaho State,Bovada,-14.5,-14.0,60.0,62.0,-600.0,425.0,,,
2026-09-05T17:54:24.415966-04:00,cfbd,401862697,Rice,Houston Christian,DraftKings,-22.5,-24.5,47.5,47.5,-3600.0,1500.0,,,
2026-09-05T17:54:24.415966-04:00,cfbd,401862697,Rice,Houston Christian,Bovada,-23.0,-22.5,47.5,47.5,-2000.0,950.0,,,
2026-09-05T17:54:24.415966-04:00,cfbd,401869129,Louisiana Tech,Northwestern State,DraftKings,-44.5,-41.5,56.5,52.5,,,,,
2026-09-05T17:54:24.415966-04:00,cfbd,401869129,Louisiana Tech,Northwestern State,Bovada,-44.5,-44.5,56.5,55.5,,,,,
2026-09-05T17:54:24.415966-04:00,cfbd,401856773,Arizona,Northern Arizona,DraftKings,-31.5,-31.5,58.5,56.5,-6500.0,2000.0,,,
2026-09-05T17:54:24.415966-04:00,cfbd,401856773,Arizona,Northern Arizona,Bovada,-31.5,-31.5,58.5,58.5,-10000.0,1600.0,,,
2026-09-05T17:54:24.415966-04:00,cfbd,401858427,Maryland,Hampton,DraftKings,-45.5,-45.5,56.5,56.5,,,,,
2026-09-05T17:54:24.415966-04:00,cfbd,401858427,Maryland,Hampton,Bovada,-45.5,-45.5,56.0,55.5,,,,,
2026-09-05T17:54:24.415966-04:00,cfbd,401867973,Old Dominion,Norfolk State,DraftKings,-41.5,-41.5,52.5,55.5,,,,,
2026-09-05T17:54:24.415966-04:00,cfbd,401867973,Old Dominion,Norfolk State,Bovada,-41.0,-41.0,52.0,52.5,,,,,
2026-09-05T17:54:24.415966-04:00,cfbd,401856774,Arizona State,Morgan State,DraftKings,-43.5,-41.5,52.5,52.5,,,,,
2026-09-05T17:54:24.415966-04:00,cfbd,401856774,Arizona State,Morgan State,Bovada,-45.0,-45.0,52.5,52.5,,,,,
2026-09-05T17:54:24.415966-04:00,cfbd,401869142,Louisiana,Lamar,DraftKings,-20.5,-18.5,48.5,48.5,-1200.0,750.0,,,
2026-09-05T17:54:24.415966-04:00,cfbd,401869142,Louisiana,Lamar,Bovada,-20.0,-20.0,48.5,48.5,-1400.0,750.0,,,
2026-09-05T17:54:24.415966-04:00,cfbd,401868316,South Alabama,SE Louisiana,DraftKings,-13.5,-12.5,53.5,52.5,-575.0,425.0,,,
2026-09-05T17:54:24.415966-04:00,cfbd,401868316,South Alabama,SE Louisiana,Bovada,-14.0,-12.5,53.5,52.5,-510.0,370.0,,,
2026-09-05T17:54:24.415966-04:00,cfbd,401860879,San Diego State,Portland State,DraftKings,-39.5,-38.5,62.5,57.5,,,,,
2026-09-05T17:54:24.415966-04:00,cfbd,401860879,San Diego State,Portland State,Bovada,-40.5,-40.5,62.0,62.0,,,,,
2026-09-05T17:54:24.415966-04:00,cfbd,401856669,Vanderbilt,Austin Peay,DraftKings,-28.5,-30.5,58.5,61.5,-6500.0,2000.0,,,
2026-09-05T17:54:24.415966-04:00,cfbd,401856669,Vanderbilt,Austin Peay,Bovada,-29.0,-29.0,59.0,60.5,-6000.0,1325.0,,,
2026-09-05T17:54:24.415966-04:00,cfbd,401867866,Middle Tennessee,Murray State,DraftKings,-22.5,-20.5,55.5,59.5,-1800.0,1000.0,,,
2026-09-05T17:54:24.415966-04:00,cfbd,401867866,Middle Tennessee,Murray State,Bovada,-22.5,-21.0,56.0,57.5,-1800.0,850.0,,,
2026-09-05T17:54:24.415966-04:00,cfbd,401858211,Virginia Tech,VMI,DraftKings,-53.5,-50.5,59.5,57.5,,,,,
2026-09-05T17:54:24.415966-04:00,cfbd,401858211,Virginia Tech,VMI,Bovada,-54.5,-55.5,62.0,62.0,,,,,
2026-09-05T17:54:24.415966-04:00,cfbd,401870790,New Mexico State,Mercyhurst,DraftKings,-29.5,-24.5,52.5,50.5,-8000.0,2200.0,,,
2026-09-05T17:54:24.415966-04:00,cfbd,401870790,New Mexico State,Mercyhurst,Bovada,-28.5,-28.5,52.0,52.0,,,,,
2026-09-05T17:54:24.415966-04:00,cfbd,401858437,Washington,Washington State,DraftKings,-23.5,-21.5,51.5,,-2400.0,1200.0,,,
2026-09-05T17:54:24.415966-04:00,cfbd,401858437,Washington,Washington State,Bovada,-23.0,-21.5,51.0,50.5,-2200.0,1000.0,,,
2026-09-05T17:54:24.415966-04:00,cfbd,401858428,Michigan,Western Michigan,Bovada,-27.5,-26.5,49.5,47.5,-7000.0,1300.0,,,
2026-09-05T17:54:24.415966-04:00,cfbd,401858428,Michigan,Western Michigan,DraftKings,-27.5,-26.5,49.5,,-6500.0,2000.0,,,
2026-09-05T17:54:24.415966-04:00,cfbd,401864498,New Mexico,Central Michigan,Bovada,-11.0,-12.5,47.0,49.0,-575.0,400.0,,,
2026-09-05T17:54:24.415966-04:00,cfbd,401864498,New Mexico,Central Michigan,DraftKings,-10.5,-12.5,47.5,,-440.0,340.0,,,
2026-09-05T17:54:24.415966-04:00,cfbd,401864497,Hawai'i,UNLV,Bovada,3.0,1.5,55.5,58.5,130.0,-150.0,,,
2026-09-05T17:54:24.415966-04:00,cfbd,401864497,Hawai'i,UNLV,DraftKings,3.0,1.5,55.5,,130.0,-155.0,,,
2026-09-05T17:54:24.415966-04:00,cfbd,401862699,South Florida,Florida International,Bovada,-14.5,-12.5,53.0,54.5,-460.0,340.0,,,
2026-09-05T17:54:24.415966-04:00,cfbd,401862699,South Florida,Florida International,DraftKings,-14.5,-12.5,53.5,,-650.0,470.0,,,
2026-09-05T17:54:24.415966-04:00,cfbd,401870763,Troy,Sam Houston,Bovada,-16.5,-17.0,53.0,50.5,-1300.0,725.0,,,
2026-09-05T17:54:24.415966-04:00,cfbd,401870763,Troy,Sam Houston,DraftKings,-16.5,-17.5,52.5,,-850.0,575.0,,,
2026-09-05T17:54:24.415966-04:00,cfbd,401860878,Colorado State,Wyoming,DraftKings,-2.5,-4.0,46.5,,-142.0,120.0,,,
2026-09-05T17:54:24.415966-04:00,cfbd,401860878,Colorado State,Wyoming,Bovada,-3.0,-4.0,46.5,47.5,-180.0,155.0,,,
2026-09-05T17:54:24.415966-04:00,cfbd,401858210,California,UCLA,Bovada,2.5,-3.5,53.5,53.5,110.0,-130.0,,,
2026-09-05T17:54:24.415966-04:00,cfbd,401858210,California,UCLA,DraftKings,2.5,-1.5,53.5,,120.0,-142.0,,,
2026-09-05T17:54:24.415966-04:00,cfbd,401856637,Florida,Florida Atlantic,Bovada,-26.5,-25.5,59.5,56.5,-6500.0,1300.0,,,
2026-09-05T17:54:24.415966-04:00,cfbd,401856637,Florida,Florida Atlantic,DraftKings,-25.5,-25.5,59.5,,-2400.0,1200.0,,,
2026-09-05T17:54:24.415966-04:00,cfbd,401867883,Northern Colorado,South Dakota,DraftKings,20.5,20.5,56.5,56.5,920.0,-2100.0,,,
2026-09-05T17:54:24.415966-04:00,cfbd,401868158,Southern Utah,Weber State,DraftKings,-14.5,-14.5,58.5,58.5,-820.0,520.0,,,
2026-09-05T17:54:24.415966-04:00,cfbd,401868119,Montana State,Butler,DraftKings,-45.5,-45.5,59.5,59.5,,,,,
2026-09-05T17:54:24.415966-04:00,cfbd,401867939,Florida A&M,South Carolina State,DraftKings,19.5,17.5,55.5,,740.0,-1440.0,,,
2026-09-05T17:54:24.415966-04:00,cfbd,401868967,Prairie View A&M,Texas Southern,DraftKings,-10.5,-10.5,54.5,54.5,-483.0,345.0,,,
2026-09-05T17:54:24.415966-04:00,cfbd,401866626,Davidson,Elon,DraftKings,32.5,31.5,58.5,57.5,,,,,
2026-09-05T17:54:24.415966-04:00,cfbd,401868071,Central Arkansas,West Florida,DraftKings,-7.5,-7.5,55.5,55.5,-296.0,227.0,,,
2026-09-05T17:54:24.415966-04:00,cfbd,401868336,Chattanooga,Tennessee Tech,DraftKings,10.5,10.5,48.5,49.5,358.0,-504.0,,,
2026-09-05T17:54:24.415966-04:00,cfbd,401868163,San Diego,UC Davis,DraftKings,14.5,15.5,54.5,57.5,509.0,-800.0,,,
2026-09-05T17:54:24.415966-04:00,cfbd,401868085,Eastern Washington,Northern Iowa,DraftKings,-7.0,-6.5,52.5,52.5,-280.0,216.0,,,
2026-09-05T17:54:24.415966-04:00,cfbd,401868306,Stephen F. Austin,East Texas A&M,DraftKings,-23.5,-25.5,55.5,56.5,-3300.0,1100.0,,,
2026-09-05T17:54:24.415966-04:00,cfbd,401867989,Bucknell,Villanova,DraftKings,22.5,26.5,54.5,56.5,1160.0,-3700.0,,,
2026-09-05T17:54:24.415966-04:00,cfbd,401867684,UT Martin,Chicago State,DraftKings,-45.5,-44.5,61.5,61.5,,,,,
2026-09-05T17:54:24.415966-04:00,cfbd,401869127,Howard,Richmond,DraftKings,14.0,14.5,43.5,45.5,453.0,-680.0,,,
2026-09-05T17:54:24.415966-04:00,cfbd,401867692,William & Mary,Delaware State,DraftKings,-9.5,-10.0,54.5,56.5,-348.0,262.0,,,
2026-09-05T17:54:24.415966-04:00,cfbd,401864432,Nevada,Western Kentucky,DraftKings,1.5,4.5,51.5,,-108.0,-112.0,,,
2026-09-05T17:54:24.415966-04:00,cfbd,401864432,Nevada,Western Kentucky,Bovada,-1.0,4.0,51.5,53.5,120.0,-140.0,,,
2026-09-05T17:54:24.415966-04:00,cfbd,401867845,Western Illinois,Illinois State,DraftKings,20.5,23.5,58.5,59.5,990.0,-2500.0,,,
2026-09-05T17:54:24.415966-04:00,cfbd,401868274,Mercer,Presbyterian,DraftKings,-22.5,-21.5,54.5,56.5,-2100.0,920.0,,,
2026-09-05T17:54:24.415966-04:00,cfbd,401862695,Memphis,Arkansas State,Bovada,-10.5,-10.5,52.0,55.5,-340.0,270.0,,,
2026-09-05T17:54:24.415966-04:00,cfbd,401862695,Memphis,Arkansas State,DraftKings,-10.5,-10.5,52.5,,-425.0,330.0,,,
2026-09-05T17:54:24.415966-04:00,cfbd,401856660,LSU,Clemson,Bovada,-10.0,-11.5,50.0,51.5,-480.0,350.0,,,
2026-09-05T17:54:24.415966-04:00,cfbd,401856660,LSU,Clemson,DraftKings,-10.0,,49.5,,-360.0,285.0,,,
2026-09-05T17:54:24.415966-04:00,cfbd,401856662,Mississippi State,UL Monroe,Bovada,-28.5,-28.5,55.0,55.5,-100000.0,2500.0,,,
2026-09-05T17:54:24.415966-04:00,cfbd,401856662,Mississippi State,UL Monroe,DraftKings,-28.5,-28.5,54.5,,-4000.0,1600.0,,,
2026-09-05T17:54:24.415966-04:00,cfbd,401856668,Texas A&M,Missouri State,Bovada,-40.5,-38.5,53.5,52.5,,,,,
2026-09-05T17:54:24.415966-04:00,cfbd,401856668,Texas A&M,Missouri State,DraftKings,-40.5,-38.5,53.5,,,,,,
2026-09-10T14:24:11.262324-04:00,odds_api,18dec56516beb8daed598bc5c7a6872d,Miami Hurricanes,Florida A&M Rattlers,fanduel,-59.5,,65.5,,,,2026-09-11T00:00:00Z,-110.0,-118.0
2026-09-10T14:24:11.262324-04:00,odds_api,18dec56516beb8daed598bc5c7a6872d,Miami Hurricanes,Florida A&M Rattlers,betrivers,-59.0,,65.0,,,,2026-09-11T00:00:00Z,-109.0,-113.0
2026-09-10T14:24:11.262324-04:00,odds_api,18dec56516beb8daed598bc5c7a6872d,Miami Hurricanes,Florida A&M Rattlers,draftkings,-59.5,,65.5,,,,2026-09-11T00:00:00Z,-110.0,-108.0
2026-09-10T14:24:11.262324-04:00,odds_api,18dec56516beb8daed598bc5c7a6872d,Miami Hurricanes,Florida A&M Rattlers,bovada,-59.5,,65.0,,,,2026-09-11T00:00:00Z,-105.0,-115.0
2026-09-10T14:24:11.262324-04:00,odds_api,18dec56516beb8daed598bc5c7a6872d,Miami Hurricanes,Florida A&M Rattlers,betmgm,-58.5,,65.5,,,,2026-09-11T00:00:00Z,-115.0,-108.0
2026-09-11T13:23:14.050636-04:00,cfbd,401856679,Michigan,Oklahoma,DraftKings,5.5,-1.5,43.5,46.5,170.0,-205.0,,,
2026-09-11T13:23:14.050636-04:00,cfbd,401856679,Michigan,Oklahoma,Bovada,5.0,-1.5,43.5,45.5,175.0,-210.0,,,
2026-09-11T13:23:14.050636-04:00,cfbd,401856678,Kansas,Missouri,DraftKings,4.5,7.0,51.5,52.5,170.0,-205.0,,,
2026-09-11T13:23:14.050636-04:00,cfbd,401856678,Kansas,Missouri,Bovada,4.5,6.5,51.5,50.0,175.0,-210.0,,,
2026-09-11T13:23:14.050636-04:00,cfbd,401856782,Oklahoma State,Oregon,DraftKings,23.5,18.5,55.5,60.5,1100.0,-2100.0,,,
2026-09-11T13:23:14.050636-04:00,cfbd,401856782,Oklahoma State,Oregon,Bovada,23.5,22.5,55.5,57.5,1000.0,-2200.0,,,
2026-09-11T13:23:14.050636-04:00,cfbd,401856683,Texas A&M,Arizona State,DraftKings,-14.5,-14.5,50.5,51.5,-700.0,500.0,,,
2026-09-11T13:23:14.050636-04:00,cfbd,401856683,Texas A&M,Arizona State,Bovada,-15.0,-14.0,50.5,51.5,-650.0,450.0,,,
2026-09-11T13:23:14.050636-04:00,cfbd,401858221,Virginia Tech,Old Dominion,DraftKings,-19.5,-14.0,48.5,,-1100.0,700.0,,,
2026-09-11T13:23:14.050636-04:00,cfbd,401858221,Virginia Tech,Old Dominion,Bovada,-19.0,-18.5,48.0,51.0,-1200.0,700.0,,,
2026-09-11T13:23:14.050636-04:00,cfbd,401862702,Army,South Florida,DraftKings,-3.0,-1.5,46.5,52.5,-166.0,140.0,,,
2026-09-11T13:23:14.050636-04:00,cfbd,401862702,Army,South Florida,Bovada,-3.0,-3.5,46.0,49.5,-175.0,150.0,,,
2026-09-11T13:23:14.050636-04:00,cfbd,401858442,Temple,Penn State,DraftKings,23.5,21.5,50.5,51.5,1200.0,-2400.0,,,
2026-09-11T13:23:14.050636-04:00,cfbd,401858442,Temple,Penn State,Bovada,24.0,23.5,51.0,49.5,1100.0,-3300.0,,,
2026-09-11T13:23:14.050636-04:00,cfbd,401856781,Kansas State,Washington State,DraftKings,-17.5,-16.5,49.5,51.5,-950.0,625.0,,,
2026-09-11T13:23:14.050636-04:00,cfbd,401856781,Kansas State,Washington State,Bovada,-17.5,-18.5,49.0,49.0,-1100.0,650.0,,,
2026-09-11T13:23:14.050636-04:00,cfbd,401864571,East Carolina,App State,DraftKings,-6.5,-11.5,56.5,56.5,-265.0,215.0,,,
2026-09-11T13:23:14.050636-04:00,cfbd,401864571,East Carolina,App State,Bovada,-6.5,-8.0,56.5,56.5,-350.0,275.0,,,
2026-09-11T13:23:14.050636-04:00,cfbd,401856673,Georgia,Western Kentucky,DraftKings,-39.5,-35.5,55.5,52.5,,,,,
2026-09-11T13:23:14.050636-04:00,cfbd,401856673,Georgia,Western Kentucky,Bovada,-40.0,-39.5,55.0,54.0,,,,,
2026-09-11T13:23:14.050636-04:00,cfbd,401858224,Purdue,Wake Forest,DraftKings,3.0,3.5,49.5,49.5,130.0,-155.0,,,
2026-09-11T13:23:14.050636-04:00,cfbd,401858224,Purdue,Wake Forest,Bovada,3.0,4.5,50.0,50.0,160.0,-185.0,,,
2026-09-11T13:23:14.050636-04:00,cfbd,401858214,Boston College,Rutgers,DraftKings,-3.0,-3.5,53.5,,-166.0,140.0,,,
2026-09-11T13:23:14.050636-04:00,cfbd,401858214,Boston College,Rutgers,Bovada,-3.0,-3.5,53.5,54.5,-170.0,145.0,,,
2026-09-11T13:23:14.293215-04:00,odds_api,340ecb016288a69dfc2227500f14bc46,Louisville Cardinals,Villanova Wildcats,fanduel,-37.5,,57.5,,,,2026-09-11T23:00:00Z,-120.0,-106.0
2026-09-11T13:23:14.293215-04:00,odds_api,340ecb016288a69dfc2227500f14bc46,Louisville Cardinals,Villanova Wildcats,draftkings,-37.5,,56.5,,,,2026-09-11T23:00:00Z,-112.0,-108.0
2026-09-11T13:23:14.293215-04:00,odds_api,340ecb016288a69dfc2227500f14bc46,Louisville Cardinals,Villanova Wildcats,lowvig,-38.5,,57.0,,,,2026-09-11T23:00:00Z,-105.0,-105.0
2026-09-11T13:23:14.293215-04:00,odds_api,340ecb016288a69dfc2227500f14bc46,Louisville Cardinals,Villanova Wildcats,betonlineag,-38.5,,57.0,,,,2026-09-11T23:00:00Z,-105.0,-105.0
2026-09-11T13:23:14.293215-04:00,odds_api,340ecb016288a69dfc2227500f14bc46,Louisville Cardinals,Villanova Wildcats,betrivers,-37.0,,57.5,,,,2026-09-11T23:00:00Z,-109.0,-108.0
2026-09-11T13:23:14.293215-04:00,odds_api,340ecb016288a69dfc2227500f14bc46,Louisville Cardinals,Villanova Wildcats,betmgm,-38.5,,57.5,,,,2026-09-11T23:00:00Z,-110.0,-108.0
2026-09-11T13:23:14.293215-04:00,odds_api,340ecb016288a69dfc2227500f14bc46,Louisville Cardinals,Villanova Wildcats,bovada,-37.5,,57.0,,,,2026-09-11T23:00:00Z,-120.0,-110.0
2026-09-11T13:23:14.293215-04:00,odds_api,b008dac7f2b726219adf07d9857e2c66,NC State Wolfpack,Richmond Spiders,fanduel,-33.5,,50.5,,,,2026-09-11T23:00:00Z,-110.0,-115.0
2026-09-11T13:23:14.293215-04:00,odds_api,b008dac7f2b726219adf07d9857e2c66,NC State Wolfpack,Richmond Spiders,mybookieag,-33.0,,50.5,,,,2026-09-11T23:00:00Z,-110.0,-110.0
2026-09-11T13:23:14.293215-04:00,odds_api,b008dac7f2b726219adf07d9857e2c66,NC State Wolfpack,Richmond Spiders,betrivers,-33.5,,50.5,,,,2026-09-11T23:00:00Z,-113.0,-114.0
2026-09-11T13:23:14.293215-04:00,odds_api,b008dac7f2b726219adf07d9857e2c66,NC State Wolfpack,Richmond Spiders,draftkings,-33.5,,50.5,,-5000.0,1800.0,2026-09-11T23:00:00Z,-115.0,-112.0
2026-09-11T13:23:14.293215-04:00,odds_api,b008dac7f2b726219adf07d9857e2c66,NC State Wolfpack,Richmond Spiders,lowvig,-34.5,,50.5,,,,2026-09-11T23:00:00Z,-110.0,-105.0
2026-09-11T13:23:14.293215-04:00,odds_api,b008dac7f2b726219adf07d9857e2c66,NC State Wolfpack,Richmond Spiders,betonlineag,-34.5,,50.5,,,,2026-09-11T23:00:00Z,-110.0,-105.0
2026-09-11T13:23:14.293215-04:00,odds_api,b008dac7f2b726219adf07d9857e2c66,NC State Wolfpack,Richmond Spiders,betmgm,-33.5,,50.5,,-20000.0,4000.0,2026-09-11T23:00:00Z,-110.0,-108.0
2026-09-11T13:23:14.293215-04:00,odds_api,b008dac7f2b726219adf07d9857e2c66,NC State Wolfpack,Richmond Spiders,bovada,-33.0,,50.0,,,,2026-09-11T23:00:00Z,-110.0,-115.0
2026-09-11T13:23:14.293215-04:00,odds_api,d70ad98172b9cd2090eb75ff32866e04,Virginia Cavaliers,Norfolk State Spartans,fanduel,-46.5,,55.5,,,,2026-09-11T23:00:00Z,-110.0,-115.0
2026-09-11T13:23:14.293215-04:00,odds_api,d70ad98172b9cd2090eb75ff32866e04,Virginia Cavaliers,Norfolk State Spartans,draftkings,-46.5,,55.5,,,,2026-09-11T23:00:00Z,-105.0,-115.0
2026-09-11T13:23:14.293215-04:00,odds_api,d70ad98172b9cd2090eb75ff32866e04,Virginia Cavaliers,Norfolk State Spartans,lowvig,-47.5,,56.0,,,,2026-09-11T23:00:00Z,-110.0,-115.0
2026-09-11T13:23:14.293215-04:00,odds_api,d70ad98172b9cd2090eb75ff32866e04,Virginia Cavaliers,Norfolk State Spartans,betonlineag,-47.5,,56.0,,,,2026-09-11T23:00:00Z,-110.0,-115.0
2026-09-11T13:23:14.293215-04:00,odds_api,d70ad98172b9cd2090eb75ff32866e04,Virginia Cavaliers,Norfolk State Spartans,betrivers,-45.5,,55.5,,,,2026-09-11T23:00:00Z,-109.0,-105.0
2026-09-11T13:23:14.293215-04:00,odds_api,d70ad98172b9cd2090eb75ff32866e04,Virginia Cavaliers,Norfolk State Spartans,betmgm,-45.5,,55.5,,,,2026-09-11T23:00:00Z,-110.0,-110.0
2026-09-11T13:23:14.293215-04:00,odds_api,d70ad98172b9cd2090eb75ff32866e04,Virginia Cavaliers,Norfolk State Spartans,bovada,-46.0,,56.0,,,,2026-09-11T23:00:00Z,-115.0,-110.0
2026-09-11T13:23:14.293215-04:00,odds_api,db698f29983406d35dea606edfdc5922,Boston College,Rutgers Scarlet Knights,fanduel,-3.5,,53.5,,-154.0,128.0,2026-09-11T23:30:00Z,100.0,-110.0
2026-09-11T13:23:14.293215-04:00,odds_api,db698f29983406d35dea606edfdc5922,Boston College,Rutgers Scarlet Knights,mybookieag,-3.0,,53.5,,-166.0,135.0,2026-09-11T23:30:00Z,-110.0,-110.0
2026-09-11T13:23:14.293215-04:00,odds_api,db698f29983406d35dea606edfdc5922,Boston College,Rutgers Scarlet Knights,draftkings,-3.0,,53.5,,-166.0,140.0,2026-09-11T23:30:00Z,-115.0,-110.0
2026-09-11T13:23:14.293215-04:00,odds_api,db698f29983406d35dea606edfdc5922,Boston College,Rutgers Scarlet Knights,lowvig,-3.0,,54.0,,-151.0,131.0,2026-09-11T23:30:00Z,-106.0,-106.0
2026-09-11T13:23:14.293215-04:00,odds_api,db698f29983406d35dea606edfdc5922,Boston College,Rutgers Scarlet Knights,betonlineag,-3.0,,54.0,,-151.0,131.0,2026-09-11T23:30:00Z,-110.0,-108.0
2026-09-11T13:23:14.293215-04:00,odds_api,db698f29983406d35dea606edfdc5922,Boston College,Rutgers Scarlet Knights,betrivers,-3.0,,54.0,,-162.0,130.0,2026-09-11T23:30:00Z,-115.0,-112.0
2026-09-11T13:23:14.293215-04:00,odds_api,db698f29983406d35dea606edfdc5922,Boston College,Rutgers Scarlet Knights,betmgm,-3.0,,53.5,,-160.0,135.0,2026-09-11T23:30:00Z,-115.0,-110.0
2026-09-11T13:23:14.293215-04:00,odds_api,db698f29983406d35dea606edfdc5922,Boston College,Rutgers Scarlet Knights,betus,-3.0,,54.0,,-155.0,134.0,2026-09-11T23:30:00Z,-110.0,-110.0
2026-09-11T13:23:14.293215-04:00,odds_api,db698f29983406d35dea606edfdc5922,Boston College,Rutgers Scarlet Knights,bovada,-3.0,,53.5,,-165.0,135.0,2026-09-11T23:30:00Z,-115.0,-110.0
2026-09-11T13:23:14.293215-04:00,odds_api,912c15dcb8dd09eacabdcb80673d9d72,Kansas Jayhawks,Missouri Tigers,fanduel,4.5,,51.5,,168.0,-205.0,2026-09-12T00:00:00Z,-110.0,-110.0
2026-09-11T13:23:14.293215-04:00,odds_api,912c15dcb8dd09eacabdcb80673d9d72,Kansas Jayhawks,Missouri Tigers,mybookieag,5.0,,51.5,,168.0,-210.0,2026-09-12T00:00:00Z,-110.0,-110.0
2026-09-11T13:23:14.293215-04:00,odds_api,912c15dcb8dd09eacabdcb80673d9d72,Kansas Jayhawks,Missouri Tigers,draftkings,4.5,,51.5,,170.0,-205.0,2026-09-12T00:00:00Z,-108.0,-108.0
2026-09-11T13:23:14.293215-04:00,odds_api,912c15dcb8dd09eacabdcb80673d9d72,Kansas Jayhawks,Missouri Tigers,betrivers,5.0,,52.0,,170.0,-215.0,2026-09-12T00:00:00Z,-112.0,-109.0
2026-09-11T13:23:14.293215-04:00,odds_api,912c15dcb8dd09eacabdcb80673d9d72,Kansas Jayhawks,Missouri Tigers,betmgm,4.5,,51.5,,170.0,-210.0,2026-09-12T00:00:00Z,-108.0,-110.0
2026-09-11T13:23:14.293215-04:00,odds_api,912c15dcb8dd09eacabdcb80673d9d72,Kansas Jayhawks,Missouri Tigers,betonlineag,4.5,,51.5,,174.0,-200.0,2026-09-12T00:00:00Z,-106.0,-110.0
2026-09-11T13:23:14.293215-04:00,odds_api,912c15dcb8dd09eacabdcb80673d9d72,Kansas Jayhawks,Missouri Tigers,lowvig,4.5,,51.5,,174.0,-200.0,2026-09-12T00:00:00Z,-106.0,-108.0
2026-09-11T13:23:14.293215-04:00,odds_api,912c15dcb8dd09eacabdcb80673d9d72,Kansas Jayhawks,Missouri Tigers,betus,4.5,,51.5,,170.0,-200.0,2026-09-12T00:00:00Z,-105.0,-110.0
2026-09-11T13:23:14.293215-04:00,odds_api,912c15dcb8dd09eacabdcb80673d9d72,Kansas Jayhawks,Missouri Tigers,bovada,4.5,,51.5,,170.0,-200.0,2026-09-12T00:00:00Z,-110.0,-110.0
2026-09-11T13:23:14.293215-04:00,odds_api,6dbd3546b178b91878131862fd719e1e,East Carolina,Appalachian State Mountaineers,fanduel,-6.5,,56.5,,-240.0,195.0,2026-09-12T16:00:00Z,-110.0,-106.0
2026-09-11T13:23:14.293215-04:00,odds_api,6dbd3546b178b91878131862fd719e1e,East Carolina,Appalachian State Mountaineers,draftkings,-6.5,,56.5,,-265.0,215.0,2026-09-12T16:00:00Z,-112.0,-112.0
2026-09-11T13:23:14.293215-04:00,odds_api,6dbd3546b178b91878131862fd719e1e,East Carolina,Appalachian State Mountaineers,lowvig,-6.0,,56.5,,-230.0,192.0,2026-09-12T16:00:00Z,-111.0,-108.0
2026-09-11T13:23:14.293215-04:00,odds_api,6dbd3546b178b91878131862fd719e1e,East Carolina,Appalachian State Mountaineers,betonlineag,-6.0,,56.5,,-230.0,192.0,2026-09-12T16:00:00Z,-115.0,-110.0
2026-09-11T13:23:14.293215-04:00,odds_api,6dbd3546b178b91878131862fd719e1e,East Carolina,Appalachian State Mountaineers,betrivers,-6.5,,56.5,,-250.0,200.0,2026-09-12T16:00:00Z,-114.0,-110.0
2026-09-11T13:23:14.293215-04:00,odds_api,6dbd3546b178b91878131862fd719e1e,East Carolina,Appalachian State Mountaineers,betmgm,-6.5,,56.5,,-250.0,200.0,2026-09-12T16:00:00Z,-110.0,-108.0
2026-09-11T13:23:14.293215-04:00,odds_api,6dbd3546b178b91878131862fd719e1e,East Carolina,Appalachian State Mountaineers,bovada,-6.5,,56.5,,-260.0,215.0,2026-09-12T16:00:00Z,-115.0,-105.0
2026-09-11T13:23:14.293215-04:00,odds_api,6dbd3546b178b91878131862fd719e1e,East Carolina,Appalachian State Mountaineers,betus,-6.5,,56.5,,-230.0,195.0,2026-09-12T16:00:00Z,-110.0,-110.0
2026-09-11T13:23:14.293215-04:00,odds_api,6dbd3546b178b91878131862fd719e1e,East Carolina,Appalachian State Mountaineers,mybookieag,-6.5,,56.0,,-250.0,198.0,2026-09-12T16:00:00Z,-110.0,-110.0
2026-09-11T13:23:14.293215-04:00,odds_api,401856683,Texas A&M,Arizona State,draftkings,-14.5,,50.5,,-700.0,500.0,2026-09-12T16:00:00Z,-108.0,-112.0
2026-09-11T13:23:14.293215-04:00,odds_api,401856683,Texas A&M,Arizona State,betrivers,-14.5,,51.0,,-910.0,510.0,2026-09-12T16:00:00Z,-108.0,-109.0
2026-09-11T13:23:14.293215-04:00,odds_api,401856683,Texas A&M,Arizona State,mybookieag,-14.5,,50.5,,-752.0,500.0,2026-09-12T16:00:00Z,-110.0,-110.0
2026-09-11T13:23:14.293215-04:00,odds_api,401856683,Texas A&M,Arizona State,fanduel,-14.5,,50.5,,-800.0,540.0,2026-09-12T16:00:00Z,-110.0,-112.0
2026-09-11T13:23:14.293215-04:00,odds_api,401856683,Texas A&M,Arizona State,lowvig,-15.0,,50.5,,-725.0,520.0,2026-09-12T16:00:00Z,-104.0,-114.0
2026-09-11T13:23:14.293215-04:00,odds_api,401856683,Texas A&M,Arizona State,betonlineag,-15.0,,50.5,,-725.0,520.0,2026-09-12T16:00:00Z,-108.0,-115.0
2026-09-11T13:23:14.293215-04:00,odds_api,401856683,Texas A&M,Arizona State,betmgm,-14.5,,50.5,,-700.0,525.0,2026-09-12T16:00:00Z,-110.0,-112.0
2026-09-11T13:23:14.293215-04:00,odds_api,401856683,Texas A&M,Arizona State,betus,-14.5,,50.5,,-725.0,515.0,2026-09-12T16:00:00Z,-110.0,-110.0
2026-09-11T13:23:14.293215-04:00,odds_api,401856683,Texas A&M,Arizona State,bovada,-15.0,,50.5,,-700.0,475.0,2026-09-12T16:00:00Z,-110.0,-110.0
2026-09-11T13:23:14.293215-04:00,odds_api,a7c7e0143d5131ee3e2d78f356f0089d,Army Black Knights,South Florida,fanduel,-3.5,,46.5,,-170.0,140.0,2026-09-12T16:00:00Z,-105.0,-114.0
2026-09-11T13:23:14.293215-04:00,odds_api,a7c7e0143d5131ee3e2d78f356f0089d,Army Black Knights,South Florida,mybookieag,-3.0,,46.0,,-177.0,143.0,2026-09-12T16:00:00Z,-110.0,-110.0
2026-09-11T13:23:14.293215-04:00,odds_api,a7c7e0143d5131ee3e2d78f356f0089d,Army Black Knights,South Florida,draftkings,-3.0,,46.5,,-166.0,140.0,2026-09-12T16:00:00Z,-118.0,-110.0
2026-09-11T13:23:14.293215-04:00,odds_api,a7c7e0143d5131ee3e2d78f356f0089d,Army Black Knights,South Florida,lowvig,-3.5,,46.0,,-170.0,149.0,2026-09-12T16:00:00Z,104.0,-108.0
2026-09-11T13:23:14.293215-04:00,odds_api,a7c7e0143d5131ee3e2d78f356f0089d,Army Black Knights,South Florida,betonlineag,-3.5,,46.0,,-170.0,149.0,2026-09-12T16:00:00Z,-104.0,-110.0
2026-09-11T13:23:14.293215-04:00,odds_api,a7c7e0143d5131ee3e2d78f356f0089d,Army Black Knights,South Florida,betrivers,-3.5,,47.5,,-175.0,135.0,2026-09-12T16:00:00Z,-106.0,-106.0
2026-09-11T13:23:14.293215-04:00,odds_api,a7c7e0143d5131ee3e2d78f356f0089d,Army Black Knights,South Florida,betmgm,-3.5,,46.5,,-165.0,140.0,2026-09-12T16:00:00Z,-105.0,-108.0
2026-09-11T13:23:14.293215-04:00,odds_api,a7c7e0143d5131ee3e2d78f356f0089d,Army Black Knights,South Florida,betus,-3.0,,46.0,,-170.0,146.0,2026-09-12T16:00:00Z,-115.0,-110.0
2026-09-11T13:23:14.293215-04:00,odds_api,a7c7e0143d5131ee3e2d78f356f0089d,Army Black Knights,South Florida,bovada,-3.0,,46.0,,-165.0,140.0,2026-09-12T16:00:00Z,-120.0,-110.0
2026-09-11T13:23:14.293215-04:00,odds_api,287a959c0717526161988214cb4e01ce,North Carolina,East Tennessee State Buccaneers,fanduel,-35.5,,55.5,,-20000.0,3500.0,2026-09-12T16:00:00Z,-104.0,-106.0
2026-09-11T13:23:14.293215-04:00,odds_api,287a959c0717526161988214cb4e01ce,North Carolina,East Tennessee State Buccaneers,betrivers,-35.0,,54.5,,,,2026-09-12T16:00:00Z,-109.0,-109.0
2026-09-11T13:23:14.293215-04:00,odds_api,287a959c0717526161988214cb4e01ce,North Carolina,East Tennessee State Buccaneers,draftkings,-35.5,,54.5,,,,2026-09-12T16:00:00Z,-110.0,-112.0
2026-09-11T13:23:14.293215-04:00,odds_api,287a959c0717526161988214cb4e01ce,North Carolina,East Tennessee State Buccaneers,betonlineag,-35.5,,54.5,,,,2026-09-12T16:00:00Z,-115.0,-115.0
2026-09-11T13:23:14.293215-04:00,odds_api,287a959c0717526161988214cb4e01ce,North Carolina,East Tennessee State Buccaneers,lowvig,-35.5,,54.5,,,,2026-09-12T16:00:00Z,-115.0,-115.0
2026-09-11T13:23:14.293215-04:00,odds_api,6ab72601a536ccfdbc30904c90644d1a,Liberty Flames,Gardner-Webb Runnin Bulldogs,fanduel,-27.5,,54.5,,-4500.0,1600.0,2026-09-12T16:00:00Z,-114.0,-110.0
2026-09-11T13:23:14.293215-04:00,odds_api,6ab72601a536ccfdbc30904c90644d1a,Liberty Flames,Gardner-Webb Runnin Bulldogs,betrivers,-28.0,,55.5,,,,2026-09-12T16:00:00Z,-107.0,-106.0
2026-09-11T13:23:14.293215-04:00,odds_api,6ab72601a536ccfdbc30904c90644d1a,Liberty Flames,Gardner-Webb Runnin Bulldogs,draftkings,-27.5,,55.5,,-5000.0,1800.0,2026-09-12T16:00:00Z,-108.0,-105.0
2026-09-11T13:23:14.293215-04:00,odds_api,6ab72601a536ccfdbc30904c90644d1a,Liberty Flames,Gardner-Webb Runnin Bulldogs,betonlineag,-27.5,,55.5,,,,2026-09-12T16:00:00Z,-115.0,-115.0
2026-09-11T13:23:14.293215-04:00,odds_api,6ab72601a536ccfdbc30904c90644d1a,Liberty Flames,Gardner-Webb Runnin Bulldogs,lowvig,-27.5,,55.5,,,,2026-09-12T16:00:00Z,-115.0,-115.0
2026-09-11T13:23:14.293215-04:00,odds_api,a50cf094d107e92ff579fba17969676c,Indiana Hoosiers,Howard Bison,fanduel,-56.5,,65.5,,,,2026-09-12T16:00:00Z,-110.0,-110.0
2026-09-11T13:23:14.293215-04:00,odds_api,a50cf094d107e92ff579fba17969676c,Indiana Hoosiers,Howard Bison,betrivers,-56.5,,65.5,,,,2026-09-12T16:00:00Z,-110.0,-109.0
2026-09-11T13:23:14.293215-04:00,odds_api,a50cf094d107e92ff579fba17969676c,Indiana Hoosiers,Howard Bison,draftkings,-56.5,,64.5,,,,2026-09-12T16:00:00Z,-110.0,-110.0
2026-09-11T13:23:14.293215-04:00,odds_api,a50cf094d107e92ff579fba17969676c,Indiana Hoosiers,Howard Bison,betonlineag,-56.5,,64.5,,,,2026-09-12T16:00:00Z,-115.0,-115.0
2026-09-11T13:23:14.293215-04:00,odds_api,a50cf094d107e92ff579fba17969676c,Indiana Hoosiers,Howard Bison,lowvig,-56.5,,64.5,,,,2026-09-12T16:00:00Z,-115.0,-115.0
2026-09-11T13:23:14.293215-04:00,odds_api,401856781,Kansas State,Washington State,fanduel,-16.5,,48.5,,-1100.0,680.0,2026-09-12T16:00:00Z,-124.0,-114.0
2026-09-11T13:23:14.293215-04:00,odds_api,401856781,Kansas State,Washington State,mybookieag,-17.5,,48.5,,-1099.0,650.0,2026-09-12T16:00:00Z,-110.0,-110.0
2026-09-11T13:23:14.293215-04:00,odds_api,401856781,Kansas State,Washington State,draftkings,-17.5,,49.5,,-950.0,625.0,2026-09-12T16:00:00Z,-108.0,-105.0
2026-09-11T13:23:14.293215-04:00,odds_api,401856781,Kansas State,Washington State,betonlineag,-17.5,,49.0,,-900.0,613.0,2026-09-12T16:00:00Z,-110.0,-110.0
2026-09-11T13:23:14.293215-04:00,odds_api,401856781,Kansas State,Washington State,lowvig,-17.5,,49.0,,-900.0,613.0,2026-09-12T16:00:00Z,-106.0,-108.0
2026-09-11T13:23:14.293215-04:00,odds_api,401856781,Kansas State,Washington State,betmgm,-17.5,,48.5,,-900.0,650.0,2026-09-12T16:00:00Z,-108.0,-112.0
2026-09-11T13:23:14.293215-04:00,odds_api,401856781,Kansas State,Washington State,betrivers,-17.5,,48.0,,-1115.0,650.0,2026-09-12T16:00:00Z,-112.0,-112.0
2026-09-11T13:23:14.293215-04:00,odds_api,401856781,Kansas State,Washington State,betus,-17.5,,49.0,,-900.0,600.0,2026-09-12T16:00:00Z,-110.0,-110.0
2026-09-11T13:23:14.293215-04:00,odds_api,401856781,Kansas State,Washington State,bovada,-17.5,,49.0,,-1000.0,625.0,2026-09-12T16:00:00Z,-110.0,-110.0
2026-09-11T13:23:14.293215-04:00,odds_api,f84668c3813a8bed98f8cf0bc3c31a00,Kent State Golden Flashes,Wofford Terriers,fanduel,-11.5,,46.5,,-520.0,385.0,2026-09-12T16:00:00Z,-110.0,-110.0
2026-09-11T13:23:14.293215-04:00,odds_api,f84668c3813a8bed98f8cf0bc3c31a00,Kent State Golden Flashes,Wofford Terriers,betrivers,-11.5,,46.5,,-590.0,410.0,2026-09-12T16:00:00Z,-113.0,-113.0
2026-09-11T13:23:14.293215-04:00,odds_api,f84668c3813a8bed98f8cf0bc3c31a00,Kent State Golden Flashes,Wofford Terriers,draftkings,-11.5,,47.5,,-520.0,390.0,2026-09-12T16:00:00Z,-112.0,-108.0
2026-09-11T13:23:14.293215-04:00,odds_api,f84668c3813a8bed98f8cf0bc3c31a00,Kent State Golden Flashes,Wofford Terriers,betonlineag,-10.5,,47.5,,,,2026-09-12T16:00:00Z,-115.0,-115.0
2026-09-11T13:23:14.293215-04:00,odds_api,f84668c3813a8bed98f8cf0bc3c31a00,Kent State Golden Flashes,Wofford Terriers,lowvig,-10.5,,47.5,,,,2026-09-12T16:00:00Z,-115.0,-115.0
2026-09-11T13:23:14.293215-04:00,odds_api,b38f4f63351c15767e64a76a73589574,Michigan Wolverines,Oklahoma State,fanduel,4.5,,43.5,,172.0,-205.0,2026-09-12T16:00:00Z,-105.0,-105.0
2026-09-11T13:23:14.293215-04:00,odds_api,b38f4f63351c15767e64a76a73589574,Michigan Wolverines,Oklahoma State,bovada,5.0,,43.5,,175.0,-210.0,2026-09-12T16:00:00Z,-110.0,-105.0
2026-09-11T13:23:14.293215-04:00,odds_api,b38f4f63351c15767e64a76a73589574,Michigan Wolverines,Oklahoma State,betmgm,5.0,,43.5,,180.0,-220.0,2026-09-12T16:00:00Z,-110.0,-108.0
2026-09-11T13:23:14.293215-04:00,odds_api,b38f4f63351c15767e64a76a73589574,Michigan Wolverines,Oklahoma State,betrivers,5.5,,43.5,,165.0,-220.0,2026-09-12T16:00:00Z,-110.0,-110.0
2026-09-11T13:23:14.293215-04:00,odds_api,b38f4f63351c15767e64a76a73589574,Michigan Wolverines,Oklahoma State,mybookieag,5.0,,43.5,,185.0,-232.0,2026-09-12T16:00:00Z,-110.0,-110.0
2026-09-11T13:23:14.293215-04:00,odds_api,b38f4f63351c15767e64a76a73589574,Michigan Wolverines,Oklahoma State,draftkings,5.5,,43.5,,190.0,-230.0,2026-09-12T16:00:00Z,-110.0,-112.0
2026-09-11T13:23:14.293215-04:00,odds_api,b38f4f63351c15767e64a76a73589574,Michigan Wolverines,Oklahoma State,betonlineag,5.0,,43.0,,183.0,-215.0,2026-09-12T16:00:00Z,-112.0,-110.0
2026-09-11T13:23:14.293215-04:00,odds_api,b38f4f63351c15767e64a76a73589574,Michigan Wolverines,Oklahoma State,lowvig,5.0,,43.0,,183.0,-215.0,2026-09-12T16:00:00Z,-108.0,-108.0
2026-09-11T13:23:14.293215-04:00,odds_api,b38f4f63351c15767e64a76a73589574,Michigan Wolverines,Oklahoma State,betus,5.0,,43.0,,183.0,-215.0,2026-09-12T16:00:00Z,-110.0,-110.0
2026-09-11T13:23:14.293215-04:00,odds_api,d652c7bc0594f13ef0a2a04e31ef5666,Oklahoma State,Oregon Ducks,fanduel,23.5,,54.5,,1060.0,-2300.0,2026-09-12T16:00:00Z,-115.0,-118.0
2026-09-11T13:23:14.293215-04:00,odds_api,d652c7bc0594f13ef0a2a04e31ef5666,Oklahoma State,Oregon Ducks,mybookieag,23.5,,55.0,,1072.0,-2549.0,2026-09-12T16:00:00Z,-110.0,-110.0
2026-09-11T13:23:14.293215-04:00,odds_api,d652c7bc0594f13ef0a2a04e31ef5666,Oklahoma State,Oregon Ducks,draftkings,23.5,,55.5,,1100.0,-2100.0,2026-09-12T16:00:00Z,-112.0,-105.0
2026-09-11T13:23:14.293215-04:00,odds_api,d652c7bc0594f13ef0a2a04e31ef5666,Oklahoma State,Oregon Ducks,betrivers,23.5,,55.5,,1050.0,-3335.0,2026-09-12T16:00:00Z,-109.0,-113.0
2026-09-11T13:23:14.293215-04:00,odds_api,d652c7bc0594f13ef0a2a04e31ef5666,Oklahoma State,Oregon Ducks,betmgm,23.0,,55.5,,1150.0,-2000.0,2026-09-12T16:00:00Z,-108.0,-105.0
2026-09-11T13:23:14.293215-04:00,odds_api,d652c7bc0594f13ef0a2a04e31ef5666,Oklahoma State,Oregon Ducks,lowvig,23.0,,55.5,,1116.0,-2300.0,2026-09-12T16:00:00Z,-101.0,-103.0
2026-09-11T13:23:14.293215-04:00,odds_api,d652c7bc0594f13ef0a2a04e31ef5666,Oklahoma State,Oregon Ducks,betonlineag,23.0,,55.5,,1116.0,-2300.0,2026-09-12T16:00:00Z,-105.0,-105.0
2026-09-11T13:23:14.293215-04:00,odds_api,d652c7bc0594f13ef0a2a04e31ef5666,Oklahoma State,Oregon Ducks,bovada,23.5,,55.5,,950.0,-2000.0,2026-09-12T16:00:00Z,-110.0,-110.0
2026-09-11T13:23:14.293215-04:00,odds_api,d652c7bc0594f13ef0a2a04e31ef5666,Oklahoma State,Oregon Ducks,betus,23.0,,55.0,,1125.0,-2300.0,2026-09-12T16:00:00Z,-105.0,-110.0
2026-09-11T13:23:14.293215-04:00,odds_api,401858221,Virginia Tech,Old Dominion,draftkings,-19.5,,48.5,,-1100.0,700.0,2026-09-12T16:00:00Z,-102.0,-105.0
2026-09-11T13:23:14.293215-04:00,odds_api,401858221,Virginia Tech,Old Dominion,fanduel,-18.5,,48.5,,-1250.0,740.0,2026-09-12T16:00:00Z,-114.0,-105.0
2026-09-11T13:23:14.293215-04:00,odds_api,401858221,Virginia Tech,Old Dominion,mybookieag,-19.0,,48.5,,-1205.0,690.0,2026-09-12T16:00:00Z,-110.0,-110.0
2026-09-11T13:23:14.293215-04:00,odds_api,401858221,Virginia Tech,Old Dominion,lowvig,-19.0,,48.0,,-1200.0,754.0,2026-09-12T16:00:00Z,-104.0,-108.0
2026-09-11T13:23:14.293215-04:00,odds_api,401858221,Virginia Tech,Old Dominion,betonlineag,-19.0,,48.0,,-1200.0,754.0,2026-09-12T16:00:00Z,-108.0,-110.0
2026-09-11T13:23:14.293215-04:00,odds_api,401858221,Virginia Tech,Old Dominion,betmgm,-19.0,,48.5,,-1100.0,750.0,2026-09-12T16:00:00Z,-108.0,-105.0
2026-09-11T13:23:14.293215-04:00,odds_api,401858221,Virginia Tech,Old Dominion,betrivers,-19.0,,48.5,,-1430.0,750.0,2026-09-12T16:00:00Z,-109.0,-113.0
2026-09-11T13:23:14.293215-04:00,odds_api,401858221,Virginia Tech,Old Dominion,betus,-19.0,,48.0,,-1200.0,750.0,2026-09-12T16:00:00Z,-110.0,-105.0
2026-09-11T13:23:14.293215-04:00,odds_api,401858221,Virginia Tech,Old Dominion,bovada,-19.0,,48.0,,-1100.0,650.0,2026-09-12T16:00:00Z,-110.0,-115.0
2026-09-11T13:23:14.293215-04:00,odds_api,eee54863c6c50d585de1919f1fca51e5,Temple,Penn State Nittany Lions,fanduel,23.5,,50.5,,1400.0,-4000.0,2026-09-12T16:00:00Z,-102.0,-115.0
2026-09-11T13:23:14.293215-04:00,odds_api,eee54863c6c50d585de1919f1fca51e5,Temple,Penn State Nittany Lions,mybookieag,24.0,,51.0,,1130.0,-3366.0,2026-09-12T16:00:00Z,-110.0,-110.0
2026-09-11T13:23:14.293215-04:00,odds_api,eee54863c6c50d585de1919f1fca51e5,Temple,Penn State Nittany Lions,draftkings,23.5,,50.5,,1200.0,-2400.0,2026-09-12T16:00:00Z,-102.0,-115.0
2026-09-11T13:23:14.293215-04:00,odds_api,eee54863c6c50d585de1919f1fca51e5,Temple,Penn State Nittany Lions,lowvig,24.0,,50.5,,1276.0,-3100.0,2026-09-12T16:00:00Z,-109.0,-116.0
2026-09-11T13:23:14.293215-04:00,odds_api,eee54863c6c50d585de1919f1fca51e5,Temple,Penn State Nittany Lions,betonlineag,24.0,,50.5,,1276.0,-3100.0,2026-09-12T16:00:00Z,-113.0,-117.0
2026-09-11T13:23:14.293215-04:00,odds_api,eee54863c6c50d585de1919f1fca51e5,Temple,Penn State Nittany Lions,betmgm,24.0,,50.5,,1400.0,-2500.0,2026-09-12T16:00:00Z,-108.0,-112.0
2026-09-11T13:23:14.293215-04:00,odds_api,eee54863c6c50d585de1919f1fca51e5,Temple,Penn State Nittany Lions,betrivers,24.0,,51.0,,1400.0,-10000.0,2026-09-12T16:00:00Z,-113.0,-109.0
2026-09-11T13:23:14.293215-04:00,odds_api,eee54863c6c50d585de1919f1fca51e5,Temple,Penn State Nittany Lions,betus,24.0,,50.5,,1400.0,-3100.0,2026-09-12T16:00:00Z,-110.0,-115.0
2026-09-11T13:23:14.293215-04:00,odds_api,eee54863c6c50d585de1919f1fca51e5,Temple,Penn State Nittany Lions,bovada,24.0,,51.0,,1000.0,-2500.0,2026-09-12T16:00:00Z,-110.0,-110.0
2026-09-11T13:23:14.293215-04:00,odds_api,5a8d98c3147d18b683d90a536e76eb64,Purdue Boilermakers,Wake Forest Demon Deacons,fanduel,2.5,,49.5,,126.0,-152.0,2026-09-12T16:00:00Z,-102.0,-115.0
2026-09-11T13:23:14.293215-04:00,odds_api,5a8d98c3147d18b683d90a536e76eb64,Purdue Boilermakers,Wake Forest Demon Deacons,mybookieag,3.0,,49.5,,132.0,-162.0,2026-09-12T16:00:00Z,-110.0,-110.0
2026-09-11T13:23:14.293215-04:00,odds_api,5a8d98c3147d18b683d90a536e76eb64,Purdue Boilermakers,Wake Forest Demon Deacons,draftkings,3.0,,49.5,,130.0,-155.0,2026-09-12T16:00:00Z,-108.0,-115.0
2026-09-11T13:23:14.293215-04:00,odds_api,5a8d98c3147d18b683d90a536e76eb64,Purdue Boilermakers,Wake Forest Demon Deacons,lowvig,3.0,,49.5,,134.0,-154.0,2026-09-12T16:00:00Z,-102.0,-115.0
2026-09-11T13:23:14.293215-04:00,odds_api,5a8d98c3147d18b683d90a536e76eb64,Purdue Boilermakers,Wake Forest Demon Deacons,betonlineag,3.0,,49.5,,134.0,-154.0,2026-09-12T16:00:00Z,-106.0,-116.0
2026-09-11T13:23:14.293215-04:00,odds_api,5a8d98c3147d18b683d90a536e76eb64,Purdue Boilermakers,Wake Forest Demon Deacons,betrivers,3.5,,50.0,,128.0,-159.0,2026-09-12T16:00:00Z,-117.0,-112.0
2026-09-11T13:23:14.293215-04:00,odds_api,5a8d98c3147d18b683d90a536e76eb64,Purdue Boilermakers,Wake Forest Demon Deacons,betmgm,3.0,,49.5,,130.0,-160.0,2026-09-12T16:00:00Z,-110.0,-120.0
2026-09-11T13:23:14.293215-04:00,odds_api,5a8d98c3147d18b683d90a536e76eb64,Purdue Boilermakers,Wake Forest Demon Deacons,betus,3.0,,49.5,,134.0,-155.0,2026-09-12T16:00:00Z,-110.0,-110.0
2026-09-11T13:23:14.293215-04:00,odds_api,5a8d98c3147d18b683d90a536e76eb64,Purdue Boilermakers,Wake Forest Demon Deacons,bovada,3.0,,50.0,,135.0,-160.0,2026-09-12T16:00:00Z,-110.0,-110.0
2026-09-11T13:23:14.293215-04:00,odds_api,43ee6255542faa05e9b9853cb1c6289e,Georgia Bulldogs,Western Kentucky,draftkings,-39.5,,55.5,,,,2026-09-12T16:45:00Z,-112.0,-112.0
2026-09-11T13:23:14.293215-04:00,odds_api,43ee6255542faa05e9b9853cb1c6289e,Georgia Bulldogs,Western Kentucky,betonlineag,-40.0,,55.5,,,,2026-09-12T16:45:00Z,-105.0,-110.0
2026-09-11T13:23:14.293215-04:00,odds_api,43ee6255542faa05e9b9853cb1c6289e,Georgia Bulldogs,Western Kentucky,lowvig,-40.0,,55.5,,,,2026-09-12T16:45:00Z,-106.0,-108.0
2026-09-11T13:23:14.293215-04:00,odds_api,43ee6255542faa05e9b9853cb1c6289e,Georgia Bulldogs,Western Kentucky,betrivers,-41.0,,55.5,,,,2026-09-12T16:45:00Z,-110.0,-109.0
2026-09-11T13:23:14.293215-04:00,odds_api,43ee6255542faa05e9b9853cb1c6289e,Georgia Bulldogs,Western Kentucky,betus,-40.5,,55.5,,,,2026-09-12T16:45:00Z,-110.0,-110.0
2026-09-11T13:23:14.293215-04:00,odds_api,43ee6255542faa05e9b9853cb1c6289e,Georgia Bulldogs,Western Kentucky,bovada,-40.0,,55.0,,,,2026-09-12T16:45:00Z,-105.0,-110.0
2026-09-11T13:23:14.293215-04:00,odds_api,43ee6255542faa05e9b9853cb1c6289e,Georgia Bulldogs,Western Kentucky,betmgm,-40.5,,55.5,,,,2026-09-12T16:45:00Z,-110.0,-110.0
2026-09-11T13:23:14.293215-04:00,odds_api,43ee6255542faa05e9b9853cb1c6289e,Georgia Bulldogs,Western Kentucky,fanduel,-40.5,,55.5,,,,2026-09-12T16:45:00Z,-110.0,-112.0
2026-09-11T13:23:14.293215-04:00,odds_api,6e373e2da501d8104f2162d0e2ca6e2d,Central Michigan,Colgate Raiders,fanduel,-22.5,,49.5,,-2500.0,1100.0,2026-09-12T17:00:00Z,-110.0,-110.0
2026-09-11T13:23:14.293215-04:00,odds_api,6e373e2da501d8104f2162d0e2ca6e2d,Central Michigan,Colgate Raiders,betrivers,-22.5,,49.5,,-5000.0,1200.0,2026-09-12T17:00:00Z,-113.0,-120.0
2026-09-11T13:23:14.293215-04:00,odds_api,6e373e2da501d8104f2162d0e2ca6e2d,Central Michigan,Colgate Raiders,draftkings,-24.5,,48.5,,-2400.0,1200.0,2026-09-12T17:00:00Z,-105.0,-115.0
2026-09-11T13:23:14.293215-04:00,odds_api,6e373e2da501d8104f2162d0e2ca6e2d,Central Michigan,Colgate Raiders,betonlineag,-21.0,,48.5,,,,2026-09-12T17:00:00Z,-120.0,-115.0
2026-09-11T13:23:14.293215-04:00,odds_api,6e373e2da501d8104f2162d0e2ca6e2d,Central Michigan,Colgate Raiders,lowvig,-21.0,,48.5,,,,2026-09-12T17:00:00Z,-120.0,-115.0
2026-09-11T13:23:14.293215-04:00,odds_api,2a658c30f1df6cbb619b57193bb781a2,Miami (OH) RedHawks,Holy Cross Crusaders,fanduel,-30.5,,50.5,,-7000.0,2000.0,2026-09-12T17:00:00Z,-115.0,-108.0
2026-09-11T13:23:14.293215-04:00,odds_api,2a658c30f1df6cbb619b57193bb781a2,Miami (OH) RedHawks,Holy Cross Crusaders,betrivers,-31.0,,50.5,,,,2026-09-12T17:00:00Z,-112.0,-115.0
2026-09-11T13:23:14.293215-04:00,odds_api,2a658c30f1df6cbb619b57193bb781a2,Miami (OH) RedHawks,Holy Cross Crusaders,draftkings,-30.5,,49.5,,-9000.0,2500.0,2026-09-12T17:00:00Z,-110.0,-112.0
2026-09-11T13:23:14.293215-04:00,odds_api,2a658c30f1df6cbb619b57193bb781a2,Miami (OH) RedHawks,Holy Cross Crusaders,betonlineag,-30.5,,49.5,,,,2026-09-12T17:00:00Z,-115.0,-115.0
2026-09-11T13:23:14.293215-04:00,odds_api,2a658c30f1df6cbb619b57193bb781a2,Miami (OH) RedHawks,Holy Cross Crusaders,lowvig,-30.5,,49.5,,,,2026-09-12T17:00:00Z,-115.0,-115.0
2026-09-11T13:23:14.293215-04:00,odds_api,c3281cee9975bf6d8ed8106826279caf,West Virginia Mountaineers,UT Martin Skyhawks,fanduel,-41.5,,55.5,,,,2026-09-12T17:00:00Z,-114.0,-112.0
2026-09-11T13:23:14.293215-04:00,odds_api,c3281cee9975bf6d8ed8106826279caf,West Virginia Mountaineers,UT Martin Skyhawks,betrivers,-41.5,,56.5,,,,2026-09-12T17:00:00Z,-114.0,-114.0
2026-09-11T13:23:14.293215-04:00,odds_api,c3281cee9975bf6d8ed8106826279caf,West Virginia Mountaineers,UT Martin Skyhawks,draftkings,-41.5,,55.5,,,,2026-09-12T17:00:00Z,-110.0,-110.0
2026-09-11T13:23:14.293215-04:00,odds_api,c3281cee9975bf6d8ed8106826279caf,West Virginia Mountaineers,UT Martin Skyhawks,betonlineag,-42.0,,55.5,,,,2026-09-12T17:00:00Z,-115.0,-115.0
2026-09-11T18:14:17.429202-04:00,cfbd,401856679,Michigan,Oklahoma,DraftKings,5.5,-1.5,43.5,46.5,170.0,-205.0,,,
2026-09-11T18:14:17.429202-04:00,cfbd,401856679,Michigan,Oklahoma,Bovada,4.5,-1.5,43.5,45.5,175.0,-210.0,,,
2026-09-11T18:14:17.429202-04:00,cfbd,401856782,Oklahoma State,Oregon,DraftKings,23.5,18.5,55.5,60.5,1100.0,-2100.0,,,
2026-09-11T18:14:17.429202-04:00,cfbd,401856782,Oklahoma State,Oregon,Bovada,23.0,22.5,55.5,57.5,1000.0,-2200.0,,,
2026-09-11T18:14:17.429202-04:00,cfbd,401856678,Kansas,Missouri,DraftKings,4.0,7.0,51.5,52.5,160.0,-192.0,,,
2026-09-11T18:14:17.429202-04:00,cfbd,401856678,Kansas,Missouri,Bovada,4.5,6.5,52.0,50.0,175.0,-210.0,,,
2026-09-11T18:14:17.429202-04:00,cfbd,401856683,Texas A&M,Arizona State,DraftKings,-14.5,-14.5,50.5,51.5,-700.0,500.0,,,
2026-09-11T18:14:17.429202-04:00,cfbd,401856683,Texas A&M,Arizona State,Bovada,-15.0,-14.0,50.5,51.5,-650.0,450.0,,,
2026-09-11T18:14:17.429202-04:00,cfbd,401858221,Virginia Tech,Old Dominion,DraftKings,-19.5,-14.0,48.5,,-1100.0,700.0,,,
2026-09-11T18:14:17.429202-04:00,cfbd,401858221,Virginia Tech,Old Dominion,Bovada,-19.0,-18.5,48.0,51.0,-1200.0,700.0,,,
2026-09-11T18:14:17.429202-04:00,cfbd,401856810,BYU,Arizona,DraftKings,-7.5,-6.5,48.5,,-305.0,245.0,,,
2026-09-11T18:14:17.429202-04:00,cfbd,401856810,BYU,Arizona,Bovada,-7.5,-7.5,48.5,50.5,-310.0,255.0,,,
2026-09-11T18:14:17.429202-04:00,cfbd,401856674,Kentucky,Alabama,DraftKings,10.0,10.5,48.5,,320.0,-410.0,,,
2026-09-11T18:14:17.429202-04:00,cfbd,401856674,Kentucky,Alabama,Bovada,10.0,10.5,48.5,49.0,320.0,-430.0,,,
2026-09-11T18:14:17.429202-04:00,cfbd,401860881,Boise State,Memphis,DraftKings,-8.5,-6.5,56.5,,-325.0,260.0,,,
2026-09-11T18:14:17.429202-04:00,cfbd,401860881,Boise State,Memphis,Bovada,-8.5,-7.5,56.0,55.5,-330.0,265.0,,,
2026-09-11T18:14:17.429202-04:00,cfbd,401858217,Illinois,Duke,DraftKings,-6.0,-8.5,51.5,,-238.0,195.0,,,
2026-09-11T18:14:17.429202-04:00,cfbd,401858217,Illinois,Duke,Bovada,-6.0,-6.0,51.5,53.5,-235.0,195.0,,,
2026-09-11T18:14:17.429202-04:00,cfbd,401860884,Texas State,UTSA,DraftKings,-1.5,-1.5,66.5,,-122.0,102.0,,,
2026-09-11T18:14:17.429202-04:00,cfbd,401860884,Texas State,UTSA,Bovada,-1.5,1.0,66.0,64.5,-110.0,-110.0,,,
2026-09-11T18:14:17.429202-04:00,cfbd,401862702,Army,South Florida,DraftKings,-3.0,-1.5,46.5,52.5,-166.0,140.0,,,
2026-09-11T18:14:17.429202-04:00,cfbd,401862702,Army,South Florida,Bovada,-3.0,-3.5,46.0,49.5,-175.0,150.0,,,
2026-09-11T18:14:17.429202-04:00,cfbd,401858216,Syracuse,California,DraftKings,-3.5,1.5,56.5,52.5,-185.0,154.0,,,
2026-09-11T18:14:17.429202-04:00,cfbd,401858216,Syracuse,California,Bovada,-4.0,-3.0,56.5,56.0,-165.0,140.0,,,
2026-09-11T18:14:17.429202-04:00,cfbd,401858442,Temple,Penn State,DraftKings,23.5,21.5,50.5,51.5,1300.0,-2800.0,,,
2026-09-11T18:14:17.429202-04:00,cfbd,401858442,Temple,Penn State,Bovada,24.0,23.5,51.0,49.5,1100.0,-3300.0,,,
2026-09-11T18:14:17.429202-04:00,cfbd,401858446,Washington,Utah State,DraftKings,-27.5,-24.5,55.5,56.5,-4000.0,1600.0,,,
2026-09-11T18:14:17.429202-04:00,cfbd,401858446,Washington,Utah State,Bovada,-27.0,-26.5,55.5,55.5,-5000.0,1300.0,,,
2026-09-11T18:14:17.429202-04:00,cfbd,401856790,Pittsburgh,UCF,DraftKings,-7.0,-8.5,56.5,51.5,-285.0,230.0,,,
2026-09-11T18:14:17.429202-04:00,cfbd,401856790,Pittsburgh,UCF,Bovada,-7.0,-7.5,56.5,57.0,-300.0,250.0,,,
2026-09-11T18:14:17.429202-04:00,cfbd,401858444,UConn,Maryland,DraftKings,11.5,12.5,52.5,53.5,350.0,-455.0,,,
2026-09-11T18:14:17.429202-04:00,cfbd,401858444,UConn,Maryland,Bovada,11.5,12.5,52.0,53.5,360.0,-500.0,,,
2026-09-11T18:14:17.429202-04:00,cfbd,401856781,Kansas State,Washington State,DraftKings,-17.5,-16.5,49.5,51.5,-950.0,625.0,,,
2026-09-11T18:14:17.429202-04:00,cfbd,401856781,Kansas State,Washington State,Bovada,-17.5,-18.5,49.0,49.0,-1100.0,650.0,,,
2026-09-11T18:14:17.429202-04:00,cfbd,401862705,North Texas,UNLV,DraftKings,3.0,6.5,57.5,61.5,136.0,-162.0,,,
2026-09-11T18:14:17.429202-04:00,cfbd,401862705,North Texas,UNLV,Bovada,3.0,4.5,58.0,57.0,160.0,-185.0,,,
2026-09-11T18:14:17.429202-04:00,cfbd,401866418,Ohio,Jacksonville State,DraftKings,-2.5,-2.5,49.5,48.5,-130.0,110.0,,,
2026-09-11T18:14:17.429202-04:00,cfbd,401866418,Ohio,Jacksonville State,Bovada,-2.5,-2.0,50.0,51.5,-125.0,105.0,,,
2026-09-11T18:14:17.429202-04:00,cfbd,401858440,Michigan State,Eastern Michigan,DraftKings,-17.5,-15.5,49.5,51.5,-950.0,625.0,,,
2026-09-11T18:14:17.429202-04:00,cfbd,401858440,Michigan State,Eastern Michigan,Bovada,-17.5,-17.0,50.0,51.0,-1000.0,625.0,,,
2026-09-11T18:14:17.429202-04:00,cfbd,401859184,Notre Dame,Rice,DraftKings,-44.5,-44.5,54.5,52.5,,,,,
2026-09-11T18:14:17.429202-04:00,cfbd,401859184,Notre Dame,Rice,Bovada,-44.5,-44.5,55.0,54.5,,,,,
2026-09-11T18:14:17.429202-04:00,cfbd,401864571,East Carolina,App State,DraftKings,-6.5,-11.5,56.5,56.5,-265.0,215.0,,,
2026-09-11T18:14:17.429202-04:00,cfbd,401864571,East Carolina,App State,Bovada,-6.5,-8.0,56.5,56.5,-350.0,275.0,,,
2026-09-11T18:14:17.429202-04:00,cfbd,401856673,Georgia,Western Kentucky,DraftKings,-39.5,-35.5,55.5,52.5,,,,,
2026-09-11T18:14:17.429202-04:00,cfbd,401856673,Georgia,Western Kentucky,Bovada,-40.0,-39.5,55.0,54.0,,,,,
2026-09-11T18:14:17.429202-04:00,cfbd,401862708,UAB,UL Monroe,DraftKings,-9.5,-7.5,54.5,54.5,-360.0,285.0,,,
2026-09-11T18:14:17.429202-04:00,cfbd,401862708,UAB,UL Monroe,Bovada,-9.0,-10.5,54.0,56.0,-435.0,325.0,,,
2026-09-11T18:14:17.429202-04:00,cfbd,401856677,Minnesota,Mississippi State,DraftKings,1.5,-2.5,54.5,,-105.0,-115.0,,,
2026-09-11T18:14:17.429202-04:00,cfbd,401856677,Minnesota,Mississippi State,Bovada,1.0,1.0,55.0,55.5,-115.0,-105.0,,,
2026-09-11T18:14:17.429202-04:00,cfbd,401858224,Purdue,Wake Forest,DraftKings,3.0,3.5,49.5,49.5,130.0,-155.0,,,
2026-09-11T18:14:17.429202-04:00,cfbd,401858224,Purdue,Wake Forest,Bovada,3.0,4.5,50.0,50.0,160.0,-185.0,,,
2026-09-11T18:14:17.429202-04:00,cfbd,401866414,Florida International,Buffalo,DraftKings,-10.0,-10.5,47.5,51.5,-410.0,320.0,,,
2026-09-11T18:14:17.429202-04:00,cfbd,401866414,Florida International,Buffalo,Bovada,-10.0,-10.0,47.5,48.5,-415.0,310.0,,,
2026-09-11T18:14:17.429202-04:00,cfbd,401856684,Vanderbilt,Delaware,DraftKings,-21.0,-21.5,54.5,55.5,-1350.0,800.0,,,
2026-09-11T18:14:17.429202-04:00,cfbd,401856684,Vanderbilt,Delaware,Bovada,-21.0,-21.0,54.5,53.5,-1800.0,850.0,,,
2026-09-11T18:14:17.429202-04:00,cfbd,401858214,Boston College,Rutgers,DraftKings,-3.0,-3.5,53.5,,-148.0,124.0,,,
2026-09-11T18:14:17.429202-04:00,cfbd,401858214,Boston College,Rutgers,Bovada,-3.0,-3.5,53.5,54.5,-170.0,145.0,,,
2026-09-11T18:14:17.767730-04:00,odds_api,340ecb016288a69dfc2227500f14bc46,Louisville Cardinals,Villanova Wildcats,fanduel,-38.5,,56.5,,,,2026-09-11T23:00:00Z,-110.0,-108.0
2026-09-11T18:14:17.767730-04:00,odds_api,340ecb016288a69dfc2227500f14bc46,Louisville Cardinals,Villanova Wildcats,draftkings,-38.5,,56.5,,,,2026-09-11T23:00:00Z,-108.0,-112.0
2026-09-11T18:14:17.767730-04:00,odds_api,340ecb016288a69dfc2227500f14bc46,Louisville Cardinals,Villanova Wildcats,lowvig,-38.5,,56.5,,,,2026-09-11T23:00:00Z,-105.0,-110.0
2026-09-11T18:14:17.767730-04:00,odds_api,340ecb016288a69dfc2227500f14bc46,Louisville Cardinals,Villanova Wildcats,betonlineag,-38.5,,56.5,,,,2026-09-11T23:00:00Z,-105.0,-110.0
2026-09-11T18:14:17.767730-04:00,odds_api,340ecb016288a69dfc2227500f14bc46,Louisville Cardinals,Villanova Wildcats,betrivers,-38.0,,57.5,,,,2026-09-11T23:00:00Z,-108.0,-115.0
2026-09-11T18:14:17.767730-04:00,odds_api,340ecb016288a69dfc2227500f14bc46,Louisville Cardinals,Villanova Wildcats,betmgm,-37.5,,56.5,,,,2026-09-11T23:00:00Z,-112.0,-110.0
2026-09-11T18:14:17.767730-04:00,odds_api,340ecb016288a69dfc2227500f14bc46,Louisville Cardinals,Villanova Wildcats,bovada,-38.5,,56.5,,,,2026-09-11T23:00:00Z,-110.0,-115.0
2026-09-11T18:14:17.767730-04:00,odds_api,b008dac7f2b726219adf07d9857e2c66,NC State Wolfpack,Richmond Spiders,fanduel,-33.5,,50.5,,,,2026-09-11T23:00:00Z,-110.0,-114.0
2026-09-11T18:14:17.767730-04:00,odds_api,b008dac7f2b726219adf07d9857e2c66,NC State Wolfpack,Richmond Spiders,mybookieag,,,50.5,,,,2026-09-11T23:00:00Z,,-110.0
2026-09-11T18:14:17.767730-04:00,odds_api,b008dac7f2b726219adf07d9857e2c66,NC State Wolfpack,Richmond Spiders,betrivers,-33.5,,50.5,,,,2026-09-11T23:00:00Z,-113.0,-114.0
2026-09-11T18:14:17.767730-04:00,odds_api,b008dac7f2b726219adf07d9857e2c66,NC State Wolfpack,Richmond Spiders,draftkings,-33.5,,50.5,,-6500.0,2000.0,2026-09-11T23:00:00Z,-112.0,-110.0
2026-09-11T18:14:17.767730-04:00,odds_api,b008dac7f2b726219adf07d9857e2c66,NC State Wolfpack,Richmond Spiders,lowvig,-34.0,,50.5,,,,2026-09-11T23:00:00Z,-105.0,-120.0
2026-09-11T18:14:17.767730-04:00,odds_api,b008dac7f2b726219adf07d9857e2c66,NC State Wolfpack,Richmond Spiders,betonlineag,-34.0,,50.5,,,,2026-09-11T23:00:00Z,-105.0,-120.0
2026-09-11T18:14:17.767730-04:00,odds_api,b008dac7f2b726219adf07d9857e2c66,NC State Wolfpack,Richmond Spiders,betmgm,-33.5,,50.5,,-20000.0,4000.0,2026-09-11T23:00:00Z,-110.0,-108.0
2026-09-11T18:14:17.767730-04:00,odds_api,b008dac7f2b726219adf07d9857e2c66,NC State Wolfpack,Richmond Spiders,bovada,-33.0,,50.0,,,,2026-09-11T23:00:00Z,-110.0,-115.0
2026-09-11T18:14:17.767730-04:00,odds_api,d70ad98172b9cd2090eb75ff32866e04,Virginia Cavaliers,Norfolk State Spartans,fanduel,-46.5,,56.5,,,,2026-09-11T23:00:00Z,-110.0,-106.0
2026-09-11T18:14:17.767730-04:00,odds_api,d70ad98172b9cd2090eb75ff32866e04,Virginia Cavaliers,Norfolk State Spartans,draftkings,-46.5,,55.5,,,,2026-09-11T23:00:00Z,-112.0,-118.0
2026-09-11T18:14:17.767730-04:00,odds_api,d70ad98172b9cd2090eb75ff32866e04,Virginia Cavaliers,Norfolk State Spartans,lowvig,-46.5,,56.0,,,,2026-09-11T23:00:00Z,-110.0,-115.0
2026-09-11T18:14:17.767730-04:00,odds_api,d70ad98172b9cd2090eb75ff32866e04,Virginia Cavaliers,Norfolk State Spartans,betonlineag,-46.5,,56.0,,,,2026-09-11T23:00:00Z,-110.0,-115.0
2026-09-11T18:14:17.767730-04:00,odds_api,d70ad98172b9cd2090eb75ff32866e04,Virginia Cavaliers,Norfolk State Spartans,betrivers,-46.0,,55.5,,,,2026-09-11T23:00:00Z,-110.0,-109.0
2026-09-11T18:14:17.767730-04:00,odds_api,d70ad98172b9cd2090eb75ff32866e04,Virginia Cavaliers,Norfolk State Spartans,betmgm,-46.5,,56.5,,,,2026-09-11T23:00:00Z,-110.0,-110.0
2026-09-11T18:14:17.767730-04:00,odds_api,d70ad98172b9cd2090eb75ff32866e04,Virginia Cavaliers,Norfolk State Spartans,bovada,-46.0,,56.0,,,,2026-09-11T23:00:00Z,-120.0,-110.0
2026-09-11T18:14:17.767730-04:00,odds_api,db698f29983406d35dea606edfdc5922,Boston College,Rutgers Scarlet Knights,fanduel,-2.5,,53.5,,-144.0,120.0,2026-09-11T23:30:00Z,-118.0,-115.0
2026-09-11T18:14:17.767730-04:00,odds_api,db698f29983406d35dea606edfdc5922,Boston College,Rutgers Scarlet Knights,mybookieag,-3.0,,53.5,,-156.0,127.0,2026-09-11T23:30:00Z,-105.0,-110.0
2026-09-11T18:14:17.767730-04:00,odds_api,db698f29983406d35dea606edfdc5922,Boston College,Rutgers Scarlet Knights,draftkings,-3.0,,53.5,,-148.0,124.0,2026-09-11T23:30:00Z,-108.0,-105.0
2026-09-11T18:14:17.767730-04:00,odds_api,db698f29983406d35dea606edfdc5922,Boston College,Rutgers Scarlet Knights,lowvig,-3.0,,53.0,,-150.0,130.0,2026-09-11T23:30:00Z,-104.0,-107.0
2026-09-11T18:14:17.767730-04:00,odds_api,db698f29983406d35dea606edfdc5922,Boston College,Rutgers Scarlet Knights,betonlineag,-3.0,,53.0,,-150.0,130.0,2026-09-11T23:30:00Z,-109.0,-109.0
2026-09-11T18:14:17.767730-04:00,odds_api,db698f29983406d35dea606edfdc5922,Boston College,Rutgers Scarlet Knights,betrivers,-3.0,,54.0,,-162.0,130.0,2026-09-11T23:30:00Z,-115.0,-112.0
2026-09-11T18:14:17.767730-04:00,odds_api,db698f29983406d35dea606edfdc5922,Boston College,Rutgers Scarlet Knights,betmgm,-3.0,,53.5,,-150.0,125.0,2026-09-11T23:30:00Z,-105.0,-110.0
2026-09-11T18:14:17.767730-04:00,odds_api,db698f29983406d35dea606edfdc5922,Boston College,Rutgers Scarlet Knights,betus,-3.0,,54.0,,-150.0,129.0,2026-09-11T23:30:00Z,-110.0,-110.0
2026-09-11T18:14:17.767730-04:00,odds_api,db698f29983406d35dea606edfdc5922,Boston College,Rutgers Scarlet Knights,bovada,-3.0,,53.5,,-145.0,125.0,2026-09-11T23:30:00Z,-105.0,-110.0
2026-09-11T18:14:17.767730-04:00,odds_api,912c15dcb8dd09eacabdcb80673d9d72,Kansas Jayhawks,Missouri Tigers,fanduel,4.5,,51.5,,162.0,-196.0,2026-09-12T00:00:00Z,-112.0,-110.0
2026-09-11T18:14:17.767730-04:00,odds_api,912c15dcb8dd09eacabdcb80673d9d72,Kansas Jayhawks,Missouri Tigers,mybookieag,4.0,,51.5,,158.0,-197.0,2026-09-12T00:00:00Z,-110.0,-110.0
2026-09-11T18:14:17.767730-04:00,odds_api,912c15dcb8dd09eacabdcb80673d9d72,Kansas Jayhawks,Missouri Tigers,draftkings,4.0,,51.5,,160.0,-192.0,2026-09-12T00:00:00Z,-108.0,-118.0
2026-09-11T18:14:17.767730-04:00,odds_api,912c15dcb8dd09eacabdcb80673d9d72,Kansas Jayhawks,Missouri Tigers,betrivers,5.0,,51.0,,170.0,-215.0,2026-09-12T00:00:00Z,-112.0,-114.0
2026-09-11T18:14:17.767730-04:00,odds_api,912c15dcb8dd09eacabdcb80673d9d72,Kansas Jayhawks,Missouri Tigers,betmgm,4.0,,51.5,,160.0,-200.0,2026-09-12T00:00:00Z,-110.0,-110.0
2026-09-11T18:14:17.767730-04:00,odds_api,912c15dcb8dd09eacabdcb80673d9d72,Kansas Jayhawks,Missouri Tigers,betonlineag,4.0,,52.0,,165.0,-190.0,2026-09-12T00:00:00Z,-110.0,-110.0
2026-09-11T18:14:17.767730-04:00,odds_api,912c15dcb8dd09eacabdcb80673d9d72,Kansas Jayhawks,Missouri Tigers,lowvig,4.0,,52.0,,165.0,-190.0,2026-09-12T00:00:00Z,-101.0,-108.0
2026-09-11T18:14:17.767730-04:00,odds_api,912c15dcb8dd09eacabdcb80673d9d72,Kansas Jayhawks,Missouri Tigers,betus,4.0,,52.0,,163.0,-190.0,2026-09-12T00:00:00Z,-110.0,-110.0
2026-09-11T18:14:17.767730-04:00,odds_api,912c15dcb8dd09eacabdcb80673d9d72,Kansas Jayhawks,Missouri Tigers,bovada,4.5,,52.0,,170.0,-200.0,2026-09-12T00:00:00Z,-110.0,-110.0
2026-09-11T18:14:17.767730-04:00,odds_api,6dbd3546b178b91878131862fd719e1e,East Carolina,Appalachian State Mountaineers,fanduel,-6.5,,56.5,,-240.0,195.0,2026-09-12T16:00:00Z,-110.0,-106.0
2026-09-11T18:14:17.767730-04:00,odds_api,6dbd3546b178b91878131862fd719e1e,East Carolina,Appalachian State Mountaineers,draftkings,-6.5,,56.5,,-265.0,215.0,2026-09-12T16:00:00Z,-112.0,-112.0
2026-09-11T18:14:17.767730-04:00,odds_api,6dbd3546b178b91878131862fd719e1e,East Carolina,Appalachian State Mountaineers,lowvig,-6.5,,56.5,,-240.0,200.0,2026-09-12T16:00:00Z,-106.0,-108.0
2026-09-11T18:14:17.767730-04:00,odds_api,6dbd3546b178b91878131862fd719e1e,East Carolina,Appalachian State Mountaineers,betonlineag,-6.5,,56.5,,-240.0,200.0,2026-09-12T16:00:00Z,-110.0,-110.0
2026-09-11T18:14:17.767730-04:00,odds_api,6dbd3546b178b91878131862fd719e1e,East Carolina,Appalachian State Mountaineers,betrivers,-6.5,,56.5,,-250.0,200.0,2026-09-12T16:00:00Z,-114.0,-110.0
2026-09-11T18:14:17.767730-04:00,odds_api,6dbd3546b178b91878131862fd719e1e,East Carolina,Appalachian State Mountaineers,betmgm,-6.5,,56.5,,-250.0,200.0,2026-09-12T16:00:00Z,-110.0,-108.0
2026-09-11T18:14:17.767730-04:00,odds_api,6dbd3546b178b91878131862fd719e1e,East Carolina,Appalachian State Mountaineers,bovada,-6.5,,56.5,,-260.0,215.0,2026-09-12T16:00:00Z,-115.0,-105.0
2026-09-11T18:14:17.767730-04:00,odds_api,6dbd3546b178b91878131862fd719e1e,East Carolina,Appalachian State Mountaineers,betus,-6.5,,56.5,,-240.0,203.0,2026-09-12T16:00:00Z,-110.0,-110.0
2026-09-11T18:14:17.767730-04:00,odds_api,6dbd3546b178b91878131862fd719e1e,East Carolina,Appalachian State Mountaineers,mybookieag,-6.5,,56.5,,-255.0,202.0,2026-09-12T16:00:00Z,-110.0,-110.0
2026-09-11T18:14:17.767730-04:00,odds_api,401856683,Texas A&M,Arizona State,draftkings,-14.5,,50.5,,-700.0,500.0,2026-09-12T16:00:00Z,-108.0,-112.0
2026-09-11T18:14:17.767730-04:00,odds_api,401856683,Texas A&M,Arizona State,betrivers,-14.5,,51.0,,-910.0,510.0,2026-09-12T16:00:00Z,-108.0,-109.0
2026-09-11T18:14:17.767730-04:00,odds_api,401856683,Texas A&M,Arizona State,mybookieag,-14.5,,50.5,,-752.0,500.0,2026-09-12T16:00:00Z,-110.0,-110.0
2026-09-11T18:14:17.767730-04:00,odds_api,401856683,Texas A&M,Arizona State,fanduel,-14.5,,50.5,,-720.0,500.0,2026-09-12T16:00:00Z,-110.0,-112.0
2026-09-11T18:14:17.767730-04:00,odds_api,401856683,Texas A&M,Arizona State,lowvig,-15.0,,50.5,,-700.0,505.0,2026-09-12T16:00:00Z,-101.0,-114.0
2026-09-11T18:14:17.767730-04:00,odds_api,401856683,Texas A&M,Arizona State,betonlineag,-15.0,,50.5,,-700.0,505.0,2026-09-12T16:00:00Z,-105.0,-115.0
2026-09-11T18:14:17.767730-04:00,odds_api,401856683,Texas A&M,Arizona State,betmgm,-14.5,,50.5,,-650.0,500.0,2026-09-12T16:00:00Z,-108.0,-110.0
2026-09-11T18:14:17.767730-04:00,odds_api,401856683,Texas A&M,Arizona State,betus,-14.5,,50.5,,-700.0,500.0,2026-09-12T16:00:00Z,-110.0,-110.0
2026-09-11T18:14:17.767730-04:00,odds_api,401856683,Texas A&M,Arizona State,bovada,-14.5,,50.5,,-700.0,475.0,2026-09-12T16:00:00Z,-110.0,-110.0
2026-09-11T18:14:17.767730-04:00,odds_api,a7c7e0143d5131ee3e2d78f356f0089d,Army Black Knights,South Florida,fanduel,-3.5,,46.5,,-166.0,138.0,2026-09-12T16:00:00Z,-102.0,-114.0
2026-09-11T18:14:17.767730-04:00,odds_api,a7c7e0143d5131ee3e2d78f356f0089d,Army Black Knights,South Florida,mybookieag,-3.0,,46.0,,-177.0,143.0,2026-09-12T16:00:00Z,-110.0,-110.0
2026-09-11T18:14:17.767730-04:00,odds_api,a7c7e0143d5131ee3e2d78f356f0089d,Army Black Knights,South Florida,draftkings,-3.0,,46.5,,-166.0,140.0,2026-09-12T16:00:00Z,-118.0,-110.0
2026-09-11T18:14:17.767730-04:00,odds_api,a7c7e0143d5131ee3e2d78f356f0089d,Army Black Knights,South Florida,lowvig,-3.5,,46.0,,-170.0,149.0,2026-09-12T16:00:00Z,104.0,-108.0
2026-09-11T18:14:17.767730-04:00,odds_api,a7c7e0143d5131ee3e2d78f356f0089d,Army Black Knights,South Florida,betonlineag,-3.5,,46.0,,-170.0,149.0,2026-09-12T16:00:00Z,-104.0,-110.0
2026-09-11T18:14:17.767730-04:00,odds_api,a7c7e0143d5131ee3e2d78f356f0089d,Army Black Knights,South Florida,betrivers,-3.5,,46.5,,-175.0,135.0,2026-09-12T16:00:00Z,-106.0,-114.0
2026-09-11T18:14:17.767730-04:00,odds_api,a7c7e0143d5131ee3e2d78f356f0089d,Army Black Knights,South Florida,betmgm,-3.5,,46.5,,-165.0,140.0,2026-09-12T16:00:00Z,-105.0,-108.0
2026-09-11T18:14:17.767730-04:00,odds_api,a7c7e0143d5131ee3e2d78f356f0089d,Army Black Knights,South Florida,betus,-3.0,,46.0,,-170.0,146.0,2026-09-12T16:00:00Z,-115.0,-110.0
2026-09-11T18:14:17.767730-04:00,odds_api,a7c7e0143d5131ee3e2d78f356f0089d,Army Black Knights,South Florida,bovada,-3.0,,46.0,,-165.0,140.0,2026-09-12T16:00:00Z,-120.0,-110.0
2026-09-11T18:14:17.767730-04:00,odds_api,287a959c0717526161988214cb4e01ce,North Carolina,East Tennessee State Buccaneers,fanduel,-35.5,,54.5,,-20000.0,3500.0,2026-09-12T16:00:00Z,-104.0,-112.0
2026-09-11T18:14:17.767730-04:00,odds_api,287a959c0717526161988214cb4e01ce,North Carolina,East Tennessee State Buccaneers,betrivers,-34.5,,54.5,,,,2026-09-12T16:00:00Z,-113.0,-107.0
2026-09-11T18:14:17.767730-04:00,odds_api,287a959c0717526161988214cb4e01ce,North Carolina,East Tennessee State Buccaneers,draftkings,-35.5,,54.5,,,,2026-09-12T16:00:00Z,-110.0,-112.0
2026-09-11T18:14:17.767730-04:00,odds_api,287a959c0717526161988214cb4e01ce,North Carolina,East Tennessee State Buccaneers,betonlineag,-35.5,,54.5,,,,2026-09-12T16:00:00Z,-115.0,-115.0
2026-09-11T18:14:17.767730-04:00,odds_api,287a959c0717526161988214cb4e01ce,North Carolina,East Tennessee State Buccaneers,lowvig,-35.5,,54.5,,,,2026-09-12T16:00:00Z,-115.0,-115.0
2026-09-11T18:14:17.767730-04:00,odds_api,6ab72601a536ccfdbc30904c90644d1a,Liberty Flames,Gardner-Webb Runnin Bulldogs,fanduel,-27.5,,54.5,,-4500.0,1600.0,2026-09-12T16:00:00Z,-114.0,-110.0
2026-09-11T18:14:17.767730-04:00,odds_api,6ab72601a536ccfdbc30904c90644d1a,Liberty Flames,Gardner-Webb Runnin Bulldogs,betrivers,-28.0,,54.5,,,,2026-09-12T16:00:00Z,-107.0,-115.0
2026-09-11T18:14:17.767730-04:00,odds_api,6ab72601a536ccfdbc30904c90644d1a,Liberty Flames,Gardner-Webb Runnin Bulldogs,draftkings,-27.5,,55.5,,-3600.0,1500.0,2026-09-12T16:00:00Z,-108.0,-105.0
2026-09-11T18:14:17.767730-04:00,odds_api,6ab72601a536ccfdbc30904c90644d1a,Liberty Flames,Gardner-Webb Runnin Bulldogs,betonlineag,-27.5,,55.5,,,,2026-09-12T16:00:00Z,-115.0,-115.0
2026-09-11T18:14:17.767730-04:00,odds_api,6ab72601a536ccfdbc30904c90644d1a,Liberty Flames,Gardner-Webb Runnin Bulldogs,lowvig,-27.5,,55.5,,,,2026-09-12T16:00:00Z,-115.0,-115.0
2026-09-11T18:14:17.767730-04:00,odds_api,a50cf094d107e92ff579fba17969676c,Indiana Hoosiers,Howard Bison,fanduel,-56.5,,65.5,,,,2026-09-12T16:00:00Z,-110.0,-110.0
2026-09-11T18:14:17.767730-04:00,odds_api,a50cf094d107e92ff579fba17969676c,Indiana Hoosiers,Howard Bison,betrivers,-56.5,,65.5,,,,2026-09-12T16:00:00Z,-110.0,-108.0
2026-09-11T18:14:17.767730-04:00,odds_api,a50cf094d107e92ff579fba17969676c,Indiana Hoosiers,Howard Bison,draftkings,-56.5,,65.5,,,,2026-09-12T16:00:00Z,-110.0,-105.0
2026-09-11T18:14:17.767730-04:00,odds_api,a50cf094d107e92ff579fba17969676c,Indiana Hoosiers,Howard Bison,betonlineag,-56.5,,64.5,,,,2026-09-12T16:00:00Z,-115.0,-115.0
2026-09-11T18:14:17.767730-04:00,odds_api,a50cf094d107e92ff579fba17969676c,Indiana Hoosiers,Howard Bison,lowvig,-56.5,,64.5,,,,2026-09-12T16:00:00Z,-115.0,-115.0
2026-09-11T18:14:17.767730-04:00,odds_api,e2280b63997737273801521da2ded119,James Madison,Wagner Seahawks,fanduel,-45.5,,55.5,,,,2026-09-12T16:00:00Z,-110.0,-110.0
2026-09-11T18:14:17.767730-04:00,odds_api,e2280b63997737273801521da2ded119,James Madison,Wagner Seahawks,betrivers,-45.0,,55.5,,,,2026-09-12T16:00:00Z,-115.0,-112.0
2026-09-11T18:14:17.767730-04:00,odds_api,e2280b63997737273801521da2ded119,James Madison,Wagner Seahawks,draftkings,-45.5,,55.5,,,,2026-09-12T16:00:00Z,-108.0,100.0
2026-09-11T18:14:17.767730-04:00,odds_api,e2280b63997737273801521da2ded119,James Madison,Wagner Seahawks,betonlineag,-45.5,,54.5,,,,2026-09-12T16:00:00Z,-101.0,-120.0
2026-09-11T18:14:17.767730-04:00,odds_api,e2280b63997737273801521da2ded119,James Madison,Wagner Seahawks,lowvig,-45.5,,54.5,,,,2026-09-12T16:00:00Z,-115.0,-120.0
2026-09-11T18:14:17.767730-04:00,odds_api,401856781,Kansas State,Washington State,fanduel,-17.5,,49.5,,-1250.0,740.0,2026-09-12T16:00:00Z,-110.0,-110.0
2026-09-11T18:14:17.767730-04:00,odds_api,401856781,Kansas State,Washington State,mybookieag,-17.5,,49.0,,-1099.0,650.0,2026-09-12T16:00:00Z,-110.0,-110.0
2026-09-11T18:14:17.767730-04:00,odds_api,401856781,Kansas State,Washington State,draftkings,-17.5,,49.5,,-1000.0,650.0,2026-09-12T16:00:00Z,-108.0,-105.0
2026-09-11T18:14:17.767730-04:00,odds_api,401856781,Kansas State,Washington State,betonlineag,-17.5,,49.5,,-900.0,613.0,2026-09-12T16:00:00Z,-110.0,-110.0
2026-09-11T18:14:17.767730-04:00,odds_api,401856781,Kansas State,Washington State,lowvig,-17.5,,49.5,,-900.0,613.0,2026-09-12T16:00:00Z,-106.0,-108.0
2026-09-11T18:14:17.767730-04:00,odds_api,401856781,Kansas State,Washington State,betmgm,-17.5,,49.5,,-1000.0,700.0,2026-09-12T16:00:00Z,-108.0,-105.0
2026-09-11T18:14:17.767730-04:00,odds_api,401856781,Kansas State,Washington State,betrivers,-17.5,,49.0,,-1115.0,650.0,2026-09-12T16:00:00Z,-110.0,-112.0
2026-09-11T18:14:17.767730-04:00,odds_api,401856781,Kansas State,Washington State,betus,-17.5,,49.0,,-900.0,600.0,2026-09-12T16:00:00Z,-110.0,-110.0
2026-09-11T18:14:17.767730-04:00,odds_api,401856781,Kansas State,Washington State,bovada,-17.5,,49.0,,-1000.0,625.0,2026-09-12T16:00:00Z,-110.0,-110.0
2026-09-11T18:14:17.767730-04:00,odds_api,f84668c3813a8bed98f8cf0bc3c31a00,Kent State Golden Flashes,Wofford Terriers,fanduel,-11.5,,46.5,,-520.0,385.0,2026-09-12T16:00:00Z,-110.0,-110.0
2026-09-11T18:14:17.767730-04:00,odds_api,f84668c3813a8bed98f8cf0bc3c31a00,Kent State Golden Flashes,Wofford Terriers,betrivers,-10.5,,46.5,,-530.0,375.0,2026-09-12T16:00:00Z,-113.0,-109.0
2026-09-11T18:14:17.767730-04:00,odds_api,f84668c3813a8bed98f8cf0bc3c31a00,Kent State Golden Flashes,Wofford Terriers,draftkings,-10.5,,47.5,,-470.0,360.0,2026-09-12T16:00:00Z,-115.0,-108.0
2026-09-11T18:14:17.767730-04:00,odds_api,f84668c3813a8bed98f8cf0bc3c31a00,Kent State Golden Flashes,Wofford Terriers,betonlineag,-10.5,,47.5,,,,2026-09-12T16:00:00Z,-115.0,-115.0
2026-09-11T18:14:17.767730-04:00,odds_api,f84668c3813a8bed98f8cf0bc3c31a00,Kent State Golden Flashes,Wofford Terriers,lowvig,-10.5,,47.5,,,,2026-09-12T16:00:00Z,-115.0,-115.0
2026-09-11T18:14:17.767730-04:00,odds_api,b38f4f63351c15767e64a76a73589574,Michigan Wolverines,Oklahoma State,fanduel,4.5,,43.5,,166.0,-198.0,2026-09-12T16:00:00Z,-110.0,-110.0
2026-09-11T18:14:17.767730-04:00,odds_api,b38f4f63351c15767e64a76a73589574,Michigan Wolverines,Oklahoma State,bovada,4.5,,43.5,,170.0,-200.0,2026-09-12T16:00:00Z,-110.0,-105.0
2026-09-11T18:14:17.767730-04:00,odds_api,b38f4f63351c15767e64a76a73589574,Michigan Wolverines,Oklahoma State,betmgm,4.5,,43.5,,170.0,-210.0,2026-09-12T16:00:00Z,-108.0,-108.0
2026-09-11T18:14:17.767730-04:00,odds_api,b38f4f63351c15767e64a76a73589574,Michigan Wolverines,Oklahoma State,betrivers,5.5,,43.5,,163.0,-215.0,2026-09-12T16:00:00Z,-113.0,-109.0
2026-09-11T18:14:17.767730-04:00,odds_api,b38f4f63351c15767e64a76a73589574,Michigan Wolverines,Oklahoma State,mybookieag,5.0,,43.5,,185.0,-232.0,2026-09-12T16:00:00Z,-110.0,-110.0
2026-09-11T18:14:17.767730-04:00,odds_api,b38f4f63351c15767e64a76a73589574,Michigan Wolverines,Oklahoma State,draftkings,5.5,,43.5,,170.0,-205.0,2026-09-12T16:00:00Z,-112.0,-108.0
2026-09-11T18:14:17.767730-04:00,odds_api,b38f4f63351c15767e64a76a73589574,Michigan Wolverines,Oklahoma State,betonlineag,4.5,,43.5,,174.0,-200.0,2026-09-12T16:00:00Z,-112.0,-110.0
2026-09-11T18:14:17.767730-04:00,odds_api,b38f4f63351c15767e64a76a73589574,Michigan Wolverines,Oklahoma State,lowvig,5.0,,43.5,,174.0,-200.0,2026-09-12T16:00:00Z,-117.0,-108.0
2026-09-11T18:14:17.767730-04:00,odds_api,b38f4f63351c15767e64a76a73589574,Michigan Wolverines,Oklahoma State,betus,4.5,,43.5,,170.0,-200.0,2026-09-12T16:00:00Z,-110.0,-110.0
2026-09-11T18:14:17.767730-04:00,odds_api,d652c7bc0594f13ef0a2a04e31ef5666,Oklahoma State,Oregon Ducks,fanduel,23.5,,55.5,,1060.0,-2300.0,2026-09-12T16:00:00Z,-115.0,-110.0
2026-09-11T18:14:17.767730-04:00,odds_api,d652c7bc0594f13ef0a2a04e31ef5666,Oklahoma State,Oregon Ducks,mybookieag,23.5,,55.0,,1072.0,-2549.0,2026-09-12T16:00:00Z,-110.0,-110.0
2026-09-11T18:14:17.767730-04:00,odds_api,d652c7bc0594f13ef0a2a04e31ef5666,Oklahoma State,Oregon Ducks,draftkings,23.5,,55.5,,1100.0,-2100.0,2026-09-12T16:00:00Z,-115.0,-105.0
2026-09-11T18:14:17.767730-04:00,odds_api,d652c7bc0594f13ef0a2a04e31ef5666,Oklahoma State,Oregon Ducks,betrivers,23.5,,55.5,,1050.0,-3335.0,2026-09-12T16:00:00Z,-112.0,-112.0
2026-09-11T18:14:17.767730-04:00,odds_api,d652c7bc0594f13ef0a2a04e31ef5666,Oklahoma State,Oregon Ducks,betmgm,23.0,,55.5,,1150.0,-2000.0,2026-09-12T16:00:00Z,-108.0,-105.0
2026-09-11T18:14:17.767730-04:00,odds_api,d652c7bc0594f13ef0a2a04e31ef5666,Oklahoma State,Oregon Ducks,lowvig,23.0,,55.5,,1116.0,-2300.0,2026-09-12T16:00:00Z,-101.0,-103.0
2026-09-11T18:14:17.767730-04:00,odds_api,d652c7bc0594f13ef0a2a04e31ef5666,Oklahoma State,Oregon Ducks,betonlineag,23.0,,55.5,,1116.0,-2300.0,2026-09-12T16:00:00Z,-105.0,-105.0
2026-09-11T18:14:17.767730-04:00,odds_api,d652c7bc0594f13ef0a2a04e31ef5666,Oklahoma State,Oregon Ducks,bovada,23.0,,55.5,,950.0,-2000.0,2026-09-12T16:00:00Z,-110.0,-105.0
2026-09-11T18:14:17.767730-04:00,odds_api,d652c7bc0594f13ef0a2a04e31ef5666,Oklahoma State,Oregon Ducks,betus,23.0,,55.0,,1125.0,-2300.0,2026-09-12T16:00:00Z,-105.0,-110.0
2026-09-11T18:14:17.767730-04:00,odds_api,401858221,Virginia Tech,Old Dominion,draftkings,-19.5,,48.5,,-1100.0,700.0,2026-09-12T16:00:00Z,-102.0,-105.0
2026-09-11T18:14:17.767730-04:00,odds_api,401858221,Virginia Tech,Old Dominion,fanduel,-18.5,,48.5,,-1250.0,740.0,2026-09-12T16:00:00Z,-114.0,-105.0
2026-09-11T18:14:17.767730-04:00,odds_api,401858221,Virginia Tech,Old Dominion,mybookieag,-19.0,,48.5,,-1205.0,690.0,2026-09-12T16:00:00Z,-110.0,-110.0
2026-09-11T18:14:17.767730-04:00,odds_api,401858221,Virginia Tech,Old Dominion,lowvig,-19.0,,47.5,,-1200.0,754.0,2026-09-12T16:00:00Z,-104.0,-114.0
2026-09-11T18:14:17.767730-04:00,odds_api,401858221,Virginia Tech,Old Dominion,betonlineag,-19.0,,47.5,,-1200.0,754.0,2026-09-12T16:00:00Z,-108.0,-115.0
2026-09-11T18:14:17.767730-04:00,odds_api,401858221,Virginia Tech,Old Dominion,betmgm,-18.5,,48.5,,-1100.0,750.0,2026-09-12T16:00:00Z,-110.0,-102.0
2026-09-11T18:14:17.767730-04:00,odds_api,401858221,Virginia Tech,Old Dominion,betrivers,-19.0,,48.5,,-1430.0,750.0,2026-09-12T16:00:00Z,-109.0,-115.0
2026-09-11T18:14:17.767730-04:00,odds_api,401858221,Virginia Tech,Old Dominion,betus,-19.0,,48.0,,-1200.0,750.0,2026-09-12T16:00:00Z,-110.0,-105.0
2026-09-11T18:14:17.767730-04:00,odds_api,401858221,Virginia Tech,Old Dominion,bovada,-19.0,,48.0,,-1100.0,650.0,2026-09-12T16:00:00Z,-110.0,-115.0
2026-09-11T18:14:17.767730-04:00,odds_api,eee54863c6c50d585de1919f1fca51e5,Temple,Penn State Nittany Lions,fanduel,23.5,,50.5,,1400.0,-4000.0,2026-09-12T16:00:00Z,-102.0,-115.0
2026-09-11T18:14:17.767730-04:00,odds_api,eee54863c6c50d585de1919f1fca51e5,Temple,Penn State Nittany Lions,mybookieag,24.0,,50.5,,1130.0,-3366.0,2026-09-12T16:00:00Z,-110.0,-110.0
2026-09-11T18:14:17.767730-04:00,odds_api,eee54863c6c50d585de1919f1fca51e5,Temple,Penn State Nittany Lions,draftkings,23.5,,50.5,,1300.0,-2800.0,2026-09-12T16:00:00Z,-102.0,-118.0
2026-09-11T18:14:17.767730-04:00,odds_api,eee54863c6c50d585de1919f1fca51e5,Temple,Penn State Nittany Lions,lowvig,24.0,,51.0,,1276.0,-3100.0,2026-09-12T16:00:00Z,-109.0,-114.0
2026-09-11T18:14:17.767730-04:00,odds_api,eee54863c6c50d585de1919f1fca51e5,Temple,Penn State Nittany Lions,betonlineag,24.0,,51.0,,1276.0,-3100.0,2026-09-12T16:00:00Z,-113.0,-115.0
2026-09-11T18:14:17.767730-04:00,odds_api,eee54863c6c50d585de1919f1fca51e5,Temple,Penn State Nittany Lions,betmgm,24.0,,50.5,,1450.0,-2500.0,2026-09-12T16:00:00Z,-110.0,-118.0
2026-09-11T18:14:17.767730-04:00,odds_api,eee54863c6c50d585de1919f1fca51e5,Temple,Penn State Nittany Lions,betrivers,24.0,,51.0,,1400.0,-10000.0,2026-09-12T16:00:00Z,-113.0,-109.0
2026-09-11T18:14:17.767730-04:00,odds_api,eee54863c6c50d585de1919f1fca51e5,Temple,Penn State Nittany Lions,betus,24.0,,51.0,,1400.0,-3100.0,2026-09-12T16:00:00Z,-110.0,-115.0
2026-09-11T18:14:17.767730-04:00,odds_api,eee54863c6c50d585de1919f1fca51e5,Temple,Penn State Nittany Lions,bovada,24.0,,51.0,,1000.0,-2500.0,2026-09-12T16:00:00Z,-110.0,-110.0
2026-09-11T18:14:17.767730-04:00,odds_api,5a8d98c3147d18b683d90a536e76eb64,Purdue Boilermakers,Wake Forest Demon Deacons,fanduel,2.5,,49.5,,126.0,-152.0,2026-09-12T16:00:00Z,-102.0,-115.0
2026-09-11T18:14:17.767730-04:00,odds_api,5a8d98c3147d18b683d90a536e76eb64,Purdue Boilermakers,Wake Forest Demon Deacons,mybookieag,3.0,,49.5,,129.0,-158.0,2026-09-12T16:00:00Z,-110.0,-110.0
2026-09-11T18:14:17.767730-04:00,odds_api,5a8d98c3147d18b683d90a536e76eb64,Purdue Boilermakers,Wake Forest Demon Deacons,draftkings,3.0,,49.5,,130.0,-155.0,2026-09-12T16:00:00Z,-108.0,-112.0
2026-09-11T18:14:17.767730-04:00,odds_api,5a8d98c3147d18b683d90a536e76eb64,Purdue Boilermakers,Wake Forest Demon Deacons,lowvig,3.0,,50.0,,134.0,-154.0,2026-09-12T16:00:00Z,-102.0,-114.0
2026-09-11T18:14:17.767730-04:00,odds_api,5a8d98c3147d18b683d90a536e76eb64,Purdue Boilermakers,Wake Forest Demon Deacons,betonlineag,3.0,,50.0,,134.0,-154.0,2026-09-12T16:00:00Z,-106.0,-115.0
2026-09-11T18:14:17.767730-04:00,odds_api,5a8d98c3147d18b683d90a536e76eb64,Purdue Boilermakers,Wake Forest Demon Deacons,betrivers,3.0,,50.0,,115.0,-143.0,2026-09-12T16:00:00Z,-117.0,-112.0
2026-09-11T18:14:17.767730-04:00,odds_api,5a8d98c3147d18b683d90a536e76eb64,Purdue Boilermakers,Wake Forest Demon Deacons,betmgm,3.0,,50.5,,130.0,-160.0,2026-09-12T16:00:00Z,-110.0,-108.0
2026-09-11T18:14:17.767730-04:00,odds_api,5a8d98c3147d18b683d90a536e76eb64,Purdue Boilermakers,Wake Forest Demon Deacons,betus,3.0,,49.5,,134.0,-155.0,2026-09-12T16:00:00Z,-110.0,-110.0
2026-09-11T18:14:17.767730-04:00,odds_api,5a8d98c3147d18b683d90a536e76eb64,Purdue Boilermakers,Wake Forest Demon Deacons,bovada,3.0,,50.0,,135.0,-160.0,2026-09-12T16:00:00Z,-110.0,-110.0
2026-09-11T18:14:17.767730-04:00,odds_api,43ee6255542faa05e9b9853cb1c6289e,Georgia Bulldogs,Western Kentucky,draftkings,-39.5,,55.5,,,,2026-09-12T16:45:00Z,-112.0,-112.0
2026-09-11T18:14:17.767730-04:00,odds_api,43ee6255542faa05e9b9853cb1c6289e,Georgia Bulldogs,Western Kentucky,betonlineag,-40.0,,55.5,,,,2026-09-12T16:45:00Z,-105.0,-110.0
2026-09-11T18:14:17.767730-04:00,odds_api,43ee6255542faa05e9b9853cb1c6289e,Georgia Bulldogs,Western Kentucky,lowvig,-40.0,,55.5,,,,2026-09-12T16:45:00Z,-106.0,-108.0
2026-09-11T18:14:17.767730-04:00,odds_api,43ee6255542faa05e9b9853cb1c6289e,Georgia Bulldogs,Western Kentucky,betrivers,-41.5,,55.5,,,,2026-09-12T16:45:00Z,-108.0,-114.0
2026-09-11T18:14:17.767730-04:00,odds_api,43ee6255542faa05e9b9853cb1c6289e,Georgia Bulldogs,Western Kentucky,betus,-40.5,,55.5,,,,2026-09-12T16:45:00Z,-110.0,-110.0
2026-09-11T18:14:17.767730-04:00,odds_api,43ee6255542faa05e9b9853cb1c6289e,Georgia Bulldogs,Western Kentucky,bovada,-40.0,,55.0,,,,2026-09-12T16:45:00Z,-110.0,-110.0
2026-09-11T18:14:17.767730-04:00,odds_api,43ee6255542faa05e9b9853cb1c6289e,Georgia Bulldogs,Western Kentucky,betmgm,-40.5,,55.5,,,,2026-09-12T16:45:00Z,-110.0,-110.0
2026-09-11T18:14:17.767730-04:00,odds_api,43ee6255542faa05e9b9853cb1c6289e,Georgia Bulldogs,Western Kentucky,fanduel,-40.5,,55.5,,,,2026-09-12T16:45:00Z,-110.0,-112.0
2026-09-11T18:14:17.767730-04:00,odds_api,6e373e2da501d8104f2162d0e2ca6e2d,Central Michigan,Colgate Raiders,fanduel,-22.5,,49.5,,-4000.0,1400.0,2026-09-12T17:00:00Z,-115.0,-110.0
2026-09-11T18:14:17.767730-04:00,odds_api,6e373e2da501d8104f2162d0e2ca6e2d,Central Michigan,Colgate Raiders,betrivers,-22.0,,48.5,,-3335.0,1150.0,2026-09-12T17:00:00Z,-112.0,-118.0
2026-09-11T18:14:17.767730-04:00,odds_api,6e373e2da501d8104f2162d0e2ca6e2d,Central Michigan,Colgate Raiders,draftkings,-21.5,,49.5,,-1650.0,950.0,2026-09-12T17:00:00Z,-112.0,-102.0
2026-09-11T18:14:17.767730-04:00,odds_api,6e373e2da501d8104f2162d0e2ca6e2d,Central Michigan,Colgate Raiders,betonlineag,-21.0,,48.5,,,,2026-09-12T17:00:00Z,-125.0,-115.0
2026-09-11T18:14:17.767730-04:00,odds_api,6e373e2da501d8104f2162d0e2ca6e2d,Central Michigan,Colgate Raiders,lowvig,-21.0,,48.5,,,,2026-09-12T17:00:00Z,-125.0,-115.0
2026-09-11T18:14:17.767730-04:00,odds_api,2a658c30f1df6cbb619b57193bb781a2,Miami (OH) RedHawks,Holy Cross Crusaders,fanduel,-30.5,,50.5,,-7000.0,2000.0,2026-09-12T17:00:00Z,-115.0,-108.0
2026-09-11T18:14:17.767730-04:00,odds_api,2a658c30f1df6cbb619b57193bb781a2,Miami (OH) RedHawks,Holy Cross Crusaders,betrivers,-31.0,,50.5,,,,2026-09-12T17:00:00Z,-112.0,-115.0
2026-09-11T18:14:17.767730-04:00,odds_api,2a658c30f1df6cbb619b57193bb781a2,Miami (OH) RedHawks,Holy Cross Crusaders,draftkings,-30.5,,50.5,,-5000.0,1800.0,2026-09-12T17:00:00Z,-112.0,-110.0
2026-09-11T18:14:17.767730-04:00,odds_api,2a658c30f1df6cbb619b57193bb781a2,Miami (OH) RedHawks,Holy Cross Crusaders,betonlineag,-30.5,,50.5,,,,2026-09-12T17:00:00Z,-115.0,-120.0
2026-09-11T18:14:17.767730-04:00,odds_api,2a658c30f1df6cbb619b57193bb781a2,Miami (OH) RedHawks,Holy Cross Crusaders,lowvig,-30.5,,50.5,,,,2026-09-12T17:00:00Z,-115.0,-120.0
2026-09-11T18:14:17.767730-04:00,odds_api,c3281cee9975bf6d8ed8106826279caf,West Virginia Mountaineers,UT Martin Skyhawks,fanduel,-41.5,,55.5,,,,2026-09-12T17:00:00Z,-114.0,-112.0
2026-09-11T18:14:17.767730-04:00,odds_api,c3281cee9975bf6d8ed8106826279caf,West Virginia Mountaineers,UT Martin Skyhawks,betrivers,-41.0,,56.5,,,,2026-09-12T17:00:00Z,-113.0,-110.0
2026-09-11T18:14:17.767730-04:00,odds_api,c3281cee9975bf6d8ed8106826279caf,West Virginia Mountaineers,UT Martin Skyhawks,draftkings,-41.5,,55.5,,,,2026-09-12T17:00:00Z,-118.0,-110.0
2026-09-11T18:14:17.767730-04:00,odds_api,c3281cee9975bf6d8ed8106826279caf,West Virginia Mountaineers,UT Martin Skyhawks,betonlineag,-42.0,,55.5,,,,2026-09-12T17:00:00Z,-115.0,-115.0
2026-09-11T18:14:17.767730-04:00,odds_api,50ca382289647d24354223aa3512c02f,Ball State Cardinals,Stony Brook Seawolves,fanduel,-14.5,,55.5,,-750.0,520.0,2026-09-12T18:00:00Z,-106.0,-106.0
2026-09-11T18:14:17.767730-04:00,odds_api,50ca382289647d24354223aa3512c02f,Ball State Cardinals,Stony Brook Seawolves,betrivers,-14.5,,55.5,,-910.0,575.0,2026-09-12T18:00:00Z,-112.0,-108.0
2026-09-11T18:14:17.767730-04:00,odds_api,50ca382289647d24354223aa3512c02f,Ball State Cardinals,Stony Brook Seawolves,draftkings,-14.0,,55.5,,-700.0,500.0,2026-09-12T18:00:00Z,-115.0,-108.0
2026-09-11T18:14:17.767730-04:00,odds_api,50ca382289647d24354223aa3512c02f,Ball State Cardinals,Stony Brook Seawolves,betonlineag,-13.5,,55.0,,,,2026-09-12T18:00:00Z,-125.0,-110.0
2026-09-11T18:14:17.767730-04:00,odds_api,50ca382289647d24354223aa3512c02f,Ball State Cardinals,Stony Brook Seawolves,lowvig,-13.5,,55.0,,,,2026-09-12T18:00:00Z,-125.0,-110.0
2026-09-11T18:14:17.767730-04:00,odds_api,0c68f1ebc9e9f2bc6a8fb51e072e35b9,Akron Zips,Robert Morris Colonials,fanduel,-27.5,,43.5,,-10000.0,2400.0,2026-09-12T19:30:00Z,-114.0,-108.0
2026-09-11T18:14:17.767730-04:00,odds_api,0c68f1ebc9e9f2bc6a8fb51e072e35b9,Akron Zips,Robert Morris Colonials,betrivers,-27.5,,42.5,,,,2026-09-12T19:30:00Z,-110.0,-110.0
2026-09-11T18:14:17.767730-04:00,odds_api,0c68f1ebc9e9f2bc6a8fb51e072e35b9,Akron Zips,Robert Morris Colonials,draftkings,-27.5,,43.5,,-3600.0,1500.0,2026-09-12T19:30:00Z,-110.0,-118.0
2026-09-11T18:14:17.767730-04:00,odds_api,0c68f1ebc9e9f2bc6a8fb51e072e35b9,Akron Zips,Robert Morris Colonials,betonlineag,-27.5,,44.0,,,,2026-09-12T19:30:00Z,-115.0,-120.0
2026-09-11T18:14:17.767730-04:00,odds_api,0c68f1ebc9e9f2bc6a8fb51e072e35b9,Akron Zips,Robert Morris Colonials,lowvig,-27.5,,44.0,,,,2026-09-12T19:30:00Z,-115.0,-120.0
2026-09-11T18:14:17.767730-04:00,odds_api,2cb6f8436ba0f1fbcdcd7871a03466d5,Kentucky Wildcats,Alabama Crimson Tide,draftkings,10.0,,48.5,,320.0,-410.0,2026-09-12T19:30:00Z,-110.0,-105.0
2026-09-11T18:14:17.767730-04:00,odds_api,2cb6f8436ba0f1fbcdcd7871a03466d5,Kentucky Wildcats,Alabama Crimson Tide,fanduel,10.5,,48.5,,290.0,-375.0,2026-09-12T19:30:00Z,-122.0,-105.0
2026-09-11T18:14:17.767730-04:00,odds_api,2cb6f8436ba0f1fbcdcd7871a03466d5,Kentucky Wildcats,Alabama Crimson Tide,betrivers,10.0,,48.5,,310.0,-480.0,2026-09-12T19:30:00Z,-114.0,-112.0
2026-09-11T18:14:17.767730-04:00,odds_api,2cb6f8436ba0f1fbcdcd7871a03466d5,Kentucky Wildcats,Alabama Crimson Tide,betmgm,10.0,,48.5,,310.0,-400.0,2026-09-12T19:30:00Z,-110.0,-105.0
2026-09-11T18:14:17.767730-04:00,odds_api,2cb6f8436ba0f1fbcdcd7871a03466d5,Kentucky Wildcats,Alabama Crimson Tide,betonlineag,10.0,,48.5,,316.0,-400.0,2026-09-12T19:30:00Z,-109.0,-110.0
2026-09-11T18:14:17.767730-04:00,odds_api,2cb6f8436ba0f1fbcdcd7871a03466d5,Kentucky Wildcats,Alabama Crimson Tide,lowvig,10.0,,48.5,,316.0,-400.0,2026-09-12T19:30:00Z,-105.0,-108.0
2026-09-11T18:14:17.767730-04:00,odds_api,2cb6f8436ba0f1fbcdcd7871a03466d5,Kentucky Wildcats,Alabama Crimson Tide,betus,10.0,,48.5,,320.0,-400.0,2026-09-12T19:30:00Z,-110.0,-110.0
2026-09-11T18:14:17.767730-04:00,odds_api,2cb6f8436ba0f1fbcdcd7871a03466d5,Kentucky Wildcats,Alabama Crimson Tide,mybookieag,10.0,,48.5,,320.0,-429.0,2026-09-12T19:30:00Z,-110.0,-110.0
2026-09-11T18:14:17.767730-04:00,odds_api,2cb6f8436ba0f1fbcdcd7871a03466d5,Kentucky Wildcats,Alabama Crimson Tide,bovada,10.0,,48.5,,310.0,-415.0,2026-09-12T19:30:00Z,-110.0,-110.0
2026-09-11T18:14:17.767730-04:00,odds_api,6e781bfdb712f185fb1be983bc10af15,BYU Cougars,Arizona Wildcats,draftkings,-7.5,,48.5,,-305.0,245.0,2026-09-12T19:30:00Z,-108.0,-108.0
2026-09-11T18:14:17.767730-04:00,odds_api,6e781bfdb712f185fb1be983bc10af15,BYU Cougars,Arizona Wildcats,fanduel,-7.5,,48.5,,-320.0,255.0,2026-09-12T19:30:00Z,-110.0,-106.0
2026-09-11T18:14:17.767730-04:00,odds_api,6e781bfdb712f185fb1be983bc10af15,BYU Cougars,Arizona Wildcats,betrivers,-7.5,,48.0,,-335.0,250.0,2026-09-12T19:30:00Z,-107.0,-110.0
2026-09-11T18:14:17.767730-04:00,odds_api,6e781bfdb712f185fb1be983bc10af15,BYU Cougars,Arizona Wildcats,betmgm,-7.5,,48.5,,-300.0,240.0,2026-09-12T19:30:00Z,-110.0,-108.0
2026-09-11T18:14:17.767730-04:00,odds_api,6e781bfdb712f185fb1be983bc10af15,BYU Cougars,Arizona Wildcats,lowvig,-7.5,,48.5,,-277.0,228.0,2026-09-12T19:30:00Z,-102.0,-114.0
2026-09-11T18:14:17.767730-04:00,odds_api,6e781bfdb712f185fb1be983bc10af15,BYU Cougars,Arizona Wildcats,betonlineag,-7.5,,48.5,,-277.0,228.0,2026-09-12T19:30:00Z,-104.0,-115.0
2026-09-11T18:14:17.767730-04:00,odds_api,6e781bfdb712f185fb1be983bc10af15,BYU Cougars,Arizona Wildcats,betus,-7.5,,48.5,,-275.0,230.0,2026-09-12T19:30:00Z,-110.0,-110.0
2026-09-11T18:14:17.767730-04:00,odds_api,6e781bfdb712f185fb1be983bc10af15,BYU Cougars,Arizona Wildcats,mybookieag,-7.5,,48.0,,-330.0,255.0,2026-09-12T19:30:00Z,-110.0,-110.0
2026-09-11T18:14:17.767730-04:00,odds_api,6e781bfdb712f185fb1be983bc10af15,BYU Cougars,Arizona Wildcats,bovada,-7.5,,48.5,,-290.0,240.0,2026-09-12T19:30:00Z,-105.0,-110.0
2026-09-11T18:14:17.767730-04:00,odds_api,1427645d6020f742eece986c58bdb29d,Syracuse Orange,California Golden Bears,fanduel,-3.5,,56.5,,-178.0,146.0,2026-09-12T19:30:00Z,-108.0,-114.0
2026-09-11T18:14:17.767730-04:00,odds_api,1427645d6020f742eece986c58bdb29d,Syracuse Orange,California Golden Bears,draftkings,-3.5,,56.5,,-185.0,154.0,2026-09-12T19:30:00Z,-110.0,-112.0
2026-09-11T18:14:17.767730-04:00,odds_api,1427645d6020f742eece986c58bdb29d,Syracuse Orange,California Golden Bears,lowvig,-3.5,,56.5,,-180.0,157.0,2026-09-12T19:30:00Z,-106.0,-114.0
2026-09-11T18:14:17.767730-04:00,odds_api,1427645d6020f742eece986c58bdb29d,Syracuse Orange,California Golden Bears,betonlineag,-3.5,,56.5,,-180.0,157.0,2026-09-12T19:30:00Z,-110.0,-115.0
2026-09-11T18:14:17.767730-04:00,odds_api,1427645d6020f742eece986c58bdb29d,Syracuse Orange,California Golden Bears,betrivers,-3.5,,56.5,,-190.0,150.0,2026-09-12T19:30:00Z,-113.0,-112.0
2026-09-11T18:14:17.767730-04:00,odds_api,1427645d6020f742eece986c58bdb29d,Syracuse Orange,California Golden Bears,betmgm,-3.5,,56.5,,-185.0,150.0,2026-09-12T19:30:00Z,-110.0,-110.0
2026-09-11T18:14:17.767730-04:00,odds_api,1427645d6020f742eece986c58bdb29d,Syracuse Orange,California Golden Bears,betus,-3.5,,57.0,,-180.0,155.0,2026-09-12T19:30:00Z,-110.0,-110.0
2026-09-11T18:14:17.767730-04:00,odds_api,1427645d6020f742eece986c58bdb29d,Syracuse Orange,California Golden Bears,mybookieag,-3.5,,57.0,,-182.0,147.0,2026-09-12T19:30:00Z,-110.0,-110.0
2026-09-11T18:14:17.767730-04:00,odds_api,1427645d6020f742eece986c58bdb29d,Syracuse Orange,California Golden Bears,bovada,-4.0,,56.5,,-185.0,160.0,2026-09-12T19:30:00Z,-105.0,-115.0
2026-09-11T18:14:17.767730-04:00,odds_api,28bb2aa99c25784abd9be51bba32c472,Toledo Rockets,Central Connecticut Blue Devils,fanduel,-35.5,,54.5,,,,2026-09-12T19:30:00Z,-106.0,-106.0
2026-09-11T18:14:17.767730-04:00,odds_api,28bb2aa99c25784abd9be51bba32c472,Toledo Rockets,Central Connecticut Blue Devils,betrivers,-35.0,,55.5,,,,2026-09-12T19:30:00Z,-112.0,-109.0
2026-09-11T18:14:17.767730-04:00,odds_api,28bb2aa99c25784abd9be51bba32c472,Toledo Rockets,Central Connecticut Blue Devils,draftkings,-35.5,,54.5,,-20000.0,3500.0,2026-09-12T19:30:00Z,-110.0,-112.0
2026-09-11T18:14:17.767730-04:00,odds_api,f33d69b70bdc14e4182a474c2cc29419,Colorado Buffaloes,Weber State Wildcats,fanduel,-34.5,,55.5,,-30000.0,4000.0,2026-09-12T19:30:00Z,-105.0,-106.0
2026-09-11T18:14:17.767730-04:00,odds_api,f33d69b70bdc14e4182a474c2cc29419,Colorado Buffaloes,Weber State Wildcats,betrivers,-33.5,,54.5,,,,2026-09-12T19:30:00Z,-112.0,-115.0
2026-09-11T18:14:17.767730-04:00,odds_api,f33d69b70bdc14e4182a474c2cc29419,Colorado Buffaloes,Weber State Wildcats,draftkings,-34.5,,55.5,,-6500.0,2000.0,2026-09-12T19:30:00Z,-108.0,-105.0
2026-09-11T18:14:17.767730-04:00,odds_api,f33d69b70bdc14e4182a474c2cc29419,Colorado Buffaloes,Weber State Wildcats,lowvig,-34.5,,54.5,,,,2026-09-12T19:30:00Z,-115.0,-125.0
2026-09-11T18:14:17.767730-04:00,odds_api,52e9b0f6515766724ee70457912bdc18,Illinois Fighting Illini,Duke Blue Devils,draftkings,-6.0,,51.5,,-238.0,195.0,2026-09-12T19:30:00Z,-108.0,-112.0
2026-09-11T18:14:17.767730-04:00,odds_api,52e9b0f6515766724ee70457912bdc18,Illinois Fighting Illini,Duke Blue Devils,fanduel,-5.5,,51.5,,-235.0,190.0,2026-09-12T19:30:00Z,-115.0,-110.0
2026-09-11T18:14:17.767730-04:00,odds_api,52e9b0f6515766724ee70457912bdc18,Illinois Fighting Illini,Duke Blue Devils,betrivers,-5.5,,51.5,,-230.0,180.0,2026-09-12T19:30:00Z,-114.0,-112.0
2026-09-11T18:14:17.767730-04:00,odds_api,52e9b0f6515766724ee70457912bdc18,Illinois Fighting Illini,Duke Blue Devils,betonlineag,-6.0,,51.0,,-250.0,207.0,2026-09-12T19:30:00Z,-112.0,-115.0
2026-09-11T18:14:17.767730-04:00,odds_api,52e9b0f6515766724ee70457912bdc18,Illinois Fighting Illini,Duke Blue Devils,lowvig,-6.0,,51.0,,-250.0,207.0,2026-09-12T19:30:00Z,-108.0,-114.0
2026-09-11T18:14:17.767730-04:00,odds_api,52e9b0f6515766724ee70457912bdc18,Illinois Fighting Illini,Duke Blue Devils,betmgm,-6.0,,51.5,,-235.0,195.0,2026-09-12T19:30:00Z,-110.0,-110.0
2026-09-11T18:14:17.767730-04:00,odds_api,52e9b0f6515766724ee70457912bdc18,Illinois Fighting Illini,Duke Blue Devils,betus,-6.0,,51.5,,-225.0,190.0,2026-09-12T19:30:00Z,-110.0,-110.0
2026-09-11T18:14:17.767730-04:00,odds_api,52e9b0f6515766724ee70457912bdc18,Illinois Fighting Illini,Duke Blue Devils,mybookieag,-6.0,,51.5,,-244.0,194.0,2026-09-12T19:30:00Z,-110.0,-110.0
2026-09-11T18:14:17.767730-04:00,odds_api,52e9b0f6515766724ee70457912bdc18,Illinois Fighting Illini,Duke Blue Devils,bovada,-6.0,,51.5,,-230.0,190.0,2026-09-12T19:30:00Z,-110.0,-110.0
2026-09-11T18:14:17.767730-04:00,odds_api,401858440,Michigan State,Eastern Michigan,fanduel,-17.5,,49.5,,-1000.0,640.0,2026-09-12T19:30:00Z,-106.0,-110.0
2026-09-11T18:14:17.767730-04:00,odds_api,401858440,Michigan State,Eastern Michigan,draftkings,-17.5,,49.5,,-900.0,600.0,2026-09-12T19:30:00Z,-108.0,-115.0
2026-09-11T18:14:17.767730-04:00,odds_api,401858440,Michigan State,Eastern Michigan,lowvig,-17.5,,49.5,,-1000.0,661.0,2026-09-12T19:30:00Z,-101.0,-108.0
2026-09-11T18:14:17.767730-04:00,odds_api,401858440,Michigan State,Eastern Michigan,betonlineag,-17.5,,49.5,,-1000.0,661.0,2026-09-12T19:30:00Z,-105.0,-110.0
2026-09-11T18:14:17.767730-04:00,odds_api,401858440,Michigan State,Eastern Michigan,betmgm,-17.0,,49.5,,-900.0,650.0,2026-09-12T19:30:00Z,-110.0,-112.0
2026-09-11T18:14:17.767730-04:00,odds_api,401858440,Michigan State,Eastern Michigan,betrivers,-17.5,,49.5,,-1250.0,650.0,2026-09-12T19:30:00Z,-109.0,-114.0
2026-09-11T18:14:17.767730-04:00,odds_api,401858440,Michigan State,Eastern Michigan,betus,-17.5,,49.5,,-1000.0,650.0,2026-09-12T19:30:00Z,-105.0,-110.0
2026-09-11T18:14:17.767730-04:00,odds_api,401858440,Michigan State,Eastern Michigan,mybookieag,-17.5,,49.5,,-1099.0,630.0,2026-09-12T19:30:00Z,-110.0,-110.0
2026-09-11T18:14:17.767730-04:00,odds_api,401858440,Michigan State,Eastern Michigan,bovada,-17.5,,50.0,,-1000.0,625.0,2026-09-12T19:30:00Z,-110.0,-115.0
2026-09-11T18:14:17.767730-04:00,odds_api,70a4d83a64789d57f114b077a570ea27,UConn Huskies,Maryland Terrapins,fanduel,11.5,,52.5,,350.0,-465.0,2026-09-12T19:30:00Z,-110.0,-105.0
2026-09-11T18:14:17.767730-04:00,odds_api,70a4d83a64789d57f114b077a570ea27,UConn Huskies,Maryland Terrapins,draftkings,11.5,,52.5,,350.0,-455.0,2026-09-12T19:30:00Z,-112.0,-105.0
2026-09-11T18:14:17.767730-04:00,odds_api,70a4d83a64789d57f114b077a570ea27,UConn Huskies,Maryland Terrapins,lowvig,11.5,,52.0,,350.0,-450.0,2026-09-12T19:30:00Z,-106.0,-103.0
2026-09-11T18:14:17.767730-04:00,odds_api,70a4d83a64789d57f114b077a570ea27,UConn Huskies,Maryland Terrapins,betonlineag,11.5,,52.0,,350.0,-450.0,2026-09-12T19:30:00Z,-110.0,-105.0
2026-09-11T18:14:17.767730-04:00,odds_api,70a4d83a64789d57f114b077a570ea27,UConn Huskies,Maryland Terrapins,betmgm,11.5,,51.5,,350.0,-450.0,2026-09-12T19:30:00Z,-110.0,-115.0
2026-09-11T18:14:17.767730-04:00,odds_api,70a4d83a64789d57f114b077a570ea27,UConn Huskies,Maryland Terrapins,betrivers,11.5,,52.5,,400.0,-590.0,2026-09-12T19:30:00Z,-112.0,-114.0
2026-09-11T18:14:17.767730-04:00,odds_api,70a4d83a64789d57f114b077a570ea27,UConn Huskies,Maryland Terrapins,betus,11.5,,52.0,,355.0,-450.0,2026-09-12T19:30:00Z,-110.0,-110.0
2026-09-11T18:14:17.767730-04:00,odds_api,70a4d83a64789d57f114b077a570ea27,UConn Huskies,Maryland Terrapins,mybookieag,11.5,,52.0,,360.0,-490.0,2026-09-12T19:30:00Z,-110.0,-110.0
2026-09-11T18:14:17.767730-04:00,odds_api,70a4d83a64789d57f114b077a570ea27,UConn Huskies,Maryland Terrapins,bovada,11.5,,52.0,,340.0,-460.0,2026-09-12T19:30:00Z,-110.0,-110.0
2026-09-11T18:14:17.767730-04:00,odds_api,25c198f097870d531920ba524262737d,Minnesota Golden Gophers,Mississippi State,draftkings,1.5,,54.5,,-105.0,-115.0,2026-09-12T19:30:00Z,-115.0,-112.0
2026-09-11T18:14:17.767730-04:00,odds_api,25c198f097870d531920ba524262737d,Minnesota Golden Gophers,Mississippi State,fanduel,1.5,,54.5,,-110.0,-110.0,2026-09-12T19:30:00Z,-122.0,-115.0
2026-09-11T18:14:17.767730-04:00,odds_api,25c198f097870d531920ba524262737d,Minnesota Golden Gophers,Mississippi State,betrivers,-0.5,,55.5,,-114.0,-109.0,2026-09-12T19:30:00Z,-114.0,-108.0
2026-09-11T18:14:17.767730-04:00,odds_api,25c198f097870d531920ba524262737d,Minnesota Golden Gophers,Mississippi State,betonlineag,0.0,,54.5,,,,2026-09-12T19:30:00Z,-110.0,-108.0
2026-09-11T18:14:17.767730-04:00,odds_api,25c198f097870d531920ba524262737d,Minnesota Golden Gophers,Mississippi State,lowvig,0.0,,54.5,,,,2026-09-12T19:30:00Z,-106.0,-106.0
2026-09-11T18:14:17.767730-04:00,odds_api,25c198f097870d531920ba524262737d,Minnesota Golden Gophers,Mississippi State,betmgm,-1.0,,54.5,,-110.0,-108.0,2026-09-12T19:30:00Z,-105.0,-115.0
2026-09-11T18:14:17.767730-04:00,odds_api,25c198f097870d531920ba524262737d,Minnesota Golden Gophers,Mississippi State,betus,0.0,,54.5,,,,2026-09-12T19:30:00Z,-110.0,-110.0
2026-09-11T18:14:17.767730-04:00,odds_api,25c198f097870d531920ba524262737d,Minnesota Golden Gophers,Mississippi State,mybookieag,-1.5,,54.5,,-110.0,-111.0,2026-09-12T19:30:00Z,-110.0,-110.0
2026-09-11T18:14:17.767730-04:00,odds_api,25c198f097870d531920ba524262737d,Minnesota Golden Gophers,Mississippi State,bovada,1.0,,55.0,,-105.0,-115.0,2026-09-12T19:30:00Z,-110.0,-110.0
2026-09-11T18:14:17.767730-04:00,odds_api,2be7c621008f4d4147868ababc385a6c,Notre Dame Fighting Irish,Rice Owls,draftkings,-44.5,,54.5,,,,2026-09-12T19:30:00Z,-115.0,-120.0
2026-09-11T18:14:17.767730-04:00,odds_api,2be7c621008f4d4147868ababc385a6c,Notre Dame Fighting Irish,Rice Owls,lowvig,-44.5,,55.0,,,,2026-09-12T19:30:00Z,-101.0,-108.0
2026-09-11T18:14:17.767730-04:00,odds_api,2be7c621008f4d4147868ababc385a6c,Notre Dame Fighting Irish,Rice Owls,betonlineag,-44.5,,55.0,,,,2026-09-12T19:30:00Z,-105.0,-110.0
2026-09-11T18:14:17.767730-04:00,odds_api,2be7c621008f4d4147868ababc385a6c,Notre Dame Fighting Irish,Rice Owls,fanduel,-44.5,,54.5,,,,2026-09-12T19:30:00Z,-115.0,-115.0
2026-09-11T18:14:17.767730-04:00,odds_api,2be7c621008f4d4147868ababc385a6c,Notre Dame Fighting Irish,Rice Owls,betrivers,-44.5,,55.0,,,,2026-09-12T19:30:00Z,-114.0,-109.0
2026-09-11T18:14:17.767730-04:00,odds_api,2be7c621008f4d4147868ababc385a6c,Notre Dame Fighting Irish,Rice Owls,betmgm,-44.5,,55.5,,,,2026-09-12T19:30:00Z,-108.0,-110.0
2026-09-11T18:14:17.767730-04:00,odds_api,2be7c621008f4d4147868ababc385a6c,Notre Dame Fighting Irish,Rice Owls,betus,-44.5,,55.0,,,,2026-09-12T19:30:00Z,-105.0,-110.0
2026-09-11T18:14:17.767730-04:00,odds_api,2be7c621008f4d4147868ababc385a6c,Notre Dame Fighting Irish,Rice Owls,bovada,-44.5,,55.0,,,,2026-09-12T19:30:00Z,-115.0,-105.0
2026-09-11T18:14:17.767730-04:00,odds_api,dd880570288831c4fc55cb68f19f9667,Pittsburgh Panthers,UCF Knights,fanduel,-7.5,,56.5,,-265.0,215.0,2026-09-12T19:30:00Z,100.0,-112.0
2026-09-11T18:14:17.767730-04:00,odds_api,dd880570288831c4fc55cb68f19f9667,Pittsburgh Panthers,UCF Knights,draftkings,-7.0,,56.5,,-285.0,230.0,2026-09-12T19:30:00Z,-115.0,-110.0
2026-09-11T18:14:17.767730-04:00,odds_api,dd880570288831c4fc55cb68f19f9667,Pittsburgh Panthers,UCF Knights,betrivers,-7.0,,56.5,,-315.0,235.0,2026-09-12T19:30:00Z,-113.0,-110.0
2026-09-11T18:14:17.767730-04:00,odds_api,dd880570288831c4fc55cb68f19f9667,Pittsburgh Panthers,UCF Knights,lowvig,-7.0,,56.0,,-280.0,230.0,2026-09-12T19:30:00Z,-109.0,-108.0
2026-09-11T18:14:17.767730-04:00,odds_api,dd880570288831c4fc55cb68f19f9667,Pittsburgh Panthers,UCF Knights,betonlineag,-7.0,,56.0,,-280.0,230.0,2026-09-12T19:30:00Z,-113.0,-110.0
2026-09-11T18:14:17.767730-04:00,odds_api,dd880570288831c4fc55cb68f19f9667,Pittsburgh Panthers,UCF Knights,betmgm,-7.0,,56.5,,-275.0,225.0,2026-09-12T19:30:00Z,-112.0,-108.0
2026-09-11T18:14:17.767730-04:00,odds_api,dd880570288831c4fc55cb68f19f9667,Pittsburgh Panthers,UCF Knights,betus,-7.0,,56.5,,-280.0,235.0,2026-09-12T19:30:00Z,-115.0,-110.0
2026-09-11T18:14:17.767730-04:00,odds_api,dd880570288831c4fc55cb68f19f9667,Pittsburgh Panthers,UCF Knights,mybookieag,-7.0,,56.5,,-290.0,228.0,2026-09-12T19:30:00Z,-110.0,-110.0
2026-09-11T18:14:17.767730-04:00,odds_api,dd880570288831c4fc55cb68f19f9667,Pittsburgh Panthers,UCF Knights,bovada,-7.0,,56.5,,-280.0,230.0,2026-09-12T19:30:00Z,-115.0,-110.0
2026-09-11T18:14:17.767730-04:00,odds_api,f85969d656d1cafcfc4e60290a25bb09,UMass Minutemen,Sacred Heart Pioneers,fanduel,-24.5,,53.5,,-3500.0,1200.0,2026-09-12T19:30:00Z,-110.0,-110.0
2026-09-11T18:14:17.767730-04:00,odds_api,f85969d656d1cafcfc4e60290a25bb09,UMass Minutemen,Sacred Heart Pioneers,betrivers,-23.5,,53.5,,-10000.0,1400.0,2026-09-12T19:30:00Z,-114.0,-115.0
2026-09-11T18:14:17.767730-04:00,odds_api,f85969d656d1cafcfc4e60290a25bb09,UMass Minutemen,Sacred Heart Pioneers,draftkings,-23.5,,53.5,,-2400.0,1200.0,2026-09-12T19:30:00Z,-118.0,-112.0
2026-09-11T18:14:17.767730-04:00,odds_api,f85969d656d1cafcfc4e60290a25bb09,UMass Minutemen,Sacred Heart Pioneers,lowvig,-23.5,,53.5,,,,2026-09-12T19:30:00Z,-115.0,-115.0
2026-09-11T18:14:17.767730-04:00,odds_api,f85969d656d1cafcfc4e60290a25bb09,UMass Minutemen,Sacred Heart Pioneers,betonlineag,-23.5,,53.5,,,,2026-09-12T19:30:00Z,-115.0,-115.0
2026-09-11T18:14:17.767730-04:00,odds_api,08c5bac0240cbc3ba996fb55a75504f2,Texas State,UTSA Roadrunners,draftkings,-1.5,,66.5,,-122.0,102.0,2026-09-12T19:30:00Z,-112.0,-112.0
2026-09-11T18:14:17.767730-04:00,odds_api,08c5bac0240cbc3ba996fb55a75504f2,Texas State,UTSA Roadrunners,fanduel,-2.5,,66.5,,-128.0,106.0,2026-09-12T19:30:00Z,-106.0,-105.0
2026-09-11T18:14:17.767730-04:00,odds_api,08c5bac0240cbc3ba996fb55a75504f2,Texas State,UTSA Roadrunners,lowvig,-1.0,,66.0,,-122.0,102.0,2026-09-12T19:30:00Z,-111.0,-108.0
2026-09-11T18:14:17.767730-04:00,odds_api,08c5bac0240cbc3ba996fb55a75504f2,Texas State,UTSA Roadrunners,betonlineag,-1.0,,66.0,,-122.0,102.0,2026-09-12T19:30:00Z,-110.0,-110.0
2026-09-11T18:14:17.767730-04:00,odds_api,08c5bac0240cbc3ba996fb55a75504f2,Texas State,UTSA Roadrunners,betmgm,-2.0,,66.5,,-125.0,105.0,2026-09-12T19:30:00Z,-108.0,-105.0
2026-09-11T18:14:17.767730-04:00,odds_api,08c5bac0240cbc3ba996fb55a75504f2,Texas State,UTSA Roadrunners,betrivers,-2.0,,66.5,,-129.0,105.0,2026-09-12T19:30:00Z,-113.0,-115.0
2026-09-11T18:14:17.767730-04:00,odds_api,08c5bac0240cbc3ba996fb55a75504f2,Texas State,UTSA Roadrunners,betus,-1.5,,66.0,,-125.0,105.0,2026-09-12T19:30:00Z,-110.0,-110.0
2026-09-11T18:14:17.767730-04:00,odds_api,08c5bac0240cbc3ba996fb55a75504f2,Texas State,UTSA Roadrunners,mybookieag,-1.5,,66.5,,-122.0,100.0,2026-09-12T19:30:00Z,-110.0,-110.0
2026-09-11T18:14:17.767730-04:00,odds_api,08c5bac0240cbc3ba996fb55a75504f2,Texas State,UTSA Roadrunners,bovada,-1.5,,66.0,,-120.0,100.0,2026-09-12T19:30:00Z,-110.0,-110.0
2026-09-11T18:14:17.767730-04:00,odds_api,61700ad2942d0c633b9c6cd402964356,UAB Blazers,UL Monroe Warhawks,fanduel,-9.5,,54.5,,-365.0,285.0,2026-09-12T19:30:00Z,-110.0,-105.0
2026-09-11T18:14:17.767730-04:00,odds_api,61700ad2942d0c633b9c6cd402964356,UAB Blazers,UL Monroe Warhawks,draftkings,-9.5,,54.5,,-360.0,285.0,2026-09-12T19:30:00Z,-112.0,-110.0
2026-09-11T18:14:17.767730-04:00,odds_api,61700ad2942d0c633b9c6cd402964356,UAB Blazers,UL Monroe Warhawks,lowvig,-9.5,,53.5,,-350.0,280.0,2026-09-12T19:30:00Z,-106.0,-114.0
2026-09-11T18:14:17.767730-04:00,odds_api,61700ad2942d0c633b9c6cd402964356,UAB Blazers,UL Monroe Warhawks,betonlineag,-10.0,,53.5,,-350.0,280.0,2026-09-12T19:30:00Z,107.0,-115.0
2026-09-11T18:14:17.767730-04:00,odds_api,61700ad2942d0c633b9c6cd402964356,UAB Blazers,UL Monroe Warhawks,betmgm,-9.5,,54.5,,-350.0,280.0,2026-09-12T19:30:00Z,-108.0,-105.0
2026-09-11T18:14:17.767730-04:00,odds_api,61700ad2942d0c633b9c6cd402964356,UAB Blazers,UL Monroe Warhawks,betrivers,-9.5,,54.5,,-335.0,245.0,2026-09-12T19:30:00Z,-110.0,-115.0
2026-09-11T18:14:17.767730-04:00,odds_api,61700ad2942d0c633b9c6cd402964356,UAB Blazers,UL Monroe Warhawks,betus,-9.5,,54.0,,-350.0,280.0,2026-09-12T19:30:00Z,-110.0,-110.0
2026-09-11T18:14:17.767730-04:00,odds_api,61700ad2942d0c633b9c6cd402964356,UAB Blazers,UL Monroe Warhawks,mybookieag,-9.5,,54.5,,-380.0,290.0,2026-09-12T19:30:00Z,-110.0,-110.0
2026-09-11T18:14:17.767730-04:00,odds_api,61700ad2942d0c633b9c6cd402964356,UAB Blazers,UL Monroe Warhawks,bovada,-9.0,,54.0,,-380.0,290.0,2026-09-12T19:30:00Z,-110.0,-115.0
2026-09-11T18:14:17.767730-04:00,odds_api,401858446,Washington,Utah State,fanduel,-27.5,,55.5,,-4500.0,1600.0,2026-09-12T19:30:00Z,-106.0,-110.0
2026-09-11T18:14:17.767730-04:00,odds_api,401858446,Washington,Utah State,draftkings,-27.5,,55.5,,-4000.0,1600.0,2026-09-12T19:30:00Z,-108.0,-112.0
2026-09-11T18:14:17.767730-04:00,odds_api,401858446,Washington,Utah State,betonlineag,-27.0,,55.5,,-5500.0,1567.0,2026-09-12T19:30:00Z,-115.0,-110.0
2026-09-11T18:14:17.767730-04:00,odds_api,401858446,Washington,Utah State,lowvig,-27.0,,55.5,,-5500.0,1567.0,2026-09-12T19:30:00Z,-111.0,-108.0
2026-09-11T18:14:17.767730-04:00,odds_api,401858446,Washington,Utah State,betmgm,-27.5,,55.5,,-3000.0,1700.0,2026-09-12T19:30:00Z,-108.0,-108.0
2026-09-11T18:14:17.767730-04:00,odds_api,401858446,Washington,Utah State,betrivers,-27.0,,55.5,,-10000.0,1900.0,2026-09-12T19:30:00Z,-112.0,-112.0
2026-09-11T18:14:17.767730-04:00,odds_api,401858446,Washington,Utah State,betus,-27.0,,55.5,,,,2026-09-12T19:30:00Z,-115.0,-110.0
2026-09-11T18:14:17.767730-04:00,odds_api,401858446,Washington,Utah State,mybookieag,-27.5,,55.5,,-10099.0,1389.0,2026-09-12T19:30:00Z,-110.0,-110.0
2026-09-11T18:14:17.767730-04:00,odds_api,401858446,Washington,Utah State,bovada,-27.0,,55.5,,-5000.0,1300.0,2026-09-12T19:30:00Z,-115.0,-110.0
2026-09-11T18:14:17.767730-04:00,odds_api,50b6e6aec0bd3f2fcb9dc18c113ddd12,North Texas Mean Green,UNLV Rebels,fanduel,3.5,,58.5,,134.0,-162.0,2026-09-12T19:45:00Z,-122.0,-105.0
2026-09-11T18:14:17.767730-04:00,odds_api,50b6e6aec0bd3f2fcb9dc18c113ddd12,North Texas Mean Green,UNLV Rebels,draftkings,3.0,,57.5,,136.0,-162.0,2026-09-12T19:45:00Z,-105.0,-112.0
2026-09-11T18:14:17.767730-04:00,odds_api,50b6e6aec0bd3f2fcb9dc18c113ddd12,North Texas Mean Green,UNLV Rebels,betonlineag,3.0,,57.5,,135.0,-155.0,2026-09-12T19:45:00Z,-108.0,-120.0
2026-09-11T18:14:17.767730-04:00,odds_api,50b6e6aec0bd3f2fcb9dc18c113ddd12,North Texas Mean Green,UNLV Rebels,lowvig,3.0,,57.5,,135.0,-155.0,2026-09-12T19:45:00Z,-104.0,-119.0
2026-09-11T18:14:17.767730-04:00,odds_api,50b6e6aec0bd3f2fcb9dc18c113ddd12,North Texas Mean Green,UNLV Rebels,betmgm,3.0,,58.5,,135.0,-160.0,2026-09-12T19:45:00Z,-105.0,-102.0
2026-09-11T18:14:17.767730-04:00,odds_api,50b6e6aec0bd3f2fcb9dc18c113ddd12,North Texas Mean Green,UNLV Rebels,betrivers,3.0,,57.5,,133.0,-165.0,2026-09-12T19:45:00Z,-107.0,-115.0
2026-09-11T18:14:17.767730-04:00,odds_api,50b6e6aec0bd3f2fcb9dc18c113ddd12,North Texas Mean Green,UNLV Rebels,betus,3.0,,58.0,,134.0,-155.0,2026-09-12T19:45:00Z,-110.0,-110.0
2026-09-11T18:14:17.767730-04:00,odds_api,50b6e6aec0bd3f2fcb9dc18c113ddd12,North Texas Mean Green,UNLV Rebels,mybookieag,3.0,,58.0,,132.0,-163.0,2026-09-12T19:45:00Z,-110.0,-110.0
2026-09-11T18:14:17.767730-04:00,odds_api,50b6e6aec0bd3f2fcb9dc18c113ddd12,North Texas Mean Green,UNLV Rebels,bovada,3.0,,58.0,,135.0,-160.0,2026-09-12T19:45:00Z,-105.0,-110.0
2026-09-11T18:14:17.767730-04:00,odds_api,aaed4df3af7a4c8e62da2bda808e49da,Troy Trojans,Alabama State Hornets,fanduel,-23.5,,51.5,,-2100.0,1000.0,2026-09-12T20:00:00Z,-105.0,-110.0
2026-09-11T18:14:17.767730-04:00,odds_api,aaed4df3af7a4c8e62da2bda808e49da,Troy Trojans,Alabama State Hornets,betrivers,-21.5,,51.5,,-2500.0,950.0,2026-09-12T20:00:00Z,-112.0,-112.0
2026-09-11T18:14:17.767730-04:00,odds_api,aaed4df3af7a4c8e62da2bda808e49da,Troy Trojans,Alabama State Hornets,draftkings,-22.5,,51.5,,-1650.0,950.0,2026-09-12T20:00:00Z,-112.0,-112.0
2026-09-11T18:14:17.767730-04:00,odds_api,aaed4df3af7a4c8e62da2bda808e49da,Troy Trojans,Alabama State Hornets,betonlineag,-22.5,,51.5,,,,2026-09-12T20:00:00Z,-115.0,-115.0
2026-09-11T18:14:17.767730-04:00,odds_api,aaed4df3af7a4c8e62da2bda808e49da,Troy Trojans,Alabama State Hornets,lowvig,-22.5,,51.5,,,,2026-09-12T20:00:00Z,-115.0,-115.0
2026-09-11T18:14:17.767730-04:00,odds_api,d71b8c6e0faec78e166823b1b3fa22b0,New Mexico,Mercyhurst Lakers,fanduel,-41.5,,53.5,,,,2026-09-12T20:00:00Z,-110.0,-114.0
2026-09-11T18:14:17.767730-04:00,odds_api,d71b8c6e0faec78e166823b1b3fa22b0,New Mexico,Mercyhurst Lakers,betrivers,-41.5,,53.5,,,,2026-09-12T20:00:00Z,-113.0,-115.0
2026-09-11T18:14:17.767730-04:00,odds_api,d71b8c6e0faec78e166823b1b3fa22b0,New Mexico,Mercyhurst Lakers,draftkings,-41.5,,53.5,,,,2026-09-12T20:00:00Z,-112.0,-108.0
2026-09-11T18:14:17.767730-04:00,odds_api,d71b8c6e0faec78e166823b1b3fa22b0,New Mexico,Mercyhurst Lakers,betonlineag,-41.5,,52.5,,,,2026-09-12T20:00:00Z,-115.0,-120.0
2026-09-11T18:14:17.767730-04:00,odds_api,d71b8c6e0faec78e166823b1b3fa22b0,New Mexico,Mercyhurst Lakers,lowvig,-41.5,,52.5,,,,2026-09-12T20:00:00Z,-115.0,-120.0
2026-09-11T18:14:17.767730-04:00,odds_api,b5a47219e2e4b7efe0908d3441469559,Wyoming Cowboys,Northern Colorado Bears,fanduel,-23.5,,46.5,,-4000.0,1400.0,2026-09-12T20:00:00Z,-110.0,-112.0
2026-09-11T18:14:17.767730-04:00,odds_api,b5a47219e2e4b7efe0908d3441469559,Wyoming Cowboys,Northern Colorado Bears,betrivers,-22.5,,47.5,,-10000.0,1200.0,2026-09-12T20:00:00Z,-112.0,-110.0
2026-09-11T18:14:17.767730-04:00,odds_api,b5a47219e2e4b7efe0908d3441469559,Wyoming Cowboys,Northern Colorado Bears,draftkings,-23.5,,47.5,,-2400.0,1200.0,2026-09-12T20:00:00Z,-108.0,-105.0
2026-09-11T18:14:17.767730-04:00,odds_api,b5a47219e2e4b7efe0908d3441469559,Wyoming Cowboys,Northern Colorado Bears,betonlineag,-22.5,,47.5,,,,2026-09-12T20:00:00Z,-115.0,-115.0
2026-09-11T18:14:17.767730-04:00,odds_api,b5a47219e2e4b7efe0908d3441469559,Wyoming Cowboys,Northern Colorado Bears,lowvig,-22.5,,47.5,,,,2026-09-12T20:00:00Z,-115.0,-115.0
2026-09-11T18:14:17.767730-04:00,odds_api,e00feee7bbead345df02792e1dc79972,SMU Mustangs,UC Davis Aggies,draftkings,-29.5,,58.5,,-4000.0,1600.0,2026-09-12T20:00:00Z,-110.0,-112.0
2026-09-11T18:14:17.767730-04:00,odds_api,e00feee7bbead345df02792e1dc79972,SMU Mustangs,UC Davis Aggies,fanduel,-28.5,,59.5,,-8000.0,2200.0,2026-09-12T20:00:00Z,-115.0,-105.0
2026-09-11T18:14:17.767730-04:00,odds_api,e00feee7bbead345df02792e1dc79972,SMU Mustangs,UC Davis Aggies,betrivers,-28.5,,58.5,,,,2026-09-12T20:00:00Z,-114.0,-113.0
2026-09-11T18:14:17.767730-04:00,odds_api,e00feee7bbead345df02792e1dc79972,SMU Mustangs,UC Davis Aggies,betonlineag,-28.5,,58.5,,,,2026-09-12T20:00:00Z,-130.0,-115.0
2026-09-11T18:14:17.767730-04:00,odds_api,e00feee7bbead345df02792e1dc79972,SMU Mustangs,UC Davis Aggies,lowvig,-28.5,,58.5,,,,2026-09-12T20:00:00Z,-130.0,-115.0
2026-09-11T18:14:17.767730-04:00,odds_api,04d0c72553f17ebc22509fb1b5926600,Vanderbilt Commodores,Delaware Blue Hens,fanduel,-21.5,,54.5,,-2100.0,1000.0,2026-09-12T20:15:00Z,-105.0,-114.0
2026-09-11T18:14:17.767730-04:00,odds_api,04d0c72553f17ebc22509fb1b5926600,Vanderbilt Commodores,Delaware Blue Hens,draftkings,-21.0,,54.5,,-1350.0,800.0,2026-09-12T20:15:00Z,-108.0,-115.0
2026-09-11T18:14:17.767730-04:00,odds_api,04d0c72553f17ebc22509fb1b5926600,Vanderbilt Commodores,Delaware Blue Hens,betonlineag,-20.5,,55.0,,-1400.0,836.0,2026-09-12T20:15:00Z,-115.0,-105.0
2026-09-11T18:14:17.767730-04:00,odds_api,04d0c72553f17ebc22509fb1b5926600,Vanderbilt Commodores,Delaware Blue Hens,lowvig,-21.0,,55.0,,-1400.0,836.0,2026-09-12T20:15:00Z,-103.0,-103.0
2026-09-11T18:14:17.767730-04:00,odds_api,04d0c72553f17ebc22509fb1b5926600,Vanderbilt Commodores,Delaware Blue Hens,betmgm,-21.0,,54.5,,-1200.0,875.0,2026-09-12T20:15:00Z,-108.0,-125.0
2026-09-11T18:14:17.767730-04:00,odds_api,04d0c72553f17ebc22509fb1b5926600,Vanderbilt Commodores,Delaware Blue Hens,betrivers,-21.0,,54.5,,-2500.0,950.0,2026-09-12T20:15:00Z,-114.0,-112.0
2026-09-11T18:14:17.767730-04:00,odds_api,04d0c72553f17ebc22509fb1b5926600,Vanderbilt Commodores,Delaware Blue Hens,betus,-20.5,,55.0,,-1400.0,825.0,2026-09-12T20:15:00Z,-115.0,-110.0
2026-09-11T18:14:17.767730-04:00,odds_api,04d0c72553f17ebc22509fb1b5926600,Vanderbilt Commodores,Delaware Blue Hens,mybookieag,-21.0,,55.0,,-1493.0,770.0,2026-09-12T20:15:00Z,-110.0,-110.0
2026-09-11T18:14:17.767730-04:00,odds_api,04d0c72553f17ebc22509fb1b5926600,Vanderbilt Commodores,Delaware Blue Hens,bovada,-21.0,,54.5,,-1600.0,800.0,2026-09-12T20:15:00Z,-110.0,-110.0
2026-09-11T18:14:17.767730-04:00,odds_api,7365ef8b298cbbef18e7d367fc33d0da,Florida State,Campbell Fighting Camels,fanduel,-50.5,,66.5,,,,2026-09-12T21:30:00Z,-115.0,-106.0
2026-09-11T18:14:17.767730-04:00,odds_api,7365ef8b298cbbef18e7d367fc33d0da,Florida State,Campbell Fighting Camels,betrivers,-51.5,,66.5,,,,2026-09-12T21:30:00Z,-115.0,-113.0
2026-09-11T18:14:17.767730-04:00,odds_api,7365ef8b298cbbef18e7d367fc33d0da,Florida State,Campbell Fighting Camels,draftkings,-50.5,,65.5,,,,2026-09-12T21:30:00Z,-108.0,-120.0
2026-09-11T18:14:17.767730-04:00,odds_api,7365ef8b298cbbef18e7d367fc33d0da,Florida State,Campbell Fighting Camels,betonlineag,-50.0,,65.5,,,,2026-09-12T21:30:00Z,-110.0,-115.0
2026-09-11T18:14:17.767730-04:00,odds_api,7365ef8b298cbbef18e7d367fc33d0da,Florida State,Campbell Fighting Camels,lowvig,-50.0,,65.5,,,,2026-09-12T21:30:00Z,-110.0,-115.0
2026-09-11T18:14:17.767730-04:00,odds_api,c46b118e570bf1fa1b2724f1fd7e4b24,Boise State,Memphis Tigers,draftkings,-8.5,,56.5,,-325.0,260.0,2026-09-12T22:00:00Z,-105.0,-108.0
2026-09-11T18:14:17.767730-04:00,odds_api,c46b118e570bf1fa1b2724f1fd7e4b24,Boise State,Memphis Tigers,fanduel,-9.5,,55.5,,-360.0,280.0,2026-09-12T22:00:00Z,-110.0,-115.0
2026-09-11T18:14:17.767730-04:00,odds_api,c46b118e570bf1fa1b2724f1fd7e4b24,Boise State,Memphis Tigers,betrivers,-8.0,,56.0,,-345.0,265.0,2026-09-12T22:00:00Z,-114.0,-114.0
2026-09-11T18:14:17.767730-04:00,odds_api,c46b118e570bf1fa1b2724f1fd7e4b24,Boise State,Memphis Tigers,betonlineag,-8.0,,56.5,,-335.0,270.0,2026-09-12T22:00:00Z,-115.0,-108.0
2026-09-11T18:14:17.767730-04:00,odds_api,c46b118e570bf1fa1b2724f1fd7e4b24,Boise State,Memphis Tigers,lowvig,-8.0,,56.5,,-335.0,270.0,2026-09-12T22:00:00Z,-111.0,-106.0
2026-09-11T18:14:17.767730-04:00,odds_api,c46b118e570bf1fa1b2724f1fd7e4b24,Boise State,Memphis Tigers,betmgm,-8.5,,55.5,,-325.0,270.0,2026-09-12T22:00:00Z,-108.0,-120.0
2026-09-11T18:14:17.767730-04:00,odds_api,c46b118e570bf1fa1b2724f1fd7e4b24,Boise State,Memphis Tigers,betus,-8.0,,56.5,,-335.0,272.0,2026-09-12T22:00:00Z,-115.0,-110.0
2026-09-11T18:14:17.767730-04:00,odds_api,c46b118e570bf1fa1b2724f1fd7e4b24,Boise State,Memphis Tigers,mybookieag,-9.0,,56.5,,-340.0,260.0,2026-09-12T22:00:00Z,-110.0,-110.0
2026-09-11T18:14:17.767730-04:00,odds_api,c46b118e570bf1fa1b2724f1fd7e4b24,Boise State,Memphis Tigers,bovada,-8.5,,56.0,,-350.0,275.0,2026-09-12T22:00:00Z,-110.0,-115.0
2026-09-11T18:14:17.767730-04:00,odds_api,401866414,Florida International,Buffalo,fanduel,-10.5,,47.5,,-430.0,330.0,2026-09-12T22:00:00Z,-106.0,-110.0
2026-09-11T18:14:17.767730-04:00,odds_api,401866414,Florida International,Buffalo,lowvig,-10.5,,47.5,,-405.0,320.0,2026-09-12T22:00:00Z,-101.0,-108.0
2026-09-11T18:14:17.767730-04:00,odds_api,401866414,Florida International,Buffalo,betonlineag,-10.5,,47.5,,-405.0,320.0,2026-09-12T22:00:00Z,-105.0,-110.0
2026-09-11T18:14:17.767730-04:00,odds_api,401866414,Florida International,Buffalo,draftkings,-10.0,,47.5,,-410.0,320.0,2026-09-12T22:00:00Z,-112.0,-105.0
2026-09-11T18:14:17.767730-04:00,odds_api,401866414,Florida International,Buffalo,betmgm,-10.5,,47.5,,-425.0,333.0,2026-09-12T22:00:00Z,-105.0,-108.0
2026-09-11T18:14:17.767730-04:00,odds_api,401866414,Florida International,Buffalo,betrivers,-10.0,,47.5,,-480.0,320.0,2026-09-12T22:00:00Z,-110.0,-110.0
2026-09-11T18:14:17.767730-04:00,odds_api,401866414,Florida International,Buffalo,betus,-10.5,,47.0,,-405.0,325.0,2026-09-12T22:00:00Z,-110.0,-110.0
2026-09-11T18:14:17.767730-04:00,odds_api,401866414,Florida International,Buffalo,mybookieag,-10.0,,47.5,,-410.0,310.0,2026-09-12T22:00:00Z,-110.0,-110.0
2026-09-11T18:14:17.767730-04:00,odds_api,401866414,Florida International,Buffalo,bovada,-10.0,,47.5,,-410.0,305.0,2026-09-12T22:00:00Z,-110.0,-110.0
2026-09-11T18:14:17.767730-04:00,odds_api,3cff947fac86cab5c41d4f7c0e9393ce,Ohio Bobcats,Jacksonville State,fanduel,-2.5,,50.5,,-134.0,112.0,2026-09-12T22:00:00Z,-110.0,-110.0
2026-09-11T18:14:17.767730-04:00,odds_api,3cff947fac86cab5c41d4f7c0e9393ce,Ohio Bobcats,Jacksonville State,draftkings,-2.5,,49.5,,-130.0,110.0,2026-09-12T22:00:00Z,-112.0,-115.0
2026-09-11T18:14:17.767730-04:00,odds_api,3cff947fac86cab5c41d4f7c0e9393ce,Ohio Bobcats,Jacksonville State,lowvig,-2.5,,49.5,,-133.0,113.0,2026-09-12T22:00:00Z,-106.0,-108.0
2026-09-11T18:14:17.767730-04:00,odds_api,3cff947fac86cab5c41d4f7c0e9393ce,Ohio Bobcats,Jacksonville State,betonlineag,-2.5,,49.5,,-133.0,113.0,2026-09-12T22:00:00Z,-107.0,-110.0
2026-09-11T18:14:17.767730-04:00,odds_api,3cff947fac86cab5c41d4f7c0e9393ce,Ohio Bobcats,Jacksonville State,betrivers,-2.0,,50.5,,-130.0,105.0,2026-09-12T22:00:00Z,-112.0,-109.0
2026-09-11T18:14:17.767730-04:00,odds_api,3cff947fac86cab5c41d4f7c0e9393ce,Ohio Bobcats,Jacksonville State,betmgm,-2.5,,50.5,,-130.0,110.0,2026-09-12T22:00:00Z,-110.0,-108.0
2026-09-11T18:14:17.767730-04:00,odds_api,3cff947fac86cab5c41d4f7c0e9393ce,Ohio Bobcats,Jacksonville State,betus,-2.5,,49.5,,-135.0,115.0,2026-09-12T22:00:00Z,-110.0,-110.0
2026-09-11T18:14:17.767730-04:00,odds_api,3cff947fac86cab5c41d4f7c0e9393ce,Ohio Bobcats,Jacksonville State,mybookieag,-2.5,,50.0,,-136.0,111.0,2026-09-12T22:00:00Z,-110.0,-110.0
2026-09-11T18:14:17.767730-04:00,odds_api,3cff947fac86cab5c41d4f7c0e9393ce,Ohio Bobcats,Jacksonville State,bovada,-2.5,,50.0,,-135.0,115.0,2026-09-12T22:00:00Z,-115.0,-110.0
2026-09-12T09:19:17.090449-04:00,cfbd,401856782,Oklahoma State,Oregon,DraftKings,23.5,18.5,54.5,60.5,1100.0,-2100.0,,,
2026-09-12T09:19:17.090449-04:00,cfbd,401856782,Oklahoma State,Oregon,Bovada,23.5,22.5,54.5,57.5,1000.0,-2200.0,,,
2026-09-12T09:19:17.090449-04:00,cfbd,401856670,Utah,Arkansas,DraftKings,-12.5,-9.5,55.5,54.5,-520.0,390.0,,,
2026-09-12T09:19:17.090449-04:00,cfbd,401856670,Utah,Arkansas,Bovada,-12.5,-13.0,55.5,57.0,-525.0,375.0,,,
2026-09-12T09:19:17.090449-04:00,cfbd,401856683,Texas A&M,Arizona State,DraftKings,-14.5,-14.5,50.5,51.5,-675.0,490.0,,,
2026-09-12T09:19:17.090449-04:00,cfbd,401856683,Texas A&M,Arizona State,Bovada,-14.5,-14.0,50.5,51.5,-650.0,450.0,,,
2026-09-12T09:19:17.090449-04:00,cfbd,401856679,Michigan,Oklahoma,DraftKings,5.5,-1.5,43.5,46.5,170.0,-205.0,,,
2026-09-12T09:19:17.090449-04:00,cfbd,401856679,Michigan,Oklahoma,Bovada,4.5,-1.5,43.5,45.5,175.0,-210.0,,,
2026-09-12T09:19:17.090449-04:00,cfbd,401856788,Iowa,Iowa State,DraftKings,-14.0,-11.5,41.5,41.5,-575.0,425.0,,,
2026-09-12T09:19:17.090449-04:00,cfbd,401856788,Iowa,Iowa State,Bovada,-14.0,-14.0,41.5,41.0,-650.0,450.0,,,
2026-09-12T09:19:17.090449-04:00,cfbd,401856682,Texas,Ohio State,DraftKings,-1.5,-1.5,49.5,,-122.0,102.0,,,
2026-09-12T09:19:17.090449-04:00,cfbd,401856682,Texas,Ohio State,Bovada,-1.5,-2.5,50.0,47.5,-110.0,-110.0,,,
2026-09-12T09:19:17.090449-04:00,cfbd,401856674,Kentucky,Alabama,DraftKings,10.0,10.5,48.5,,320.0,-410.0,,,
2026-09-12T09:19:17.090449-04:00,cfbd,401856674,Kentucky,Alabama,Bovada,10.0,10.5,48.0,49.0,320.0,-430.0,,,
2026-09-12T09:19:17.090449-04:00,cfbd,401856681,Georgia Tech,Tennessee,DraftKings,11.5,8.5,55.5,,360.0,-470.0,,,
2026-09-12T09:19:17.090449-04:00,cfbd,401856681,Georgia Tech,Tennessee,Bovada,12.0,13.5,55.5,55.0,390.0,-550.0,,,
2026-09-12T09:19:17.090449-04:00,cfbd,401858443,UCLA,San Diego State,DraftKings,-12.5,-8.5,54.5,,-485.0,370.0,,,
2026-09-12T09:19:17.090449-04:00,cfbd,401858443,UCLA,San Diego State,Bovada,-13.0,-11.5,54.0,53.0,-490.0,355.0,,,
2026-09-12T09:19:17.090449-04:00,cfbd,401858221,Virginia Tech,Old Dominion,DraftKings,-19.5,-14.0,47.5,,-1200.0,750.0,,,
2026-09-12T09:19:17.090449-04:00,cfbd,401858221,Virginia Tech,Old Dominion,Bovada,-19.5,-18.5,48.0,51.0,-1200.0,700.0,,,
2026-09-12T09:19:17.090449-04:00,cfbd,401860881,Boise State,Memphis,DraftKings,-8.5,-6.5,55.5,,-325.0,260.0,,,
2026-09-12T09:19:17.090449-04:00,cfbd,401860881,Boise State,Memphis,Bovada,-8.5,-7.5,56.0,55.5,-330.0,265.0,,,
2026-09-12T09:19:17.090449-04:00,cfbd,401856810,BYU,Arizona,DraftKings,-7.5,-6.5,48.5,,-290.0,235.0,,,
2026-09-12T09:19:17.090449-04:00,cfbd,401856810,BYU,Arizona,Bovada,-7.5,-7.5,49.5,50.5,-310.0,255.0,,,
2026-09-12T09:19:17.090449-04:00,cfbd,401858217,Illinois,Duke,DraftKings,-6.0,-8.5,51.5,,-238.0,195.0,,,
2026-09-12T09:19:17.090449-04:00,cfbd,401858217,Illinois,Duke,Bovada,-6.0,-6.0,51.5,53.5,-235.0,195.0,,,
2026-09-12T09:19:17.090449-04:00,cfbd,401860884,Texas State,UTSA,DraftKings,-1.5,-1.5,66.5,,-122.0,102.0,,,
2026-09-12T09:19:17.090449-04:00,cfbd,401860884,Texas State,UTSA,Bovada,-2.5,1.0,66.0,64.5,-110.0,-110.0,,,
2026-09-12T09:19:17.090449-04:00,cfbd,401858216,Syracuse,California,DraftKings,-3.5,1.5,56.5,52.5,-192.0,160.0,,,
2026-09-12T09:19:17.090449-04:00,cfbd,401858216,Syracuse,California,Bovada,-3.5,-3.0,56.5,56.0,-165.0,140.0,,,
2026-09-12T09:19:17.090449-04:00,cfbd,401856790,Pittsburgh,UCF,DraftKings,-7.0,-8.5,55.5,51.5,-285.0,230.0,,,
2026-09-12T09:19:17.090449-04:00,cfbd,401856790,Pittsburgh,UCF,Bovada,-7.0,-7.5,56.0,57.0,-300.0,250.0,,,
2026-09-12T09:19:17.090449-04:00,cfbd,401862702,Army,South Florida,DraftKings,-3.5,-1.5,45.5,52.5,-166.0,140.0,,,
2026-09-12T09:19:17.090449-04:00,cfbd,401862702,Army,South Florida,Bovada,-3.5,-3.5,45.5,49.5,-175.0,150.0,,,
2026-09-12T09:19:17.090449-04:00,cfbd,401858446,Washington,Utah State,DraftKings,-27.5,-24.5,55.5,56.5,-4000.0,1600.0,,,
2026-09-12T09:19:17.090449-04:00,cfbd,401858446,Washington,Utah State,Bovada,-28.0,-26.5,55.5,55.5,-5000.0,1300.0,,,
2026-09-12T09:19:17.090449-04:00,cfbd,401858442,Temple,Penn State,DraftKings,24.5,21.5,51.5,51.5,1300.0,-2800.0,,,
2026-09-12T09:19:17.090449-04:00,cfbd,401858442,Temple,Penn State,Bovada,24.0,23.5,51.0,49.5,1100.0,-3300.0,,,
2026-09-12T09:19:17.090449-04:00,cfbd,401871045,Marshall,Middle Tennessee,DraftKings,-12.5,-17.5,56.5,57.5,-520.0,390.0,,,
2026-09-12T09:19:17.090449-04:00,cfbd,401871045,Marshall,Middle Tennessee,Bovada,-13.0,-14.0,57.0,57.5,-750.0,500.0,,,
2026-09-12T09:19:17.090449-04:00,cfbd,401858444,UConn,Maryland,DraftKings,11.5,12.5,52.5,53.5,350.0,-455.0,,,
2026-09-12T09:19:17.090449-04:00,cfbd,401858444,UConn,Maryland,Bovada,11.5,12.5,52.0,53.5,360.0,-500.0,,,
2026-09-12T09:19:17.090449-04:00,cfbd,401864578,Hawai'i,New Mexico State,DraftKings,-7.0,-11.5,50.5,51.5,-325.0,260.0,,,
2026-09-12T09:19:17.090449-04:00,cfbd,401864578,Hawai'i,New Mexico State,Bovada,-7.5,-10.0,50.0,50.5,-410.0,305.0,,,
2026-09-12T09:19:17.090449-04:00,cfbd,401858440,Michigan State,Eastern Michigan,DraftKings,-17.5,-15.5,49.5,51.5,-900.0,600.0,,,
2026-09-12T09:19:17.090449-04:00,cfbd,401858440,Michigan State,Eastern Michigan,Bovada,-17.5,-17.0,50.0,51.0,-1000.0,625.0,,,
2026-09-12T09:19:17.090449-04:00,cfbd,401856781,Kansas State,Washington State,DraftKings,-17.5,-16.5,49.5,51.5,-1000.0,650.0,,,
2026-09-12T09:19:17.090449-04:00,cfbd,401856781,Kansas State,Washington State,Bovada,-17.5,-18.5,49.0,49.0,-1100.0,650.0,,,
2026-09-12T09:19:17.090449-04:00,cfbd,401858445,USC,Louisiana,DraftKings,-31.5,-28.5,59.5,63.5,-9000.0,2500.0,,,
2026-09-12T09:19:17.090449-04:00,cfbd,401858445,USC,Louisiana,Bovada,-31.0,-31.0,59.5,60.0,-10000.0,1600.0,,,
2026-09-12T09:19:17.090449-04:00,cfbd,401856783,Oregon State,Texas Tech,DraftKings,25.5,27.5,53.5,49.5,1500.0,-3600.0,,,
2026-09-12T09:19:17.090449-04:00,cfbd,401856783,Oregon State,Texas Tech,Bovada,25.5,26.5,53.5,51.5,1300.0,-5000.0,,,
2026-09-12T09:19:17.090449-04:00,cfbd,401866418,Ohio,Jacksonville State,DraftKings,-2.5,-2.5,50.5,48.5,-130.0,110.0,,,
2026-09-12T09:19:17.090449-04:00,cfbd,401866418,Ohio,Jacksonville State,Bovada,-2.5,-2.0,50.0,51.5,-125.0,105.0,,,
2026-09-12T09:19:17.090449-04:00,cfbd,401859184,Notre Dame,Rice,DraftKings,-44.5,-44.5,55.5,52.5,,,,,
2026-09-12T09:19:17.090449-04:00,cfbd,401859184,Notre Dame,Rice,Bovada,-44.5,-44.5,55.0,54.5,,,,,
2026-09-12T09:19:17.090449-04:00,cfbd,401862705,North Texas,UNLV,DraftKings,3.0,6.5,58.5,61.5,136.0,-162.0,,,
2026-09-12T09:19:17.090449-04:00,cfbd,401862705,North Texas,UNLV,Bovada,3.0,4.5,58.0,57.0,160.0,-185.0,,,
2026-09-12T09:19:17.090449-04:00,cfbd,401864575,Tulane,South Alabama,DraftKings,-9.5,-10.0,49.5,55.5,-375.0,295.0,,,
2026-09-12T09:19:17.090449-04:00,cfbd,401864575,Tulane,South Alabama,Bovada,-9.5,-10.0,49.5,50.5,-420.0,315.0,,,
2026-09-12T09:19:17.090449-04:00,cfbd,401864571,East Carolina,App State,DraftKings,-6.5,-11.5,56.5,56.5,-265.0,215.0,,,
2026-09-12T09:19:17.090449-04:00,cfbd,401864571,East Carolina,App State,Bovada,-6.5,-8.0,56.5,56.5,-350.0,275.0,,,
2026-09-12T09:19:17.090449-04:00,cfbd,401856673,Georgia,Western Kentucky,DraftKings,-39.5,-35.5,55.5,52.5,,,,,
2026-09-12T09:19:17.090449-04:00,cfbd,401856673,Georgia,Western Kentucky,Bovada,-40.0,-39.5,55.0,54.0,,,,,
2026-09-12T09:19:17.090449-04:00,cfbd,401858441,Nebraska,Bowling Green,DraftKings,-30.5,-25.5,49.5,48.5,-6500.0,2000.0,,,
2026-09-12T09:19:17.090449-04:00,cfbd,401858441,Nebraska,Bowling Green,Bovada,-30.0,-29.0,50.0,52.0,-10000.0,1600.0,,,
2026-09-12T09:19:17.090449-04:00,cfbd,401858219,Clemson,Georgia Southern,DraftKings,-19.5,-26.5,55.5,57.5,-1200.0,750.0,,,
2026-09-12T09:19:17.090449-04:00,cfbd,401858219,Clemson,Georgia Southern,Bovada,-19.5,-21.0,55.0,55.5,-1800.0,850.0,,,
2026-09-12T09:19:17.090449-04:00,cfbd,401862708,UAB,UL Monroe,DraftKings,-9.5,-7.5,54.5,54.5,-360.0,285.0,,,
2026-09-12T09:19:17.090449-04:00,cfbd,401862708,UAB,UL Monroe,Bovada,-9.5,-10.5,54.0,56.0,-435.0,325.0,,,
2026-09-12T09:19:17.090449-04:00,cfbd,401856677,Minnesota,Mississippi State,DraftKings,1.5,-2.5,54.5,,-105.0,-115.0,,,
2026-09-12T09:19:17.090449-04:00,cfbd,401856677,Minnesota,Mississippi State,Bovada,1.0,1.0,55.0,55.5,-115.0,-105.0,,,
2026-09-12T09:19:17.090449-04:00,cfbd,401862707,Sam Houston,Tulsa,DraftKings,12.5,10.5,51.5,53.5,390.0,-520.0,,,
2026-09-12T09:19:17.090449-04:00,cfbd,401862707,Sam Houston,Tulsa,Bovada,12.5,13.5,51.5,52.0,425.0,-600.0,,,
2026-09-12T09:19:17.090449-04:00,cfbd,401858224,Purdue,Wake Forest,DraftKings,3.0,3.5,50.5,49.5,130.0,-155.0,,,
2026-09-12T09:19:17.090449-04:00,cfbd,401858224,Purdue,Wake Forest,Bovada,3.0,4.5,50.0,50.0,160.0,-185.0,,,
2026-09-12T09:19:17.090449-04:00,cfbd,401866414,Florida International,Buffalo,DraftKings,-10.0,-10.5,47.5,51.5,-410.0,320.0,,,
2026-09-12T09:19:17.090449-04:00,cfbd,401866414,Florida International,Buffalo,Bovada,-10.0,-10.0,47.5,48.5,-415.0,310.0,,,
2026-09-12T09:19:17.090449-04:00,cfbd,401856676,Ole Miss,Charlotte,DraftKings,-44.5,-46.5,59.5,61.5,,,,,
2026-09-12T09:19:17.090449-04:00,cfbd,401856676,Ole Miss,Charlotte,Bovada,-45.5,-47.5,59.5,61.5,,,,,
2026-09-12T09:19:17.090449-04:00,cfbd,401860883,Fresno State,Sacramento State,DraftKings,-17.5,-18.5,44.5,48.5,-950.0,625.0,,,
2026-09-12T09:19:17.090449-04:00,cfbd,401860883,Fresno State,Sacramento State,Bovada,-17.5,-18.0,45.0,46.0,-1100.0,650.0,,,
2026-09-12T09:19:17.090449-04:00,cfbd,401864502,Air Force,North Dakota State,DraftKings,1.5,6.5,47.5,49.5,105.0,-125.0,,,
2026-09-12T09:19:17.090449-04:00,cfbd,401864502,Air Force,North Dakota State,Bovada,2.0,3.5,47.0,47.5,140.0,-165.0,,,
2026-09-12T09:19:17.090449-04:00,cfbd,401867796,LSU,Louisiana Tech,DraftKings,-35.5,-31.5,55.5,55.5,-20000.0,3500.0,,,
2026-09-12T09:19:17.090449-04:00,cfbd,401867796,LSU,Louisiana Tech,Bovada,-35.0,-33.5,56.0,55.5,,,,,
2026-09-12T09:19:17.090449-04:00,cfbd,401856684,Vanderbilt,Delaware,DraftKings,-21.0,-21.5,54.5,55.5,-1350.0,800.0,,,
2026-09-12T09:19:17.090449-04:00,cfbd,401856684,Vanderbilt,Delaware,Bovada,-21.0,-21.0,54.5,53.5,-1800.0,850.0,,,
2026-09-12T09:19:17.090449-04:00,cfbd,401869955,Kennesaw State,Georgia State,DraftKings,-8.5,-9.5,54.5,50.5,-340.0,270.0,,,
2026-09-12T09:19:17.090449-04:00,cfbd,401869955,Kennesaw State,Georgia State,Bovada,-8.0,-9.0,54.5,51.0,-360.0,280.0,,,
2026-09-12T09:19:17.090449-04:00,cfbd,401856671,Auburn,Southern Miss,DraftKings,-32.5,-29.5,56.5,52.5,-8000.0,2200.0,,,
2026-09-12T09:19:17.090449-04:00,cfbd,401856671,Auburn,Southern Miss,Bovada,-33.0,-30.0,57.0,53.0,,,,,
2026-09-12T09:19:17.090449-04:00,cfbd,401862703,Florida Atlantic,Navy,DraftKings,4.5,6.5,58.5,57.5,164.0,-198.0,,,
2026-09-12T09:19:17.090449-04:00,cfbd,401862703,Florida Atlantic,Navy,Bovada,4.0,5.5,59.0,59.0,185.0,-225.0,,,
2026-09-12T09:19:17.090449-04:00,cfbd,401868102,Idaho State,San Diego,DraftKings,-25.5,-25.5,58.5,58.5,-2700.0,1020.0,,,
2026-09-12T09:19:17.090449-04:00,cfbd,401856791,West Virginia,UT Martin,Bovada,-41.5,-42.0,56.0,55.5,,,,,
2026-09-12T09:19:17.090449-04:00,cfbd,401856791,West Virginia,UT Martin,DraftKings,-41.5,-40.5,55.5,55.5,,,,,
2026-09-12T09:19:17.090449-04:00,cfbd,401866416,Kent State,Wofford,DraftKings,-10.5,-11.5,47.5,47.5,-470.0,360.0,,,
2026-09-12T09:19:17.090449-04:00,cfbd,401866416,Kent State,Wofford,Bovada,-11.0,-11.0,47.0,47.0,,,,,
2026-09-12T09:19:17.090449-04:00,cfbd,401866633,North Carolina Central,North Carolina A&T,DraftKings,-24.5,-24.5,55.5,55.5,-3900.0,1180.0,,,
2026-09-12T09:19:17.090449-04:00,cfbd,401866630,Maine,Merrimack,DraftKings,-10.0,-10.0,47.5,47.5,-431.0,314.0,,,
2026-09-12T09:19:17.090449-04:00,cfbd,401864506,Wyoming,Northern Colorado,DraftKings,-22.5,-22.5,47.5,47.5,-1650.0,950.0,,,
2026-09-12T09:19:17.090449-04:00,cfbd,401864506,Wyoming,Northern Colorado,Bovada,-22.0,-22.5,47.5,47.5,-2000.0,950.0,,,
2026-09-12T09:19:17.090449-04:00,cfbd,401866629,Hampton,Bryant,DraftKings,3.5,3.5,48.5,48.5,132.0,-165.0,,,
2026-09-12T09:19:17.090449-04:00,cfbd,401866631,New Hampshire,Stonehill,DraftKings,-13.5,-13.5,43.5,43.5,-589.0,405.0,,,
2026-09-12T09:19:17.090449-04:00,cfbd,401866415,Central Michigan,Colgate,DraftKings,-21.5,-23.5,49.5,49.5,-1600.0,900.0,,,
2026-09-12T09:19:17.090449-04:00,cfbd,401866415,Central Michigan,Colgate,Bovada,-21.0,-22.0,49.0,49.5,-1800.0,850.0,,,
2026-09-12T09:19:17.090449-04:00,cfbd,401868374,Mercer,Furman,DraftKings,-15.5,-15.5,54.5,54.5,-740.0,480.0,,,
2026-09-12T09:19:17.090449-04:00,cfbd,401868093,Idaho,Lamar,DraftKings,-2.5,-1.5,49.5,49.5,-145.0,116.0,,,
2026-09-12T09:19:17.090449-04:00,cfbd,401856787,Houston,Southern,DraftKings,-51.5,-51.5,60.5,60.5,,,,,
2026-09-12T09:19:17.090449-04:00,cfbd,401856787,Houston,Southern,Bovada,-51.5,-51.5,60.5,60.5,,,,,
2026-09-12T09:19:17.090449-04:00,cfbd,401856786,Cincinnati,Western Carolina,DraftKings,-36.5,-36.5,60.5,60.5,,,,,
2026-09-12T09:19:17.090449-04:00,cfbd,401856786,Cincinnati,Western Carolina,Bovada,-36.5,-36.5,60.5,60.5,,,,,
2026-09-12T09:19:17.090449-04:00,cfbd,401856785,Colorado,Weber State,DraftKings,-34.5,-33.5,55.5,53.5,-6500.0,2000.0,,,
2026-09-12T09:19:17.090449-04:00,cfbd,401856785,Colorado,Weber State,Bovada,-34.5,-34.5,55.5,55.5,,,,,
2026-09-12T09:19:17.090449-04:00,cfbd,401866417,Miami (OH),Holy Cross,DraftKings,-30.5,-30.5,50.5,49.5,-5000.0,1800.0,,,
2026-09-12T09:19:17.090449-04:00,cfbd,401866417,Miami (OH),Holy Cross,Bovada,-30.5,-30.5,50.0,50.0,,,,,
2026-09-12T09:19:17.090449-04:00,cfbd,401868061,Austin Peay,Morehead State,DraftKings,-35.5,-34.5,63.5,62.5,,,,,
2026-09-12T09:19:17.090449-04:00,cfbd,401868123,Northern Arizona,Incarnate Word,DraftKings,-4.5,-4.5,54.5,54.5,-186.0,148.0,,,
2026-09-12T09:19:17.090449-04:00,cfbd,401858218,North Carolina,East Tennessee State,DraftKings,-35.5,-34.5,54.5,54.5,-100000.0,5000.0,,,
2026-09-12T09:19:17.090449-04:00,cfbd,401858218,North Carolina,East Tennessee State,Bovada,-35.5,-35.5,55.0,54.0,,,,,
2026-09-12T09:19:17.090449-04:00,cfbd,401868326,Troy,Alabama State,DraftKings,,,51.5,51.5,-1800.0,1000.0,,,
2026-09-12T09:19:17.090449-04:00,cfbd,401868326,Troy,Alabama State,Bovada,-23.0,-22.5,51.5,51.5,-2000.0,950.0,,,
2026-09-12T09:19:17.090449-04:00,cfbd,401866420,Massachusetts,Sacred Heart,DraftKings,-23.5,-23.5,53.5,53.5,-2400.0,1200.0,,,
2026-09-12T09:19:17.090449-04:00,cfbd,401866420,Massachusetts,Sacred Heart,Bovada,-23.5,-23.5,53.5,53.5,-2500.0,1000.0,,,
2026-09-12T09:19:17.090449-04:00,cfbd,401868195,Alabama A&M,Tennessee State,DraftKings,1.5,1.5,49.5,49.5,-101.0,-123.0,,,
2026-09-12T09:19:17.090449-04:00,cfbd,401869130,East Texas A&M,Northwestern State,DraftKings,-20.5,-20.5,51.5,51.5,-1480.0,760.0,,,
2026-09-12T09:19:17.090449-04:00,cfbd,401868150,SE Louisiana,North Alabama,DraftKings,-6.5,-6.5,49.5,49.5,-212.0,167.0,,,
2026-09-12T09:19:17.090449-04:00,cfbd,401856789,TCU,Grambling,DraftKings,-43.5,-43.5,55.5,53.5,,,,,
2026-09-12T09:19:17.090449-04:00,cfbd,401856789,TCU,Grambling,Bovada,-44.0,-44.0,55.5,54.5,,,,,
2026-09-12T09:19:17.090449-04:00,cfbd,401858223,SMU,UC Davis,DraftKings,-30.5,-24.5,58.5,58.5,-4000.0,1600.0,,,
2026-09-12T09:19:17.090449-04:00,cfbd,401858223,SMU,UC Davis,Bovada,-29.5,-29.5,58.5,58.5,,,,,
2026-09-12T09:19:17.090449-04:00,cfbd,401866413,Ball State,Stony Brook,DraftKings,-14.0,-14.5,55.5,57.5,-600.0,440.0,,,
2026-09-12T09:19:17.090449-04:00,cfbd,401866413,Ball State,Stony Brook,Bovada,-14.0,-14.0,54.5,54.5,-625.0,430.0,,,
2026-09-12T09:19:17.090449-04:00,cfbd,401868236,McNeese,Tarleton State,DraftKings,20.5,20.5,56.5,56.5,780.0,-1560.0,,,
2026-09-12T09:19:17.090449-04:00,cfbd,401868246,Nicholls,UT Rio Grande Valley,DraftKings,5.5,5.5,50.5,50.5,177.0,-225.0,,,
2026-09-12T09:19:17.090449-04:00,cfbd,401856784,Baylor,Prairie View A&M,DraftKings,-37.5,-37.5,55.5,56.5,,,,,
2026-09-12T09:19:17.090449-04:00,cfbd,401856784,Baylor,Prairie View A&M,Bovada,-37.5,-37.5,55.5,55.5,,,,,
2026-09-12T09:19:17.090449-04:00,cfbd,401866632,Long Island University,UAlbany,DraftKings,4.0,5.5,44.5,44.5,166.0,-210.0,,,
2026-09-12T09:19:17.090449-04:00,cfbd,401868241,Arkansas State,West Georgia,DraftKings,-31.5,-31.5,56.5,56.5,-10000.0,3000.0,,,
2026-09-12T09:19:17.090449-04:00,cfbd,401868241,Arkansas State,West Georgia,Bovada,-31.5,-31.5,56.5,56.5,,,,,
2026-09-12T09:19:17.090449-04:00,cfbd,401867876,Portland State,North Dakota,DraftKings,25.5,25.5,60.5,58.5,1320.0,-5600.0,,,
2026-09-12T09:19:17.090449-04:00,cfbd,401868355,Alcorn State,Arkansas-Pine Bluff,DraftKings,-8.5,-8.5,49.5,49.5,-346.0,261.0,,,
2026-09-12T09:19:17.090449-04:00,cfbd,401860882,Colorado State,Southern Utah,DraftKings,-20.5,-20.5,56.5,56.5,-1450.0,850.0,,,
2026-09-12T09:19:17.090449-04:00,cfbd,401860882,Colorado State,Southern Utah,Bovada,-20.0,-20.0,56.0,56.5,-1400.0,750.0,,,
2026-09-12T09:19:17.090449-04:00,cfbd,401864504,San José State,Cal Poly,DraftKings,-20.5,-20.5,56.5,56.5,-1650.0,950.0,,,
2026-09-12T09:19:17.090449-04:00,cfbd,401864504,San José State,Cal Poly,Bovada,-20.5,-20.5,56.5,56.5,-1500.0,775.0,,,
2026-09-12T09:19:17.090449-04:00,cfbd,401858439,Indiana,Howard,DraftKings,-57.5,-56.5,66.5,64.5,,,,,
2026-09-12T09:19:17.090449-04:00,cfbd,401858439,Indiana,Howard,Bovada,-56.5,-57.5,66.5,66.0,,,,,
2026-09-12T09:19:17.090449-04:00,cfbd,401867929,James Madison,Wagner,Bovada,-46.5,-45.5,56.5,55.0,,,,,
2026-09-12T09:19:17.090449-04:00,cfbd,401867929,James Madison,Wagner,DraftKings,-46.5,-45.5,56.5,54.5,,,,,
2026-09-12T09:19:17.090449-04:00,cfbd,401868187,Liberty,Gardner-Webb,Bovada,-27.5,-27.5,55.0,55.0,,,,,
2026-09-12T09:19:17.090449-04:00,cfbd,401868187,Liberty,Gardner-Webb,DraftKings,-27.5,-25.5,55.5,55.5,-3600.0,1500.0,,,
2026-09-12T09:19:17.090449-04:00,cfbd,401868112,Montana,Utah Tech,Bovada,-38.5,-38.5,56.5,56.5,,,,,
2026-09-12T09:19:17.090449-04:00,cfbd,401868112,Montana,Utah Tech,DraftKings,-38.5,-38.5,56.5,56.5,,,,,
2026-09-12T09:19:17.090449-04:00,cfbd,401864500,Nevada,Montana State,DraftKings,3.5,4.5,49.5,49.5,140.0,-166.0,,,
2026-09-12T09:19:17.090449-04:00,cfbd,401864500,Nevada,Montana State,Bovada,3.5,3.5,50.0,49.5,155.0,-180.0,,,
2026-09-12T09:19:17.090449-04:00,cfbd,401864503,Northern Illinois,Illinois State,DraftKings,4.5,4.5,48.5,48.5,164.0,-198.0,,,
2026-09-12T09:19:17.090449-04:00,cfbd,401864503,Northern Illinois,Illinois State,Bovada,5.0,5.0,48.0,48.0,175.0,-210.0,,,
2026-09-12T09:19:17.090449-04:00,cfbd,401866419,Toledo,Central Connecticut,Bovada,-36.0,-36.0,54.5,54.5,,,,,
2026-09-12T09:19:17.090449-04:00,cfbd,401866419,Toledo,Central Connecticut,DraftKings,-35.5,-33.5,54.5,55.5,-20000.0,3500.0,,,
2026-09-12T09:19:17.090449-04:00,cfbd,401868008,Coastal Carolina,Fordham,DraftKings,-34.5,-31.5,53.5,52.5,-100000.0,5000.0,,,
2026-09-12T09:19:17.090449-04:00,cfbd,401868008,Coastal Carolina,Fordham,Bovada,-34.5,-34.5,53.0,53.0,,,,,
2026-09-12T09:19:17.090449-04:00,cfbd,401868171,The Citadel,Charleston Southern,DraftKings,-1.5,1.5,45.5,45.5,-136.0,109.0,,,
2026-09-12T09:19:17.090449-04:00,cfbd,401866412,Akron,Robert Morris,DraftKings,-27.5,-27.5,44.5,41.5,-3600.0,1500.0,,,
2026-09-12T09:19:17.090449-04:00,cfbd,401866412,Akron,Robert Morris,Bovada,-27.5,-27.5,44.5,44.0,-6500.0,1300.0,,,
2026-09-12T09:19:17.090449-04:00,cfbd,401867856,Eastern Illinois,Indiana State,DraftKings,1.5,1.5,49.5,49.5,-103.0,-121.0,,,
2026-09-12T09:19:17.090449-04:00,cfbd,401868033,Lehigh,William & Mary,DraftKings,-12.5,-11.5,47.5,47.5,-449.0,325.0,,,
2026-09-12T09:19:17.090449-04:00,cfbd,401872616,South Dakota State,New Haven,DraftKings,-43.5,-44.5,56.5,55.5,,,,,
2026-09-12T09:19:17.090449-04:00,cfbd,401867867,Murray State,Valparaiso,DraftKings,-14.0,-10.5,51.5,51.5,-690.0,456.0,,,
2026-09-12T09:19:17.090449-04:00,cfbd,401868028,Lafayette,Marist,DraftKings,-12.5,-12.5,47.5,47.5,-485.0,347.0,,,
2026-09-12T09:19:17.090449-04:00,cfbd,401867884,South Dakota,Eastern Washington,DraftKings,-16.5,-16.5,58.5,58.5,-780.0,498.0,,,
2026-09-12T09:19:17.090449-04:00,cfbd,401867895,Youngstown State,Duquesne,DraftKings,-22.5,-22.5,53.5,53.5,-2300.0,950.0,,,
2026-09-12T09:19:17.090449-04:00,cfbd,401868285,Bethune-Cookman,Stetson,DraftKings,-14.5,-14.5,56.5,56.5,-760.0,488.0,,,
2026-09-12T09:19:17.090449-04:00,cfbd,401868386,Tennessee Tech,Samford,DraftKings,-26.5,-26.5,48.5,48.5,-4900.0,1260.0,,,
2026-09-12T09:19:17.090449-04:00,cfbd,401867890,Southern Illinois,Southeast Missouri State,DraftKings,-7.5,-7.5,53.5,53.5,-355.0,266.0,,,
2026-09-12T09:19:17.090449-04:00,cfbd,401856680,South Carolina,Towson,Bovada,-43.5,-43.5,56.0,56.0,,,,,
2026-09-12T09:19:17.090449-04:00,cfbd,401856680,South Carolina,Towson,DraftKings,-44.5,-43.5,56.5,54.5,,,,,
2026-09-12T09:19:17.090449-04:00,cfbd,401868255,Northern Iowa,Drake,DraftKings,-11.5,-10.5,55.5,54.5,-510.0,361.0,,,
2026-09-12T09:19:17.090449-04:00,cfbd,401865252,New Mexico,Mercyhurst,DraftKings,-41.5,-40.5,53.5,51.5,,,,,
2026-09-12T09:19:17.090449-04:00,cfbd,401865252,New Mexico,Mercyhurst,Bovada,-41.5,-41.5,53.5,52.5,,,,,
2026-09-12T09:19:17.090449-04:00,cfbd,401864505,UTEP,Texas Southern,DraftKings,-25.5,-25.5,52.5,52.5,-4500.0,1700.0,,,
2026-09-12T09:19:17.090449-04:00,cfbd,401864505,UTEP,Texas Southern,Bovada,-25.5,-25.5,53.0,53.0,-4000.0,1200.0,,,
2026-09-12T09:19:17.090449-04:00,cfbd,401856672,Florida,Campbell,DraftKings,-50.5,-49.5,65.5,65.5,,,,,
2026-09-12T09:19:17.090449-04:00,cfbd,401856672,Florida,Campbell,Bovada,-50.5,-50.5,65.5,66.0,,,,,
2026-09-12T09:19:17.090449-04:00,cfbd,401866628,Rhode Island,Elon,DraftKings,-8.5,-8.5,48.5,48.5,-288.0,221.0,,,
2026-09-12T09:19:17.090449-04:00,cfbd,401866421,Western Michigan,Monmouth,Bovada,-27.5,-27.5,52.5,52.5,,,,,
2026-09-12T09:19:17.090449-04:00,cfbd,401866421,Western Michigan,Monmouth,DraftKings,-27.5,-25.5,52.5,52.5,-3200.0,1400.0,,,
2026-09-12T09:19:17.090449-04:00,cfbd,401858447,Wisconsin,Western Illinois,Bovada,-40.0,-40.0,50.0,49.5,,,,,
2026-09-12T09:19:17.090449-04:00,cfbd,401858447,Wisconsin,Western Illinois,DraftKings,-40.5,-38.5,50.5,48.5,,,,,
2026-09-12T09:19:17.090449-04:00,cfbd,401871046,Missouri State,Lindenwood,Bovada,-17.0,-17.0,52.5,52.5,-850.0,550.0,,,
2026-09-12T09:19:17.090449-04:00,cfbd,401871046,Missouri State,Lindenwood,DraftKings,-16.5,-19.5,52.5,52.5,-850.0,575.0,,,
2026-09-12T09:19:17.090449-04:00,cfbd,401867990,VMI,Bucknell,DraftKings,10.5,10.5,47.5,47.5,242.0,-318.0,,,
2026-09-12T09:19:17.090449-04:00,cfbd,401868050,Abilene Christian,Stephen F. Austin,DraftKings,3.0,3.0,50.5,50.5,106.0,-131.0,,,
2026-09-12T09:19:17.090449-04:00,cfbd,401868141,Eastern Kentucky,Chattanooga,DraftKings,3.0,3.0,48.5,48.5,135.0,-169.0,,,
2026-09-12T09:19:17.490257-04:00,odds_api,401856683,Texas A&M Aggies,Arizona State Sun Devils,draftkings,-14.5,,50.5,,-675.0,490.0,2026-09-12T16:00:00Z,-108.0,-112.0
2026-09-12T09:19:17.490257-04:00,odds_api,401856683,Texas A&M Aggies,Arizona State Sun Devils,betrivers,-14.5,,51.0,,-910.0,510.0,2026-09-12T16:00:00Z,-108.0,-109.0
2026-09-12T09:19:17.490257-04:00,odds_api,401856683,Texas A&M Aggies,Arizona State Sun Devils,mybookieag,-14.5,,50.5,,-752.0,500.0,2026-09-12T16:00:00Z,-110.0,-110.0
2026-09-12T09:19:17.490257-04:00,odds_api,401856683,Texas A&M Aggies,Arizona State Sun Devils,fanduel,-14.5,,50.5,,-780.0,530.0,2026-09-12T16:00:00Z,-110.0,-112.0
2026-09-12T09:19:17.490257-04:00,odds_api,401856683,Texas A&M Aggies,Arizona State Sun Devils,lowvig,-14.5,,51.0,,-700.0,505.0,2026-09-12T16:00:00Z,-108.0,-108.0
2026-09-12T09:19:17.490257-04:00,odds_api,401856683,Texas A&M Aggies,Arizona State Sun Devils,betonlineag,-14.5,,51.0,,-700.0,505.0,2026-09-12T16:00:00Z,-112.0,-110.0
2026-09-12T09:19:17.490257-04:00,odds_api,401856683,Texas A&M Aggies,Arizona State Sun Devils,betmgm,-14.5,,50.5,,-700.0,550.0,2026-09-12T16:00:00Z,-108.0,-112.0
2026-09-12T09:19:17.490257-04:00,odds_api,401856683,Texas A&M Aggies,Arizona State Sun Devils,betus,-14.5,,51.0,,-700.0,500.0,2026-09-12T16:00:00Z,-110.0,-105.0
2026-09-12T09:19:17.490257-04:00,odds_api,401856683,Texas A&M Aggies,Arizona State Sun Devils,bovada,-14.5,,50.5,,-700.0,475.0,2026-09-12T16:00:00Z,-110.0,-115.0
2026-09-12T09:19:17.490257-04:00,odds_api,401862702,Army Black Knights,South Florida Bulls,fanduel,-3.5,,45.5,,-164.0,136.0,2026-09-12T16:00:00Z,-102.0,-110.0
2026-09-12T09:19:17.490257-04:00,odds_api,401862702,Army Black Knights,South Florida Bulls,mybookieag,-3.0,,46.0,,-177.0,143.0,2026-09-12T16:00:00Z,-110.0,-110.0
2026-09-12T09:19:17.490257-04:00,odds_api,401862702,Army Black Knights,South Florida Bulls,draftkings,-3.5,,45.5,,-166.0,140.0,2026-09-12T16:00:00Z,-102.0,-112.0
2026-09-12T09:19:17.490257-04:00,odds_api,401862702,Army Black Knights,South Florida Bulls,lowvig,-3.5,,45.5,,-165.0,145.0,2026-09-12T16:00:00Z,-101.0,-108.0
2026-09-12T09:19:17.490257-04:00,odds_api,401862702,Army Black Knights,South Florida Bulls,betonlineag,-3.5,,45.5,,-165.0,145.0,2026-09-12T16:00:00Z,-105.0,-110.0
2026-09-12T09:19:17.490257-04:00,odds_api,401862702,Army Black Knights,South Florida Bulls,betrivers,-3.5,,45.5,,-175.0,135.0,2026-09-12T16:00:00Z,-106.0,-115.0
2026-09-12T09:19:17.490257-04:00,odds_api,401862702,Army Black Knights,South Florida Bulls,betmgm,-3.0,,45.5,,-165.0,138.0,2026-09-12T16:00:00Z,-120.0,-110.0
2026-09-12T09:19:17.490257-04:00,odds_api,401862702,Army Black Knights,South Florida Bulls,betus,-3.0,,45.5,,-165.0,142.0,2026-09-12T16:00:00Z,-115.0,-110.0
2026-09-12T09:19:17.490257-04:00,odds_api,401862702,Army Black Knights,South Florida Bulls,bovada,-3.5,,45.5,,-170.0,145.0,2026-09-12T16:00:00Z,-105.0,-110.0
2026-09-12T09:19:17.490257-04:00,odds_api,401858218,North Carolina Tar Heels,East Tennessee State Buccaneers,fanduel,-36.5,,54.5,,-30000.0,4000.0,2026-09-12T16:00:00Z,-108.0,-115.0
2026-09-12T09:19:17.490257-04:00,odds_api,401858218,North Carolina Tar Heels,East Tennessee State Buccaneers,betrivers,-35.5,,54.5,,,,2026-09-12T16:00:00Z,-114.0,-117.0
2026-09-12T09:19:17.490257-04:00,odds_api,401858218,North Carolina Tar Heels,East Tennessee State Buccaneers,draftkings,-35.5,,54.5,,,,2026-09-12T16:00:00Z,-110.0,-112.0
2026-09-12T09:19:17.490257-04:00,odds_api,401858218,North Carolina Tar Heels,East Tennessee State Buccaneers,betonlineag,-36.0,,54.5,,,,2026-09-12T16:00:00Z,-110.0,-115.0
2026-09-12T09:19:17.490257-04:00,odds_api,401858218,North Carolina Tar Heels,East Tennessee State Buccaneers,lowvig,-36.0,,54.5,,,,2026-09-12T16:00:00Z,-110.0,-115.0
2026-09-12T09:19:17.490257-04:00,odds_api,401858218,North Carolina Tar Heels,East Tennessee State Buccaneers,bovada,-35.5,,54.0,,,,2026-09-12T16:00:00Z,-110.0,-115.0
2026-09-12T09:19:17.490257-04:00,odds_api,401858218,North Carolina Tar Heels,East Tennessee State Buccaneers,betmgm,-35.5,,54.5,,-50000.0,5000.0,2026-09-12T16:00:00Z,-108.0,-110.0
2026-09-12T09:19:17.490257-04:00,odds_api,401868187,Liberty Flames,Gardner-Webb Runnin Bulldogs,fanduel,-27.5,,54.5,,-4500.0,1600.0,2026-09-12T16:00:00Z,-118.0,-115.0
2026-09-12T09:19:17.490257-04:00,odds_api,401868187,Liberty Flames,Gardner-Webb Runnin Bulldogs,betrivers,-28.0,,54.5,,,,2026-09-12T16:00:00Z,-107.0,-115.0
2026-09-12T09:19:17.490257-04:00,odds_api,401868187,Liberty Flames,Gardner-Webb Runnin Bulldogs,draftkings,-27.5,,55.5,,-4500.0,1700.0,2026-09-12T16:00:00Z,-118.0,-108.0
2026-09-12T09:19:17.490257-04:00,odds_api,401868187,Liberty Flames,Gardner-Webb Runnin Bulldogs,betonlineag,-29.0,,55.5,,,,2026-09-12T16:00:00Z,-105.0,-110.0
2026-09-12T09:19:17.490257-04:00,odds_api,401868187,Liberty Flames,Gardner-Webb Runnin Bulldogs,lowvig,-29.0,,55.5,,,,2026-09-12T16:00:00Z,-105.0,-110.0
2026-09-12T09:19:17.490257-04:00,odds_api,401868187,Liberty Flames,Gardner-Webb Runnin Bulldogs,bovada,-28.5,,55.0,,,,2026-09-12T16:00:00Z,-115.0,-110.0
2026-09-12T09:19:17.490257-04:00,odds_api,401868187,Liberty Flames,Gardner-Webb Runnin Bulldogs,betmgm,-28.0,,55.5,,-5000.0,1900.0,2026-09-12T16:00:00Z,-105.0,-102.0
2026-09-12T09:19:17.490257-04:00,odds_api,401858439,Indiana Hoosiers,Howard Bison,fanduel,-58.5,,66.5,,,,2026-09-12T16:00:00Z,-110.0,-110.0
2026-09-12T09:19:17.490257-04:00,odds_api,401858439,Indiana Hoosiers,Howard Bison,betrivers,-58.0,,67.0,,,,2026-09-12T16:00:00Z,-108.0,-109.0
2026-09-12T09:19:17.490257-04:00,odds_api,401858439,Indiana Hoosiers,Howard Bison,draftkings,-57.5,,66.5,,,,2026-09-12T16:00:00Z,-110.0,-110.0
2026-09-12T09:19:17.490257-04:00,odds_api,401858439,Indiana Hoosiers,Howard Bison,betonlineag,-58.0,,67.0,,,,2026-09-12T16:00:00Z,-110.0,-115.0
2026-09-12T09:19:17.490257-04:00,odds_api,401858439,Indiana Hoosiers,Howard Bison,lowvig,-58.0,,67.0,,,,2026-09-12T16:00:00Z,-110.0,-115.0
2026-09-12T09:19:17.490257-04:00,odds_api,401858439,Indiana Hoosiers,Howard Bison,bovada,-57.0,,66.5,,,,2026-09-12T16:00:00Z,-115.0,-115.0
2026-09-12T09:19:17.490257-04:00,odds_api,401858439,Indiana Hoosiers,Howard Bison,betmgm,-56.0,,67.5,,,,2026-09-12T16:00:00Z,-115.0,-108.0
2026-09-12T09:19:17.490257-04:00,odds_api,401867929,James Madison Dukes,Wagner Seahawks,fanduel,-46.5,,56.5,,,,2026-09-12T16:00:00Z,-110.0,-110.0
2026-09-12T09:19:17.490257-04:00,odds_api,401867929,James Madison Dukes,Wagner Seahawks,betrivers,-46.0,,56.5,,,,2026-09-12T16:00:00Z,-109.0,-110.0
2026-09-12T09:19:17.490257-04:00,odds_api,401867929,James Madison Dukes,Wagner Seahawks,draftkings,-46.5,,56.5,,,,2026-09-12T16:00:00Z,-108.0,-112.0
2026-09-12T09:19:17.490257-04:00,odds_api,401867929,James Madison Dukes,Wagner Seahawks,betonlineag,-47.0,,55.5,,,,2026-09-12T16:00:00Z,-105.0,-115.0
2026-09-12T09:19:17.490257-04:00,odds_api,401867929,James Madison Dukes,Wagner Seahawks,lowvig,-47.0,,55.5,,,,2026-09-12T16:00:00Z,-105.0,-115.0
2026-09-12T09:19:17.490257-04:00,odds_api,401867929,James Madison Dukes,Wagner Seahawks,bovada,-46.5,,56.5,,,,2026-09-12T16:00:00Z,-110.0,-115.0
2026-09-12T09:19:17.490257-04:00,odds_api,401867929,James Madison Dukes,Wagner Seahawks,betmgm,-46.0,,56.5,,,,2026-09-12T16:00:00Z,-110.0,-108.0
2026-09-12T09:19:17.490257-04:00,odds_api,401856781,Kansas State Wildcats,Washington State Cougars,fanduel,-17.5,,49.5,,-1200.0,740.0,2026-09-12T16:00:00Z,-110.0,-105.0
2026-09-12T09:19:17.490257-04:00,odds_api,401856781,Kansas State Wildcats,Washington State Cougars,mybookieag,-17.5,,49.0,,-1099.0,650.0,2026-09-12T16:00:00Z,-110.0,-110.0
2026-09-12T09:19:17.490257-04:00,odds_api,401856781,Kansas State Wildcats,Washington State Cougars,draftkings,-17.5,,49.5,,-1000.0,650.0,2026-09-12T16:00:00Z,-112.0,-105.0
2026-09-12T09:19:17.490257-04:00,odds_api,401856781,Kansas State Wildcats,Washington State Cougars,betonlineag,-17.5,,49.0,,-900.0,613.0,2026-09-12T16:00:00Z,-110.0,-110.0
2026-09-12T09:19:17.490257-04:00,odds_api,401856781,Kansas State Wildcats,Washington State Cougars,lowvig,-17.5,,49.0,,-900.0,613.0,2026-09-12T16:00:00Z,-106.0,-108.0
2026-09-12T09:19:17.490257-04:00,odds_api,401856781,Kansas State Wildcats,Washington State Cougars,betmgm,-17.5,,49.5,,-1000.0,700.0,2026-09-12T16:00:00Z,-108.0,-105.0
2026-09-12T09:19:17.490257-04:00,odds_api,401856781,Kansas State Wildcats,Washington State Cougars,betrivers,-17.5,,49.0,,-1115.0,650.0,2026-09-12T16:00:00Z,-110.0,-112.0
2026-09-12T09:19:17.490257-04:00,odds_api,401856781,Kansas State Wildcats,Washington State Cougars,betus,-17.0,,49.0,,-900.0,600.0,2026-09-12T16:00:00Z,-115.0,-110.0
2026-09-12T09:19:17.490257-04:00,odds_api,401856781,Kansas State Wildcats,Washington State Cougars,bovada,-17.5,,49.0,,-1000.0,625.0,2026-09-12T16:00:00Z,-110.0,-105.0
2026-09-12T09:19:17.490257-04:00,odds_api,401866416,Kent State Golden Flashes,Wofford Terriers,fanduel,-11.5,,46.5,,-480.0,360.0,2026-09-12T16:00:00Z,-110.0,-115.0
2026-09-12T09:19:17.490257-04:00,odds_api,401866416,Kent State Golden Flashes,Wofford Terriers,mybookieag,,,47.0,,-500.0,340.0,2026-09-12T16:00:00Z,,-110.0
2026-09-12T09:19:17.490257-04:00,odds_api,401866416,Kent State Golden Flashes,Wofford Terriers,betrivers,-10.5,,46.5,,-530.0,375.0,2026-09-12T16:00:00Z,-113.0,-109.0
2026-09-12T09:19:17.490257-04:00,odds_api,401866416,Kent State Golden Flashes,Wofford Terriers,draftkings,-10.5,,47.5,,-470.0,360.0,2026-09-12T16:00:00Z,-108.0,-108.0
2026-09-12T09:19:17.490257-04:00,odds_api,401866416,Kent State Golden Flashes,Wofford Terriers,betonlineag,-10.5,,47.5,,,,2026-09-12T16:00:00Z,-110.0,-110.0
2026-09-12T09:19:17.490257-04:00,odds_api,401866416,Kent State Golden Flashes,Wofford Terriers,lowvig,-10.5,,47.5,,,,2026-09-12T16:00:00Z,-110.0,-110.0
2026-09-12T09:19:17.490257-04:00,odds_api,401866416,Kent State Golden Flashes,Wofford Terriers,bovada,-11.0,,47.0,,,,2026-09-12T16:00:00Z,100.0,-110.0
2026-09-12T09:19:17.490257-04:00,odds_api,401856679,Michigan Wolverines,Oklahoma Sooners,fanduel,4.5,,43.5,,172.0,-200.0,2026-09-12T16:00:00Z,-106.0,-108.0
2026-09-12T09:19:17.490257-04:00,odds_api,401856679,Michigan Wolverines,Oklahoma Sooners,bovada,4.5,,43.5,,175.0,-210.0,2026-09-12T16:00:00Z,-110.0,-110.0
2026-09-12T09:19:17.490257-04:00,odds_api,401856679,Michigan Wolverines,Oklahoma Sooners,betmgm,4.5,,43.5,,170.0,-210.0,2026-09-12T16:00:00Z,-108.0,-110.0
2026-09-12T09:19:17.490257-04:00,odds_api,401856679,Michigan Wolverines,Oklahoma Sooners,betrivers,5.5,,43.5,,165.0,-215.0,2026-09-12T16:00:00Z,-112.0,-112.0
2026-09-12T09:19:17.490257-04:00,odds_api,401856679,Michigan Wolverines,Oklahoma Sooners,mybookieag,4.5,,43.5,,180.0,-226.0,2026-09-12T16:00:00Z,-110.0,-110.0
2026-09-12T09:19:17.490257-04:00,odds_api,401856679,Michigan Wolverines,Oklahoma Sooners,draftkings,5.5,,43.5,,170.0,-205.0,2026-09-12T16:00:00Z,-112.0,-108.0
2026-09-12T09:19:17.490257-04:00,odds_api,401856679,Michigan Wolverines,Oklahoma Sooners,betonlineag,4.5,,43.5,,183.0,-215.0,2026-09-12T16:00:00Z,-110.0,-115.0
2026-09-12T09:19:17.490257-04:00,odds_api,401856679,Michigan Wolverines,Oklahoma Sooners,lowvig,4.5,,43.5,,183.0,-215.0,2026-09-12T16:00:00Z,-106.0,-114.0
2026-09-12T09:19:17.490257-04:00,odds_api,401856679,Michigan Wolverines,Oklahoma Sooners,betus,4.5,,43.0,,183.0,-215.0,2026-09-12T16:00:00Z,-110.0,-110.0
2026-09-12T09:19:17.490257-04:00,odds_api,401856782,Oklahoma State Cowboys,Oregon Ducks,fanduel,23.5,,54.5,,1000.0,-2100.0,2026-09-12T16:00:00Z,-115.0,-115.0
2026-09-12T09:19:17.490257-04:00,odds_api,401856782,Oklahoma State Cowboys,Oregon Ducks,mybookieag,23.5,,55.5,,1087.0,-2549.0,2026-09-12T16:00:00Z,-110.0,-110.0
2026-09-12T09:19:17.490257-04:00,odds_api,401856782,Oklahoma State Cowboys,Oregon Ducks,draftkings,23.5,,54.5,,1100.0,-2100.0,2026-09-12T16:00:00Z,-112.0,-112.0
2026-09-12T09:19:17.490257-04:00,odds_api,401856782,Oklahoma State Cowboys,Oregon Ducks,betrivers,23.5,,55.0,,1050.0,-3335.0,2026-09-12T16:00:00Z,-112.0,-112.0
2026-09-12T09:19:17.490257-04:00,odds_api,401856782,Oklahoma State Cowboys,Oregon Ducks,betmgm,23.0,,54.5,,1150.0,-2000.0,2026-09-12T16:00:00Z,-108.0,-112.0
2026-09-12T09:19:17.490257-04:00,odds_api,401856782,Oklahoma State Cowboys,Oregon Ducks,lowvig,23.5,,55.0,,1216.0,-2800.0,2026-09-12T16:00:00Z,-103.0,-108.0
2026-09-12T09:19:17.490257-04:00,odds_api,401856782,Oklahoma State Cowboys,Oregon Ducks,betonlineag,23.5,,55.0,,1216.0,-2800.0,2026-09-12T16:00:00Z,-107.0,-110.0
2026-09-12T09:19:17.490257-04:00,odds_api,401856782,Oklahoma State Cowboys,Oregon Ducks,bovada,23.5,,54.5,,950.0,-2000.0,2026-09-12T16:00:00Z,-110.0,-110.0
2026-09-12T09:19:17.490257-04:00,odds_api,401856782,Oklahoma State Cowboys,Oregon Ducks,betus,23.5,,55.0,,1250.0,-2800.0,2026-09-12T16:00:00Z,-105.0,-110.0
2026-09-12T09:19:17.490257-04:00,odds_api,401858221,Virginia Tech Hokies,Old Dominion Monarchs,draftkings,-19.5,,47.5,,-1200.0,750.0,2026-09-12T16:00:00Z,-108.0,-120.0
2026-09-12T09:19:17.490257-04:00,odds_api,401858221,Virginia Tech Hokies,Old Dominion Monarchs,fanduel,-18.5,,47.5,,-1400.0,800.0,2026-09-12T16:00:00Z,-114.0,-110.0
2026-09-12T09:19:17.490257-04:00,odds_api,401858221,Virginia Tech Hokies,Old Dominion Monarchs,mybookieag,-19.0,,48.5,,-1205.0,690.0,2026-09-12T16:00:00Z,-110.0,-110.0
2026-09-12T09:19:17.490257-04:00,odds_api,401858221,Virginia Tech Hokies,Old Dominion Monarchs,lowvig,-19.5,,47.5,,-1350.0,817.0,2026-09-12T16:00:00Z,-111.0,-114.0
2026-09-12T09:19:17.490257-04:00,odds_api,401858221,Virginia Tech Hokies,Old Dominion Monarchs,betonlineag,-19.5,,47.5,,-1350.0,817.0,2026-09-12T16:00:00Z,-115.0,-115.0
2026-09-12T09:19:17.490257-04:00,odds_api,401858221,Virginia Tech Hokies,Old Dominion Monarchs,betmgm,-19.5,,47.5,,-1200.0,825.0,2026-09-12T16:00:00Z,-108.0,-115.0
2026-09-12T09:19:17.490257-04:00,odds_api,401858221,Virginia Tech Hokies,Old Dominion Monarchs,betrivers,-20.0,,47.5,,-2000.0,850.0,2026-09-12T16:00:00Z,-109.0,-114.0
2026-09-12T09:19:17.490257-04:00,odds_api,401858221,Virginia Tech Hokies,Old Dominion Monarchs,betus,-19.5,,48.0,,-1350.0,830.0,2026-09-12T16:00:00Z,-110.0,-110.0
2026-09-12T09:19:17.490257-04:00,odds_api,401858221,Virginia Tech Hokies,Old Dominion Monarchs,bovada,-19.5,,48.0,,-1300.0,725.0,2026-09-12T16:00:00Z,-115.0,-110.0
2026-09-12T09:19:17.490257-04:00,odds_api,401858442,Temple Owls,Penn State Nittany Lions,fanduel,23.5,,50.5,,1400.0,-4000.0,2026-09-12T16:00:00Z,-102.0,-115.0
2026-09-12T09:19:17.490257-04:00,odds_api,401858442,Temple Owls,Penn State Nittany Lions,mybookieag,24.0,,50.5,,1130.0,-3366.0,2026-09-12T16:00:00Z,-110.0,-110.0
2026-09-12T09:19:17.490257-04:00,odds_api,401858442,Temple Owls,Penn State Nittany Lions,draftkings,24.5,,50.5,,1300.0,-2800.0,2026-09-12T16:00:00Z,-118.0,-115.0
2026-09-12T09:19:17.490257-04:00,odds_api,401858442,Temple Owls,Penn State Nittany Lions,lowvig,24.0,,51.0,,1256.0,-3000.0,2026-09-12T16:00:00Z,-106.0,-108.0
2026-09-12T09:19:17.490257-04:00,odds_api,401858442,Temple Owls,Penn State Nittany Lions,betonlineag,24.0,,51.0,,1256.0,-3000.0,2026-09-12T16:00:00Z,-110.0,-110.0
2026-09-12T09:19:17.490257-04:00,odds_api,401858442,Temple Owls,Penn State Nittany Lions,betmgm,24.0,,50.5,,1400.0,-2500.0,2026-09-12T16:00:00Z,-110.0,-118.0
2026-09-12T09:19:17.490257-04:00,odds_api,401858442,Temple Owls,Penn State Nittany Lions,betrivers,24.0,,51.0,,1400.0,-10000.0,2026-09-12T16:00:00Z,-113.0,-109.0
2026-09-12T09:19:17.490257-04:00,odds_api,401858442,Temple Owls,Penn State Nittany Lions,betus,24.0,,51.0,,1300.0,-3000.0,2026-09-12T16:00:00Z,-110.0,-110.0
2026-09-12T09:19:17.490257-04:00,odds_api,401858442,Temple Owls,Penn State Nittany Lions,bovada,24.0,,51.0,,1000.0,-2500.0,2026-09-12T16:00:00Z,-110.0,-110.0
2026-09-12T09:19:17.490257-04:00,odds_api,401858224,Purdue Boilermakers,Wake Forest Demon Deacons,fanduel,2.5,,49.5,,126.0,-152.0,2026-09-12T16:00:00Z,-102.0,-115.0
2026-09-12T09:19:17.490257-04:00,odds_api,401858224,Purdue Boilermakers,Wake Forest Demon Deacons,mybookieag,3.0,,50.5,,126.0,-155.0,2026-09-12T16:00:00Z,-110.0,-110.0
2026-09-12T09:19:17.490257-04:00,odds_api,401858224,Purdue Boilermakers,Wake Forest Demon Deacons,draftkings,3.0,,50.5,,130.0,-155.0,2026-09-12T16:00:00Z,-110.0,-108.0
2026-09-12T09:19:17.490257-04:00,odds_api,401858224,Purdue Boilermakers,Wake Forest Demon Deacons,lowvig,3.0,,50.5,,125.0,-145.0,2026-09-12T16:00:00Z,-112.0,-108.0
2026-09-12T09:19:17.490257-04:00,odds_api,401858224,Purdue Boilermakers,Wake Forest Demon Deacons,betonlineag,3.0,,50.5,,125.0,-145.0,2026-09-12T16:00:00Z,-116.0,-110.0
2026-09-12T09:19:17.490257-04:00,odds_api,401858224,Purdue Boilermakers,Wake Forest Demon Deacons,betrivers,3.0,,50.5,,117.0,-143.0,2026-09-12T16:00:00Z,-118.0,-114.0
2026-09-12T09:19:17.490257-04:00,odds_api,401858224,Purdue Boilermakers,Wake Forest Demon Deacons,betmgm,3.0,,50.5,,125.0,-150.0,2026-09-12T16:00:00Z,-110.0,-108.0
2026-09-12T09:19:17.490257-04:00,odds_api,401858224,Purdue Boilermakers,Wake Forest Demon Deacons,betus,3.0,,50.5,,125.0,-145.0,2026-09-12T16:00:00Z,-110.0,-110.0
2026-09-12T09:19:17.490257-04:00,odds_api,401858224,Purdue Boilermakers,Wake Forest Demon Deacons,bovada,3.0,,50.0,,130.0,-150.0,2026-09-12T16:00:00Z,-115.0,-110.0
2026-09-12T09:19:17.490257-04:00,odds_api,401856673,Georgia Bulldogs,Western Kentucky Hilltoppers,draftkings,-39.5,,55.5,,,,2026-09-12T16:45:00Z,-112.0,-112.0
2026-09-12T09:19:17.490257-04:00,odds_api,401856673,Georgia Bulldogs,Western Kentucky Hilltoppers,betonlineag,-40.5,,55.5,,,,2026-09-12T16:45:00Z,-110.0,-110.0
2026-09-12T09:19:17.490257-04:00,odds_api,401856673,Georgia Bulldogs,Western Kentucky Hilltoppers,lowvig,-40.5,,55.5,,,,2026-09-12T16:45:00Z,-106.0,-108.0
2026-09-12T09:19:17.490257-04:00,odds_api,401856673,Georgia Bulldogs,Western Kentucky Hilltoppers,betrivers,-40.5,,55.5,,,,2026-09-12T16:45:00Z,-115.0,-113.0
2026-09-12T09:19:17.490257-04:00,odds_api,401856673,Georgia Bulldogs,Western Kentucky Hilltoppers,betus,-40.5,,55.5,,,,2026-09-12T16:45:00Z,-110.0,-110.0
2026-09-12T09:19:17.490257-04:00,odds_api,401856673,Georgia Bulldogs,Western Kentucky Hilltoppers,bovada,-40.0,,55.0,,,,2026-09-12T16:45:00Z,-110.0,-115.0
2026-09-12T09:19:17.490257-04:00,odds_api,401856673,Georgia Bulldogs,Western Kentucky Hilltoppers,betmgm,-40.5,,55.5,,,,2026-09-12T16:45:00Z,-110.0,-110.0
2026-09-12T09:19:17.490257-04:00,odds_api,401856673,Georgia Bulldogs,Western Kentucky Hilltoppers,fanduel,-40.5,,55.5,,,,2026-09-12T16:45:00Z,-106.0,-112.0
2026-09-12T09:19:17.490257-04:00,odds_api,401866415,Central Michigan Chippewas,Colgate Raiders,fanduel,-21.5,,49.5,,-3000.0,1200.0,2026-09-12T17:00:00Z,-110.0,-110.0
2026-09-12T09:19:17.490257-04:00,odds_api,401866415,Central Michigan Chippewas,Colgate Raiders,betrivers,-21.5,,48.5,,-3335.0,1050.0,2026-09-12T17:00:00Z,-107.0,-115.0
2026-09-12T09:19:17.490257-04:00,odds_api,401866415,Central Michigan Chippewas,Colgate Raiders,draftkings,-21.0,,48.5,,-1350.0,800.0,2026-09-12T17:00:00Z,-105.0,-115.0
2026-09-12T09:19:17.490257-04:00,odds_api,401866415,Central Michigan Chippewas,Colgate Raiders,betonlineag,-21.0,,48.5,,,,2026-09-12T17:00:00Z,-105.0,-115.0
2026-09-12T09:19:17.490257-04:00,odds_api,401866415,Central Michigan Chippewas,Colgate Raiders,lowvig,-21.0,,48.5,,,,2026-09-12T17:00:00Z,-105.0,-115.0
2026-09-12T09:19:17.490257-04:00,odds_api,401866415,Central Michigan Chippewas,Colgate Raiders,bovada,-20.0,,49.0,,-1600.0,800.0,2026-09-12T17:00:00Z,-115.0,-105.0
2026-09-12T09:19:17.490257-04:00,odds_api,401866415,Central Michigan Chippewas,Colgate Raiders,betmgm,,,49.5,,-1600.0,1000.0,2026-09-12T17:00:00Z,,-105.0
2026-09-12T09:19:17.490257-04:00,odds_api,401866417,Miami (OH) RedHawks,Holy Cross Crusaders,fanduel,-31.5,,50.5,,-8000.0,2200.0,2026-09-12T17:00:00Z,-104.0,-110.0
2026-09-12T09:19:17.490257-04:00,odds_api,401866417,Miami (OH) RedHawks,Holy Cross Crusaders,betrivers,-31.0,,50.5,,,,2026-09-12T17:00:00Z,-112.0,-115.0
2026-09-12T09:19:17.490257-04:00,odds_api,401866417,Miami (OH) RedHawks,Holy Cross Crusaders,draftkings,-30.5,,50.5,,-5000.0,1800.0,2026-09-12T17:00:00Z,-112.0,-110.0
2026-09-12T09:19:17.490257-04:00,odds_api,401866417,Miami (OH) RedHawks,Holy Cross Crusaders,betonlineag,-31.5,,50.0,,,,2026-09-12T17:00:00Z,-110.0,-110.0
2026-09-12T09:19:17.490257-04:00,odds_api,401866417,Miami (OH) RedHawks,Holy Cross Crusaders,lowvig,-31.5,,50.0,,,,2026-09-12T17:00:00Z,-110.0,-110.0
2026-09-12T09:19:17.490257-04:00,odds_api,401866417,Miami (OH) RedHawks,Holy Cross Crusaders,bovada,-30.5,,50.0,,,,2026-09-12T17:00:00Z,-105.0,-110.0
2026-09-12T09:19:17.490257-04:00,odds_api,401866417,Miami (OH) RedHawks,Holy Cross Crusaders,betmgm,-31.0,,50.5,,-10000.0,3000.0,2026-09-12T17:00:00Z,-108.0,-108.0
2026-09-12T09:19:17.490257-04:00,odds_api,401856791,West Virginia Mountaineers,UT Martin Skyhawks,fanduel,-41.5,,56.5,,,,2026-09-12T17:00:00Z,-118.0,-108.0
2026-09-12T09:19:17.490257-04:00,odds_api,401856791,West Virginia Mountaineers,UT Martin Skyhawks,betrivers,-41.0,,55.5,,,,2026-09-12T17:00:00Z,-114.0,-112.0
2026-09-12T09:19:17.490257-04:00,odds_api,401856791,West Virginia Mountaineers,UT Martin Skyhawks,draftkings,-41.5,,55.5,,,,2026-09-12T17:00:00Z,-112.0,-115.0
2026-09-12T09:19:17.490257-04:00,odds_api,401856791,West Virginia Mountaineers,UT Martin Skyhawks,betonlineag,-41.5,,55.5,,,,2026-09-12T17:00:00Z,-110.0,-110.0
2026-09-12T09:19:17.490257-04:00,odds_api,401856791,West Virginia Mountaineers,UT Martin Skyhawks,bovada,-41.5,,56.0,,,,2026-09-12T17:00:00Z,-110.0,-105.0
2026-09-12T09:19:17.490257-04:00,odds_api,401856791,West Virginia Mountaineers,UT Martin Skyhawks,betmgm,-41.5,,55.5,,,,2026-09-12T17:00:00Z,-110.0,-112.0
2026-09-12T09:19:17.490257-04:00,odds_api,401866413,Ball State Cardinals,Stony Brook Seawolves,fanduel,-14.5,,54.5,,-650.0,470.0,2026-09-12T18:00:00Z,-105.0,-110.0
2026-09-12T09:19:17.490257-04:00,odds_api,401866413,Ball State Cardinals,Stony Brook Seawolves,betrivers,-14.0,,54.5,,-835.0,525.0,2026-09-12T18:00:00Z,-113.0,-112.0
2026-09-12T09:19:17.490257-04:00,odds_api,401866413,Ball State Cardinals,Stony Brook Seawolves,draftkings,-14.0,,54.5,,-600.0,440.0,2026-09-12T18:00:00Z,-108.0,-118.0
2026-09-12T09:19:17.490257-04:00,odds_api,401866413,Ball State Cardinals,Stony Brook Seawolves,betonlineag,-13.5,,55.0,,,,2026-09-12T18:00:00Z,-115.0,-110.0
2026-09-12T09:19:17.490257-04:00,odds_api,401866413,Ball State Cardinals,Stony Brook Seawolves,lowvig,-13.5,,55.0,,,,2026-09-12T18:00:00Z,-115.0,-110.0
2026-09-12T09:19:17.490257-04:00,odds_api,401866413,Ball State Cardinals,Stony Brook Seawolves,bovada,-14.0,,54.5,,-625.0,430.0,2026-09-12T18:00:00Z,-110.0,-110.0
2026-09-12T09:19:17.490257-04:00,odds_api,401866413,Ball State Cardinals,Stony Brook Seawolves,betmgm,-14.0,,54.5,,-600.0,450.0,2026-09-12T18:00:00Z,-108.0,-112.0
2026-09-12T09:19:17.490257-04:00,odds_api,401866412,Akron Zips,Robert Morris Colonials,fanduel,-27.5,,44.5,,-10000.0,2400.0,2026-09-12T19:30:00Z,-114.0,-110.0
2026-09-12T09:19:17.490257-04:00,odds_api,401866412,Akron Zips,Robert Morris Colonials,betrivers,-28.0,,43.5,,,,2026-09-12T19:30:00Z,-114.0,-117.0
2026-09-12T09:19:17.490257-04:00,odds_api,401866412,Akron Zips,Robert Morris Colonials,draftkings,-27.5,,44.5,,-3600.0,1500.0,2026-09-12T19:30:00Z,-105.0,-102.0
2026-09-12T09:19:17.490257-04:00,odds_api,401866412,Akron Zips,Robert Morris Colonials,betonlineag,-27.5,,44.0,,,,2026-09-12T19:30:00Z,-110.0,-110.0
2026-09-12T09:19:17.490257-04:00,odds_api,401866412,Akron Zips,Robert Morris Colonials,lowvig,-27.5,,44.0,,,,2026-09-12T19:30:00Z,-110.0,-110.0
2026-09-12T09:19:17.490257-04:00,odds_api,401866412,Akron Zips,Robert Morris Colonials,bovada,-27.5,,44.5,,-6500.0,1300.0,2026-09-12T19:30:00Z,-110.0,-110.0
2026-09-12T09:19:17.490257-04:00,odds_api,401866412,Akron Zips,Robert Morris Colonials,betmgm,-27.5,,44.5,,-5000.0,1900.0,2026-09-12T19:30:00Z,-108.0,-108.0
2026-09-12T09:19:17.490257-04:00,odds_api,401856674,Kentucky Wildcats,Alabama Crimson Tide,draftkings,10.0,,48.5,,320.0,-410.0,2026-09-12T19:30:00Z,-110.0,-105.0
2026-09-12T09:19:17.490257-04:00,odds_api,401856674,Kentucky Wildcats,Alabama Crimson Tide,fanduel,10.5,,48.5,,290.0,-375.0,2026-09-12T19:30:00Z,-122.0,-105.0
2026-09-12T09:19:17.490257-04:00,odds_api,401856674,Kentucky Wildcats,Alabama Crimson Tide,betrivers,10.0,,48.0,,310.0,-480.0,2026-09-12T19:30:00Z,-113.0,-113.0
2026-09-12T09:19:17.490257-04:00,odds_api,401856674,Kentucky Wildcats,Alabama Crimson Tide,betmgm,10.0,,48.5,,310.0,-375.0,2026-09-12T19:30:00Z,-110.0,-105.0
2026-09-12T09:19:17.490257-04:00,odds_api,401856674,Kentucky Wildcats,Alabama Crimson Tide,betonlineag,10.0,,48.5,,306.0,-385.0,2026-09-12T19:30:00Z,-113.0,-110.0
2026-09-12T09:19:17.490257-04:00,odds_api,401856674,Kentucky Wildcats,Alabama Crimson Tide,lowvig,10.0,,48.5,,306.0,-385.0,2026-09-12T19:30:00Z,-109.0,-108.0
2026-09-12T09:19:17.490257-04:00,odds_api,401856674,Kentucky Wildcats,Alabama Crimson Tide,betus,10.0,,48.5,,308.0,-385.0,2026-09-12T19:30:00Z,-110.0,-110.0
2026-09-12T09:19:17.490257-04:00,odds_api,401856674,Kentucky Wildcats,Alabama Crimson Tide,mybookieag,10.0,,48.0,,320.0,-429.0,2026-09-12T19:30:00Z,-110.0,-110.0
2026-09-12T09:19:17.490257-04:00,odds_api,401856674,Kentucky Wildcats,Alabama Crimson Tide,bovada,10.0,,48.0,,310.0,-415.0,2026-09-12T19:30:00Z,-110.0,-110.0
2026-09-12T09:19:17.490257-04:00,odds_api,401856810,BYU Cougars,Arizona Wildcats,draftkings,-7.0,,48.5,,-270.0,220.0,2026-09-12T19:30:00Z,-108.0,-115.0
2026-09-12T09:19:17.490257-04:00,odds_api,401856810,BYU Cougars,Arizona Wildcats,fanduel,-7.5,,48.5,,-310.0,245.0,2026-09-12T19:30:00Z,-110.0,-106.0
2026-09-12T09:19:17.490257-04:00,odds_api,401856810,BYU Cougars,Arizona Wildcats,betrivers,-7.5,,48.5,,-335.0,250.0,2026-09-12T19:30:00Z,-109.0,-109.0
2026-09-12T09:19:17.490257-04:00,odds_api,401856810,BYU Cougars,Arizona Wildcats,betmgm,-7.5,,48.5,,-285.0,230.0,2026-09-12T19:30:00Z,-108.0,-112.0
2026-09-12T09:19:17.490257-04:00,odds_api,401856810,BYU Cougars,Arizona Wildcats,lowvig,-6.5,,49.0,,-265.0,219.0,2026-09-12T19:30:00Z,-122.0,-108.0
2026-09-12T09:19:17.490257-04:00,odds_api,401856810,BYU Cougars,Arizona Wildcats,betonlineag,-6.5,,49.0,,-265.0,219.0,2026-09-12T19:30:00Z,-125.0,-110.0
2026-09-12T09:19:17.490257-04:00,odds_api,401856810,BYU Cougars,Arizona Wildcats,betus,-7.0,,49.0,,-265.0,223.0,2026-09-12T19:30:00Z,-110.0,-110.0
2026-09-12T09:19:17.490257-04:00,odds_api,401856810,BYU Cougars,Arizona Wildcats,mybookieag,-7.0,,48.5,,-289.0,221.0,2026-09-12T19:30:00Z,-110.0,-110.0
2026-09-12T09:19:17.490257-04:00,odds_api,401856810,BYU Cougars,Arizona Wildcats,bovada,-7.0,,49.5,,-285.0,235.0,2026-09-12T19:30:00Z,-115.0,-105.0
2026-09-12T09:19:17.490257-04:00,odds_api,401858216,Syracuse Orange,California Golden Bears,fanduel,-3.5,,56.5,,-178.0,146.0,2026-09-12T19:30:00Z,-108.0,-114.0
2026-09-12T09:19:17.490257-04:00,odds_api,401858216,Syracuse Orange,California Golden Bears,draftkings,-3.5,,56.5,,-192.0,160.0,2026-09-12T19:30:00Z,-115.0,-115.0
2026-09-12T09:19:17.490257-04:00,odds_api,401858216,Syracuse Orange,California Golden Bears,lowvig,-3.5,,56.5,,-180.0,157.0,2026-09-12T19:30:00Z,-106.0,-114.0
2026-09-12T09:19:17.490257-04:00,odds_api,401858216,Syracuse Orange,California Golden Bears,betonlineag,-3.5,,56.5,,-180.0,157.0,2026-09-12T19:30:00Z,-110.0,-115.0
2026-09-12T09:19:17.490257-04:00,odds_api,401858216,Syracuse Orange,California Golden Bears,betrivers,-3.5,,57.0,,-190.0,150.0,2026-09-12T19:30:00Z,-114.0,-112.0
2026-09-12T09:19:17.490257-04:00,odds_api,401858216,Syracuse Orange,California Golden Bears,betmgm,-3.5,,56.5,,-185.0,150.0,2026-09-12T19:30:00Z,-110.0,-112.0
2026-09-12T09:19:17.490257-04:00,odds_api,401858216,Syracuse Orange,California Golden Bears,betus,-3.5,,57.0,,-180.0,155.0,2026-09-12T19:30:00Z,-110.0,-110.0
2026-09-12T09:19:17.490257-04:00,odds_api,401858216,Syracuse Orange,California Golden Bears,mybookieag,-3.5,,57.0,,-186.0,150.0,2026-09-12T19:30:00Z,-110.0,-110.0
2026-09-12T09:19:17.490257-04:00,odds_api,401858216,Syracuse Orange,California Golden Bears,bovada,-3.5,,56.5,,-180.0,155.0,2026-09-12T19:30:00Z,-115.0,-115.0
2026-09-12T09:19:17.490257-04:00,odds_api,401866419,Toledo Rockets,Central Connecticut Blue Devils,fanduel,-35.5,,54.5,,,,2026-09-12T19:30:00Z,-112.0,-110.0
2026-09-12T09:19:17.490257-04:00,odds_api,401866419,Toledo Rockets,Central Connecticut Blue Devils,betrivers,-35.5,,54.5,,,,2026-09-12T19:30:00Z,-108.0,-122.0
2026-09-12T09:19:17.490257-04:00,odds_api,401866419,Toledo Rockets,Central Connecticut Blue Devils,draftkings,-35.5,,54.5,,-20000.0,3500.0,2026-09-12T19:30:00Z,-110.0,-108.0
2026-09-12T09:19:17.490257-04:00,odds_api,401866419,Toledo Rockets,Central Connecticut Blue Devils,bovada,-36.0,,54.5,,,,2026-09-12T19:30:00Z,-105.0,-110.0
2026-09-12T09:19:17.490257-04:00,odds_api,401866419,Toledo Rockets,Central Connecticut Blue Devils,betmgm,-35.5,,54.5,,,,2026-09-12T19:30:00Z,-110.0,-110.0
2026-09-12T09:19:17.490257-04:00,odds_api,401856785,Colorado Buffaloes,Weber State Wildcats,fanduel,-34.5,,55.5,,,,2026-09-12T19:30:00Z,-114.0,-112.0
2026-09-12T09:19:17.490257-04:00,odds_api,401856785,Colorado Buffaloes,Weber State Wildcats,betrivers,-34.5,,55.5,,,,2026-09-12T19:30:00Z,-110.0,-107.0
2026-09-12T09:19:17.490257-04:00,odds_api,401856785,Colorado Buffaloes,Weber State Wildcats,draftkings,-34.5,,55.5,,-8000.0,2200.0,2026-09-12T19:30:00Z,-115.0,-105.0
2026-09-12T09:19:17.490257-04:00,odds_api,401856785,Colorado Buffaloes,Weber State Wildcats,lowvig,-34.5,,54.5,,,,2026-09-12T19:30:00Z,-110.0,-115.0
2026-09-12T09:19:17.490257-04:00,odds_api,401856785,Colorado Buffaloes,Weber State Wildcats,bovada,-35.5,,55.5,,,,2026-09-12T19:30:00Z,-105.0,-110.0
2026-09-12T09:19:17.490257-04:00,odds_api,401856785,Colorado Buffaloes,Weber State Wildcats,betmgm,-34.5,,55.5,,-25000.0,4500.0,2026-09-12T19:30:00Z,-108.0,-105.0
2026-09-12T09:19:17.490257-04:00,odds_api,401858217,Illinois Fighting Illini,Duke Blue Devils,draftkings,-6.0,,51.5,,-238.0,195.0,2026-09-12T19:30:00Z,-108.0,-112.0
2026-09-12T09:19:17.490257-04:00,odds_api,401858217,Illinois Fighting Illini,Duke Blue Devils,fanduel,-5.5,,51.5,,-235.0,190.0,2026-09-12T19:30:00Z,-115.0,-110.0
2026-09-12T09:19:17.490257-04:00,odds_api,401858217,Illinois Fighting Illini,Duke Blue Devils,betrivers,-5.5,,51.5,,-215.0,165.0,2026-09-12T19:30:00Z,-113.0,-112.0
2026-09-12T09:19:17.490257-04:00,odds_api,401858217,Illinois Fighting Illini,Duke Blue Devils,betonlineag,-6.0,,51.0,,-245.0,203.0,2026-09-12T19:30:00Z,-110.0,-120.0
2026-09-12T09:19:17.490257-04:00,odds_api,401858217,Illinois Fighting Illini,Duke Blue Devils,lowvig,-6.0,,51.0,,-245.0,203.0,2026-09-12T19:30:00Z,-106.0,-119.0
2026-09-12T09:19:17.490257-04:00,odds_api,401858217,Illinois Fighting Illini,Duke Blue Devils,betmgm,-5.5,,51.5,,-235.0,195.0,2026-09-12T19:30:00Z,-110.0,-110.0
2026-09-12T09:19:17.490257-04:00,odds_api,401858217,Illinois Fighting Illini,Duke Blue Devils,betus,-6.0,,51.5,,-225.0,190.0,2026-09-12T19:30:00Z,-110.0,-110.0
2026-09-12T09:19:17.490257-04:00,odds_api,401858217,Illinois Fighting Illini,Duke Blue Devils,mybookieag,-6.0,,51.5,,-244.0,194.0,2026-09-12T19:30:00Z,-110.0,-110.0
2026-09-12T09:19:17.490257-04:00,odds_api,401858217,Illinois Fighting Illini,Duke Blue Devils,bovada,-6.0,,51.5,,-230.0,190.0,2026-09-12T19:30:00Z,-105.0,-110.0
2026-09-12T09:19:17.490257-04:00,odds_api,401858440,Michigan State Spartans,Eastern Michigan Eagles,fanduel,-17.5,,49.5,,-1000.0,640.0,2026-09-12T19:30:00Z,-106.0,-110.0
2026-09-12T09:19:17.490257-04:00,odds_api,401858440,Michigan State Spartans,Eastern Michigan Eagles,draftkings,-17.5,,49.5,,-950.0,625.0,2026-09-12T19:30:00Z,-110.0,-110.0
2026-09-12T09:19:17.490257-04:00,odds_api,401858440,Michigan State Spartans,Eastern Michigan Eagles,lowvig,-17.5,,50.0,,-925.0,624.0,2026-09-12T19:30:00Z,100.0,-103.0
2026-09-12T09:19:17.490257-04:00,odds_api,401858440,Michigan State Spartans,Eastern Michigan Eagles,betonlineag,-17.5,,50.0,,-925.0,624.0,2026-09-12T19:30:00Z,-104.0,-105.0
2026-09-12T09:19:17.490257-04:00,odds_api,401858440,Michigan State Spartans,Eastern Michigan Eagles,betmgm,-17.0,,49.5,,-900.0,650.0,2026-09-12T19:30:00Z,-110.0,-110.0
2026-09-12T09:19:17.490257-04:00,odds_api,401858440,Michigan State Spartans,Eastern Michigan Eagles,betrivers,-17.5,,49.5,,-1250.0,650.0,2026-09-12T19:30:00Z,-109.0,-114.0
2026-09-12T09:19:17.490257-04:00,odds_api,401858440,Michigan State Spartans,Eastern Michigan Eagles,betus,-17.5,,50.0,,-925.0,615.0,2026-09-12T19:30:00Z,-105.0,-110.0
2026-09-12T09:19:17.490257-04:00,odds_api,401858440,Michigan State Spartans,Eastern Michigan Eagles,mybookieag,-17.5,,50.0,,-1099.0,630.0,2026-09-12T19:30:00Z,-110.0,-110.0
2026-09-12T09:19:17.490257-04:00,odds_api,401858440,Michigan State Spartans,Eastern Michigan Eagles,bovada,-17.5,,50.0,,-1000.0,625.0,2026-09-12T19:30:00Z,-110.0,-110.0
2026-09-12T09:19:17.490257-04:00,odds_api,401858444,UConn Huskies,Maryland Terrapins,fanduel,11.5,,52.5,,350.0,-465.0,2026-09-12T19:30:00Z,-110.0,-105.0
2026-09-12T09:19:17.490257-04:00,odds_api,401858444,UConn Huskies,Maryland Terrapins,draftkings,11.5,,51.5,,360.0,-470.0,2026-09-12T19:30:00Z,-112.0,-115.0
2026-09-12T09:19:17.490257-04:00,odds_api,401858444,UConn Huskies,Maryland Terrapins,lowvig,11.0,,52.0,,350.0,-450.0,2026-09-12T19:30:00Z,-101.0,-103.0
2026-09-12T09:19:17.490257-04:00,odds_api,401858444,UConn Huskies,Maryland Terrapins,betonlineag,11.0,,52.0,,350.0,-450.0,2026-09-12T19:30:00Z,-105.0,-105.0
2026-09-12T09:19:17.490257-04:00,odds_api,401858444,UConn Huskies,Maryland Terrapins,betmgm,11.5,,51.5,,350.0,-450.0,2026-09-12T19:30:00Z,-110.0,-110.0
2026-09-12T09:19:17.490257-04:00,odds_api,401858444,UConn Huskies,Maryland Terrapins,betrivers,12.0,,52.5,,390.0,-560.0,2026-09-12T19:30:00Z,-113.0,-118.0
2026-09-12T09:19:17.490257-04:00,odds_api,401858444,UConn Huskies,Maryland Terrapins,betus,11.5,,52.0,,355.0,-450.0,2026-09-12T19:30:00Z,-110.0,-110.0
2026-09-12T09:19:17.490257-04:00,odds_api,401858444,UConn Huskies,Maryland Terrapins,mybookieag,11.5,,52.0,,360.0,-490.0,2026-09-12T19:30:00Z,-110.0,-110.0
2026-09-12T09:19:17.490257-04:00,odds_api,401858444,UConn Huskies,Maryland Terrapins,bovada,11.5,,52.0,,340.0,-460.0,2026-09-12T19:30:00Z,-110.0,-110.0
2026-09-12T09:19:17.490257-04:00,odds_api,401856677,Minnesota Golden Gophers,Mississippi State Bulldogs,draftkings,1.5,,54.5,,-105.0,-115.0,2026-09-12T19:30:00Z,-115.0,-112.0
2026-09-12T09:19:17.490257-04:00,odds_api,401856677,Minnesota Golden Gophers,Mississippi State Bulldogs,fanduel,1.5,,54.5,,-111.0,-108.0,2026-09-12T19:30:00Z,-122.0,-115.0
2026-09-12T09:19:17.490257-04:00,odds_api,401856677,Minnesota Golden Gophers,Mississippi State Bulldogs,betrivers,-0.5,,55.5,,-114.0,-109.0,2026-09-12T19:30:00Z,-114.0,-108.0
2026-09-12T09:19:17.490257-04:00,odds_api,401856677,Minnesota Golden Gophers,Mississippi State Bulldogs,betonlineag,0.0,,54.5,,,,2026-09-12T19:30:00Z,-110.0,-110.0
2026-09-12T09:19:17.490257-04:00,odds_api,401856677,Minnesota Golden Gophers,Mississippi State Bulldogs,lowvig,0.0,,54.5,,,,2026-09-12T19:30:00Z,-106.0,-108.0
2026-09-12T09:19:17.490257-04:00,odds_api,401856677,Minnesota Golden Gophers,Mississippi State Bulldogs,betmgm,1.0,,54.5,,-110.0,-108.0,2026-09-12T19:30:00Z,-120.0,-112.0
2026-09-12T09:19:17.490257-04:00,odds_api,401856677,Minnesota Golden Gophers,Mississippi State Bulldogs,betus,1.0,,54.5,,100.0,-120.0,2026-09-12T19:30:00Z,-110.0,-110.0
2026-09-12T09:19:17.490257-04:00,odds_api,401856677,Minnesota Golden Gophers,Mississippi State Bulldogs,mybookieag,1.5,,54.5,,-106.0,-115.0,2026-09-12T19:30:00Z,-110.0,-110.0
2026-09-12T09:19:17.490257-04:00,odds_api,401856677,Minnesota Golden Gophers,Mississippi State Bulldogs,bovada,1.0,,55.0,,-110.0,-110.0,2026-09-12T19:30:00Z,-115.0,-110.0
2026-09-12T09:19:17.490257-04:00,odds_api,401859184,Notre Dame Fighting Irish,Rice Owls,draftkings,-44.5,,55.5,,,,2026-09-12T19:30:00Z,-120.0,-102.0
2026-09-12T09:19:17.490257-04:00,odds_api,401859184,Notre Dame Fighting Irish,Rice Owls,lowvig,-45.0,,55.0,,,,2026-09-12T19:30:00Z,-106.0,-108.0
2026-09-12T09:19:17.490257-04:00,odds_api,401859184,Notre Dame Fighting Irish,Rice Owls,betonlineag,-45.0,,55.0,,,,2026-09-12T19:30:00Z,-110.0,-110.0
2026-09-12T09:19:17.490257-04:00,odds_api,401859184,Notre Dame Fighting Irish,Rice Owls,fanduel,-44.5,,55.5,,,,2026-09-12T19:30:00Z,-115.0,-110.0
2026-09-12T09:19:17.490257-04:00,odds_api,401859184,Notre Dame Fighting Irish,Rice Owls,betrivers,-45.0,,55.0,,,,2026-09-12T19:30:00Z,-108.0,-113.0
2026-09-12T09:19:17.490257-04:00,odds_api,401859184,Notre Dame Fighting Irish,Rice Owls,betmgm,-44.5,,55.5,,,,2026-09-12T19:30:00Z,-108.0,-110.0
2026-09-12T09:19:17.490257-04:00,odds_api,401859184,Notre Dame Fighting Irish,Rice Owls,betus,-45.0,,55.0,,,,2026-09-12T19:30:00Z,-110.0,-110.0
2026-09-12T09:19:17.490257-04:00,odds_api,401859184,Notre Dame Fighting Irish,Rice Owls,bovada,-44.5,,55.0,,,,2026-09-12T19:30:00Z,-120.0,-110.0
2026-09-12T09:19:17.490257-04:00,odds_api,401856790,Pittsburgh Panthers,UCF Knights,fanduel,-7.5,,56.5,,-275.0,220.0,2026-09-12T19:30:00Z,100.0,-112.0
2026-09-12T09:19:17.490257-04:00,odds_api,401856790,Pittsburgh Panthers,UCF Knights,draftkings,-7.0,,55.5,,-285.0,230.0,2026-09-12T19:30:00Z,-112.0,-110.0
2026-09-12T09:19:17.490257-04:00,odds_api,401856790,Pittsburgh Panthers,UCF Knights,betrivers,-7.0,,56.5,,-315.0,235.0,2026-09-12T19:30:00Z,-113.0,-110.0
2026-09-12T09:19:17.490257-04:00,odds_api,401856790,Pittsburgh Panthers,UCF Knights,lowvig,-7.0,,55.5,,-280.0,230.0,2026-09-12T19:30:00Z,-111.0,-108.0
2026-09-12T09:19:17.490257-04:00,odds_api,401856790,Pittsburgh Panthers,UCF Knights,betonlineag,-7.0,,55.5,,-280.0,230.0,2026-09-12T19:30:00Z,-115.0,-110.0
2026-09-12T09:19:17.490257-04:00,odds_api,401856790,Pittsburgh Panthers,UCF Knights,betmgm,-7.0,,56.5,,-275.0,225.0,2026-09-12T19:30:00Z,-112.0,-110.0
2026-09-12T09:19:17.490257-04:00,odds_api,401856790,Pittsburgh Panthers,UCF Knights,betus,-7.0,,55.0,,-280.0,235.0,2026-09-12T19:30:00Z,-115.0,-110.0
2026-09-12T09:19:17.490257-04:00,odds_api,401856790,Pittsburgh Panthers,UCF Knights,mybookieag,-7.0,,55.5,,-285.0,222.0,2026-09-12T19:30:00Z,-110.0,-110.0
2026-09-12T09:19:17.490257-04:00,odds_api,401856790,Pittsburgh Panthers,UCF Knights,bovada,-7.0,,56.0,,-285.0,235.0,2026-09-12T19:30:00Z,-115.0,-115.0
2026-09-12T09:19:17.490257-04:00,odds_api,401860884,Texas State Bobcats,UTSA Roadrunners,draftkings,-1.5,,66.5,,-122.0,102.0,2026-09-12T19:30:00Z,-112.0,-112.0
2026-09-12T09:19:17.490257-04:00,odds_api,401860884,Texas State Bobcats,UTSA Roadrunners,fanduel,-2.5,,66.5,,-126.0,105.0,2026-09-12T19:30:00Z,-105.0,-105.0
2026-09-12T09:19:17.490257-04:00,odds_api,401860884,Texas State Bobcats,UTSA Roadrunners,lowvig,-2.0,,66.0,,-130.0,110.0,2026-09-12T19:30:00Z,-106.0,-108.0
2026-09-12T09:19:17.490257-04:00,odds_api,401860884,Texas State Bobcats,UTSA Roadrunners,betonlineag,-2.0,,66.0,,-130.0,110.0,2026-09-12T19:30:00Z,-110.0,-110.0
2026-09-12T09:19:17.490257-04:00,odds_api,401860884,Texas State Bobcats,UTSA Roadrunners,betmgm,-2.0,,66.5,,-125.0,105.0,2026-09-12T19:30:00Z,-110.0,-105.0
2026-09-12T09:19:17.490257-04:00,odds_api,401860884,Texas State Bobcats,UTSA Roadrunners,betrivers,-2.0,,65.5,,-129.0,104.0,2026-09-12T19:30:00Z,-113.0,-118.0
2026-09-12T09:19:17.490257-04:00,odds_api,401860884,Texas State Bobcats,UTSA Roadrunners,betus,-2.0,,66.0,,-125.0,105.0,2026-09-12T19:30:00Z,-110.0,-110.0
2026-09-12T09:19:17.490257-04:00,odds_api,401860884,Texas State Bobcats,UTSA Roadrunners,mybookieag,-1.5,,66.5,,-122.0,100.0,2026-09-12T19:30:00Z,-110.0,-110.0
2026-09-12T09:19:17.490257-04:00,odds_api,401860884,Texas State Bobcats,UTSA Roadrunners,bovada,-2.5,,66.0,,-130.0,110.0,2026-09-12T19:30:00Z,-110.0,-110.0
2026-09-12T09:19:17.490257-04:00,odds_api,401862708,UAB Blazers,UL Monroe Warhawks,fanduel,-9.5,,54.5,,-365.0,285.0,2026-09-12T19:30:00Z,-110.0,-105.0
2026-09-12T09:19:17.490257-04:00,odds_api,401862708,UAB Blazers,UL Monroe Warhawks,draftkings,-9.5,,54.5,,-360.0,285.0,2026-09-12T19:30:00Z,-112.0,-110.0
2026-09-12T09:19:17.490257-04:00,odds_api,401862708,UAB Blazers,UL Monroe Warhawks,lowvig,-9.0,,53.5,,-350.0,280.0,2026-09-12T19:30:00Z,-106.0,-114.0
2026-09-12T09:19:17.490257-04:00,odds_api,401862708,UAB Blazers,UL Monroe Warhawks,betonlineag,-9.0,,53.5,,-350.0,280.0,2026-09-12T19:30:00Z,-110.0,-115.0
2026-09-12T09:19:17.490257-04:00,odds_api,401862708,UAB Blazers,UL Monroe Warhawks,betmgm,-9.5,,54.5,,-350.0,280.0,2026-09-12T19:30:00Z,-110.0,-105.0
2026-09-12T09:19:17.490257-04:00,odds_api,401862708,UAB Blazers,UL Monroe Warhawks,betrivers,-9.5,,54.5,,-335.0,245.0,2026-09-12T19:30:00Z,-110.0,-108.0
2026-09-12T09:19:17.490257-04:00,odds_api,401862708,UAB Blazers,UL Monroe Warhawks,betus,-9.0,,54.0,,-350.0,280.0,2026-09-12T19:30:00Z,-110.0,-110.0
2026-09-12T09:19:17.490257-04:00,odds_api,401862708,UAB Blazers,UL Monroe Warhawks,mybookieag,-9.5,,54.5,,-380.0,290.0,2026-09-12T19:30:00Z,-110.0,-110.0
2026-09-12T09:19:17.490257-04:00,odds_api,401862708,UAB Blazers,UL Monroe Warhawks,bovada,-9.5,,54.0,,-390.0,295.0,2026-09-12T19:30:00Z,-110.0,-115.0
2026-09-12T09:19:17.490257-04:00,odds_api,401858446,Washington Huskies,Utah State Aggies,fanduel,-27.5,,55.5,,-7000.0,2000.0,2026-09-12T19:30:00Z,-115.0,-110.0
2026-09-12T09:19:17.490257-04:00,odds_api,401858446,Washington Huskies,Utah State Aggies,draftkings,-27.5,,55.5,,-4000.0,1600.0,2026-09-12T19:30:00Z,-108.0,-112.0
2026-09-12T09:19:17.490257-04:00,odds_api,401858446,Washington Huskies,Utah State Aggies,betonlineag,-27.5,,55.5,,-5000.0,1550.0,2026-09-12T19:30:00Z,-110.0,-110.0
2026-09-12T09:19:17.490257-04:00,odds_api,401858446,Washington Huskies,Utah State Aggies,lowvig,-27.5,,55.5,,-5000.0,1550.0,2026-09-12T19:30:00Z,-106.0,-108.0
2026-09-12T09:19:17.490257-04:00,odds_api,401858446,Washington Huskies,Utah State Aggies,betmgm,-27.5,,55.5,,-3000.0,1750.0,2026-09-12T19:30:00Z,-110.0,-110.0
2026-09-12T09:19:17.490257-04:00,odds_api,401858446,Washington Huskies,Utah State Aggies,betrivers,-27.0,,55.5,,-10000.0,1900.0,2026-09-12T19:30:00Z,-112.0,-112.0
2026-09-12T09:19:17.490257-04:00,odds_api,401858446,Washington Huskies,Utah State Aggies,betus,-27.5,,55.5,,,,2026-09-12T19:30:00Z,-110.0,-110.0
2026-09-12T09:19:17.490257-04:00,odds_api,401858446,Washington Huskies,Utah State Aggies,mybookieag,-27.5,,55.5,,-4000.0,1200.0,2026-09-12T19:30:00Z,-110.0,-110.0
2026-09-12T09:19:17.490257-04:00,odds_api,401858446,Washington Huskies,Utah State Aggies,bovada,-28.0,,55.5,,-5000.0,1300.0,2026-09-12T19:30:00Z,-105.0,-110.0
2026-09-12T09:19:17.490257-04:00,odds_api,401862705,North Texas Mean Green,UNLV Rebels,fanduel,3.5,,58.5,,134.0,-162.0,2026-09-12T19:45:00Z,-122.0,-105.0
2026-09-12T09:19:17.490257-04:00,odds_api,401862705,North Texas Mean Green,UNLV Rebels,draftkings,3.0,,57.5,,136.0,-162.0,2026-09-12T19:45:00Z,-105.0,-120.0
2026-09-12T09:19:17.490257-04:00,odds_api,401862705,North Texas Mean Green,UNLV Rebels,betonlineag,3.0,,57.5,,135.0,-155.0,2026-09-12T19:45:00Z,-110.0,-120.0
2026-09-12T09:19:17.490257-04:00,odds_api,401862705,North Texas Mean Green,UNLV Rebels,lowvig,3.0,,57.5,,135.0,-155.0,2026-09-12T19:45:00Z,-106.0,-119.0
2026-09-12T09:19:17.490257-04:00,odds_api,401862705,North Texas Mean Green,UNLV Rebels,betmgm,3.0,,58.5,,135.0,-165.0,2026-09-12T19:45:00Z,-105.0,-102.0
2026-09-12T09:19:17.490257-04:00,odds_api,401862705,North Texas Mean Green,UNLV Rebels,betrivers,3.0,,57.5,,133.0,-165.0,2026-09-12T19:45:00Z,-107.0,-120.0
2026-09-12T09:19:17.490257-04:00,odds_api,401862705,North Texas Mean Green,UNLV Rebels,betus,3.0,,57.5,,134.0,-155.0,2026-09-12T19:45:00Z,-110.0,-110.0
2026-09-12T09:19:17.490257-04:00,odds_api,401862705,North Texas Mean Green,UNLV Rebels,mybookieag,3.0,,58.0,,132.0,-163.0,2026-09-12T19:45:00Z,-110.0,-110.0
2026-09-12T09:19:17.490257-04:00,odds_api,401862705,North Texas Mean Green,UNLV Rebels,bovada,3.0,,58.0,,135.0,-160.0,2026-09-12T19:45:00Z,-105.0,-115.0
2026-09-12T09:19:17.490257-04:00,odds_api,401868326,Troy Trojans,Alabama State Hornets,fanduel,-23.5,,51.5,,-2100.0,1000.0,2026-09-12T20:00:00Z,-105.0,-110.0
2026-09-12T09:19:17.490257-04:00,odds_api,401868326,Troy Trojans,Alabama State Hornets,betrivers,-23.0,,52.5,,-3335.0,1050.0,2026-09-12T20:00:00Z,-110.0,-108.0
2026-09-12T09:19:17.490257-04:00,odds_api,401868326,Troy Trojans,Alabama State Hornets,draftkings,-22.5,,51.5,,-1800.0,1000.0,2026-09-12T20:00:00Z,-112.0,-115.0
2026-09-12T09:19:17.490257-04:00,odds_api,401868326,Troy Trojans,Alabama State Hornets,betonlineag,-22.5,,51.5,,,,2026-09-12T20:00:00Z,-110.0,-110.0
2026-09-12T09:19:17.490257-04:00,odds_api,401868326,Troy Trojans,Alabama State Hornets,lowvig,-22.5,,51.5,,,,2026-09-12T20:00:00Z,-110.0,-110.0
2026-09-12T09:19:17.490257-04:00,odds_api,401868326,Troy Trojans,Alabama State Hornets,bovada,-23.0,,51.5,,-2200.0,1000.0,2026-09-12T20:00:00Z,-110.0,-110.0
2026-09-12T09:19:17.490257-04:00,odds_api,401868326,Troy Trojans,Alabama State Hornets,betmgm,-23.0,,51.5,,-1600.0,1050.0,2026-09-12T20:00:00Z,-108.0,-110.0
2026-09-12T09:19:17.490257-04:00,odds_api,401865252,New Mexico Lobos,Mercyhurst Lakers,fanduel,-42.5,,54.5,,,,2026-09-12T20:00:00Z,-104.0,-110.0
2026-09-12T09:19:17.490257-04:00,odds_api,401865252,New Mexico Lobos,Mercyhurst Lakers,betrivers,-41.5,,53.5,,,,2026-09-12T20:00:00Z,-113.0,-115.0
2026-09-12T09:19:17.490257-04:00,odds_api,401865252,New Mexico Lobos,Mercyhurst Lakers,draftkings,-41.5,,53.5,,,,2026-09-12T20:00:00Z,-112.0,-108.0
2026-09-12T09:19:17.490257-04:00,odds_api,401865252,New Mexico Lobos,Mercyhurst Lakers,betonlineag,-41.5,,52.5,,,,2026-09-12T20:00:00Z,-110.0,-115.0
2026-09-12T09:19:17.490257-04:00,odds_api,401865252,New Mexico Lobos,Mercyhurst Lakers,lowvig,-41.5,,52.5,,,,2026-09-12T20:00:00Z,-110.0,-115.0
2026-09-12T09:19:17.490257-04:00,odds_api,401865252,New Mexico Lobos,Mercyhurst Lakers,bovada,-41.5,,53.5,,,,2026-09-12T20:00:00Z,-120.0,-110.0
2026-09-12T09:19:17.490257-04:00,odds_api,401865252,New Mexico Lobos,Mercyhurst Lakers,betmgm,-41.5,,53.5,,,,2026-09-12T20:00:00Z,-110.0,-110.0
2026-09-12T09:19:17.490257-04:00,odds_api,401864506,Wyoming Cowboys,Northern Colorado Bears,fanduel,-23.5,,46.5,,-3500.0,1280.0,2026-09-12T20:00:00Z,-110.0,-112.0
2026-09-12T09:19:17.490257-04:00,odds_api,401864506,Wyoming Cowboys,Northern Colorado Bears,betrivers,-22.5,,47.5,,-10000.0,1200.0,2026-09-12T20:00:00Z,-110.0,-109.0
2026-09-12T09:19:17.490257-04:00,odds_api,401864506,Wyoming Cowboys,Northern Colorado Bears,draftkings,-22.5,,47.5,,-1650.0,950.0,2026-09-12T20:00:00Z,-110.0,-105.0
2026-09-12T09:19:17.490257-04:00,odds_api,401864506,Wyoming Cowboys,Northern Colorado Bears,betonlineag,-23.5,,47.5,,,,2026-09-12T20:00:00Z,100.0,-110.0
2026-09-12T09:19:17.490257-04:00,odds_api,401864506,Wyoming Cowboys,Northern Colorado Bears,lowvig,-23.5,,47.5,,,,2026-09-12T20:00:00Z,100.0,-110.0
2026-09-12T09:19:17.490257-04:00,odds_api,401864506,Wyoming Cowboys,Northern Colorado Bears,bovada,-21.5,,47.0,,-2000.0,950.0,2026-09-12T20:00:00Z,-110.0,-115.0
2026-09-12T09:19:17.490257-04:00,odds_api,401864506,Wyoming Cowboys,Northern Colorado Bears,betmgm,-22.5,,47.5,,-2000.0,1200.0,2026-09-12T20:00:00Z,-110.0,-105.0
2026-09-12T09:19:17.490257-04:00,odds_api,401858223,SMU Mustangs,UC Davis Aggies,draftkings,-30.5,,58.5,,-4000.0,1600.0,2026-09-12T20:00:00Z,-108.0,-112.0
2026-09-12T09:19:17.490257-04:00,odds_api,401858223,SMU Mustangs,UC Davis Aggies,fanduel,-30.5,,59.5,,-10000.0,2500.0,2026-09-12T20:00:00Z,-115.0,-105.0
2026-09-12T09:19:17.490257-04:00,odds_api,401858223,SMU Mustangs,UC Davis Aggies,betrivers,-28.5,,58.5,,,,2026-09-12T20:00:00Z,-114.0,-113.0
2026-09-12T09:19:17.490257-04:00,odds_api,401858223,SMU Mustangs,UC Davis Aggies,betonlineag,-30.5,,58.5,,,,2026-09-12T20:00:00Z,-118.0,-110.0
2026-09-12T09:19:17.490257-04:00,odds_api,401858223,SMU Mustangs,UC Davis Aggies,lowvig,-30.5,,58.5,,,,2026-09-12T20:00:00Z,-118.0,-110.0
2026-09-12T09:19:17.490257-04:00,odds_api,401858223,SMU Mustangs,UC Davis Aggies,bovada,-29.5,,58.5,,,,2026-09-12T20:00:00Z,-115.0,-110.0
2026-09-12T09:19:17.490257-04:00,odds_api,401858223,SMU Mustangs,UC Davis Aggies,betmgm,-30.5,,58.5,,-5000.0,2500.0,2026-09-12T20:00:00Z,-110.0,-115.0
2026-09-12T09:19:17.490257-04:00,odds_api,401856684,Vanderbilt Commodores,Delaware Blue Hens,fanduel,-20.5,,54.5,,-1700.0,890.0,2026-09-12T20:15:00Z,-112.0,-114.0
2026-09-12T09:19:17.490257-04:00,odds_api,401856684,Vanderbilt Commodores,Delaware Blue Hens,draftkings,-21.0,,54.5,,-1350.0,800.0,2026-09-12T20:15:00Z,-108.0,-115.0
2026-09-12T09:19:17.490257-04:00,odds_api,401856684,Vanderbilt Commodores,Delaware Blue Hens,betonlineag,-20.5,,55.0,,-1400.0,836.0,2026-09-12T20:15:00Z,-115.0,-105.0
2026-09-12T09:19:17.490257-04:00,odds_api,401856684,Vanderbilt Commodores,Delaware Blue Hens,lowvig,-21.0,,55.0,,-1400.0,836.0,2026-09-12T20:15:00Z,-103.0,-103.0
2026-09-12T09:19:17.490257-04:00,odds_api,401856684,Vanderbilt Commodores,Delaware Blue Hens,betmgm,-20.5,,54.5,,-1400.0,950.0,2026-09-12T20:15:00Z,-115.0,-115.0
2026-09-12T09:19:17.490257-04:00,odds_api,401856684,Vanderbilt Commodores,Delaware Blue Hens,betrivers,-21.0,,54.5,,-2500.0,950.0,2026-09-12T20:15:00Z,-114.0,-112.0
2026-09-12T09:19:17.490257-04:00,odds_api,401856684,Vanderbilt Commodores,Delaware Blue Hens,betus,-21.0,,55.0,,-1400.0,825.0,2026-09-12T20:15:00Z,-110.0,-110.0
2026-09-12T09:19:17.490257-04:00,odds_api,401856684,Vanderbilt Commodores,Delaware Blue Hens,mybookieag,-21.0,,55.0,,-1408.0,770.0,2026-09-12T20:15:00Z,-110.0,-110.0
2026-09-12T09:19:17.490257-04:00,odds_api,401856684,Vanderbilt Commodores,Delaware Blue Hens,bovada,-21.0,,54.5,,-1600.0,800.0,2026-09-12T20:15:00Z,-110.0,-115.0
2026-09-12T09:19:17.490257-04:00,odds_api,401856672,Florida Gators,Campbell Fighting Camels,fanduel,-50.5,,65.5,,,,2026-09-12T21:30:00Z,-115.0,-110.0
2026-09-12T09:19:17.490257-04:00,odds_api,401856672,Florida Gators,Campbell Fighting Camels,betrivers,-50.5,,66.5,,,,2026-09-12T21:30:00Z,-113.0,-108.0
2026-09-12T09:19:17.490257-04:00,odds_api,401856672,Florida Gators,Campbell Fighting Camels,draftkings,-50.5,,65.5,,,,2026-09-12T21:30:00Z,-112.0,-118.0
2026-09-12T09:19:17.490257-04:00,odds_api,401856672,Florida Gators,Campbell Fighting Camels,betonlineag,-51.0,,66.5,,,,2026-09-12T21:30:00Z,-110.0,-110.0
2026-09-12T09:19:17.490257-04:00,odds_api,401856672,Florida Gators,Campbell Fighting Camels,lowvig,-51.0,,66.5,,,,2026-09-12T21:30:00Z,-110.0,-110.0
2026-09-12T09:19:17.490257-04:00,odds_api,401856672,Florida Gators,Campbell Fighting Camels,bovada,-50.5,,65.5,,,,2026-09-12T21:30:00Z,-110.0,-115.0
2026-09-12T09:19:17.490257-04:00,odds_api,401860881,Boise State Broncos,Memphis Tigers,draftkings,-8.5,,55.5,,-325.0,260.0,2026-09-12T22:00:00Z,-105.0,-115.0
2026-09-12T09:19:17.490257-04:00,odds_api,401860881,Boise State Broncos,Memphis Tigers,fanduel,-9.5,,55.5,,-350.0,275.0,2026-09-12T22:00:00Z,-110.0,-115.0
2026-09-12T09:19:17.490257-04:00,odds_api,401860881,Boise State Broncos,Memphis Tigers,betrivers,-8.0,,56.0,,-345.0,265.0,2026-09-12T22:00:00Z,-114.0,-114.0
2026-09-12T09:19:17.490257-04:00,odds_api,401860881,Boise State Broncos,Memphis Tigers,betonlineag,-8.5,,56.0,,-350.0,280.0,2026-09-12T22:00:00Z,-110.0,-110.0
2026-09-12T09:19:17.490257-04:00,odds_api,401860881,Boise State Broncos,Memphis Tigers,lowvig,-8.5,,56.0,,-350.0,280.0,2026-09-12T22:00:00Z,-106.0,-108.0
2026-09-12T09:19:17.490257-04:00,odds_api,401860881,Boise State Broncos,Memphis Tigers,betmgm,-8.0,,56.5,,-350.0,275.0,2026-09-12T22:00:00Z,-118.0,-110.0
2026-09-12T09:19:17.490257-04:00,odds_api,401860881,Boise State Broncos,Memphis Tigers,betus,-8.5,,56.0,,-350.0,280.0,2026-09-12T22:00:00Z,-110.0,-110.0
2026-09-12T09:19:17.490257-04:00,odds_api,401860881,Boise State Broncos,Memphis Tigers,mybookieag,-9.0,,56.0,,-340.0,260.0,2026-09-12T22:00:00Z,-110.0,-110.0
2026-09-12T09:19:17.490257-04:00,odds_api,401860881,Boise State Broncos,Memphis Tigers,bovada,-8.5,,56.0,,-350.0,275.0,2026-09-12T22:00:00Z,-110.0,-115.0
2026-09-12T09:19:17.490257-04:00,odds_api,401866414,Florida International Panthers,Buffalo Bulls,fanduel,-10.5,,47.5,,-450.0,340.0,2026-09-12T22:00:00Z,-106.0,-108.0
2026-09-12T09:19:17.490257-04:00,odds_api,401866414,Florida International Panthers,Buffalo Bulls,lowvig,-10.0,,47.0,,-400.0,316.0,2026-09-12T22:00:00Z,-111.0,-108.0
2026-09-12T09:19:17.490257-04:00,odds_api,401866414,Florida International Panthers,Buffalo Bulls,betonlineag,-10.0,,47.0,,-400.0,316.0,2026-09-12T22:00:00Z,-115.0,-110.0
2026-09-12T09:19:17.490257-04:00,odds_api,401866414,Florida International Panthers,Buffalo Bulls,draftkings,-10.0,,47.5,,-410.0,320.0,2026-09-12T22:00:00Z,-112.0,-105.0
2026-09-12T09:19:17.490257-04:00,odds_api,401866414,Florida International Panthers,Buffalo Bulls,betmgm,-10.0,,47.5,,-425.0,320.0,2026-09-12T22:00:00Z,-120.0,-105.0
2026-09-12T09:19:17.490257-04:00,odds_api,401866414,Florida International Panthers,Buffalo Bulls,betrivers,-10.0,,47.5,,-480.0,320.0,2026-09-12T22:00:00Z,-110.0,-110.0
2026-09-12T09:19:17.490257-04:00,odds_api,401866414,Florida International Panthers,Buffalo Bulls,betus,-10.0,,47.0,,-370.0,295.0,2026-09-12T22:00:00Z,-110.0,-110.0
2026-09-12T09:19:17.490257-04:00,odds_api,401866414,Florida International Panthers,Buffalo Bulls,mybookieag,-10.0,,47.5,,-420.0,310.0,2026-09-12T22:00:00Z,-110.0,-110.0
2026-09-12T09:19:17.490257-04:00,odds_api,401866414,Florida International Panthers,Buffalo Bulls,bovada,-10.0,,47.5,,-415.0,310.0,2026-09-12T22:00:00Z,-110.0,-110.0
2026-09-12T09:19:17.490257-04:00,odds_api,401866418,Ohio Bobcats,Jacksonville State Gamecocks,fanduel,-2.5,,50.5,,-134.0,112.0,2026-09-12T22:00:00Z,-110.0,-110.0
2026-09-12T09:19:17.490257-04:00,odds_api,401866418,Ohio Bobcats,Jacksonville State Gamecocks,draftkings,-2.5,,50.5,,-130.0,110.0,2026-09-12T22:00:00Z,-112.0,-108.0
2026-09-12T09:19:17.490257-04:00,odds_api,401866418,Ohio Bobcats,Jacksonville State Gamecocks,lowvig,-2.5,,49.5,,-135.0,115.0,2026-09-12T22:00:00Z,-106.0,-108.0
2026-09-12T09:19:17.490257-04:00,odds_api,401866418,Ohio Bobcats,Jacksonville State Gamecocks,betonlineag,-2.5,,49.5,,-135.0,115.0,2026-09-12T22:00:00Z,-107.0,-110.0
2026-09-12T09:19:17.490257-04:00,odds_api,401866418,Ohio Bobcats,Jacksonville State Gamecocks,betrivers,-2.0,,50.5,,-130.0,105.0,2026-09-12T22:00:00Z,-112.0,-109.0
2026-09-12T09:19:17.490257-04:00,odds_api,401866418,Ohio Bobcats,Jacksonville State Gamecocks,betmgm,-2.5,,49.5,,-130.0,110.0,2026-09-12T22:00:00Z,-110.0,-120.0
2026-09-12T09:19:17.490257-04:00,odds_api,401866418,Ohio Bobcats,Jacksonville State Gamecocks,betus,-2.5,,49.5,,-135.0,115.0,2026-09-12T22:00:00Z,-110.0,-110.0
2026-09-12T09:19:17.490257-04:00,odds_api,401866418,Ohio Bobcats,Jacksonville State Gamecocks,mybookieag,-2.5,,50.0,,-136.0,111.0,2026-09-12T22:00:00Z,-110.0,-110.0
2026-09-12T09:19:17.490257-04:00,odds_api,401866418,Ohio Bobcats,Jacksonville State Gamecocks,bovada,-2.5,,50.0,,-130.0,110.0,2026-09-12T22:00:00Z,-105.0,-110.0
2026-09-12T09:19:17.490257-04:00,odds_api,401866421,Western Michigan Broncos,Monmouth Hawks,fanduel,-27.5,,53.5,,-7000.0,2000.0,2026-09-12T22:30:00Z,-110.0,-110.0
2026-09-12T09:19:17.490257-04:00,odds_api,401866421,Western Michigan Broncos,Monmouth Hawks,betrivers,-27.5,,53.5,,-10000.0,1500.0,2026-09-12T22:30:00Z,-110.0,-113.0
2026-09-12T09:19:17.490257-04:00,odds_api,401866421,Western Michigan Broncos,Monmouth Hawks,draftkings,-27.5,,52.5,,-3200.0,1400.0,2026-09-12T22:30:00Z,-115.0,-112.0
2026-09-12T09:19:17.490257-04:00,odds_api,401866421,Western Michigan Broncos,Monmouth Hawks,lowvig,-27.5,,52.5,,,,2026-09-12T22:30:00Z,-115.0,-110.0
2026-09-12T09:19:17.490257-04:00,odds_api,401866421,Western Michigan Broncos,Monmouth Hawks,betonlineag,-27.5,,52.5,,,,2026-09-12T22:30:00Z,-115.0,-110.0
2026-09-12T09:19:17.490257-04:00,odds_api,401866421,Western Michigan Broncos,Monmouth Hawks,bovada,-27.5,,52.5,,,,2026-09-12T22:30:00Z,-110.0,-110.0
2026-09-12T09:19:17.490257-04:00,odds_api,401866421,Western Michigan Broncos,Monmouth Hawks,betmgm,-27.5,,52.5,,-5000.0,1850.0,2026-09-12T22:30:00Z,-110.0,-110.0
2026-09-12T09:19:17.490257-04:00,odds_api,401868241,Arkansas State Red Wolves,West Georgia Wolves,fanduel,-31.5,,56.5,,-20000.0,3500.0,2026-09-12T23:00:00Z,-115.0,-110.0
2026-09-12T09:19:17.490257-04:00,odds_api,401868241,Arkansas State Red Wolves,West Georgia Wolves,draftkings,-31.5,,56.5,,-10000.0,3000.0,2026-09-12T23:00:00Z,-112.0,-112.0
2026-09-12T09:19:17.490257-04:00,odds_api,401868241,Arkansas State Red Wolves,West Georgia Wolves,betonlineag,-32.5,,56.5,,,,2026-09-12T23:00:00Z,-110.0,-105.0
2026-09-12T09:19:17.490257-04:00,odds_api,401868241,Arkansas State Red Wolves,West Georgia Wolves,lowvig,-32.5,,56.5,,,,2026-09-12T23:00:00Z,-110.0,-105.0
2026-09-12T09:19:17.490257-04:00,odds_api,401868241,Arkansas State Red Wolves,West Georgia Wolves,bovada,-31.5,,56.5,,,,2026-09-12T23:00:00Z,-110.0,-110.0
2026-09-12T09:19:17.490257-04:00,odds_api,401868241,Arkansas State Red Wolves,West Georgia Wolves,betrivers,-31.5,,57.0,,,,2026-09-12T23:00:00Z,-113.0,-110.0
2026-09-12T09:19:17.490257-04:00,odds_api,401858441,Nebraska Cornhuskers,Bowling Green Falcons,fanduel,-30.5,,50.5,,-10000.0,3500.0,2026-09-12T23:00:00Z,-110.0,-108.0
2026-09-12T09:19:17.490257-04:00,odds_api,401858441,Nebraska Cornhuskers,Bowling Green Falcons,draftkings,-30.5,,49.5,,-6500.0,2000.0,2026-09-12T23:00:00Z,-110.0,-112.0
2026-09-12T09:19:17.490257-04:00,odds_api,401858441,Nebraska Cornhuskers,Bowling Green Falcons,betonlineag,-30.5,,50.0,,-10000.0,1787.0,2026-09-12T23:00:00Z,-110.0,-105.0
2026-09-12T09:19:17.490257-04:00,odds_api,401858441,Nebraska Cornhuskers,Bowling Green Falcons,lowvig,-30.5,,50.0,,-10000.0,1787.0,2026-09-12T23:00:00Z,-106.0,-103.0
2026-09-12T09:19:17.490257-04:00,odds_api,401858441,Nebraska Cornhuskers,Bowling Green Falcons,betmgm,-30.0,,49.5,,-10000.0,2500.0,2026-09-12T23:00:00Z,-110.0,-110.0
2026-09-12T09:19:17.490257-04:00,odds_api,401858441,Nebraska Cornhuskers,Bowling Green Falcons,betrivers,-30.5,,50.5,,,,2026-09-12T23:00:00Z,-110.0,-114.0
2026-09-12T09:19:17.490257-04:00,odds_api,401858441,Nebraska Cornhuskers,Bowling Green Falcons,betus,-30.5,,50.0,,,,2026-09-12T23:00:00Z,-110.0,-110.0
2026-09-12T09:19:17.490257-04:00,odds_api,401858441,Nebraska Cornhuskers,Bowling Green Falcons,mybookieag,-30.5,,49.5,,-10000.0,1600.0,2026-09-12T23:00:00Z,-110.0,-110.0
2026-09-12T09:19:17.490257-04:00,odds_api,401858441,Nebraska Cornhuskers,Bowling Green Falcons,bovada,-30.0,,50.0,,-10000.0,1600.0,2026-09-12T23:00:00Z,-110.0,-110.0
2026-09-12T09:19:17.490257-04:00,odds_api,401856786,Cincinnati Bearcats,Western Carolina Catamounts,fanduel,-37.5,,61.5,,-10000.0,2400.0,2026-09-12T23:00:00Z,-110.0,-110.0
2026-09-12T09:19:17.490257-04:00,odds_api,401856786,Cincinnati Bearcats,Western Carolina Catamounts,betrivers,-37.0,,61.0,,,,2026-09-12T23:00:00Z,-112.0,-114.0
2026-09-12T09:19:17.490257-04:00,odds_api,401856786,Cincinnati Bearcats,Western Carolina Catamounts,draftkings,-36.5,,60.5,,,,2026-09-12T23:00:00Z,-112.0,-108.0
2026-09-12T09:19:17.490257-04:00,odds_api,401856786,Cincinnati Bearcats,Western Carolina Catamounts,lowvig,-36.5,,60.5,,,,2026-09-12T23:00:00Z,-110.0,-110.0
2026-09-12T09:19:17.490257-04:00,odds_api,401856786,Cincinnati Bearcats,Western Carolina Catamounts,betonlineag,-36.5,,60.5,,,,2026-09-12T23:00:00Z,-110.0,-110.0
2026-09-12T09:19:17.490257-04:00,odds_api,401856786,Cincinnati Bearcats,Western Carolina Catamounts,bovada,-36.5,,60.5,,,,2026-09-12T23:00:00Z,-110.0,-110.0
2026-09-12T09:19:17.490257-04:00,odds_api,401860882,Colorado State Rams,Southern Utah Thunderbirds,fanduel,-20.5,,55.5,,-2000.0,980.0,2026-09-12T23:00:00Z,-112.0,-115.0
2026-09-12T09:19:17.490257-04:00,odds_api,401860882,Colorado State Rams,Southern Utah Thunderbirds,betrivers,-20.5,,56.5,,-3335.0,1000.0,2026-09-12T23:00:00Z,-113.0,-112.0
2026-09-12T09:19:17.490257-04:00,odds_api,401860882,Colorado State Rams,Southern Utah Thunderbirds,draftkings,-20.5,,56.5,,-1450.0,850.0,2026-09-12T23:00:00Z,-108.0,-108.0
2026-09-12T09:19:17.490257-04:00,odds_api,401860882,Colorado State Rams,Southern Utah Thunderbirds,betonlineag,-20.5,,56.5,,,,2026-09-12T23:00:00Z,-110.0,-110.0
2026-09-12T09:19:17.490257-04:00,odds_api,401860882,Colorado State Rams,Southern Utah Thunderbirds,lowvig,-20.5,,56.5,,,,2026-09-12T23:00:00Z,-110.0,-110.0
2026-09-12T09:19:17.490257-04:00,odds_api,401860882,Colorado State Rams,Southern Utah Thunderbirds,bovada,-20.0,,56.0,,-1400.0,750.0,2026-09-12T23:00:00Z,-110.0,-105.0
2026-09-12T09:19:17.490257-04:00,odds_api,401860882,Colorado State Rams,Southern Utah Thunderbirds,betmgm,-20.0,,56.5,,-1400.0,900.0,2026-09-12T23:00:00Z,-110.0,-105.0
2026-09-12T09:19:17.490257-04:00,odds_api,401869955,Kennesaw State Owls,Georgia State Panthers,draftkings,-8.5,,54.5,,-340.0,270.0,2026-09-12T23:00:00Z,-112.0,-108.0
2026-09-12T09:19:17.490257-04:00,odds_api,401869955,Kennesaw State Owls,Georgia State Panthers,betonlineag,-8.5,,54.5,,-315.0,256.0,2026-09-12T23:00:00Z,-105.0,-115.0
2026-09-12T09:19:17.490257-04:00,odds_api,401869955,Kennesaw State Owls,Georgia State Panthers,lowvig,-8.5,,54.5,,-315.0,256.0,2026-09-12T23:00:00Z,-101.0,-114.0
2026-09-12T09:19:17.490257-04:00,odds_api,401869955,Kennesaw State Owls,Georgia State Panthers,betmgm,-8.0,,54.5,,-325.0,260.0,2026-09-12T23:00:00Z,-110.0,-110.0
2026-09-12T09:19:17.490257-04:00,odds_api,401869955,Kennesaw State Owls,Georgia State Panthers,betus,-8.5,,54.5,,-325.0,265.0,2026-09-12T23:00:00Z,-110.0,-110.0
2026-09-12T09:19:17.490257-04:00,odds_api,401869955,Kennesaw State Owls,Georgia State Panthers,betrivers,-8.0,,54.5,,-335.0,255.0,2026-09-12T23:00:00Z,-113.0,-115.0
2026-09-12T09:19:17.490257-04:00,odds_api,401869955,Kennesaw State Owls,Georgia State Panthers,mybookieag,-8.5,,54.5,,-330.0,255.0,2026-09-12T23:00:00Z,-110.0,-110.0
2026-09-12T09:19:17.490257-04:00,odds_api,401869955,Kennesaw State Owls,Georgia State Panthers,bovada,-8.0,,54.5,,-340.0,270.0,2026-09-12T23:00:00Z,-110.0,-110.0
2026-09-12T09:19:17.490257-04:00,odds_api,401869955,Kennesaw State Owls,Georgia State Panthers,fanduel,-8.5,,54.5,,-320.0,250.0,2026-09-12T23:00:00Z,-105.0,-110.0
2026-09-12T09:19:17.490257-04:00,odds_api,401856681,Georgia Tech Yellow Jackets,Tennessee Volunteers,draftkings,11.5,,55.5,,360.0,-470.0,2026-09-12T23:00:00Z,-108.0,-110.0
2026-09-12T09:19:17.490257-04:00,odds_api,401856681,Georgia Tech Yellow Jackets,Tennessee Volunteers,fanduel,11.5,,55.5,,375.0,-500.0,2026-09-12T23:00:00Z,-104.0,-110.0
2026-09-12T09:19:17.490257-04:00,odds_api,401856681,Georgia Tech Yellow Jackets,Tennessee Volunteers,betrivers,12.0,,55.5,,390.0,-560.0,2026-09-12T23:00:00Z,-112.0,-110.0
2026-09-12T09:19:17.490257-04:00,odds_api,401856681,Georgia Tech Yellow Jackets,Tennessee Volunteers,betonlineag,12.0,,55.5,,370.0,-480.0,2026-09-12T23:00:00Z,-110.0,-110.0
2026-09-12T09:19:17.490257-04:00,odds_api,401856681,Georgia Tech Yellow Jackets,Tennessee Volunteers,lowvig,12.0,,55.5,,370.0,-480.0,2026-09-12T23:00:00Z,-106.0,-108.0
2026-09-12T09:19:17.490257-04:00,odds_api,401856681,Georgia Tech Yellow Jackets,Tennessee Volunteers,betmgm,12.0,,55.5,,360.0,-475.0,2026-09-12T23:00:00Z,-110.0,-110.0
2026-09-12T09:19:17.490257-04:00,odds_api,401856681,Georgia Tech Yellow Jackets,Tennessee Volunteers,betus,12.0,,56.0,,378.0,-480.0,2026-09-12T23:00:00Z,-110.0,-110.0
2026-09-12T09:19:17.490257-04:00,odds_api,401856681,Georgia Tech Yellow Jackets,Tennessee Volunteers,mybookieag,12.0,,55.5,,360.0,-500.0,2026-09-12T23:00:00Z,-110.0,-110.0
2026-09-12T09:19:17.490257-04:00,odds_api,401856681,Georgia Tech Yellow Jackets,Tennessee Volunteers,bovada,12.0,,55.5,,370.0,-510.0,2026-09-12T23:00:00Z,-110.0,-110.0
2026-09-12T09:19:17.490257-04:00,odds_api,401856787,Houston Cougars,Southern University Jaguars,fanduel,-51.5,,61.5,,,,2026-09-12T23:00:00Z,-108.0,-110.0
2026-09-12T09:19:17.490257-04:00,odds_api,401856787,Houston Cougars,Southern University Jaguars,betrivers,-51.0,,61.0,,,,2026-09-12T23:00:00Z,-113.0,-108.0
2026-09-12T09:19:17.490257-04:00,odds_api,401856787,Houston Cougars,Southern University Jaguars,draftkings,-51.5,,60.5,,,,2026-09-12T23:00:00Z,100.0,-112.0
2026-09-12T09:19:17.490257-04:00,odds_api,401856787,Houston Cougars,Southern University Jaguars,lowvig,-51.5,,61.5,,,,2026-09-12T23:00:00Z,-105.0,-110.0
2026-09-12T09:19:17.490257-04:00,odds_api,401856787,Houston Cougars,Southern University Jaguars,betonlineag,-51.5,,61.5,,,,2026-09-12T23:00:00Z,-105.0,-110.0
2026-09-12T09:19:17.490257-04:00,odds_api,401856787,Houston Cougars,Southern University Jaguars,bovada,-51.5,,60.5,,,,2026-09-12T23:00:00Z,-105.0,-110.0
2026-09-12T09:19:17.490257-04:00,odds_api,401864503,Northern Illinois Huskies,Illinois State Redbirds,fanduel,4.5,,47.5,,160.0,-194.0,2026-09-12T23:00:00Z,-110.0,-115.0
2026-09-12T09:19:17.490257-04:00,odds_api,401864503,Northern Illinois Huskies,Illinois State Redbirds,betrivers,5.0,,47.5,,163.0,-210.0,2026-09-12T23:00:00Z,-109.0,-117.0
2026-09-12T09:19:17.490257-04:00,odds_api,401864503,Northern Illinois Huskies,Illinois State Redbirds,draftkings,4.5,,48.5,,164.0,-198.0,2026-09-12T23:00:00Z,-105.0,-102.0
2026-09-12T09:19:17.490257-04:00,odds_api,401864503,Northern Illinois Huskies,Illinois State Redbirds,lowvig,5.5,,49.0,,,,2026-09-12T23:00:00Z,-110.0,-105.0
2026-09-12T09:19:17.490257-04:00,odds_api,401864503,Northern Illinois Huskies,Illinois State Redbirds,betonlineag,5.5,,49.0,,,,2026-09-12T23:00:00Z,-110.0,-105.0
2026-09-12T09:19:17.490257-04:00,odds_api,401864503,Northern Illinois Huskies,Illinois State Redbirds,bovada,5.0,,48.0,,170.0,-200.0,2026-09-12T23:00:00Z,-115.0,-110.0
2026-09-12T09:19:17.490257-04:00,odds_api,401864503,Northern Illinois Huskies,Illinois State Redbirds,betmgm,5.0,,48.5,,160.0,-200.0,2026-09-12T23:00:00Z,-108.0,-102.0
2026-09-12T09:19:17.490257-04:00,odds_api,401871046,Missouri State Bears,Lindenwood Lions,fanduel,-16.5,,53.5,,-1000.0,640.0,2026-09-12T23:00:00Z,-110.0,-110.0
2026-09-12T09:19:17.490257-04:00,odds_api,401871046,Missouri State Bears,Lindenwood Lions,betrivers,-17.0,,53.5,,-1430.0,750.0,2026-09-12T23:00:00Z,-113.0,-112.0
2026-09-12T09:19:17.490257-04:00,odds_api,401871046,Missouri State Bears,Lindenwood Lions,draftkings,-16.5,,52.5,,-850.0,575.0,2026-09-12T23:00:00Z,-112.0,-108.0
2026-09-12T09:19:17.490257-04:00,odds_api,401871046,Missouri State Bears,Lindenwood Lions,betonlineag,-16.5,,52.5,,,,2026-09-12T23:00:00Z,-105.0,-110.0
2026-09-12T09:19:17.490257-04:00,odds_api,401871046,Missouri State Bears,Lindenwood Lions,bovada,-17.0,,52.5,,-850.0,550.0,2026-09-12T23:00:00Z,-105.0,-110.0
2026-09-12T09:19:17.490257-04:00,odds_api,401871045,Marshall Thundering Herd,Middle Tennessee Blue Raiders,draftkings,-12.5,,56.5,,-520.0,390.0,2026-09-12T23:00:00Z,-115.0,-112.0
2026-09-12T09:19:17.490257-04:00,odds_api,401871045,Marshall Thundering Herd,Middle Tennessee Blue Raiders,lowvig,-13.0,,57.0,,-500.0,383.0,2026-09-12T23:00:00Z,-106.0,-103.0
2026-09-12T09:19:17.490257-04:00,odds_api,401871045,Marshall Thundering Herd,Middle Tennessee Blue Raiders,betonlineag,-13.0,,57.0,,-500.0,383.0,2026-09-12T23:00:00Z,-110.0,-105.0
2026-09-12T09:19:17.490257-04:00,odds_api,401871045,Marshall Thundering Herd,Middle Tennessee Blue Raiders,betmgm,-13.0,,57.5,,-525.0,400.0,2026-09-12T23:00:00Z,-108.0,-110.0
2026-09-12T09:19:17.490257-04:00,odds_api,401871045,Marshall Thundering Herd,Middle Tennessee Blue Raiders,betus,-13.0,,57.0,,-500.0,390.0,2026-09-12T23:00:00Z,-110.0,-110.0
2026-09-12T09:19:17.490257-04:00,odds_api,401871045,Marshall Thundering Herd,Middle Tennessee Blue Raiders,betrivers,-13.5,,56.5,,-625.0,420.0,2026-09-12T23:00:00Z,-110.0,-112.0
2026-09-12T09:19:17.490257-04:00,odds_api,401871045,Marshall Thundering Herd,Middle Tennessee Blue Raiders,mybookieag,-13.5,,57.0,,-594.0,411.0,2026-09-12T23:00:00Z,-110.0,-110.0
2026-09-12T09:19:17.490257-04:00,odds_api,401871045,Marshall Thundering Herd,Middle Tennessee Blue Raiders,bovada,-13.0,,57.0,,-600.0,425.0,2026-09-12T23:00:00Z,-110.0,-105.0
2026-09-12T09:19:17.490257-04:00,odds_api,401871045,Marshall Thundering Herd,Middle Tennessee Blue Raiders,fanduel,-13.5,,56.5,,-530.0,390.0,2026-09-12T23:00:00Z,-105.0,-110.0
2026-09-12T09:19:17.490257-04:00,odds_api,401862707,Sam Houston State Bearkats,Tulsa Golden Hurricane,fanduel,13.5,,51.5,,440.0,-610.0,2026-09-12T23:00:00Z,-110.0,-108.0
2026-09-12T09:19:17.490257-04:00,odds_api,401862707,Sam Houston State Bearkats,Tulsa Golden Hurricane,draftkings,12.5,,51.5,,390.0,-520.0,2026-09-12T23:00:00Z,-108.0,-105.0
2026-09-12T09:19:17.490257-04:00,odds_api,401862707,Sam Houston State Bearkats,Tulsa Golden Hurricane,betonlineag,13.0,,50.5,,383.0,-500.0,2026-09-12T23:00:00Z,-113.0,-115.0
2026-09-12T09:19:17.490257-04:00,odds_api,401862707,Sam Houston State Bearkats,Tulsa Golden Hurricane,lowvig,13.0,,50.5,,383.0,-500.0,2026-09-12T23:00:00Z,-109.0,-114.0
2026-09-12T09:19:17.490257-04:00,odds_api,401862707,Sam Houston State Bearkats,Tulsa Golden Hurricane,betmgm,13.0,,51.5,,400.0,-525.0,2026-09-12T23:00:00Z,-108.0,-102.0
2026-09-12T09:19:17.490257-04:00,odds_api,401862707,Sam Houston State Bearkats,Tulsa Golden Hurricane,betrivers,13.5,,51.5,,460.0,-715.0,2026-09-12T23:00:00Z,-113.0,-109.0
2026-09-12T09:19:17.490257-04:00,odds_api,401862707,Sam Houston State Bearkats,Tulsa Golden Hurricane,betus,13.5,,51.0,,390.0,-500.0,2026-09-12T23:00:00Z,-110.0,-110.0
2026-09-12T09:19:17.490257-04:00,odds_api,401862707,Sam Houston State Bearkats,Tulsa Golden Hurricane,mybookieag,13.5,,51.0,,400.0,-575.0,2026-09-12T23:00:00Z,-110.0,-110.0
2026-09-12T09:19:17.490257-04:00,odds_api,401862707,Sam Houston State Bearkats,Tulsa Golden Hurricane,bovada,12.5,,51.5,,375.0,-525.0,2026-09-12T23:00:00Z,-110.0,-110.0
2026-09-12T09:19:17.490257-04:00,odds_api,401864575,Tulane Green Wave,South Alabama Jaguars,draftkings,-9.5,,49.5,,-375.0,295.0,2026-09-12T23:00:00Z,-115.0,-112.0
2026-09-12T09:19:17.490257-04:00,odds_api,401864575,Tulane Green Wave,South Alabama Jaguars,fanduel,-9.5,,48.5,,-400.0,310.0,2026-09-12T23:00:00Z,-120.0,-110.0
2026-09-12T09:19:17.490257-04:00,odds_api,401864575,Tulane Green Wave,South Alabama Jaguars,lowvig,-9.5,,49.5,,-370.0,296.0,2026-09-12T23:00:00Z,-101.0,-103.0
2026-09-12T09:19:17.490257-04:00,odds_api,401864575,Tulane Green Wave,South Alabama Jaguars,betonlineag,-9.5,,49.5,,-370.0,296.0,2026-09-12T23:00:00Z,-105.0,-105.0
2026-09-12T09:19:17.490257-04:00,odds_api,401864575,Tulane Green Wave,South Alabama Jaguars,betmgm,-9.5,,49.5,,-375.0,300.0,2026-09-12T23:00:00Z,-110.0,-105.0
2026-09-12T09:19:17.490257-04:00,odds_api,401864575,Tulane Green Wave,South Alabama Jaguars,betrivers,-10.0,,49.5,,-420.0,300.0,2026-09-12T23:00:00Z,-109.0,-109.0
2026-09-12T09:19:17.490257-04:00,odds_api,401864575,Tulane Green Wave,South Alabama Jaguars,betus,-9.5,,49.5,,-370.0,295.0,2026-09-12T23:00:00Z,-110.0,-110.0
2026-09-12T09:19:17.490257-04:00,odds_api,401864575,Tulane Green Wave,South Alabama Jaguars,mybookieag,-9.5,,49.5,,-400.0,300.0,2026-09-12T23:00:00Z,-110.0,-110.0
2026-09-12T09:19:17.490257-04:00,odds_api,401864575,Tulane Green Wave,South Alabama Jaguars,bovada,-9.5,,49.5,,-400.0,300.0,2026-09-12T23:00:00Z,-115.0,-110.0
2026-09-12T09:19:17.490257-04:00,odds_api,401856680,South Carolina Gamecocks,Towson Tigers,fanduel,-43.5,,55.5,,,,2026-09-12T23:00:00Z,-115.0,-115.0
2026-09-12T09:19:17.490257-04:00,odds_api,401856680,South Carolina Gamecocks,Towson Tigers,betrivers,-43.0,,55.0,,,,2026-09-12T23:00:00Z,-112.0,-113.0
2026-09-12T09:19:17.490257-04:00,odds_api,401856680,South Carolina Gamecocks,Towson Tigers,draftkings,-43.5,,56.5,,,,2026-09-12T23:00:00Z,-118.0,-105.0
2026-09-12T09:19:17.490257-04:00,odds_api,401856680,South Carolina Gamecocks,Towson Tigers,lowvig,-44.0,,56.0,,,,2026-09-12T23:00:00Z,-110.0,-115.0
2026-09-12T09:19:17.490257-04:00,odds_api,401856680,South Carolina Gamecocks,Towson Tigers,betonlineag,-44.0,,56.0,,,,2026-09-12T23:00:00Z,-110.0,-115.0
2026-09-12T09:19:17.490257-04:00,odds_api,401856680,South Carolina Gamecocks,Towson Tigers,bovada,-43.5,,56.0,,,,2026-09-12T23:00:00Z,-110.0,-110.0
2026-09-12T09:19:17.490257-04:00,odds_api,401856680,South Carolina Gamecocks,Towson Tigers,betmgm,-43.0,,55.5,,,,2026-09-12T23:00:00Z,-110.0,-115.0
2026-09-12T09:19:17.490257-04:00,odds_api,401858443,UCLA Bruins,San Diego State Aztecs,draftkings,-12.5,,54.5,,-485.0,370.0,2026-09-12T23:15:00Z,-110.0,-112.0
2026-09-12T09:19:17.490257-04:00,odds_api,401858443,UCLA Bruins,San Diego State Aztecs,fanduel,-12.5,,54.5,,-550.0,400.0,2026-09-12T23:15:00Z,-110.0,-106.0
2026-09-12T09:19:17.490257-04:00,odds_api,401858443,UCLA Bruins,San Diego State Aztecs,betonlineag,-12.5,,54.5,,-500.0,383.0,2026-09-12T23:15:00Z,-113.0,-110.0
2026-09-12T09:19:17.490257-04:00,odds_api,401858443,UCLA Bruins,San Diego State Aztecs,lowvig,-12.5,,54.5,,-500.0,383.0,2026-09-12T23:15:00Z,-109.0,-108.0
2026-09-12T09:19:17.490257-04:00,odds_api,401858443,UCLA Bruins,San Diego State Aztecs,betrivers,-12.5,,54.5,,-590.0,375.0,2026-09-12T23:15:00Z,-110.0,-110.0
2026-09-12T09:19:17.490257-04:00,odds_api,401858443,UCLA Bruins,San Diego State Aztecs,betmgm,-12.5,,54.5,,-500.0,380.0,2026-09-12T23:15:00Z,-110.0,-108.0
2026-09-12T09:19:17.490257-04:00,odds_api,401858443,UCLA Bruins,San Diego State Aztecs,betus,-12.5,,54.5,,-500.0,390.0,2026-09-12T23:15:00Z,-115.0,-110.0
2026-09-12T09:19:17.490257-04:00,odds_api,401858443,UCLA Bruins,San Diego State Aztecs,mybookieag,-12.5,,54.0,,-500.0,360.0,2026-09-12T23:15:00Z,-110.0,-110.0
2026-09-12T09:19:17.490257-04:00,odds_api,401858443,UCLA Bruins,San Diego State Aztecs,bovada,-13.0,,54.0,,-550.0,390.0,2026-09-12T23:15:00Z,-110.0,-110.0
2026-09-12T09:19:17.490257-04:00,odds_api,401858447,Wisconsin Badgers,Western Illinois Leathernecks,fanduel,-40.5,,50.5,,,,2026-09-12T23:15:00Z,-110.0,-108.0
2026-09-12T09:19:17.490257-04:00,odds_api,401858447,Wisconsin Badgers,Western Illinois Leathernecks,betrivers,-40.5,,50.5,,,,2026-09-12T23:15:00Z,-110.0,-110.0
2026-09-12T09:19:17.490257-04:00,odds_api,401858447,Wisconsin Badgers,Western Illinois Leathernecks,draftkings,-40.5,,50.5,,,,2026-09-12T23:15:00Z,-112.0,-105.0
2026-09-12T09:19:17.490257-04:00,odds_api,401858447,Wisconsin Badgers,Western Illinois Leathernecks,betonlineag,-41.5,,50.5,,,,2026-09-12T23:15:00Z,-110.0,-115.0
2026-09-12T09:19:17.490257-04:00,odds_api,401858447,Wisconsin Badgers,Western Illinois Leathernecks,lowvig,-41.5,,50.5,,,,2026-09-12T23:15:00Z,-110.0,-115.0
2026-09-12T09:19:17.490257-04:00,odds_api,401858447,Wisconsin Badgers,Western Illinois Leathernecks,bovada,-40.0,,50.0,,,,2026-09-12T23:15:00Z,-115.0,-105.0
2026-09-12T09:19:17.490257-04:00,odds_api,401858219,Clemson Tigers,Georgia Southern Eagles,draftkings,-19.5,,55.5,,-1200.0,750.0,2026-09-12T23:30:00Z,-115.0,-102.0
2026-09-12T09:19:17.490257-04:00,odds_api,401858219,Clemson Tigers,Georgia Southern Eagles,lowvig,-20.0,,55.5,,-1350.0,817.0,2026-09-12T23:30:00Z,-106.0,-103.0
2026-09-12T09:19:17.490257-04:00,odds_api,401858219,Clemson Tigers,Georgia Southern Eagles,betonlineag,-20.0,,55.5,,-1350.0,817.0,2026-09-12T23:30:00Z,-110.0,-105.0
2026-09-12T09:19:17.490257-04:00,odds_api,401858219,Clemson Tigers,Georgia Southern Eagles,betmgm,-19.5,,55.5,,-1200.0,825.0,2026-09-12T23:30:00Z,-110.0,-105.0
2026-09-12T09:19:17.490257-04:00,odds_api,401858219,Clemson Tigers,Georgia Southern Eagles,betus,-20.0,,55.0,,-1350.0,830.0,2026-09-12T23:30:00Z,-110.0,-110.0
2026-09-12T09:19:17.490257-04:00,odds_api,401858219,Clemson Tigers,Georgia Southern Eagles,mybookieag,-20.0,,55.0,,-1442.0,752.0,2026-09-12T23:30:00Z,-110.0,-110.0
2026-09-12T09:19:17.490257-04:00,odds_api,401858219,Clemson Tigers,Georgia Southern Eagles,betrivers,-20.5,,55.5,,-2500.0,950.0,2026-09-12T23:30:00Z,-113.0,-110.0
2026-09-12T09:19:17.490257-04:00,odds_api,401858219,Clemson Tigers,Georgia Southern Eagles,bovada,-19.5,,55.0,,-1400.0,750.0,2026-09-12T23:30:00Z,-115.0,-110.0
2026-09-12T09:19:17.490257-04:00,odds_api,401858219,Clemson Tigers,Georgia Southern Eagles,fanduel,-19.5,,54.5,,-1400.0,800.0,2026-09-12T23:30:00Z,-110.0,-115.0
2026-09-12T09:19:17.490257-04:00,odds_api,401868008,Coastal Carolina Chanticleers,Fordham Rams,fanduel,-35.5,,53.5,,-10000.0,3000.0,2026-09-12T23:30:00Z,-102.0,-110.0
2026-09-12T09:19:17.490257-04:00,odds_api,401868008,Coastal Carolina Chanticleers,Fordham Rams,betrivers,-34.5,,53.5,,,,2026-09-12T23:30:00Z,-112.0,-113.0
2026-09-12T09:19:17.490257-04:00,odds_api,401868008,Coastal Carolina Chanticleers,Fordham Rams,draftkings,-34.5,,53.5,,,,2026-09-12T23:30:00Z,-115.0,-110.0
2026-09-12T09:19:17.490257-04:00,odds_api,401868008,Coastal Carolina Chanticleers,Fordham Rams,betonlineag,-35.0,,53.0,,,,2026-09-12T23:30:00Z,-110.0,-110.0
2026-09-12T09:19:17.490257-04:00,odds_api,401868008,Coastal Carolina Chanticleers,Fordham Rams,lowvig,-35.0,,53.0,,,,2026-09-12T23:30:00Z,-110.0,-110.0
2026-09-12T09:19:17.490257-04:00,odds_api,401868008,Coastal Carolina Chanticleers,Fordham Rams,bovada,-34.5,,53.0,,,,2026-09-12T23:30:00Z,-110.0,-110.0
2026-09-12T09:19:17.490257-04:00,odds_api,401862703,Florida Atlantic Owls,Navy Midshipmen,draftkings,4.5,,58.5,,164.0,-198.0,2026-09-12T23:30:00Z,-112.0,-115.0
2026-09-12T09:19:17.490257-04:00,odds_api,401862703,Florida Atlantic Owls,Navy Midshipmen,betonlineag,4.0,,58.5,,165.0,-190.0,2026-09-12T23:30:00Z,-110.0,-107.0
2026-09-12T09:19:17.490257-04:00,odds_api,401862703,Florida Atlantic Owls,Navy Midshipmen,lowvig,4.0,,58.5,,165.0,-190.0,2026-09-12T23:30:00Z,-106.0,-105.0
2026-09-12T09:19:17.490257-04:00,odds_api,401862703,Florida Atlantic Owls,Navy Midshipmen,betmgm,4.0,,58.5,,160.0,-200.0,2026-09-12T23:30:00Z,-105.0,-110.0
2026-09-12T09:19:17.490257-04:00,odds_api,401862703,Florida Atlantic Owls,Navy Midshipmen,betus,4.0,,59.0,,163.0,-190.0,2026-09-12T23:30:00Z,-110.0,-110.0
2026-09-12T09:19:17.490257-04:00,odds_api,401862703,Florida Atlantic Owls,Navy Midshipmen,mybookieag,4.5,,59.0,,166.0,-208.0,2026-09-12T23:30:00Z,-110.0,-110.0
2026-09-12T09:19:17.490257-04:00,odds_api,401862703,Florida Atlantic Owls,Navy Midshipmen,betrivers,4.5,,58.5,,150.0,-195.0,2026-09-12T23:30:00Z,-113.0,-114.0
2026-09-12T09:19:17.490257-04:00,odds_api,401862703,Florida Atlantic Owls,Navy Midshipmen,bovada,4.0,,59.0,,165.0,-195.0,2026-09-12T23:30:00Z,-105.0,-105.0
2026-09-12T09:19:17.490257-04:00,odds_api,401862703,Florida Atlantic Owls,Navy Midshipmen,fanduel,4.5,,58.5,,160.0,-194.0,2026-09-12T23:30:00Z,-110.0,-115.0
2026-09-12T09:19:17.490257-04:00,odds_api,401856788,Iowa Hawkeyes,Iowa State Cyclones,fanduel,-13.5,,41.5,,-690.0,480.0,2026-09-12T23:30:00Z,-122.0,-104.0
2026-09-12T09:19:17.490257-04:00,odds_api,401856788,Iowa Hawkeyes,Iowa State Cyclones,mybookieag,-14.0,,41.5,,-752.0,500.0,2026-09-12T23:30:00Z,-110.0,-110.0
2026-09-12T09:19:17.490257-04:00,odds_api,401856788,Iowa Hawkeyes,Iowa State Cyclones,draftkings,-14.0,,41.5,,-625.0,455.0,2026-09-12T23:30:00Z,-112.0,-102.0
2026-09-12T09:19:17.490257-04:00,odds_api,401856788,Iowa Hawkeyes,Iowa State Cyclones,betrivers,-14.5,,41.5,,-715.0,460.0,2026-09-12T23:30:00Z,-110.0,-108.0
2026-09-12T09:19:17.490257-04:00,odds_api,401856788,Iowa Hawkeyes,Iowa State Cyclones,betmgm,-14.0,,41.5,,-625.0,475.0,2026-09-12T23:30:00Z,-108.0,-102.0
2026-09-12T09:19:17.490257-04:00,odds_api,401856788,Iowa Hawkeyes,Iowa State Cyclones,betonlineag,-14.0,,41.0,,-600.0,446.0,2026-09-12T23:30:00Z,-110.0,-110.0
2026-09-12T09:19:17.490257-04:00,odds_api,401856788,Iowa Hawkeyes,Iowa State Cyclones,lowvig,-14.0,,41.0,,-600.0,446.0,2026-09-12T23:30:00Z,-106.0,-108.0
2026-09-12T09:19:17.490257-04:00,odds_api,401856788,Iowa Hawkeyes,Iowa State Cyclones,betus,-14.0,,41.0,,-600.0,450.0,2026-09-12T23:30:00Z,-110.0,-110.0
2026-09-12T09:19:17.490257-04:00,odds_api,401856788,Iowa Hawkeyes,Iowa State Cyclones,bovada,-14.0,,41.5,,-625.0,430.0,2026-09-12T23:30:00Z,-115.0,-105.0
2026-09-12T09:19:17.490257-04:00,odds_api,401867796,LSU Tigers,Louisiana Tech Bulldogs,draftkings,-35.5,,55.5,,-20000.0,3500.0,2026-09-12T23:30:00Z,-102.0,-112.0
2026-09-12T09:19:17.490257-04:00,odds_api,401867796,LSU Tigers,Louisiana Tech Bulldogs,betonlineag,-35.0,,55.5,,,,2026-09-12T23:30:00Z,-110.0,-110.0
2026-09-12T09:19:17.490257-04:00,odds_api,401867796,LSU Tigers,Louisiana Tech Bulldogs,lowvig,-35.0,,55.5,,,,2026-09-12T23:30:00Z,-106.0,-108.0
2026-09-12T09:19:17.490257-04:00,odds_api,401867796,LSU Tigers,Louisiana Tech Bulldogs,betmgm,-35.5,,55.5,,-50000.0,5000.0,2026-09-12T23:30:00Z,-110.0,-115.0
2026-09-12T09:19:17.490257-04:00,odds_api,401867796,LSU Tigers,Louisiana Tech Bulldogs,betus,-35.0,,55.5,,,,2026-09-12T23:30:00Z,-110.0,-110.0
2026-09-12T09:19:17.490257-04:00,odds_api,401867796,LSU Tigers,Louisiana Tech Bulldogs,betrivers,-35.5,,55.5,,,,2026-09-12T23:30:00Z,-109.0,-112.0
2026-09-12T09:19:17.490257-04:00,odds_api,401867796,LSU Tigers,Louisiana Tech Bulldogs,mybookieag,-35.0,,55.5,,,,2026-09-12T23:30:00Z,-110.0,-110.0
2026-09-12T09:19:17.490257-04:00,odds_api,401867796,LSU Tigers,Louisiana Tech Bulldogs,bovada,-35.0,,56.0,,,,2026-09-12T23:30:00Z,-110.0,-110.0
2026-09-12T09:19:17.490257-04:00,odds_api,401867796,LSU Tigers,Louisiana Tech Bulldogs,fanduel,-35.5,,55.5,,,,2026-09-12T23:30:00Z,100.0,-114.0
2026-09-12T09:19:17.490257-04:00,odds_api,401856682,Texas Longhorns,Ohio State Buckeyes,fanduel,-1.5,,49.5,,-118.0,100.0,2026-09-12T23:30:00Z,-112.0,-115.0
2026-09-12T09:19:17.490257-04:00,odds_api,401856682,Texas Longhorns,Ohio State Buckeyes,bovada,-1.5,,50.0,,-120.0,100.0,2026-09-12T23:30:00Z,-110.0,-110.0
2026-09-12T09:19:17.490257-04:00,odds_api,401856682,Texas Longhorns,Ohio State Buckeyes,betmgm,-1.5,,49.5,,-125.0,105.0,2026-09-12T23:30:00Z,-110.0,-110.0
2026-09-12T09:19:17.490257-04:00,odds_api,401856682,Texas Longhorns,Ohio State Buckeyes,betrivers,-1.0,,49.5,,-124.0,100.0,2026-09-12T23:30:00Z,-115.0,-113.0
2026-09-12T09:19:17.490257-04:00,odds_api,401856682,Texas Longhorns,Ohio State Buckeyes,mybookieag,-1.5,,50.0,,-126.0,103.0,2026-09-12T23:30:00Z,-110.0,-110.0
2026-09-12T09:19:17.490257-04:00,odds_api,401856682,Texas Longhorns,Ohio State Buckeyes,draftkings,-1.5,,49.5,,-122.0,102.0,2026-09-12T23:30:00Z,-112.0,-110.0
2026-09-12T09:19:17.490257-04:00,odds_api,401856682,Texas Longhorns,Ohio State Buckeyes,lowvig,-1.0,,49.5,,-130.0,110.0,2026-09-12T23:30:00Z,-111.0,-108.0
2026-09-12T09:19:17.490257-04:00,odds_api,401856682,Texas Longhorns,Ohio State Buckeyes,betonlineag,-1.0,,49.5,,-130.0,110.0,2026-09-12T23:30:00Z,-115.0,-110.0
2026-09-12T09:19:17.490257-04:00,odds_api,401856682,Texas Longhorns,Ohio State Buckeyes,betus,-1.0,,50.0,,-125.0,105.0,2026-09-12T23:30:00Z,-115.0,-110.0
2026-09-12T09:19:17.490257-04:00,odds_api,401856783,Oregon State Beavers,Texas Tech Red Raiders,fanduel,26.5,,53.5,,1600.0,-4500.0,2026-09-12T23:30:00Z,-120.0,-110.0
2026-09-12T09:19:17.490257-04:00,odds_api,401856783,Oregon State Beavers,Texas Tech Red Raiders,draftkings,25.5,,53.5,,1500.0,-3600.0,2026-09-12T23:30:00Z,-108.0,-108.0
2026-09-12T09:19:17.490257-04:00,odds_api,401856783,Oregon State Beavers,Texas Tech Red Raiders,lowvig,25.5,,53.0,,1256.0,-3000.0,2026-09-12T23:30:00Z,-106.0,-108.0
2026-09-12T09:19:17.490257-04:00,odds_api,401856783,Oregon State Beavers,Texas Tech Red Raiders,betonlineag,25.5,,53.0,,1256.0,-3000.0,2026-09-12T23:30:00Z,-110.0,-110.0
2026-09-12T09:19:17.490257-04:00,odds_api,401856783,Oregon State Beavers,Texas Tech Red Raiders,betmgm,25.5,,53.5,,1550.0,-3000.0,2026-09-12T23:30:00Z,-110.0,-108.0
2026-09-12T09:19:17.490257-04:00,odds_api,401856783,Oregon State Beavers,Texas Tech Red Raiders,betus,25.5,,53.0,,1300.0,-3000.0,2026-09-12T23:30:00Z,-110.0,-110.0
2026-09-12T09:19:17.490257-04:00,odds_api,401856783,Oregon State Beavers,Texas Tech Red Raiders,betrivers,26.5,,53.5,,1700.0,-10000.0,2026-09-12T23:30:00Z,-114.0,-110.0
2026-09-12T09:19:17.490257-04:00,odds_api,401856783,Oregon State Beavers,Texas Tech Red Raiders,mybookieag,26.0,,53.0,,1075.0,-3030.0,2026-09-12T23:30:00Z,-110.0,-110.0
2026-09-12T09:19:17.490257-04:00,odds_api,401856783,Oregon State Beavers,Texas Tech Red Raiders,bovada,25.5,,53.5,,1100.0,-3500.0,2026-09-12T23:30:00Z,-110.0,-105.0
2026-09-12T09:19:17.490257-04:00,odds_api,401856671,Auburn Tigers,Southern Mississippi Golden Eagles,draftkings,-32.5,,56.5,,-8000.0,2200.0,2026-09-12T23:45:00Z,-110.0,-112.0
2026-09-12T09:19:17.490257-04:00,odds_api,401856671,Auburn Tigers,Southern Mississippi Golden Eagles,lowvig,-33.0,,57.0,,,,2026-09-12T23:45:00Z,-101.0,-114.0
2026-09-12T09:19:17.490257-04:00,odds_api,401856671,Auburn Tigers,Southern Mississippi Golden Eagles,betonlineag,-33.0,,57.0,,,,2026-09-12T23:45:00Z,-105.0,-115.0
2026-09-12T09:19:17.490257-04:00,odds_api,401856671,Auburn Tigers,Southern Mississippi Golden Eagles,betmgm,-32.5,,57.5,,-12500.0,3300.0,2026-09-12T23:45:00Z,-110.0,-108.0
2026-09-12T09:19:17.490257-04:00,odds_api,401856671,Auburn Tigers,Southern Mississippi Golden Eagles,betus,-33.0,,57.0,,,,2026-09-12T23:45:00Z,-110.0,-110.0
2026-09-12T09:19:17.490257-04:00,odds_api,401856671,Auburn Tigers,Southern Mississippi Golden Eagles,betrivers,-33.5,,56.5,,,,2026-09-12T23:45:00Z,-113.0,-112.0
2026-09-12T09:19:17.490257-04:00,odds_api,401856671,Auburn Tigers,Southern Mississippi Golden Eagles,mybookieag,-33.0,,57.0,,-8105.0,1582.0,2026-09-12T23:45:00Z,-110.0,-110.0
2026-09-12T09:19:17.490257-04:00,odds_api,401856671,Auburn Tigers,Southern Mississippi Golden Eagles,bovada,-33.0,,57.0,,,,2026-09-12T23:45:00Z,-105.0,-110.0
2026-09-12T09:19:17.490257-04:00,odds_api,401856671,Auburn Tigers,Southern Mississippi Golden Eagles,fanduel,-32.5,,56.5,,-10000.0,2400.0,2026-09-12T23:45:00Z,-115.0,-115.0
2026-09-12T09:19:17.490257-04:00,odds_api,401856676,Ole Miss Rebels,Charlotte 49ers,draftkings,-44.5,,59.5,,,,2026-09-12T23:45:00Z,-118.0,-112.0
2026-09-12T09:19:17.490257-04:00,odds_api,401856676,Ole Miss Rebels,Charlotte 49ers,betonlineag,-45.5,,60.0,,,,2026-09-12T23:45:00Z,-105.0,-110.0
2026-09-12T09:19:17.490257-04:00,odds_api,401856676,Ole Miss Rebels,Charlotte 49ers,fanduel,-45.5,,59.5,,,,2026-09-12T23:45:00Z,-104.0,-105.0
2026-09-12T09:19:17.490257-04:00,odds_api,401856676,Ole Miss Rebels,Charlotte 49ers,betrivers,-45.0,,59.5,,,,2026-09-12T23:45:00Z,-113.0,-109.0
2026-09-12T09:19:17.490257-04:00,odds_api,401856676,Ole Miss Rebels,Charlotte 49ers,betmgm,-45.5,,60.5,,,,2026-09-12T23:45:00Z,-108.0,-108.0
2026-09-12T09:19:17.490257-04:00,odds_api,401856676,Ole Miss Rebels,Charlotte 49ers,betus,-45.0,,60.0,,,,2026-09-12T23:45:00Z,-110.0,-110.0
2026-09-12T09:19:17.490257-04:00,odds_api,401856676,Ole Miss Rebels,Charlotte 49ers,bovada,-45.5,,59.5,,,,2026-09-12T23:45:00Z,100.0,-110.0
2026-09-12T09:19:17.490257-04:00,odds_api,401856784,Baylor Bears,Prairie View A&M Panthers,fanduel,-37.5,,55.5,,,,2026-09-13T00:00:00Z,-118.0,-115.0
2026-09-12T09:19:17.490257-04:00,odds_api,401856784,Baylor Bears,Prairie View A&M Panthers,betrivers,-37.5,,55.0,,,,2026-09-13T00:00:00Z,-114.0,-110.0
2026-09-12T09:19:17.490257-04:00,odds_api,401856784,Baylor Bears,Prairie View A&M Panthers,draftkings,-37.5,,55.5,,,,2026-09-13T00:00:00Z,-105.0,-110.0
2026-09-12T09:19:17.490257-04:00,odds_api,401856784,Baylor Bears,Prairie View A&M Panthers,lowvig,-37.5,,55.5,,,,2026-09-13T00:00:00Z,-105.0,-110.0
2026-09-12T09:19:17.490257-04:00,odds_api,401856784,Baylor Bears,Prairie View A&M Panthers,betonlineag,-37.5,,55.5,,,,2026-09-13T00:00:00Z,-105.0,-110.0
2026-09-12T09:19:17.490257-04:00,odds_api,401856784,Baylor Bears,Prairie View A&M Panthers,bovada,-37.5,,55.5,,,,2026-09-13T00:00:00Z,-110.0,-110.0
2026-09-12T09:19:17.490257-04:00,odds_api,401856789,TCU Horned Frogs,Grambling State Tigers,fanduel,-44.5,,55.5,,,,2026-09-13T00:00:00Z,-110.0,-108.0
2026-09-12T09:19:17.490257-04:00,odds_api,401856789,TCU Horned Frogs,Grambling State Tigers,betrivers,-43.5,,54.5,,,,2026-09-13T00:00:00Z,-114.0,-114.0
2026-09-12T09:19:17.490257-04:00,odds_api,401856789,TCU Horned Frogs,Grambling State Tigers,draftkings,-43.5,,55.5,,,,2026-09-13T00:00:00Z,-112.0,100.0
2026-09-12T09:19:17.490257-04:00,odds_api,401856789,TCU Horned Frogs,Grambling State Tigers,lowvig,-43.5,,54.5,,,,2026-09-13T00:00:00Z,-110.0,-115.0
2026-09-12T09:19:17.490257-04:00,odds_api,401856789,TCU Horned Frogs,Grambling State Tigers,betonlineag,-43.5,,54.5,,,,2026-09-13T00:00:00Z,-110.0,-115.0
2026-09-12T09:19:17.490257-04:00,odds_api,401856789,TCU Horned Frogs,Grambling State Tigers,bovada,-44.0,,55.5,,,,2026-09-13T00:00:00Z,-115.0,-105.0
2026-09-12T09:19:17.490257-04:00,odds_api,401864504,San Jose State Spartans,Cal Poly Mustangs,fanduel,-20.5,,57.5,,-2100.0,1000.0,2026-09-13T01:00:00Z,-120.0,-110.0
2026-09-12T09:19:17.490257-04:00,odds_api,401864504,San Jose State Spartans,Cal Poly Mustangs,draftkings,-20.5,,56.5,,-1650.0,950.0,2026-09-13T01:00:00Z,-110.0,-112.0
2026-09-12T09:19:17.490257-04:00,odds_api,401864504,San Jose State Spartans,Cal Poly Mustangs,betrivers,-20.0,,57.5,,-3335.0,1100.0,2026-09-13T01:00:00Z,-110.0,-110.0
2026-09-12T09:19:17.490257-04:00,odds_api,401864504,San Jose State Spartans,Cal Poly Mustangs,lowvig,-20.5,,56.5,,,,2026-09-13T01:00:00Z,-118.0,-110.0
2026-09-12T09:19:17.490257-04:00,odds_api,401864504,San Jose State Spartans,Cal Poly Mustangs,betonlineag,-20.5,,56.5,,,,2026-09-13T01:00:00Z,-118.0,-110.0
2026-09-12T09:19:17.490257-04:00,odds_api,401864504,San Jose State Spartans,Cal Poly Mustangs,bovada,-20.5,,56.5,,-1500.0,775.0,2026-09-13T01:00:00Z,-110.0,-110.0
2026-09-12T09:19:17.490257-04:00,odds_api,401864505,UTEP Miners,Texas Southern Tigers,fanduel,-25.5,,53.5,,-7000.0,2000.0,2026-09-13T01:00:00Z,-114.0,-110.0
2026-09-12T09:19:17.490257-04:00,odds_api,401864505,UTEP Miners,Texas Southern Tigers,betrivers,-25.5,,53.5,,,,2026-09-13T01:00:00Z,-113.0,-114.0
2026-09-12T09:19:17.490257-04:00,odds_api,401864505,UTEP Miners,Texas Southern Tigers,draftkings,-25.5,,52.5,,-4500.0,1700.0,2026-09-13T01:00:00Z,-108.0,-110.0
2026-09-12T09:19:17.490257-04:00,odds_api,401864505,UTEP Miners,Texas Southern Tigers,lowvig,-25.5,,52.5,,,,2026-09-13T01:00:00Z,-110.0,-110.0
2026-09-12T09:19:17.490257-04:00,odds_api,401864505,UTEP Miners,Texas Southern Tigers,betonlineag,-25.5,,52.5,,,,2026-09-13T01:00:00Z,-110.0,-110.0
2026-09-12T09:19:17.490257-04:00,odds_api,401864505,UTEP Miners,Texas Southern Tigers,bovada,-25.5,,53.0,,-4000.0,1200.0,2026-09-13T01:00:00Z,-110.0,-110.0
2026-09-12T09:19:17.490257-04:00,odds_api,401864502,Air Force Falcons,North Dakota State Bison,draftkings,1.5,,47.5,,105.0,-125.0,2026-09-13T02:00:00Z,-105.0,-108.0
2026-09-12T09:19:17.490257-04:00,odds_api,401864502,Air Force Falcons,North Dakota State Bison,lowvig,2.0,,47.0,,108.0,-128.0,2026-09-13T02:00:00Z,-106.0,-108.0
2026-09-12T09:19:17.490257-04:00,odds_api,401864502,Air Force Falcons,North Dakota State Bison,betonlineag,2.0,,47.0,,108.0,-128.0,2026-09-13T02:00:00Z,-110.0,-110.0
2026-09-12T09:19:17.490257-04:00,odds_api,401864502,Air Force Falcons,North Dakota State Bison,betus,2.0,,47.0,,110.0,-130.0,2026-09-13T02:00:00Z,-110.0,-110.0
2026-09-12T09:19:17.490257-04:00,odds_api,401864502,Air Force Falcons,North Dakota State Bison,mybookieag,2.0,,47.0,,105.0,-128.0,2026-09-13T02:00:00Z,-110.0,-110.0
2026-09-12T09:19:17.490257-04:00,odds_api,401864502,Air Force Falcons,North Dakota State Bison,betrivers,2.5,,47.5,,110.0,-136.0,2026-09-13T02:00:00Z,-113.0,-112.0
2026-09-12T09:19:17.490257-04:00,odds_api,401864502,Air Force Falcons,North Dakota State Bison,bovada,2.0,,47.0,,100.0,-120.0,2026-09-13T02:00:00Z,-115.0,-110.0
2026-09-12T09:19:17.490257-04:00,odds_api,401864502,Air Force Falcons,North Dakota State Bison,betmgm,2.0,,47.5,,105.0,-130.0,2026-09-13T02:00:00Z,-110.0,-105.0
2026-09-12T09:19:17.490257-04:00,odds_api,401864502,Air Force Falcons,North Dakota State Bison,fanduel,2.5,,47.5,,106.0,-128.0,2026-09-13T02:00:00Z,-115.0,-110.0
2026-09-12T09:19:17.490257-04:00,odds_api,401856670,Utah Utes,Arkansas Razorbacks,draftkings,-12.5,,55.5,,-520.0,390.0,2026-09-13T02:15:00Z,-110.0,-112.0
2026-09-12T09:19:17.490257-04:00,odds_api,401856670,Utah Utes,Arkansas Razorbacks,fanduel,-12.5,,55.5,,-500.0,385.0,2026-09-13T02:15:00Z,-110.0,-110.0
2026-09-12T09:19:17.490257-04:00,odds_api,401856670,Utah Utes,Arkansas Razorbacks,mybookieag,-12.5,,55.5,,-526.0,380.0,2026-09-13T02:15:00Z,-110.0,-110.0
2026-09-12T09:19:17.490257-04:00,odds_api,401856670,Utah Utes,Arkansas Razorbacks,betrivers,-12.5,,55.5,,-590.0,400.0,2026-09-13T02:15:00Z,-109.0,-109.0
2026-09-12T09:19:17.490257-04:00,odds_api,401856670,Utah Utes,Arkansas Razorbacks,betmgm,-12.5,,55.5,,-500.0,380.0,2026-09-13T02:15:00Z,-108.0,-108.0
2026-09-12T09:19:17.490257-04:00,odds_api,401856670,Utah Utes,Arkansas Razorbacks,betonlineag,-11.5,,55.5,,-470.0,364.0,2026-09-13T02:15:00Z,-117.0,-110.0
2026-09-12T09:19:17.490257-04:00,odds_api,401856670,Utah Utes,Arkansas Razorbacks,betus,-11.5,,55.5,,-470.0,370.0,2026-09-13T02:15:00Z,-115.0,-110.0
2026-09-12T09:19:17.490257-04:00,odds_api,401856670,Utah Utes,Arkansas Razorbacks,bovada,-12.5,,55.5,,-525.0,375.0,2026-09-13T02:15:00Z,-115.0,-110.0
2026-09-12T09:19:17.490257-04:00,odds_api,401860883,Fresno State Bulldogs,Sacramento State Hornets,draftkings,-17.5,,44.5,,-950.0,625.0,2026-09-13T02:30:00Z,-110.0,-118.0
2026-09-12T09:19:17.490257-04:00,odds_api,401860883,Fresno State Bulldogs,Sacramento State Hornets,lowvig,-17.5,,44.5,,-1100.0,709.0,2026-09-13T02:30:00Z,-106.0,-108.0
2026-09-12T09:19:17.490257-04:00,odds_api,401860883,Fresno State Bulldogs,Sacramento State Hornets,betonlineag,-17.5,,44.5,,-1100.0,709.0,2026-09-13T02:30:00Z,-110.0,-110.0
2026-09-12T09:19:17.490257-04:00,odds_api,401860883,Fresno State Bulldogs,Sacramento State Hornets,betmgm,-17.5,,44.5,,-1000.0,700.0,2026-09-13T02:30:00Z,-108.0,-112.0
2026-09-12T09:19:17.490257-04:00,odds_api,401860883,Fresno State Bulldogs,Sacramento State Hornets,betus,-17.5,,44.5,,-1100.0,700.0,2026-09-13T02:30:00Z,-110.0,-110.0
2026-09-12T09:19:17.490257-04:00,odds_api,401860883,Fresno State Bulldogs,Sacramento State Hornets,mybookieag,-18.0,,44.5,,-1205.0,700.0,2026-09-13T02:30:00Z,-110.0,-110.0
2026-09-12T09:19:17.490257-04:00,odds_api,401860883,Fresno State Bulldogs,Sacramento State Hornets,bovada,-17.5,,45.0,,-1000.0,625.0,2026-09-13T02:30:00Z,-110.0,-105.0
2026-09-12T09:19:17.490257-04:00,odds_api,401860883,Fresno State Bulldogs,Sacramento State Hornets,betrivers,-18.0,,44.5,,-1250.0,700.0,2026-09-13T02:30:00Z,-112.0,-113.0
2026-09-12T09:19:17.490257-04:00,odds_api,401860883,Fresno State Bulldogs,Sacramento State Hornets,fanduel,-17.5,,44.5,,-1100.0,680.0,2026-09-13T02:30:00Z,-112.0,-115.0
2026-09-12T09:19:17.490257-04:00,odds_api,401864500,Nevada Wolf Pack,Montana State Bobcats,fanduel,3.5,,50.5,,134.0,-162.0,2026-09-13T02:30:00Z,-122.0,-108.0
2026-09-12T09:19:17.490257-04:00,odds_api,401864500,Nevada Wolf Pack,Montana State Bobcats,betrivers,3.0,,50.5,,135.0,-167.0,2026-09-13T02:30:00Z,-106.0,-109.0
2026-09-12T09:19:17.490257-04:00,odds_api,401864500,Nevada Wolf Pack,Montana State Bobcats,draftkings,3.5,,49.5,,140.0,-166.0,2026-09-13T02:30:00Z,-112.0,-112.0
2026-09-12T09:19:17.490257-04:00,odds_api,401864500,Nevada Wolf Pack,Montana State Bobcats,betonlineag,3.5,,50.5,,,,2026-09-13T02:30:00Z,-118.0,-105.0
2026-09-12T09:19:17.490257-04:00,odds_api,401864500,Nevada Wolf Pack,Montana State Bobcats,lowvig,3.5,,50.5,,,,2026-09-13T02:30:00Z,-118.0,-105.0
2026-09-12T09:19:17.490257-04:00,odds_api,401864500,Nevada Wolf Pack,Montana State Bobcats,bovada,3.5,,50.0,,150.0,-175.0,2026-09-13T02:30:00Z,-110.0,-110.0
2026-09-12T09:19:17.490257-04:00,odds_api,401858445,USC Trojans,Louisiana Ragin Cajuns,draftkings,-31.5,,59.5,,-9000.0,2500.0,2026-09-13T03:00:00Z,-105.0,-105.0
2026-09-12T09:19:17.490257-04:00,odds_api,401858445,USC Trojans,Louisiana Ragin Cajuns,lowvig,-31.0,,59.5,,-10000.0,1787.0,2026-09-13T03:00:00Z,-101.0,-103.0
2026-09-12T09:19:17.490257-04:00,odds_api,401858445,USC Trojans,Louisiana Ragin Cajuns,betonlineag,-31.0,,59.5,,-10000.0,1787.0,2026-09-13T03:00:00Z,-105.0,-105.0
2026-09-12T09:19:17.490257-04:00,odds_api,401858445,USC Trojans,Louisiana Ragin Cajuns,betmgm,-31.5,,59.5,,-10000.0,3000.0,2026-09-13T03:00:00Z,-110.0,-110.0
2026-09-12T09:19:17.490257-04:00,odds_api,401858445,USC Trojans,Louisiana Ragin Cajuns,betus,-31.0,,59.5,,,,2026-09-13T03:00:00Z,-110.0,-110.0
2026-09-12T09:19:17.490257-04:00,odds_api,401858445,USC Trojans,Louisiana Ragin Cajuns,betrivers,-31.0,,59.0,,,,2026-09-13T03:00:00Z,-110.0,-109.0
2026-09-12T09:19:17.490257-04:00,odds_api,401858445,USC Trojans,Louisiana Ragin Cajuns,bovada,-31.0,,59.5,,-10000.0,1600.0,2026-09-13T03:00:00Z,-110.0,-105.0
2026-09-12T09:19:17.490257-04:00,odds_api,401858445,USC Trojans,Louisiana Ragin Cajuns,mybookieag,-31.0,,59.0,,-18149.0,1559.0,2026-09-13T03:00:00Z,-110.0,-110.0
2026-09-12T09:19:17.490257-04:00,odds_api,401858445,USC Trojans,Louisiana Ragin Cajuns,fanduel,-31.5,,59.5,,-10000.0,3000.0,2026-09-13T03:00:00Z,-104.0,-105.0
2026-09-12T12:35:16.756754-04:00,cfbd,401856670,Utah,Arkansas,DraftKings,-12.5,-9.5,55.5,54.5,-500.0,380.0,,,
2026-09-12T12:35:16.756754-04:00,cfbd,401856670,Utah,Arkansas,Bovada,-12.5,-13.0,55.5,57.0,-525.0,375.0,,,
2026-09-12T12:35:16.756754-04:00,cfbd,401856788,Iowa,Iowa State,DraftKings,-14.0,-11.5,41.5,41.5,-600.0,455.0,,,
2026-09-12T12:35:16.756754-04:00,cfbd,401856788,Iowa,Iowa State,Bovada,-14.0,-14.0,41.5,41.0,-650.0,450.0,,,
2026-09-12T12:35:16.756754-04:00,cfbd,401856682,Texas,Ohio State,DraftKings,-1.5,-1.5,49.5,,-122.0,102.0,,,
2026-09-12T12:35:16.756754-04:00,cfbd,401856682,Texas,Ohio State,Bovada,-2.0,-2.5,50.0,47.5,-110.0,-110.0,,,
2026-09-12T12:35:16.756754-04:00,cfbd,401858443,UCLA,San Diego State,DraftKings,-13.5,-8.5,54.5,,-500.0,380.0,,,
2026-09-12T12:35:16.756754-04:00,cfbd,401858443,UCLA,San Diego State,Bovada,-13.5,-11.5,54.0,53.0,-490.0,355.0,,,
2026-09-12T12:35:16.756754-04:00,cfbd,401856810,BYU,Arizona,DraftKings,-7.0,-6.5,48.5,,-270.0,220.0,,,
2026-09-12T12:35:16.756754-04:00,cfbd,401856810,BYU,Arizona,Bovada,-7.0,-7.5,49.0,50.5,-310.0,255.0,,,
2026-09-12T12:35:16.756754-04:00,cfbd,401856674,Kentucky,Alabama,DraftKings,8.5,10.5,46.5,,285.0,-360.0,,,
2026-09-12T12:35:16.756754-04:00,cfbd,401856674,Kentucky,Alabama,Bovada,8.5,10.5,47.0,49.0,320.0,-430.0,,,
2026-09-12T12:35:16.756754-04:00,cfbd,401856681,Georgia Tech,Tennessee,DraftKings,12.5,8.5,55.5,,360.0,-470.0,,,
2026-09-12T12:35:16.756754-04:00,cfbd,401856681,Georgia Tech,Tennessee,Bovada,12.0,13.5,55.5,55.0,390.0,-550.0,,,
2026-09-12T12:35:16.756754-04:00,cfbd,401860881,Boise State,Memphis,DraftKings,-9.5,-6.5,55.5,,-375.0,295.0,,,
2026-09-12T12:35:16.756754-04:00,cfbd,401860881,Boise State,Memphis,Bovada,-9.0,-7.5,55.0,55.5,-330.0,265.0,,,
2026-09-12T12:35:16.756754-04:00,cfbd,401858217,Illinois,Duke,DraftKings,-6.0,-8.5,51.5,,-245.0,200.0,,,
2026-09-12T12:35:16.756754-04:00,cfbd,401858217,Illinois,Duke,Bovada,-6.0,-6.0,51.5,53.5,-235.0,195.0,,,
2026-09-12T12:35:16.756754-04:00,cfbd,401860884,Texas State,UTSA,DraftKings,-2.5,-1.5,65.5,,-142.0,120.0,,,
2026-09-12T12:35:16.756754-04:00,cfbd,401860884,Texas State,UTSA,Bovada,-2.5,1.0,65.5,64.5,-110.0,-110.0,,,
2026-09-12T12:35:16.756754-04:00,cfbd,401858216,Syracuse,California,DraftKings,-3.5,1.5,56.5,52.5,-192.0,160.0,,,
2026-09-12T12:35:16.756754-04:00,cfbd,401858216,Syracuse,California,Bovada,-3.5,-3.0,57.0,56.0,-165.0,140.0,,,
2026-09-12T12:35:16.756754-04:00,cfbd,401856790,Pittsburgh,UCF,DraftKings,-7.0,-8.5,55.5,51.5,-298.0,240.0,,,
2026-09-12T12:35:16.756754-04:00,cfbd,401856790,Pittsburgh,UCF,Bovada,-7.0,-7.5,55.0,57.0,-300.0,250.0,,,
2026-09-12T12:35:16.756754-04:00,cfbd,401858446,Washington,Utah State,DraftKings,-28.5,-24.5,55.5,56.5,-6500.0,2000.0,,,
2026-09-12T12:35:16.756754-04:00,cfbd,401858446,Washington,Utah State,Bovada,-28.0,-26.5,55.5,55.5,-5000.0,1300.0,,,
2026-09-12T12:35:16.756754-04:00,cfbd,401856783,Oregon State,Texas Tech,DraftKings,25.5,27.5,53.5,49.5,1400.0,-3200.0,,,
2026-09-12T12:35:16.756754-04:00,cfbd,401856783,Oregon State,Texas Tech,Bovada,25.5,26.5,53.5,51.5,1300.0,-5000.0,,,
2026-09-12T12:35:16.756754-04:00,cfbd,401864575,Tulane,South Alabama,DraftKings,-9.5,-10.0,48.5,55.5,-375.0,295.0,,,
2026-09-12T12:35:16.756754-04:00,cfbd,401864575,Tulane,South Alabama,Bovada,-9.5,-10.0,48.5,50.5,-420.0,315.0,,,
2026-09-12T12:35:16.756754-04:00,cfbd,401856673,Georgia,Western Kentucky,DraftKings,-40.5,-35.5,55.5,52.5,,,,,
2026-09-12T12:35:16.756754-04:00,cfbd,401856673,Georgia,Western Kentucky,Bovada,-40.0,-39.5,56.0,54.0,,,,,
2026-09-12T12:35:16.756754-04:00,cfbd,401858444,UConn,Maryland,DraftKings,11.5,12.5,52.5,53.5,360.0,-470.0,,,
2026-09-12T12:35:16.756754-04:00,cfbd,401858444,UConn,Maryland,Bovada,11.5,12.5,52.5,53.5,360.0,-500.0,,,
2026-09-12T12:35:16.756754-04:00,cfbd,401862705,North Texas,UNLV,DraftKings,3.0,6.5,57.5,61.5,136.0,-162.0,,,
2026-09-12T12:35:16.756754-04:00,cfbd,401862705,North Texas,UNLV,Bovada,3.0,4.5,58.0,57.0,160.0,-185.0,,,
2026-09-12T12:35:16.756754-04:00,cfbd,401871045,Marshall,Middle Tennessee,DraftKings,-13.5,-17.5,56.5,57.5,-520.0,390.0,,,
2026-09-12T12:35:16.756754-04:00,cfbd,401871045,Marshall,Middle Tennessee,Bovada,-13.0,-14.0,56.0,57.5,-750.0,500.0,,,
2026-09-12T12:35:16.756754-04:00,cfbd,401859184,Notre Dame,Rice,DraftKings,-44.5,-44.5,54.5,52.5,,,,,
2026-09-12T12:35:16.756754-04:00,cfbd,401859184,Notre Dame,Rice,Bovada,-45.0,-44.5,54.5,54.5,,,,,
2026-09-12T12:35:16.756754-04:00,cfbd,401858440,Michigan State,Eastern Michigan,DraftKings,-17.5,-15.5,49.5,51.5,-850.0,575.0,,,
2026-09-12T12:35:16.756754-04:00,cfbd,401858440,Michigan State,Eastern Michigan,Bovada,-17.0,-17.0,50.0,51.0,-1000.0,625.0,,,
2026-09-12T12:35:16.756754-04:00,cfbd,401866418,Ohio,Jacksonville State,DraftKings,-2.5,-2.5,50.5,48.5,-130.0,110.0,,,
2026-09-12T12:35:16.756754-04:00,cfbd,401866418,Ohio,Jacksonville State,Bovada,-1.5,-2.0,50.0,51.5,-125.0,105.0,,,
2026-09-12T12:35:16.756754-04:00,cfbd,401864578,Hawai'i,New Mexico State,DraftKings,-7.5,-11.5,50.5,51.5,-298.0,240.0,,,
2026-09-12T12:35:16.756754-04:00,cfbd,401864578,Hawai'i,New Mexico State,Bovada,-7.5,-10.0,50.0,50.5,-410.0,305.0,,,
2026-09-12T12:35:16.756754-04:00,cfbd,401858441,Nebraska,Bowling Green,DraftKings,-30.5,-25.5,49.5,48.5,-6500.0,2000.0,,,
2026-09-12T12:35:16.756754-04:00,cfbd,401858441,Nebraska,Bowling Green,Bovada,-30.0,-29.0,50.0,52.0,-10000.0,1600.0,,,
2026-09-12T12:35:16.756754-04:00,cfbd,401858445,USC,Louisiana,DraftKings,-30.5,-28.5,59.5,63.5,-5000.0,1800.0,,,
2026-09-12T12:35:16.756754-04:00,cfbd,401858445,USC,Louisiana,Bovada,-31.0,-31.0,59.5,60.0,-10000.0,1600.0,,,
2026-09-12T12:35:16.756754-04:00,cfbd,401858219,Clemson,Georgia Southern,DraftKings,-19.5,-26.5,55.5,57.5,-1200.0,750.0,,,
2026-09-12T12:35:16.756754-04:00,cfbd,401858219,Clemson,Georgia Southern,Bovada,-19.5,-21.0,55.0,55.5,-1800.0,850.0,,,
2026-09-12T12:35:16.756754-04:00,cfbd,401862708,UAB,UL Monroe,DraftKings,-9.5,-7.5,54.5,54.5,-360.0,285.0,,,
2026-09-12T12:35:16.756754-04:00,cfbd,401862708,UAB,UL Monroe,Bovada,-9.5,-10.5,54.0,56.0,-435.0,325.0,,,
2026-09-12T12:35:16.756754-04:00,cfbd,401856677,Minnesota,Mississippi State,DraftKings,1.5,-2.5,54.5,,-105.0,-115.0,,,
2026-09-12T12:35:16.756754-04:00,cfbd,401856677,Minnesota,Mississippi State,Bovada,1.0,1.0,55.0,55.5,-115.0,-105.0,,,
2026-09-12T12:35:16.756754-04:00,cfbd,401856676,Ole Miss,Charlotte,DraftKings,-45.5,-46.5,59.5,61.5,,,,,
2026-09-12T12:35:16.756754-04:00,cfbd,401856676,Ole Miss,Charlotte,Bovada,-45.5,-47.5,59.5,61.5,,,,,
2026-09-12T12:35:16.756754-04:00,cfbd,401866414,Florida International,Buffalo,DraftKings,-10.0,-10.5,47.5,51.5,-410.0,320.0,,,
2026-09-12T12:35:16.756754-04:00,cfbd,401866414,Florida International,Buffalo,Bovada,-10.0,-10.0,47.5,48.5,-415.0,310.0,,,
2026-09-12T12:35:16.756754-04:00,cfbd,401860883,Fresno State,Sacramento State,DraftKings,-17.5,-18.5,44.5,48.5,-900.0,600.0,,,
2026-09-12T12:35:16.756754-04:00,cfbd,401860883,Fresno State,Sacramento State,Bovada,-17.5,-18.0,44.5,46.0,-1100.0,650.0,,,
2026-09-12T12:35:16.756754-04:00,cfbd,401862707,Sam Houston,Tulsa,DraftKings,12.5,10.5,51.5,53.5,380.0,-500.0,,,
2026-09-12T12:35:16.756754-04:00,cfbd,401862707,Sam Houston,Tulsa,Bovada,12.5,13.5,52.0,52.0,425.0,-600.0,,,
2026-09-12T12:35:16.756754-04:00,cfbd,401864502,Air Force,North Dakota State,DraftKings,1.5,6.5,47.5,49.5,105.0,-125.0,,,
2026-09-12T12:35:16.756754-04:00,cfbd,401864502,Air Force,North Dakota State,Bovada,2.0,3.5,47.5,47.5,140.0,-165.0,,,
2026-09-12T12:35:16.756754-04:00,cfbd,401867796,LSU,Louisiana Tech,DraftKings,-35.5,-31.5,55.5,55.5,-20000.0,3500.0,,,
2026-09-12T12:35:16.756754-04:00,cfbd,401867796,LSU,Louisiana Tech,Bovada,-35.0,-33.5,56.0,55.5,,,,,
2026-09-12T12:35:16.756754-04:00,cfbd,401856684,Vanderbilt,Delaware,DraftKings,-21.0,-21.5,54.5,55.5,-1350.0,800.0,,,
2026-09-12T12:35:16.756754-04:00,cfbd,401856684,Vanderbilt,Delaware,Bovada,-21.0,-21.0,55.0,53.5,-1800.0,850.0,,,
2026-09-12T12:35:16.756754-04:00,cfbd,401869955,Kennesaw State,Georgia State,DraftKings,-8.5,-9.5,54.5,50.5,-340.0,270.0,,,
2026-09-12T12:35:16.756754-04:00,cfbd,401869955,Kennesaw State,Georgia State,Bovada,-8.0,-9.0,54.5,51.0,-360.0,280.0,,,
2026-09-12T12:35:16.756754-04:00,cfbd,401856671,Auburn,Southern Miss,DraftKings,-32.5,-29.5,57.5,52.5,-10000.0,3000.0,,,
2026-09-12T12:35:16.756754-04:00,cfbd,401856671,Auburn,Southern Miss,Bovada,-33.0,-30.0,57.0,53.0,,,,,
2026-09-12T12:35:16.756754-04:00,cfbd,401862703,Florida Atlantic,Navy,DraftKings,4.0,6.5,59.5,57.5,164.0,-198.0,,,
2026-09-12T12:35:16.756754-04:00,cfbd,401862703,Florida Atlantic,Navy,Bovada,4.0,5.5,59.5,59.0,185.0,-225.0,,,
2026-09-12T12:35:16.756754-04:00,cfbd,401856791,West Virginia,UT Martin,Bovada,-41.5,-42.0,57.5,55.5,,,,,
2026-09-12T12:35:16.756754-04:00,cfbd,401856791,West Virginia,UT Martin,DraftKings,-41.5,-40.5,56.5,55.5,,,,,
2026-09-12T12:35:16.756754-04:00,cfbd,401866412,Akron,Robert Morris,DraftKings,-27.5,-27.5,46.5,41.5,-3600.0,1500.0,,,
2026-09-12T12:35:16.756754-04:00,cfbd,401866412,Akron,Robert Morris,Bovada,-28.0,-27.5,46.5,44.0,-6500.0,1300.0,,,
2026-09-12T12:35:16.756754-04:00,cfbd,401866630,Maine,Merrimack,DraftKings,-10.0,-10.0,47.5,47.5,-431.0,314.0,,,
2026-09-12T12:35:16.756754-04:00,cfbd,401866629,Hampton,Bryant,DraftKings,3.5,3.5,48.5,48.5,132.0,-165.0,,,
2026-09-12T12:35:16.756754-04:00,cfbd,401866631,New Hampshire,Stonehill,DraftKings,-13.5,-13.5,43.5,43.5,-589.0,405.0,,,
2026-09-12T12:35:16.756754-04:00,cfbd,401868093,Idaho,Lamar,DraftKings,-3.5,-1.5,51.5,49.5,-175.0,139.0,,,
2026-09-12T12:35:16.756754-04:00,cfbd,401856785,Colorado,Weber State,DraftKings,-38.5,-33.5,57.5,53.5,-8000.0,2200.0,,,
2026-09-12T12:35:16.756754-04:00,cfbd,401856785,Colorado,Weber State,Bovada,-38.0,-34.5,57.0,55.5,,,,,
2026-09-12T12:35:16.756754-04:00,cfbd,401872616,South Dakota State,New Haven,DraftKings,-43.5,-44.5,55.5,55.5,,,,,
2026-09-12T12:35:16.756754-04:00,cfbd,401856786,Cincinnati,Western Carolina,DraftKings,-36.5,-36.5,60.5,60.5,,,,,
2026-09-12T12:35:16.756754-04:00,cfbd,401856786,Cincinnati,Western Carolina,Bovada,-36.5,-36.5,60.5,60.5,,,,,
2026-09-12T12:35:16.756754-04:00,cfbd,401866415,Central Michigan,Colgate,DraftKings,-18.5,-23.5,49.5,49.5,-1600.0,900.0,,,
2026-09-12T12:35:16.756754-04:00,cfbd,401866415,Central Michigan,Colgate,Bovada,-18.5,-22.0,49.0,49.5,-1600.0,850.0,,,
2026-09-12T12:35:16.756754-04:00,cfbd,401866417,Miami (OH),Holy Cross,DraftKings,-30.5,-30.5,47.5,49.5,-6500.0,2000.0,,,
2026-09-12T12:35:16.756754-04:00,cfbd,401866417,Miami (OH),Holy Cross,Bovada,-30.5,-30.5,47.0,50.0,,,,,
2026-09-12T12:35:16.756754-04:00,cfbd,401868195,Alabama A&M,Tennessee State,DraftKings,2.5,1.5,49.5,49.5,121.0,-150.0,,,
2026-09-12T12:35:16.756754-04:00,cfbd,401866419,Toledo,Central Connecticut,Bovada,-36.5,-36.0,52.5,54.5,,,,,
2026-09-12T12:35:16.756754-04:00,cfbd,401866419,Toledo,Central Connecticut,DraftKings,-36.5,-33.5,52.5,55.5,-20000.0,3500.0,,,
2026-09-12T12:35:16.756754-04:00,cfbd,401868123,Northern Arizona,Incarnate Word,DraftKings,-4.5,-4.5,54.5,54.5,-186.0,148.0,,,
2026-09-12T12:35:16.756754-04:00,cfbd,401864504,San José State,Cal Poly,DraftKings,-21.5,-20.5,58.5,56.5,-1800.0,1000.0,,,
2026-09-12T12:35:16.756754-04:00,cfbd,401864504,San José State,Cal Poly,Bovada,-21.0,-20.5,58.0,56.5,-1500.0,775.0,,,
2026-09-12T12:35:16.756754-04:00,cfbd,401866420,Massachusetts,Sacred Heart,DraftKings,-23.5,-23.5,53.5,53.5,-2400.0,1200.0,,,
2026-09-12T12:35:16.756754-04:00,cfbd,401866420,Massachusetts,Sacred Heart,Bovada,-23.5,-23.5,53.5,53.5,-2500.0,1000.0,,,
2026-09-12T12:35:16.756754-04:00,cfbd,401869130,East Texas A&M,Northwestern State,DraftKings,-20.5,-20.5,51.5,51.5,-1480.0,760.0,,,
2026-09-12T12:35:16.756754-04:00,cfbd,401868150,SE Louisiana,North Alabama,DraftKings,-6.5,-6.5,49.5,49.5,-212.0,167.0,,,
2026-09-12T12:35:16.756754-04:00,cfbd,401868008,Coastal Carolina,Fordham,DraftKings,-35.5,-31.5,53.5,52.5,-100000.0,5000.0,,,
2026-09-12T12:35:16.756754-04:00,cfbd,401868008,Coastal Carolina,Fordham,Bovada,-35.5,-34.5,53.5,53.0,,,,,
2026-09-12T12:35:16.756754-04:00,cfbd,401856789,TCU,Grambling,DraftKings,-44.5,-43.5,56.5,53.5,,,,,
2026-09-12T12:35:16.756754-04:00,cfbd,401856789,TCU,Grambling,Bovada,-44.5,-44.0,56.0,54.5,,,,,
2026-09-12T12:35:16.756754-04:00,cfbd,401866413,Ball State,Stony Brook,Bovada,-14.0,-14.0,53.0,54.5,-625.0,430.0,,,
2026-09-12T12:35:16.756754-04:00,cfbd,401866413,Ball State,Stony Brook,DraftKings,-13.5,-14.5,53.5,57.5,-550.0,410.0,,,
2026-09-12T12:35:16.756754-04:00,cfbd,401868246,Nicholls,UT Rio Grande Valley,DraftKings,5.5,5.5,50.5,50.5,177.0,-225.0,,,
2026-09-12T12:35:16.756754-04:00,cfbd,401856784,Baylor,Prairie View A&M,DraftKings,-37.5,-37.5,55.5,56.5,,,,,
2026-09-12T12:35:16.756754-04:00,cfbd,401856784,Baylor,Prairie View A&M,Bovada,-37.5,-37.5,55.5,55.5,,,,,
2026-09-12T12:35:16.756754-04:00,cfbd,401868241,Arkansas State,West Georgia,DraftKings,-31.5,-31.5,56.5,56.5,-10000.0,3000.0,,,
2026-09-12T12:35:16.756754-04:00,cfbd,401868241,Arkansas State,West Georgia,Bovada,-31.5,-31.5,56.0,56.5,,,,,
2026-09-12T12:35:16.756754-04:00,cfbd,401867876,Portland State,North Dakota,DraftKings,25.5,25.5,60.5,58.5,1240.0,-4600.0,,,
2026-09-12T12:35:16.756754-04:00,cfbd,401868355,Alcorn State,Arkansas-Pine Bluff,DraftKings,-8.5,-8.5,49.5,49.5,-346.0,261.0,,,
2026-09-12T12:35:16.756754-04:00,cfbd,401860882,Colorado State,Southern Utah,DraftKings,-20.5,-20.5,57.5,56.5,-1350.0,800.0,,,
2026-09-12T12:35:16.756754-04:00,cfbd,401860882,Colorado State,Southern Utah,Bovada,-20.5,-20.0,57.0,56.5,-1400.0,750.0,,,
2026-09-12T12:35:16.756754-04:00,cfbd,401864506,Wyoming,Northern Colorado,DraftKings,-23.5,-22.5,44.5,47.5,-1800.0,1000.0,,,
2026-09-12T12:35:16.756754-04:00,cfbd,401864506,Wyoming,Northern Colorado,Bovada,-22.5,-22.5,44.0,47.5,-2000.0,950.0,,,
2026-09-12T12:35:16.756754-04:00,cfbd,401868112,Montana,Utah Tech,Bovada,-38.5,-38.5,56.5,56.5,,,,,
2026-09-12T12:35:16.756754-04:00,cfbd,401868112,Montana,Utah Tech,DraftKings,-36.5,-38.5,57.5,56.5,,,,,
2026-09-12T12:35:16.756754-04:00,cfbd,401858223,SMU,UC Davis,DraftKings,-32.5,-24.5,58.5,58.5,-3600.0,1500.0,,,
2026-09-12T12:35:16.756754-04:00,cfbd,401858223,SMU,UC Davis,Bovada,-32.5,-29.5,59.0,58.5,,,,,
2026-09-12T12:35:16.756754-04:00,cfbd,401868374,Mercer,Furman,DraftKings,-15.5,-15.5,54.5,54.5,-670.0,447.0,,,
2026-09-12T12:35:16.756754-04:00,cfbd,401868236,McNeese,Tarleton State,DraftKings,20.5,20.5,56.5,56.5,690.0,-1280.0,,,
2026-09-12T12:35:16.756754-04:00,cfbd,401868326,Troy,Alabama State,DraftKings,-23.5,,51.5,51.5,-2100.0,1100.0,,,
2026-09-12T12:35:16.756754-04:00,cfbd,401868326,Troy,Alabama State,Bovada,-23.5,-22.5,52.0,51.5,-2000.0,950.0,,,
2026-09-12T12:35:16.756754-04:00,cfbd,401868171,The Citadel,Charleston Southern,DraftKings,-1.5,1.5,45.5,45.5,-136.0,109.0,,,
2026-09-12T12:35:16.756754-04:00,cfbd,401868061,Austin Peay,Morehead State,DraftKings,-36.5,-34.5,63.5,62.5,,,,,
2026-09-12T12:35:16.756754-04:00,cfbd,401867856,Eastern Illinois,Indiana State,DraftKings,1.5,1.5,49.5,49.5,-103.0,-121.0,,,
2026-09-12T12:35:16.756754-04:00,cfbd,401868033,Lehigh,William & Mary,DraftKings,-13.5,-11.5,47.5,47.5,-449.0,325.0,,,
2026-09-12T12:35:16.756754-04:00,cfbd,401856787,Houston,Southern,DraftKings,-51.5,-51.5,61.5,60.5,,,,,
2026-09-12T12:35:16.756754-04:00,cfbd,401856787,Houston,Southern,Bovada,-51.5,-51.5,61.5,60.5,,,,,
2026-09-12T12:35:16.756754-04:00,cfbd,401867867,Murray State,Valparaiso,DraftKings,-14.0,-10.5,51.5,51.5,-690.0,456.0,,,
2026-09-12T12:35:16.756754-04:00,cfbd,401868102,Idaho State,San Diego,DraftKings,-25.5,-25.5,58.5,58.5,-2300.0,950.0,,,
2026-09-12T12:35:16.756754-04:00,cfbd,401864505,UTEP,Texas Southern,DraftKings,-27.5,-25.5,52.5,52.5,-4500.0,1700.0,,,
2026-09-12T12:35:16.756754-04:00,cfbd,401864505,UTEP,Texas Southern,Bovada,-27.0,-25.5,53.5,53.0,-4000.0,1200.0,,,
2026-09-12T12:35:16.756754-04:00,cfbd,401866421,Western Michigan,Monmouth,DraftKings,-29.5,-25.5,53.5,52.5,-5000.0,1800.0,,,
2026-09-12T12:35:16.756754-04:00,cfbd,401866421,Western Michigan,Monmouth,Bovada,-28.5,-27.5,53.5,52.5,,,,,
2026-09-12T12:35:16.756754-04:00,cfbd,401868285,Bethune-Cookman,Stetson,DraftKings,-14.5,-14.5,56.5,56.5,-760.0,488.0,,,
2026-09-12T12:35:16.756754-04:00,cfbd,401868386,Tennessee Tech,Samford,DraftKings,-26.5,-26.5,48.5,48.5,-4900.0,1260.0,,,
2026-09-12T12:35:16.756754-04:00,cfbd,401867890,Southern Illinois,Southeast Missouri State,DraftKings,-7.5,-7.5,53.5,53.5,-355.0,266.0,,,
2026-09-12T12:35:16.756754-04:00,cfbd,401856680,South Carolina,Towson,Bovada,-44.0,-43.5,57.0,56.0,,,,,
2026-09-12T12:35:16.756754-04:00,cfbd,401856680,South Carolina,Towson,DraftKings,-43.5,-43.5,57.5,54.5,,,,,
2026-09-12T12:35:16.756754-04:00,cfbd,401867990,VMI,Bucknell,DraftKings,8.5,10.5,47.5,47.5,248.0,-327.0,,,
2026-09-12T12:35:16.756754-04:00,cfbd,401865252,New Mexico,Mercyhurst,Bovada,-42.0,-41.5,54.5,52.5,,,,,
2026-09-12T12:35:16.756754-04:00,cfbd,401865252,New Mexico,Mercyhurst,DraftKings,-42.5,-40.5,54.5,51.5,,,,,
2026-09-12T12:35:16.756754-04:00,cfbd,401867884,South Dakota,Eastern Washington,DraftKings,-16.5,-16.5,61.5,58.5,-770.0,495.0,,,
2026-09-12T12:35:16.756754-04:00,cfbd,401867895,Youngstown State,Duquesne,DraftKings,-22.5,-22.5,54.5,53.5,-2500.0,980.0,,,
2026-09-12T12:35:16.756754-04:00,cfbd,401856672,Florida,Campbell,DraftKings,-50.5,-49.5,65.5,65.5,,,,,
2026-09-12T12:35:16.756754-04:00,cfbd,401856672,Florida,Campbell,Bovada,-51.0,-50.5,67.0,66.0,,,,,
2026-09-12T12:35:16.756754-04:00,cfbd,401871046,Missouri State,Lindenwood,Bovada,-17.0,-17.0,52.5,52.5,-850.0,550.0,,,
2026-09-12T12:35:16.756754-04:00,cfbd,401871046,Missouri State,Lindenwood,DraftKings,-16.5,-19.5,52.5,52.5,-850.0,575.0,,,
2026-09-12T12:35:16.756754-04:00,cfbd,401864503,Northern Illinois,Illinois State,Bovada,3.0,5.0,48.0,48.0,175.0,-210.0,,,
2026-09-12T12:35:16.756754-04:00,cfbd,401864503,Northern Illinois,Illinois State,DraftKings,3.0,4.5,47.5,48.5,142.0,-170.0,,,
2026-09-12T12:35:16.756754-04:00,cfbd,401864500,Nevada,Montana State,Bovada,4.0,3.5,51.5,49.5,155.0,-180.0,,,
2026-09-12T12:35:16.756754-04:00,cfbd,401864500,Nevada,Montana State,DraftKings,3.5,4.5,51.5,49.5,142.0,-170.0,,,
2026-09-12T12:35:16.756754-04:00,cfbd,401868050,Abilene Christian,Stephen F. Austin,DraftKings,3.0,3.0,50.5,50.5,106.0,-131.0,,,
2026-09-12T12:35:16.756754-04:00,cfbd,401858447,Wisconsin,Western Illinois,Bovada,-43.0,-40.0,51.5,49.5,,,,,
2026-09-12T12:35:16.756754-04:00,cfbd,401858447,Wisconsin,Western Illinois,DraftKings,-42.5,-38.5,51.5,48.5,,,,,
2026-09-12T12:35:16.756754-04:00,cfbd,401868255,Northern Iowa,Drake,DraftKings,-11.5,-10.5,58.5,54.5,-542.0,379.0,,,
2026-09-12T12:35:16.756754-04:00,cfbd,401868141,Eastern Kentucky,Chattanooga,DraftKings,3.0,3.0,48.5,48.5,135.0,-169.0,,,
2026-09-12T12:35:17.013701-04:00,odds_api,401856673,Georgia Bulldogs,Western Kentucky Hilltoppers,draftkings,-40.5,,55.5,,,,2026-09-12T16:45:00Z,-105.0,-112.0
2026-09-12T12:35:17.013701-04:00,odds_api,401856673,Georgia Bulldogs,Western Kentucky Hilltoppers,betonlineag,-40.5,,55.5,,,,2026-09-12T16:45:00Z,-114.0,-115.0
2026-09-12T12:35:17.013701-04:00,odds_api,401856673,Georgia Bulldogs,Western Kentucky Hilltoppers,lowvig,-40.5,,55.5,,,,2026-09-12T16:45:00Z,-110.0,-114.0
2026-09-12T12:35:17.013701-04:00,odds_api,401856673,Georgia Bulldogs,Western Kentucky Hilltoppers,betrivers,-41.0,,55.5,,,,2026-09-12T16:45:00Z,-112.0,-114.0
2026-09-12T12:35:17.013701-04:00,odds_api,401856673,Georgia Bulldogs,Western Kentucky Hilltoppers,betus,-40.5,,55.5,,,,2026-09-12T16:45:00Z,-110.0,-115.0
2026-09-12T12:35:17.013701-04:00,odds_api,401856673,Georgia Bulldogs,Western Kentucky Hilltoppers,bovada,-40.0,,56.0,,,,2026-09-12T16:45:00Z,-110.0,-105.0
2026-09-12T12:35:17.013701-04:00,odds_api,401856673,Georgia Bulldogs,Western Kentucky Hilltoppers,betmgm,-40.5,,55.5,,,,2026-09-12T16:45:00Z,-110.0,-110.0
2026-09-12T12:35:17.013701-04:00,odds_api,401856673,Georgia Bulldogs,Western Kentucky Hilltoppers,fanduel,-40.5,,55.5,,,,2026-09-12T16:45:00Z,-110.0,-112.0
2026-09-12T12:35:17.013701-04:00,odds_api,401866415,Central Michigan Chippewas,Colgate Raiders,fanduel,-19.5,,49.5,,-1800.0,920.0,2026-09-12T17:00:00Z,-110.0,-105.0
2026-09-12T12:35:17.013701-04:00,odds_api,401866415,Central Michigan Chippewas,Colgate Raiders,betrivers,-19.5,,48.5,,-2000.0,900.0,2026-09-12T17:00:00Z,-112.0,-110.0
2026-09-12T12:35:17.013701-04:00,odds_api,401866415,Central Michigan Chippewas,Colgate Raiders,draftkings,-18.5,,49.5,,-1600.0,900.0,2026-09-12T17:00:00Z,-108.0,-105.0
2026-09-12T12:35:17.013701-04:00,odds_api,401866415,Central Michigan Chippewas,Colgate Raiders,betonlineag,-18.5,,49.5,,,,2026-09-12T17:00:00Z,-110.0,-110.0
2026-09-12T12:35:17.013701-04:00,odds_api,401866415,Central Michigan Chippewas,Colgate Raiders,lowvig,-18.5,,49.5,,,,2026-09-12T17:00:00Z,-110.0,-110.0
2026-09-12T12:35:17.013701-04:00,odds_api,401866415,Central Michigan Chippewas,Colgate Raiders,bovada,-18.5,,49.0,,-1400.0,750.0,2026-09-12T17:00:00Z,-110.0,-110.0
2026-09-12T12:35:17.013701-04:00,odds_api,401866415,Central Michigan Chippewas,Colgate Raiders,betmgm,-18.0,,49.5,,-1400.0,900.0,2026-09-12T17:00:00Z,-112.0,-105.0
2026-09-12T12:35:17.013701-04:00,odds_api,401866415,Central Michigan Chippewas,Colgate Raiders,mybookieag,-18.5,,49.0,,-2000.0,820.0,2026-09-12T17:00:00Z,-110.0,-110.0
2026-09-12T12:35:17.013701-04:00,odds_api,401866417,Miami (OH) RedHawks,Holy Cross Crusaders,fanduel,-31.5,,47.5,,-8000.0,2200.0,2026-09-12T17:00:00Z,-104.0,-108.0
2026-09-12T12:35:17.013701-04:00,odds_api,401866417,Miami (OH) RedHawks,Holy Cross Crusaders,betrivers,-30.5,,48.5,,,,2026-09-12T17:00:00Z,-114.0,-107.0
2026-09-12T12:35:17.013701-04:00,odds_api,401866417,Miami (OH) RedHawks,Holy Cross Crusaders,draftkings,-30.5,,47.5,,-6500.0,2000.0,2026-09-12T17:00:00Z,-112.0,-105.0
2026-09-12T12:35:17.013701-04:00,odds_api,401866417,Miami (OH) RedHawks,Holy Cross Crusaders,betonlineag,-30.5,,47.0,,,,2026-09-12T17:00:00Z,-110.0,-115.0
2026-09-12T12:35:17.013701-04:00,odds_api,401866417,Miami (OH) RedHawks,Holy Cross Crusaders,lowvig,-30.5,,47.0,,,,2026-09-12T17:00:00Z,-110.0,-115.0
2026-09-12T12:35:17.013701-04:00,odds_api,401866417,Miami (OH) RedHawks,Holy Cross Crusaders,bovada,-30.5,,47.0,,,,2026-09-12T17:00:00Z,-110.0,-115.0
2026-09-12T12:35:17.013701-04:00,odds_api,401866417,Miami (OH) RedHawks,Holy Cross Crusaders,betmgm,-31.0,,46.5,,-12500.0,3500.0,2026-09-12T17:00:00Z,-108.0,-112.0
2026-09-12T12:35:17.013701-04:00,odds_api,401856791,West Virginia Mountaineers,UT Martin Skyhawks,fanduel,-41.5,,56.5,,,,2026-09-12T17:00:00Z,-110.0,-110.0
2026-09-12T12:35:17.013701-04:00,odds_api,401856791,West Virginia Mountaineers,UT Martin Skyhawks,betrivers,-41.0,,55.5,,,,2026-09-12T17:00:00Z,-114.0,-117.0
2026-09-12T12:35:17.013701-04:00,odds_api,401856791,West Virginia Mountaineers,UT Martin Skyhawks,draftkings,-41.5,,56.5,,,,2026-09-12T17:00:00Z,-108.0,-115.0
2026-09-12T12:35:17.013701-04:00,odds_api,401856791,West Virginia Mountaineers,UT Martin Skyhawks,betonlineag,-41.0,,57.0,,,,2026-09-12T17:00:00Z,-108.0,-115.0
2026-09-12T12:35:17.013701-04:00,odds_api,401856791,West Virginia Mountaineers,UT Martin Skyhawks,bovada,-41.5,,57.5,,,,2026-09-12T17:00:00Z,-110.0,-105.0
2026-09-12T12:35:17.013701-04:00,odds_api,401856791,West Virginia Mountaineers,UT Martin Skyhawks,betmgm,-41.5,,55.5,,,,2026-09-12T17:00:00Z,-110.0,-112.0
2026-09-12T12:35:17.013701-04:00,odds_api,401856782,Oklahoma State Cowboys,Oregon Ducks,fanduel,23.5,,56.5,,1160.0,-2800.0,2026-09-12T17:30:00Z,-105.0,-108.0
2026-09-12T12:35:17.013701-04:00,odds_api,401856782,Oklahoma State Cowboys,Oregon Ducks,mybookieag,23.5,,54.5,,950.0,-2000.0,2026-09-12T17:30:00Z,-111.0,-118.0
2026-09-12T12:35:17.013701-04:00,odds_api,401856782,Oklahoma State Cowboys,Oregon Ducks,draftkings,23.5,,55.5,,1100.0,-2100.0,2026-09-12T17:30:00Z,-105.0,-105.0
2026-09-12T12:35:17.013701-04:00,odds_api,401856782,Oklahoma State Cowboys,Oregon Ducks,betmgm,24.0,,54.5,,1300.0,-2500.0,2026-09-12T17:30:00Z,-110.0,-125.0
2026-09-12T12:35:17.013701-04:00,odds_api,401856782,Oklahoma State Cowboys,Oregon Ducks,lowvig,24.0,,55.0,,1196.0,-2700.0,2026-09-12T17:30:00Z,-106.0,-114.0
2026-09-12T12:35:17.013701-04:00,odds_api,401856782,Oklahoma State Cowboys,Oregon Ducks,betonlineag,24.0,,55.0,,1196.0,-2700.0,2026-09-12T17:30:00Z,-106.0,-115.0
2026-09-12T12:35:17.013701-04:00,odds_api,401856782,Oklahoma State Cowboys,Oregon Ducks,bovada,23.5,,55.5,,1000.0,-2200.0,2026-09-12T17:30:00Z,-105.0,-110.0
2026-09-12T12:35:17.013701-04:00,odds_api,401856782,Oklahoma State Cowboys,Oregon Ducks,betus,24.0,,55.5,,1225.0,-2700.0,2026-09-12T17:30:00Z,-105.0,-110.0
2026-09-12T12:35:17.013701-04:00,odds_api,401866413,Ball State Cardinals,Stony Brook Seawolves,fanduel,-14.5,,52.5,,-630.0,450.0,2026-09-12T18:00:00Z,-105.0,-110.0
2026-09-12T12:35:17.013701-04:00,odds_api,401866413,Ball State Cardinals,Stony Brook Seawolves,mybookieag,,,,,-676.0,420.0,2026-09-12T18:00:00Z,,
2026-09-12T12:35:17.013701-04:00,odds_api,401866413,Ball State Cardinals,Stony Brook Seawolves,betrivers,-14.0,,53.5,,-835.0,525.0,2026-09-12T18:00:00Z,-113.0,-109.0
2026-09-12T12:35:17.013701-04:00,odds_api,401866413,Ball State Cardinals,Stony Brook Seawolves,draftkings,-13.5,,52.5,,-550.0,410.0,2026-09-12T18:00:00Z,-115.0,-115.0
2026-09-12T12:35:17.013701-04:00,odds_api,401866413,Ball State Cardinals,Stony Brook Seawolves,betonlineag,-13.5,,52.0,,,,2026-09-12T18:00:00Z,-115.0,-110.0
2026-09-12T12:35:17.013701-04:00,odds_api,401866413,Ball State Cardinals,Stony Brook Seawolves,lowvig,-13.5,,52.0,,,,2026-09-12T18:00:00Z,-115.0,-110.0
2026-09-12T12:35:17.013701-04:00,odds_api,401866413,Ball State Cardinals,Stony Brook Seawolves,bovada,-14.0,,53.0,,-625.0,430.0,2026-09-12T18:00:00Z,-110.0,-110.0
2026-09-12T12:35:17.013701-04:00,odds_api,401866413,Ball State Cardinals,Stony Brook Seawolves,betmgm,-14.0,,53.5,,-600.0,425.0,2026-09-12T18:00:00Z,-108.0,-110.0
2026-09-12T12:35:17.013701-04:00,odds_api,401866412,Akron Zips,Robert Morris Colonials,fanduel,-27.5,,46.5,,-8000.0,2200.0,2026-09-12T19:30:00Z,-114.0,-110.0
2026-09-12T12:35:17.013701-04:00,odds_api,401866412,Akron Zips,Robert Morris Colonials,betrivers,-27.5,,46.5,,,,2026-09-12T19:30:00Z,-113.0,-110.0
2026-09-12T12:35:17.013701-04:00,odds_api,401866412,Akron Zips,Robert Morris Colonials,draftkings,-27.5,,46.5,,-3600.0,1500.0,2026-09-12T19:30:00Z,-110.0,-110.0
2026-09-12T12:35:17.013701-04:00,odds_api,401866412,Akron Zips,Robert Morris Colonials,betonlineag,-27.5,,46.5,,,,2026-09-12T19:30:00Z,-110.0,-112.0
2026-09-12T12:35:17.013701-04:00,odds_api,401866412,Akron Zips,Robert Morris Colonials,lowvig,-27.5,,46.5,,,,2026-09-12T19:30:00Z,-110.0,-112.0
2026-09-12T12:35:17.013701-04:00,odds_api,401866412,Akron Zips,Robert Morris Colonials,bovada,-28.0,,46.5,,,,2026-09-12T19:30:00Z,-110.0,-110.0
2026-09-12T12:35:17.013701-04:00,odds_api,401866412,Akron Zips,Robert Morris Colonials,betmgm,-27.5,,45.5,,-5000.0,1900.0,2026-09-12T19:30:00Z,-108.0,-120.0
2026-09-12T12:35:17.013701-04:00,odds_api,401856674,Kentucky Wildcats,Alabama Crimson Tide,draftkings,8.5,,46.5,,285.0,-360.0,2026-09-12T19:30:00Z,-108.0,-115.0
2026-09-12T12:35:17.013701-04:00,odds_api,401856674,Kentucky Wildcats,Alabama Crimson Tide,fanduel,9.5,,47.5,,275.0,-350.0,2026-09-12T19:30:00Z,-115.0,-105.0
2026-09-12T12:35:17.013701-04:00,odds_api,401856674,Kentucky Wildcats,Alabama Crimson Tide,betrivers,10.0,,48.0,,310.0,-455.0,2026-09-12T19:30:00Z,-115.0,-109.0
2026-09-12T12:35:17.013701-04:00,odds_api,401856674,Kentucky Wildcats,Alabama Crimson Tide,betmgm,8.5,,47.5,,290.0,-375.0,2026-09-12T19:30:00Z,-110.0,-105.0
2026-09-12T12:35:17.013701-04:00,odds_api,401856674,Kentucky Wildcats,Alabama Crimson Tide,betonlineag,9.5,,47.0,,303.0,-380.0,2026-09-12T19:30:00Z,-110.0,-110.0
2026-09-12T12:35:17.013701-04:00,odds_api,401856674,Kentucky Wildcats,Alabama Crimson Tide,lowvig,9.5,,47.0,,303.0,-380.0,2026-09-12T19:30:00Z,-106.0,-108.0
2026-09-12T12:35:17.013701-04:00,odds_api,401856674,Kentucky Wildcats,Alabama Crimson Tide,betus,9.0,,47.0,,305.0,-380.0,2026-09-12T19:30:00Z,-110.0,-110.0
2026-09-12T12:35:17.013701-04:00,odds_api,401856674,Kentucky Wildcats,Alabama Crimson Tide,mybookieag,9.0,,47.0,,290.0,-380.0,2026-09-12T19:30:00Z,-110.0,-110.0
2026-09-12T12:35:17.013701-04:00,odds_api,401856674,Kentucky Wildcats,Alabama Crimson Tide,bovada,8.5,,47.0,,285.0,-370.0,2026-09-12T19:30:00Z,-110.0,-115.0
2026-09-12T12:35:17.013701-04:00,odds_api,401856810,BYU Cougars,Arizona Wildcats,draftkings,-7.0,,48.5,,-270.0,220.0,2026-09-12T19:30:00Z,-108.0,-115.0
2026-09-12T12:35:17.013701-04:00,odds_api,401856810,BYU Cougars,Arizona Wildcats,fanduel,-6.5,,48.5,,-275.0,220.0,2026-09-12T19:30:00Z,-122.0,-106.0
2026-09-12T12:35:17.013701-04:00,odds_api,401856810,BYU Cougars,Arizona Wildcats,betrivers,-7.5,,48.5,,-335.0,250.0,2026-09-12T19:30:00Z,-109.0,-109.0
2026-09-12T12:35:17.013701-04:00,odds_api,401856810,BYU Cougars,Arizona Wildcats,betmgm,-7.0,,48.5,,-275.0,220.0,2026-09-12T19:30:00Z,-110.0,-110.0
2026-09-12T12:35:17.013701-04:00,odds_api,401856810,BYU Cougars,Arizona Wildcats,lowvig,-6.5,,49.0,,-265.0,219.0,2026-09-12T19:30:00Z,-122.0,-108.0
2026-09-12T12:35:17.013701-04:00,odds_api,401856810,BYU Cougars,Arizona Wildcats,betonlineag,-6.5,,49.0,,-265.0,219.0,2026-09-12T19:30:00Z,-125.0,-110.0
2026-09-12T12:35:17.013701-04:00,odds_api,401856810,BYU Cougars,Arizona Wildcats,betus,-7.0,,48.5,,-265.0,223.0,2026-09-12T19:30:00Z,-110.0,-110.0
2026-09-12T12:35:17.013701-04:00,odds_api,401856810,BYU Cougars,Arizona Wildcats,mybookieag,-7.0,,48.5,,-271.0,210.0,2026-09-12T19:30:00Z,-110.0,-110.0
2026-09-12T12:35:17.013701-04:00,odds_api,401856810,BYU Cougars,Arizona Wildcats,bovada,-7.0,,49.0,,-280.0,230.0,2026-09-12T19:30:00Z,-110.0,-110.0
2026-09-12T12:35:17.013701-04:00,odds_api,401858216,Syracuse Orange,California Golden Bears,fanduel,-3.5,,56.5,,-170.0,140.0,2026-09-12T19:30:00Z,-108.0,-114.0
2026-09-12T12:35:17.013701-04:00,odds_api,401858216,Syracuse Orange,California Golden Bears,draftkings,-3.5,,56.5,,-192.0,160.0,2026-09-12T19:30:00Z,-108.0,-115.0
2026-09-12T12:35:17.013701-04:00,odds_api,401858216,Syracuse Orange,California Golden Bears,lowvig,-3.5,,56.5,,-180.0,157.0,2026-09-12T19:30:00Z,-106.0,-114.0
2026-09-12T12:35:17.013701-04:00,odds_api,401858216,Syracuse Orange,California Golden Bears,betonlineag,-3.5,,56.5,,-180.0,157.0,2026-09-12T19:30:00Z,-114.0,-115.0
2026-09-12T12:35:17.013701-04:00,odds_api,401858216,Syracuse Orange,California Golden Bears,betrivers,-3.5,,57.0,,-190.0,150.0,2026-09-12T19:30:00Z,-114.0,-112.0
2026-09-12T12:35:17.013701-04:00,odds_api,401858216,Syracuse Orange,California Golden Bears,betmgm,-3.5,,56.5,,-185.0,150.0,2026-09-12T19:30:00Z,-110.0,-112.0
2026-09-12T12:35:17.013701-04:00,odds_api,401858216,Syracuse Orange,California Golden Bears,betus,-3.5,,57.0,,-180.0,155.0,2026-09-12T19:30:00Z,-115.0,-115.0
2026-09-12T12:35:17.013701-04:00,odds_api,401858216,Syracuse Orange,California Golden Bears,mybookieag,-3.5,,57.0,,-186.0,150.0,2026-09-12T19:30:00Z,-110.0,-110.0
2026-09-12T12:35:17.013701-04:00,odds_api,401858216,Syracuse Orange,California Golden Bears,bovada,-3.5,,57.0,,-180.0,155.0,2026-09-12T19:30:00Z,-115.0,-105.0
2026-09-12T12:35:17.013701-04:00,odds_api,401866419,Toledo Rockets,Central Connecticut Blue Devils,fanduel,-35.5,,52.5,,,,2026-09-12T19:30:00Z,-112.0,-112.0
2026-09-12T12:35:17.013701-04:00,odds_api,401866419,Toledo Rockets,Central Connecticut Blue Devils,betrivers,-36.0,,52.5,,,,2026-09-12T19:30:00Z,-112.0,-110.0
2026-09-12T12:35:17.013701-04:00,odds_api,401866419,Toledo Rockets,Central Connecticut Blue Devils,draftkings,-36.5,,52.5,,-20000.0,3500.0,2026-09-12T19:30:00Z,-108.0,-108.0
2026-09-12T12:35:17.013701-04:00,odds_api,401866419,Toledo Rockets,Central Connecticut Blue Devils,bovada,-36.5,,52.0,,,,2026-09-12T19:30:00Z,-105.0,-110.0
2026-09-12T12:35:17.013701-04:00,odds_api,401866419,Toledo Rockets,Central Connecticut Blue Devils,betmgm,-35.5,,,,,,2026-09-12T19:30:00Z,-110.0,
2026-09-12T12:35:17.013701-04:00,odds_api,401856785,Colorado Buffaloes,Weber State Wildcats,fanduel,-36.5,,56.5,,,,2026-09-12T19:30:00Z,-115.0,-115.0
2026-09-12T12:35:17.013701-04:00,odds_api,401856785,Colorado Buffaloes,Weber State Wildcats,betrivers,-38.5,,57.5,,,,2026-09-12T19:30:00Z,-108.0,-115.0
2026-09-12T12:35:17.013701-04:00,odds_api,401856785,Colorado Buffaloes,Weber State Wildcats,draftkings,-38.5,,57.5,,-8000.0,2200.0,2026-09-12T19:30:00Z,-102.0,-108.0
2026-09-12T12:35:17.013701-04:00,odds_api,401856785,Colorado Buffaloes,Weber State Wildcats,lowvig,-39.0,,57.0,,,,2026-09-12T19:30:00Z,-105.0,-105.0
2026-09-12T12:35:17.013701-04:00,odds_api,401856785,Colorado Buffaloes,Weber State Wildcats,bovada,-38.0,,57.0,,,,2026-09-12T19:30:00Z,-115.0,-115.0
2026-09-12T12:35:17.013701-04:00,odds_api,401856785,Colorado Buffaloes,Weber State Wildcats,betmgm,-37.5,,57.5,,,,2026-09-12T19:30:00Z,-112.0,-110.0
2026-09-12T12:35:17.013701-04:00,odds_api,401858217,Illinois Fighting Illini,Duke Blue Devils,draftkings,-6.0,,51.5,,-230.0,190.0,2026-09-12T19:30:00Z,-108.0,-105.0
2026-09-12T12:35:17.013701-04:00,odds_api,401858217,Illinois Fighting Illini,Duke Blue Devils,fanduel,-5.5,,51.5,,-235.0,190.0,2026-09-12T19:30:00Z,-115.0,-110.0
2026-09-12T12:35:17.013701-04:00,odds_api,401858217,Illinois Fighting Illini,Duke Blue Devils,betrivers,-5.5,,51.5,,-215.0,165.0,2026-09-12T19:30:00Z,-113.0,-112.0
2026-09-12T12:35:17.013701-04:00,odds_api,401858217,Illinois Fighting Illini,Duke Blue Devils,betonlineag,-6.0,,51.0,,-245.0,203.0,2026-09-12T19:30:00Z,-115.0,-112.0
2026-09-12T12:35:17.013701-04:00,odds_api,401858217,Illinois Fighting Illini,Duke Blue Devils,lowvig,-6.0,,51.5,,-245.0,203.0,2026-09-12T19:30:00Z,-106.0,-108.0
2026-09-12T12:35:17.013701-04:00,odds_api,401858217,Illinois Fighting Illini,Duke Blue Devils,betmgm,-6.5,,51.5,,-235.0,195.0,2026-09-12T19:30:00Z,-112.0,-108.0
2026-09-12T12:35:17.013701-04:00,odds_api,401858217,Illinois Fighting Illini,Duke Blue Devils,betus,-6.0,,51.5,,-225.0,190.0,2026-09-12T19:30:00Z,-115.0,-110.0
2026-09-12T12:35:17.013701-04:00,odds_api,401858217,Illinois Fighting Illini,Duke Blue Devils,mybookieag,-6.0,,51.5,,-244.0,194.0,2026-09-12T19:30:00Z,-110.0,-110.0
2026-09-12T12:35:17.013701-04:00,odds_api,401858217,Illinois Fighting Illini,Duke Blue Devils,bovada,-6.0,,51.5,,-230.0,190.0,2026-09-12T19:30:00Z,-105.0,-115.0
2026-09-12T12:35:17.013701-04:00,odds_api,401858440,Michigan State Spartans,Eastern Michigan Eagles,fanduel,-17.5,,49.5,,-1000.0,640.0,2026-09-12T19:30:00Z,-106.0,-110.0
2026-09-12T12:35:17.013701-04:00,odds_api,401858440,Michigan State Spartans,Eastern Michigan Eagles,draftkings,-17.5,,49.5,,-850.0,575.0,2026-09-12T19:30:00Z,-108.0,-110.0
2026-09-12T12:35:17.013701-04:00,odds_api,401858440,Michigan State Spartans,Eastern Michigan Eagles,lowvig,-17.5,,50.0,,-925.0,624.0,2026-09-12T19:30:00Z,100.0,-103.0
2026-09-12T12:35:17.013701-04:00,odds_api,401858440,Michigan State Spartans,Eastern Michigan Eagles,betonlineag,-17.5,,50.0,,-925.0,624.0,2026-09-12T19:30:00Z,-104.0,-105.0
2026-09-12T12:35:17.013701-04:00,odds_api,401858440,Michigan State Spartans,Eastern Michigan Eagles,betmgm,-17.0,,49.5,,-900.0,650.0,2026-09-12T19:30:00Z,-112.0,-110.0
2026-09-12T12:35:17.013701-04:00,odds_api,401858440,Michigan State Spartans,Eastern Michigan Eagles,betrivers,-17.5,,49.5,,-1250.0,650.0,2026-09-12T19:30:00Z,-109.0,-114.0
2026-09-12T12:35:17.013701-04:00,odds_api,401858440,Michigan State Spartans,Eastern Michigan Eagles,betus,-17.5,,50.0,,-925.0,615.0,2026-09-12T19:30:00Z,-105.0,-110.0
2026-09-12T12:35:17.013701-04:00,odds_api,401858440,Michigan State Spartans,Eastern Michigan Eagles,mybookieag,-17.5,,49.5,,-1000.0,620.0,2026-09-12T19:30:00Z,-110.0,-110.0
2026-09-12T12:35:17.013701-04:00,odds_api,401858440,Michigan State Spartans,Eastern Michigan Eagles,bovada,-17.0,,50.0,,-1000.0,625.0,2026-09-12T19:30:00Z,-115.0,-110.0
2026-09-12T12:35:17.013701-04:00,odds_api,401858444,UConn Huskies,Maryland Terrapins,fanduel,11.5,,52.5,,350.0,-465.0,2026-09-12T19:30:00Z,-110.0,-105.0
2026-09-12T12:35:17.013701-04:00,odds_api,401858444,UConn Huskies,Maryland Terrapins,draftkings,11.5,,52.5,,360.0,-470.0,2026-09-12T19:30:00Z,-108.0,-112.0
2026-09-12T12:35:17.013701-04:00,odds_api,401858444,UConn Huskies,Maryland Terrapins,lowvig,11.0,,52.5,,350.0,-450.0,2026-09-12T19:30:00Z,-101.0,-114.0
2026-09-12T12:35:17.013701-04:00,odds_api,401858444,UConn Huskies,Maryland Terrapins,betonlineag,11.0,,52.5,,350.0,-450.0,2026-09-12T19:30:00Z,-105.0,-115.0
2026-09-12T12:35:17.013701-04:00,odds_api,401858444,UConn Huskies,Maryland Terrapins,betmgm,11.5,,52.5,,350.0,-450.0,2026-09-12T19:30:00Z,-110.0,-108.0
2026-09-12T12:35:17.013701-04:00,odds_api,401858444,UConn Huskies,Maryland Terrapins,betrivers,12.0,,52.5,,410.0,-590.0,2026-09-12T19:30:00Z,-113.0,-115.0
2026-09-12T12:35:17.013701-04:00,odds_api,401858444,UConn Huskies,Maryland Terrapins,betus,11.5,,52.5,,355.0,-450.0,2026-09-12T19:30:00Z,-110.0,-115.0
2026-09-12T12:35:17.013701-04:00,odds_api,401858444,UConn Huskies,Maryland Terrapins,mybookieag,11.5,,52.0,,360.0,-490.0,2026-09-12T19:30:00Z,-110.0,-110.0
2026-09-12T12:35:17.013701-04:00,odds_api,401858444,UConn Huskies,Maryland Terrapins,bovada,11.5,,52.5,,345.0,-470.0,2026-09-12T19:30:00Z,-110.0,-110.0
2026-09-12T12:35:17.013701-04:00,odds_api,401856677,Minnesota Golden Gophers,Mississippi State Bulldogs,draftkings,1.5,,54.5,,-105.0,-115.0,2026-09-12T19:30:00Z,-115.0,-112.0
2026-09-12T12:35:17.013701-04:00,odds_api,401856677,Minnesota Golden Gophers,Mississippi State Bulldogs,fanduel,1.5,,54.5,,-110.0,-110.0,2026-09-12T19:30:00Z,-122.0,-115.0
2026-09-12T12:35:17.013701-04:00,odds_api,401856677,Minnesota Golden Gophers,Mississippi State Bulldogs,betrivers,-0.5,,55.5,,-114.0,-109.0,2026-09-12T19:30:00Z,-114.0,-108.0
2026-09-12T12:35:17.013701-04:00,odds_api,401856677,Minnesota Golden Gophers,Mississippi State Bulldogs,betonlineag,0.0,,54.5,,,,2026-09-12T19:30:00Z,-106.0,-110.0
2026-09-12T12:35:17.013701-04:00,odds_api,401856677,Minnesota Golden Gophers,Mississippi State Bulldogs,lowvig,0.0,,54.5,,,,2026-09-12T19:30:00Z,-102.0,-108.0
2026-09-12T12:35:17.013701-04:00,odds_api,401856677,Minnesota Golden Gophers,Mississippi State Bulldogs,betmgm,-1.0,,54.5,,-110.0,-108.0,2026-09-12T19:30:00Z,-105.0,-112.0
2026-09-12T12:35:17.013701-04:00,odds_api,401856677,Minnesota Golden Gophers,Mississippi State Bulldogs,betus,1.0,,54.5,,100.0,-120.0,2026-09-12T19:30:00Z,-110.0,-110.0
2026-09-12T12:35:17.013701-04:00,odds_api,401856677,Minnesota Golden Gophers,Mississippi State Bulldogs,mybookieag,1.5,,54.5,,-106.0,-115.0,2026-09-12T19:30:00Z,-110.0,-110.0
2026-09-12T12:35:17.013701-04:00,odds_api,401856677,Minnesota Golden Gophers,Mississippi State Bulldogs,bovada,1.0,,55.0,,-110.0,-110.0,2026-09-12T19:30:00Z,-115.0,-110.0
2026-09-12T12:35:17.013701-04:00,odds_api,401859184,Notre Dame Fighting Irish,Rice Owls,draftkings,-44.5,,54.5,,,,2026-09-12T19:30:00Z,-118.0,-108.0
2026-09-12T12:35:17.013701-04:00,odds_api,401859184,Notre Dame Fighting Irish,Rice Owls,lowvig,-44.5,,54.0,,,,2026-09-12T19:30:00Z,-106.0,-108.0
2026-09-12T12:35:17.013701-04:00,odds_api,401859184,Notre Dame Fighting Irish,Rice Owls,betonlineag,-44.5,,54.0,,,,2026-09-12T19:30:00Z,-104.0,-110.0
2026-09-12T12:35:17.013701-04:00,odds_api,401859184,Notre Dame Fighting Irish,Rice Owls,fanduel,-44.5,,55.5,,,,2026-09-12T19:30:00Z,-115.0,-104.0
2026-09-12T12:35:17.013701-04:00,odds_api,401859184,Notre Dame Fighting Irish,Rice Owls,betrivers,-44.5,,55.0,,,,2026-09-12T19:30:00Z,-114.0,-108.0
2026-09-12T12:35:17.013701-04:00,odds_api,401859184,Notre Dame Fighting Irish,Rice Owls,betmgm,-44.5,,54.5,,,,2026-09-12T19:30:00Z,-110.0,-108.0
2026-09-12T12:35:17.013701-04:00,odds_api,401859184,Notre Dame Fighting Irish,Rice Owls,betus,-44.5,,54.0,,,,2026-09-12T19:30:00Z,-105.0,-110.0
2026-09-12T12:35:17.013701-04:00,odds_api,401859184,Notre Dame Fighting Irish,Rice Owls,bovada,-45.0,,54.5,,,,2026-09-12T19:30:00Z,-110.0,-110.0
2026-09-12T12:35:17.013701-04:00,odds_api,401856790,Pittsburgh Panthers,UCF Knights,fanduel,-7.5,,55.5,,-280.0,225.0,2026-09-12T19:30:00Z,100.0,-110.0
2026-09-12T12:35:17.013701-04:00,odds_api,401856790,Pittsburgh Panthers,UCF Knights,draftkings,-7.0,,55.5,,-290.0,235.0,2026-09-12T19:30:00Z,-118.0,-108.0
2026-09-12T12:35:17.013701-04:00,odds_api,401856790,Pittsburgh Panthers,UCF Knights,betrivers,-7.0,,56.0,,-315.0,235.0,2026-09-12T19:30:00Z,-114.0,-110.0
2026-09-12T12:35:17.013701-04:00,odds_api,401856790,Pittsburgh Panthers,UCF Knights,lowvig,-7.0,,55.5,,-280.0,230.0,2026-09-12T19:30:00Z,-111.0,-108.0
2026-09-12T12:35:17.013701-04:00,odds_api,401856790,Pittsburgh Panthers,UCF Knights,betonlineag,-7.0,,55.5,,-280.0,230.0,2026-09-12T19:30:00Z,-115.0,-110.0
2026-09-12T12:35:17.013701-04:00,odds_api,401856790,Pittsburgh Panthers,UCF Knights,betmgm,-7.0,,55.5,,-275.0,230.0,2026-09-12T19:30:00Z,-115.0,-105.0
2026-09-12T12:35:17.013701-04:00,odds_api,401856790,Pittsburgh Panthers,UCF Knights,betus,-7.0,,55.0,,-280.0,235.0,2026-09-12T19:30:00Z,-115.0,-110.0
2026-09-12T12:35:17.013701-04:00,odds_api,401856790,Pittsburgh Panthers,UCF Knights,mybookieag,-7.0,,55.5,,-300.0,234.0,2026-09-12T19:30:00Z,-110.0,-110.0
2026-09-12T12:35:17.013701-04:00,odds_api,401856790,Pittsburgh Panthers,UCF Knights,bovada,-7.0,,55.0,,-280.0,230.0,2026-09-12T19:30:00Z,-115.0,-115.0
2026-09-12T12:35:17.013701-04:00,odds_api,401860884,Texas State Bobcats,UTSA Roadrunners,draftkings,-2.5,,65.5,,-142.0,120.0,2026-09-12T19:30:00Z,-115.0,-110.0
2026-09-12T12:35:17.013701-04:00,odds_api,401860884,Texas State Bobcats,UTSA Roadrunners,fanduel,-2.5,,65.5,,-134.0,112.0,2026-09-12T19:30:00Z,-110.0,-105.0
2026-09-12T12:35:17.013701-04:00,odds_api,401860884,Texas State Bobcats,UTSA Roadrunners,lowvig,-2.5,,65.0,,-135.0,115.0,2026-09-12T19:30:00Z,-106.0,-108.0
2026-09-12T12:35:17.013701-04:00,odds_api,401860884,Texas State Bobcats,UTSA Roadrunners,betonlineag,-2.5,,65.0,,-135.0,115.0,2026-09-12T19:30:00Z,-110.0,-110.0
2026-09-12T12:35:17.013701-04:00,odds_api,401860884,Texas State Bobcats,UTSA Roadrunners,betmgm,-2.5,,65.5,,-140.0,115.0,2026-09-12T19:30:00Z,-110.0,-108.0
2026-09-12T12:35:17.013701-04:00,odds_api,401860884,Texas State Bobcats,UTSA Roadrunners,betrivers,-2.0,,65.5,,-129.0,104.0,2026-09-12T19:30:00Z,-113.0,-118.0
2026-09-12T12:35:17.013701-04:00,odds_api,401860884,Texas State Bobcats,UTSA Roadrunners,betus,-2.5,,65.0,,-135.0,115.0,2026-09-12T19:30:00Z,-110.0,-110.0
2026-09-12T12:35:17.013701-04:00,odds_api,401860884,Texas State Bobcats,UTSA Roadrunners,mybookieag,-2.0,,65.5,,-129.0,105.0,2026-09-12T19:30:00Z,-110.0,-110.0
2026-09-12T12:35:17.013701-04:00,odds_api,401860884,Texas State Bobcats,UTSA Roadrunners,bovada,-2.5,,65.5,,-130.0,110.0,2026-09-12T19:30:00Z,-110.0,-110.0
2026-09-12T12:35:17.013701-04:00,odds_api,401862708,UAB Blazers,UL Monroe Warhawks,fanduel,-8.5,,54.5,,-360.0,280.0,2026-09-12T19:30:00Z,-110.0,-105.0
2026-09-12T12:35:17.013701-04:00,odds_api,401862708,UAB Blazers,UL Monroe Warhawks,draftkings,-9.5,,54.5,,-360.0,285.0,2026-09-12T19:30:00Z,-112.0,-110.0
2026-09-12T12:35:17.013701-04:00,odds_api,401862708,UAB Blazers,UL Monroe Warhawks,lowvig,-9.0,,53.5,,-350.0,280.0,2026-09-12T19:30:00Z,-106.0,-114.0
2026-09-12T12:35:17.013701-04:00,odds_api,401862708,UAB Blazers,UL Monroe Warhawks,betonlineag,-9.0,,53.5,,-350.0,280.0,2026-09-12T19:30:00Z,-114.0,-115.0
2026-09-12T12:35:17.013701-04:00,odds_api,401862708,UAB Blazers,UL Monroe Warhawks,betmgm,-8.5,,54.5,,-350.0,290.0,2026-09-12T19:30:00Z,-118.0,-105.0
2026-09-12T12:35:17.013701-04:00,odds_api,401862708,UAB Blazers,UL Monroe Warhawks,betrivers,-9.5,,54.5,,-335.0,245.0,2026-09-12T19:30:00Z,-110.0,-108.0
2026-09-12T12:35:17.013701-04:00,odds_api,401862708,UAB Blazers,UL Monroe Warhawks,betus,-9.0,,54.0,,-350.0,280.0,2026-09-12T19:30:00Z,-115.0,-110.0
2026-09-12T12:35:17.013701-04:00,odds_api,401862708,UAB Blazers,UL Monroe Warhawks,mybookieag,-9.5,,54.5,,-380.0,290.0,2026-09-12T19:30:00Z,-110.0,-110.0
2026-09-12T12:35:17.013701-04:00,odds_api,401862708,UAB Blazers,UL Monroe Warhawks,bovada,-9.5,,54.0,,-390.0,295.0,2026-09-12T19:30:00Z,-110.0,-115.0
2026-09-12T12:35:17.013701-04:00,odds_api,401858446,Washington Huskies,Utah State Aggies,fanduel,-27.5,,55.5,,-7000.0,2000.0,2026-09-12T19:30:00Z,-115.0,-110.0
2026-09-12T12:35:17.013701-04:00,odds_api,401858446,Washington Huskies,Utah State Aggies,draftkings,-28.5,,55.5,,-6500.0,2000.0,2026-09-12T19:30:00Z,-102.0,-105.0
2026-09-12T12:35:17.013701-04:00,odds_api,401858446,Washington Huskies,Utah State Aggies,betonlineag,-28.0,,55.5,,-6500.0,1617.0,2026-09-12T19:30:00Z,-115.0,-110.0
2026-09-12T12:35:17.013701-04:00,odds_api,401858446,Washington Huskies,Utah State Aggies,lowvig,-28.0,,55.5,,-6500.0,1617.0,2026-09-12T19:30:00Z,-111.0,-108.0
2026-09-12T12:35:17.013701-04:00,odds_api,401858446,Washington Huskies,Utah State Aggies,betmgm,-28.0,,55.5,,-5000.0,1900.0,2026-09-12T19:30:00Z,-108.0,-108.0
2026-09-12T12:35:17.013701-04:00,odds_api,401858446,Washington Huskies,Utah State Aggies,betrivers,-27.0,,55.5,,-10000.0,1900.0,2026-09-12T19:30:00Z,-114.0,-113.0
2026-09-12T12:35:17.013701-04:00,odds_api,401858446,Washington Huskies,Utah State Aggies,betus,-28.0,,55.5,,,,2026-09-12T19:30:00Z,-115.0,-110.0
2026-09-12T12:35:17.013701-04:00,odds_api,401858446,Washington Huskies,Utah State Aggies,mybookieag,-28.0,,55.5,,-5000.0,1300.0,2026-09-12T19:30:00Z,-110.0,-110.0
2026-09-12T12:35:17.013701-04:00,odds_api,401858446,Washington Huskies,Utah State Aggies,bovada,-28.0,,55.5,,-5000.0,1300.0,2026-09-12T19:30:00Z,-110.0,-110.0
2026-09-12T12:35:17.013701-04:00,odds_api,401862705,North Texas Mean Green,UNLV Rebels,fanduel,3.5,,58.5,,134.0,-162.0,2026-09-12T19:45:00Z,-122.0,-105.0
2026-09-12T12:35:17.013701-04:00,odds_api,401862705,North Texas Mean Green,UNLV Rebels,draftkings,3.0,,57.5,,136.0,-162.0,2026-09-12T19:45:00Z,-105.0,-120.0
2026-09-12T12:35:17.013701-04:00,odds_api,401862705,North Texas Mean Green,UNLV Rebels,betonlineag,3.0,,57.5,,135.0,-155.0,2026-09-12T19:45:00Z,-107.0,-120.0
2026-09-12T12:35:17.013701-04:00,odds_api,401862705,North Texas Mean Green,UNLV Rebels,lowvig,3.0,,57.5,,135.0,-155.0,2026-09-12T19:45:00Z,-103.0,-119.0
2026-09-12T12:35:17.013701-04:00,odds_api,401862705,North Texas Mean Green,UNLV Rebels,betmgm,3.0,,58.5,,135.0,-165.0,2026-09-12T19:45:00Z,-105.0,-102.0
2026-09-12T12:35:17.013701-04:00,odds_api,401862705,North Texas Mean Green,UNLV Rebels,betrivers,3.0,,57.5,,133.0,-165.0,2026-09-12T19:45:00Z,-107.0,-120.0
2026-09-12T12:35:17.013701-04:00,odds_api,401862705,North Texas Mean Green,UNLV Rebels,betus,3.0,,57.5,,129.0,-150.0,2026-09-12T19:45:00Z,-110.0,-110.0
2026-09-12T12:35:17.013701-04:00,odds_api,401862705,North Texas Mean Green,UNLV Rebels,mybookieag,3.0,,58.0,,132.0,-163.0,2026-09-12T19:45:00Z,-110.0,-110.0
2026-09-12T12:35:17.013701-04:00,odds_api,401862705,North Texas Mean Green,UNLV Rebels,bovada,3.0,,58.0,,135.0,-160.0,2026-09-12T19:45:00Z,-105.0,-115.0
2026-09-12T12:35:17.013701-04:00,odds_api,401868326,Troy Trojans,Alabama State Hornets,fanduel,-23.5,,51.5,,-2100.0,1000.0,2026-09-12T20:00:00Z,-105.0,-110.0
2026-09-12T12:35:17.013701-04:00,odds_api,401868326,Troy Trojans,Alabama State Hornets,betrivers,-23.0,,52.5,,-3335.0,1050.0,2026-09-12T20:00:00Z,-110.0,-108.0
2026-09-12T12:35:17.013701-04:00,odds_api,401868326,Troy Trojans,Alabama State Hornets,draftkings,-23.5,,51.5,,-2100.0,1100.0,2026-09-12T20:00:00Z,-115.0,-115.0
2026-09-12T12:35:17.013701-04:00,odds_api,401868326,Troy Trojans,Alabama State Hornets,betonlineag,-23.5,,51.5,,,,2026-09-12T20:00:00Z,-112.0,-105.0
2026-09-12T12:35:17.013701-04:00,odds_api,401868326,Troy Trojans,Alabama State Hornets,lowvig,-23.5,,51.5,,,,2026-09-12T20:00:00Z,-112.0,-105.0
2026-09-12T12:35:17.013701-04:00,odds_api,401868326,Troy Trojans,Alabama State Hornets,bovada,-23.5,,52.0,,-2200.0,1000.0,2026-09-12T20:00:00Z,-115.0,-105.0
2026-09-12T12:35:17.013701-04:00,odds_api,401868326,Troy Trojans,Alabama State Hornets,betmgm,-23.0,,51.5,,-1600.0,1050.0,2026-09-12T20:00:00Z,-108.0,-110.0
2026-09-12T12:35:17.013701-04:00,odds_api,401868326,Troy Trojans,Alabama State Hornets,mybookieag,-24.0,,51.5,,-2273.0,890.0,2026-09-12T20:00:00Z,-110.0,-110.0
2026-09-12T12:35:17.013701-04:00,odds_api,401865252,New Mexico Lobos,Mercyhurst Lakers,fanduel,-42.5,,54.5,,,,2026-09-12T20:00:00Z,-104.0,-110.0
2026-09-12T12:35:17.013701-04:00,odds_api,401865252,New Mexico Lobos,Mercyhurst Lakers,betrivers,-41.5,,53.5,,,,2026-09-12T20:00:00Z,-113.0,-115.0
2026-09-12T12:35:17.013701-04:00,odds_api,401865252,New Mexico Lobos,Mercyhurst Lakers,draftkings,-42.5,,54.5,,,,2026-09-12T20:00:00Z,-105.0,-108.0
2026-09-12T12:35:17.013701-04:00,odds_api,401865252,New Mexico Lobos,Mercyhurst Lakers,betonlineag,-41.5,,53.5,,,,2026-09-12T20:00:00Z,-110.0,-115.0
2026-09-12T12:35:17.013701-04:00,odds_api,401865252,New Mexico Lobos,Mercyhurst Lakers,lowvig,-41.5,,53.5,,,,2026-09-12T20:00:00Z,-110.0,-115.0
2026-09-12T12:35:17.013701-04:00,odds_api,401865252,New Mexico Lobos,Mercyhurst Lakers,bovada,-42.0,,54.5,,,,2026-09-12T20:00:00Z,-115.0,-110.0
2026-09-12T12:35:17.013701-04:00,odds_api,401865252,New Mexico Lobos,Mercyhurst Lakers,betmgm,-42.0,,54.5,,,,2026-09-12T20:00:00Z,-110.0,-115.0
2026-09-12T12:35:17.013701-04:00,odds_api,401864506,Wyoming Cowboys,Northern Colorado Bears,fanduel,-21.5,,43.5,,-2800.0,1160.0,2026-09-12T20:00:00Z,-115.0,-114.0
2026-09-12T12:35:17.013701-04:00,odds_api,401864506,Wyoming Cowboys,Northern Colorado Bears,betrivers,-21.5,,44.5,,-3335.0,1150.0,2026-09-12T20:00:00Z,-113.0,-113.0
2026-09-12T12:35:17.013701-04:00,odds_api,401864506,Wyoming Cowboys,Northern Colorado Bears,draftkings,-23.5,,44.5,,-1800.0,1000.0,2026-09-12T20:00:00Z,-108.0,-102.0
2026-09-12T12:35:17.013701-04:00,odds_api,401864506,Wyoming Cowboys,Northern Colorado Bears,betonlineag,-23.5,,44.0,,,,2026-09-12T20:00:00Z,-105.0,-115.0
2026-09-12T12:35:17.013701-04:00,odds_api,401864506,Wyoming Cowboys,Northern Colorado Bears,lowvig,-23.5,,44.0,,,,2026-09-12T20:00:00Z,-105.0,-115.0
2026-09-12T12:35:17.013701-04:00,odds_api,401864506,Wyoming Cowboys,Northern Colorado Bears,bovada,-22.5,,44.0,,-2000.0,950.0,2026-09-12T20:00:00Z,-110.0,-110.0
2026-09-12T12:35:17.013701-04:00,odds_api,401864506,Wyoming Cowboys,Northern Colorado Bears,betmgm,-22.5,,44.5,,-2000.0,1150.0,2026-09-12T20:00:00Z,-110.0,-105.0
2026-09-12T12:35:17.013701-04:00,odds_api,401864506,Wyoming Cowboys,Northern Colorado Bears,mybookieag,-23.5,,44.5,,,,2026-09-12T20:00:00Z,-110.0,-110.0
2026-09-12T12:35:17.013701-04:00,odds_api,401858223,SMU Mustangs,UC Davis Aggies,draftkings,-32.5,,58.5,,-3600.0,1500.0,2026-09-12T20:00:00Z,-108.0,-115.0
2026-09-12T12:35:17.013701-04:00,odds_api,401858223,SMU Mustangs,UC Davis Aggies,fanduel,-31.5,,59.5,,-10000.0,2800.0,2026-09-12T20:00:00Z,-106.0,-105.0
2026-09-12T12:35:17.013701-04:00,odds_api,401858223,SMU Mustangs,UC Davis Aggies,betrivers,-32.5,,59.5,,,,2026-09-12T20:00:00Z,-109.0,-109.0
2026-09-12T12:35:17.013701-04:00,odds_api,401858223,SMU Mustangs,UC Davis Aggies,betonlineag,-32.5,,58.5,,,,2026-09-12T20:00:00Z,-110.0,-110.0
2026-09-12T12:35:17.013701-04:00,odds_api,401858223,SMU Mustangs,UC Davis Aggies,lowvig,-32.5,,58.5,,,,2026-09-12T20:00:00Z,-110.0,-110.0
2026-09-12T12:35:17.013701-04:00,odds_api,401858223,SMU Mustangs,UC Davis Aggies,bovada,-32.5,,59.0,,,,2026-09-12T20:00:00Z,-105.0,-115.0
2026-09-12T12:35:17.013701-04:00,odds_api,401858223,SMU Mustangs,UC Davis Aggies,betmgm,-31.5,,58.5,,-10000.0,2800.0,2026-09-12T20:00:00Z,-110.0,-120.0
2026-09-12T12:35:17.013701-04:00,odds_api,401856684,Vanderbilt Commodores,Delaware Blue Hens,fanduel,-20.5,,54.5,,-1800.0,920.0,2026-09-12T20:15:00Z,-118.0,-114.0
2026-09-12T12:35:17.013701-04:00,odds_api,401856684,Vanderbilt Commodores,Delaware Blue Hens,draftkings,-21.0,,54.5,,-1350.0,800.0,2026-09-12T20:15:00Z,-108.0,-115.0
2026-09-12T12:35:17.013701-04:00,odds_api,401856684,Vanderbilt Commodores,Delaware Blue Hens,betonlineag,-20.5,,55.0,,-1400.0,836.0,2026-09-12T20:15:00Z,-115.0,-105.0
2026-09-12T12:35:17.013701-04:00,odds_api,401856684,Vanderbilt Commodores,Delaware Blue Hens,lowvig,-21.0,,55.0,,-1400.0,836.0,2026-09-12T20:15:00Z,-103.0,-103.0
2026-09-12T12:35:17.013701-04:00,odds_api,401856684,Vanderbilt Commodores,Delaware Blue Hens,betmgm,-20.5,,54.5,,-1400.0,950.0,2026-09-12T20:15:00Z,-115.0,-115.0
2026-09-12T12:35:17.013701-04:00,odds_api,401856684,Vanderbilt Commodores,Delaware Blue Hens,betrivers,-21.0,,54.5,,-2500.0,950.0,2026-09-12T20:15:00Z,-114.0,-112.0
2026-09-12T12:35:17.013701-04:00,odds_api,401856684,Vanderbilt Commodores,Delaware Blue Hens,betus,-21.0,,55.0,,-1400.0,825.0,2026-09-12T20:15:00Z,-110.0,-110.0
2026-09-12T12:35:17.013701-04:00,odds_api,401856684,Vanderbilt Commodores,Delaware Blue Hens,mybookieag,-21.0,,55.0,,-1493.0,780.0,2026-09-12T20:15:00Z,-110.0,-110.0
2026-09-12T12:35:17.013701-04:00,odds_api,401856684,Vanderbilt Commodores,Delaware Blue Hens,bovada,-21.0,,55.0,,-1600.0,800.0,2026-09-12T20:15:00Z,-110.0,-110.0
2026-09-12T12:35:17.013701-04:00,odds_api,401856672,Florida Gators,Campbell Fighting Camels,fanduel,-50.5,,66.5,,,,2026-09-12T21:30:00Z,-115.0,-110.0
2026-09-12T12:35:17.013701-04:00,odds_api,401856672,Florida Gators,Campbell Fighting Camels,betrivers,-51.0,,66.5,,,,2026-09-12T21:30:00Z,-110.0,-107.0
2026-09-12T12:35:17.013701-04:00,odds_api,401856672,Florida Gators,Campbell Fighting Camels,draftkings,-50.5,,65.5,,,,2026-09-12T21:30:00Z,-112.0,-118.0
2026-09-12T12:35:17.013701-04:00,odds_api,401856672,Florida Gators,Campbell Fighting Camels,betonlineag,-51.0,,66.0,,,,2026-09-12T21:30:00Z,-110.0,-115.0
2026-09-12T12:35:17.013701-04:00,odds_api,401856672,Florida Gators,Campbell Fighting Camels,lowvig,-51.0,,66.0,,,,2026-09-12T21:30:00Z,-110.0,-115.0
2026-09-12T12:35:17.013701-04:00,odds_api,401856672,Florida Gators,Campbell Fighting Camels,bovada,-51.0,,67.0,,,,2026-09-12T21:30:00Z,-120.0,-110.0
2026-09-12T12:35:17.013701-04:00,odds_api,401856672,Florida Gators,Campbell Fighting Camels,betmgm,-51.0,,66.5,,,,2026-09-12T21:30:00Z,-108.0,-105.0
2026-09-12T12:35:17.013701-04:00,odds_api,401860881,Boise State Broncos,Memphis Tigers,draftkings,-9.5,,55.5,,-375.0,295.0,2026-09-12T22:00:00Z,-108.0,-110.0
2026-09-12T12:35:17.013701-04:00,odds_api,401860881,Boise State Broncos,Memphis Tigers,fanduel,-9.5,,55.5,,-335.0,265.0,2026-09-12T22:00:00Z,-105.0,-106.0
2026-09-12T12:35:17.013701-04:00,odds_api,401860881,Boise State Broncos,Memphis Tigers,betrivers,-8.5,,56.0,,-345.0,265.0,2026-09-12T22:00:00Z,-109.0,-110.0
2026-09-12T12:35:17.013701-04:00,odds_api,401860881,Boise State Broncos,Memphis Tigers,betonlineag,-9.0,,55.0,,-360.0,289.0,2026-09-12T22:00:00Z,-115.0,-110.0
2026-09-12T12:35:17.013701-04:00,odds_api,401860881,Boise State Broncos,Memphis Tigers,lowvig,-9.0,,55.0,,-360.0,289.0,2026-09-12T22:00:00Z,-111.0,-108.0
2026-09-12T12:35:17.013701-04:00,odds_api,401860881,Boise State Broncos,Memphis Tigers,betmgm,-8.5,,55.5,,-350.0,280.0,2026-09-12T22:00:00Z,-118.0,-112.0
2026-09-12T12:35:17.013701-04:00,odds_api,401860881,Boise State Broncos,Memphis Tigers,betus,-9.0,,55.0,,-360.0,290.0,2026-09-12T22:00:00Z,-115.0,-110.0
2026-09-12T12:35:17.013701-04:00,odds_api,401860881,Boise State Broncos,Memphis Tigers,mybookieag,-9.0,,55.5,,-350.0,265.0,2026-09-12T22:00:00Z,-110.0,-110.0
2026-09-12T12:35:17.013701-04:00,odds_api,401860881,Boise State Broncos,Memphis Tigers,bovada,-9.0,,55.0,,-360.0,280.0,2026-09-12T22:00:00Z,-110.0,-110.0
2026-09-12T12:35:17.013701-04:00,odds_api,401866414,Florida International Panthers,Buffalo Bulls,fanduel,-10.5,,47.5,,-450.0,340.0,2026-09-12T22:00:00Z,-106.0,-108.0
2026-09-12T12:35:17.013701-04:00,odds_api,401866414,Florida International Panthers,Buffalo Bulls,lowvig,-10.0,,48.0,,-400.0,316.0,2026-09-12T22:00:00Z,-111.0,-105.0
2026-09-12T12:35:17.013701-04:00,odds_api,401866414,Florida International Panthers,Buffalo Bulls,betonlineag,-10.0,,48.0,,-400.0,316.0,2026-09-12T22:00:00Z,-115.0,-107.0
2026-09-12T12:35:17.013701-04:00,odds_api,401866414,Florida International Panthers,Buffalo Bulls,draftkings,-10.0,,47.5,,-410.0,320.0,2026-09-12T22:00:00Z,-112.0,-105.0
2026-09-12T12:35:17.013701-04:00,odds_api,401866414,Florida International Panthers,Buffalo Bulls,betmgm,-10.0,,47.5,,-425.0,320.0,2026-09-12T22:00:00Z,-120.0,-105.0
2026-09-12T12:35:17.013701-04:00,odds_api,401866414,Florida International Panthers,Buffalo Bulls,betrivers,-10.0,,47.5,,-480.0,320.0,2026-09-12T22:00:00Z,-110.0,-110.0
2026-09-12T12:35:17.013701-04:00,odds_api,401866414,Florida International Panthers,Buffalo Bulls,betus,-10.0,,47.0,,-370.0,295.0,2026-09-12T22:00:00Z,-110.0,-110.0
2026-09-12T12:35:17.013701-04:00,odds_api,401866414,Florida International Panthers,Buffalo Bulls,mybookieag,-10.0,,47.5,,-420.0,310.0,2026-09-12T22:00:00Z,-110.0,-110.0
2026-09-12T12:35:17.013701-04:00,odds_api,401866414,Florida International Panthers,Buffalo Bulls,bovada,-10.0,,47.5,,-415.0,310.0,2026-09-12T22:00:00Z,-110.0,-110.0
2026-09-12T12:35:17.013701-04:00,odds_api,401866418,Ohio Bobcats,Jacksonville State Gamecocks,fanduel,-2.5,,50.5,,-128.0,106.0,2026-09-12T22:00:00Z,-105.0,-108.0
2026-09-12T12:35:17.013701-04:00,odds_api,401866418,Ohio Bobcats,Jacksonville State Gamecocks,draftkings,-2.5,,50.5,,-130.0,110.0,2026-09-12T22:00:00Z,-105.0,-108.0
2026-09-12T12:35:17.013701-04:00,odds_api,401866418,Ohio Bobcats,Jacksonville State Gamecocks,lowvig,-2.0,,50.5,,-125.0,105.0,2026-09-12T22:00:00Z,-106.0,-103.0
2026-09-12T12:35:17.013701-04:00,odds_api,401866418,Ohio Bobcats,Jacksonville State Gamecocks,betonlineag,-2.0,,50.5,,-125.0,105.0,2026-09-12T22:00:00Z,-105.0,-105.0
2026-09-12T12:35:17.013701-04:00,odds_api,401866418,Ohio Bobcats,Jacksonville State Gamecocks,betrivers,-2.0,,50.5,,-130.0,105.0,2026-09-12T22:00:00Z,-112.0,-109.0
2026-09-12T12:35:17.013701-04:00,odds_api,401866418,Ohio Bobcats,Jacksonville State Gamecocks,betmgm,-2.0,,50.5,,-130.0,105.0,2026-09-12T22:00:00Z,-108.0,-108.0
2026-09-12T12:35:17.013701-04:00,odds_api,401866418,Ohio Bobcats,Jacksonville State Gamecocks,betus,-1.5,,50.5,,-125.0,105.0,2026-09-12T22:00:00Z,-110.0,-105.0
2026-09-12T12:35:17.013701-04:00,odds_api,401866418,Ohio Bobcats,Jacksonville State Gamecocks,mybookieag,-2.0,,50.0,,-127.0,104.0,2026-09-12T22:00:00Z,-110.0,-110.0
2026-09-12T12:35:17.013701-04:00,odds_api,401866418,Ohio Bobcats,Jacksonville State Gamecocks,bovada,-1.5,,50.0,,-120.0,100.0,2026-09-12T22:00:00Z,-105.0,-110.0
2026-09-12T12:35:17.013701-04:00,odds_api,401866421,Western Michigan Broncos,Monmouth Hawks,fanduel,-28.5,,53.5,,-10000.0,2500.0,2026-09-12T22:30:00Z,-115.0,-110.0
2026-09-12T12:35:17.013701-04:00,odds_api,401866421,Western Michigan Broncos,Monmouth Hawks,betrivers,-29.5,,54.5,,-10000.0,1500.0,2026-09-12T22:30:00Z,-110.0,-108.0
2026-09-12T12:35:17.013701-04:00,odds_api,401866421,Western Michigan Broncos,Monmouth Hawks,draftkings,-29.5,,53.5,,-5000.0,1800.0,2026-09-12T22:30:00Z,-110.0,-112.0
2026-09-12T12:35:17.013701-04:00,odds_api,401866421,Western Michigan Broncos,Monmouth Hawks,lowvig,-29.0,,53.5,,,,2026-09-12T22:30:00Z,-115.0,-115.0
2026-09-12T12:35:17.013701-04:00,odds_api,401866421,Western Michigan Broncos,Monmouth Hawks,betonlineag,-29.0,,53.5,,,,2026-09-12T22:30:00Z,-115.0,-115.0
2026-09-12T12:35:17.013701-04:00,odds_api,401866421,Western Michigan Broncos,Monmouth Hawks,bovada,-28.5,,53.5,,,,2026-09-12T22:30:00Z,-105.0,-110.0
2026-09-12T12:35:17.013701-04:00,odds_api,401866421,Western Michigan Broncos,Monmouth Hawks,betmgm,-29.0,,53.5,,-5000.0,2200.0,2026-09-12T22:30:00Z,-108.0,-112.0
2026-09-12T12:35:17.013701-04:00,odds_api,401868241,Arkansas State Red Wolves,West Georgia Wolves,fanduel,-31.5,,56.5,,-20000.0,3500.0,2026-09-12T23:00:00Z,-115.0,-110.0
2026-09-12T12:35:17.013701-04:00,odds_api,401868241,Arkansas State Red Wolves,West Georgia Wolves,mybookieag,,,56.5,,,,2026-09-12T23:00:00Z,,-110.0
2026-09-12T12:35:17.013701-04:00,odds_api,401868241,Arkansas State Red Wolves,West Georgia Wolves,draftkings,-31.5,,56.5,,-10000.0,3000.0,2026-09-12T23:00:00Z,-112.0,-108.0
2026-09-12T12:35:17.013701-04:00,odds_api,401868241,Arkansas State Red Wolves,West Georgia Wolves,betonlineag,-32.5,,56.0,,,,2026-09-12T23:00:00Z,-115.0,-105.0
2026-09-12T12:35:17.013701-04:00,odds_api,401868241,Arkansas State Red Wolves,West Georgia Wolves,lowvig,-32.5,,56.0,,,,2026-09-12T23:00:00Z,-115.0,-105.0
2026-09-12T12:35:17.013701-04:00,odds_api,401868241,Arkansas State Red Wolves,West Georgia Wolves,bovada,-31.5,,56.0,,,,2026-09-12T23:00:00Z,-110.0,-110.0
2026-09-12T12:35:17.013701-04:00,odds_api,401868241,Arkansas State Red Wolves,West Georgia Wolves,betrivers,-31.5,,56.5,,,,2026-09-12T23:00:00Z,-113.0,-114.0
2026-09-12T12:35:17.013701-04:00,odds_api,401868241,Arkansas State Red Wolves,West Georgia Wolves,betmgm,-33.0,,56.5,,,,2026-09-12T23:00:00Z,-108.0,-108.0
2026-09-12T12:35:17.013701-04:00,odds_api,401858441,Nebraska Cornhuskers,Bowling Green Falcons,fanduel,-30.5,,50.5,,-10000.0,3500.0,2026-09-12T23:00:00Z,-110.0,-108.0
2026-09-12T12:35:17.013701-04:00,odds_api,401858441,Nebraska Cornhuskers,Bowling Green Falcons,draftkings,-30.5,,49.5,,-6500.0,2000.0,2026-09-12T23:00:00Z,-110.0,-112.0
2026-09-12T12:35:17.013701-04:00,odds_api,401858441,Nebraska Cornhuskers,Bowling Green Falcons,betonlineag,-30.5,,50.0,,-10000.0,1787.0,2026-09-12T23:00:00Z,-110.0,-105.0
2026-09-12T12:35:17.013701-04:00,odds_api,401858441,Nebraska Cornhuskers,Bowling Green Falcons,lowvig,-30.5,,50.0,,-10000.0,1787.0,2026-09-12T23:00:00Z,-106.0,-103.0
2026-09-12T12:35:17.013701-04:00,odds_api,401858441,Nebraska Cornhuskers,Bowling Green Falcons,betmgm,-30.0,,49.5,,-10000.0,2500.0,2026-09-12T23:00:00Z,-110.0,-110.0
2026-09-12T12:35:17.013701-04:00,odds_api,401858441,Nebraska Cornhuskers,Bowling Green Falcons,betrivers,-30.5,,50.5,,,,2026-09-12T23:00:00Z,-110.0,-114.0
2026-09-12T12:35:17.013701-04:00,odds_api,401858441,Nebraska Cornhuskers,Bowling Green Falcons,betus,-30.5,,50.0,,,,2026-09-12T23:00:00Z,-110.0,-110.0
2026-09-12T12:35:17.013701-04:00,odds_api,401858441,Nebraska Cornhuskers,Bowling Green Falcons,mybookieag,-30.5,,49.5,,-10000.0,1600.0,2026-09-12T23:00:00Z,-110.0,-110.0
2026-09-12T12:35:17.013701-04:00,odds_api,401858441,Nebraska Cornhuskers,Bowling Green Falcons,bovada,-30.0,,50.0,,-10000.0,1600.0,2026-09-12T23:00:00Z,-110.0,-110.0
2026-09-12T12:35:17.013701-04:00,odds_api,401856786,Cincinnati Bearcats,Western Carolina Catamounts,fanduel,-35.5,,61.5,,-10000.0,2400.0,2026-09-12T23:00:00Z,-110.0,-106.0
2026-09-12T12:35:17.013701-04:00,odds_api,401856786,Cincinnati Bearcats,Western Carolina Catamounts,betrivers,-37.0,,61.0,,,,2026-09-12T23:00:00Z,-112.0,-113.0
2026-09-12T12:35:17.013701-04:00,odds_api,401856786,Cincinnati Bearcats,Western Carolina Catamounts,draftkings,-36.5,,60.5,,,,2026-09-12T23:00:00Z,-112.0,-108.0
2026-09-12T12:35:17.013701-04:00,odds_api,401856786,Cincinnati Bearcats,Western Carolina Catamounts,lowvig,-35.5,,60.5,,,,2026-09-12T23:00:00Z,-115.0,-110.0
2026-09-12T12:35:17.013701-04:00,odds_api,401856786,Cincinnati Bearcats,Western Carolina Catamounts,betonlineag,-35.5,,60.5,,,,2026-09-12T23:00:00Z,-115.0,-110.0
2026-09-12T12:35:17.013701-04:00,odds_api,401856786,Cincinnati Bearcats,Western Carolina Catamounts,bovada,-36.5,,60.5,,,,2026-09-12T23:00:00Z,-110.0,-110.0
2026-09-12T12:35:17.013701-04:00,odds_api,401856786,Cincinnati Bearcats,Western Carolina Catamounts,betmgm,-35.0,,60.5,,,,2026-09-12T23:00:00Z,-112.0,-112.0
2026-09-12T12:35:17.013701-04:00,odds_api,401860882,Colorado State Rams,Southern Utah Thunderbirds,fanduel,-20.5,,57.5,,-1700.0,890.0,2026-09-12T23:00:00Z,-112.0,-110.0
2026-09-12T12:35:17.013701-04:00,odds_api,401860882,Colorado State Rams,Southern Utah Thunderbirds,betrivers,-20.5,,56.5,,-3335.0,1000.0,2026-09-12T23:00:00Z,-113.0,-112.0
2026-09-12T12:35:17.013701-04:00,odds_api,401860882,Colorado State Rams,Southern Utah Thunderbirds,draftkings,-20.5,,57.5,,-1350.0,800.0,2026-09-12T23:00:00Z,-102.0,-105.0
2026-09-12T12:35:17.013701-04:00,odds_api,401860882,Colorado State Rams,Southern Utah Thunderbirds,betonlineag,-20.5,,57.5,,,,2026-09-12T23:00:00Z,-110.0,-112.0
2026-09-12T12:35:17.013701-04:00,odds_api,401860882,Colorado State Rams,Southern Utah Thunderbirds,lowvig,-20.5,,57.5,,,,2026-09-12T23:00:00Z,-110.0,-112.0
2026-09-12T12:35:17.013701-04:00,odds_api,401860882,Colorado State Rams,Southern Utah Thunderbirds,bovada,-20.5,,57.0,,-1500.0,775.0,2026-09-12T23:00:00Z,-110.0,-115.0
2026-09-12T12:35:17.013701-04:00,odds_api,401860882,Colorado State Rams,Southern Utah Thunderbirds,betmgm,-20.0,,57.5,,-1400.0,950.0,2026-09-12T23:00:00Z,-110.0,-110.0
2026-09-12T12:35:17.013701-04:00,odds_api,401860882,Colorado State Rams,Southern Utah Thunderbirds,mybookieag,-20.5,,57.5,,-1205.0,630.0,2026-09-12T23:00:00Z,-110.0,-110.0
2026-09-12T12:35:17.013701-04:00,odds_api,401869955,Kennesaw State Owls,Georgia State Panthers,draftkings,-8.5,,55.5,,-310.0,250.0,2026-09-12T23:00:00Z,-105.0,-105.0
2026-09-12T12:35:17.013701-04:00,odds_api,401869955,Kennesaw State Owls,Georgia State Panthers,betonlineag,-8.5,,55.5,,-315.0,256.0,2026-09-12T23:00:00Z,-105.0,-112.0
2026-09-12T12:35:17.013701-04:00,odds_api,401869955,Kennesaw State Owls,Georgia State Panthers,lowvig,-8.5,,55.5,,-315.0,256.0,2026-09-12T23:00:00Z,-101.0,-110.0
2026-09-12T12:35:17.013701-04:00,odds_api,401869955,Kennesaw State Owls,Georgia State Panthers,betmgm,-8.0,,55.5,,-300.0,260.0,2026-09-12T23:00:00Z,-108.0,-105.0
2026-09-12T12:35:17.013701-04:00,odds_api,401869955,Kennesaw State Owls,Georgia State Panthers,betus,,,55.5,,,,2026-09-12T23:00:00Z,,-110.0
2026-09-12T12:35:17.013701-04:00,odds_api,401869955,Kennesaw State Owls,Georgia State Panthers,betrivers,-8.0,,54.5,,-335.0,255.0,2026-09-12T23:00:00Z,-113.0,-115.0
2026-09-12T12:35:17.013701-04:00,odds_api,401869955,Kennesaw State Owls,Georgia State Panthers,mybookieag,-8.5,,55.0,,-330.0,255.0,2026-09-12T23:00:00Z,-110.0,-110.0
2026-09-12T12:35:17.013701-04:00,odds_api,401869955,Kennesaw State Owls,Georgia State Panthers,bovada,-8.0,,55.5,,-340.0,270.0,2026-09-12T23:00:00Z,-110.0,-105.0
2026-09-12T12:35:17.013701-04:00,odds_api,401869955,Kennesaw State Owls,Georgia State Panthers,fanduel,-7.5,,55.5,,-310.0,245.0,2026-09-12T23:00:00Z,-110.0,-106.0
2026-09-12T12:35:17.013701-04:00,odds_api,401856681,Georgia Tech Yellow Jackets,Tennessee Volunteers,draftkings,12.5,,55.5,,380.0,-500.0,2026-09-12T23:00:00Z,-112.0,-110.0
2026-09-12T12:35:17.013701-04:00,odds_api,401856681,Georgia Tech Yellow Jackets,Tennessee Volunteers,fanduel,11.5,,55.5,,375.0,-500.0,2026-09-12T23:00:00Z,-104.0,-110.0
2026-09-12T12:35:17.013701-04:00,odds_api,401856681,Georgia Tech Yellow Jackets,Tennessee Volunteers,betrivers,12.0,,55.5,,390.0,-560.0,2026-09-12T23:00:00Z,-112.0,-110.0
2026-09-12T12:35:17.013701-04:00,odds_api,401856681,Georgia Tech Yellow Jackets,Tennessee Volunteers,betonlineag,12.0,,55.5,,370.0,-480.0,2026-09-12T23:00:00Z,-110.0,-110.0
2026-09-12T12:35:17.013701-04:00,odds_api,401856681,Georgia Tech Yellow Jackets,Tennessee Volunteers,lowvig,12.0,,55.5,,370.0,-480.0,2026-09-12T23:00:00Z,-106.0,-108.0
2026-09-12T12:35:17.013701-04:00,odds_api,401856681,Georgia Tech Yellow Jackets,Tennessee Volunteers,betmgm,12.0,,55.5,,360.0,-475.0,2026-09-12T23:00:00Z,-110.0,-110.0
2026-09-12T12:35:17.013701-04:00,odds_api,401856681,Georgia Tech Yellow Jackets,Tennessee Volunteers,betus,12.0,,55.5,,378.0,-480.0,2026-09-12T23:00:00Z,-110.0,-110.0
2026-09-12T12:35:17.013701-04:00,odds_api,401856681,Georgia Tech Yellow Jackets,Tennessee Volunteers,mybookieag,12.0,,55.5,,360.0,-500.0,2026-09-12T23:00:00Z,-110.0,-110.0
2026-09-12T12:35:17.013701-04:00,odds_api,401856681,Georgia Tech Yellow Jackets,Tennessee Volunteers,bovada,12.0,,55.5,,370.0,-510.0,2026-09-12T23:00:00Z,-110.0,-110.0
2026-09-12T12:35:17.013701-04:00,odds_api,401856787,Houston Cougars,Southern University Jaguars,fanduel,-51.5,,61.5,,,,2026-09-12T23:00:00Z,-110.0,-105.0
2026-09-12T12:35:17.013701-04:00,odds_api,401856787,Houston Cougars,Southern University Jaguars,betrivers,-51.5,,61.0,,,,2026-09-12T23:00:00Z,-108.0,-114.0
2026-09-12T12:35:17.013701-04:00,odds_api,401856787,Houston Cougars,Southern University Jaguars,draftkings,-51.5,,61.5,,,,2026-09-12T23:00:00Z,-115.0,-105.0
2026-09-12T12:35:17.013701-04:00,odds_api,401856787,Houston Cougars,Southern University Jaguars,lowvig,-51.5,,61.5,,,,2026-09-12T23:00:00Z,-105.0,-110.0
2026-09-12T12:35:17.013701-04:00,odds_api,401856787,Houston Cougars,Southern University Jaguars,betonlineag,-51.5,,61.5,,,,2026-09-12T23:00:00Z,-105.0,-110.0
2026-09-12T12:35:17.013701-04:00,odds_api,401856787,Houston Cougars,Southern University Jaguars,bovada,-51.5,,61.5,,,,2026-09-12T23:00:00Z,-120.0,-110.0
2026-09-12T12:35:17.013701-04:00,odds_api,401856787,Houston Cougars,Southern University Jaguars,betmgm,-52.0,,61.5,,,,2026-09-12T23:00:00Z,-105.0,-112.0
2026-09-12T12:35:17.013701-04:00,odds_api,401864503,Northern Illinois Huskies,Illinois State Redbirds,fanduel,3.5,,47.5,,140.0,-170.0,2026-09-12T23:00:00Z,-110.0,-115.0
2026-09-12T12:35:17.013701-04:00,odds_api,401864503,Northern Illinois Huskies,Illinois State Redbirds,mybookieag,,,,,134.0,-172.0,2026-09-12T23:00:00Z,,
2026-09-12T12:35:17.013701-04:00,odds_api,401864503,Northern Illinois Huskies,Illinois State Redbirds,betrivers,3.5,,47.5,,133.0,-165.0,2026-09-12T23:00:00Z,-115.0,-115.0
2026-09-12T12:35:17.013701-04:00,odds_api,401864503,Northern Illinois Huskies,Illinois State Redbirds,draftkings,3.0,,47.5,,142.0,-170.0,2026-09-12T23:00:00Z,-105.0,-115.0
2026-09-12T12:35:17.013701-04:00,odds_api,401864503,Northern Illinois Huskies,Illinois State Redbirds,lowvig,3.0,,49.0,,,,2026-09-12T23:00:00Z,-110.0,-105.0
2026-09-12T12:35:17.013701-04:00,odds_api,401864503,Northern Illinois Huskies,Illinois State Redbirds,betonlineag,3.0,,49.0,,,,2026-09-12T23:00:00Z,-110.0,-105.0
2026-09-12T12:35:17.013701-04:00,odds_api,401864503,Northern Illinois Huskies,Illinois State Redbirds,bovada,3.0,,48.0,,135.0,-160.0,2026-09-12T23:00:00Z,-110.0,-110.0
2026-09-12T12:35:17.013701-04:00,odds_api,401864503,Northern Illinois Huskies,Illinois State Redbirds,betmgm,3.0,,48.5,,140.0,-165.0,2026-09-12T23:00:00Z,-108.0,-102.0
2026-09-12T12:35:17.013701-04:00,odds_api,401871046,Missouri State Bears,Lindenwood Lions,fanduel,-16.5,,53.5,,-1000.0,640.0,2026-09-12T23:00:00Z,-110.0,-110.0
2026-09-12T12:35:17.013701-04:00,odds_api,401871046,Missouri State Bears,Lindenwood Lions,betrivers,-17.0,,53.5,,-1430.0,750.0,2026-09-12T23:00:00Z,-113.0,-112.0
2026-09-12T12:35:17.013701-04:00,odds_api,401871046,Missouri State Bears,Lindenwood Lions,draftkings,-16.5,,52.5,,-850.0,575.0,2026-09-12T23:00:00Z,-112.0,-115.0
2026-09-12T12:35:17.013701-04:00,odds_api,401871046,Missouri State Bears,Lindenwood Lions,betonlineag,-16.5,,53.5,,,,2026-09-12T23:00:00Z,-105.0,-105.0
2026-09-12T12:35:17.013701-04:00,odds_api,401871046,Missouri State Bears,Lindenwood Lions,bovada,-17.0,,52.5,,-850.0,550.0,2026-09-12T23:00:00Z,100.0,-110.0
2026-09-12T12:35:17.013701-04:00,odds_api,401871046,Missouri State Bears,Lindenwood Lions,betmgm,-16.5,,52.5,,-800.0,625.0,2026-09-12T23:00:00Z,-108.0,-110.0
2026-09-12T12:35:17.013701-04:00,odds_api,401871046,Missouri State Bears,Lindenwood Lions,mybookieag,-17.0,,53.5,,-901.0,520.0,2026-09-12T23:00:00Z,-110.0,-110.0
2026-09-12T12:35:17.013701-04:00,odds_api,401871045,Marshall Thundering Herd,Middle Tennessee Blue Raiders,draftkings,-12.5,,55.5,,-535.0,400.0,2026-09-12T23:00:00Z,-112.0,-112.0
2026-09-12T12:35:17.013701-04:00,odds_api,401871045,Marshall Thundering Herd,Middle Tennessee Blue Raiders,lowvig,-13.0,,56.0,,-500.0,383.0,2026-09-12T23:00:00Z,-106.0,-108.0
2026-09-12T12:35:17.013701-04:00,odds_api,401871045,Marshall Thundering Herd,Middle Tennessee Blue Raiders,betonlineag,-13.0,,56.0,,-500.0,383.0,2026-09-12T23:00:00Z,-110.0,-110.0
2026-09-12T12:35:17.013701-04:00,odds_api,401871045,Marshall Thundering Herd,Middle Tennessee Blue Raiders,betmgm,-13.0,,57.5,,-525.0,400.0,2026-09-12T23:00:00Z,-108.0,-110.0
2026-09-12T12:35:17.013701-04:00,odds_api,401871045,Marshall Thundering Herd,Middle Tennessee Blue Raiders,betus,-13.0,,55.5,,-500.0,390.0,2026-09-12T23:00:00Z,-110.0,-110.0
2026-09-12T12:35:17.013701-04:00,odds_api,401871045,Marshall Thundering Herd,Middle Tennessee Blue Raiders,betrivers,-13.5,,56.5,,-625.0,420.0,2026-09-12T23:00:00Z,-110.0,-112.0
2026-09-12T12:35:17.013701-04:00,odds_api,401871045,Marshall Thundering Herd,Middle Tennessee Blue Raiders,mybookieag,-13.5,,56.0,,-561.0,400.0,2026-09-12T23:00:00Z,-110.0,-110.0
2026-09-12T12:35:17.013701-04:00,odds_api,401871045,Marshall Thundering Herd,Middle Tennessee Blue Raiders,bovada,-13.0,,56.0,,-600.0,425.0,2026-09-12T23:00:00Z,-110.0,-105.0
2026-09-12T12:35:17.013701-04:00,odds_api,401871045,Marshall Thundering Herd,Middle Tennessee Blue Raiders,fanduel,-13.5,,56.5,,-520.0,385.0,2026-09-12T23:00:00Z,-105.0,-108.0
2026-09-12T12:35:17.013701-04:00,odds_api,401862707,Sam Houston State Bearkats,Tulsa Golden Hurricane,fanduel,11.5,,51.5,,365.0,-490.0,2026-09-12T23:00:00Z,-110.0,-108.0
2026-09-12T12:35:17.013701-04:00,odds_api,401862707,Sam Houston State Bearkats,Tulsa Golden Hurricane,draftkings,12.5,,51.5,,380.0,-500.0,2026-09-12T23:00:00Z,-112.0,-112.0
2026-09-12T12:35:17.013701-04:00,odds_api,401862707,Sam Houston State Bearkats,Tulsa Golden Hurricane,betonlineag,13.0,,51.5,,383.0,-500.0,2026-09-12T23:00:00Z,-113.0,-110.0
2026-09-12T12:35:17.013701-04:00,odds_api,401862707,Sam Houston State Bearkats,Tulsa Golden Hurricane,lowvig,13.0,,51.5,,383.0,-500.0,2026-09-12T23:00:00Z,-109.0,-108.0
2026-09-12T12:35:17.013701-04:00,odds_api,401862707,Sam Houston State Bearkats,Tulsa Golden Hurricane,betmgm,12.0,,51.5,,380.0,-500.0,2026-09-12T23:00:00Z,-108.0,-102.0
2026-09-12T12:35:17.013701-04:00,odds_api,401862707,Sam Houston State Bearkats,Tulsa Golden Hurricane,betrivers,13.5,,51.5,,460.0,-715.0,2026-09-12T23:00:00Z,-113.0,-109.0
2026-09-12T12:35:17.013701-04:00,odds_api,401862707,Sam Houston State Bearkats,Tulsa Golden Hurricane,betus,12.5,,52.0,,390.0,-500.0,2026-09-12T23:00:00Z,-110.0,-110.0
2026-09-12T12:35:17.013701-04:00,odds_api,401862707,Sam Houston State Bearkats,Tulsa Golden Hurricane,mybookieag,12.5,,52.0,,390.0,-549.0,2026-09-12T23:00:00Z,-110.0,-110.0
2026-09-12T12:35:17.013701-04:00,odds_api,401862707,Sam Houston State Bearkats,Tulsa Golden Hurricane,bovada,12.5,,52.0,,390.0,-550.0,2026-09-12T23:00:00Z,-110.0,-110.0
2026-09-12T12:35:17.013701-04:00,odds_api,401864575,Tulane Green Wave,South Alabama Jaguars,draftkings,-9.5,,48.5,,-375.0,295.0,2026-09-12T23:00:00Z,-115.0,-112.0
2026-09-12T12:35:17.013701-04:00,odds_api,401864575,Tulane Green Wave,South Alabama Jaguars,fanduel,-9.5,,48.5,,-350.0,275.0,2026-09-12T23:00:00Z,-108.0,-110.0
2026-09-12T12:35:17.013701-04:00,odds_api,401864575,Tulane Green Wave,South Alabama Jaguars,lowvig,-9.5,,48.5,,-370.0,296.0,2026-09-12T23:00:00Z,-101.0,-108.0
2026-09-12T12:35:17.013701-04:00,odds_api,401864575,Tulane Green Wave,South Alabama Jaguars,betonlineag,-9.5,,48.5,,-370.0,296.0,2026-09-12T23:00:00Z,-105.0,-110.0
2026-09-12T12:35:17.013701-04:00,odds_api,401864575,Tulane Green Wave,South Alabama Jaguars,betmgm,-9.5,,48.5,,-375.0,290.0,2026-09-12T23:00:00Z,-112.0,-108.0
2026-09-12T12:35:17.013701-04:00,odds_api,401864575,Tulane Green Wave,South Alabama Jaguars,betrivers,-10.0,,49.5,,-420.0,300.0,2026-09-12T23:00:00Z,-109.0,-109.0
2026-09-12T12:35:17.013701-04:00,odds_api,401864575,Tulane Green Wave,South Alabama Jaguars,betus,-9.5,,48.5,,-360.0,290.0,2026-09-12T23:00:00Z,-110.0,-110.0
2026-09-12T12:35:17.013701-04:00,odds_api,401864575,Tulane Green Wave,South Alabama Jaguars,mybookieag,-9.5,,48.5,,-391.0,295.0,2026-09-12T23:00:00Z,-110.0,-110.0
2026-09-12T12:35:17.013701-04:00,odds_api,401864575,Tulane Green Wave,South Alabama Jaguars,bovada,-9.5,,48.5,,-390.0,295.0,2026-09-12T23:00:00Z,-105.0,-110.0
2026-09-12T12:35:17.013701-04:00,odds_api,401856680,South Carolina Gamecocks,Towson Tigers,fanduel,-43.5,,57.5,,,,2026-09-12T23:00:00Z,-115.0,-110.0
2026-09-12T12:35:17.013701-04:00,odds_api,401856680,South Carolina Gamecocks,Towson Tigers,betrivers,-44.0,,57.0,,,,2026-09-12T23:00:00Z,-110.0,-110.0
2026-09-12T12:35:17.013701-04:00,odds_api,401856680,South Carolina Gamecocks,Towson Tigers,draftkings,-43.5,,57.5,,,,2026-09-12T23:00:00Z,-112.0,-108.0
2026-09-12T12:35:17.013701-04:00,odds_api,401856680,South Carolina Gamecocks,Towson Tigers,lowvig,-44.0,,57.5,,,,2026-09-12T23:00:00Z,-110.0,-115.0
2026-09-12T12:35:17.013701-04:00,odds_api,401856680,South Carolina Gamecocks,Towson Tigers,betonlineag,-44.0,,57.5,,,,2026-09-12T23:00:00Z,-110.0,-115.0
2026-09-12T12:35:17.013701-04:00,odds_api,401856680,South Carolina Gamecocks,Towson Tigers,bovada,-44.0,,57.0,,,,2026-09-12T23:00:00Z,-115.0,-105.0
2026-09-12T12:35:17.013701-04:00,odds_api,401856680,South Carolina Gamecocks,Towson Tigers,betmgm,-44.0,,56.5,,,,2026-09-12T23:00:00Z,-108.0,-110.0
2026-09-12T12:35:17.013701-04:00,odds_api,401858443,UCLA Bruins,San Diego State Aztecs,draftkings,-13.5,,54.5,,-500.0,380.0,2026-09-12T23:15:00Z,-108.0,-108.0
2026-09-12T12:35:17.013701-04:00,odds_api,401858443,UCLA Bruins,San Diego State Aztecs,fanduel,-13.5,,54.5,,-630.0,450.0,2026-09-12T23:15:00Z,-110.0,-106.0
2026-09-12T12:35:17.013701-04:00,odds_api,401858443,UCLA Bruins,San Diego State Aztecs,betonlineag,-13.0,,54.5,,-510.0,390.0,2026-09-12T23:15:00Z,-113.0,-110.0
2026-09-12T12:35:17.013701-04:00,odds_api,401858443,UCLA Bruins,San Diego State Aztecs,lowvig,-13.0,,54.5,,-510.0,390.0,2026-09-12T23:15:00Z,-109.0,-108.0
2026-09-12T12:35:17.013701-04:00,odds_api,401858443,UCLA Bruins,San Diego State Aztecs,betrivers,-12.5,,54.5,,-590.0,375.0,2026-09-12T23:15:00Z,-110.0,-110.0
2026-09-12T12:35:17.013701-04:00,odds_api,401858443,UCLA Bruins,San Diego State Aztecs,betmgm,-13.0,,54.5,,-525.0,400.0,2026-09-12T23:15:00Z,-108.0,-108.0
2026-09-12T12:35:17.013701-04:00,odds_api,401858443,UCLA Bruins,San Diego State Aztecs,betus,-13.0,,54.5,,-510.0,395.0,2026-09-12T23:15:00Z,-115.0,-110.0
2026-09-12T12:35:17.013701-04:00,odds_api,401858443,UCLA Bruins,San Diego State Aztecs,mybookieag,-13.0,,54.0,,-549.0,390.0,2026-09-12T23:15:00Z,-110.0,-110.0
2026-09-12T12:35:17.013701-04:00,odds_api,401858443,UCLA Bruins,San Diego State Aztecs,bovada,-13.5,,54.0,,-575.0,400.0,2026-09-12T23:15:00Z,-110.0,-110.0
2026-09-12T12:35:17.013701-04:00,odds_api,401858447,Wisconsin Badgers,Western Illinois Leathernecks,fanduel,-42.5,,51.5,,,,2026-09-12T23:15:00Z,-102.0,-115.0
2026-09-12T12:35:17.013701-04:00,odds_api,401858447,Wisconsin Badgers,Western Illinois Leathernecks,betrivers,-42.5,,52.0,,,,2026-09-12T23:15:00Z,-112.0,-114.0
2026-09-12T12:35:17.013701-04:00,odds_api,401858447,Wisconsin Badgers,Western Illinois Leathernecks,draftkings,-42.5,,51.5,,,,2026-09-12T23:15:00Z,-105.0,-110.0
2026-09-12T12:35:17.013701-04:00,odds_api,401858447,Wisconsin Badgers,Western Illinois Leathernecks,betonlineag,-42.0,,52.0,,,,2026-09-12T23:15:00Z,-115.0,-105.0
2026-09-12T12:35:17.013701-04:00,odds_api,401858447,Wisconsin Badgers,Western Illinois Leathernecks,lowvig,-42.0,,52.0,,,,2026-09-12T23:15:00Z,-115.0,-105.0
2026-09-12T12:35:17.013701-04:00,odds_api,401858447,Wisconsin Badgers,Western Illinois Leathernecks,bovada,-43.0,,51.5,,,,2026-09-12T23:15:00Z,-105.0,-115.0
2026-09-12T12:35:17.013701-04:00,odds_api,401858447,Wisconsin Badgers,Western Illinois Leathernecks,betmgm,-42.5,,51.5,,,,2026-09-12T23:15:00Z,-110.0,-112.0
2026-09-12T12:35:17.013701-04:00,odds_api,401858219,Clemson Tigers,Georgia Southern Eagles,draftkings,-19.5,,55.5,,-1200.0,750.0,2026-09-12T23:30:00Z,-115.0,-102.0
2026-09-12T12:35:17.013701-04:00,odds_api,401858219,Clemson Tigers,Georgia Southern Eagles,lowvig,-20.0,,55.5,,-1350.0,817.0,2026-09-12T23:30:00Z,-106.0,-103.0
2026-09-12T12:35:17.013701-04:00,odds_api,401858219,Clemson Tigers,Georgia Southern Eagles,betonlineag,-20.0,,55.5,,-1350.0,817.0,2026-09-12T23:30:00Z,-110.0,-105.0
2026-09-12T12:35:17.013701-04:00,odds_api,401858219,Clemson Tigers,Georgia Southern Eagles,betmgm,-19.5,,55.5,,-1200.0,825.0,2026-09-12T23:30:00Z,-110.0,-102.0
2026-09-12T12:35:17.013701-04:00,odds_api,401858219,Clemson Tigers,Georgia Southern Eagles,betus,-20.0,,55.0,,-1400.0,825.0,2026-09-12T23:30:00Z,-110.0,-110.0
2026-09-12T12:35:17.013701-04:00,odds_api,401858219,Clemson Tigers,Georgia Southern Eagles,mybookieag,-20.0,,55.0,,-1442.0,752.0,2026-09-12T23:30:00Z,-110.0,-110.0
2026-09-12T12:35:17.013701-04:00,odds_api,401858219,Clemson Tigers,Georgia Southern Eagles,betrivers,-20.5,,55.5,,-2500.0,950.0,2026-09-12T23:30:00Z,-113.0,-110.0
2026-09-12T12:35:17.013701-04:00,odds_api,401858219,Clemson Tigers,Georgia Southern Eagles,bovada,-19.5,,55.0,,-1400.0,750.0,2026-09-12T23:30:00Z,-115.0,-110.0
2026-09-12T12:35:17.013701-04:00,odds_api,401858219,Clemson Tigers,Georgia Southern Eagles,fanduel,-19.5,,54.5,,-1400.0,800.0,2026-09-12T23:30:00Z,-110.0,-115.0
2026-09-12T12:35:17.013701-04:00,odds_api,401868008,Coastal Carolina Chanticleers,Fordham Rams,fanduel,-35.5,,53.5,,-10000.0,3000.0,2026-09-12T23:30:00Z,-106.0,-110.0
2026-09-12T12:35:17.013701-04:00,odds_api,401868008,Coastal Carolina Chanticleers,Fordham Rams,betrivers,-34.5,,54.0,,,,2026-09-12T23:30:00Z,-117.0,-109.0
2026-09-12T12:35:17.013701-04:00,odds_api,401868008,Coastal Carolina Chanticleers,Fordham Rams,draftkings,-35.5,,53.5,,,,2026-09-12T23:30:00Z,-112.0,-110.0
2026-09-12T12:35:17.013701-04:00,odds_api,401868008,Coastal Carolina Chanticleers,Fordham Rams,betonlineag,-35.0,,54.0,,,,2026-09-12T23:30:00Z,-115.0,-110.0
2026-09-12T12:35:17.013701-04:00,odds_api,401868008,Coastal Carolina Chanticleers,Fordham Rams,lowvig,-35.0,,54.0,,,,2026-09-12T23:30:00Z,-115.0,-110.0
2026-09-12T12:35:17.013701-04:00,odds_api,401868008,Coastal Carolina Chanticleers,Fordham Rams,bovada,-35.5,,53.5,,,,2026-09-12T23:30:00Z,-110.0,-110.0
2026-09-12T12:35:17.013701-04:00,odds_api,401868008,Coastal Carolina Chanticleers,Fordham Rams,betmgm,-34.5,,53.5,,-25000.0,4500.0,2026-09-12T23:30:00Z,-110.0,-108.0
2026-09-12T12:35:17.013701-04:00,odds_api,401862703,Florida Atlantic Owls,Navy Midshipmen,draftkings,4.0,,59.5,,164.0,-198.0,2026-09-12T23:30:00Z,-108.0,-110.0
2026-09-12T12:35:17.013701-04:00,odds_api,401862703,Florida Atlantic Owls,Navy Midshipmen,betonlineag,4.0,,59.5,,165.0,-190.0,2026-09-12T23:30:00Z,-110.0,-107.0
2026-09-12T12:35:17.013701-04:00,odds_api,401862703,Florida Atlantic Owls,Navy Midshipmen,lowvig,4.0,,59.5,,165.0,-190.0,2026-09-12T23:30:00Z,-106.0,-105.0
2026-09-12T12:35:17.013701-04:00,odds_api,401862703,Florida Atlantic Owls,Navy Midshipmen,betmgm,4.5,,58.5,,160.0,-200.0,2026-09-12T23:30:00Z,-120.0,-110.0
2026-09-12T12:35:17.013701-04:00,odds_api,401862703,Florida Atlantic Owls,Navy Midshipmen,betus,4.5,,59.5,,167.0,-195.0,2026-09-12T23:30:00Z,-110.0,-110.0
2026-09-12T12:35:17.013701-04:00,odds_api,401862703,Florida Atlantic Owls,Navy Midshipmen,mybookieag,5.0,,59.5,,166.0,-208.0,2026-09-12T23:30:00Z,-110.0,-110.0
2026-09-12T12:35:17.013701-04:00,odds_api,401862703,Florida Atlantic Owls,Navy Midshipmen,betrivers,4.5,,58.5,,150.0,-195.0,2026-09-12T23:30:00Z,-113.0,-114.0
2026-09-12T12:35:17.013701-04:00,odds_api,401862703,Florida Atlantic Owls,Navy Midshipmen,bovada,4.0,,59.5,,165.0,-195.0,2026-09-12T23:30:00Z,-105.0,-110.0
2026-09-12T12:35:17.013701-04:00,odds_api,401862703,Florida Atlantic Owls,Navy Midshipmen,fanduel,4.5,,58.5,,160.0,-194.0,2026-09-12T23:30:00Z,-110.0,-115.0
2026-09-12T12:35:17.013701-04:00,odds_api,401856788,Iowa Hawkeyes,Iowa State Cyclones,fanduel,-14.5,,41.5,,-690.0,480.0,2026-09-12T23:30:00Z,-102.0,-104.0
2026-09-12T12:35:17.013701-04:00,odds_api,401856788,Iowa Hawkeyes,Iowa State Cyclones,mybookieag,-14.0,,41.5,,-752.0,500.0,2026-09-12T23:30:00Z,-110.0,-110.0
2026-09-12T12:35:17.013701-04:00,odds_api,401856788,Iowa Hawkeyes,Iowa State Cyclones,draftkings,-14.0,,41.5,,-625.0,455.0,2026-09-12T23:30:00Z,-110.0,-108.0
2026-09-12T12:35:17.013701-04:00,odds_api,401856788,Iowa Hawkeyes,Iowa State Cyclones,betrivers,-14.5,,41.5,,-715.0,460.0,2026-09-12T23:30:00Z,-110.0,-108.0
2026-09-12T12:35:17.013701-04:00,odds_api,401856788,Iowa Hawkeyes,Iowa State Cyclones,betmgm,-14.0,,41.5,,-600.0,450.0,2026-09-12T23:30:00Z,-110.0,100.0
2026-09-12T12:35:17.013701-04:00,odds_api,401856788,Iowa Hawkeyes,Iowa State Cyclones,betonlineag,-14.0,,41.0,,-600.0,446.0,2026-09-12T23:30:00Z,-110.0,-115.0
2026-09-12T12:35:17.013701-04:00,odds_api,401856788,Iowa Hawkeyes,Iowa State Cyclones,lowvig,-14.0,,41.0,,-600.0,446.0,2026-09-12T23:30:00Z,-106.0,-114.0
2026-09-12T12:35:17.013701-04:00,odds_api,401856788,Iowa Hawkeyes,Iowa State Cyclones,betus,-14.0,,41.0,,-600.0,450.0,2026-09-12T23:30:00Z,-110.0,-115.0
2026-09-12T12:35:17.013701-04:00,odds_api,401856788,Iowa Hawkeyes,Iowa State Cyclones,bovada,-14.0,,41.5,,-625.0,430.0,2026-09-12T23:30:00Z,-115.0,-110.0
2026-09-12T12:35:17.013701-04:00,odds_api,401867796,LSU Tigers,Louisiana Tech Bulldogs,draftkings,-34.5,,55.5,,-20000.0,3500.0,2026-09-12T23:30:00Z,-118.0,-108.0
2026-09-12T12:35:17.013701-04:00,odds_api,401867796,LSU Tigers,Louisiana Tech Bulldogs,betonlineag,-35.0,,55.5,,,,2026-09-12T23:30:00Z,-110.0,-110.0
2026-09-12T12:35:17.013701-04:00,odds_api,401867796,LSU Tigers,Louisiana Tech Bulldogs,lowvig,-35.0,,55.5,,,,2026-09-12T23:30:00Z,-106.0,-108.0
2026-09-12T12:35:17.013701-04:00,odds_api,401867796,LSU Tigers,Louisiana Tech Bulldogs,betmgm,-35.5,,55.5,,-50000.0,5000.0,2026-09-12T23:30:00Z,-110.0,-115.0
2026-09-12T12:35:17.013701-04:00,odds_api,401867796,LSU Tigers,Louisiana Tech Bulldogs,betus,-35.0,,55.5,,,,2026-09-12T23:30:00Z,-110.0,-110.0
2026-09-12T12:35:17.013701-04:00,odds_api,401867796,LSU Tigers,Louisiana Tech Bulldogs,betrivers,-35.5,,55.5,,,,2026-09-12T23:30:00Z,-109.0,-112.0
2026-09-12T12:35:17.013701-04:00,odds_api,401867796,LSU Tigers,Louisiana Tech Bulldogs,mybookieag,-35.0,,55.5,,,,2026-09-12T23:30:00Z,-110.0,-110.0
2026-09-12T12:35:17.013701-04:00,odds_api,401867796,LSU Tigers,Louisiana Tech Bulldogs,bovada,-35.0,,56.0,,,,2026-09-12T23:30:00Z,-110.0,-110.0
2026-09-12T12:35:17.013701-04:00,odds_api,401867796,LSU Tigers,Louisiana Tech Bulldogs,fanduel,-35.5,,55.5,,,,2026-09-12T23:30:00Z,100.0,-114.0
2026-09-12T12:35:17.013701-04:00,odds_api,401856682,Texas Longhorns,Ohio State Buckeyes,fanduel,-1.5,,49.5,,-120.0,102.0,2026-09-12T23:30:00Z,-110.0,-112.0
2026-09-12T12:35:17.013701-04:00,odds_api,401856682,Texas Longhorns,Ohio State Buckeyes,bovada,-2.0,,50.0,,-125.0,105.0,2026-09-12T23:30:00Z,-110.0,-110.0
2026-09-12T12:35:17.013701-04:00,odds_api,401856682,Texas Longhorns,Ohio State Buckeyes,betmgm,-1.5,,49.5,,-125.0,105.0,2026-09-12T23:30:00Z,-110.0,-110.0
2026-09-12T12:35:17.013701-04:00,odds_api,401856682,Texas Longhorns,Ohio State Buckeyes,betrivers,-1.0,,49.5,,-124.0,100.0,2026-09-12T23:30:00Z,-115.0,-113.0
2026-09-12T12:35:17.013701-04:00,odds_api,401856682,Texas Longhorns,Ohio State Buckeyes,mybookieag,-1.5,,50.0,,-126.0,103.0,2026-09-12T23:30:00Z,-110.0,-110.0
2026-09-12T12:35:17.013701-04:00,odds_api,401856682,Texas Longhorns,Ohio State Buckeyes,draftkings,-1.5,,49.5,,-122.0,102.0,2026-09-12T23:30:00Z,-112.0,-112.0
2026-09-12T12:35:17.013701-04:00,odds_api,401856682,Texas Longhorns,Ohio State Buckeyes,lowvig,-1.0,,49.5,,-127.0,107.0,2026-09-12T23:30:00Z,-111.0,-108.0
2026-09-12T12:35:17.013701-04:00,odds_api,401856682,Texas Longhorns,Ohio State Buckeyes,betonlineag,-1.0,,49.5,,-127.0,107.0,2026-09-12T23:30:00Z,-115.0,-110.0
2026-09-12T12:35:17.013701-04:00,odds_api,401856682,Texas Longhorns,Ohio State Buckeyes,betus,-1.0,,50.0,,-125.0,105.0,2026-09-12T23:30:00Z,-115.0,-110.0
2026-09-12T12:35:17.013701-04:00,odds_api,401856783,Oregon State Beavers,Texas Tech Red Raiders,fanduel,26.5,,53.5,,1400.0,-4000.0,2026-09-12T23:30:00Z,-120.0,-110.0
2026-09-12T12:35:17.013701-04:00,odds_api,401856783,Oregon State Beavers,Texas Tech Red Raiders,draftkings,25.5,,53.5,,1400.0,-3200.0,2026-09-12T23:30:00Z,-112.0,-105.0
2026-09-12T12:35:17.013701-04:00,odds_api,401856783,Oregon State Beavers,Texas Tech Red Raiders,lowvig,26.0,,53.0,,1256.0,-3000.0,2026-09-12T23:30:00Z,-106.0,-108.0
2026-09-12T12:35:17.013701-04:00,odds_api,401856783,Oregon State Beavers,Texas Tech Red Raiders,betonlineag,26.0,,53.0,,1256.0,-3000.0,2026-09-12T23:30:00Z,-110.0,-110.0
2026-09-12T12:35:17.013701-04:00,odds_api,401856783,Oregon State Beavers,Texas Tech Red Raiders,betmgm,25.5,,53.5,,1550.0,-3000.0,2026-09-12T23:30:00Z,-110.0,-108.0
2026-09-12T12:35:17.013701-04:00,odds_api,401856783,Oregon State Beavers,Texas Tech Red Raiders,betus,25.5,,53.0,,1300.0,-3000.0,2026-09-12T23:30:00Z,-110.0,-110.0
2026-09-12T12:35:17.013701-04:00,odds_api,401856783,Oregon State Beavers,Texas Tech Red Raiders,betrivers,26.5,,53.5,,1700.0,-10000.0,2026-09-12T23:30:00Z,-114.0,-110.0
2026-09-12T12:35:17.013701-04:00,odds_api,401856783,Oregon State Beavers,Texas Tech Red Raiders,mybookieag,26.0,,53.0,,1075.0,-3030.0,2026-09-12T23:30:00Z,-110.0,-110.0
2026-09-12T12:35:17.013701-04:00,odds_api,401856783,Oregon State Beavers,Texas Tech Red Raiders,bovada,25.5,,53.5,,1100.0,-3500.0,2026-09-12T23:30:00Z,-110.0,-105.0
2026-09-12T12:35:17.013701-04:00,odds_api,401856671,Auburn Tigers,Southern Mississippi Golden Eagles,draftkings,-32.5,,57.5,,-10000.0,3000.0,2026-09-12T23:45:00Z,-112.0,-105.0
2026-09-12T12:35:17.013701-04:00,odds_api,401856671,Auburn Tigers,Southern Mississippi Golden Eagles,lowvig,-33.0,,57.0,,,,2026-09-12T23:45:00Z,-101.0,-114.0
2026-09-12T12:35:17.013701-04:00,odds_api,401856671,Auburn Tigers,Southern Mississippi Golden Eagles,betonlineag,-33.0,,57.0,,,,2026-09-12T23:45:00Z,-105.0,-115.0
2026-09-12T12:35:17.013701-04:00,odds_api,401856671,Auburn Tigers,Southern Mississippi Golden Eagles,betmgm,-32.5,,57.5,,-12500.0,3500.0,2026-09-12T23:45:00Z,-110.0,-108.0
2026-09-12T12:35:17.013701-04:00,odds_api,401856671,Auburn Tigers,Southern Mississippi Golden Eagles,betus,-33.0,,57.0,,,,2026-09-12T23:45:00Z,-110.0,-110.0
2026-09-12T12:35:17.013701-04:00,odds_api,401856671,Auburn Tigers,Southern Mississippi Golden Eagles,betrivers,-33.5,,56.5,,,,2026-09-12T23:45:00Z,-113.0,-112.0
2026-09-12T12:35:17.013701-04:00,odds_api,401856671,Auburn Tigers,Southern Mississippi Golden Eagles,mybookieag,-33.0,,57.0,,-8105.0,1582.0,2026-09-12T23:45:00Z,-110.0,-110.0
2026-09-12T12:35:17.013701-04:00,odds_api,401856671,Auburn Tigers,Southern Mississippi Golden Eagles,bovada,-33.0,,57.0,,,,2026-09-12T23:45:00Z,-105.0,-110.0
2026-09-12T12:35:17.013701-04:00,odds_api,401856671,Auburn Tigers,Southern Mississippi Golden Eagles,fanduel,-32.5,,56.5,,-10000.0,2400.0,2026-09-12T23:45:00Z,-115.0,-115.0
2026-09-12T12:35:17.013701-04:00,odds_api,401856676,Ole Miss Rebels,Charlotte 49ers,draftkings,-45.5,,59.5,,,,2026-09-12T23:45:00Z,-105.0,-112.0
2026-09-12T12:35:17.013701-04:00,odds_api,401856676,Ole Miss Rebels,Charlotte 49ers,betonlineag,-45.0,,60.0,,,,2026-09-12T23:45:00Z,-112.0,-110.0
2026-09-12T12:35:17.013701-04:00,odds_api,401856676,Ole Miss Rebels,Charlotte 49ers,fanduel,-45.5,,59.5,,,,2026-09-12T23:45:00Z,-104.0,-105.0
2026-09-12T12:35:17.013701-04:00,odds_api,401856676,Ole Miss Rebels,Charlotte 49ers,betrivers,-45.5,,59.5,,,,2026-09-12T23:45:00Z,-110.0,-113.0
2026-09-12T12:35:17.013701-04:00,odds_api,401856676,Ole Miss Rebels,Charlotte 49ers,betmgm,-45.5,,60.5,,,,2026-09-12T23:45:00Z,-108.0,-108.0
2026-09-12T12:35:17.013701-04:00,odds_api,401856676,Ole Miss Rebels,Charlotte 49ers,betus,-45.0,,60.0,,,,2026-09-12T23:45:00Z,-110.0,-110.0
2026-09-12T12:35:17.013701-04:00,odds_api,401856676,Ole Miss Rebels,Charlotte 49ers,bovada,-45.5,,59.5,,,,2026-09-12T23:45:00Z,100.0,-110.0
2026-09-12T12:35:17.013701-04:00,odds_api,401856784,Baylor Bears,Prairie View A&M Panthers,fanduel,-37.5,,55.5,,,,2026-09-13T00:00:00Z,-118.0,-115.0
2026-09-12T12:35:17.013701-04:00,odds_api,401856784,Baylor Bears,Prairie View A&M Panthers,betrivers,-37.5,,55.0,,,,2026-09-13T00:00:00Z,-114.0,-110.0
2026-09-12T12:35:17.013701-04:00,odds_api,401856784,Baylor Bears,Prairie View A&M Panthers,draftkings,-37.5,,55.5,,,,2026-09-13T00:00:00Z,-105.0,-110.0
2026-09-12T12:35:17.013701-04:00,odds_api,401856784,Baylor Bears,Prairie View A&M Panthers,lowvig,-37.5,,55.5,,,,2026-09-13T00:00:00Z,-105.0,-110.0
2026-09-12T12:35:17.013701-04:00,odds_api,401856784,Baylor Bears,Prairie View A&M Panthers,betonlineag,-37.5,,55.5,,,,2026-09-13T00:00:00Z,-105.0,-110.0
2026-09-12T12:35:17.013701-04:00,odds_api,401856784,Baylor Bears,Prairie View A&M Panthers,bovada,-37.5,,55.5,,,,2026-09-13T00:00:00Z,-110.0,-110.0
2026-09-12T12:35:17.013701-04:00,odds_api,401856784,Baylor Bears,Prairie View A&M Panthers,betmgm,-37.0,,55.5,,-100000.0,5500.0,2026-09-13T00:00:00Z,-110.0,-110.0
2026-09-12T12:35:17.013701-04:00,odds_api,401856789,TCU Horned Frogs,Grambling State Tigers,fanduel,-44.5,,55.5,,,,2026-09-13T00:00:00Z,-110.0,-115.0
2026-09-12T12:35:17.013701-04:00,odds_api,401856789,TCU Horned Frogs,Grambling State Tigers,betrivers,-44.0,,55.0,,,,2026-09-13T00:00:00Z,-113.0,-112.0
2026-09-12T12:35:17.013701-04:00,odds_api,401856789,TCU Horned Frogs,Grambling State Tigers,draftkings,-44.5,,56.5,,,,2026-09-13T00:00:00Z,-105.0,-105.0
2026-09-12T12:35:17.013701-04:00,odds_api,401856789,TCU Horned Frogs,Grambling State Tigers,lowvig,-44.0,,56.0,,,,2026-09-13T00:00:00Z,-115.0,-115.0
2026-09-12T12:35:17.013701-04:00,odds_api,401856789,TCU Horned Frogs,Grambling State Tigers,betonlineag,-44.0,,56.0,,,,2026-09-13T00:00:00Z,-115.0,-115.0
2026-09-12T12:35:17.013701-04:00,odds_api,401856789,TCU Horned Frogs,Grambling State Tigers,bovada,-44.5,,56.0,,,,2026-09-13T00:00:00Z,-115.0,-110.0
2026-09-12T12:35:17.013701-04:00,odds_api,401856789,TCU Horned Frogs,Grambling State Tigers,betmgm,-44.0,,55.5,,,,2026-09-13T00:00:00Z,-108.0,-102.0
2026-09-12T12:35:17.013701-04:00,odds_api,401864504,San Jose State Spartans,Cal Poly Mustangs,fanduel,-21.5,,58.5,,-2800.0,1160.0,2026-09-13T01:00:00Z,-114.0,-105.0
2026-09-12T12:35:17.013701-04:00,odds_api,401864504,San Jose State Spartans,Cal Poly Mustangs,draftkings,-21.5,,58.5,,-1800.0,1000.0,2026-09-13T01:00:00Z,-105.0,-108.0
2026-09-12T12:35:17.013701-04:00,odds_api,401864504,San Jose State Spartans,Cal Poly Mustangs,betrivers,-21.5,,58.0,,-10000.0,1400.0,2026-09-13T01:00:00Z,-113.0,-108.0
2026-09-12T12:35:17.013701-04:00,odds_api,401864504,San Jose State Spartans,Cal Poly Mustangs,lowvig,-21.5,,59.0,,,,2026-09-13T01:00:00Z,-110.0,-105.0
2026-09-12T12:35:17.013701-04:00,odds_api,401864504,San Jose State Spartans,Cal Poly Mustangs,betonlineag,-21.5,,59.0,,,,2026-09-13T01:00:00Z,-110.0,-105.0
2026-09-12T12:35:17.013701-04:00,odds_api,401864504,San Jose State Spartans,Cal Poly Mustangs,bovada,-21.0,,58.0,,-1600.0,800.0,2026-09-13T01:00:00Z,-115.0,-110.0
2026-09-12T12:35:17.013701-04:00,odds_api,401864504,San Jose State Spartans,Cal Poly Mustangs,betmgm,-21.5,,58.5,,-1600.0,1050.0,2026-09-13T01:00:00Z,-108.0,-108.0
2026-09-12T12:35:17.013701-04:00,odds_api,401864504,San Jose State Spartans,Cal Poly Mustangs,mybookieag,-21.5,,58.0,,,,2026-09-13T01:00:00Z,-110.0,-110.0
2026-09-12T12:35:17.013701-04:00,odds_api,401864505,UTEP Miners,Texas Southern Tigers,fanduel,-25.5,,53.5,,-7000.0,2000.0,2026-09-13T01:00:00Z,-114.0,-110.0
2026-09-12T12:35:17.013701-04:00,odds_api,401864505,UTEP Miners,Texas Southern Tigers,betrivers,-26.5,,52.5,,,,2026-09-13T01:00:00Z,-113.0,-114.0
2026-09-12T12:35:17.013701-04:00,odds_api,401864505,UTEP Miners,Texas Southern Tigers,draftkings,-27.5,,52.5,,-4500.0,1700.0,2026-09-13T01:00:00Z,-108.0,-112.0
2026-09-12T12:35:17.013701-04:00,odds_api,401864505,UTEP Miners,Texas Southern Tigers,lowvig,-27.0,,52.5,,,,2026-09-13T01:00:00Z,-115.0,-110.0
2026-09-12T12:35:17.013701-04:00,odds_api,401864505,UTEP Miners,Texas Southern Tigers,betonlineag,-27.0,,52.5,,,,2026-09-13T01:00:00Z,-115.0,-110.0
2026-09-12T12:35:17.013701-04:00,odds_api,401864505,UTEP Miners,Texas Southern Tigers,bovada,-27.0,,53.5,,-5000.0,1200.0,2026-09-13T01:00:00Z,-110.0,-105.0
2026-09-12T12:35:17.013701-04:00,odds_api,401864505,UTEP Miners,Texas Southern Tigers,betmgm,-25.5,,52.5,,-3000.0,1700.0,2026-09-13T01:00:00Z,-110.0,-110.0
2026-09-12T12:35:17.013701-04:00,odds_api,401864502,Air Force Falcons,North Dakota State Bison,draftkings,1.5,,47.5,,105.0,-125.0,2026-09-13T02:00:00Z,-105.0,-112.0
2026-09-12T12:35:17.013701-04:00,odds_api,401864502,Air Force Falcons,North Dakota State Bison,lowvig,2.0,,47.5,,108.0,-128.0,2026-09-13T02:00:00Z,-106.0,-108.0
2026-09-12T12:35:17.013701-04:00,odds_api,401864502,Air Force Falcons,North Dakota State Bison,betonlineag,2.0,,47.5,,108.0,-128.0,2026-09-13T02:00:00Z,-110.0,-115.0
2026-09-12T12:35:17.013701-04:00,odds_api,401864502,Air Force Falcons,North Dakota State Bison,betus,2.0,,47.5,,110.0,-130.0,2026-09-13T02:00:00Z,-110.0,-110.0
2026-09-12T12:35:17.013701-04:00,odds_api,401864502,Air Force Falcons,North Dakota State Bison,mybookieag,1.5,,47.5,,103.0,-125.0,2026-09-13T02:00:00Z,-110.0,-110.0
2026-09-12T12:35:17.013701-04:00,odds_api,401864502,Air Force Falcons,North Dakota State Bison,betrivers,2.5,,47.5,,110.0,-136.0,2026-09-13T02:00:00Z,-113.0,-112.0
2026-09-12T12:35:17.013701-04:00,odds_api,401864502,Air Force Falcons,North Dakota State Bison,bovada,2.0,,47.5,,100.0,-120.0,2026-09-13T02:00:00Z,-115.0,-115.0
2026-09-12T12:35:17.013701-04:00,odds_api,401864502,Air Force Falcons,North Dakota State Bison,betmgm,2.0,,47.5,,105.0,-130.0,2026-09-13T02:00:00Z,-110.0,-105.0
2026-09-12T12:35:17.013701-04:00,odds_api,401864502,Air Force Falcons,North Dakota State Bison,fanduel,2.5,,47.5,,-102.0,-118.0,2026-09-13T02:00:00Z,-120.0,-110.0
2026-09-12T12:35:17.013701-04:00,odds_api,401856670,Utah Utes,Arkansas Razorbacks,draftkings,-12.5,,55.5,,-500.0,380.0,2026-09-13T02:15:00Z,-110.0,-108.0
2026-09-12T12:35:17.013701-04:00,odds_api,401856670,Utah Utes,Arkansas Razorbacks,fanduel,-12.5,,55.5,,-520.0,390.0,2026-09-13T02:15:00Z,-110.0,-110.0
2026-09-12T12:35:17.013701-04:00,odds_api,401856670,Utah Utes,Arkansas Razorbacks,mybookieag,-12.5,,55.5,,-526.0,370.0,2026-09-13T02:15:00Z,-110.0,-110.0
2026-09-12T12:35:17.013701-04:00,odds_api,401856670,Utah Utes,Arkansas Razorbacks,betrivers,-12.5,,55.5,,-590.0,400.0,2026-09-13T02:15:00Z,-109.0,-109.0
2026-09-12T12:35:17.013701-04:00,odds_api,401856670,Utah Utes,Arkansas Razorbacks,betmgm,-12.5,,55.5,,-500.0,380.0,2026-09-13T02:15:00Z,-108.0,-108.0
2026-09-12T12:35:17.013701-04:00,odds_api,401856670,Utah Utes,Arkansas Razorbacks,betonlineag,-11.5,,55.5,,-470.0,364.0,2026-09-13T02:15:00Z,-117.0,-110.0
2026-09-12T12:35:17.013701-04:00,odds_api,401856670,Utah Utes,Arkansas Razorbacks,betus,-11.5,,55.5,,-470.0,370.0,2026-09-13T02:15:00Z,-115.0,-110.0
2026-09-12T12:35:17.013701-04:00,odds_api,401856670,Utah Utes,Arkansas Razorbacks,bovada,-12.5,,55.5,,-525.0,375.0,2026-09-13T02:15:00Z,-115.0,-110.0
2026-09-12T12:35:17.013701-04:00,odds_api,401860883,Fresno State Bulldogs,Sacramento State Hornets,draftkings,-17.5,,44.5,,-900.0,600.0,2026-09-13T02:30:00Z,-110.0,-112.0
2026-09-12T12:35:17.013701-04:00,odds_api,401860883,Fresno State Bulldogs,Sacramento State Hornets,lowvig,-17.5,,44.5,,-1100.0,709.0,2026-09-13T02:30:00Z,-106.0,-108.0
2026-09-12T12:35:17.013701-04:00,odds_api,401860883,Fresno State Bulldogs,Sacramento State Hornets,betonlineag,-17.5,,44.5,,-1100.0,709.0,2026-09-13T02:30:00Z,-110.0,-110.0
2026-09-12T12:35:17.013701-04:00,odds_api,401860883,Fresno State Bulldogs,Sacramento State Hornets,betmgm,-17.5,,44.5,,-1000.0,700.0,2026-09-13T02:30:00Z,-108.0,-110.0
2026-09-12T12:35:17.013701-04:00,odds_api,401860883,Fresno State Bulldogs,Sacramento State Hornets,betus,-17.5,,44.5,,-1100.0,700.0,2026-09-13T02:30:00Z,-110.0,-110.0
2026-09-12T12:35:17.013701-04:00,odds_api,401860883,Fresno State Bulldogs,Sacramento State Hornets,mybookieag,-18.0,,44.5,,-1205.0,690.0,2026-09-13T02:30:00Z,-110.0,-110.0
2026-09-12T12:35:17.013701-04:00,odds_api,401860883,Fresno State Bulldogs,Sacramento State Hornets,bovada,-17.5,,44.5,,-1000.0,625.0,2026-09-13T02:30:00Z,-110.0,-110.0
2026-09-12T12:35:17.013701-04:00,odds_api,401860883,Fresno State Bulldogs,Sacramento State Hornets,betrivers,-18.0,,44.5,,-1250.0,700.0,2026-09-13T02:30:00Z,-109.0,-108.0
2026-09-12T12:35:17.013701-04:00,odds_api,401860883,Fresno State Bulldogs,Sacramento State Hornets,fanduel,-17.5,,44.5,,-1250.0,740.0,2026-09-13T02:30:00Z,-105.0,-115.0
2026-09-12T12:35:17.013701-04:00,odds_api,401864500,Nevada Wolf Pack,Montana State Bobcats,fanduel,3.5,,51.5,,150.0,-182.0,2026-09-13T02:30:00Z,-110.0,-112.0
2026-09-12T12:35:17.013701-04:00,odds_api,401864500,Nevada Wolf Pack,Montana State Bobcats,betrivers,3.5,,50.5,,143.0,-180.0,2026-09-13T02:30:00Z,-112.0,-115.0
2026-09-12T12:35:17.013701-04:00,odds_api,401864500,Nevada Wolf Pack,Montana State Bobcats,draftkings,3.5,,51.5,,142.0,-170.0,2026-09-13T02:30:00Z,-108.0,-115.0
2026-09-12T12:35:17.013701-04:00,odds_api,401864500,Nevada Wolf Pack,Montana State Bobcats,betonlineag,4.5,,51.5,,,,2026-09-13T02:30:00Z,-110.0,-110.0
2026-09-12T12:35:17.013701-04:00,odds_api,401864500,Nevada Wolf Pack,Montana State Bobcats,lowvig,4.5,,51.5,,,,2026-09-13T02:30:00Z,-110.0,-110.0
2026-09-12T12:35:17.013701-04:00,odds_api,401864500,Nevada Wolf Pack,Montana State Bobcats,bovada,4.0,,51.5,,160.0,-185.0,2026-09-13T02:30:00Z,-105.0,-110.0
2026-09-12T12:35:17.013701-04:00,odds_api,401864500,Nevada Wolf Pack,Montana State Bobcats,betmgm,3.5,,51.5,,138.0,-165.0,2026-09-13T02:30:00Z,-110.0,-102.0
2026-09-12T12:35:17.013701-04:00,odds_api,401864500,Nevada Wolf Pack,Montana State Bobcats,mybookieag,4.0,,51.5,,154.0,-199.0,2026-09-13T02:30:00Z,-110.0,-110.0
2026-09-12T12:35:17.013701-04:00,odds_api,401858445,USC Trojans,Louisiana Ragin Cajuns,draftkings,-30.5,,59.5,,-6500.0,2000.0,2026-09-13T03:00:00Z,-118.0,-105.0
2026-09-12T12:35:17.013701-04:00,odds_api,401858445,USC Trojans,Louisiana Ragin Cajuns,lowvig,-31.0,,59.5,,-10000.0,1787.0,2026-09-13T03:00:00Z,-101.0,-103.0
2026-09-12T12:35:17.013701-04:00,odds_api,401858445,USC Trojans,Louisiana Ragin Cajuns,betonlineag,-31.0,,59.5,,-10000.0,1787.0,2026-09-13T03:00:00Z,-105.0,-105.0
2026-09-12T12:35:17.013701-04:00,odds_api,401858445,USC Trojans,Louisiana Ragin Cajuns,betmgm,-31.5,,59.5,,-10000.0,3000.0,2026-09-13T03:00:00Z,-110.0,-110.0
2026-09-12T12:35:17.013701-04:00,odds_api,401858445,USC Trojans,Louisiana Ragin Cajuns,betus,-31.0,,59.5,,,,2026-09-13T03:00:00Z,-110.0,-110.0
2026-09-12T12:35:17.013701-04:00,odds_api,401858445,USC Trojans,Louisiana Ragin Cajuns,betrivers,-31.0,,59.0,,,,2026-09-13T03:00:00Z,-117.0,-112.0
2026-09-12T12:35:17.013701-04:00,odds_api,401858445,USC Trojans,Louisiana Ragin Cajuns,bovada,-31.0,,59.5,,-10000.0,1600.0,2026-09-13T03:00:00Z,-110.0,-105.0
2026-09-12T12:35:17.013701-04:00,odds_api,401858445,USC Trojans,Louisiana Ragin Cajuns,mybookieag,-31.0,,59.0,,-18149.0,1559.0,2026-09-13T03:00:00Z,-110.0,-110.0
2026-09-12T12:35:17.013701-04:00,odds_api,401858445,USC Trojans,Louisiana Ragin Cajuns,fanduel,-30.5,,59.5,,-10000.0,3000.0,2026-09-13T03:00:00Z,-115.0,-105.0
2026-09-12T17:55:52.032737-04:00,cfbd,401856670,Utah,Arkansas,DraftKings,-12.5,-9.5,55.5,54.5,-500.0,380.0,,,
2026-09-12T17:55:52.032737-04:00,cfbd,401856670,Utah,Arkansas,Bovada,-12.5,-13.0,55.5,57.0,-525.0,375.0,,,
2026-09-12T17:55:52.032737-04:00,cfbd,401856682,Texas,Ohio State,DraftKings,-1.5,-1.5,50.5,,-125.0,105.0,,,
2026-09-12T17:55:52.032737-04:00,cfbd,401856682,Texas,Ohio State,Bovada,-2.5,-2.5,51.0,47.5,-110.0,-110.0,,,
2026-09-12T17:55:52.032737-04:00,cfbd,401856788,Iowa,Iowa State,DraftKings,-14.0,-11.5,42.5,41.5,-650.0,470.0,,,
2026-09-12T17:55:52.032737-04:00,cfbd,401856788,Iowa,Iowa State,Bovada,-14.0,-14.0,42.5,41.0,-650.0,450.0,,,
2026-09-12T17:55:52.032737-04:00,cfbd,401860881,Boise State,Memphis,DraftKings,-9.5,-6.5,54.5,,-360.0,285.0,,,
2026-09-12T17:55:52.032737-04:00,cfbd,401860881,Boise State,Memphis,Bovada,-9.0,-7.5,54.5,55.5,-330.0,265.0,,,
2026-09-12T17:55:52.032737-04:00,cfbd,401858443,UCLA,San Diego State,DraftKings,-13.5,-8.5,54.5,,-535.0,400.0,,,
2026-09-12T17:55:52.032737-04:00,cfbd,401858443,UCLA,San Diego State,Bovada,-13.5,-11.5,54.0,53.0,-490.0,355.0,,,
2026-09-12T17:55:52.032737-04:00,cfbd,401856681,Georgia Tech,Tennessee,DraftKings,12.5,8.5,55.5,,380.0,-500.0,,,
2026-09-12T17:55:52.032737-04:00,cfbd,401856681,Georgia Tech,Tennessee,Bovada,12.0,13.5,55.5,55.0,390.0,-550.0,,,
2026-09-12T17:55:52.032737-04:00,cfbd,401864575,Tulane,South Alabama,DraftKings,-9.5,-10.0,48.5,55.5,-360.0,285.0,,,
2026-09-12T17:55:52.032737-04:00,cfbd,401864575,Tulane,South Alabama,Bovada,-10.0,-10.0,48.0,50.5,-420.0,315.0,,,
2026-09-12T17:55:52.032737-04:00,cfbd,401866418,Ohio,Jacksonville State,DraftKings,-1.5,-2.5,49.5,48.5,-125.0,105.0,,,
2026-09-12T17:55:52.032737-04:00,cfbd,401866418,Ohio,Jacksonville State,Bovada,-2.0,-2.0,50.0,51.5,-125.0,105.0,,,
2026-09-12T17:55:52.032737-04:00,cfbd,401871045,Marshall,Middle Tennessee,DraftKings,-12.5,-17.5,55.5,57.5,-535.0,400.0,,,
2026-09-12T17:55:52.032737-04:00,cfbd,401871045,Marshall,Middle Tennessee,Bovada,-13.0,-14.0,56.0,57.5,-750.0,500.0,,,
2026-09-12T17:55:52.032737-04:00,cfbd,401856783,Oregon State,Texas Tech,DraftKings,25.5,27.5,52.5,49.5,1500.0,-3600.0,,,
2026-09-12T17:55:52.032737-04:00,cfbd,401856783,Oregon State,Texas Tech,Bovada,25.0,26.5,52.5,51.5,1300.0,-5000.0,,,
2026-09-12T17:55:52.032737-04:00,cfbd,401858445,USC,Louisiana,DraftKings,-30.5,-28.5,58.5,63.5,-5000.0,1800.0,,,
2026-09-12T17:55:52.032737-04:00,cfbd,401858445,USC,Louisiana,Bovada,-31.0,-31.0,59.0,60.0,-10000.0,1600.0,,,
2026-09-12T17:55:52.032737-04:00,cfbd,401864578,Hawai'i,New Mexico State,DraftKings,-7.5,-11.5,50.5,51.5,-298.0,240.0,,,
2026-09-12T17:55:52.032737-04:00,cfbd,401864578,Hawai'i,New Mexico State,Bovada,-7.5,-10.0,50.0,50.5,-410.0,305.0,,,
2026-09-12T17:55:52.032737-04:00,cfbd,401858441,Nebraska,Bowling Green,DraftKings,-30.5,-25.5,49.5,48.5,-6500.0,2000.0,,,
2026-09-12T17:55:52.032737-04:00,cfbd,401858441,Nebraska,Bowling Green,Bovada,-30.5,-29.0,49.5,52.0,-10000.0,1600.0,,,
2026-09-12T17:55:52.032737-04:00,cfbd,401858219,Clemson,Georgia Southern,DraftKings,-19.5,-26.5,54.5,57.5,-1200.0,750.0,,,
2026-09-12T17:55:52.032737-04:00,cfbd,401858219,Clemson,Georgia Southern,Bovada,-19.5,-21.0,55.0,55.5,-1800.0,850.0,,,
2026-09-12T17:55:52.032737-04:00,cfbd,401866414,Florida International,Buffalo,DraftKings,-8.5,-10.5,47.5,51.5,-345.0,275.0,,,
2026-09-12T17:55:52.032737-04:00,cfbd,401866414,Florida International,Buffalo,Bovada,-9.0,-10.0,47.5,48.5,-415.0,310.0,,,
2026-09-12T17:55:52.032737-04:00,cfbd,401856676,Ole Miss,Charlotte,DraftKings,-45.5,-46.5,59.5,61.5,,,,,
2026-09-12T17:55:52.032737-04:00,cfbd,401856676,Ole Miss,Charlotte,Bovada,-44.5,-47.5,59.5,61.5,,,,,
2026-09-12T17:55:52.032737-04:00,cfbd,401860883,Fresno State,Sacramento State,DraftKings,-17.5,-18.5,44.5,48.5,-900.0,600.0,,,
2026-09-12T17:55:52.032737-04:00,cfbd,401860883,Fresno State,Sacramento State,Bovada,-17.5,-18.0,44.5,46.0,-1100.0,650.0,,,
2026-09-12T17:55:52.032737-04:00,cfbd,401862707,Sam Houston,Tulsa,DraftKings,12.5,10.5,51.5,53.5,380.0,-500.0,,,
2026-09-12T17:55:52.032737-04:00,cfbd,401862707,Sam Houston,Tulsa,Bovada,11.5,13.5,52.0,52.0,425.0,-600.0,,,
2026-09-12T17:55:52.032737-04:00,cfbd,401864502,Air Force,North Dakota State,DraftKings,1.5,6.5,47.5,49.5,105.0,-125.0,,,
2026-09-12T17:55:52.032737-04:00,cfbd,401864502,Air Force,North Dakota State,Bovada,2.0,3.5,47.5,47.5,140.0,-165.0,,,
2026-09-12T17:55:52.032737-04:00,cfbd,401867796,LSU,Louisiana Tech,DraftKings,-34.5,-31.5,55.5,55.5,-20000.0,3500.0,,,
2026-09-12T17:55:52.032737-04:00,cfbd,401867796,LSU,Louisiana Tech,Bovada,-35.0,-33.5,55.0,55.5,,,,,
2026-09-12T17:55:52.032737-04:00,cfbd,401869955,Kennesaw State,Georgia State,DraftKings,-7.5,-9.5,55.5,50.5,-298.0,240.0,,,
2026-09-12T17:55:52.032737-04:00,cfbd,401869955,Kennesaw State,Georgia State,Bovada,-7.5,-9.0,55.5,51.0,-360.0,280.0,,,
2026-09-12T17:55:52.032737-04:00,cfbd,401856671,Auburn,Southern Miss,DraftKings,-32.5,-29.5,56.5,52.5,-10000.0,3000.0,,,
2026-09-12T17:55:52.032737-04:00,cfbd,401856671,Auburn,Southern Miss,Bovada,-33.0,-30.0,56.5,53.0,,,,,
2026-09-12T17:55:52.032737-04:00,cfbd,401862703,Florida Atlantic,Navy,DraftKings,4.0,6.5,59.5,57.5,164.0,-198.0,,,
2026-09-12T17:55:52.032737-04:00,cfbd,401862703,Florida Atlantic,Navy,Bovada,4.0,5.5,59.5,59.0,185.0,-225.0,,,
2026-09-12T17:55:52.032737-04:00,cfbd,401860882,Colorado State,Southern Utah,DraftKings,-19.5,-20.5,57.5,56.5,-1350.0,800.0,,,
2026-09-12T17:55:52.032737-04:00,cfbd,401860882,Colorado State,Southern Utah,Bovada,-20.5,-20.0,57.0,56.5,-1400.0,750.0,,,
2026-09-12T17:55:52.032737-04:00,cfbd,401867867,Murray State,Valparaiso,DraftKings,-14.5,-10.5,48.5,51.5,-720.0,473.0,,,
2026-09-12T17:55:52.032737-04:00,cfbd,401868150,SE Louisiana,North Alabama,DraftKings,-6.5,-6.5,51.5,49.5,-204.0,162.0,,,
2026-09-12T17:55:52.032737-04:00,cfbd,401856789,TCU,Grambling,DraftKings,-44.5,-43.5,55.5,53.5,,,,,
2026-09-12T17:55:52.032737-04:00,cfbd,401856789,TCU,Grambling,Bovada,-44.5,-44.0,56.0,54.5,,,,,
2026-09-12T17:55:52.032737-04:00,cfbd,401866629,Hampton,Bryant,DraftKings,3.5,3.5,51.5,48.5,133.0,-166.0,,,
2026-09-12T17:55:52.032737-04:00,cfbd,401868008,Coastal Carolina,Fordham,DraftKings,-36.5,-31.5,53.5,52.5,-100000.0,5000.0,,,
2026-09-12T17:55:52.032737-04:00,cfbd,401868008,Coastal Carolina,Fordham,Bovada,-37.5,-34.5,54.0,53.0,,,,,
2026-09-12T17:55:52.032737-04:00,cfbd,401864504,San José State,Cal Poly,DraftKings,-21.5,-20.5,58.5,56.5,-1800.0,1000.0,,,
2026-09-12T17:55:52.032737-04:00,cfbd,401864504,San José State,Cal Poly,Bovada,-21.0,-20.5,58.0,56.5,-1500.0,775.0,,,
2026-09-12T17:55:52.032737-04:00,cfbd,401856786,Cincinnati,Western Carolina,DraftKings,-35.5,-36.5,61.5,60.5,,,,,
2026-09-12T17:55:52.032737-04:00,cfbd,401856786,Cincinnati,Western Carolina,Bovada,-36.5,-36.5,61.5,60.5,,,,,
2026-09-12T17:55:52.032737-04:00,cfbd,401872616,South Dakota State,New Haven,DraftKings,-42.5,-44.5,54.5,55.5,,,,,
2026-09-12T17:55:52.032737-04:00,cfbd,401856784,Baylor,Prairie View A&M,DraftKings,-37.5,-37.5,55.5,56.5,,,,,
2026-09-12T17:55:52.032737-04:00,cfbd,401856784,Baylor,Prairie View A&M,Bovada,-37.5,-37.5,55.5,55.5,,,,,
2026-09-12T17:55:52.032737-04:00,cfbd,401868241,Arkansas State,West Georgia,DraftKings,-31.5,-31.5,56.5,56.5,-10000.0,3000.0,,,
2026-09-12T17:55:52.032737-04:00,cfbd,401868241,Arkansas State,West Georgia,Bovada,-31.5,-31.5,56.0,56.5,,,,,
2026-09-12T17:55:52.032737-04:00,cfbd,401867876,Portland State,North Dakota,DraftKings,25.5,25.5,60.5,58.5,1240.0,-4600.0,,,
2026-09-12T17:55:52.032737-04:00,cfbd,401868355,Alcorn State,Arkansas-Pine Bluff,DraftKings,-8.5,-8.5,49.5,49.5,-346.0,261.0,,,
2026-09-12T17:55:52.032737-04:00,cfbd,401869130,East Texas A&M,Northwestern State,DraftKings,-20.5,-20.5,53.5,51.5,-1320.0,710.0,,,
2026-09-12T17:55:52.032737-04:00,cfbd,401867856,Eastern Illinois,Indiana State,DraftKings,3.0,1.5,49.5,49.5,124.0,-154.0,,,
2026-09-12T17:55:52.032737-04:00,cfbd,401868246,Nicholls,UT Rio Grande Valley,DraftKings,5.5,5.5,50.5,50.5,184.0,-235.0,,,
2026-09-12T17:55:52.032737-04:00,cfbd,401868374,Mercer,Furman,DraftKings,-15.5,-15.5,54.5,54.5,-590.0,406.0,,,
2026-09-12T17:55:52.032737-04:00,cfbd,401856787,Houston,Southern,DraftKings,-51.5,-51.5,61.5,60.5,,,,,
2026-09-12T17:55:52.032737-04:00,cfbd,401856787,Houston,Southern,Bovada,-52.0,-51.5,62.0,60.5,,,,,
2026-09-12T17:55:52.032737-04:00,cfbd,401868195,Alabama A&M,Tennessee State,DraftKings,3.5,1.5,49.5,49.5,118.0,-147.0,,,
2026-09-12T17:55:52.032737-04:00,cfbd,401866631,New Hampshire,Stonehill,DraftKings,-13.5,-13.5,43.5,43.5,-479.0,343.0,,,
2026-09-12T17:55:52.032737-04:00,cfbd,401868102,Idaho State,San Diego,DraftKings,-22.5,-25.5,58.5,58.5,-1860.0,860.0,,,
2026-09-12T17:55:52.032737-04:00,cfbd,401868171,The Citadel,Charleston Southern,DraftKings,-3.0,1.5,45.5,45.5,-156.0,125.0,,,
2026-09-12T17:55:52.032737-04:00,cfbd,401868236,McNeese,Tarleton State,DraftKings,19.5,20.5,56.5,56.5,690.0,-1260.0,,,
2026-09-12T17:55:52.032737-04:00,cfbd,401867890,Southern Illinois,Southeast Missouri State,DraftKings,-7.5,-7.5,53.5,53.5,-355.0,266.0,,,
2026-09-12T17:55:52.032737-04:00,cfbd,401864505,UTEP,Texas Southern,DraftKings,-27.5,-25.5,53.5,52.5,-4500.0,1700.0,,,
2026-09-12T17:55:52.032737-04:00,cfbd,401864505,UTEP,Texas Southern,Bovada,-27.0,-25.5,53.5,53.0,-4000.0,1200.0,,,
2026-09-12T17:55:52.032737-04:00,cfbd,401866421,Western Michigan,Monmouth,Bovada,-28.5,-27.5,54.5,52.5,,,,,
2026-09-12T17:55:52.032737-04:00,cfbd,401866421,Western Michigan,Monmouth,DraftKings,-29.5,-25.5,54.5,52.5,-5000.0,1800.0,,,
2026-09-12T17:55:52.032737-04:00,cfbd,401868050,Abilene Christian,Stephen F. Austin,DraftKings,3.0,3.0,50.5,50.5,128.0,-160.0,,,
2026-09-12T17:55:52.032737-04:00,cfbd,401858447,Wisconsin,Western Illinois,Bovada,-43.0,-40.0,52.0,49.5,,,,,
2026-09-12T17:55:52.032737-04:00,cfbd,401858447,Wisconsin,Western Illinois,DraftKings,-42.5,-38.5,51.5,48.5,,,,,
2026-09-12T17:55:52.032737-04:00,cfbd,401871046,Missouri State,Lindenwood,DraftKings,-16.5,-19.5,52.5,52.5,-900.0,600.0,,,
2026-09-12T17:55:52.032737-04:00,cfbd,401871046,Missouri State,Lindenwood,Bovada,-17.0,-17.0,52.5,52.5,-850.0,550.0,,,
2026-09-12T17:55:52.032737-04:00,cfbd,401864503,Northern Illinois,Illinois State,Bovada,2.5,5.0,48.0,48.0,175.0,-210.0,,,
2026-09-12T17:55:52.032737-04:00,cfbd,401864503,Northern Illinois,Illinois State,DraftKings,2.5,4.5,47.5,48.5,124.0,-148.0,,,
2026-09-12T17:55:52.032737-04:00,cfbd,401856680,South Carolina,Towson,Bovada,-44.5,-43.5,57.0,56.0,,,,,
2026-09-12T17:55:52.032737-04:00,cfbd,401856680,South Carolina,Towson,DraftKings,-44.5,-43.5,57.5,54.5,,,,,
2026-09-12T17:55:52.032737-04:00,cfbd,401864500,Nevada,Montana State,Bovada,4.0,3.5,51.5,49.5,155.0,-180.0,,,
2026-09-12T17:55:52.032737-04:00,cfbd,401864500,Nevada,Montana State,DraftKings,4.0,4.5,51.5,49.5,154.0,-185.0,,,
2026-09-12T17:55:52.032737-04:00,cfbd,401868386,Tennessee Tech,Samford,DraftKings,-26.5,-26.5,48.5,48.5,-5900.0,1340.0,,,
2026-09-12T17:55:52.032737-04:00,cfbd,401868141,Eastern Kentucky,Chattanooga,DraftKings,3.0,3.0,48.5,48.5,135.0,-169.0,,,
2026-09-12T17:55:52.335043-04:00,odds_api,401860881,Boise State Broncos,Memphis Tigers,draftkings,-9.5,,54.5,,-360.0,285.0,2026-09-12T22:00:00Z,-108.0,-118.0
2026-09-12T17:55:52.335043-04:00,odds_api,401860881,Boise State Broncos,Memphis Tigers,fanduel,-9.5,,55.5,,-335.0,265.0,2026-09-12T22:00:00Z,-105.0,-106.0
2026-09-12T17:55:52.335043-04:00,odds_api,401860881,Boise State Broncos,Memphis Tigers,betrivers,-8.5,,55.0,,-360.0,270.0,2026-09-12T22:00:00Z,-110.0,-112.0
2026-09-12T17:55:52.335043-04:00,odds_api,401860881,Boise State Broncos,Memphis Tigers,betonlineag,-8.0,,54.5,,-330.0,267.0,2026-09-12T22:00:00Z,-112.0,-115.0
2026-09-12T17:55:52.335043-04:00,odds_api,401860881,Boise State Broncos,Memphis Tigers,lowvig,-8.5,,54.5,,-330.0,267.0,2026-09-12T22:00:00Z,-106.0,-114.0
2026-09-12T17:55:52.335043-04:00,odds_api,401860881,Boise State Broncos,Memphis Tigers,betmgm,-8.5,,55.5,,-350.0,275.0,2026-09-12T22:00:00Z,-115.0,-102.0
2026-09-12T17:55:52.335043-04:00,odds_api,401860881,Boise State Broncos,Memphis Tigers,betus,-8.0,,54.5,,-330.0,270.0,2026-09-12T22:00:00Z,-110.0,-115.0
2026-09-12T17:55:52.335043-04:00,odds_api,401860881,Boise State Broncos,Memphis Tigers,mybookieag,-9.0,,55.0,,-360.0,275.0,2026-09-12T22:00:00Z,-110.0,-110.0
2026-09-12T17:55:52.335043-04:00,odds_api,401860881,Boise State Broncos,Memphis Tigers,bovada,-9.0,,55.0,,-360.0,280.0,2026-09-12T22:00:00Z,-110.0,-105.0
2026-09-12T17:55:52.335043-04:00,odds_api,401866414,Florida International Panthers,Buffalo Bulls,fanduel,-8.5,,47.5,,-335.0,265.0,2026-09-12T22:00:00Z,-110.0,-110.0
2026-09-12T17:55:52.335043-04:00,odds_api,401866414,Florida International Panthers,Buffalo Bulls,lowvig,-8.0,,48.0,,-340.0,274.0,2026-09-12T22:00:00Z,-106.0,-105.0
2026-09-12T17:55:52.335043-04:00,odds_api,401866414,Florida International Panthers,Buffalo Bulls,betonlineag,-8.0,,48.0,,-340.0,274.0,2026-09-12T22:00:00Z,-110.0,-107.0
2026-09-12T17:55:52.335043-04:00,odds_api,401866414,Florida International Panthers,Buffalo Bulls,draftkings,-8.5,,47.5,,-345.0,275.0,2026-09-12T22:00:00Z,-105.0,-112.0
2026-09-12T17:55:52.335043-04:00,odds_api,401866414,Florida International Panthers,Buffalo Bulls,betmgm,-8.0,,47.5,,-350.0,275.0,2026-09-12T22:00:00Z,-110.0,-110.0
2026-09-12T17:55:52.335043-04:00,odds_api,401866414,Florida International Panthers,Buffalo Bulls,betrivers,-9.0,,47.5,,-400.0,280.0,2026-09-12T22:00:00Z,-110.0,-110.0
2026-09-12T17:55:52.335043-04:00,odds_api,401866414,Florida International Panthers,Buffalo Bulls,betus,-8.0,,48.0,,-330.0,270.0,2026-09-12T22:00:00Z,-110.0,-110.0
2026-09-12T17:55:52.335043-04:00,odds_api,401866414,Florida International Panthers,Buffalo Bulls,mybookieag,-8.5,,47.5,,-360.0,275.0,2026-09-12T22:00:00Z,-110.0,-110.0
2026-09-12T17:55:52.335043-04:00,odds_api,401866414,Florida International Panthers,Buffalo Bulls,bovada,-8.5,,47.5,,-370.0,285.0,2026-09-12T22:00:00Z,-110.0,-110.0
2026-09-12T17:55:52.335043-04:00,odds_api,401866418,Ohio Bobcats,Jacksonville State Gamecocks,fanduel,-1.5,,49.5,,-120.0,100.0,2026-09-12T22:00:00Z,-110.0,-105.0
2026-09-12T17:55:52.335043-04:00,odds_api,401866418,Ohio Bobcats,Jacksonville State Gamecocks,draftkings,-1.5,,49.5,,-125.0,105.0,2026-09-12T22:00:00Z,-112.0,-112.0
2026-09-12T17:55:52.335043-04:00,odds_api,401866418,Ohio Bobcats,Jacksonville State Gamecocks,lowvig,1.0,,48.5,,,,2026-09-12T22:00:00Z,-116.0,-108.0
2026-09-12T17:55:52.335043-04:00,odds_api,401866418,Ohio Bobcats,Jacksonville State Gamecocks,betonlineag,1.0,,50.0,,,,2026-09-12T22:00:00Z,-120.0,-110.0
2026-09-12T17:55:52.335043-04:00,odds_api,401866418,Ohio Bobcats,Jacksonville State Gamecocks,betrivers,-2.0,,50.0,,-130.0,105.0,2026-09-12T22:00:00Z,-110.0,-114.0
2026-09-12T17:55:52.335043-04:00,odds_api,401866418,Ohio Bobcats,Jacksonville State Gamecocks,betmgm,-2.0,,49.5,,-120.0,100.0,2026-09-12T22:00:00Z,-108.0,-110.0
2026-09-12T17:55:52.335043-04:00,odds_api,401866418,Ohio Bobcats,Jacksonville State Gamecocks,betus,-1.0,,50.0,,,,2026-09-12T22:00:00Z,-110.0,-110.0
2026-09-12T17:55:52.335043-04:00,odds_api,401866418,Ohio Bobcats,Jacksonville State Gamecocks,mybookieag,-2.0,,50.0,,-127.0,104.0,2026-09-12T22:00:00Z,-110.0,-110.0
2026-09-12T17:55:52.335043-04:00,odds_api,401866418,Ohio Bobcats,Jacksonville State Gamecocks,bovada,-2.0,,49.5,,-125.0,105.0,2026-09-12T22:00:00Z,-105.0,-115.0
2026-09-12T17:55:52.335043-04:00,odds_api,401866421,Western Michigan Broncos,Monmouth Hawks,fanduel,-29.5,,54.5,,-10000.0,2800.0,2026-09-12T22:30:00Z,-120.0,-110.0
2026-09-12T17:55:52.335043-04:00,odds_api,401866421,Western Michigan Broncos,Monmouth Hawks,betrivers,-29.5,,54.5,,-10000.0,1500.0,2026-09-12T22:30:00Z,-110.0,-108.0
2026-09-12T17:55:52.335043-04:00,odds_api,401866421,Western Michigan Broncos,Monmouth Hawks,draftkings,-29.5,,54.5,,-5000.0,1800.0,2026-09-12T22:30:00Z,-110.0,-115.0
2026-09-12T17:55:52.335043-04:00,odds_api,401866421,Western Michigan Broncos,Monmouth Hawks,lowvig,-29.0,,53.5,,,,2026-09-12T22:30:00Z,-115.0,-115.0
2026-09-12T17:55:52.335043-04:00,odds_api,401866421,Western Michigan Broncos,Monmouth Hawks,betonlineag,-29.0,,53.5,,,,2026-09-12T22:30:00Z,-115.0,-115.0
2026-09-12T17:55:52.335043-04:00,odds_api,401866421,Western Michigan Broncos,Monmouth Hawks,bovada,-28.5,,54.5,,,,2026-09-12T22:30:00Z,-115.0,-110.0
2026-09-12T17:55:52.335043-04:00,odds_api,401866421,Western Michigan Broncos,Monmouth Hawks,betmgm,-29.5,,54.5,,-5000.0,2200.0,2026-09-12T22:30:00Z,-108.0,-108.0
2026-09-12T17:55:52.335043-04:00,odds_api,401868241,Arkansas State Red Wolves,West Georgia Wolves,fanduel,-31.5,,56.5,,-20000.0,3500.0,2026-09-12T23:00:00Z,-115.0,-110.0
2026-09-12T17:55:52.335043-04:00,odds_api,401868241,Arkansas State Red Wolves,West Georgia Wolves,mybookieag,,,56.5,,,,2026-09-12T23:00:00Z,,-110.0
2026-09-12T17:55:52.335043-04:00,odds_api,401868241,Arkansas State Red Wolves,West Georgia Wolves,draftkings,-31.5,,56.5,,-10000.0,3000.0,2026-09-12T23:00:00Z,-112.0,-108.0
2026-09-12T17:55:52.335043-04:00,odds_api,401868241,Arkansas State Red Wolves,West Georgia Wolves,betonlineag,-32.5,,56.0,,,,2026-09-12T23:00:00Z,-115.0,-105.0
2026-09-12T17:55:52.335043-04:00,odds_api,401868241,Arkansas State Red Wolves,West Georgia Wolves,lowvig,-32.5,,56.0,,,,2026-09-12T23:00:00Z,-115.0,-105.0
2026-09-12T17:55:52.335043-04:00,odds_api,401868241,Arkansas State Red Wolves,West Georgia Wolves,bovada,-31.5,,56.5,,,,2026-09-12T23:00:00Z,-110.0,-110.0
2026-09-12T17:55:52.335043-04:00,odds_api,401868241,Arkansas State Red Wolves,West Georgia Wolves,betrivers,-31.5,,57.0,,,,2026-09-12T23:00:00Z,-114.0,-113.0
2026-09-12T17:55:52.335043-04:00,odds_api,401868241,Arkansas State Red Wolves,West Georgia Wolves,betmgm,-32.0,,56.5,,,,2026-09-12T23:00:00Z,-110.0,-105.0
2026-09-12T17:55:52.335043-04:00,odds_api,401858441,Nebraska Cornhuskers,Bowling Green Falcons,fanduel,-30.5,,50.5,,-20000.0,3500.0,2026-09-12T23:00:00Z,-112.0,-108.0
2026-09-12T17:55:52.335043-04:00,odds_api,401858441,Nebraska Cornhuskers,Bowling Green Falcons,draftkings,-30.5,,49.5,,-6500.0,2000.0,2026-09-12T23:00:00Z,-112.0,-108.0
2026-09-12T17:55:52.335043-04:00,odds_api,401858441,Nebraska Cornhuskers,Bowling Green Falcons,betonlineag,-31.5,,49.5,,-10000.0,1787.0,2026-09-12T23:00:00Z,-105.0,-110.0
2026-09-12T17:55:52.335043-04:00,odds_api,401858441,Nebraska Cornhuskers,Bowling Green Falcons,lowvig,-31.0,,49.5,,-10000.0,1787.0,2026-09-12T23:00:00Z,-106.0,-108.0
2026-09-12T17:55:52.335043-04:00,odds_api,401858441,Nebraska Cornhuskers,Bowling Green Falcons,betmgm,-30.5,,49.5,,-10000.0,2800.0,2026-09-12T23:00:00Z,-112.0,-108.0
2026-09-12T17:55:52.335043-04:00,odds_api,401858441,Nebraska Cornhuskers,Bowling Green Falcons,betrivers,-30.5,,50.5,,,,2026-09-12T23:00:00Z,-109.0,-109.0
2026-09-12T17:55:52.335043-04:00,odds_api,401858441,Nebraska Cornhuskers,Bowling Green Falcons,betus,-31.0,,49.0,,,,2026-09-12T23:00:00Z,-110.0,-110.0
2026-09-12T17:55:52.335043-04:00,odds_api,401858441,Nebraska Cornhuskers,Bowling Green Falcons,mybookieag,-30.5,,49.5,,-10000.0,1600.0,2026-09-12T23:00:00Z,-110.0,-110.0
2026-09-12T17:55:52.335043-04:00,odds_api,401858441,Nebraska Cornhuskers,Bowling Green Falcons,bovada,-30.5,,49.5,,-10000.0,1600.0,2026-09-12T23:00:00Z,-120.0,-115.0
2026-09-12T17:55:52.335043-04:00,odds_api,401856786,Cincinnati Bearcats,Western Carolina Catamounts,fanduel,-35.5,,61.5,,-10000.0,2400.0,2026-09-12T23:00:00Z,-110.0,-106.0
2026-09-12T17:55:52.335043-04:00,odds_api,401856786,Cincinnati Bearcats,Western Carolina Catamounts,betrivers,-37.0,,61.0,,,,2026-09-12T23:00:00Z,-112.0,-113.0
2026-09-12T17:55:52.335043-04:00,odds_api,401856786,Cincinnati Bearcats,Western Carolina Catamounts,draftkings,-36.5,,61.5,,,,2026-09-12T23:00:00Z,-108.0,-110.0
2026-09-12T17:55:52.335043-04:00,odds_api,401856786,Cincinnati Bearcats,Western Carolina Catamounts,lowvig,-36.0,,61.5,,,,2026-09-12T23:00:00Z,-115.0,-115.0
2026-09-12T17:55:52.335043-04:00,odds_api,401856786,Cincinnati Bearcats,Western Carolina Catamounts,betonlineag,-36.0,,61.5,,,,2026-09-12T23:00:00Z,-115.0,-115.0
2026-09-12T17:55:52.335043-04:00,odds_api,401856786,Cincinnati Bearcats,Western Carolina Catamounts,bovada,-36.5,,61.5,,,,2026-09-12T23:00:00Z,-110.0,-110.0
2026-09-12T17:55:52.335043-04:00,odds_api,401856786,Cincinnati Bearcats,Western Carolina Catamounts,betmgm,-36.0,,61.5,,-50000.0,5000.0,2026-09-12T23:00:00Z,-108.0,-108.0
2026-09-12T17:55:52.335043-04:00,odds_api,401860882,Colorado State Rams,Southern Utah Thunderbirds,fanduel,-20.5,,57.5,,-1700.0,890.0,2026-09-12T23:00:00Z,-112.0,-110.0
2026-09-12T17:55:52.335043-04:00,odds_api,401860882,Colorado State Rams,Southern Utah Thunderbirds,betrivers,-20.5,,56.5,,-3335.0,1000.0,2026-09-12T23:00:00Z,-113.0,-112.0
2026-09-12T17:55:52.335043-04:00,odds_api,401860882,Colorado State Rams,Southern Utah Thunderbirds,draftkings,-19.5,,57.5,,-1350.0,800.0,2026-09-12T23:00:00Z,-112.0,-105.0
2026-09-12T17:55:52.335043-04:00,odds_api,401860882,Colorado State Rams,Southern Utah Thunderbirds,betonlineag,-20.0,,57.5,,,,2026-09-12T23:00:00Z,-110.0,-112.0
2026-09-12T17:55:52.335043-04:00,odds_api,401860882,Colorado State Rams,Southern Utah Thunderbirds,lowvig,-20.0,,57.5,,,,2026-09-12T23:00:00Z,-110.0,-112.0
2026-09-12T17:55:52.335043-04:00,odds_api,401860882,Colorado State Rams,Southern Utah Thunderbirds,bovada,-20.5,,57.0,,-1500.0,775.0,2026-09-12T23:00:00Z,-110.0,-115.0
2026-09-12T17:55:52.335043-04:00,odds_api,401860882,Colorado State Rams,Southern Utah Thunderbirds,betmgm,-20.0,,57.5,,-1400.0,950.0,2026-09-12T23:00:00Z,-110.0,-110.0
2026-09-12T17:55:52.335043-04:00,odds_api,401860882,Colorado State Rams,Southern Utah Thunderbirds,mybookieag,-20.5,,57.5,,-1205.0,630.0,2026-09-12T23:00:00Z,-110.0,-110.0
2026-09-12T17:55:52.335043-04:00,odds_api,401869955,Kennesaw State Owls,Georgia State Panthers,draftkings,-7.0,,55.5,,-298.0,240.0,2026-09-12T23:00:00Z,-115.0,-110.0
2026-09-12T17:55:52.335043-04:00,odds_api,401869955,Kennesaw State Owls,Georgia State Panthers,betonlineag,-7.0,,55.5,,-300.0,245.0,2026-09-12T23:00:00Z,-115.0,-112.0
2026-09-12T17:55:52.335043-04:00,odds_api,401869955,Kennesaw State Owls,Georgia State Panthers,lowvig,-7.0,,55.5,,-300.0,245.0,2026-09-12T23:00:00Z,-111.0,-110.0
2026-09-12T17:55:52.335043-04:00,odds_api,401869955,Kennesaw State Owls,Georgia State Panthers,betmgm,-7.5,,55.5,,-300.0,250.0,2026-09-12T23:00:00Z,-102.0,-108.0
2026-09-12T17:55:52.335043-04:00,odds_api,401869955,Kennesaw State Owls,Georgia State Panthers,betus,-7.0,,55.5,,-300.0,250.0,2026-09-12T23:00:00Z,-115.0,-110.0
2026-09-12T17:55:52.335043-04:00,odds_api,401869955,Kennesaw State Owls,Georgia State Panthers,betrivers,-8.0,,55.5,,-335.0,245.0,2026-09-12T23:00:00Z,-109.0,-108.0
2026-09-12T17:55:52.335043-04:00,odds_api,401869955,Kennesaw State Owls,Georgia State Panthers,mybookieag,-7.5,,55.5,,-300.0,236.0,2026-09-12T23:00:00Z,-110.0,-110.0
2026-09-12T17:55:52.335043-04:00,odds_api,401869955,Kennesaw State Owls,Georgia State Panthers,bovada,-7.5,,55.5,,-310.0,255.0,2026-09-12T23:00:00Z,-105.0,-110.0
2026-09-12T17:55:52.335043-04:00,odds_api,401869955,Kennesaw State Owls,Georgia State Panthers,fanduel,-7.5,,55.5,,-310.0,245.0,2026-09-12T23:00:00Z,-110.0,-106.0
2026-09-12T17:55:52.335043-04:00,odds_api,401856681,Georgia Tech Yellow Jackets,Tennessee Volunteers,draftkings,12.5,,55.5,,380.0,-500.0,2026-09-12T23:00:00Z,-112.0,-110.0
2026-09-12T17:55:52.335043-04:00,odds_api,401856681,Georgia Tech Yellow Jackets,Tennessee Volunteers,fanduel,11.5,,55.5,,375.0,-500.0,2026-09-12T23:00:00Z,-104.0,-110.0
2026-09-12T17:55:52.335043-04:00,odds_api,401856681,Georgia Tech Yellow Jackets,Tennessee Volunteers,betrivers,12.0,,55.5,,390.0,-560.0,2026-09-12T23:00:00Z,-112.0,-110.0
2026-09-12T17:55:52.335043-04:00,odds_api,401856681,Georgia Tech Yellow Jackets,Tennessee Volunteers,betonlineag,12.5,,55.5,,377.0,-490.0,2026-09-12T23:00:00Z,-112.0,-110.0
2026-09-12T17:55:52.335043-04:00,odds_api,401856681,Georgia Tech Yellow Jackets,Tennessee Volunteers,lowvig,12.0,,55.5,,377.0,-490.0,2026-09-12T23:00:00Z,-110.0,-108.0
2026-09-12T17:55:52.335043-04:00,odds_api,401856681,Georgia Tech Yellow Jackets,Tennessee Volunteers,betmgm,12.0,,55.5,,380.0,-500.0,2026-09-12T23:00:00Z,-108.0,-110.0
2026-09-12T17:55:52.335043-04:00,odds_api,401856681,Georgia Tech Yellow Jackets,Tennessee Volunteers,betus,12.5,,55.5,,382.0,-490.0,2026-09-12T23:00:00Z,-110.0,-110.0
2026-09-12T17:55:52.335043-04:00,odds_api,401856681,Georgia Tech Yellow Jackets,Tennessee Volunteers,mybookieag,12.0,,55.5,,360.0,-500.0,2026-09-12T23:00:00Z,-110.0,-110.0
2026-09-12T17:55:52.335043-04:00,odds_api,401856681,Georgia Tech Yellow Jackets,Tennessee Volunteers,bovada,12.0,,55.5,,370.0,-510.0,2026-09-12T23:00:00Z,-110.0,-110.0
2026-09-12T17:55:52.335043-04:00,odds_api,401856787,Houston Cougars,Southern University Jaguars,fanduel,-51.5,,61.5,,,,2026-09-12T23:00:00Z,-115.0,-114.0
2026-09-12T17:55:52.335043-04:00,odds_api,401856787,Houston Cougars,Southern University Jaguars,betrivers,-51.5,,61.5,,,,2026-09-12T23:00:00Z,-113.0,-109.0
2026-09-12T17:55:52.335043-04:00,odds_api,401856787,Houston Cougars,Southern University Jaguars,draftkings,-51.5,,61.5,,,,2026-09-12T23:00:00Z,-118.0,-118.0
2026-09-12T17:55:52.335043-04:00,odds_api,401856787,Houston Cougars,Southern University Jaguars,lowvig,-52.0,,62.0,,,,2026-09-12T23:00:00Z,-110.0,-117.0
2026-09-12T17:55:52.335043-04:00,odds_api,401856787,Houston Cougars,Southern University Jaguars,betonlineag,-52.0,,62.0,,,,2026-09-12T23:00:00Z,-110.0,-117.0
2026-09-12T17:55:52.335043-04:00,odds_api,401856787,Houston Cougars,Southern University Jaguars,bovada,-52.0,,62.0,,,,2026-09-12T23:00:00Z,-110.0,-110.0
2026-09-12T17:55:52.335043-04:00,odds_api,401856787,Houston Cougars,Southern University Jaguars,betmgm,-52.0,,61.5,,,,2026-09-12T23:00:00Z,-105.0,-112.0
2026-09-12T17:55:52.335043-04:00,odds_api,401864503,Northern Illinois Huskies,Illinois State Redbirds,fanduel,3.5,,47.5,,122.0,-146.0,2026-09-12T23:00:00Z,-130.0,-115.0
2026-09-12T17:55:52.335043-04:00,odds_api,401864503,Northern Illinois Huskies,Illinois State Redbirds,mybookieag,3.0,,,,119.0,-152.0,2026-09-12T23:00:00Z,-110.0,
2026-09-12T17:55:52.335043-04:00,odds_api,401864503,Northern Illinois Huskies,Illinois State Redbirds,betrivers,3.0,,47.5,,120.0,-148.0,2026-09-12T23:00:00Z,-115.0,-115.0
2026-09-12T17:55:52.335043-04:00,odds_api,401864503,Northern Illinois Huskies,Illinois State Redbirds,draftkings,2.5,,47.5,,124.0,-148.0,2026-09-12T23:00:00Z,100.0,-115.0
2026-09-12T17:55:52.335043-04:00,odds_api,401864503,Northern Illinois Huskies,Illinois State Redbirds,lowvig,2.5,,49.0,,,,2026-09-12T23:00:00Z,-108.0,-105.0
2026-09-12T17:55:52.335043-04:00,odds_api,401864503,Northern Illinois Huskies,Illinois State Redbirds,betonlineag,2.5,,49.0,,,,2026-09-12T23:00:00Z,-108.0,-105.0
2026-09-12T17:55:52.335043-04:00,odds_api,401864503,Northern Illinois Huskies,Illinois State Redbirds,bovada,2.5,,48.0,,120.0,-140.0,2026-09-12T23:00:00Z,100.0,-110.0
2026-09-12T17:55:52.335043-04:00,odds_api,401864503,Northern Illinois Huskies,Illinois State Redbirds,betmgm,3.0,,48.5,,120.0,-145.0,2026-09-12T23:00:00Z,-115.0,-102.0
2026-09-12T17:55:52.335043-04:00,odds_api,401871046,Missouri State Bears,Lindenwood Lions,fanduel,-16.5,,53.5,,-1000.0,640.0,2026-09-12T23:00:00Z,-110.0,-110.0
2026-09-12T17:55:52.335043-04:00,odds_api,401871046,Missouri State Bears,Lindenwood Lions,betrivers,-16.0,,53.5,,-1250.0,700.0,2026-09-12T23:00:00Z,-114.0,-112.0
2026-09-12T17:55:52.335043-04:00,odds_api,401871046,Missouri State Bears,Lindenwood Lions,draftkings,-16.5,,53.5,,-850.0,575.0,2026-09-12T23:00:00Z,-112.0,-110.0
2026-09-12T17:55:52.335043-04:00,odds_api,401871046,Missouri State Bears,Lindenwood Lions,betonlineag,-16.5,,53.5,,,,2026-09-12T23:00:00Z,-105.0,-105.0
2026-09-12T17:55:52.335043-04:00,odds_api,401871046,Missouri State Bears,Lindenwood Lions,bovada,-17.0,,52.5,,-850.0,550.0,2026-09-12T23:00:00Z,100.0,-110.0
2026-09-12T17:55:52.335043-04:00,odds_api,401871046,Missouri State Bears,Lindenwood Lions,betmgm,-16.5,,53.5,,-900.0,650.0,2026-09-12T23:00:00Z,-110.0,-108.0
2026-09-12T17:55:52.335043-04:00,odds_api,401871046,Missouri State Bears,Lindenwood Lions,mybookieag,-17.0,,53.5,,-901.0,520.0,2026-09-12T23:00:00Z,-110.0,-110.0
2026-09-12T17:55:52.335043-04:00,odds_api,401871045,Marshall Thundering Herd,Middle Tennessee Blue Raiders,draftkings,-12.5,,55.5,,-535.0,400.0,2026-09-12T23:00:00Z,-112.0,-110.0
2026-09-12T17:55:52.335043-04:00,odds_api,401871045,Marshall Thundering Herd,Middle Tennessee Blue Raiders,lowvig,-13.0,,56.0,,-500.0,383.0,2026-09-12T23:00:00Z,-106.0,-108.0
2026-09-12T17:55:52.335043-04:00,odds_api,401871045,Marshall Thundering Herd,Middle Tennessee Blue Raiders,betonlineag,-13.0,,56.0,,-500.0,383.0,2026-09-12T23:00:00Z,-110.0,-110.0
2026-09-12T17:55:52.335043-04:00,odds_api,401871045,Marshall Thundering Herd,Middle Tennessee Blue Raiders,betmgm,-13.0,,55.5,,-525.0,400.0,2026-09-12T23:00:00Z,-108.0,-110.0
2026-09-12T17:55:52.335043-04:00,odds_api,401871045,Marshall Thundering Herd,Middle Tennessee Blue Raiders,betus,-13.0,,55.5,,-500.0,390.0,2026-09-12T23:00:00Z,-110.0,-110.0
2026-09-12T17:55:52.335043-04:00,odds_api,401871045,Marshall Thundering Herd,Middle Tennessee Blue Raiders,betrivers,-13.5,,56.0,,-625.0,425.0,2026-09-12T23:00:00Z,-110.0,-110.0
2026-09-12T17:55:52.335043-04:00,odds_api,401871045,Marshall Thundering Herd,Middle Tennessee Blue Raiders,mybookieag,-12.5,,55.5,,-561.0,400.0,2026-09-12T23:00:00Z,-110.0,-110.0
2026-09-12T17:55:52.335043-04:00,odds_api,401871045,Marshall Thundering Herd,Middle Tennessee Blue Raiders,bovada,-13.0,,56.0,,-600.0,425.0,2026-09-12T23:00:00Z,-105.0,100.0
2026-09-12T17:55:52.335043-04:00,odds_api,401871045,Marshall Thundering Herd,Middle Tennessee Blue Raiders,fanduel,-12.5,,55.5,,-490.0,365.0,2026-09-12T23:00:00Z,-110.0,-112.0
2026-09-12T17:55:52.335043-04:00,odds_api,401862707,Sam Houston State Bearkats,Tulsa Golden Hurricane,fanduel,12.5,,51.5,,420.0,-580.0,2026-09-12T23:00:00Z,-105.0,-110.0
2026-09-12T17:55:52.335043-04:00,odds_api,401862707,Sam Houston State Bearkats,Tulsa Golden Hurricane,draftkings,12.5,,51.5,,380.0,-500.0,2026-09-12T23:00:00Z,-112.0,-118.0
2026-09-12T17:55:52.335043-04:00,odds_api,401862707,Sam Houston State Bearkats,Tulsa Golden Hurricane,betonlineag,13.0,,52.0,,393.0,-515.0,2026-09-12T23:00:00Z,-104.0,-110.0
2026-09-12T17:55:52.335043-04:00,odds_api,401862707,Sam Houston State Bearkats,Tulsa Golden Hurricane,lowvig,13.0,,52.0,,393.0,-515.0,2026-09-12T23:00:00Z,100.0,-108.0
2026-09-12T17:55:52.335043-04:00,odds_api,401862707,Sam Houston State Bearkats,Tulsa Golden Hurricane,betmgm,12.0,,51.5,,380.0,-500.0,2026-09-12T23:00:00Z,-112.0,-120.0
2026-09-12T17:55:52.335043-04:00,odds_api,401862707,Sam Houston State Bearkats,Tulsa Golden Hurricane,betrivers,11.5,,51.0,,350.0,-480.0,2026-09-12T23:00:00Z,-108.0,-114.0
2026-09-12T17:55:52.335043-04:00,odds_api,401862707,Sam Houston State Bearkats,Tulsa Golden Hurricane,betus,12.5,,52.0,,400.0,-515.0,2026-09-12T23:00:00Z,-110.0,-110.0
2026-09-12T17:55:52.335043-04:00,odds_api,401862707,Sam Houston State Bearkats,Tulsa Golden Hurricane,mybookieag,12.5,,51.5,,390.0,-549.0,2026-09-12T23:00:00Z,-110.0,-110.0
2026-09-12T17:55:52.335043-04:00,odds_api,401862707,Sam Houston State Bearkats,Tulsa Golden Hurricane,bovada,12.0,,52.0,,375.0,-525.0,2026-09-12T23:00:00Z,-110.0,-110.0
2026-09-12T17:55:52.335043-04:00,odds_api,401864575,Tulane Green Wave,South Alabama Jaguars,draftkings,-9.5,,48.5,,-360.0,285.0,2026-09-12T23:00:00Z,-112.0,-108.0
2026-09-12T17:55:52.335043-04:00,odds_api,401864575,Tulane Green Wave,South Alabama Jaguars,fanduel,-9.5,,48.5,,-350.0,275.0,2026-09-12T23:00:00Z,-108.0,-104.0
2026-09-12T17:55:52.335043-04:00,odds_api,401864575,Tulane Green Wave,South Alabama Jaguars,lowvig,-9.0,,48.0,,-360.0,289.0,2026-09-12T23:00:00Z,-109.0,-105.0
2026-09-12T17:55:52.335043-04:00,odds_api,401864575,Tulane Green Wave,South Alabama Jaguars,betonlineag,-9.0,,48.0,,-360.0,289.0,2026-09-12T23:00:00Z,-113.0,-107.0
2026-09-12T17:55:52.335043-04:00,odds_api,401864575,Tulane Green Wave,South Alabama Jaguars,betmgm,-9.5,,47.5,,-350.0,280.0,2026-09-12T23:00:00Z,-108.0,-118.0
2026-09-12T17:55:52.335043-04:00,odds_api,401864575,Tulane Green Wave,South Alabama Jaguars,betrivers,-9.5,,48.5,,-385.0,280.0,2026-09-12T23:00:00Z,-110.0,-110.0
2026-09-12T17:55:52.335043-04:00,odds_api,401864575,Tulane Green Wave,South Alabama Jaguars,betus,-9.0,,48.0,,-360.0,290.0,2026-09-12T23:00:00Z,-110.0,-105.0
2026-09-12T17:55:52.335043-04:00,odds_api,401864575,Tulane Green Wave,South Alabama Jaguars,mybookieag,-9.5,,48.0,,-391.0,295.0,2026-09-12T23:00:00Z,-110.0,-110.0
2026-09-12T17:55:52.335043-04:00,odds_api,401864575,Tulane Green Wave,South Alabama Jaguars,bovada,-10.0,,48.0,,-400.0,300.0,2026-09-12T23:00:00Z,100.0,-110.0
2026-09-12T17:55:52.335043-04:00,odds_api,401856680,South Carolina Gamecocks,Towson Tigers,fanduel,-43.5,,57.5,,,,2026-09-12T23:00:00Z,-115.0,-110.0
2026-09-12T17:55:52.335043-04:00,odds_api,401856680,South Carolina Gamecocks,Towson Tigers,betrivers,-44.0,,57.0,,,,2026-09-12T23:00:00Z,-110.0,-110.0
2026-09-12T17:55:52.335043-04:00,odds_api,401856680,South Carolina Gamecocks,Towson Tigers,draftkings,-44.5,,57.5,,,,2026-09-12T23:00:00Z,-108.0,-108.0
2026-09-12T17:55:52.335043-04:00,odds_api,401856680,South Carolina Gamecocks,Towson Tigers,lowvig,-44.5,,57.0,,,,2026-09-12T23:00:00Z,-115.0,-115.0
2026-09-12T17:55:52.335043-04:00,odds_api,401856680,South Carolina Gamecocks,Towson Tigers,betonlineag,-44.5,,57.0,,,,2026-09-12T23:00:00Z,-115.0,-115.0
2026-09-12T17:55:52.335043-04:00,odds_api,401856680,South Carolina Gamecocks,Towson Tigers,bovada,-44.5,,57.0,,,,2026-09-12T23:00:00Z,-105.0,-110.0
2026-09-12T17:55:52.335043-04:00,odds_api,401856680,South Carolina Gamecocks,Towson Tigers,betmgm,-44.5,,57.5,,,,2026-09-12T23:00:00Z,-110.0,-110.0
2026-09-12T17:55:52.335043-04:00,odds_api,401858443,UCLA Bruins,San Diego State Aztecs,draftkings,-13.5,,53.5,,-535.0,400.0,2026-09-12T23:15:00Z,-108.0,-115.0
2026-09-12T17:55:52.335043-04:00,odds_api,401858443,UCLA Bruins,San Diego State Aztecs,fanduel,-13.5,,54.5,,-610.0,440.0,2026-09-12T23:15:00Z,-110.0,-106.0
2026-09-12T17:55:52.335043-04:00,odds_api,401858443,UCLA Bruins,San Diego State Aztecs,betonlineag,-13.5,,54.5,,-550.0,415.0,2026-09-12T23:15:00Z,-110.0,-105.0
2026-09-12T17:55:52.335043-04:00,odds_api,401858443,UCLA Bruins,San Diego State Aztecs,lowvig,-13.5,,54.5,,-550.0,415.0,2026-09-12T23:15:00Z,-106.0,-103.0
2026-09-12T17:55:52.335043-04:00,odds_api,401858443,UCLA Bruins,San Diego State Aztecs,betrivers,-13.5,,54.5,,-715.0,440.0,2026-09-12T23:15:00Z,-115.0,-112.0
2026-09-12T17:55:52.335043-04:00,odds_api,401858443,UCLA Bruins,San Diego State Aztecs,betmgm,-13.5,,53.5,,-550.0,425.0,2026-09-12T23:15:00Z,-110.0,-115.0
2026-09-12T17:55:52.335043-04:00,odds_api,401858443,UCLA Bruins,San Diego State Aztecs,betus,-13.5,,54.5,,-550.0,425.0,2026-09-12T23:15:00Z,-110.0,-105.0
2026-09-12T17:55:52.335043-04:00,odds_api,401858443,UCLA Bruins,San Diego State Aztecs,mybookieag,-14.0,,54.0,,-575.0,410.0,2026-09-12T23:15:00Z,-110.0,-110.0
2026-09-12T17:55:52.335043-04:00,odds_api,401858443,UCLA Bruins,San Diego State Aztecs,bovada,-13.5,,54.0,,-575.0,400.0,2026-09-12T23:15:00Z,-115.0,-110.0
2026-09-12T17:55:52.335043-04:00,odds_api,401858447,Wisconsin Badgers,Western Illinois Leathernecks,fanduel,-42.5,,51.5,,,,2026-09-12T23:15:00Z,-102.0,-115.0
2026-09-12T17:55:52.335043-04:00,odds_api,401858447,Wisconsin Badgers,Western Illinois Leathernecks,betrivers,-42.5,,52.0,,,,2026-09-12T23:15:00Z,-112.0,-114.0
2026-09-12T17:55:52.335043-04:00,odds_api,401858447,Wisconsin Badgers,Western Illinois Leathernecks,draftkings,-42.5,,51.5,,,,2026-09-12T23:15:00Z,-105.0,-110.0
2026-09-12T17:55:52.335043-04:00,odds_api,401858447,Wisconsin Badgers,Western Illinois Leathernecks,betonlineag,-42.5,,52.0,,,,2026-09-12T23:15:00Z,-110.0,-110.0
2026-09-12T17:55:52.335043-04:00,odds_api,401858447,Wisconsin Badgers,Western Illinois Leathernecks,lowvig,-42.5,,52.0,,,,2026-09-12T23:15:00Z,-110.0,-110.0
2026-09-12T17:55:52.335043-04:00,odds_api,401858447,Wisconsin Badgers,Western Illinois Leathernecks,bovada,-43.0,,52.5,,,,2026-09-12T23:15:00Z,-110.0,-105.0
2026-09-12T17:55:52.335043-04:00,odds_api,401858447,Wisconsin Badgers,Western Illinois Leathernecks,betmgm,-42.5,,51.5,,,,2026-09-12T23:15:00Z,-110.0,-112.0
2026-09-12T17:55:52.335043-04:00,odds_api,401858219,Clemson Tigers,Georgia Southern Eagles,draftkings,-19.5,,54.5,,-1200.0,750.0,2026-09-12T23:30:00Z,-115.0,-118.0
2026-09-12T17:55:52.335043-04:00,odds_api,401858219,Clemson Tigers,Georgia Southern Eagles,lowvig,-19.5,,55.5,,-1350.0,817.0,2026-09-12T23:30:00Z,-111.0,-103.0
2026-09-12T17:55:52.335043-04:00,odds_api,401858219,Clemson Tigers,Georgia Southern Eagles,betonlineag,-19.5,,55.5,,-1350.0,817.0,2026-09-12T23:30:00Z,-115.0,-105.0
2026-09-12T17:55:52.335043-04:00,odds_api,401858219,Clemson Tigers,Georgia Southern Eagles,betmgm,-19.5,,54.5,,-1200.0,850.0,2026-09-12T23:30:00Z,-110.0,-125.0
2026-09-12T17:55:52.335043-04:00,odds_api,401858219,Clemson Tigers,Georgia Southern Eagles,betus,-19.5,,55.0,,-1400.0,825.0,2026-09-12T23:30:00Z,-115.0,-110.0
2026-09-12T17:55:52.335043-04:00,odds_api,401858219,Clemson Tigers,Georgia Southern Eagles,mybookieag,-20.0,,55.0,,-1442.0,752.0,2026-09-12T23:30:00Z,-110.0,-110.0
2026-09-12T17:55:52.335043-04:00,odds_api,401858219,Clemson Tigers,Georgia Southern Eagles,betrivers,-20.5,,55.0,,-1667.0,850.0,2026-09-12T23:30:00Z,-112.0,-112.0
2026-09-12T17:55:52.335043-04:00,odds_api,401858219,Clemson Tigers,Georgia Southern Eagles,bovada,-19.5,,55.0,,-1400.0,750.0,2026-09-12T23:30:00Z,-115.0,-110.0
2026-09-12T17:55:52.335043-04:00,odds_api,401858219,Clemson Tigers,Georgia Southern Eagles,fanduel,-19.5,,54.5,,-1400.0,800.0,2026-09-12T23:30:00Z,-110.0,-115.0
2026-09-12T17:55:52.335043-04:00,odds_api,401868008,Coastal Carolina Chanticleers,Fordham Rams,fanduel,-35.5,,53.5,,-10000.0,3000.0,2026-09-12T23:30:00Z,-106.0,-110.0
2026-09-12T17:55:52.335043-04:00,odds_api,401868008,Coastal Carolina Chanticleers,Fordham Rams,betrivers,-36.0,,54.5,,,,2026-09-12T23:30:00Z,-110.0,-109.0
2026-09-12T17:55:52.335043-04:00,odds_api,401868008,Coastal Carolina Chanticleers,Fordham Rams,draftkings,-36.5,,53.5,,,,2026-09-12T23:30:00Z,-110.0,-110.0
2026-09-12T17:55:52.335043-04:00,odds_api,401868008,Coastal Carolina Chanticleers,Fordham Rams,betonlineag,-36.0,,54.0,,,,2026-09-12T23:30:00Z,-110.0,-110.0
2026-09-12T17:55:52.335043-04:00,odds_api,401868008,Coastal Carolina Chanticleers,Fordham Rams,lowvig,-36.0,,54.0,,,,2026-09-12T23:30:00Z,-110.0,-110.0
2026-09-12T17:55:52.335043-04:00,odds_api,401868008,Coastal Carolina Chanticleers,Fordham Rams,bovada,-37.5,,54.0,,,,2026-09-12T23:30:00Z,-105.0,-110.0
2026-09-12T17:55:52.335043-04:00,odds_api,401868008,Coastal Carolina Chanticleers,Fordham Rams,betmgm,-35.5,,53.5,,-100000.0,5500.0,2026-09-12T23:30:00Z,-110.0,-108.0
2026-09-12T17:55:52.335043-04:00,odds_api,401862703,Florida Atlantic Owls,Navy Midshipmen,draftkings,4.0,,59.5,,164.0,-198.0,2026-09-12T23:30:00Z,-108.0,-110.0
2026-09-12T17:55:52.335043-04:00,odds_api,401862703,Florida Atlantic Owls,Navy Midshipmen,betonlineag,4.0,,59.5,,165.0,-190.0,2026-09-12T23:30:00Z,-110.0,-107.0
2026-09-12T17:55:52.335043-04:00,odds_api,401862703,Florida Atlantic Owls,Navy Midshipmen,lowvig,4.0,,59.5,,165.0,-190.0,2026-09-12T23:30:00Z,-106.0,-105.0
2026-09-12T17:55:52.335043-04:00,odds_api,401862703,Florida Atlantic Owls,Navy Midshipmen,betmgm,4.5,,59.5,,160.0,-200.0,2026-09-12T23:30:00Z,-110.0,-108.0
2026-09-12T17:55:52.335043-04:00,odds_api,401862703,Florida Atlantic Owls,Navy Midshipmen,betus,4.0,,59.5,,163.0,-190.0,2026-09-12T23:30:00Z,-110.0,-110.0
2026-09-12T17:55:52.335043-04:00,odds_api,401862703,Florida Atlantic Owls,Navy Midshipmen,mybookieag,4.5,,59.5,,163.0,-202.0,2026-09-12T23:30:00Z,-110.0,-110.0
2026-09-12T17:55:52.335043-04:00,odds_api,401862703,Florida Atlantic Owls,Navy Midshipmen,betrivers,4.5,,59.0,,150.0,-195.0,2026-09-12T23:30:00Z,-113.0,-112.0
2026-09-12T17:55:52.335043-04:00,odds_api,401862703,Florida Atlantic Owls,Navy Midshipmen,bovada,4.0,,59.5,,160.0,-185.0,2026-09-12T23:30:00Z,-110.0,-110.0
2026-09-12T17:55:52.335043-04:00,odds_api,401862703,Florida Atlantic Owls,Navy Midshipmen,fanduel,4.5,,59.5,,160.0,-194.0,2026-09-12T23:30:00Z,-110.0,-110.0
2026-09-12T17:55:52.335043-04:00,odds_api,401856788,Iowa Hawkeyes,Iowa State Cyclones,fanduel,-14.5,,42.5,,-650.0,460.0,2026-09-12T23:30:00Z,-102.0,-112.0
2026-09-12T17:55:52.335043-04:00,odds_api,401856788,Iowa Hawkeyes,Iowa State Cyclones,mybookieag,-14.0,,42.5,,-752.0,500.0,2026-09-12T23:30:00Z,-110.0,-110.0
2026-09-12T17:55:52.335043-04:00,odds_api,401856788,Iowa Hawkeyes,Iowa State Cyclones,draftkings,-14.0,,42.5,,-600.0,440.0,2026-09-12T23:30:00Z,-112.0,-108.0
2026-09-12T17:55:52.335043-04:00,odds_api,401856788,Iowa Hawkeyes,Iowa State Cyclones,betrivers,-14.5,,42.0,,-715.0,460.0,2026-09-12T23:30:00Z,-110.0,-112.0
2026-09-12T17:55:52.335043-04:00,odds_api,401856788,Iowa Hawkeyes,Iowa State Cyclones,betmgm,-14.0,,42.5,,-600.0,450.0,2026-09-12T23:30:00Z,-108.0,-110.0
2026-09-12T17:55:52.335043-04:00,odds_api,401856788,Iowa Hawkeyes,Iowa State Cyclones,betonlineag,-14.0,,42.5,,-600.0,446.0,2026-09-12T23:30:00Z,-110.0,-115.0
2026-09-12T17:55:52.335043-04:00,odds_api,401856788,Iowa Hawkeyes,Iowa State Cyclones,lowvig,-14.0,,42.5,,-600.0,446.0,2026-09-12T23:30:00Z,-106.0,-114.0
2026-09-12T17:55:52.335043-04:00,odds_api,401856788,Iowa Hawkeyes,Iowa State Cyclones,betus,-14.0,,42.5,,-600.0,450.0,2026-09-12T23:30:00Z,-110.0,-115.0
2026-09-12T17:55:52.335043-04:00,odds_api,401856788,Iowa Hawkeyes,Iowa State Cyclones,bovada,-14.0,,42.5,,-600.0,425.0,2026-09-12T23:30:00Z,-105.0,-110.0
2026-09-12T17:55:52.335043-04:00,odds_api,401867796,LSU Tigers,Louisiana Tech Bulldogs,draftkings,-34.5,,55.5,,-20000.0,3500.0,2026-09-12T23:30:00Z,-118.0,-102.0
2026-09-12T17:55:52.335043-04:00,odds_api,401867796,LSU Tigers,Louisiana Tech Bulldogs,betonlineag,-35.0,,55.0,,,,2026-09-12T23:30:00Z,-110.0,-108.0
2026-09-12T17:55:52.335043-04:00,odds_api,401867796,LSU Tigers,Louisiana Tech Bulldogs,lowvig,-35.0,,55.0,,,,2026-09-12T23:30:00Z,-106.0,-106.0
2026-09-12T17:55:52.335043-04:00,odds_api,401867796,LSU Tigers,Louisiana Tech Bulldogs,betmgm,-34.5,,55.5,,-15000.0,4000.0,2026-09-12T23:30:00Z,-110.0,-108.0
2026-09-12T17:55:52.335043-04:00,odds_api,401867796,LSU Tigers,Louisiana Tech Bulldogs,betus,-35.0,,55.0,,,,2026-09-12T23:30:00Z,-110.0,-110.0
2026-09-12T17:55:52.335043-04:00,odds_api,401867796,LSU Tigers,Louisiana Tech Bulldogs,betrivers,-35.5,,55.5,,,,2026-09-12T23:30:00Z,-109.0,-112.0
2026-09-12T17:55:52.335043-04:00,odds_api,401867796,LSU Tigers,Louisiana Tech Bulldogs,mybookieag,-35.0,,55.0,,,,2026-09-12T23:30:00Z,-110.0,-110.0
2026-09-12T17:55:52.335043-04:00,odds_api,401867796,LSU Tigers,Louisiana Tech Bulldogs,bovada,-35.0,,55.0,,,,2026-09-12T23:30:00Z,-110.0,-115.0
2026-09-12T17:55:52.335043-04:00,odds_api,401867796,LSU Tigers,Louisiana Tech Bulldogs,fanduel,-35.5,,55.5,,-20000.0,3500.0,2026-09-12T23:30:00Z,100.0,-105.0
2026-09-12T17:55:52.335043-04:00,odds_api,401856682,Texas Longhorns,Ohio State Buckeyes,fanduel,-1.5,,50.5,,-120.0,102.0,2026-09-12T23:30:00Z,-110.0,-110.0
2026-09-12T17:55:52.335043-04:00,odds_api,401856682,Texas Longhorns,Ohio State Buckeyes,bovada,-2.5,,51.0,,-130.0,110.0,2026-09-12T23:30:00Z,-110.0,-105.0
2026-09-12T17:55:52.335043-04:00,odds_api,401856682,Texas Longhorns,Ohio State Buckeyes,betmgm,-2.0,,50.5,,-125.0,105.0,2026-09-12T23:30:00Z,-108.0,-112.0
2026-09-12T17:55:52.335043-04:00,odds_api,401856682,Texas Longhorns,Ohio State Buckeyes,betrivers,-1.5,,50.5,,-130.0,105.0,2026-09-12T23:30:00Z,-114.0,-110.0
2026-09-12T17:55:52.335043-04:00,odds_api,401856682,Texas Longhorns,Ohio State Buckeyes,mybookieag,-2.0,,50.5,,-128.0,105.0,2026-09-12T23:30:00Z,-110.0,-110.0
2026-09-12T17:55:52.335043-04:00,odds_api,401856682,Texas Longhorns,Ohio State Buckeyes,draftkings,-1.5,,50.5,,-125.0,105.0,2026-09-12T23:30:00Z,-115.0,-115.0
2026-09-12T17:55:52.335043-04:00,odds_api,401856682,Texas Longhorns,Ohio State Buckeyes,lowvig,-1.5,,51.0,,-129.0,109.0,2026-09-12T23:30:00Z,-110.0,-108.0
2026-09-12T17:55:52.335043-04:00,odds_api,401856682,Texas Longhorns,Ohio State Buckeyes,betonlineag,-1.5,,51.0,,-129.0,109.0,2026-09-12T23:30:00Z,-117.0,-110.0
2026-09-12T17:55:52.335043-04:00,odds_api,401856682,Texas Longhorns,Ohio State Buckeyes,betus,-1.5,,50.5,,-130.0,110.0,2026-09-12T23:30:00Z,-115.0,-110.0
2026-09-12T17:55:52.335043-04:00,odds_api,401856783,Oregon State Beavers,Texas Tech Red Raiders,fanduel,26.5,,52.5,,1600.0,-4500.0,2026-09-12T23:30:00Z,-120.0,-105.0
2026-09-12T17:55:52.335043-04:00,odds_api,401856783,Oregon State Beavers,Texas Tech Red Raiders,draftkings,25.5,,52.5,,1500.0,-3600.0,2026-09-12T23:30:00Z,-108.0,-108.0
2026-09-12T17:55:52.335043-04:00,odds_api,401856783,Oregon State Beavers,Texas Tech Red Raiders,lowvig,25.5,,52.0,,1256.0,-3000.0,2026-09-12T23:30:00Z,-106.0,-108.0
2026-09-12T17:55:52.335043-04:00,odds_api,401856783,Oregon State Beavers,Texas Tech Red Raiders,betonlineag,25.5,,52.0,,1256.0,-3000.0,2026-09-12T23:30:00Z,-110.0,-110.0
2026-09-12T17:55:52.335043-04:00,odds_api,401856783,Oregon State Beavers,Texas Tech Red Raiders,betmgm,25.5,,52.5,,1500.0,-3000.0,2026-09-12T23:30:00Z,-110.0,-105.0
2026-09-12T17:55:52.335043-04:00,odds_api,401856783,Oregon State Beavers,Texas Tech Red Raiders,betus,25.5,,52.0,,1300.0,-3000.0,2026-09-12T23:30:00Z,-110.0,-110.0
2026-09-12T17:55:52.335043-04:00,odds_api,401856783,Oregon State Beavers,Texas Tech Red Raiders,betrivers,26.0,,52.5,,1700.0,-10000.0,2026-09-12T23:30:00Z,-109.0,-113.0
2026-09-12T17:55:52.335043-04:00,odds_api,401856783,Oregon State Beavers,Texas Tech Red Raiders,mybookieag,25.5,,52.0,,1075.0,-3030.0,2026-09-12T23:30:00Z,-110.0,-110.0
2026-09-12T17:55:52.335043-04:00,odds_api,401856783,Oregon State Beavers,Texas Tech Red Raiders,bovada,25.0,,52.5,,1100.0,-3500.0,2026-09-12T23:30:00Z,-110.0,-105.0
2026-09-12T17:55:52.335043-04:00,odds_api,401856671,Auburn Tigers,Southern Mississippi Golden Eagles,draftkings,-32.5,,56.5,,-10000.0,3000.0,2026-09-12T23:45:00Z,-112.0,-110.0
2026-09-12T17:55:52.335043-04:00,odds_api,401856671,Auburn Tigers,Southern Mississippi Golden Eagles,lowvig,-33.0,,56.0,,,,2026-09-12T23:45:00Z,-106.0,-114.0
2026-09-12T17:55:52.335043-04:00,odds_api,401856671,Auburn Tigers,Southern Mississippi Golden Eagles,betonlineag,-33.0,,56.0,,,,2026-09-12T23:45:00Z,-110.0,-115.0
2026-09-12T17:55:52.335043-04:00,odds_api,401856671,Auburn Tigers,Southern Mississippi Golden Eagles,betmgm,-32.5,,56.5,,-10000.0,3000.0,2026-09-12T23:45:00Z,-110.0,-108.0
2026-09-12T17:55:52.335043-04:00,odds_api,401856671,Auburn Tigers,Southern Mississippi Golden Eagles,betus,-33.0,,56.5,,,,2026-09-12T23:45:00Z,-110.0,-110.0
2026-09-12T17:55:52.335043-04:00,odds_api,401856671,Auburn Tigers,Southern Mississippi Golden Eagles,betrivers,-33.5,,57.0,,,,2026-09-12T23:45:00Z,-110.0,-113.0
2026-09-12T17:55:52.335043-04:00,odds_api,401856671,Auburn Tigers,Southern Mississippi Golden Eagles,mybookieag,-33.0,,56.0,,-44275.0,1606.0,2026-09-12T23:45:00Z,-110.0,-110.0
2026-09-12T17:55:52.335043-04:00,odds_api,401856671,Auburn Tigers,Southern Mississippi Golden Eagles,bovada,-33.0,,56.5,,,,2026-09-12T23:45:00Z,-105.0,-110.0
2026-09-12T17:55:52.335043-04:00,odds_api,401856671,Auburn Tigers,Southern Mississippi Golden Eagles,fanduel,-32.5,,56.5,,-10000.0,2400.0,2026-09-12T23:45:00Z,-110.0,-105.0
2026-09-12T17:55:52.335043-04:00,odds_api,401856676,Ole Miss Rebels,Charlotte 49ers,draftkings,-45.5,,59.5,,,,2026-09-12T23:45:00Z,-105.0,-112.0
2026-09-12T17:55:52.335043-04:00,odds_api,401856676,Ole Miss Rebels,Charlotte 49ers,betonlineag,-45.0,,59.0,,,,2026-09-12T23:45:00Z,-112.0,-105.0
2026-09-12T17:55:52.335043-04:00,odds_api,401856676,Ole Miss Rebels,Charlotte 49ers,fanduel,-45.5,,59.5,,,,2026-09-12T23:45:00Z,-110.0,-105.0
2026-09-12T17:55:52.335043-04:00,odds_api,401856676,Ole Miss Rebels,Charlotte 49ers,betrivers,-45.5,,59.5,,,,2026-09-12T23:45:00Z,-109.0,-110.0
2026-09-12T17:55:52.335043-04:00,odds_api,401856676,Ole Miss Rebels,Charlotte 49ers,betmgm,-45.5,,60.5,,,,2026-09-12T23:45:00Z,-108.0,-108.0
2026-09-12T17:55:52.335043-04:00,odds_api,401856676,Ole Miss Rebels,Charlotte 49ers,betus,-45.0,,59.0,,,,2026-09-12T23:45:00Z,-110.0,-105.0
2026-09-12T17:55:52.335043-04:00,odds_api,401856676,Ole Miss Rebels,Charlotte 49ers,bovada,-44.5,,59.5,,,,2026-09-12T23:45:00Z,-115.0,-110.0
2026-09-12T17:55:52.335043-04:00,odds_api,401856784,Baylor Bears,Prairie View A&M Panthers,fanduel,-37.5,,55.5,,,,2026-09-13T00:00:00Z,-118.0,-115.0
2026-09-12T17:55:52.335043-04:00,odds_api,401856784,Baylor Bears,Prairie View A&M Panthers,betrivers,-37.5,,55.0,,,,2026-09-13T00:00:00Z,-114.0,-110.0
2026-09-12T17:55:52.335043-04:00,odds_api,401856784,Baylor Bears,Prairie View A&M Panthers,draftkings,-37.5,,55.5,,,,2026-09-13T00:00:00Z,-105.0,-110.0
2026-09-12T17:55:52.335043-04:00,odds_api,401856784,Baylor Bears,Prairie View A&M Panthers,lowvig,-37.0,,55.5,,,,2026-09-13T00:00:00Z,-105.0,-110.0
2026-09-12T17:55:52.335043-04:00,odds_api,401856784,Baylor Bears,Prairie View A&M Panthers,betonlineag,-37.0,,55.5,,,,2026-09-13T00:00:00Z,-105.0,-110.0
2026-09-12T17:55:52.335043-04:00,odds_api,401856784,Baylor Bears,Prairie View A&M Panthers,bovada,-37.5,,55.5,,,,2026-09-13T00:00:00Z,-110.0,-110.0
2026-09-12T17:55:52.335043-04:00,odds_api,401856784,Baylor Bears,Prairie View A&M Panthers,betmgm,-37.0,,55.5,,-100000.0,5500.0,2026-09-13T00:00:00Z,-110.0,-110.0
2026-09-12T17:55:52.335043-04:00,odds_api,401856789,TCU Horned Frogs,Grambling State Tigers,fanduel,-44.5,,55.5,,,,2026-09-13T00:00:00Z,-110.0,-115.0
2026-09-12T17:55:52.335043-04:00,odds_api,401856789,TCU Horned Frogs,Grambling State Tigers,betrivers,-44.5,,55.5,,,,2026-09-13T00:00:00Z,-115.0,-114.0
2026-09-12T17:55:52.335043-04:00,odds_api,401856789,TCU Horned Frogs,Grambling State Tigers,draftkings,-44.5,,55.5,,,,2026-09-13T00:00:00Z,-105.0,-115.0
2026-09-12T17:55:52.335043-04:00,odds_api,401856789,TCU Horned Frogs,Grambling State Tigers,lowvig,-44.0,,55.5,,,,2026-09-13T00:00:00Z,-115.0,-110.0
2026-09-12T17:55:52.335043-04:00,odds_api,401856789,TCU Horned Frogs,Grambling State Tigers,betonlineag,-44.0,,55.5,,,,2026-09-13T00:00:00Z,-115.0,-110.0
2026-09-12T17:55:52.335043-04:00,odds_api,401856789,TCU Horned Frogs,Grambling State Tigers,bovada,-44.5,,56.5,,,,2026-09-13T00:00:00Z,-115.0,-110.0
2026-09-12T17:55:52.335043-04:00,odds_api,401856789,TCU Horned Frogs,Grambling State Tigers,betmgm,-43.5,,55.5,,,,2026-09-13T00:00:00Z,-110.0,-112.0
2026-09-12T17:55:52.335043-04:00,odds_api,401864504,San Jose State Spartans,Cal Poly Mustangs,fanduel,-21.5,,58.5,,-2800.0,1160.0,2026-09-13T01:00:00Z,-114.0,-105.0
2026-09-12T17:55:52.335043-04:00,odds_api,401864504,San Jose State Spartans,Cal Poly Mustangs,draftkings,-21.5,,58.5,,-1800.0,1000.0,2026-09-13T01:00:00Z,-105.0,-108.0
2026-09-12T17:55:52.335043-04:00,odds_api,401864504,San Jose State Spartans,Cal Poly Mustangs,betrivers,-21.5,,58.0,,-10000.0,1400.0,2026-09-13T01:00:00Z,-113.0,-108.0
2026-09-12T17:55:52.335043-04:00,odds_api,401864504,San Jose State Spartans,Cal Poly Mustangs,lowvig,-21.5,,59.0,,,,2026-09-13T01:00:00Z,-105.0,-105.0
2026-09-12T17:55:52.335043-04:00,odds_api,401864504,San Jose State Spartans,Cal Poly Mustangs,betonlineag,-21.5,,59.0,,,,2026-09-13T01:00:00Z,-105.0,-105.0
2026-09-12T17:55:52.335043-04:00,odds_api,401864504,San Jose State Spartans,Cal Poly Mustangs,bovada,-21.0,,58.0,,-1600.0,800.0,2026-09-13T01:00:00Z,-115.0,-110.0
2026-09-12T17:55:52.335043-04:00,odds_api,401864504,San Jose State Spartans,Cal Poly Mustangs,betmgm,-21.5,,58.5,,-1600.0,1100.0,2026-09-13T01:00:00Z,-105.0,-105.0
2026-09-12T17:55:52.335043-04:00,odds_api,401864504,San Jose State Spartans,Cal Poly Mustangs,mybookieag,-21.5,,58.0,,,,2026-09-13T01:00:00Z,-110.0,-110.0
2026-09-12T17:55:52.335043-04:00,odds_api,401864505,UTEP Miners,Texas Southern Tigers,fanduel,-25.5,,53.5,,-7000.0,2000.0,2026-09-13T01:00:00Z,-114.0,-110.0
2026-09-12T17:55:52.335043-04:00,odds_api,401864505,UTEP Miners,Texas Southern Tigers,betrivers,-26.5,,52.5,,,,2026-09-13T01:00:00Z,-113.0,-114.0
2026-09-12T17:55:52.335043-04:00,odds_api,401864505,UTEP Miners,Texas Southern Tigers,draftkings,-27.5,,53.5,,-4500.0,1700.0,2026-09-13T01:00:00Z,-108.0,-108.0
2026-09-12T17:55:52.335043-04:00,odds_api,401864505,UTEP Miners,Texas Southern Tigers,lowvig,-27.0,,52.5,,,,2026-09-13T01:00:00Z,-115.0,-110.0
2026-09-12T17:55:52.335043-04:00,odds_api,401864505,UTEP Miners,Texas Southern Tigers,betonlineag,-27.0,,52.5,,,,2026-09-13T01:00:00Z,-115.0,-110.0
2026-09-12T17:55:52.335043-04:00,odds_api,401864505,UTEP Miners,Texas Southern Tigers,bovada,-27.0,,53.5,,-5000.0,1200.0,2026-09-13T01:00:00Z,-110.0,-105.0
2026-09-12T17:55:52.335043-04:00,odds_api,401864505,UTEP Miners,Texas Southern Tigers,betmgm,-27.0,,52.5,,-3000.0,1750.0,2026-09-13T01:00:00Z,-110.0,-110.0
2026-09-12T17:55:52.335043-04:00,odds_api,401864502,Air Force Falcons,North Dakota State Bison,draftkings,1.5,,47.5,,105.0,-125.0,2026-09-13T02:00:00Z,-105.0,-112.0
2026-09-12T17:55:52.335043-04:00,odds_api,401864502,Air Force Falcons,North Dakota State Bison,lowvig,2.0,,47.5,,108.0,-128.0,2026-09-13T02:00:00Z,-106.0,-108.0
2026-09-12T17:55:52.335043-04:00,odds_api,401864502,Air Force Falcons,North Dakota State Bison,betonlineag,2.0,,47.5,,108.0,-128.0,2026-09-13T02:00:00Z,-110.0,-110.0
2026-09-12T17:55:52.335043-04:00,odds_api,401864502,Air Force Falcons,North Dakota State Bison,betus,2.0,,47.5,,110.0,-130.0,2026-09-13T02:00:00Z,-110.0,-110.0
2026-09-12T17:55:52.335043-04:00,odds_api,401864502,Air Force Falcons,North Dakota State Bison,mybookieag,1.5,,47.5,,103.0,-125.0,2026-09-13T02:00:00Z,-110.0,-110.0
2026-09-12T17:55:52.335043-04:00,odds_api,401864502,Air Force Falcons,North Dakota State Bison,betrivers,1.5,,47.5,,102.0,-127.0,2026-09-13T02:00:00Z,-110.0,-112.0
2026-09-12T17:55:52.335043-04:00,odds_api,401864502,Air Force Falcons,North Dakota State Bison,bovada,2.0,,47.5,,100.0,-120.0,2026-09-13T02:00:00Z,-115.0,-115.0
2026-09-12T17:55:52.335043-04:00,odds_api,401864502,Air Force Falcons,North Dakota State Bison,betmgm,2.0,,47.5,,105.0,-125.0,2026-09-13T02:00:00Z,-110.0,-112.0
2026-09-12T17:55:52.335043-04:00,odds_api,401864502,Air Force Falcons,North Dakota State Bison,fanduel,2.5,,47.5,,-102.0,-118.0,2026-09-13T02:00:00Z,-120.0,-110.0
2026-09-12T17:55:52.335043-04:00,odds_api,401856670,Utah Utes,Arkansas Razorbacks,draftkings,-12.5,,55.5,,-500.0,380.0,2026-09-13T02:15:00Z,-110.0,-110.0
2026-09-12T17:55:52.335043-04:00,odds_api,401856670,Utah Utes,Arkansas Razorbacks,fanduel,-12.5,,55.5,,-500.0,385.0,2026-09-13T02:15:00Z,-110.0,-110.0
2026-09-12T17:55:52.335043-04:00,odds_api,401856670,Utah Utes,Arkansas Razorbacks,mybookieag,-12.5,,55.5,,-526.0,370.0,2026-09-13T02:15:00Z,-110.0,-110.0
2026-09-12T17:55:52.335043-04:00,odds_api,401856670,Utah Utes,Arkansas Razorbacks,betrivers,-12.5,,55.5,,-590.0,400.0,2026-09-13T02:15:00Z,-110.0,-112.0
2026-09-12T17:55:52.335043-04:00,odds_api,401856670,Utah Utes,Arkansas Razorbacks,betmgm,-12.0,,55.5,,-500.0,380.0,2026-09-13T02:15:00Z,-110.0,-108.0
2026-09-12T17:55:52.335043-04:00,odds_api,401856670,Utah Utes,Arkansas Razorbacks,betonlineag,-12.0,,55.5,,-470.0,364.0,2026-09-13T02:15:00Z,-107.0,-110.0
2026-09-12T17:55:52.335043-04:00,odds_api,401856670,Utah Utes,Arkansas Razorbacks,betus,-12.0,,55.5,,-470.0,370.0,2026-09-13T02:15:00Z,-105.0,-110.0
2026-09-12T17:55:52.335043-04:00,odds_api,401856670,Utah Utes,Arkansas Razorbacks,bovada,-12.5,,55.5,,-525.0,375.0,2026-09-13T02:15:00Z,-110.0,-110.0
2026-09-12T17:55:52.335043-04:00,odds_api,401860883,Fresno State Bulldogs,Sacramento State Hornets,draftkings,-17.5,,44.5,,-900.0,600.0,2026-09-13T02:30:00Z,-110.0,-112.0
2026-09-12T17:55:52.335043-04:00,odds_api,401860883,Fresno State Bulldogs,Sacramento State Hornets,lowvig,-17.5,,44.5,,-1100.0,709.0,2026-09-13T02:30:00Z,-106.0,-108.0
2026-09-12T17:55:52.335043-04:00,odds_api,401860883,Fresno State Bulldogs,Sacramento State Hornets,betonlineag,-17.5,,44.5,,-1100.0,709.0,2026-09-13T02:30:00Z,-110.0,-110.0
2026-09-12T17:55:52.335043-04:00,odds_api,401860883,Fresno State Bulldogs,Sacramento State Hornets,betmgm,-17.5,,44.5,,-1000.0,700.0,2026-09-13T02:30:00Z,-105.0,-110.0
2026-09-12T17:55:52.335043-04:00,odds_api,401860883,Fresno State Bulldogs,Sacramento State Hornets,betus,-17.5,,44.5,,-1100.0,700.0,2026-09-13T02:30:00Z,-110.0,-110.0
2026-09-12T17:55:52.335043-04:00,odds_api,401860883,Fresno State Bulldogs,Sacramento State Hornets,mybookieag,-18.0,,44.5,,-1205.0,690.0,2026-09-13T02:30:00Z,-110.0,-110.0
2026-09-12T17:55:52.335043-04:00,odds_api,401860883,Fresno State Bulldogs,Sacramento State Hornets,bovada,-17.5,,44.5,,-1000.0,625.0,2026-09-13T02:30:00Z,-110.0,-110.0
2026-09-12T17:55:52.335043-04:00,odds_api,401860883,Fresno State Bulldogs,Sacramento State Hornets,betrivers,-18.0,,44.5,,-1250.0,700.0,2026-09-13T02:30:00Z,-109.0,-108.0
2026-09-12T17:55:52.335043-04:00,odds_api,401860883,Fresno State Bulldogs,Sacramento State Hornets,fanduel,-17.5,,44.5,,-1050.0,660.0,2026-09-13T02:30:00Z,-105.0,-115.0
2026-09-12T17:55:52.335043-04:00,odds_api,401864500,Nevada Wolf Pack,Montana State Bobcats,fanduel,3.5,,51.5,,158.0,-192.0,2026-09-13T02:30:00Z,-105.0,-112.0
2026-09-12T17:55:52.335043-04:00,odds_api,401864500,Nevada Wolf Pack,Montana State Bobcats,betrivers,4.5,,51.0,,160.0,-200.0,2026-09-13T02:30:00Z,-113.0,-109.0
2026-09-12T17:55:52.335043-04:00,odds_api,401864500,Nevada Wolf Pack,Montana State Bobcats,draftkings,4.0,,51.5,,154.0,-185.0,2026-09-13T02:30:00Z,-108.0,-108.0
2026-09-12T17:55:52.335043-04:00,odds_api,401864500,Nevada Wolf Pack,Montana State Bobcats,betonlineag,4.5,,51.5,,,,2026-09-13T02:30:00Z,-115.0,-110.0
2026-09-12T17:55:52.335043-04:00,odds_api,401864500,Nevada Wolf Pack,Montana State Bobcats,lowvig,4.5,,51.5,,,,2026-09-13T02:30:00Z,-115.0,-110.0
2026-09-12T17:55:52.335043-04:00,odds_api,401864500,Nevada Wolf Pack,Montana State Bobcats,bovada,4.0,,51.5,,165.0,-195.0,2026-09-13T02:30:00Z,100.0,-110.0
2026-09-12T17:55:52.335043-04:00,odds_api,401864500,Nevada Wolf Pack,Montana State Bobcats,betmgm,4.0,,51.5,,155.0,-190.0,2026-09-13T02:30:00Z,-108.0,-110.0
2026-09-12T17:55:52.335043-04:00,odds_api,401864500,Nevada Wolf Pack,Montana State Bobcats,mybookieag,4.5,,51.5,,160.0,-208.0,2026-09-13T02:30:00Z,-110.0,-110.0
2026-09-12T17:55:52.335043-04:00,odds_api,401858445,USC Trojans,Louisiana Ragin Cajuns,draftkings,-30.5,,58.5,,-5000.0,1800.0,2026-09-13T03:00:00Z,-115.0,-110.0
2026-09-12T17:55:52.335043-04:00,odds_api,401858445,USC Trojans,Louisiana Ragin Cajuns,lowvig,-31.0,,59.5,,-10000.0,1787.0,2026-09-13T03:00:00Z,-101.0,-103.0
2026-09-12T17:55:52.335043-04:00,odds_api,401858445,USC Trojans,Louisiana Ragin Cajuns,betonlineag,-31.0,,59.0,,-10000.0,1787.0,2026-09-13T03:00:00Z,-105.0,-105.0
2026-09-12T17:55:52.335043-04:00,odds_api,401858445,USC Trojans,Louisiana Ragin Cajuns,betmgm,-30.5,,59.5,,-10000.0,2500.0,2026-09-13T03:00:00Z,-110.0,-110.0
2026-09-12T17:55:52.335043-04:00,odds_api,401858445,USC Trojans,Louisiana Ragin Cajuns,betus,-31.0,,58.5,,,,2026-09-13T03:00:00Z,-110.0,-110.0
2026-09-12T17:55:52.335043-04:00,odds_api,401858445,USC Trojans,Louisiana Ragin Cajuns,betrivers,-31.0,,59.0,,,,2026-09-13T03:00:00Z,-117.0,-112.0
2026-09-12T17:55:52.335043-04:00,odds_api,401858445,USC Trojans,Louisiana Ragin Cajuns,bovada,-31.0,,59.0,,-10000.0,1600.0,2026-09-13T03:00:00Z,-110.0,-110.0
2026-09-12T17:55:52.335043-04:00,odds_api,401858445,USC Trojans,Louisiana Ragin Cajuns,mybookieag,-31.0,,59.0,,-18149.0,1559.0,2026-09-13T03:00:00Z,-110.0,-110.0
2026-09-12T17:55:52.335043-04:00,odds_api,401858445,USC Trojans,Louisiana Ragin Cajuns,fanduel,-30.5,,59.5,,-10000.0,3000.0,2026-09-13T03:00:00Z,-115.0,-105.0
2026-09-17T13:47:37.175210-04:00,cfbd,401858225,Pittsburgh,Syracuse,DraftKings,-10.5,-10.5,51.5,59.5,-425.0,330.0,,,
2026-09-17T13:47:37.175210-04:00,cfbd,401858225,Pittsburgh,Syracuse,Bovada,-10.5,-11.0,51.5,51.0,-450.0,335.0,,,
2026-09-17T13:47:37.416222-04:00,odds_api,401858225,Pittsburgh Panthers,Syracuse Orange,draftkings,-10.5,,51.5,,-425.0,330.0,2026-09-17T23:30:00Z,-110.0,-110.0
2026-09-17T13:47:37.416222-04:00,odds_api,401858225,Pittsburgh Panthers,Syracuse Orange,fanduel,-10.5,,51.5,,-400.0,310.0,2026-09-17T23:30:00Z,-102.0,-105.0
2026-09-17T13:47:37.416222-04:00,odds_api,401858225,Pittsburgh Panthers,Syracuse Orange,betrivers,-10.0,,51.0,,-500.0,330.0,2026-09-17T23:30:00Z,-117.0,-112.0
2026-09-17T13:47:37.416222-04:00,odds_api,401858225,Pittsburgh Panthers,Syracuse Orange,lowvig,-10.5,,51.5,,-435.0,340.0,2026-09-17T23:30:00Z,-106.0,-105.0
2026-09-17T13:47:37.416222-04:00,odds_api,401858225,Pittsburgh Panthers,Syracuse Orange,betonlineag,-10.5,,51.5,,-435.0,340.0,2026-09-17T23:30:00Z,-109.0,-107.0
2026-09-17T13:47:37.416222-04:00,odds_api,401858225,Pittsburgh Panthers,Syracuse Orange,betmgm,-10.5,,51.5,,-425.0,333.0,2026-09-17T23:30:00Z,-105.0,-108.0
2026-09-17T13:47:37.416222-04:00,odds_api,401858225,Pittsburgh Panthers,Syracuse Orange,betus,-10.5,,51.5,,-435.0,340.0,2026-09-17T23:30:00Z,-110.0,-105.0
2026-09-17T13:47:37.416222-04:00,odds_api,401858225,Pittsburgh Panthers,Syracuse Orange,bovada,-10.5,,51.5,,-440.0,330.0,2026-09-17T23:30:00Z,-110.0,-110.0
2026-09-17T18:38:41.588180-04:00,cfbd,401858225,Pittsburgh,Syracuse,DraftKings,-10.5,-10.5,51.5,59.5,-425.0,330.0,,,
2026-09-17T18:38:41.588180-04:00,cfbd,401858225,Pittsburgh,Syracuse,Bovada,-10.5,-11.0,51.5,51.0,-450.0,335.0,,,
2026-09-17T18:38:41.882052-04:00,odds_api,401858225,Pittsburgh Panthers,Syracuse Orange,draftkings,-10.5,,51.5,,-470.0,360.0,2026-09-17T23:30:00Z,-118.0,-110.0
2026-09-17T18:38:41.882052-04:00,odds_api,401858225,Pittsburgh Panthers,Syracuse Orange,fanduel,-9.5,,51.5,,-410.0,315.0,2026-09-17T23:30:00Z,-118.0,-105.0
2026-09-17T18:38:41.882052-04:00,odds_api,401858225,Pittsburgh Panthers,Syracuse Orange,betrivers,-10.0,,51.0,,-500.0,330.0,2026-09-17T23:30:00Z,-117.0,-112.0
2026-09-17T18:38:41.882052-04:00,odds_api,401858225,Pittsburgh Panthers,Syracuse Orange,lowvig,-11.0,,51.5,,-425.0,334.0,2026-09-17T23:30:00Z,-106.0,-103.0
2026-09-17T18:38:41.882052-04:00,odds_api,401858225,Pittsburgh Panthers,Syracuse Orange,betonlineag,-11.0,,51.5,,-425.0,334.0,2026-09-17T23:30:00Z,-110.0,-105.0
2026-09-17T18:38:41.882052-04:00,odds_api,401858225,Pittsburgh Panthers,Syracuse Orange,betmgm,-10.5,,51.5,,-400.0,320.0,2026-09-17T23:30:00Z,-108.0,-105.0
2026-09-17T18:38:41.882052-04:00,odds_api,401858225,Pittsburgh Panthers,Syracuse Orange,betus,-10.5,,51.5,,-400.0,320.0,2026-09-17T23:30:00Z,-110.0,-105.0
2026-09-17T18:38:41.882052-04:00,odds_api,401858225,Pittsburgh Panthers,Syracuse Orange,bovada,-11.0,,51.5,,-450.0,335.0,2026-09-17T23:30:00Z,-110.0,-110.0
2026-09-18T13:20:12.195500-04:00,cfbd,401856811,Texas Tech,Houston,DraftKings,-7.5,-13.5,52.5,,-325.0,260.0,,,
2026-09-18T13:20:12.195500-04:00,cfbd,401856811,Texas Tech,Houston,Bovada,-8.0,-8.5,52.5,53.0,-300.0,270.0,,,
2026-09-18T13:20:12.195500-04:00,cfbd,401858226,Wake Forest,Miami,DraftKings,20.5,19.5,55.5,50.5,950.0,-1650.0,,,
2026-09-18T13:20:12.195500-04:00,cfbd,401858226,Wake Forest,Miami,Bovada,20.5,21.0,55.5,55.0,900.0,-1900.0,,,
2026-09-18T13:20:12.195500-04:00,cfbd,401856686,Arkansas,Georgia,DraftKings,24.5,17.5,54.5,52.5,1300.0,-2800.0,,,
2026-09-18T13:20:12.195500-04:00,cfbd,401856686,Arkansas,Georgia,Bovada,24.5,24.5,55.0,54.0,1100.0,-3300.0,,,
2026-09-18T13:20:12.195500-04:00,cfbd,401858229,Clemson,North Carolina,DraftKings,-3.0,-9.5,44.5,44.5,-166.0,140.0,,,
2026-09-18T13:20:12.195500-04:00,cfbd,401858229,Clemson,North Carolina,Bovada,-3.0,-3.0,44.0,44.5,-170.0,135.0,,,
2026-09-18T13:20:12.195500-04:00,cfbd,401856812,Kansas,Arizona State,DraftKings,5.5,5.5,50.5,56.5,170.0,-205.0,,,
2026-09-18T13:20:12.195500-04:00,cfbd,401856812,Kansas,Arizona State,Bovada,5.5,6.5,50.5,53.0,190.0,-230.0,,,
2026-09-18T13:20:12.195500-04:00,cfbd,401869940,Delaware,Coastal Carolina,DraftKings,-5.5,-4.5,57.5,58.5,-198.0,164.0,,,
2026-09-18T13:20:12.195500-04:00,cfbd,401869940,Delaware,Coastal Carolina,Bovada,-5.0,-5.0,57.5,57.5,-210.0,175.0,,,
2026-09-18T13:20:12.195500-04:00,cfbd,401858456,Penn State,Buffalo,DraftKings,-40.5,-39.5,49.5,48.5,,,,,
2026-09-18T13:20:12.195500-04:00,cfbd,401858456,Penn State,Buffalo,Bovada,-41.0,-38.5,49.5,47.5,,,,,
2026-09-18T13:20:12.195500-04:00,cfbd,401856792,Kansas State,Tulane,DraftKings,-20.5,-20.5,49.5,49.5,-1450.0,850.0,,,
2026-09-18T13:20:12.195500-04:00,cfbd,401856792,Kansas State,Tulane,Bovada,-20.5,-19.5,49.5,49.5,-1300.0,725.0,,,
2026-09-18T13:20:12.195500-04:00,cfbd,401858454,Ohio State,Kent State,DraftKings,-52.5,-52.5,59.5,56.5,,,,,
2026-09-18T13:20:12.195500-04:00,cfbd,401858454,Ohio State,Kent State,Bovada,-53.0,-53.0,58.5,58.5,,,,,
2026-09-18T13:20:12.195500-04:00,cfbd,401860889,Texas State,North Texas,DraftKings,-2.5,-3.0,62.5,63.5,-142.0,120.0,,,
2026-09-18T13:20:12.195500-04:00,cfbd,401860889,Texas State,North Texas,Bovada,-2.5,-3.0,62.5,63.5,-150.0,130.0,,,
2026-09-18T13:20:12.195500-04:00,cfbd,401856798,Iowa State,Bowling Green,Bovada,-23.5,-23.0,43.5,46.0,-2200.0,1000.0,,,
2026-09-18T13:20:12.195500-04:00,cfbd,401856798,Iowa State,Bowling Green,DraftKings,-23.5,-22.5,43.5,45.5,-2400.0,1200.0,,,
2026-09-18T13:20:12.195500-04:00,cfbd,401858455,Oregon,Portland State,DraftKings,-58.5,-57.5,69.5,66.5,,,,,
2026-09-18T13:20:12.195500-04:00,cfbd,401858455,Oregon,Portland State,Bovada,-57.5,-57.5,70.0,68.0,,,,,
2026-09-18T13:20:12.195500-04:00,cfbd,401858460,Wisconsin,Eastern Michigan,Bovada,-23.5,-24.5,45.0,46.0,-3300.0,1100.0,,,
2026-09-18T13:20:12.195500-04:00,cfbd,401858460,Wisconsin,Eastern Michigan,DraftKings,-23.5,-24.5,44.5,45.5,-2400.0,1200.0,,,
2026-09-18T13:20:12.195500-04:00,cfbd,401864508,Central Michigan,Wyoming,Bovada,1.0,-1.5,39.0,39.5,-120.0,100.0,,,
2026-09-18T13:20:12.195500-04:00,cfbd,401864508,Central Michigan,Wyoming,DraftKings,1.5,-2.5,38.5,39.5,-108.0,-112.0,,,
2026-09-18T13:20:12.195500-04:00,cfbd,401856695,Vanderbilt,NC State,Bovada,-3.0,-4.0,50.5,52.5,-185.0,160.0,,,
2026-09-18T13:20:12.195500-04:00,cfbd,401856695,Vanderbilt,NC State,DraftKings,-3.0,-4.0,50.5,54.5,-162.0,136.0,,,
2026-09-18T13:20:12.195500-04:00,cfbd,401858451,Minnesota,Akron,DraftKings,-23.5,-26.5,49.5,48.5,-3200.0,1400.0,,,
2026-09-18T13:20:12.195500-04:00,cfbd,401858451,Minnesota,Akron,Bovada,-23.5,-26.5,49.0,49.0,-5000.0,1300.0,,,
2026-09-18T13:20:12.195500-04:00,cfbd,401858228,Georgia Tech,Mercer,DraftKings,-38.5,-38.5,58.5,58.5,,,,,
2026-09-18T13:20:12.195500-04:00,cfbd,401858228,Georgia Tech,Mercer,Bovada,-38.5,-38.5,59.5,59.5,,,,,
2026-09-18T13:20:12.438497-04:00,odds_api,401858226,Wake Forest Demon Deacons,Miami Hurricanes,draftkings,20.5,,55.5,,950.0,-1650.0,2026-09-18T23:30:00Z,-108.0,-108.0
2026-09-18T13:20:12.438497-04:00,odds_api,401858226,Wake Forest Demon Deacons,Miami Hurricanes,fanduel,20.5,,55.5,,890.0,-1700.0,2026-09-18T23:30:00Z,-106.0,-106.0
2026-09-18T13:20:12.438497-04:00,odds_api,401858226,Wake Forest Demon Deacons,Miami Hurricanes,betmgm,20.5,,55.5,,1000.0,-1600.0,2026-09-18T23:30:00Z,-110.0,-108.0
2026-09-18T13:20:12.438497-04:00,odds_api,401858226,Wake Forest Demon Deacons,Miami Hurricanes,betrivers,21.0,,56.0,,950.0,-2000.0,2026-09-18T23:30:00Z,-114.0,-110.0
2026-09-18T13:20:12.438497-04:00,odds_api,401858226,Wake Forest Demon Deacons,Miami Hurricanes,lowvig,20.5,,55.0,,945.0,-1700.0,2026-09-18T23:30:00Z,-108.0,-116.0
2026-09-18T13:20:12.438497-04:00,odds_api,401858226,Wake Forest Demon Deacons,Miami Hurricanes,betonlineag,20.5,,55.0,,945.0,-1700.0,2026-09-18T23:30:00Z,-112.0,-115.0
2026-09-18T13:20:12.438497-04:00,odds_api,401858226,Wake Forest Demon Deacons,Miami Hurricanes,betus,20.5,,55.5,,900.0,-1600.0,2026-09-18T23:30:00Z,-110.0,-110.0
2026-09-18T13:20:12.438497-04:00,odds_api,401858226,Wake Forest Demon Deacons,Miami Hurricanes,bovada,20.5,,55.5,,850.0,-1800.0,2026-09-18T23:30:00Z,-115.0,-110.0
2026-09-18T13:20:12.438497-04:00,odds_api,401856811,Texas Tech Red Raiders,Houston Cougars,fanduel,-7.5,,52.5,,-320.0,255.0,2026-09-19T00:00:00Z,-115.0,-110.0
2026-09-18T13:20:12.438497-04:00,odds_api,401856811,Texas Tech Red Raiders,Houston Cougars,draftkings,-7.5,,52.5,,-325.0,260.0,2026-09-19T00:00:00Z,-108.0,-108.0
2026-09-18T13:20:12.438497-04:00,odds_api,401856811,Texas Tech Red Raiders,Houston Cougars,betrivers,-7.5,,53.0,,-335.0,245.0,2026-09-19T00:00:00Z,-114.0,-110.0
2026-09-18T13:20:12.438497-04:00,odds_api,401856811,Texas Tech Red Raiders,Houston Cougars,lowvig,-7.5,,52.5,,-320.0,260.0,2026-09-19T00:00:00Z,-105.0,-108.0
2026-09-18T13:20:12.438497-04:00,odds_api,401856811,Texas Tech Red Raiders,Houston Cougars,betonlineag,-7.5,,52.5,,-320.0,260.0,2026-09-19T00:00:00Z,-112.0,-110.0
2026-09-18T13:20:12.438497-04:00,odds_api,401856811,Texas Tech Red Raiders,Houston Cougars,betmgm,-7.5,,52.5,,-325.0,260.0,2026-09-19T00:00:00Z,-108.0,-108.0
2026-09-18T13:20:12.438497-04:00,odds_api,401856811,Texas Tech Red Raiders,Houston Cougars,betus,-7.5,,52.5,,-310.0,255.0,2026-09-19T00:00:00Z,-110.0,-110.0
2026-09-18T13:20:12.438497-04:00,odds_api,401856811,Texas Tech Red Raiders,Houston Cougars,bovada,-8.0,,52.5,,-340.0,270.0,2026-09-19T00:00:00Z,-105.0,-110.0
2026-09-18T13:20:12.438497-04:00,odds_api,401858455,Oregon Ducks,Portland State Vikings,fanduel,-58.5,,70.5,,,,2026-09-19T02:30:00Z,-115.0,-106.0
2026-09-18T13:20:12.438497-04:00,odds_api,401858455,Oregon Ducks,Portland State Vikings,betrivers,-58.5,,70.5,,,,2026-09-19T02:30:00Z,-114.0,-109.0
2026-09-18T13:20:12.438497-04:00,odds_api,401858455,Oregon Ducks,Portland State Vikings,draftkings,-58.5,,69.5,,,,2026-09-19T02:30:00Z,-110.0,-120.0
2026-09-18T13:20:12.438497-04:00,odds_api,401858455,Oregon Ducks,Portland State Vikings,betonlineag,-58.5,,70.5,,,,2026-09-19T02:30:00Z,-115.0,-110.0
2026-09-18T13:20:12.438497-04:00,odds_api,401858455,Oregon Ducks,Portland State Vikings,lowvig,-58.5,,70.5,,,,2026-09-19T02:30:00Z,-115.0,-110.0
2026-09-18T13:20:12.438497-04:00,odds_api,401858455,Oregon Ducks,Portland State Vikings,betmgm,-58.5,,69.5,,,,2026-09-19T02:30:00Z,-112.0,-115.0
2026-09-18T13:20:12.438497-04:00,odds_api,401858455,Oregon Ducks,Portland State Vikings,bovada,-57.5,,70.0,,,,2026-09-19T02:30:00Z,-125.0,-115.0
2026-09-18T13:20:12.438497-04:00,odds_api,401869940,Delaware Blue Hens,Coastal Carolina Chanticleers,fanduel,-4.5,,57.5,,-220.0,180.0,2026-09-19T15:30:00Z,-118.0,-108.0
2026-09-18T13:20:12.438497-04:00,odds_api,401869940,Delaware Blue Hens,Coastal Carolina Chanticleers,betrivers,-4.5,,57.5,,-195.0,155.0,2026-09-19T15:30:00Z,-109.0,-110.0
2026-09-18T13:20:12.438497-04:00,odds_api,401869940,Delaware Blue Hens,Coastal Carolina Chanticleers,draftkings,-5.5,,57.5,,-198.0,164.0,2026-09-19T15:30:00Z,-105.0,-108.0
2026-09-18T13:20:12.438497-04:00,odds_api,401869940,Delaware Blue Hens,Coastal Carolina Chanticleers,betonlineag,-4.5,,57.5,,-205.0,177.0,2026-09-19T15:30:00Z,-120.0,-110.0
2026-09-18T13:20:12.438497-04:00,odds_api,401869940,Delaware Blue Hens,Coastal Carolina Chanticleers,lowvig,-4.5,,57.5,,-205.0,177.0,2026-09-19T15:30:00Z,-116.0,-108.0
2026-09-18T13:20:12.438497-04:00,odds_api,401869940,Delaware Blue Hens,Coastal Carolina Chanticleers,betmgm,-5.5,,57.5,,-210.0,170.0,2026-09-19T15:30:00Z,-108.0,-108.0
2026-09-18T13:20:12.438497-04:00,odds_api,401869940,Delaware Blue Hens,Coastal Carolina Chanticleers,betus,-5.0,,57.5,,-205.0,175.0,2026-09-19T15:30:00Z,-110.0,-110.0
2026-09-18T13:20:12.438497-04:00,odds_api,401869940,Delaware Blue Hens,Coastal Carolina Chanticleers,bovada,-5.0,,57.5,,-210.0,175.0,2026-09-19T15:30:00Z,-110.0,-110.0
2026-09-18T13:20:12.438497-04:00,odds_api,401858451,Minnesota Golden Gophers,Akron Zips,fanduel,-23.5,,49.5,,-4000.0,1400.0,2026-09-19T16:00:00Z,-110.0,-105.0
2026-09-18T13:20:12.438497-04:00,odds_api,401858451,Minnesota Golden Gophers,Akron Zips,draftkings,-23.5,,49.5,,-3200.0,1400.0,2026-09-19T16:00:00Z,-102.0,-108.0
2026-09-18T13:20:12.438497-04:00,odds_api,401858451,Minnesota Golden Gophers,Akron Zips,betrivers,-23.5,,49.5,,-10000.0,1400.0,2026-09-19T16:00:00Z,-114.0,-115.0
2026-09-18T13:20:12.438497-04:00,odds_api,401858451,Minnesota Golden Gophers,Akron Zips,lowvig,-23.0,,49.0,,-3500.0,1356.0,2026-09-19T16:00:00Z,-101.0,-108.0
2026-09-18T13:20:12.438497-04:00,odds_api,401858451,Minnesota Golden Gophers,Akron Zips,betonlineag,-23.0,,49.0,,-3500.0,1356.0,2026-09-19T16:00:00Z,-105.0,-110.0
2026-09-18T13:20:12.438497-04:00,odds_api,401858451,Minnesota Golden Gophers,Akron Zips,betmgm,-23.0,,49.5,,-3000.0,1550.0,2026-09-19T16:00:00Z,-108.0,-105.0
2026-09-18T13:20:12.438497-04:00,odds_api,401858451,Minnesota Golden Gophers,Akron Zips,betus,-23.0,,49.0,,-3500.0,1500.0,2026-09-19T16:00:00Z,-110.0,-110.0
2026-09-18T13:20:12.438497-04:00,odds_api,401858451,Minnesota Golden Gophers,Akron Zips,bovada,-23.5,,49.0,,-3500.0,1100.0,2026-09-19T16:00:00Z,-110.0,-110.0
2026-09-18T13:20:12.438497-04:00,odds_api,401856686,Arkansas Razorbacks,Georgia Bulldogs,fanduel,24.5,,54.5,,1500.0,-4000.0,2026-09-19T16:00:00Z,-105.0,-110.0
2026-09-18T13:20:12.438497-04:00,odds_api,401856686,Arkansas Razorbacks,Georgia Bulldogs,draftkings,24.5,,54.5,,1300.0,-2800.0,2026-09-19T16:00:00Z,-108.0,-118.0
2026-09-18T13:20:12.438497-04:00,odds_api,401856686,Arkansas Razorbacks,Georgia Bulldogs,betrivers,24.5,,54.0,,1400.0,-10000.0,2026-09-19T16:00:00Z,-109.0,-113.0
2026-09-18T13:20:12.438497-04:00,odds_api,401856686,Arkansas Razorbacks,Georgia Bulldogs,lowvig,24.5,,54.5,,1296.0,-3200.0,2026-09-19T16:00:00Z,-101.0,-114.0
2026-09-18T13:20:12.438497-04:00,odds_api,401856686,Arkansas Razorbacks,Georgia Bulldogs,betonlineag,24.5,,54.5,,1296.0,-3200.0,2026-09-19T16:00:00Z,-105.0,-115.0
2026-09-18T13:20:12.438497-04:00,odds_api,401856686,Arkansas Razorbacks,Georgia Bulldogs,betmgm,24.5,,54.5,,1550.0,-3000.0,2026-09-19T16:00:00Z,-110.0,-112.0
2026-09-18T13:20:12.438497-04:00,odds_api,401856686,Arkansas Razorbacks,Georgia Bulldogs,betus,25.0,,55.0,,1350.0,-3200.0,2026-09-19T16:00:00Z,-110.0,-110.0
2026-09-18T13:20:12.438497-04:00,odds_api,401856686,Arkansas Razorbacks,Georgia Bulldogs,bovada,24.5,,55.0,,1100.0,-3300.0,2026-09-19T16:00:00Z,-105.0,-105.0
2026-09-18T13:20:12.438497-04:00,odds_api,401856798,Iowa State Cyclones,Bowling Green Falcons,fanduel,-23.5,,43.5,,-4500.0,1600.0,2026-09-19T16:00:00Z,-120.0,-115.0
2026-09-18T13:20:12.438497-04:00,odds_api,401856798,Iowa State Cyclones,Bowling Green Falcons,betrivers,-24.0,,43.5,,-5000.0,1200.0,2026-09-19T16:00:00Z,-110.0,-120.0
2026-09-18T13:20:12.438497-04:00,odds_api,401856798,Iowa State Cyclones,Bowling Green Falcons,draftkings,-23.5,,43.5,,-2400.0,1200.0,2026-09-19T16:00:00Z,-120.0,-115.0
2026-09-18T13:20:12.438497-04:00,odds_api,401856798,Iowa State Cyclones,Bowling Green Falcons,lowvig,-24.0,,43.5,,-2400.0,1136.0,2026-09-19T16:00:00Z,-101.0,-114.0
2026-09-18T13:20:12.438497-04:00,odds_api,401856798,Iowa State Cyclones,Bowling Green Falcons,betonlineag,-24.0,,43.5,,-2400.0,1136.0,2026-09-19T16:00:00Z,-107.0,-115.0
2026-09-18T13:20:12.438497-04:00,odds_api,401856798,Iowa State Cyclones,Bowling Green Falcons,betmgm,-24.0,,43.5,,-2500.0,1400.0,2026-09-19T16:00:00Z,-105.0,-112.0
2026-09-18T13:20:12.438497-04:00,odds_api,401856798,Iowa State Cyclones,Bowling Green Falcons,betus,-24.0,,43.5,,-2400.0,1150.0,2026-09-19T16:00:00Z,-110.0,-110.0
2026-09-18T13:20:12.438497-04:00,odds_api,401856798,Iowa State Cyclones,Bowling Green Falcons,bovada,-23.5,,43.5,,-2200.0,1000.0,2026-09-19T16:00:00Z,-115.0,-110.0
2026-09-18T13:20:12.438497-04:00,odds_api,401858456,Penn State Nittany Lions,Buffalo Bulls,fanduel,-40.5,,49.5,,,,2026-09-19T16:00:00Z,-115.0,-106.0
2026-09-18T13:20:12.438497-04:00,odds_api,401858456,Penn State Nittany Lions,Buffalo Bulls,draftkings,-40.5,,49.5,,,,2026-09-19T16:00:00Z,-118.0,-115.0
2026-09-18T13:20:12.438497-04:00,odds_api,401858456,Penn State Nittany Lions,Buffalo Bulls,betonlineag,-41.0,,50.0,,,,2026-09-19T16:00:00Z,-112.0,-110.0
2026-09-18T13:20:12.438497-04:00,odds_api,401858456,Penn State Nittany Lions,Buffalo Bulls,lowvig,-41.0,,50.0,,,,2026-09-19T16:00:00Z,-108.0,-108.0
2026-09-18T13:20:12.438497-04:00,odds_api,401858456,Penn State Nittany Lions,Buffalo Bulls,betrivers,-40.5,,49.5,,,,2026-09-19T16:00:00Z,-114.0,-114.0
2026-09-18T13:20:12.438497-04:00,odds_api,401858456,Penn State Nittany Lions,Buffalo Bulls,betmgm,-41.5,,49.5,,,,2026-09-19T16:00:00Z,-108.0,-110.0
2026-09-18T13:20:12.438497-04:00,odds_api,401858456,Penn State Nittany Lions,Buffalo Bulls,betus,-41.0,,50.0,,,,2026-09-19T16:00:00Z,-110.0,-110.0
2026-09-18T13:20:12.438497-04:00,odds_api,401858456,Penn State Nittany Lions,Buffalo Bulls,bovada,-41.0,,49.5,,,,2026-09-19T16:00:00Z,-105.0,-110.0
2026-09-18T13:20:12.438497-04:00,odds_api,401858229,Clemson Tigers,North Carolina Tar Heels,draftkings,-3.0,,44.5,,-166.0,140.0,2026-09-19T16:00:00Z,-112.0,-105.0
2026-09-18T13:20:12.438497-04:00,odds_api,401858229,Clemson Tigers,North Carolina Tar Heels,fanduel,-3.5,,43.5,,-164.0,136.0,2026-09-19T16:00:00Z,-102.0,-115.0
2026-09-18T13:20:12.438497-04:00,odds_api,401858229,Clemson Tigers,North Carolina Tar Heels,betrivers,-3.5,,43.5,,-167.0,135.0,2026-09-19T16:00:00Z,-107.0,-113.0
2026-09-18T13:20:12.438497-04:00,odds_api,401858229,Clemson Tigers,North Carolina Tar Heels,lowvig,-3.0,,44.0,,,,2026-09-19T16:00:00Z,-106.0,-108.0
2026-09-18T13:20:12.438497-04:00,odds_api,401858229,Clemson Tigers,North Carolina Tar Heels,betonlineag,-3.0,,44.0,,,,2026-09-19T16:00:00Z,-110.0,-110.0
2026-09-18T13:20:12.438497-04:00,odds_api,401858229,Clemson Tigers,North Carolina Tar Heels,betmgm,-3.0,,43.5,,-165.0,138.0,2026-09-19T16:00:00Z,-115.0,-118.0
2026-09-18T13:20:12.438497-04:00,odds_api,401858229,Clemson Tigers,North Carolina Tar Heels,betus,-3.0,,44.0,,-160.0,138.0,2026-09-19T16:00:00Z,-110.0,-110.0
2026-09-18T13:20:12.438497-04:00,odds_api,401858229,Clemson Tigers,North Carolina Tar Heels,bovada,-3.0,,44.0,,-160.0,135.0,2026-09-19T16:00:00Z,-115.0,-110.0
2026-09-18T13:20:12.438497-04:00,odds_api,401858228,Georgia Tech Yellow Jackets,Mercer Bears,fanduel,-39.5,,59.5,,,,2026-09-19T16:00:00Z,-110.0,-106.0
2026-09-18T13:20:12.438497-04:00,odds_api,401858228,Georgia Tech Yellow Jackets,Mercer Bears,betrivers,-40.5,,59.5,,,,2026-09-19T16:00:00Z,-110.0,-115.0
2026-09-18T13:20:12.438497-04:00,odds_api,401858228,Georgia Tech Yellow Jackets,Mercer Bears,draftkings,-38.5,,58.5,,,,2026-09-19T16:00:00Z,-110.0,-110.0
2026-09-18T13:20:12.438497-04:00,odds_api,401858228,Georgia Tech Yellow Jackets,Mercer Bears,betonlineag,-39.5,,59.5,,,,2026-09-19T16:00:00Z,-125.0,-115.0
2026-09-18T13:20:12.438497-04:00,odds_api,401858228,Georgia Tech Yellow Jackets,Mercer Bears,lowvig,-39.5,,59.5,,,,2026-09-19T16:00:00Z,-125.0,-115.0
2026-09-18T13:20:12.438497-04:00,odds_api,401858228,Georgia Tech Yellow Jackets,Mercer Bears,betmgm,-39.5,,59.5,,,,2026-09-19T16:00:00Z,-110.0,-105.0
2026-09-18T13:20:12.438497-04:00,odds_api,401858228,Georgia Tech Yellow Jackets,Mercer Bears,bovada,-38.5,,59.5,,,,2026-09-19T16:00:00Z,-115.0,-110.0
2026-09-18T13:20:12.438497-04:00,odds_api,401856792,Kansas State Wildcats,Tulane Green Wave,fanduel,-20.5,,49.5,,-2000.0,980.0,2026-09-19T16:00:00Z,-110.0,-115.0
2026-09-18T13:20:12.438497-04:00,odds_api,401856792,Kansas State Wildcats,Tulane Green Wave,betrivers,-21.0,,49.5,,-2500.0,950.0,2026-09-19T16:00:00Z,-109.0,-112.0
2026-09-18T13:20:12.438497-04:00,odds_api,401856792,Kansas State Wildcats,Tulane Green Wave,draftkings,-20.5,,49.5,,-1450.0,850.0,2026-09-19T16:00:00Z,-108.0,-112.0
2026-09-18T13:20:12.438497-04:00,odds_api,401856792,Kansas State Wildcats,Tulane Green Wave,betonlineag,-20.5,,50.0,,-1400.0,836.0,2026-09-19T16:00:00Z,-110.0,-115.0
2026-09-18T13:20:12.438497-04:00,odds_api,401856792,Kansas State Wildcats,Tulane Green Wave,lowvig,-20.5,,50.0,,-1400.0,836.0,2026-09-19T16:00:00Z,-106.0,-114.0
2026-09-18T13:20:12.438497-04:00,odds_api,401856792,Kansas State Wildcats,Tulane Green Wave,betmgm,-20.5,,49.5,,-1400.0,950.0,2026-09-19T16:00:00Z,-108.0,-120.0
2026-09-18T13:20:12.438497-04:00,odds_api,401856792,Kansas State Wildcats,Tulane Green Wave,betus,-20.5,,50.0,,-1400.0,825.0,2026-09-19T16:00:00Z,-110.0,-115.0
2026-09-18T13:20:12.438497-04:00,odds_api,401856792,Kansas State Wildcats,Tulane Green Wave,bovada,-20.5,,49.5,,-1500.0,775.0,2026-09-19T16:00:00Z,-110.0,-115.0
2026-09-18T13:20:12.438497-04:00,odds_api,401858454,Ohio State Buckeyes,Kent State Golden Flashes,draftkings,-52.5,,59.5,,,,2026-09-19T16:00:00Z,-105.0,-102.0
2026-09-18T13:20:12.438497-04:00,odds_api,401858454,Ohio State Buckeyes,Kent State Golden Flashes,lowvig,-52.5,,59.0,,,,2026-09-19T16:00:00Z,-106.0,-108.0
2026-09-18T13:20:12.438497-04:00,odds_api,401858454,Ohio State Buckeyes,Kent State Golden Flashes,betonlineag,-52.5,,59.0,,,,2026-09-19T16:00:00Z,-110.0,-110.0
2026-09-18T13:20:12.438497-04:00,odds_api,401858454,Ohio State Buckeyes,Kent State Golden Flashes,betrivers,-53.0,,59.5,,,,2026-09-19T16:00:00Z,-110.0,-113.0
2026-09-18T13:20:12.438497-04:00,odds_api,401858454,Ohio State Buckeyes,Kent State Golden Flashes,betmgm,-52.5,,59.5,,,,2026-09-19T16:00:00Z,-108.0,-105.0
2026-09-18T13:20:12.438497-04:00,odds_api,401858454,Ohio State Buckeyes,Kent State Golden Flashes,betus,-52.5,,59.0,,,,2026-09-19T16:00:00Z,-110.0,-110.0
2026-09-18T13:20:12.438497-04:00,odds_api,401858454,Ohio State Buckeyes,Kent State Golden Flashes,fanduel,-52.5,,59.5,,,,2026-09-19T16:00:00Z,-112.0,-114.0
2026-09-18T13:20:12.438497-04:00,odds_api,401858454,Ohio State Buckeyes,Kent State Golden Flashes,bovada,-53.0,,58.5,,,,2026-09-19T16:00:00Z,100.0,-120.0
2026-09-18T13:20:12.438497-04:00,odds_api,401860889,Texas State Bobcats,North Texas Mean Green,fanduel,-2.5,,62.5,,-144.0,120.0,2026-09-19T16:00:00Z,-120.0,-110.0
2026-09-18T13:20:12.438497-04:00,odds_api,401860889,Texas State Bobcats,North Texas Mean Green,betrivers,-3.0,,63.5,,-155.0,125.0,2026-09-19T16:00:00Z,-110.0,-112.0
2026-09-18T13:20:12.438497-04:00,odds_api,401860889,Texas State Bobcats,North Texas Mean Green,draftkings,-2.5,,62.5,,-142.0,120.0,2026-09-19T16:00:00Z,-115.0,-108.0
2026-09-18T13:20:12.438497-04:00,odds_api,401860889,Texas State Bobcats,North Texas Mean Green,lowvig,-2.5,,62.5,,-143.0,123.0,2026-09-19T16:00:00Z,-111.0,-103.0
2026-09-18T13:20:12.438497-04:00,odds_api,401860889,Texas State Bobcats,North Texas Mean Green,betonlineag,-2.5,,62.5,,-143.0,123.0,2026-09-19T16:00:00Z,-115.0,-105.0
2026-09-18T13:20:12.438497-04:00,odds_api,401860889,Texas State Bobcats,North Texas Mean Green,betmgm,-3.0,,62.5,,-140.0,120.0,2026-09-19T16:00:00Z,-108.0,-112.0
2026-09-18T13:20:12.438497-04:00,odds_api,401860889,Texas State Bobcats,North Texas Mean Green,betus,-2.5,,62.0,,-145.0,125.0,2026-09-19T16:00:00Z,-110.0,-110.0
2026-09-18T13:20:12.438497-04:00,odds_api,401860889,Texas State Bobcats,North Texas Mean Green,bovada,-2.5,,62.5,,-140.0,120.0,2026-09-19T16:00:00Z,-120.0,-105.0
2026-09-18T13:20:12.438497-04:00,odds_api,401858460,Wisconsin Badgers,Eastern Michigan Eagles,fanduel,-23.5,,44.5,,-4500.0,1600.0,2026-09-19T16:30:00Z,-115.0,-115.0
2026-09-18T13:20:12.438497-04:00,odds_api,401858460,Wisconsin Badgers,Eastern Michigan Eagles,draftkings,-23.5,,44.5,,-2400.0,1200.0,2026-09-19T16:30:00Z,-112.0,-112.0
2026-09-18T13:20:12.438497-04:00,odds_api,401858460,Wisconsin Badgers,Eastern Michigan Eagles,betrivers,-22.5,,44.5,,-2000.0,900.0,2026-09-19T16:30:00Z,-110.0,-117.0
2026-09-18T13:20:12.438497-04:00,odds_api,401858460,Wisconsin Badgers,Eastern Michigan Eagles,lowvig,-23.5,,44.5,,-2600.0,1176.0,2026-09-19T16:30:00Z,-112.0,-108.0
2026-09-18T13:20:12.438497-04:00,odds_api,401858460,Wisconsin Badgers,Eastern Michigan Eagles,betonlineag,-23.5,,44.5,,-2600.0,1176.0,2026-09-19T16:30:00Z,-116.0,-110.0
2026-09-18T13:20:12.438497-04:00,odds_api,401858460,Wisconsin Badgers,Eastern Michigan Eagles,betmgm,-23.5,,44.5,,-2500.0,1400.0,2026-09-19T16:30:00Z,-110.0,-110.0
2026-09-18T13:20:12.438497-04:00,odds_api,401858460,Wisconsin Badgers,Eastern Michigan Eagles,betus,-23.5,,44.5,,-2600.0,1200.0,2026-09-19T16:30:00Z,-115.0,-110.0
2026-09-18T13:20:12.438497-04:00,odds_api,401858460,Wisconsin Badgers,Eastern Michigan Eagles,bovada,-23.5,,45.0,,-2500.0,1000.0,2026-09-19T16:30:00Z,-110.0,-105.0
2026-09-18T13:20:12.438497-04:00,odds_api,401856695,Vanderbilt Commodores,NC State Wolfpack,fanduel,-3.5,,50.5,,-166.0,138.0,2026-09-19T16:45:00Z,-110.0,-110.0
2026-09-18T13:20:12.438497-04:00,odds_api,401856695,Vanderbilt Commodores,NC State Wolfpack,betrivers,-3.0,,50.5,,-162.0,128.0,2026-09-19T16:45:00Z,-115.0,-112.0
2026-09-18T13:20:12.438497-04:00,odds_api,401856695,Vanderbilt Commodores,NC State Wolfpack,draftkings,-3.0,,50.5,,-162.0,136.0,2026-09-19T16:45:00Z,-115.0,-112.0
2026-09-18T13:20:12.438497-04:00,odds_api,401856695,Vanderbilt Commodores,NC State Wolfpack,betonlineag,-3.0,,50.5,,-158.0,138.0,2026-09-19T16:45:00Z,-115.0,-110.0
2026-09-18T13:20:12.438497-04:00,odds_api,401856695,Vanderbilt Commodores,NC State Wolfpack,lowvig,-3.0,,50.5,,-158.0,138.0,2026-09-19T16:45:00Z,-111.0,-108.0
2026-09-18T13:20:12.438497-04:00,odds_api,401856695,Vanderbilt Commodores,NC State Wolfpack,betmgm,-3.5,,50.5,,-165.0,135.0,2026-09-19T16:45:00Z,-105.0,-110.0
2026-09-18T13:20:12.438497-04:00,odds_api,401856695,Vanderbilt Commodores,NC State Wolfpack,betus,-3.0,,50.5,,-160.0,138.0,2026-09-19T16:45:00Z,-115.0,-110.0
2026-09-18T13:20:12.438497-04:00,odds_api,401856695,Vanderbilt Commodores,NC State Wolfpack,bovada,-3.0,,50.5,,-165.0,140.0,2026-09-19T16:45:00Z,-115.0,-110.0
2026-09-18T13:20:12.438497-04:00,odds_api,401864508,Central Michigan Chippewas,Wyoming Cowboys,fanduel,1.5,,38.5,,-106.0,-113.0,2026-09-19T17:00:00Z,-115.0,-110.0
2026-09-18T13:20:12.438497-04:00,odds_api,401864508,Central Michigan Chippewas,Wyoming Cowboys,draftkings,1.5,,38.5,,-108.0,-112.0,2026-09-19T17:00:00Z,-115.0,-112.0
2026-09-18T13:20:12.438497-04:00,odds_api,401864508,Central Michigan Chippewas,Wyoming Cowboys,lowvig,0.0,,38.5,,,,2026-09-19T17:00:00Z,-104.0,-108.0
2026-09-18T13:20:12.438497-04:00,odds_api,401864508,Central Michigan Chippewas,Wyoming Cowboys,betonlineag,0.0,,38.5,,,,2026-09-19T17:00:00Z,-108.0,-110.0
2026-09-18T13:20:12.438497-04:00,odds_api,401864508,Central Michigan Chippewas,Wyoming Cowboys,betrivers,1.0,,39.5,,-108.0,-115.0,2026-09-19T17:00:00Z,-113.0,-108.0
2026-09-18T13:20:12.438497-04:00,odds_api,401864508,Central Michigan Chippewas,Wyoming Cowboys,betmgm,1.0,,38.5,,-105.0,-115.0,2026-09-19T17:00:00Z,-108.0,-110.0
2026-09-18T13:20:12.438497-04:00,odds_api,401864508,Central Michigan Chippewas,Wyoming Cowboys,betus,0.0,,38.5,,,,2026-09-19T17:00:00Z,-110.0,-110.0
2026-09-18T13:20:12.438497-04:00,odds_api,401864508,Central Michigan Chippewas,Wyoming Cowboys,bovada,1.0,,39.0,,-110.0,-110.0,2026-09-19T17:00:00Z,-115.0,-110.0
2026-09-18T18:16:24.799134-04:00,cfbd,401858230,Louisville,SMU,DraftKings,-1.5,-1.5,58.5,56.5,-118.0,-102.0,,,
2026-09-18T18:16:24.799134-04:00,cfbd,401858230,Louisville,SMU,Bovada,-1.5,-1.0,58.5,59.5,-115.0,-105.0,,,
2026-09-18T18:16:24.799134-04:00,cfbd,401856685,Alabama,Florida State,DraftKings,-19.5,-15.5,49.5,52.5,-1350.0,800.0,,,
2026-09-18T18:16:24.799134-04:00,cfbd,401856685,Alabama,Florida State,Bovada,-20.0,-20.5,50.0,49.0,-1500.0,775.0,,,
2026-09-18T18:16:24.799134-04:00,cfbd,401856811,Texas Tech,Houston,DraftKings,-7.5,-13.5,52.5,,-310.0,250.0,,,
2026-09-18T18:16:24.799134-04:00,cfbd,401856811,Texas Tech,Houston,Bovada,-7.5,-8.5,52.0,53.0,-300.0,270.0,,,
2026-09-18T18:16:24.799134-04:00,cfbd,401858229,Clemson,North Carolina,DraftKings,-3.0,-9.5,43.5,44.5,-166.0,140.0,,,
2026-09-18T18:16:24.799134-04:00,cfbd,401858229,Clemson,North Carolina,Bovada,-3.0,-3.0,44.0,44.5,-170.0,135.0,,,
2026-09-18T18:16:24.799134-04:00,cfbd,401856686,Arkansas,Georgia,DraftKings,24.5,17.5,54.5,52.5,1300.0,-2800.0,,,
2026-09-18T18:16:24.799134-04:00,cfbd,401856686,Arkansas,Georgia,Bovada,24.5,24.5,55.0,54.0,1100.0,-3300.0,,,
2026-09-18T18:16:24.799134-04:00,cfbd,401856691,South Carolina,Mississippi State,DraftKings,-4.0,-7.5,58.5,54.5,-180.0,150.0,,,
2026-09-18T18:16:24.799134-04:00,cfbd,401856691,South Carolina,Mississippi State,Bovada,-3.5,-3.5,59.0,58.5,-165.0,140.0,,,
2026-09-18T18:16:24.799134-04:00,cfbd,401858226,Wake Forest,Miami,DraftKings,20.5,19.5,55.5,50.5,900.0,-1600.0,,,
2026-09-18T18:16:24.799134-04:00,cfbd,401858226,Wake Forest,Miami,Bovada,20.0,21.0,55.5,55.0,900.0,-1900.0,,,
2026-09-18T18:16:24.799134-04:00,cfbd,401856812,Kansas,Arizona State,DraftKings,5.5,5.5,50.5,56.5,170.0,-205.0,,,
2026-09-18T18:16:24.799134-04:00,cfbd,401856812,Kansas,Arizona State,Bovada,5.5,6.5,50.5,53.0,190.0,-230.0,,,
2026-09-18T18:16:24.799134-04:00,cfbd,401869940,Delaware,Coastal Carolina,DraftKings,-5.5,-4.5,57.5,58.5,-205.0,170.0,,,
2026-09-18T18:16:24.799134-04:00,cfbd,401869940,Delaware,Coastal Carolina,Bovada,-5.0,-5.0,57.5,57.5,-210.0,175.0,,,
2026-09-18T18:16:24.799134-04:00,cfbd,401858456,Penn State,Buffalo,DraftKings,-40.5,-39.5,49.5,48.5,,,,,
2026-09-18T18:16:24.799134-04:00,cfbd,401858456,Penn State,Buffalo,Bovada,-41.0,-38.5,49.5,47.5,,,,,
2026-09-18T18:16:24.799134-04:00,cfbd,401856792,Kansas State,Tulane,DraftKings,-20.5,-20.5,49.5,49.5,-1450.0,850.0,,,
2026-09-18T18:16:24.799134-04:00,cfbd,401856792,Kansas State,Tulane,Bovada,-20.5,-19.5,49.5,49.5,-1300.0,725.0,,,
2026-09-18T18:16:24.799134-04:00,cfbd,401858454,Ohio State,Kent State,DraftKings,-52.5,-52.5,59.5,56.5,,,,,
2026-09-18T18:16:24.799134-04:00,cfbd,401858454,Ohio State,Kent State,Bovada,-53.0,-53.0,58.5,58.5,,,,,
2026-09-18T18:16:24.799134-04:00,cfbd,401856694,Texas A&M,Kentucky,DraftKings,-16.5,-15.5,49.5,48.5,-850.0,575.0,,,
2026-09-18T18:16:24.799134-04:00,cfbd,401856694,Texas A&M,Kentucky,Bovada,-17.5,-16.0,49.5,49.0,-750.0,500.0,,,
2026-09-18T18:16:24.799134-04:00,cfbd,401860889,Texas State,North Texas,DraftKings,-2.5,-3.0,62.5,63.5,-142.0,120.0,,,
2026-09-18T18:16:24.799134-04:00,cfbd,401860889,Texas State,North Texas,Bovada,-2.5,-3.0,62.5,63.5,-150.0,130.0,,,
2026-09-18T18:16:24.799134-04:00,cfbd,401856798,Iowa State,Bowling Green,Bovada,-23.5,-23.0,43.5,46.0,-2200.0,1000.0,,,
2026-09-18T18:16:24.799134-04:00,cfbd,401856798,Iowa State,Bowling Green,DraftKings,-23.5,-22.5,43.5,45.5,-2400.0,1200.0,,,
2026-09-18T18:16:24.799134-04:00,cfbd,401858449,Indiana,Western Kentucky,DraftKings,-44.5,-44.5,60.5,59.5,,,,,
2026-09-18T18:16:24.799134-04:00,cfbd,401858449,Indiana,Western Kentucky,Bovada,-44.5,-44.0,61.0,59.5,,,,,
2026-09-18T18:16:24.799134-04:00,cfbd,401856801,Utah,Utah State,DraftKings,-27.5,-27.5,56.5,57.5,-5000.0,1800.0,,,
2026-09-18T18:16:24.799134-04:00,cfbd,401856801,Utah,Utah State,Bovada,-27.5,-28.0,56.5,57.0,-7000.0,1300.0,,,
2026-09-18T18:16:24.799134-04:00,cfbd,401858460,Wisconsin,Eastern Michigan,Bovada,-23.5,-24.5,45.0,46.0,-3300.0,1100.0,,,
2026-09-18T18:16:24.799134-04:00,cfbd,401858460,Wisconsin,Eastern Michigan,DraftKings,-23.5,-24.5,44.5,45.5,-2400.0,1200.0,,,
2026-09-18T18:16:24.799134-04:00,cfbd,401858448,Illinois,Southern Illinois,DraftKings,-38.5,-41.5,55.5,54.5,,,,,
2026-09-18T18:16:24.799134-04:00,cfbd,401858448,Illinois,Southern Illinois,Bovada,-38.5,-38.5,55.5,55.5,,,,,
2026-09-18T18:16:24.799134-04:00,cfbd,401867804,Baylor,Louisiana Tech,Bovada,-20.0,-19.0,49.5,55.0,-1100.0,650.0,,,
2026-09-18T18:16:24.799134-04:00,cfbd,401867804,Baylor,Louisiana Tech,DraftKings,-20.5,-17.5,49.5,55.5,-1350.0,800.0,,,
2026-09-18T18:16:24.799134-04:00,cfbd,401864508,Central Michigan,Wyoming,Bovada,1.0,-1.5,39.0,39.5,-120.0,100.0,,,
2026-09-18T18:16:24.799134-04:00,cfbd,401864508,Central Michigan,Wyoming,DraftKings,1.5,-2.5,38.5,39.5,-108.0,-112.0,,,
2026-09-18T18:16:24.799134-04:00,cfbd,401856797,Cincinnati,Miami (OH),DraftKings,-15.5,-15.5,49.5,49.5,-750.0,525.0,,,
2026-09-18T18:16:24.799134-04:00,cfbd,401856797,Cincinnati,Miami (OH),Bovada,-15.5,-14.5,49.5,51.0,-675.0,460.0,,,
2026-09-18T18:16:24.799134-04:00,cfbd,401858231,Duke,Stanford,DraftKings,-10.0,-10.0,50.5,50.5,-395.0,310.0,,,
2026-09-18T18:16:24.799134-04:00,cfbd,401858231,Duke,Stanford,Bovada,-10.0,-9.5,51.0,51.0,-370.0,285.0,,,
2026-09-18T18:16:24.799134-04:00,cfbd,401864574,App State,Charlotte,Bovada,-17.0,-20.5,53.0,50.5,-1600.0,800.0,,,
2026-09-18T18:16:24.799134-04:00,cfbd,401864574,App State,Charlotte,DraftKings,-17.5,-19.5,52.5,53.5,-1100.0,700.0,,,
2026-09-18T18:16:24.799134-04:00,cfbd,401858457,Rutgers,USC,DraftKings,21.5,24.5,57.5,57.5,1100.0,-2100.0,,,
2026-09-18T18:16:24.799134-04:00,cfbd,401858457,Rutgers,USC,Bovada,22.0,24.5,58.5,57.5,1100.0,-3300.0,,,
2026-09-18T18:16:24.799134-04:00,cfbd,401858455,Oregon,Portland State,DraftKings,-58.5,-57.5,71.5,66.5,,,,,
2026-09-18T18:16:24.799134-04:00,cfbd,401858455,Oregon,Portland State,Bovada,-58.5,-57.5,71.5,68.0,,,,,
2026-09-18T18:16:24.799134-04:00,cfbd,401862710,Old Dominion,East Carolina,Bovada,-2.5,-3.0,49.0,49.5,-145.0,125.0,,,
2026-09-18T18:16:24.799134-04:00,cfbd,401862710,Old Dominion,East Carolina,DraftKings,-3.0,-2.5,48.5,49.5,-148.0,124.0,,,
2026-09-18T18:16:24.799134-04:00,cfbd,401856695,Vanderbilt,NC State,DraftKings,-3.0,-4.0,50.5,54.5,-162.0,136.0,,,
2026-09-18T18:16:24.799134-04:00,cfbd,401856695,Vanderbilt,NC State,Bovada,-3.5,-4.0,50.5,52.5,-185.0,160.0,,,
2026-09-18T18:16:24.799134-04:00,cfbd,401862774,Toledo,Temple,DraftKings,-6.0,-4.0,49.5,52.5,-230.0,190.0,,,
2026-09-18T18:16:24.799134-04:00,cfbd,401862774,Toledo,Temple,Bovada,-6.0,-5.0,49.0,51.0,-210.0,175.0,,,
2026-09-18T18:16:24.799134-04:00,cfbd,401858451,Minnesota,Akron,DraftKings,-23.5,-26.5,48.5,48.5,-3200.0,1400.0,,,
2026-09-18T18:16:24.799134-04:00,cfbd,401858451,Minnesota,Akron,Bovada,-23.5,-26.5,49.0,49.0,-5000.0,1300.0,,,
2026-09-18T18:16:24.799134-04:00,cfbd,401858471,Iowa,Northern Iowa,DraftKings,-38.5,-40.5,49.5,49.5,,,,,
2026-09-18T18:16:24.799134-04:00,cfbd,401858471,Iowa,Northern Iowa,Bovada,-39.5,-40.5,48.5,49.0,,,,,
2026-09-18T18:16:24.799134-04:00,cfbd,401866422,Liberty,Ball State,DraftKings,-14.5,-14.5,49.5,55.5,-650.0,470.0,,,
2026-09-18T18:16:24.799134-04:00,cfbd,401866422,Liberty,Ball State,Bovada,-14.0,-14.0,49.0,51.0,-625.0,430.0,,,
2026-09-18T18:16:24.799134-04:00,cfbd,401858228,Georgia Tech,Mercer,DraftKings,-38.5,-38.5,58.5,58.5,,,,,
2026-09-18T18:16:24.799134-04:00,cfbd,401858228,Georgia Tech,Mercer,Bovada,-38.5,-38.5,59.0,59.5,,,,,
2026-09-18T18:16:24.799134-04:00,cfbd,401866424,Massachusetts,Stonehill,DraftKings,-32.5,-33.5,50.5,49.5,,,,,
2026-09-18T18:16:24.799134-04:00,cfbd,401866424,Massachusetts,Stonehill,Bovada,-33.5,-33.5,50.0,50.5,,,,,
2026-09-18T18:16:24.799134-04:00,cfbd,401862771,Florida Atlantic,Florida International,Bovada,-6.5,-7.0,62.0,62.5,-275.0,225.0,,,
2026-09-18T18:16:24.799134-04:00,cfbd,401862771,Florida Atlantic,Florida International,DraftKings,-6.5,-7.5,62.5,62.5,-245.0,200.0,,,
2026-09-18T18:16:24.799134-04:00,cfbd,401858450,Michigan,UTEP,DraftKings,-34.5,-36.5,48.5,49.5,,,,,
2026-09-18T18:16:24.799134-04:00,cfbd,401858450,Michigan,UTEP,Bovada,-35.5,-37.0,48.5,49.5,,,,,
2026-09-18T18:16:24.799134-04:00,cfbd,401868317,UL Monroe,SE Louisiana,Bovada,-10.5,-10.5,48.0,48.0,-415.0,310.0,,,
2026-09-18T18:16:24.799134-04:00,cfbd,401868317,UL Monroe,SE Louisiana,DraftKings,-10.5,-10.5,48.5,48.5,,,,,
2026-09-18T18:16:24.799134-04:00,cfbd,401858227,Boston College,Maine,DraftKings,-38.5,-38.5,53.5,53.5,,,,,
2026-09-18T18:16:24.799134-04:00,cfbd,401858227,Boston College,Maine,Bovada,-38.5,-38.5,53.5,53.5,,,,,
2026-09-18T18:16:24.799134-04:00,cfbd,401860890,Washington State,Duquesne,DraftKings,-38.5,-37.5,53.5,53.5,,,,,
2026-09-18T18:16:24.799134-04:00,cfbd,401860890,Washington State,Duquesne,Bovada,-38.5,-38.5,53.0,54.0,,,,,
2026-09-18T18:16:24.799134-04:00,cfbd,401867908,Long Island University,Villanova,DraftKings,18.5,18.5,45.5,45.5,830.0,-1740.0,,,
2026-09-18T18:16:24.799134-04:00,cfbd,401867846,Illinois State,Eastern Illinois,DraftKings,-29.5,-29.5,53.5,53.5,,,,,
2026-09-18T18:16:24.799134-04:00,cfbd,401867991,Bucknell,Pennsylvania,DraftKings,3.0,3.0,48.5,48.5,136.0,-170.0,,,
2026-09-18T18:16:24.799134-04:00,cfbd,401858233,California,Wagner,DraftKings,-58.5,-58.5,65.5,65.5,,,,,
2026-09-18T18:16:24.799134-04:00,cfbd,401867817,Columbia,Lafayette,DraftKings,-2.5,-2.5,47.5,47.5,-141.0,114.0,,,
2026-09-18T18:16:24.799134-04:00,cfbd,401867834,Lehigh,Dartmouth,DraftKings,-16.5,-16.5,50.5,50.5,-1020.0,599.0,,,
2026-09-18T18:16:24.799134-04:00,cfbd,401868242,East Tennessee State,West Georgia,DraftKings,-16.5,-16.5,53.5,53.5,-1100.0,630.0,,,
2026-09-18T18:16:24.799134-04:00,cfbd,401866636,Campbell,North Carolina A&T,DraftKings,-20.5,-18.5,56.5,56.5,-1520.0,770.0,,,
2026-09-18T18:16:24.799134-04:00,cfbd,401868023,Holy Cross,Yale,DraftKings,21.0,18.5,50.5,50.5,800.0,-1640.0,,,
2026-09-18T18:16:24.799134-04:00,cfbd,401866634,Stony Brook,Rhode Island,DraftKings,13.5,13.5,52.5,52.5,355.0,-500.0,,,
2026-09-18T18:16:24.799134-04:00,cfbd,401867898,Montana State,Central Connecticut,DraftKings,-38.5,-38.5,59.5,59.5,,,,,
2026-09-18T18:16:24.799134-04:00,cfbd,401866635,UAlbany,Monmouth,DraftKings,-1.5,-1.5,51.5,51.5,-120.0,-104.0,,,
2026-09-18T18:16:24.799134-04:00,cfbd,401866641,Norfolk State,Hampton,DraftKings,-8.5,-8.5,50.5,50.5,-375.0,279.0,,,
2026-09-18T18:16:24.799134-04:00,cfbd,401868051,Idaho,Abilene Christian,DraftKings,1.5,1.5,54.5,54.5,-105.0,-118.0,,,
2026-09-18T18:16:24.799134-04:00,cfbd,401866640,Towson,Morgan State,DraftKings,-10.0,-10.0,44.5,44.5,-423.0,310.0,,,
2026-09-18T18:16:24.799134-04:00,cfbd,401868337,Chattanooga,Wofford,DraftKings,-1.5,-1.5,43.5,43.5,-120.0,-104.0,,,
2026-09-18T18:16:24.799134-04:00,cfbd,401868018,Richmond,Georgetown,DraftKings,-12.5,-12.5,47.5,47.5,-573.0,397.0,,,
2026-09-18T18:16:24.799134-04:00,cfbd,401866638,Bryant,Princeton,DraftKings,2.5,3.0,44.5,44.5,121.0,-150.0,,,
2026-09-18T18:16:24.799134-04:00,cfbd,401868275,Western Carolina,Presbyterian,DraftKings,-33.5,-28.5,66.5,62.5,,,,,
2026-09-18T18:16:24.799134-04:00,cfbd,401867826,Colgate,Cornell,DraftKings,-12.5,-12.5,50.5,52.5,-551.0,384.0,,,
2026-09-18T18:16:24.799134-04:00,cfbd,401868397,Davidson,VMI,DraftKings,4.0,3.0,42.5,42.5,125.0,-156.0,,,
2026-09-18T18:16:24.799134-04:00,cfbd,401868009,William & Mary,Fordham,DraftKings,-19.5,-19.5,51.5,51.5,-1620.0,800.0,,,
2026-09-18T18:16:24.799134-04:00,cfbd,401867805,New Haven,Brown,DraftKings,10.0,9.5,50.5,50.5,311.0,-425.0,,,
2026-09-18T18:16:24.799134-04:00,cfbd,401868142,Eastern Kentucky,Dayton,DraftKings,-11.5,-10.0,46.5,45.5,-436.0,317.0,,,
2026-09-18T18:16:24.799134-04:00,cfbd,401867686,Butler,Chicago State,DraftKings,-20.5,-19.5,54.5,53.5,-1700.0,820.0,,,
2026-09-18T18:16:24.799134-04:00,cfbd,401867979,Gardner-Webb,North Carolina Central,DraftKings,-7.0,-3.5,51.5,51.5,-232.0,182.0,,,
2026-09-18T18:16:24.799134-04:00,cfbd,401866639,New Hampshire,Harvard,DraftKings,15.5,15.5,52.5,52.5,554.0,-900.0,,,
2026-09-18T18:16:24.799134-04:00,cfbd,401868159,St. Thomas (MN),Southern Utah,DraftKings,14.0,14.0,57.5,57.5,420.0,-620.0,,,
2026-09-18T18:16:24.799134-04:00,cfbd,401866637,Elon,Sacred Heart,DraftKings,-15.5,-15.5,49.5,49.5,-730.0,475.0,,,
2026-09-18T18:16:24.799134-04:00,cfbd,401867857,Indiana State,Valparaiso,DraftKings,-24.5,-22.5,55.5,53.5,-4700.0,1260.0,,,
2026-09-18T18:16:25.192151-04:00,odds_api,401858226,Wake Forest Demon Deacons,Miami Hurricanes,draftkings,20.5,,55.5,,900.0,-1600.0,2026-09-18T23:30:00Z,-112.0,-112.0
2026-09-18T18:16:25.192151-04:00,odds_api,401858226,Wake Forest Demon Deacons,Miami Hurricanes,fanduel,20.5,,55.5,,860.0,-1600.0,2026-09-18T23:30:00Z,-106.0,-115.0
2026-09-18T18:16:25.192151-04:00,odds_api,401858226,Wake Forest Demon Deacons,Miami Hurricanes,betmgm,20.5,,55.5,,950.0,-1400.0,2026-09-18T23:30:00Z,-110.0,-110.0
2026-09-18T18:16:25.192151-04:00,odds_api,401858226,Wake Forest Demon Deacons,Miami Hurricanes,betrivers,20.5,,56.0,,900.0,-2000.0,2026-09-18T23:30:00Z,-108.0,-110.0
2026-09-18T18:16:25.192151-04:00,odds_api,401858226,Wake Forest Demon Deacons,Miami Hurricanes,lowvig,20.0,,56.0,,945.0,-1700.0,2026-09-18T23:30:00Z,-104.0,-108.0
2026-09-18T18:16:25.192151-04:00,odds_api,401858226,Wake Forest Demon Deacons,Miami Hurricanes,betonlineag,20.0,,56.0,,945.0,-1700.0,2026-09-18T23:30:00Z,-105.0,-110.0
2026-09-18T18:16:25.192151-04:00,odds_api,401858226,Wake Forest Demon Deacons,Miami Hurricanes,betus,20.0,,55.5,,900.0,-1600.0,2026-09-18T23:30:00Z,-105.0,-110.0
2026-09-18T18:16:25.192151-04:00,odds_api,401858226,Wake Forest Demon Deacons,Miami Hurricanes,bovada,20.0,,55.5,,900.0,-1900.0,2026-09-18T23:30:00Z,-105.0,-115.0
2026-09-18T18:16:25.192151-04:00,odds_api,401856811,Texas Tech Red Raiders,Houston Cougars,fanduel,-7.5,,52.5,,-320.0,255.0,2026-09-19T00:00:00Z,-115.0,-105.0
2026-09-18T18:16:25.192151-04:00,odds_api,401856811,Texas Tech Red Raiders,Houston Cougars,draftkings,-7.5,,52.5,,-310.0,250.0,2026-09-19T00:00:00Z,-112.0,-108.0
2026-09-18T18:16:25.192151-04:00,odds_api,401856811,Texas Tech Red Raiders,Houston Cougars,betrivers,-7.5,,53.0,,-335.0,245.0,2026-09-19T00:00:00Z,-114.0,-110.0
2026-09-18T18:16:25.192151-04:00,odds_api,401856811,Texas Tech Red Raiders,Houston Cougars,lowvig,-7.5,,52.5,,-330.0,267.0,2026-09-19T00:00:00Z,-105.0,-106.0
2026-09-18T18:16:25.192151-04:00,odds_api,401856811,Texas Tech Red Raiders,Houston Cougars,betonlineag,-7.5,,52.5,,-325.0,263.0,2026-09-19T00:00:00Z,-110.0,-108.0
2026-09-18T18:16:25.192151-04:00,odds_api,401856811,Texas Tech Red Raiders,Houston Cougars,betmgm,-7.5,,52.5,,-325.0,260.0,2026-09-19T00:00:00Z,-110.0,-108.0
2026-09-18T18:16:25.192151-04:00,odds_api,401856811,Texas Tech Red Raiders,Houston Cougars,betus,-7.5,,52.0,,-320.0,260.0,2026-09-19T00:00:00Z,-110.0,-110.0
2026-09-18T18:16:25.192151-04:00,odds_api,401856811,Texas Tech Red Raiders,Houston Cougars,bovada,-7.5,,52.0,,-330.0,265.0,2026-09-19T00:00:00Z,-110.0,-110.0
2026-09-18T18:16:25.192151-04:00,odds_api,401858455,Oregon Ducks,Portland State Vikings,fanduel,-58.5,,70.5,,,,2026-09-19T02:30:00Z,-115.0,-106.0
2026-09-18T18:16:25.192151-04:00,odds_api,401858455,Oregon Ducks,Portland State Vikings,betrivers,-59.0,,71.5,,,,2026-09-19T02:30:00Z,-115.0,-109.0
2026-09-18T18:16:25.192151-04:00,odds_api,401858455,Oregon Ducks,Portland State Vikings,draftkings,-58.5,,71.5,,,,2026-09-19T02:30:00Z,-110.0,-115.0
2026-09-18T18:16:25.192151-04:00,odds_api,401858455,Oregon Ducks,Portland State Vikings,betonlineag,-59.0,,71.5,,,,2026-09-19T02:30:00Z,-105.0,-115.0
2026-09-18T18:16:25.192151-04:00,odds_api,401858455,Oregon Ducks,Portland State Vikings,lowvig,-59.0,,71.5,,,,2026-09-19T02:30:00Z,-101.0,-114.0
2026-09-18T18:16:25.192151-04:00,odds_api,401858455,Oregon Ducks,Portland State Vikings,betmgm,-59.0,,70.5,,,,2026-09-19T02:30:00Z,-105.0,-108.0
2026-09-18T18:16:25.192151-04:00,odds_api,401858455,Oregon Ducks,Portland State Vikings,bovada,-58.5,,71.5,,,,2026-09-19T02:30:00Z,-115.0,-115.0
2026-09-18T18:16:25.192151-04:00,odds_api,401869940,Delaware Blue Hens,Coastal Carolina Chanticleers,fanduel,-4.5,,57.5,,-220.0,180.0,2026-09-19T15:30:00Z,-118.0,-108.0
2026-09-18T18:16:25.192151-04:00,odds_api,401869940,Delaware Blue Hens,Coastal Carolina Chanticleers,betrivers,-5.5,,58.5,,-215.0,170.0,2026-09-19T15:30:00Z,-109.0,-110.0
2026-09-18T18:16:25.192151-04:00,odds_api,401869940,Delaware Blue Hens,Coastal Carolina Chanticleers,draftkings,-5.5,,57.5,,-218.0,180.0,2026-09-19T15:30:00Z,-105.0,-112.0
2026-09-18T18:16:25.192151-04:00,odds_api,401869940,Delaware Blue Hens,Coastal Carolina Chanticleers,betonlineag,-5.0,,57.5,,-205.0,177.0,2026-09-19T15:30:00Z,-110.0,-110.0
2026-09-18T18:16:25.192151-04:00,odds_api,401869940,Delaware Blue Hens,Coastal Carolina Chanticleers,lowvig,-5.0,,57.5,,-205.0,177.0,2026-09-19T15:30:00Z,-106.0,-108.0
2026-09-18T18:16:25.192151-04:00,odds_api,401869940,Delaware Blue Hens,Coastal Carolina Chanticleers,betmgm,-5.0,,57.5,,-210.0,175.0,2026-09-19T15:30:00Z,-110.0,-108.0
2026-09-18T18:16:25.192151-04:00,odds_api,401869940,Delaware Blue Hens,Coastal Carolina Chanticleers,betus,-5.0,,57.5,,-205.0,175.0,2026-09-19T15:30:00Z,-110.0,-110.0
2026-09-18T18:16:25.192151-04:00,odds_api,401869940,Delaware Blue Hens,Coastal Carolina Chanticleers,bovada,-5.0,,57.5,,-210.0,175.0,2026-09-19T15:30:00Z,-110.0,-110.0
2026-09-18T18:16:25.192151-04:00,odds_api,401858451,Minnesota Golden Gophers,Akron Zips,fanduel,-23.5,,49.5,,-4000.0,1400.0,2026-09-19T16:00:00Z,-110.0,-105.0
2026-09-18T18:16:25.192151-04:00,odds_api,401858451,Minnesota Golden Gophers,Akron Zips,draftkings,-23.5,,48.5,,-3200.0,1400.0,2026-09-19T16:00:00Z,-105.0,-115.0
2026-09-18T18:16:25.192151-04:00,odds_api,401858451,Minnesota Golden Gophers,Akron Zips,betrivers,-23.5,,49.5,,-10000.0,1400.0,2026-09-19T16:00:00Z,-114.0,-115.0
2026-09-18T18:16:25.192151-04:00,odds_api,401858451,Minnesota Golden Gophers,Akron Zips,lowvig,-23.0,,49.0,,-3500.0,1356.0,2026-09-19T16:00:00Z,-101.0,-108.0
2026-09-18T18:16:25.192151-04:00,odds_api,401858451,Minnesota Golden Gophers,Akron Zips,betonlineag,-23.0,,49.0,,-3500.0,1356.0,2026-09-19T16:00:00Z,-105.0,-110.0
2026-09-18T18:16:25.192151-04:00,odds_api,401858451,Minnesota Golden Gophers,Akron Zips,betmgm,-23.0,,48.5,,-3000.0,1550.0,2026-09-19T16:00:00Z,-110.0,-112.0
2026-09-18T18:16:25.192151-04:00,odds_api,401858451,Minnesota Golden Gophers,Akron Zips,betus,-23.0,,49.0,,-3500.0,1500.0,2026-09-19T16:00:00Z,-110.0,-110.0
2026-09-18T18:16:25.192151-04:00,odds_api,401858451,Minnesota Golden Gophers,Akron Zips,bovada,-23.5,,49.0,,-3500.0,1100.0,2026-09-19T16:00:00Z,-110.0,-110.0
2026-09-18T18:16:25.192151-04:00,odds_api,401856686,Arkansas Razorbacks,Georgia Bulldogs,fanduel,24.5,,54.5,,1500.0,-4000.0,2026-09-19T16:00:00Z,-105.0,-110.0
2026-09-18T18:16:25.192151-04:00,odds_api,401856686,Arkansas Razorbacks,Georgia Bulldogs,draftkings,24.5,,54.5,,1300.0,-2800.0,2026-09-19T16:00:00Z,-108.0,-118.0
2026-09-18T18:16:25.192151-04:00,odds_api,401856686,Arkansas Razorbacks,Georgia Bulldogs,betrivers,25.0,,54.0,,1400.0,-10000.0,2026-09-19T16:00:00Z,-110.0,-115.0
2026-09-18T18:16:25.192151-04:00,odds_api,401856686,Arkansas Razorbacks,Georgia Bulldogs,lowvig,24.5,,54.5,,1296.0,-3200.0,2026-09-19T16:00:00Z,-101.0,-114.0
2026-09-18T18:16:25.192151-04:00,odds_api,401856686,Arkansas Razorbacks,Georgia Bulldogs,betonlineag,24.5,,54.5,,1296.0,-3200.0,2026-09-19T16:00:00Z,-105.0,-115.0
2026-09-18T18:16:25.192151-04:00,odds_api,401856686,Arkansas Razorbacks,Georgia Bulldogs,betmgm,24.5,,54.5,,1550.0,-3000.0,2026-09-19T16:00:00Z,-110.0,-112.0
2026-09-18T18:16:25.192151-04:00,odds_api,401856686,Arkansas Razorbacks,Georgia Bulldogs,betus,25.0,,55.0,,1350.0,-3200.0,2026-09-19T16:00:00Z,-110.0,-110.0
2026-09-18T18:16:25.192151-04:00,odds_api,401856686,Arkansas Razorbacks,Georgia Bulldogs,bovada,24.5,,55.0,,1100.0,-3300.0,2026-09-19T16:00:00Z,-105.0,-105.0
2026-09-18T18:16:25.192151-04:00,odds_api,401856798,Iowa State Cyclones,Bowling Green Falcons,fanduel,-23.5,,43.5,,-4000.0,1400.0,2026-09-19T16:00:00Z,-105.0,-115.0
2026-09-18T18:16:25.192151-04:00,odds_api,401856798,Iowa State Cyclones,Bowling Green Falcons,betrivers,-24.0,,43.5,,-5000.0,1200.0,2026-09-19T16:00:00Z,-110.0,-120.0
2026-09-18T18:16:25.192151-04:00,odds_api,401856798,Iowa State Cyclones,Bowling Green Falcons,draftkings,-23.5,,43.5,,-2400.0,1200.0,2026-09-19T16:00:00Z,-120.0,-115.0
2026-09-18T18:16:25.192151-04:00,odds_api,401856798,Iowa State Cyclones,Bowling Green Falcons,lowvig,-24.0,,43.5,,-2400.0,1136.0,2026-09-19T16:00:00Z,-101.0,-114.0
2026-09-18T18:16:25.192151-04:00,odds_api,401856798,Iowa State Cyclones,Bowling Green Falcons,betonlineag,-24.0,,43.5,,-2400.0,1136.0,2026-09-19T16:00:00Z,-107.0,-115.0
2026-09-18T18:16:25.192151-04:00,odds_api,401856798,Iowa State Cyclones,Bowling Green Falcons,betmgm,-24.0,,43.5,,-2500.0,1300.0,2026-09-19T16:00:00Z,-110.0,-110.0
2026-09-18T18:16:25.192151-04:00,odds_api,401856798,Iowa State Cyclones,Bowling Green Falcons,betus,-24.0,,43.5,,-2400.0,1150.0,2026-09-19T16:00:00Z,-110.0,-110.0
2026-09-18T18:16:25.192151-04:00,odds_api,401856798,Iowa State Cyclones,Bowling Green Falcons,bovada,-23.5,,43.5,,-2200.0,1000.0,2026-09-19T16:00:00Z,-115.0,-110.0
2026-09-18T18:16:25.192151-04:00,odds_api,401858456,Penn State Nittany Lions,Buffalo Bulls,fanduel,-40.5,,49.5,,,,2026-09-19T16:00:00Z,-115.0,-106.0
2026-09-18T18:16:25.192151-04:00,odds_api,401858456,Penn State Nittany Lions,Buffalo Bulls,draftkings,-40.5,,49.5,,,,2026-09-19T16:00:00Z,-118.0,-110.0
2026-09-18T18:16:25.192151-04:00,odds_api,401858456,Penn State Nittany Lions,Buffalo Bulls,betonlineag,-41.0,,48.5,,,,2026-09-19T16:00:00Z,-112.0,-110.0
2026-09-18T18:16:25.192151-04:00,odds_api,401858456,Penn State Nittany Lions,Buffalo Bulls,lowvig,-41.0,,48.5,,,,2026-09-19T16:00:00Z,-108.0,-108.0
2026-09-18T18:16:25.192151-04:00,odds_api,401858456,Penn State Nittany Lions,Buffalo Bulls,betrivers,-40.5,,49.5,,,,2026-09-19T16:00:00Z,-114.0,-114.0
2026-09-18T18:16:25.192151-04:00,odds_api,401858456,Penn State Nittany Lions,Buffalo Bulls,betmgm,-41.5,,49.5,,,,2026-09-19T16:00:00Z,-108.0,-105.0
2026-09-18T18:16:25.192151-04:00,odds_api,401858456,Penn State Nittany Lions,Buffalo Bulls,betus,-41.0,,48.5,,,,2026-09-19T16:00:00Z,-110.0,-110.0
2026-09-18T18:16:25.192151-04:00,odds_api,401858456,Penn State Nittany Lions,Buffalo Bulls,bovada,-41.0,,49.5,,,,2026-09-19T16:00:00Z,-105.0,-110.0
2026-09-18T18:16:25.192151-04:00,odds_api,401858229,Clemson Tigers,North Carolina Tar Heels,draftkings,-3.0,,43.5,,-166.0,140.0,2026-09-19T16:00:00Z,-115.0,-115.0
2026-09-18T18:16:25.192151-04:00,odds_api,401858229,Clemson Tigers,North Carolina Tar Heels,fanduel,-3.5,,44.5,,-164.0,138.0,2026-09-19T16:00:00Z,-102.0,-105.0
2026-09-18T18:16:25.192151-04:00,odds_api,401858229,Clemson Tigers,North Carolina Tar Heels,betrivers,-3.5,,44.0,,-167.0,135.0,2026-09-19T16:00:00Z,-106.0,-113.0
2026-09-18T18:16:25.192151-04:00,odds_api,401858229,Clemson Tigers,North Carolina Tar Heels,lowvig,-3.0,,44.0,,-160.0,140.0,2026-09-19T16:00:00Z,-106.0,102.0
2026-09-18T18:16:25.192151-04:00,odds_api,401858229,Clemson Tigers,North Carolina Tar Heels,betonlineag,-3.0,,44.0,,-160.0,140.0,2026-09-19T16:00:00Z,-110.0,100.0
2026-09-18T18:16:25.192151-04:00,odds_api,401858229,Clemson Tigers,North Carolina Tar Heels,betmgm,-3.0,,43.5,,-165.0,140.0,2026-09-19T16:00:00Z,-115.0,-115.0
2026-09-18T18:16:25.192151-04:00,odds_api,401858229,Clemson Tigers,North Carolina Tar Heels,betus,-3.0,,44.0,,-160.0,138.0,2026-09-19T16:00:00Z,-110.0,-110.0
2026-09-18T18:16:25.192151-04:00,odds_api,401858229,Clemson Tigers,North Carolina Tar Heels,bovada,-3.0,,44.0,,-160.0,135.0,2026-09-19T16:00:00Z,-115.0,-110.0
2026-09-18T18:16:25.192151-04:00,odds_api,401858228,Georgia Tech Yellow Jackets,Mercer Bears,fanduel,-39.5,,59.5,,,,2026-09-19T16:00:00Z,-110.0,-106.0
2026-09-18T18:16:25.192151-04:00,odds_api,401858228,Georgia Tech Yellow Jackets,Mercer Bears,betrivers,-39.5,,58.5,,,,2026-09-19T16:00:00Z,-108.0,-118.0
2026-09-18T18:16:25.192151-04:00,odds_api,401858228,Georgia Tech Yellow Jackets,Mercer Bears,draftkings,-39.5,,58.5,,,,2026-09-19T16:00:00Z,-105.0,-120.0
2026-09-18T18:16:25.192151-04:00,odds_api,401858228,Georgia Tech Yellow Jackets,Mercer Bears,betonlineag,-39.5,,59.5,,,,2026-09-19T16:00:00Z,-125.0,-105.0
2026-09-18T18:16:25.192151-04:00,odds_api,401858228,Georgia Tech Yellow Jackets,Mercer Bears,lowvig,-39.5,,59.5,,,,2026-09-19T16:00:00Z,-125.0,106.0
2026-09-18T18:16:25.192151-04:00,odds_api,401858228,Georgia Tech Yellow Jackets,Mercer Bears,betmgm,-39.5,,59.5,,,,2026-09-19T16:00:00Z,-110.0,-102.0
2026-09-18T18:16:25.192151-04:00,odds_api,401858228,Georgia Tech Yellow Jackets,Mercer Bears,bovada,-38.5,,59.0,,,,2026-09-19T16:00:00Z,-115.0,-110.0
2026-09-18T18:16:25.192151-04:00,odds_api,401856792,Kansas State Wildcats,Tulane Green Wave,fanduel,-20.5,,49.5,,-2100.0,980.0,2026-09-19T16:00:00Z,-110.0,-115.0
2026-09-18T18:16:25.192151-04:00,odds_api,401856792,Kansas State Wildcats,Tulane Green Wave,betrivers,-21.0,,49.5,,-2500.0,950.0,2026-09-19T16:00:00Z,-109.0,-112.0
2026-09-18T18:16:25.192151-04:00,odds_api,401856792,Kansas State Wildcats,Tulane Green Wave,draftkings,-20.5,,49.5,,-1450.0,850.0,2026-09-19T16:00:00Z,-108.0,-112.0
2026-09-18T18:16:25.192151-04:00,odds_api,401856792,Kansas State Wildcats,Tulane Green Wave,betonlineag,-20.5,,50.0,,-1400.0,836.0,2026-09-19T16:00:00Z,-110.0,-115.0
2026-09-18T18:16:25.192151-04:00,odds_api,401856792,Kansas State Wildcats,Tulane Green Wave,lowvig,-20.5,,50.0,,-1400.0,836.0,2026-09-19T16:00:00Z,-106.0,-114.0
2026-09-18T18:16:25.192151-04:00,odds_api,401856792,Kansas State Wildcats,Tulane Green Wave,betmgm,-20.5,,49.5,,-1400.0,950.0,2026-09-19T16:00:00Z,-108.0,-110.0
2026-09-18T18:16:25.192151-04:00,odds_api,401856792,Kansas State Wildcats,Tulane Green Wave,betus,-20.5,,50.0,,-1400.0,825.0,2026-09-19T16:00:00Z,-110.0,-115.0
2026-09-18T18:16:25.192151-04:00,odds_api,401856792,Kansas State Wildcats,Tulane Green Wave,bovada,-20.5,,49.5,,-1500.0,775.0,2026-09-19T16:00:00Z,-110.0,-110.0
2026-09-18T18:16:25.192151-04:00,odds_api,401858454,Ohio State Buckeyes,Kent State Golden Flashes,draftkings,-52.5,,59.5,,,,2026-09-19T16:00:00Z,-105.0,-102.0
2026-09-18T18:16:25.192151-04:00,odds_api,401858454,Ohio State Buckeyes,Kent State Golden Flashes,lowvig,-52.0,,59.0,,,,2026-09-19T16:00:00Z,-106.0,-108.0
2026-09-18T18:16:25.192151-04:00,odds_api,401858454,Ohio State Buckeyes,Kent State Golden Flashes,betonlineag,-52.0,,59.0,,,,2026-09-19T16:00:00Z,-110.0,-110.0
2026-09-18T18:16:25.192151-04:00,odds_api,401858454,Ohio State Buckeyes,Kent State Golden Flashes,betrivers,-52.5,,59.5,,,,2026-09-19T16:00:00Z,-114.0,-109.0
2026-09-18T18:16:25.192151-04:00,odds_api,401858454,Ohio State Buckeyes,Kent State Golden Flashes,betmgm,-52.5,,59.5,,,,2026-09-19T16:00:00Z,-105.0,-102.0
2026-09-18T18:16:25.192151-04:00,odds_api,401858454,Ohio State Buckeyes,Kent State Golden Flashes,betus,-52.5,,59.0,,,,2026-09-19T16:00:00Z,-110.0,-110.0
2026-09-18T18:16:25.192151-04:00,odds_api,401858454,Ohio State Buckeyes,Kent State Golden Flashes,fanduel,-52.5,,59.5,,,,2026-09-19T16:00:00Z,-112.0,-114.0
2026-09-18T18:16:25.192151-04:00,odds_api,401858454,Ohio State Buckeyes,Kent State Golden Flashes,bovada,-53.0,,58.5,,,,2026-09-19T16:00:00Z,100.0,-120.0
2026-09-18T18:16:25.192151-04:00,odds_api,401860889,Texas State Bobcats,North Texas Mean Green,fanduel,-2.5,,62.5,,-150.0,125.0,2026-09-19T16:00:00Z,-122.0,-110.0
2026-09-18T18:16:25.192151-04:00,odds_api,401860889,Texas State Bobcats,North Texas Mean Green,betrivers,-3.0,,63.5,,-155.0,125.0,2026-09-19T16:00:00Z,-110.0,-110.0
2026-09-18T18:16:25.192151-04:00,odds_api,401860889,Texas State Bobcats,North Texas Mean Green,draftkings,-2.5,,62.5,,-142.0,120.0,2026-09-19T16:00:00Z,-115.0,-108.0
2026-09-18T18:16:25.192151-04:00,odds_api,401860889,Texas State Bobcats,North Texas Mean Green,lowvig,-2.5,,62.5,,-143.0,123.0,2026-09-19T16:00:00Z,-111.0,-103.0
2026-09-18T18:16:25.192151-04:00,odds_api,401860889,Texas State Bobcats,North Texas Mean Green,betonlineag,-2.5,,62.5,,-143.0,123.0,2026-09-19T16:00:00Z,-115.0,-105.0
2026-09-18T18:16:25.192151-04:00,odds_api,401860889,Texas State Bobcats,North Texas Mean Green,betmgm,-2.5,,62.5,,-140.0,120.0,2026-09-19T16:00:00Z,-110.0,-112.0
2026-09-18T18:16:25.192151-04:00,odds_api,401860889,Texas State Bobcats,North Texas Mean Green,betus,-2.5,,62.0,,-145.0,125.0,2026-09-19T16:00:00Z,-110.0,-110.0
2026-09-18T18:16:25.192151-04:00,odds_api,401860889,Texas State Bobcats,North Texas Mean Green,bovada,-2.5,,62.5,,-140.0,120.0,2026-09-19T16:00:00Z,-120.0,-105.0
2026-09-18T18:16:25.192151-04:00,odds_api,401858460,Wisconsin Badgers,Eastern Michigan Eagles,fanduel,-23.5,,44.5,,-4500.0,1600.0,2026-09-19T16:30:00Z,-122.0,-115.0
2026-09-18T18:16:25.192151-04:00,odds_api,401858460,Wisconsin Badgers,Eastern Michigan Eagles,draftkings,-23.5,,44.5,,-2400.0,1200.0,2026-09-19T16:30:00Z,-112.0,-112.0
2026-09-18T18:16:25.192151-04:00,odds_api,401858460,Wisconsin Badgers,Eastern Michigan Eagles,betrivers,-23.5,,45.5,,-2500.0,1000.0,2026-09-19T16:30:00Z,-109.0,-108.0
2026-09-18T18:16:25.192151-04:00,odds_api,401858460,Wisconsin Badgers,Eastern Michigan Eagles,lowvig,-23.5,,44.5,,-2600.0,1176.0,2026-09-19T16:30:00Z,-112.0,-108.0
2026-09-18T18:16:25.192151-04:00,odds_api,401858460,Wisconsin Badgers,Eastern Michigan Eagles,betonlineag,-23.5,,44.5,,-2600.0,1176.0,2026-09-19T16:30:00Z,-116.0,-110.0
2026-09-18T18:16:25.192151-04:00,odds_api,401858460,Wisconsin Badgers,Eastern Michigan Eagles,betmgm,-23.5,,44.5,,-2500.0,1400.0,2026-09-19T16:30:00Z,-112.0,-110.0
2026-09-18T18:16:25.192151-04:00,odds_api,401858460,Wisconsin Badgers,Eastern Michigan Eagles,betus,-23.5,,44.5,,-2600.0,1200.0,2026-09-19T16:30:00Z,-115.0,-110.0
2026-09-18T18:16:25.192151-04:00,odds_api,401858460,Wisconsin Badgers,Eastern Michigan Eagles,bovada,-23.5,,45.0,,-2500.0,1000.0,2026-09-19T16:30:00Z,-110.0,-105.0
2026-09-18T18:16:25.192151-04:00,odds_api,401856695,Vanderbilt Commodores,NC State Wolfpack,fanduel,-3.5,,50.5,,-154.0,128.0,2026-09-19T16:45:00Z,-102.0,-110.0
2026-09-18T18:16:25.192151-04:00,odds_api,401856695,Vanderbilt Commodores,NC State Wolfpack,betrivers,-3.0,,50.5,,-162.0,128.0,2026-09-19T16:45:00Z,-115.0,-112.0
2026-09-18T18:16:25.192151-04:00,odds_api,401856695,Vanderbilt Commodores,NC State Wolfpack,draftkings,-3.0,,50.5,,-162.0,136.0,2026-09-19T16:45:00Z,-118.0,-112.0
2026-09-18T18:16:25.192151-04:00,odds_api,401856695,Vanderbilt Commodores,NC State Wolfpack,betonlineag,-3.0,,50.5,,-160.0,140.0,2026-09-19T16:45:00Z,-115.0,-115.0
2026-09-18T18:16:25.192151-04:00,odds_api,401856695,Vanderbilt Commodores,NC State Wolfpack,lowvig,-3.0,,50.5,,-160.0,140.0,2026-09-19T16:45:00Z,-111.0,-114.0
2026-09-18T18:16:25.192151-04:00,odds_api,401856695,Vanderbilt Commodores,NC State Wolfpack,betmgm,-3.0,,50.5,,-160.0,135.0,2026-09-19T16:45:00Z,-120.0,-112.0
2026-09-18T18:16:25.192151-04:00,odds_api,401856695,Vanderbilt Commodores,NC State Wolfpack,betus,-3.0,,50.5,,-160.0,138.0,2026-09-19T16:45:00Z,-115.0,-115.0
2026-09-18T18:16:25.192151-04:00,odds_api,401856695,Vanderbilt Commodores,NC State Wolfpack,bovada,-3.5,,50.5,,-160.0,135.0,2026-09-19T16:45:00Z,100.0,-110.0
2026-09-18T18:16:25.192151-04:00,odds_api,401864508,Central Michigan Chippewas,Wyoming Cowboys,fanduel,1.5,,38.5,,-106.0,-113.0,2026-09-19T17:00:00Z,-115.0,-110.0
2026-09-18T18:16:25.192151-04:00,odds_api,401864508,Central Michigan Chippewas,Wyoming Cowboys,draftkings,1.5,,38.5,,-108.0,-112.0,2026-09-19T17:00:00Z,-115.0,-112.0
2026-09-18T18:16:25.192151-04:00,odds_api,401864508,Central Michigan Chippewas,Wyoming Cowboys,lowvig,0.0,,38.5,,,,2026-09-19T17:00:00Z,-104.0,-108.0
2026-09-18T18:16:25.192151-04:00,odds_api,401864508,Central Michigan Chippewas,Wyoming Cowboys,betonlineag,0.0,,38.5,,,,2026-09-19T17:00:00Z,-108.0,-110.0
2026-09-18T18:16:25.192151-04:00,odds_api,401864508,Central Michigan Chippewas,Wyoming Cowboys,betrivers,1.0,,38.5,,-108.0,-115.0,2026-09-19T17:00:00Z,-113.0,-109.0
2026-09-18T18:16:25.192151-04:00,odds_api,401864508,Central Michigan Chippewas,Wyoming Cowboys,betmgm,1.0,,38.5,,-105.0,-115.0,2026-09-19T17:00:00Z,-108.0,-108.0
2026-09-18T18:16:25.192151-04:00,odds_api,401864508,Central Michigan Chippewas,Wyoming Cowboys,betus,0.0,,38.5,,,,2026-09-19T17:00:00Z,-110.0,-110.0
2026-09-18T18:16:25.192151-04:00,odds_api,401864508,Central Michigan Chippewas,Wyoming Cowboys,bovada,1.0,,39.0,,-110.0,-110.0,2026-09-19T17:00:00Z,-115.0,-110.0
2026-09-18T18:16:25.192151-04:00,odds_api,401858227,Boston College Eagles,Maine Black Bears,fanduel,-37.5,,53.5,,,,2026-09-19T18:00:00Z,-114.0,-114.0
2026-09-18T18:16:25.192151-04:00,odds_api,401858227,Boston College Eagles,Maine Black Bears,betrivers,-38.5,,53.5,,,,2026-09-19T18:00:00Z,-107.0,-112.0
2026-09-18T18:16:25.192151-04:00,odds_api,401858227,Boston College Eagles,Maine Black Bears,draftkings,-38.5,,53.5,,,,2026-09-19T18:00:00Z,-102.0,-115.0
2026-09-18T18:16:25.192151-04:00,odds_api,401858227,Boston College Eagles,Maine Black Bears,betonlineag,-38.5,,55.0,,,,2026-09-19T18:00:00Z,-115.0,-110.0
2026-09-18T18:16:25.192151-04:00,odds_api,401858227,Boston College Eagles,Maine Black Bears,lowvig,-38.5,,55.0,,,,2026-09-19T18:00:00Z,-115.0,102.0
2026-09-18T18:16:25.192151-04:00,odds_api,401858227,Boston College Eagles,Maine Black Bears,betmgm,-38.5,,53.5,,,,2026-09-19T18:00:00Z,-105.0,-112.0
2026-09-18T18:16:25.192151-04:00,odds_api,401858227,Boston College Eagles,Maine Black Bears,bovada,-38.5,,53.5,,,,2026-09-19T18:00:00Z,-110.0,-110.0
2026-09-18T18:16:25.192151-04:00,odds_api,401858448,Illinois Fighting Illini,Southern Illinois Salukis,fanduel,-38.5,,54.5,,,,2026-09-19T18:00:00Z,-114.0,-115.0
2026-09-18T18:16:25.192151-04:00,odds_api,401858448,Illinois Fighting Illini,Southern Illinois Salukis,betrivers,-38.5,,53.5,,,,2026-09-19T18:00:00Z,-108.0,-118.0
2026-09-18T18:16:25.192151-04:00,odds_api,401858448,Illinois Fighting Illini,Southern Illinois Salukis,draftkings,-38.5,,55.5,,,,2026-09-19T18:00:00Z,100.0,100.0
2026-09-18T18:16:25.192151-04:00,odds_api,401858448,Illinois Fighting Illini,Southern Illinois Salukis,lowvig,-37.5,,56.5,,,,2026-09-19T18:00:00Z,-111.0,-101.0
2026-09-18T18:16:25.192151-04:00,odds_api,401858448,Illinois Fighting Illini,Southern Illinois Salukis,betonlineag,-37.5,,56.5,,,,2026-09-19T18:00:00Z,-115.0,-101.0
2026-09-18T18:16:25.192151-04:00,odds_api,401858448,Illinois Fighting Illini,Southern Illinois Salukis,betmgm,-38.0,,55.5,,,,2026-09-19T18:00:00Z,-112.0,100.0
2026-09-18T18:16:25.192151-04:00,odds_api,401858448,Illinois Fighting Illini,Southern Illinois Salukis,bovada,-38.5,,55.5,,,,2026-09-19T18:00:00Z,100.0,-105.0
2026-09-18T18:16:25.192151-04:00,odds_api,401862774,Toledo Rockets,Temple Owls,fanduel,-5.5,,48.5,,-225.0,184.0,2026-09-19T19:00:00Z,-115.0,-115.0
2026-09-18T18:16:25.192151-04:00,odds_api,401862774,Toledo Rockets,Temple Owls,betonlineag,-6.0,,49.5,,-225.0,189.0,2026-09-19T19:00:00Z,-110.0,-105.0
2026-09-18T18:16:25.192151-04:00,odds_api,401862774,Toledo Rockets,Temple Owls,draftkings,-6.0,,49.5,,-230.0,190.0,2026-09-19T19:00:00Z,-108.0,-105.0
2026-09-18T18:16:25.192151-04:00,odds_api,401862774,Toledo Rockets,Temple Owls,lowvig,-6.0,,49.5,,-225.0,189.0,2026-09-19T19:00:00Z,-106.0,-103.0
2026-09-18T18:16:25.192151-04:00,odds_api,401862774,Toledo Rockets,Temple Owls,betrivers,-5.5,,47.5,,-230.0,180.0,2026-09-19T19:00:00Z,-115.0,-118.0
2026-09-18T18:16:25.192151-04:00,odds_api,401862774,Toledo Rockets,Temple Owls,betmgm,-6.0,,49.5,,-225.0,185.0,2026-09-19T19:00:00Z,-108.0,-105.0
2026-09-18T18:16:25.192151-04:00,odds_api,401862774,Toledo Rockets,Temple Owls,betus,-6.0,,49.5,,-225.0,190.0,2026-09-19T19:00:00Z,-110.0,-105.0
2026-09-18T18:16:25.192151-04:00,odds_api,401862774,Toledo Rockets,Temple Owls,bovada,-6.0,,49.0,,-225.0,185.0,2026-09-19T19:00:00Z,-110.0,-110.0
2026-09-18T18:16:25.192151-04:00,odds_api,401856685,Alabama Crimson Tide,Florida State Seminoles,draftkings,-19.5,,49.5,,-1350.0,800.0,2026-09-19T19:30:00Z,-112.0,-112.0
2026-09-18T18:16:25.192151-04:00,odds_api,401856685,Alabama Crimson Tide,Florida State Seminoles,betmgm,-19.5,,49.5,,-1400.0,900.0,2026-09-19T19:30:00Z,-110.0,-110.0
2026-09-18T18:16:25.192151-04:00,odds_api,401856685,Alabama Crimson Tide,Florida State Seminoles,fanduel,-19.5,,49.5,,-1700.0,890.0,2026-09-19T19:30:00Z,-110.0,-110.0
2026-09-18T18:16:25.192151-04:00,odds_api,401856685,Alabama Crimson Tide,Florida State Seminoles,betrivers,-20.0,,49.5,,-1667.0,850.0,2026-09-19T19:30:00Z,-112.0,-112.0
2026-09-18T18:16:25.192151-04:00,odds_api,401856685,Alabama Crimson Tide,Florida State Seminoles,lowvig,-19.0,,49.5,,-1400.0,836.0,2026-09-19T19:30:00Z,-111.0,-105.0
2026-09-18T18:16:25.192151-04:00,odds_api,401856685,Alabama Crimson Tide,Florida State Seminoles,betonlineag,-19.0,,49.5,,-1400.0,836.0,2026-09-19T19:30:00Z,-115.0,-107.0
2026-09-18T18:16:25.192151-04:00,odds_api,401856685,Alabama Crimson Tide,Florida State Seminoles,betus,-19.0,,49.5,,-1400.0,825.0,2026-09-19T19:30:00Z,-115.0,-110.0
2026-09-18T18:16:25.192151-04:00,odds_api,401856685,Alabama Crimson Tide,Florida State Seminoles,bovada,-20.0,,50.0,,-1500.0,775.0,2026-09-19T19:30:00Z,-110.0,-110.0
2026-09-18T18:16:25.192151-04:00,odds_api,401858233,California Golden Bears,Wagner Seahawks,fanduel,-58.5,,65.5,,,,2026-09-19T19:30:00Z,-105.0,-105.0
2026-09-18T18:16:25.192151-04:00,odds_api,401858233,California Golden Bears,Wagner Seahawks,draftkings,-58.5,,65.5,,,,2026-09-19T19:30:00Z,-110.0,-110.0
2026-09-18T18:16:25.192151-04:00,odds_api,401856797,Cincinnati Bearcats,Miami (OH) RedHawks,fanduel,-15.5,,49.5,,-820.0,550.0,2026-09-19T19:30:00Z,-110.0,-110.0
2026-09-18T18:16:25.192151-04:00,odds_api,401856797,Cincinnati Bearcats,Miami (OH) RedHawks,draftkings,-15.5,,49.5,,-750.0,525.0,2026-09-19T19:30:00Z,-112.0,-110.0
2026-09-18T18:16:25.192151-04:00,odds_api,401856797,Cincinnati Bearcats,Miami (OH) RedHawks,lowvig,-16.0,,49.5,,-750.0,534.0,2026-09-19T19:30:00Z,-101.0,-103.0
2026-09-18T18:16:25.192151-04:00,odds_api,401856797,Cincinnati Bearcats,Miami (OH) RedHawks,betonlineag,-16.0,,49.5,,-750.0,534.0,2026-09-19T19:30:00Z,-105.0,-105.0
2026-09-18T18:16:25.192151-04:00,odds_api,401856797,Cincinnati Bearcats,Miami (OH) RedHawks,betmgm,-15.5,,49.5,,-750.0,550.0,2026-09-19T19:30:00Z,-108.0,-108.0
2026-09-18T18:16:25.192151-04:00,odds_api,401856797,Cincinnati Bearcats,Miami (OH) RedHawks,betrivers,-15.0,,49.5,,-1000.0,600.0,2026-09-19T19:30:00Z,-110.0,-110.0
2026-09-18T18:16:25.192151-04:00,odds_api,401856797,Cincinnati Bearcats,Miami (OH) RedHawks,betus,-16.0,,49.5,,-750.0,530.0,2026-09-19T19:30:00Z,-105.0,-110.0
2026-09-18T18:16:25.192151-04:00,odds_api,401856797,Cincinnati Bearcats,Miami (OH) RedHawks,bovada,-15.5,,49.5,,-750.0,500.0,2026-09-19T19:30:00Z,-110.0,-105.0
2026-09-18T18:16:25.192151-04:00,odds_api,401860890,Washington State Cougars,Duquesne Dukes,fanduel,-38.5,,53.5,,,,2026-09-19T19:30:00Z,-110.0,-114.0
2026-09-18T18:16:25.192151-04:00,odds_api,401860890,Washington State Cougars,Duquesne Dukes,draftkings,-38.5,,53.5,,,,2026-09-19T19:30:00Z,-115.0,-108.0
2026-09-18T18:16:25.192151-04:00,odds_api,401860890,Washington State Cougars,Duquesne Dukes,betrivers,-38.0,,52.5,,,,2026-09-19T19:30:00Z,-110.0,-110.0
2026-09-18T18:16:25.192151-04:00,odds_api,401860890,Washington State Cougars,Duquesne Dukes,lowvig,-38.5,,53.5,,,,2026-09-19T19:30:00Z,-115.0,106.0
2026-09-18T18:16:25.192151-04:00,odds_api,401860890,Washington State Cougars,Duquesne Dukes,betonlineag,-38.5,,53.5,,,,2026-09-19T19:30:00Z,-115.0,-105.0
2026-09-18T18:16:25.192151-04:00,odds_api,401860890,Washington State Cougars,Duquesne Dukes,betmgm,-38.5,,52.5,,,,2026-09-19T19:30:00Z,-110.0,-110.0
2026-09-18T18:16:25.192151-04:00,odds_api,401860890,Washington State Cougars,Duquesne Dukes,bovada,-38.5,,53.0,,,,2026-09-19T19:30:00Z,-110.0,-110.0
2026-09-18T18:16:25.192151-04:00,odds_api,401856694,Texas A&M Aggies,Kentucky Wildcats,fanduel,-16.5,,50.5,,-1100.0,680.0,2026-09-19T19:30:00Z,-122.0,-105.0
2026-09-18T18:16:25.192151-04:00,odds_api,401856694,Texas A&M Aggies,Kentucky Wildcats,draftkings,-16.5,,49.5,,-850.0,575.0,2026-09-19T19:30:00Z,-118.0,-112.0
2026-09-18T18:16:25.192151-04:00,odds_api,401856694,Texas A&M Aggies,Kentucky Wildcats,betmgm,-17.0,,50.5,,-900.0,650.0,2026-09-19T19:30:00Z,-110.0,-110.0
2026-09-18T18:16:25.192151-04:00,odds_api,401856694,Texas A&M Aggies,Kentucky Wildcats,betrivers,-17.0,,50.5,,-910.0,550.0,2026-09-19T19:30:00Z,-109.0,-109.0
2026-09-18T18:16:25.192151-04:00,odds_api,401856694,Texas A&M Aggies,Kentucky Wildcats,lowvig,-16.5,,50.0,,-925.0,624.0,2026-09-19T19:30:00Z,-116.0,-108.0
2026-09-18T18:16:25.192151-04:00,odds_api,401856694,Texas A&M Aggies,Kentucky Wildcats,betonlineag,-16.5,,50.0,,-925.0,624.0,2026-09-19T19:30:00Z,-120.0,-110.0
2026-09-18T18:16:25.192151-04:00,odds_api,401856694,Texas A&M Aggies,Kentucky Wildcats,betus,-17.0,,50.0,,-925.0,615.0,2026-09-19T19:30:00Z,-110.0,-110.0
2026-09-18T18:16:25.192151-04:00,odds_api,401856694,Texas A&M Aggies,Kentucky Wildcats,bovada,-17.5,,49.5,,-900.0,575.0,2026-09-19T19:30:00Z,-105.0,-115.0
2026-09-18T18:16:25.192151-04:00,odds_api,401858230,Louisville Cardinals,SMU Mustangs,draftkings,-1.5,,58.5,,-118.0,-102.0,2026-09-19T19:30:00Z,-110.0,-112.0
2026-09-18T18:16:25.192151-04:00,odds_api,401858230,Louisville Cardinals,SMU Mustangs,fanduel,-1.5,,58.5,,-126.0,105.0,2026-09-19T19:30:00Z,-115.0,-110.0
2026-09-18T18:16:25.192151-04:00,odds_api,401858230,Louisville Cardinals,SMU Mustangs,betmgm,-2.0,,58.5,,-120.0,100.0,2026-09-19T19:30:00Z,-108.0,-108.0
2026-09-18T18:16:25.192151-04:00,odds_api,401858230,Louisville Cardinals,SMU Mustangs,betrivers,-1.5,,59.0,,-125.0,100.0,2026-09-19T19:30:00Z,-110.0,-112.0
2026-09-18T18:16:25.192151-04:00,odds_api,401858230,Louisville Cardinals,SMU Mustangs,lowvig,-1.5,,58.5,,-124.0,104.0,2026-09-19T19:30:00Z,-102.0,-108.0
2026-09-18T18:16:25.192151-04:00,odds_api,401858230,Louisville Cardinals,SMU Mustangs,betonlineag,-1.5,,58.5,,-124.0,104.0,2026-09-19T19:30:00Z,-106.0,-110.0
2026-09-18T18:16:25.192151-04:00,odds_api,401858230,Louisville Cardinals,SMU Mustangs,betus,-1.5,,58.5,,-125.0,105.0,2026-09-19T19:30:00Z,-105.0,-110.0
2026-09-18T18:16:25.192151-04:00,odds_api,401858230,Louisville Cardinals,SMU Mustangs,bovada,-1.5,,58.5,,-130.0,110.0,2026-09-19T19:30:00Z,-110.0,-110.0
2026-09-18T18:16:25.192151-04:00,odds_api,401858450,Michigan Wolverines,UTEP Miners,fanduel,-34.5,,48.5,,,,2026-09-19T19:30:00Z,-122.0,-110.0
2026-09-18T18:16:25.192151-04:00,odds_api,401858450,Michigan Wolverines,UTEP Miners,draftkings,-34.5,,48.5,,,,2026-09-19T19:30:00Z,-118.0,-110.0
2026-09-18T18:16:25.192151-04:00,odds_api,401858450,Michigan Wolverines,UTEP Miners,lowvig,-34.5,,49.0,,,,2026-09-19T19:30:00Z,-111.0,-103.0
2026-09-18T18:16:25.192151-04:00,odds_api,401858450,Michigan Wolverines,UTEP Miners,betonlineag,-34.5,,49.0,,,,2026-09-19T19:30:00Z,-115.0,-105.0
2026-09-18T18:16:25.192151-04:00,odds_api,401858450,Michigan Wolverines,UTEP Miners,betrivers,-35.0,,49.5,,,,2026-09-19T19:30:00Z,-110.0,-110.0
2026-09-18T18:16:25.192151-04:00,odds_api,401858450,Michigan Wolverines,UTEP Miners,betmgm,-35.5,,48.5,,,,2026-09-19T19:30:00Z,-110.0,-110.0
2026-09-18T18:16:25.192151-04:00,odds_api,401858450,Michigan Wolverines,UTEP Miners,betus,-35.0,,48.5,,,,2026-09-19T19:30:00Z,-110.0,-110.0
2026-09-18T18:16:25.192151-04:00,odds_api,401858450,Michigan Wolverines,UTEP Miners,bovada,-35.5,,48.5,,,,2026-09-19T19:30:00Z,100.0,-110.0
2026-09-18T18:16:25.192151-04:00,odds_api,401858457,Rutgers Scarlet Knights,USC Trojans,fanduel,21.5,,57.5,,1100.0,-2500.0,2026-09-19T19:30:00Z,-108.0,-106.0
2026-09-18T18:16:25.192151-04:00,odds_api,401858457,Rutgers Scarlet Knights,USC Trojans,draftkings,21.5,,57.5,,1100.0,-2100.0,2026-09-19T19:30:00Z,-108.0,-118.0
2026-09-18T18:16:25.192151-04:00,odds_api,401858457,Rutgers Scarlet Knights,USC Trojans,lowvig,21.5,,57.5,,1096.0,-2200.0,2026-09-19T19:30:00Z,-106.0,-117.0
2026-09-18T18:16:25.192151-04:00,odds_api,401858457,Rutgers Scarlet Knights,USC Trojans,betonlineag,21.5,,57.5,,1096.0,-2200.0,2026-09-19T19:30:00Z,-110.0,-118.0
2026-09-18T18:16:25.192151-04:00,odds_api,401858457,Rutgers Scarlet Knights,USC Trojans,betrivers,22.0,,58.0,,1300.0,-5000.0,2026-09-19T19:30:00Z,-110.0,-115.0
2026-09-18T18:16:25.192151-04:00,odds_api,401858457,Rutgers Scarlet Knights,USC Trojans,betmgm,21.5,,57.5,,1200.0,-2000.0,2026-09-19T19:30:00Z,-110.0,-112.0
2026-09-18T18:16:25.192151-04:00,odds_api,401858457,Rutgers Scarlet Knights,USC Trojans,betus,21.5,,58.0,,1100.0,-2200.0,2026-09-19T19:30:00Z,-110.0,-110.0
2026-09-18T18:16:25.192151-04:00,odds_api,401858457,Rutgers Scarlet Knights,USC Trojans,bovada,22.0,,58.5,,1000.0,-2200.0,2026-09-19T19:30:00Z,-115.0,100.0
2026-09-18T18:16:25.192151-04:00,odds_api,401856801,Utah Utes,Utah State Aggies,fanduel,-26.5,,56.5,,-4500.0,1600.0,2026-09-19T19:30:00Z,-114.0,-112.0
2026-09-18T18:16:25.192151-04:00,odds_api,401856801,Utah Utes,Utah State Aggies,betrivers,-27.5,,56.5,,,,2026-09-19T19:30:00Z,-114.0,-113.0
2026-09-18T18:16:25.192151-04:00,odds_api,401856801,Utah Utes,Utah State Aggies,draftkings,-27.5,,56.5,,-5000.0,1800.0,2026-09-19T19:30:00Z,-112.0,-112.0
2026-09-18T18:16:25.192151-04:00,odds_api,401856801,Utah Utes,Utah State Aggies,betonlineag,-27.5,,56.5,,,,2026-09-19T19:30:00Z,-110.0,-110.0
2026-09-18T18:16:25.192151-04:00,odds_api,401856801,Utah Utes,Utah State Aggies,betmgm,-27.5,,56.5,,-5000.0,1850.0,2026-09-19T19:30:00Z,-108.0,-110.0
2026-09-18T18:16:25.192151-04:00,odds_api,401856801,Utah Utes,Utah State Aggies,betus,-27.5,,56.5,,,,2026-09-19T19:30:00Z,-110.0,-110.0
2026-09-18T18:16:25.192151-04:00,odds_api,401856801,Utah Utes,Utah State Aggies,bovada,-27.5,,56.5,,-7000.0,1300.0,2026-09-19T19:30:00Z,-110.0,-105.0
2026-09-18T18:16:25.192151-04:00,odds_api,401866422,Liberty Flames,Ball State Cardinals,fanduel,-14.5,,49.5,,-690.0,480.0,2026-09-19T20:00:00Z,-115.0,-110.0
2026-09-18T18:16:25.192151-04:00,odds_api,401866422,Liberty Flames,Ball State Cardinals,betrivers,-14.5,,49.5,,-715.0,480.0,2026-09-19T20:00:00Z,-108.0,-110.0
2026-09-18T18:16:25.192151-04:00,odds_api,401866422,Liberty Flames,Ball State Cardinals,draftkings,-14.5,,49.5,,-650.0,470.0,2026-09-19T20:00:00Z,-108.0,-108.0
2026-09-18T18:16:25.192151-04:00,odds_api,401866422,Liberty Flames,Ball State Cardinals,betonlineag,-15.0,,49.0,,-675.0,491.0,2026-09-19T20:00:00Z,-105.0,-110.0
2026-09-18T18:16:25.192151-04:00,odds_api,401866422,Liberty Flames,Ball State Cardinals,lowvig,-15.0,,49.0,,-675.0,491.0,2026-09-19T20:00:00Z,-105.0,-108.0
2026-09-18T18:16:25.192151-04:00,odds_api,401866422,Liberty Flames,Ball State Cardinals,betmgm,-14.5,,49.5,,-650.0,500.0,2026-09-19T20:00:00Z,-108.0,-108.0
2026-09-18T18:16:25.192151-04:00,odds_api,401866422,Liberty Flames,Ball State Cardinals,betus,-15.0,,49.0,,-675.0,490.0,2026-09-19T20:00:00Z,-105.0,-110.0
2026-09-18T18:16:25.192151-04:00,odds_api,401866422,Liberty Flames,Ball State Cardinals,bovada,-14.0,,49.0,,-650.0,450.0,2026-09-19T20:00:00Z,-115.0,-115.0
2026-09-18T18:16:25.192151-04:00,odds_api,401867804,Baylor Bears,Louisiana Tech Bulldogs,fanduel,-20.5,,48.5,,-1700.0,890.0,2026-09-19T20:00:00Z,-105.0,-115.0
2026-09-18T18:16:25.192151-04:00,odds_api,401867804,Baylor Bears,Louisiana Tech Bulldogs,draftkings,-20.5,,49.5,,-1350.0,800.0,2026-09-19T20:00:00Z,-105.0,-108.0
2026-09-18T18:16:25.192151-04:00,odds_api,401867804,Baylor Bears,Louisiana Tech Bulldogs,lowvig,-19.0,,48.0,,-1300.0,795.0,2026-09-19T20:00:00Z,-113.0,-124.0
2026-09-18T18:16:25.192151-04:00,odds_api,401867804,Baylor Bears,Louisiana Tech Bulldogs,betonlineag,-19.0,,48.0,,-1300.0,795.0,2026-09-19T20:00:00Z,-117.0,-125.0
2026-09-18T18:16:25.192151-04:00,odds_api,401867804,Baylor Bears,Louisiana Tech Bulldogs,betmgm,-20.0,,49.5,,-1200.0,825.0,2026-09-19T20:00:00Z,-108.0,-105.0
2026-09-18T18:16:25.192151-04:00,odds_api,401867804,Baylor Bears,Louisiana Tech Bulldogs,betrivers,-20.0,,50.5,,-1250.0,700.0,2026-09-19T20:00:00Z,-109.0,-108.0
2026-09-18T18:16:25.192151-04:00,odds_api,401867804,Baylor Bears,Louisiana Tech Bulldogs,betus,-20.0,,49.0,,-1300.0,780.0,2026-09-19T20:00:00Z,-110.0,-110.0
2026-09-18T18:16:25.192151-04:00,odds_api,401867804,Baylor Bears,Louisiana Tech Bulldogs,bovada,-20.0,,49.5,,-1200.0,700.0,2026-09-19T20:00:00Z,-110.0,-105.0
2026-09-18T18:16:25.192151-04:00,odds_api,401858231,Duke Blue Devils,Stanford Cardinal,fanduel,-10.5,,51.5,,-385.0,300.0,2026-09-19T20:00:00Z,-104.0,-104.0
2026-09-18T18:16:25.192151-04:00,odds_api,401858231,Duke Blue Devils,Stanford Cardinal,draftkings,-10.0,,50.5,,-395.0,310.0,2026-09-19T20:00:00Z,-110.0,-115.0
2026-09-18T18:16:25.192151-04:00,odds_api,401858231,Duke Blue Devils,Stanford Cardinal,lowvig,-10.0,,50.5,,-400.0,316.0,2026-09-19T20:00:00Z,-108.0,-108.0
2026-09-18T18:16:25.192151-04:00,odds_api,401858231,Duke Blue Devils,Stanford Cardinal,betonlineag,-10.0,,50.5,,-400.0,316.0,2026-09-19T20:00:00Z,-112.0,-110.0
2026-09-18T18:16:25.192151-04:00,odds_api,401858231,Duke Blue Devils,Stanford Cardinal,betmgm,-10.0,,50.5,,-400.0,310.0,2026-09-19T20:00:00Z,-110.0,-112.0
2026-09-18T18:16:25.192151-04:00,odds_api,401858231,Duke Blue Devils,Stanford Cardinal,betrivers,-9.5,,50.5,,-400.0,295.0,2026-09-19T20:00:00Z,-114.0,-112.0
2026-09-18T18:16:25.192151-04:00,odds_api,401858231,Duke Blue Devils,Stanford Cardinal,betus,-10.0,,50.5,,-400.0,320.0,2026-09-19T20:00:00Z,-110.0,-110.0
2026-09-18T18:16:25.192151-04:00,odds_api,401858231,Duke Blue Devils,Stanford Cardinal,bovada,-10.0,,51.0,,-400.0,300.0,2026-09-19T20:00:00Z,-110.0,-110.0
2026-09-18T18:16:25.192151-04:00,odds_api,401858449,Indiana Hoosiers,Western Kentucky Hilltoppers,draftkings,-44.5,,60.5,,,,2026-09-19T20:00:00Z,-112.0,-110.0
2026-09-18T18:16:25.192151-04:00,odds_api,401858449,Indiana Hoosiers,Western Kentucky Hilltoppers,fanduel,-44.5,,60.5,,,,2026-09-19T20:00:00Z,-115.0,-108.0
2026-09-18T18:16:25.192151-04:00,odds_api,401858449,Indiana Hoosiers,Western Kentucky Hilltoppers,betrivers,-44.5,,60.5,,,,2026-09-19T20:00:00Z,-113.0,-112.0
2026-09-18T18:16:25.192151-04:00,odds_api,401858449,Indiana Hoosiers,Western Kentucky Hilltoppers,lowvig,-44.5,,60.0,,,,2026-09-19T20:00:00Z,-111.0,-108.0
2026-09-18T18:16:25.192151-04:00,odds_api,401858449,Indiana Hoosiers,Western Kentucky Hilltoppers,betonlineag,-44.5,,60.0,,,,2026-09-19T20:00:00Z,-119.0,-110.0
2026-09-18T18:16:25.192151-04:00,odds_api,401858449,Indiana Hoosiers,Western Kentucky Hilltoppers,betus,-44.5,,60.0,,,,2026-09-19T20:00:00Z,-115.0,-110.0
2026-09-18T18:16:25.192151-04:00,odds_api,401858449,Indiana Hoosiers,Western Kentucky Hilltoppers,bovada,-44.5,,61.0,,,,2026-09-19T20:00:00Z,-115.0,100.0
2026-09-18T18:16:25.192151-04:00,odds_api,401858449,Indiana Hoosiers,Western Kentucky Hilltoppers,betmgm,-44.5,,60.5,,,,2026-09-19T20:00:00Z,-112.0,-108.0
2026-09-18T18:16:25.192151-04:00,odds_api,401858471,Iowa Hawkeyes,Northern Iowa Panthers,fanduel,-38.5,,49.5,,,,2026-09-19T20:00:00Z,-110.0,-110.0
2026-09-18T18:16:25.192151-04:00,odds_api,401858471,Iowa Hawkeyes,Northern Iowa Panthers,betrivers,-38.5,,48.5,,,,2026-09-19T20:00:00Z,-110.0,-113.0
2026-09-18T18:16:25.192151-04:00,odds_api,401858471,Iowa Hawkeyes,Northern Iowa Panthers,draftkings,-38.5,,49.5,,,,2026-09-19T20:00:00Z,-110.0,-105.0
2026-09-18T18:16:25.192151-04:00,odds_api,401858471,Iowa Hawkeyes,Northern Iowa Panthers,lowvig,-38.5,,49.5,,,,2026-09-19T20:00:00Z,-105.0,-110.0
2026-09-18T18:16:25.192151-04:00,odds_api,401858471,Iowa Hawkeyes,Northern Iowa Panthers,betonlineag,-38.5,,49.5,,,,2026-09-19T20:00:00Z,-105.0,-110.0
2026-09-18T18:16:25.192151-04:00,odds_api,401858471,Iowa Hawkeyes,Northern Iowa Panthers,betmgm,-38.5,,49.5,,,,2026-09-19T20:00:00Z,-108.0,-105.0
2026-09-18T18:16:25.192151-04:00,odds_api,401858471,Iowa Hawkeyes,Northern Iowa Panthers,bovada,-39.5,,48.5,,,,2026-09-19T20:00:00Z,-110.0,-110.0
2026-09-18T18:16:25.192151-04:00,odds_api,401856691,South Carolina Gamecocks,Mississippi State Bulldogs,draftkings,-4.0,,58.5,,-180.0,150.0,2026-09-19T20:15:00Z,-108.0,-112.0
2026-09-18T18:16:25.192151-04:00,odds_api,401856691,South Carolina Gamecocks,Mississippi State Bulldogs,fanduel,-3.5,,58.5,,-182.0,150.0,2026-09-19T20:15:00Z,-115.0,-110.0
2026-09-18T18:16:25.192151-04:00,odds_api,401856691,South Carolina Gamecocks,Mississippi State Bulldogs,betrivers,-4.0,,58.5,,-186.0,148.0,2026-09-19T20:15:00Z,-109.0,-109.0
2026-09-18T18:16:25.192151-04:00,odds_api,401856691,South Carolina Gamecocks,Mississippi State Bulldogs,lowvig,-3.5,,58.0,,-180.0,157.0,2026-09-19T20:15:00Z,-113.0,-114.0
2026-09-18T18:16:25.192151-04:00,odds_api,401856691,South Carolina Gamecocks,Mississippi State Bulldogs,betonlineag,-3.5,,58.0,,-180.0,157.0,2026-09-19T20:15:00Z,-117.0,-115.0
2026-09-18T18:16:25.192151-04:00,odds_api,401856691,South Carolina Gamecocks,Mississippi State Bulldogs,betmgm,-4.0,,58.5,,-185.0,150.0,2026-09-19T20:15:00Z,-108.0,-110.0
2026-09-18T18:16:25.192151-04:00,odds_api,401856691,South Carolina Gamecocks,Mississippi State Bulldogs,betus,-3.5,,58.0,,-180.0,155.0,2026-09-19T20:15:00Z,-115.0,-115.0
2026-09-18T18:16:25.192151-04:00,odds_api,401856691,South Carolina Gamecocks,Mississippi State Bulldogs,bovada,-3.5,,59.0,,-175.0,150.0,2026-09-19T20:15:00Z,-115.0,-110.0
2026-09-18T18:16:25.192151-04:00,odds_api,401868317,UL Monroe Warhawks,Southeastern Louisiana Lions,fanduel,-11.5,,48.5,,-500.0,375.0,2026-09-19T20:30:00Z,-110.0,-108.0
2026-09-18T18:16:25.192151-04:00,odds_api,401868317,UL Monroe Warhawks,Southeastern Louisiana Lions,draftkings,-10.5,,48.5,,,,2026-09-19T20:30:00Z,-108.0,-112.0
2026-09-18T18:16:25.192151-04:00,odds_api,401868317,UL Monroe Warhawks,Southeastern Louisiana Lions,betrivers,-11.0,,47.5,,-530.0,375.0,2026-09-19T20:30:00Z,-110.0,-108.0
2026-09-18T18:16:25.192151-04:00,odds_api,401868317,UL Monroe Warhawks,Southeastern Louisiana Lions,lowvig,-10.5,,48.5,,,,2026-09-19T20:30:00Z,-115.0,-115.0
2026-09-18T18:16:25.192151-04:00,odds_api,401868317,UL Monroe Warhawks,Southeastern Louisiana Lions,betonlineag,-10.5,,48.5,,,,2026-09-19T20:30:00Z,-115.0,-115.0
2026-09-18T18:16:25.192151-04:00,odds_api,401868317,UL Monroe Warhawks,Southeastern Louisiana Lions,betmgm,-10.5,,48.5,,-450.0,350.0,2026-09-19T20:30:00Z,-108.0,-108.0
2026-09-18T18:16:25.192151-04:00,odds_api,401868317,UL Monroe Warhawks,Southeastern Louisiana Lions,bovada,-10.5,,48.0,,-430.0,320.0,2026-09-19T20:30:00Z,-105.0,-110.0
2026-09-18T18:16:25.192151-04:00,odds_api,401862710,Old Dominion Monarchs,East Carolina Pirates,draftkings,-3.0,,48.5,,-148.0,124.0,2026-09-19T22:00:00Z,-102.0,-115.0
2026-09-18T18:16:25.192151-04:00,odds_api,401862710,Old Dominion Monarchs,East Carolina Pirates,betonlineag,-3.0,,48.0,,-147.0,127.0,2026-09-19T22:00:00Z,-105.0,-120.0
2026-09-18T18:16:25.192151-04:00,odds_api,401862710,Old Dominion Monarchs,East Carolina Pirates,lowvig,-3.0,,48.0,,-147.0,127.0,2026-09-19T22:00:00Z,-101.0,-119.0
2026-09-18T18:16:25.192151-04:00,odds_api,401862710,Old Dominion Monarchs,East Carolina Pirates,betmgm,-2.5,,48.5,,-145.0,120.0,2026-09-19T22:00:00Z,-125.0,-110.0
2026-09-18T18:16:25.192151-04:00,odds_api,401862710,Old Dominion Monarchs,East Carolina Pirates,fanduel,-2.5,,49.5,,-142.0,118.0,2026-09-19T22:00:00Z,-122.0,-105.0
2026-09-18T18:16:25.192151-04:00,odds_api,401862710,Old Dominion Monarchs,East Carolina Pirates,betrivers,-3.0,,49.5,,-148.0,120.0,2026-09-19T22:00:00Z,-107.0,-109.0
2026-09-18T18:16:25.192151-04:00,odds_api,401862710,Old Dominion Monarchs,East Carolina Pirates,betus,-3.0,,48.5,,-145.0,125.0,2026-09-19T22:00:00Z,-105.0,-110.0
2026-09-18T18:16:25.192151-04:00,odds_api,401862710,Old Dominion Monarchs,East Carolina Pirates,bovada,-2.5,,49.0,,-140.0,120.0,2026-09-19T22:00:00Z,-115.0,-110.0
2026-09-18T18:16:25.192151-04:00,odds_api,401862771,Florida Atlantic Owls,Florida International Panthers,fanduel,-6.5,,62.5,,-240.0,195.0,2026-09-19T22:00:00Z,-114.0,-110.0
2026-09-18T18:16:25.192151-04:00,odds_api,401862771,Florida Atlantic Owls,Florida International Panthers,draftkings,-6.5,,62.5,,-245.0,200.0,2026-09-19T22:00:00Z,-112.0,-108.0
2026-09-18T18:16:25.192151-04:00,odds_api,401862771,Florida Atlantic Owls,Florida International Panthers,lowvig,-6.5,,62.0,,-250.0,207.0,2026-09-19T22:00:00Z,-107.0,-108.0
2026-09-18T18:16:25.192151-04:00,odds_api,401862771,Florida Atlantic Owls,Florida International Panthers,betonlineag,-6.5,,62.0,,-250.0,207.0,2026-09-19T22:00:00Z,-111.0,-110.0
2026-09-18T18:16:25.192151-04:00,odds_api,401862771,Florida Atlantic Owls,Florida International Panthers,betmgm,-6.5,,62.5,,-235.0,200.0,2026-09-19T22:00:00Z,-110.0,-105.0
2026-09-18T18:16:25.192151-04:00,odds_api,401862771,Florida Atlantic Owls,Florida International Panthers,betrivers,-6.5,,62.5,,-286.0,220.0,2026-09-19T22:00:00Z,-120.0,-108.0
2026-09-18T18:16:25.192151-04:00,odds_api,401862771,Florida Atlantic Owls,Florida International Panthers,betus,-6.0,,62.0,,-240.0,203.0,2026-09-19T22:00:00Z,-115.0,-110.0
2026-09-18T18:16:25.192151-04:00,odds_api,401862771,Florida Atlantic Owls,Florida International Panthers,bovada,-6.5,,62.0,,-245.0,205.0,2026-09-19T22:00:00Z,-115.0,-110.0
2026-09-19T12:51:29.668906-04:00,cfbd,401856685,Alabama,Florida State,DraftKings,-19.5,-15.5,49.5,52.5,-1350.0,800.0,,,
2026-09-19T12:51:29.668906-04:00,cfbd,401856685,Alabama,Florida State,Bovada,-19.5,-20.5,50.0,49.0,-1500.0,775.0,,,
2026-09-19T12:51:29.668906-04:00,cfbd,401858230,Louisville,SMU,DraftKings,-2.5,-1.5,58.5,56.5,-130.0,110.0,,,
2026-09-19T12:51:29.668906-04:00,cfbd,401858230,Louisville,SMU,Bovada,-2.5,-1.0,58.5,59.5,-115.0,-105.0,,,
2026-09-19T12:51:29.668906-04:00,cfbd,401856687,Auburn,Florida,DraftKings,2.5,-1.5,52.5,53.5,110.0,-130.0,,,
2026-09-19T12:51:29.668906-04:00,cfbd,401856687,Auburn,Florida,Bovada,2.5,2.5,53.0,53.0,115.0,-135.0,,,
2026-09-19T12:51:29.668906-04:00,cfbd,401856688,Ole Miss,LSU,DraftKings,3.0,-1.5,58.5,57.5,130.0,-155.0,,,
2026-09-19T12:51:29.668906-04:00,cfbd,401856688,Ole Miss,LSU,Bovada,3.0,3.0,58.5,58.5,130.0,-165.0,,,
2026-09-19T12:51:29.668906-04:00,cfbd,401858453,Notre Dame,Michigan State,DraftKings,-29.5,-29.5,51.5,53.5,-5000.0,1800.0,,,
2026-09-19T12:51:29.668906-04:00,cfbd,401858453,Notre Dame,Michigan State,Bovada,-30.0,-30.0,52.0,52.0,-10000.0,1600.0,,,
2026-09-19T12:51:29.668906-04:00,cfbd,401858232,Maryland,Virginia Tech,DraftKings,2.5,1.5,53.5,53.5,120.0,-142.0,,,
2026-09-19T12:51:29.668906-04:00,cfbd,401858232,Maryland,Virginia Tech,Bovada,2.5,3.5,53.0,53.5,140.0,-165.0,,,
2026-09-19T12:51:29.668906-04:00,cfbd,401856691,South Carolina,Mississippi State,DraftKings,-3.5,-7.5,58.5,54.5,-175.0,145.0,,,
2026-09-19T12:51:29.668906-04:00,cfbd,401856691,South Carolina,Mississippi State,Bovada,-3.5,-3.5,59.0,58.5,-165.0,140.0,,,
2026-09-19T12:51:29.668906-04:00,cfbd,401856693,Texas,UTSA,DraftKings,-29.5,-29.5,58.5,57.5,-5000.0,1800.0,,,
2026-09-19T12:51:29.668906-04:00,cfbd,401856693,Texas,UTSA,Bovada,-30.0,-30.0,58.0,58.0,,,,,
2026-09-19T12:51:29.668906-04:00,cfbd,401861963,Southern Miss,UConn,DraftKings,3.0,2.5,54.5,55.5,136.0,-162.0,,,
2026-09-19T12:51:29.668906-04:00,cfbd,401861963,Southern Miss,UConn,Bovada,3.0,3.5,54.5,54.0,140.0,-165.0,,,
2026-09-19T12:51:29.668906-04:00,cfbd,401856796,Northwestern,Colorado,DraftKings,-3.5,-4.5,47.5,45.5,-175.0,145.0,,,
2026-09-19T12:51:29.668906-04:00,cfbd,401856796,Northwestern,Colorado,Bovada,-3.5,-4.5,48.0,47.0,-195.0,165.0,,,
2026-09-19T12:51:29.668906-04:00,cfbd,401856694,Texas A&M,Kentucky,DraftKings,-16.5,-15.5,49.5,48.5,-850.0,575.0,,,
2026-09-19T12:51:29.668906-04:00,cfbd,401856694,Texas A&M,Kentucky,Bovada,-16.5,-16.0,49.5,49.0,-750.0,500.0,,,
2026-09-19T12:51:29.668906-04:00,cfbd,401856800,UCF,Georgia State,Bovada,-17.5,-20.5,50.0,50.5,-1500.0,775.0,,,
2026-09-19T12:51:29.668906-04:00,cfbd,401856800,UCF,Georgia State,DraftKings,-17.5,-21.0,50.5,49.5,-1100.0,700.0,,,
2026-09-19T12:51:29.668906-04:00,cfbd,401858459,Washington,Eastern Washington,DraftKings,-42.5,-42.5,58.5,56.5,,,,,
2026-09-19T12:51:29.668906-04:00,cfbd,401858459,Washington,Eastern Washington,Bovada,-42.5,-42.5,58.5,58.0,,,,,
2026-09-19T12:51:29.668906-04:00,cfbd,401858458,UCLA,Purdue,DraftKings,-14.0,-14.0,52.5,53.5,-650.0,470.0,,,
2026-09-19T12:51:29.668906-04:00,cfbd,401858458,UCLA,Purdue,Bovada,-14.0,-15.5,52.5,53.0,-800.0,525.0,,,
2026-09-19T12:51:29.668906-04:00,cfbd,401856797,Cincinnati,Miami (OH),DraftKings,-15.5,-15.5,50.5,49.5,-675.0,490.0,,,
2026-09-19T12:51:29.668906-04:00,cfbd,401856797,Cincinnati,Miami (OH),Bovada,-15.5,-14.5,50.0,51.0,-675.0,460.0,,,
2026-09-19T12:51:29.668906-04:00,cfbd,401856803,Oklahoma State,Murray State,DraftKings,-56.5,-56.5,70.5,70.5,,,,,
2026-09-19T12:51:29.668906-04:00,cfbd,401856803,Oklahoma State,Murray State,Bovada,-56.0,-55.5,70.5,70.0,,,,,
2026-09-19T12:51:29.668906-04:00,cfbd,401858449,Indiana,Western Kentucky,DraftKings,-44.5,-44.5,60.5,59.5,,,,,
2026-09-19T12:51:29.668906-04:00,cfbd,401858449,Indiana,Western Kentucky,Bovada,-44.5,-44.0,61.0,59.5,,,,,
2026-09-19T12:51:29.668906-04:00,cfbd,401864443,Middle Tennessee,Nevada,DraftKings,3.5,6.5,50.5,49.5,150.0,-180.0,,,
2026-09-19T12:51:29.668906-04:00,cfbd,401864443,Middle Tennessee,Nevada,Bovada,3.5,5.5,50.0,51.0,180.0,-220.0,,,
2026-09-19T12:51:29.668906-04:00,cfbd,401866423,South Alabama,Ohio,Bovada,-7.0,-4.0,48.5,52.5,-185.0,160.0,,,
2026-09-19T12:51:29.668906-04:00,cfbd,401866423,South Alabama,Ohio,DraftKings,-7.0,-3.5,48.5,53.5,-258.0,210.0,,,
2026-09-19T12:51:29.668906-04:00,cfbd,401858471,Iowa,Northern Iowa,DraftKings,-37.5,-40.5,48.5,49.5,,,,,
2026-09-19T12:51:29.668906-04:00,cfbd,401858471,Iowa,Northern Iowa,Bovada,-37.5,-40.5,49.0,49.0,,,,,
2026-09-19T12:51:29.668906-04:00,cfbd,401860886,Oregon State,Montana,DraftKings,-17.5,-17.5,55.5,52.5,-850.0,575.0,,,
2026-09-19T12:51:29.668906-04:00,cfbd,401860886,Oregon State,Montana,Bovada,-17.0,-17.0,56.0,54.5,-900.0,575.0,,,
2026-09-19T12:51:29.668906-04:00,cfbd,401866422,Liberty,Ball State,DraftKings,-14.0,-14.5,48.5,55.5,-650.0,470.0,,,
2026-09-19T12:51:29.668906-04:00,cfbd,401866422,Liberty,Ball State,Bovada,-14.0,-14.0,48.5,51.0,-625.0,430.0,,,
2026-09-19T12:51:29.668906-04:00,cfbd,401864508,Central Michigan,Wyoming,Bovada,1.0,-1.5,40.0,39.5,-120.0,100.0,,,
2026-09-19T12:51:29.668906-04:00,cfbd,401864508,Central Michigan,Wyoming,DraftKings,1.5,-2.5,39.5,39.5,102.0,-122.0,,,
2026-09-19T12:51:29.668906-04:00,cfbd,401864574,App State,Charlotte,Bovada,-17.0,-20.5,53.0,50.5,-1600.0,800.0,,,
2026-09-19T12:51:29.668906-04:00,cfbd,401864574,App State,Charlotte,DraftKings,-17.5,-19.5,52.5,53.5,-1100.0,700.0,,,
2026-09-19T12:51:29.668906-04:00,cfbd,401867804,Baylor,Louisiana Tech,Bovada,-20.0,-19.0,50.5,55.0,-1100.0,650.0,,,
2026-09-19T12:51:29.668906-04:00,cfbd,401867804,Baylor,Louisiana Tech,DraftKings,-19.5,-17.5,50.5,55.5,-1350.0,800.0,,,
2026-09-19T12:51:29.668906-04:00,cfbd,401862710,Old Dominion,East Carolina,Bovada,-2.5,-3.0,49.0,49.5,-145.0,125.0,,,
2026-09-19T12:51:29.668906-04:00,cfbd,401862710,Old Dominion,East Carolina,DraftKings,-2.5,-2.5,48.5,49.5,-142.0,120.0,,,
2026-09-19T12:51:29.668906-04:00,cfbd,401862774,Toledo,Temple,Bovada,-5.0,-5.0,48.5,51.0,-210.0,175.0,,,
2026-09-19T12:51:29.668906-04:00,cfbd,401862774,Toledo,Temple,DraftKings,-5.5,-4.0,48.5,52.5,-205.0,170.0,,,
2026-09-19T12:51:29.668906-04:00,cfbd,401858457,Rutgers,USC,DraftKings,21.0,24.5,57.5,57.5,1100.0,-2100.0,,,
2026-09-19T12:51:29.668906-04:00,cfbd,401858457,Rutgers,USC,Bovada,21.0,24.5,58.0,57.5,1100.0,-3300.0,,,
2026-09-19T12:51:29.668906-04:00,cfbd,401856801,Utah,Utah State,DraftKings,-27.5,-27.5,55.5,57.5,-5000.0,1800.0,,,
2026-09-19T12:51:29.668906-04:00,cfbd,401856801,Utah,Utah State,Bovada,-27.5,-28.0,56.5,57.0,-7000.0,1300.0,,,
2026-09-19T12:51:29.668906-04:00,cfbd,401858452,Nebraska,North Dakota,DraftKings,-27.5,-24.5,55.5,51.5,-2800.0,1300.0,,,
2026-09-19T12:51:29.668906-04:00,cfbd,401858452,Nebraska,North Dakota,Bovada,-28.0,-24.0,56.0,51.0,-2500.0,1000.0,,,
2026-09-19T12:51:29.668906-04:00,cfbd,401856795,Colorado State,BYU,Bovada,17.0,18.0,52.5,52.0,650.0,-1100.0,,,
2026-09-19T12:51:29.668906-04:00,cfbd,401856795,Colorado State,BYU,DraftKings,17.5,21.0,52.5,52.5,650.0,-1000.0,,,
2026-09-19T12:51:29.668906-04:00,cfbd,401869948,Jacksonville State,Georgia Southern,Bovada,-3.0,-3.5,52.5,52.5,-175.0,150.0,,,
2026-09-19T12:51:29.668906-04:00,cfbd,401869948,Jacksonville State,Georgia Southern,DraftKings,-3.5,-2.5,52.5,53.5,-166.0,140.0,,,
2026-09-19T12:51:29.668906-04:00,cfbd,401862773,Rice,Western Michigan,Bovada,9.0,12.0,43.5,44.0,325.0,-510.0,,,
2026-09-19T12:51:29.668906-04:00,cfbd,401862773,Rice,Western Michigan,DraftKings,8.5,11.5,43.5,45.5,285.0,-360.0,,,
2026-09-19T12:51:29.668906-04:00,cfbd,401858448,Illinois,Southern Illinois,DraftKings,-35.5,-41.5,55.5,54.5,,,,,
2026-09-19T12:51:29.668906-04:00,cfbd,401858448,Illinois,Southern Illinois,Bovada,-35.0,-38.5,55.5,55.5,,,,,
2026-09-19T12:51:29.668906-04:00,cfbd,401858231,Duke,Stanford,DraftKings,-10.0,-10.0,51.5,50.5,-395.0,310.0,,,
2026-09-19T12:51:29.668906-04:00,cfbd,401858231,Duke,Stanford,Bovada,-10.0,-9.5,51.0,51.0,-370.0,285.0,,,
2026-09-19T12:51:29.668906-04:00,cfbd,401870764,Sam Houston,Nicholls,DraftKings,-21.0,-17.5,50.5,49.5,,,,,
2026-09-19T12:51:29.668906-04:00,cfbd,401870764,Sam Houston,Nicholls,Bovada,-21.0,-17.5,51.5,49.0,-1000.0,625.0,,,
2026-09-19T12:51:29.668906-04:00,cfbd,401871047,Missouri State,Marshall,DraftKings,4.0,4.5,53.5,53.5,160.0,-192.0,,,
2026-09-19T12:51:29.668906-04:00,cfbd,401871047,Missouri State,Marshall,Bovada,4.0,4.0,53.0,52.0,160.0,-185.0,,,
2026-09-19T12:51:29.668906-04:00,cfbd,401856799,TCU,Arkansas State,DraftKings,-18.5,-20.5,56.5,57.5,-1350.0,800.0,,,
2026-09-19T12:51:29.668906-04:00,cfbd,401856799,TCU,Arkansas State,Bovada,-19.5,-20.0,56.0,57.5,-1400.0,750.0,,,
2026-09-19T12:51:29.668906-04:00,cfbd,401856692,Tennessee,Kennesaw State,DraftKings,-35.5,-34.5,60.5,59.5,-8000.0,2200.0,,,
2026-09-19T12:51:29.668906-04:00,cfbd,401856692,Tennessee,Kennesaw State,Bovada,-35.5,-35.5,60.0,60.0,,,,,
2026-09-19T12:51:29.668906-04:00,cfbd,401860888,San José State,Fresno State,DraftKings,5.5,7.5,48.5,52.5,170.0,-205.0,,,
2026-09-19T12:51:29.668906-04:00,cfbd,401860888,San José State,Fresno State,Bovada,5.5,7.0,48.5,50.5,225.0,-275.0,,,
2026-09-19T12:51:29.668906-04:00,cfbd,401860887,San Diego State,James Madison,DraftKings,-2.5,-1.5,46.5,46.5,-130.0,110.0,,,
2026-09-19T12:51:29.668906-04:00,cfbd,401860887,San Diego State,James Madison,Bovada,-2.0,-2.5,46.0,46.5,-135.0,115.0,,,
2026-09-19T12:51:29.668906-04:00,cfbd,401864507,Sacramento State,North Dakota State,DraftKings,26.5,23.5,50.5,53.5,2000.0,-6500.0,,,
2026-09-19T12:51:29.668906-04:00,cfbd,401864507,Sacramento State,North Dakota State,Bovada,26.5,28.0,50.5,53.0,1300.0,-7000.0,,,
2026-09-19T12:51:29.668906-04:00,cfbd,401856793,Arizona,Northern Illinois,DraftKings,-33.5,-35.5,50.5,49.5,-6500.0,2000.0,,,
2026-09-19T12:51:29.668906-04:00,cfbd,401856793,Arizona,Northern Illinois,Bovada,-34.0,-34.5,50.0,50.0,,,,,
2026-09-19T12:51:29.668906-04:00,cfbd,401862771,Florida Atlantic,Florida International,Bovada,-6.5,-7.0,62.0,62.5,-275.0,225.0,,,
2026-09-19T12:51:29.668906-04:00,cfbd,401862771,Florida Atlantic,Florida International,DraftKings,-6.5,-7.5,62.5,62.5,-245.0,200.0,,,
2026-09-19T12:51:29.668906-04:00,cfbd,401862775,Tulsa,East Texas A&M,DraftKings,-42.5,-42.5,56.5,56.5,,,,,
2026-09-19T12:51:29.668906-04:00,cfbd,401862775,Tulsa,East Texas A&M,Bovada,-42.5,-42.5,56.5,57.5,,,,,
2026-09-19T12:51:29.668906-04:00,cfbd,401858450,Michigan,UTEP,DraftKings,-34.5,-36.5,48.5,49.5,,,,,
2026-09-19T12:51:29.668906-04:00,cfbd,401858450,Michigan,UTEP,Bovada,-34.5,-37.0,48.5,49.5,,,,,
2026-09-19T12:51:29.668906-04:00,cfbd,401856802,Virginia,West Virginia,DraftKings,-10.5,-8.5,53.5,50.5,-410.0,320.0,,,
2026-09-19T12:51:29.668906-04:00,cfbd,401856802,Virginia,West Virginia,Bovada,-11.0,-9.5,53.5,54.5,-380.0,290.0,,,
2026-09-19T12:51:29.668906-04:00,cfbd,401856690,Oklahoma,New Mexico,DraftKings,-21.5,-23.5,45.5,48.5,-2100.0,1100.0,,,
2026-09-19T12:51:29.668906-04:00,cfbd,401856690,Oklahoma,New Mexico,Bovada,-22.0,-23.5,45.5,48.0,-2500.0,1000.0,,,
2026-09-19T12:51:29.668906-04:00,cfbd,401866424,Massachusetts,Stonehill,DraftKings,-30.5,-33.5,50.5,49.5,,,,,
2026-09-19T12:51:29.668906-04:00,cfbd,401866424,Massachusetts,Stonehill,Bovada,-31.5,-33.5,50.0,50.5,,,,,
2026-09-19T12:51:29.668906-04:00,cfbd,401860885,Boise State,South Dakota,DraftKings,-28.5,-23.5,59.5,55.5,-2800.0,1300.0,,,
2026-09-19T12:51:29.668906-04:00,cfbd,401860885,Boise State,South Dakota,Bovada,-28.0,-24.5,59.5,56.0,-2800.0,1100.0,,,
2026-09-19T12:51:29.668906-04:00,cfbd,401862776,Louisiana,UAB,DraftKings,-7.0,-10.0,55.5,59.5,-278.0,225.0,,,
2026-09-19T12:51:29.668906-04:00,cfbd,401862776,Louisiana,UAB,Bovada,-7.0,-7.5,55.0,56.5,-330.0,265.0,,,
2026-09-19T12:51:29.668906-04:00,cfbd,401862777,South Florida,Delaware State,DraftKings,-36.5,-36.5,60.5,61.5,,,,,
2026-09-19T12:51:29.668906-04:00,cfbd,401862777,South Florida,Delaware State,Bovada,-36.5,-36.5,61.0,61.0,,,,,
2026-09-19T12:51:29.668906-04:00,cfbd,401868317,UL Monroe,SE Louisiana,Bovada,-10.0,-10.5,48.0,48.0,-415.0,310.0,,,
2026-09-19T12:51:29.668906-04:00,cfbd,401868317,UL Monroe,SE Louisiana,DraftKings,-9.5,-10.5,48.5,48.5,,,,,
2026-09-19T12:51:29.668906-04:00,cfbd,401866634,Stony Brook,Rhode Island,DraftKings,9.5,13.5,51.5,52.5,260.0,-346.0,,,
2026-09-19T12:51:29.668906-04:00,cfbd,401868051,Idaho,Abilene Christian,DraftKings,1.5,1.5,56.5,54.5,-109.0,-114.0,,,
2026-09-19T12:51:29.668906-04:00,cfbd,401868247,UT Rio Grande Valley,McNeese,DraftKings,-5.5,-5.5,52.5,52.5,-204.0,162.0,,,
2026-09-19T12:51:29.668906-04:00,cfbd,401867979,Gardner-Webb,North Carolina Central,DraftKings,-7.5,-3.5,51.5,51.5,-233.0,183.0,,,
2026-09-19T12:51:29.668906-04:00,cfbd,401858227,Boston College,Maine,Bovada,-38.0,-38.5,54.5,53.5,,,,,
2026-09-19T12:51:29.668906-04:00,cfbd,401858227,Boston College,Maine,DraftKings,-37.5,-38.5,54.5,53.5,,,,,
2026-09-19T12:51:29.668906-04:00,cfbd,401867846,Illinois State,Eastern Illinois,DraftKings,-29.5,-29.5,53.5,53.5,,,,,
2026-09-19T12:51:29.668906-04:00,cfbd,401858233,California,Wagner,DraftKings,-58.5,-58.5,65.5,65.5,,,,,
2026-09-19T12:51:29.668906-04:00,cfbd,401858233,California,Wagner,Bovada,-57.5,-57.5,65.0,65.0,,,,,
2026-09-19T12:51:29.668906-04:00,cfbd,401856689,Missouri,Troy,Bovada,-27.0,-27.0,49.5,49.5,-6500.0,1300.0,,,
2026-09-19T12:51:29.668906-04:00,cfbd,401856689,Missouri,Troy,DraftKings,-27.5,-27.5,49.5,49.5,-4500.0,1700.0,,,
2026-09-19T12:51:29.668906-04:00,cfbd,401866636,Campbell,North Carolina A&T,DraftKings,-20.5,-18.5,56.5,56.5,-1520.0,770.0,,,
2026-09-19T12:51:29.668906-04:00,cfbd,401868023,Holy Cross,Yale,DraftKings,21.0,18.5,50.5,50.5,800.0,-1640.0,,,
2026-09-19T12:51:29.668906-04:00,cfbd,401860890,Washington State,Duquesne,DraftKings,-38.5,-37.5,51.5,53.5,,,,,
2026-09-19T12:51:29.668906-04:00,cfbd,401860890,Washington State,Duquesne,Bovada,-38.5,-38.5,52.0,54.0,,,,,
2026-09-19T12:51:29.668906-04:00,cfbd,401866635,UAlbany,Monmouth,DraftKings,-1.5,-1.5,51.5,51.5,-120.0,-104.0,,,
2026-09-19T12:51:29.668906-04:00,cfbd,401867984,Furman,South Carolina State,DraftKings,7.5,10.0,46.5,48.5,295.0,-400.0,,,
2026-09-19T12:51:29.668906-04:00,cfbd,401867898,Montana State,Central Connecticut,DraftKings,-40.5,-38.5,59.5,59.5,,,,,
2026-09-19T12:51:29.668906-04:00,cfbd,401867898,Montana State,Central Connecticut,Bovada,-39.0,-39.0,60.0,60.0,,,,,
2026-09-19T12:51:29.668906-04:00,cfbd,401866641,Norfolk State,Hampton,DraftKings,-8.5,-8.5,50.5,50.5,-375.0,279.0,,,
2026-09-19T12:51:29.668906-04:00,cfbd,401866640,Towson,Morgan State,DraftKings,-10.0,-10.0,44.5,44.5,-423.0,310.0,,,
2026-09-19T12:51:29.668906-04:00,cfbd,401868337,Chattanooga,Wofford,DraftKings,-1.5,-1.5,43.5,43.5,-120.0,-104.0,,,
2026-09-19T12:51:29.668906-04:00,cfbd,401866638,Bryant,Princeton,DraftKings,2.5,3.0,44.5,44.5,121.0,-150.0,,,
2026-09-19T12:51:29.668906-04:00,cfbd,401868275,Western Carolina,Presbyterian,DraftKings,-33.5,-28.5,66.5,62.5,,,,,
2026-09-19T12:51:29.668906-04:00,cfbd,401867826,Colgate,Cornell,DraftKings,-12.5,-12.5,50.5,52.5,-551.0,384.0,,,
2026-09-19T12:51:29.668906-04:00,cfbd,401868397,Davidson,VMI,DraftKings,4.0,3.0,42.5,42.5,125.0,-156.0,,,
2026-09-19T12:51:29.668906-04:00,cfbd,401868133,Southeast Missouri State,Central Arkansas,DraftKings,-3.0,-3.0,54.5,54.5,-145.0,117.0,,,
2026-09-19T12:51:29.668906-04:00,cfbd,401868151,North Alabama,Alcorn State,DraftKings,-13.5,-13.5,52.5,52.5,-510.0,361.0,,,
2026-09-19T12:51:29.668906-04:00,cfbd,401869147,Incarnate Word,Houston Christian,DraftKings,-14.0,-14.0,50.5,50.5,-680.0,450.0,,,
2026-09-19T12:51:29.668906-04:00,cfbd,401868009,William & Mary,Fordham,DraftKings,-19.5,-19.5,51.5,51.5,-1620.0,800.0,,,
2026-09-19T12:51:29.668906-04:00,cfbd,401868142,Eastern Kentucky,Dayton,DraftKings,-11.5,-10.0,46.5,45.5,-436.0,317.0,,,
2026-09-19T12:51:29.668906-04:00,cfbd,401867686,Butler,Chicago State,DraftKings,-20.5,-19.5,54.5,53.5,-1700.0,820.0,,,
2026-09-19T12:51:29.668906-04:00,cfbd,401868164,UC Davis,Stetson,DraftKings,-47.5,-47.5,65.5,63.5,,,,,
2026-09-19T12:51:29.668906-04:00,cfbd,401868164,UC Davis,Stetson,Bovada,-47.5,-47.5,64.5,64.5,,,,,
2026-09-19T12:51:29.668906-04:00,cfbd,401868018,Richmond,Georgetown,DraftKings,-15.5,-12.5,47.5,47.5,-575.0,398.0,,,
2026-09-19T12:51:29.668906-04:00,cfbd,401868307,Prairie View A&M,Stephen F. Austin,DraftKings,16.5,17.5,50.5,50.5,620.0,-1080.0,,,
2026-09-19T12:51:29.668906-04:00,cfbd,401868237,Tarleton State,Merrimack,DraftKings,-32.5,-34.5,58.5,58.5,,,,,
2026-09-19T12:51:29.668906-04:00,cfbd,401868075,Cal Poly,San Diego,DraftKings,-19.5,-18.5,58.5,56.5,-1420.0,740.0,,,
2026-09-19T12:51:29.668906-04:00,cfbd,401867991,Bucknell,Pennsylvania,DraftKings,3.5,3.0,46.5,48.5,155.0,-195.0,,,
2026-09-19T12:51:29.668906-04:00,cfbd,401867896,South Dakota State,Youngstown State,DraftKings,-10.0,-10.0,59.5,59.5,-350.0,263.0,,,
2026-09-19T12:51:29.668906-04:00,cfbd,401868124,Utah Tech,Northern Arizona,DraftKings,18.5,21.5,52.5,53.5,960.0,-2300.0,,,
2026-09-19T12:51:29.668906-04:00,cfbd,401862772,Memphis,UT Martin,DraftKings,-34.5,-34.5,57.5,57.5,-50000.0,4000.0,,,
2026-09-19T12:51:29.668906-04:00,cfbd,401862772,Memphis,UT Martin,Bovada,-34.5,-34.5,57.0,57.0,,,,,
2026-09-19T12:51:29.668906-04:00,cfbd,401868062,West Florida,Austin Peay,Bovada,11.5,11.5,55.0,55.0,,,,,
2026-09-19T12:51:29.668906-04:00,cfbd,401868062,West Florida,Austin Peay,DraftKings,10.0,6.5,55.5,55.5,284.0,-382.0,,,
2026-09-19T12:51:29.668906-04:00,cfbd,401866637,Elon,Sacred Heart,DraftKings,-13.5,-15.5,48.5,49.5,-562.0,391.0,,,
2026-09-19T12:51:29.668906-04:00,cfbd,401866639,New Hampshire,Harvard,DraftKings,14.5,15.5,51.5,52.5,554.0,-900.0,,,
2026-09-19T12:51:29.668906-04:00,cfbd,401868159,St. Thomas (MN),Southern Utah,DraftKings,12.5,14.0,59.5,57.5,298.0,-405.0,,,
2026-09-19T12:51:29.668906-04:00,cfbd,401867857,Indiana State,Valparaiso,DraftKings,-22.5,-22.5,53.5,53.5,-2900.0,1060.0,,,
2026-09-19T12:51:29.668906-04:00,cfbd,401868196,Florida A&M,Tennessee State,DraftKings,-2.5,-4.5,47.5,47.5,-211.0,167.0,,,
2026-09-19T12:51:29.668906-04:00,cfbd,401868168,Weber State,Northwestern State,DraftKings,-34.5,-34.5,54.5,54.5,,,,,
2026-09-19T12:51:29.668906-04:00,cfbd,401868205,Western Illinois,Morehead State,DraftKings,-20.5,-18.5,61.5,58.5,-1900.0,870.0,,,
2026-09-19T12:51:30.023960-04:00,odds_api,401864508,Central Michigan Chippewas,Wyoming Cowboys,fanduel,1.5,,40.5,,-102.0,-118.0,2026-09-19T17:00:00Z,-110.0,-106.0
2026-09-19T12:51:30.023960-04:00,odds_api,401864508,Central Michigan Chippewas,Wyoming Cowboys,draftkings,1.5,,39.5,,102.0,-122.0,2026-09-19T17:00:00Z,-110.0,-115.0
2026-09-19T12:51:30.023960-04:00,odds_api,401864508,Central Michigan Chippewas,Wyoming Cowboys,lowvig,2.0,,40.0,,103.0,-123.0,2026-09-19T17:00:00Z,-104.0,-103.0
2026-09-19T12:51:30.023960-04:00,odds_api,401864508,Central Michigan Chippewas,Wyoming Cowboys,betonlineag,2.0,,40.0,,103.0,-123.0,2026-09-19T17:00:00Z,-108.0,-105.0
2026-09-19T12:51:30.023960-04:00,odds_api,401864508,Central Michigan Chippewas,Wyoming Cowboys,betrivers,1.0,,39.5,,-108.0,-115.0,2026-09-19T17:00:00Z,-113.0,-112.0
2026-09-19T12:51:30.023960-04:00,odds_api,401864508,Central Michigan Chippewas,Wyoming Cowboys,mybookieag,1.5,,39.5,,102.0,-125.0,2026-09-19T17:00:00Z,-110.0,-110.0
2026-09-19T12:51:30.023960-04:00,odds_api,401864508,Central Michigan Chippewas,Wyoming Cowboys,betmgm,2.0,,39.5,,100.0,-120.0,2026-09-19T17:00:00Z,-110.0,-112.0
2026-09-19T12:51:30.023960-04:00,odds_api,401864508,Central Michigan Chippewas,Wyoming Cowboys,betus,2.0,,39.5,,105.0,-125.0,2026-09-19T17:00:00Z,-110.0,-110.0
2026-09-19T12:51:30.023960-04:00,odds_api,401864508,Central Michigan Chippewas,Wyoming Cowboys,bovada,2.0,,40.0,,105.0,-125.0,2026-09-19T17:00:00Z,-110.0,-105.0
2026-09-19T12:51:30.023960-04:00,odds_api,401858227,Boston College Eagles,Maine Black Bears,fanduel,-37.5,,54.5,,,,2026-09-19T18:00:00Z,-114.0,-110.0
2026-09-19T12:51:30.023960-04:00,odds_api,401858227,Boston College Eagles,Maine Black Bears,betrivers,-38.5,,53.5,,,,2026-09-19T18:00:00Z,-107.0,-115.0
2026-09-19T12:51:30.023960-04:00,odds_api,401858227,Boston College Eagles,Maine Black Bears,draftkings,-37.5,,54.5,,,,2026-09-19T18:00:00Z,-115.0,-110.0
2026-09-19T12:51:30.023960-04:00,odds_api,401858227,Boston College Eagles,Maine Black Bears,betonlineag,-37.5,,54.5,,,,2026-09-19T18:00:00Z,-110.0,-110.0
2026-09-19T12:51:30.023960-04:00,odds_api,401858227,Boston College Eagles,Maine Black Bears,lowvig,-37.5,,54.0,,,,2026-09-19T18:00:00Z,-110.0,-115.0
2026-09-19T12:51:30.023960-04:00,odds_api,401858227,Boston College Eagles,Maine Black Bears,betmgm,-37.5,,54.5,,,,2026-09-19T18:00:00Z,-110.0,-110.0
2026-09-19T12:51:30.023960-04:00,odds_api,401858227,Boston College Eagles,Maine Black Bears,bovada,-38.0,,54.5,,,,2026-09-19T18:00:00Z,-110.0,-110.0
2026-09-19T12:51:30.023960-04:00,odds_api,401858448,Illinois Fighting Illini,Southern Illinois Salukis,fanduel,-35.5,,55.5,,-100000.0,6500.0,2026-09-19T18:00:00Z,-108.0,-106.0
2026-09-19T12:51:30.023960-04:00,odds_api,401858448,Illinois Fighting Illini,Southern Illinois Salukis,betrivers,-36.0,,55.5,,,,2026-09-19T18:00:00Z,-110.0,-105.0
2026-09-19T12:51:30.023960-04:00,odds_api,401858448,Illinois Fighting Illini,Southern Illinois Salukis,draftkings,-35.5,,55.5,,,,2026-09-19T18:00:00Z,100.0,-112.0
2026-09-19T12:51:30.023960-04:00,odds_api,401858448,Illinois Fighting Illini,Southern Illinois Salukis,lowvig,-35.0,,56.5,,,,2026-09-19T18:00:00Z,-115.0,-102.0
2026-09-19T12:51:30.023960-04:00,odds_api,401858448,Illinois Fighting Illini,Southern Illinois Salukis,betonlineag,-35.0,,56.5,,,,2026-09-19T18:00:00Z,-115.0,-102.0
2026-09-19T12:51:30.023960-04:00,odds_api,401858448,Illinois Fighting Illini,Southern Illinois Salukis,betmgm,-35.5,,55.5,,,,2026-09-19T18:00:00Z,-108.0,-110.0
2026-09-19T12:51:30.023960-04:00,odds_api,401858448,Illinois Fighting Illini,Southern Illinois Salukis,bovada,-35.0,,55.5,,,,2026-09-19T18:00:00Z,-115.0,-110.0
2026-09-19T12:51:30.023960-04:00,odds_api,401862774,Toledo Rockets,Temple Owls,fanduel,-5.5,,48.5,,-205.0,168.0,2026-09-19T19:00:00Z,-106.0,-114.0
2026-09-19T12:51:30.023960-04:00,odds_api,401862774,Toledo Rockets,Temple Owls,betonlineag,-5.0,,48.5,,-200.0,174.0,2026-09-19T19:00:00Z,-110.0,-110.0
2026-09-19T12:51:30.023960-04:00,odds_api,401862774,Toledo Rockets,Temple Owls,draftkings,-5.5,,48.5,,-205.0,170.0,2026-09-19T19:00:00Z,-105.0,-115.0
2026-09-19T12:51:30.023960-04:00,odds_api,401862774,Toledo Rockets,Temple Owls,lowvig,-5.0,,48.5,,-200.0,174.0,2026-09-19T19:00:00Z,-106.0,-108.0
2026-09-19T12:51:30.023960-04:00,odds_api,401862774,Toledo Rockets,Temple Owls,betrivers,-5.5,,48.5,,-230.0,180.0,2026-09-19T19:00:00Z,-115.0,-114.0
2026-09-19T12:51:30.023960-04:00,odds_api,401862774,Toledo Rockets,Temple Owls,mybookieag,-5.5,,49.0,,-230.0,183.0,2026-09-19T19:00:00Z,-110.0,-110.0
2026-09-19T12:51:30.023960-04:00,odds_api,401862774,Toledo Rockets,Temple Owls,betmgm,-5.0,,48.5,,-210.0,170.0,2026-09-19T19:00:00Z,-110.0,-112.0
2026-09-19T12:51:30.023960-04:00,odds_api,401862774,Toledo Rockets,Temple Owls,betus,-5.0,,48.5,,-195.0,167.0,2026-09-19T19:00:00Z,-110.0,-110.0
2026-09-19T12:51:30.023960-04:00,odds_api,401862774,Toledo Rockets,Temple Owls,bovada,-5.0,,48.5,,-210.0,175.0,2026-09-19T19:00:00Z,-115.0,-110.0
2026-09-19T12:51:30.023960-04:00,odds_api,401856685,Alabama Crimson Tide,Florida State Seminoles,draftkings,-19.5,,49.5,,-1350.0,800.0,2026-09-19T19:30:00Z,-112.0,-112.0
2026-09-19T12:51:30.023960-04:00,odds_api,401856685,Alabama Crimson Tide,Florida State Seminoles,mybookieag,-20.0,,49.0,,-1442.0,787.0,2026-09-19T19:30:00Z,-110.0,-110.0
2026-09-19T12:51:30.023960-04:00,odds_api,401856685,Alabama Crimson Tide,Florida State Seminoles,betmgm,-19.0,,50.5,,-1400.0,900.0,2026-09-19T19:30:00Z,-110.0,-110.0
2026-09-19T12:51:30.023960-04:00,odds_api,401856685,Alabama Crimson Tide,Florida State Seminoles,fanduel,-19.5,,49.5,,-1600.0,860.0,2026-09-19T19:30:00Z,-106.0,-118.0
2026-09-19T12:51:30.023960-04:00,odds_api,401856685,Alabama Crimson Tide,Florida State Seminoles,betrivers,-20.0,,50.0,,-1667.0,850.0,2026-09-19T19:30:00Z,-109.0,-110.0
2026-09-19T12:51:30.023960-04:00,odds_api,401856685,Alabama Crimson Tide,Florida State Seminoles,lowvig,-19.5,,50.5,,-1400.0,836.0,2026-09-19T19:30:00Z,-106.0,-103.0
2026-09-19T12:51:30.023960-04:00,odds_api,401856685,Alabama Crimson Tide,Florida State Seminoles,betonlineag,-19.5,,50.5,,-1400.0,836.0,2026-09-19T19:30:00Z,-110.0,-105.0
2026-09-19T12:51:30.023960-04:00,odds_api,401856685,Alabama Crimson Tide,Florida State Seminoles,betus,-19.5,,50.0,,-1400.0,825.0,2026-09-19T19:30:00Z,-110.0,-110.0
2026-09-19T12:51:30.023960-04:00,odds_api,401856685,Alabama Crimson Tide,Florida State Seminoles,bovada,-19.5,,50.0,,-1500.0,775.0,2026-09-19T19:30:00Z,-110.0,-110.0
2026-09-19T12:51:30.023960-04:00,odds_api,401858233,California Golden Bears,Wagner Seahawks,fanduel,-58.5,,65.5,,,,2026-09-19T19:30:00Z,-105.0,-105.0
2026-09-19T12:51:30.023960-04:00,odds_api,401858233,California Golden Bears,Wagner Seahawks,draftkings,-58.5,,65.5,,,,2026-09-19T19:30:00Z,-110.0,-110.0
2026-09-19T12:51:30.023960-04:00,odds_api,401858233,California Golden Bears,Wagner Seahawks,betmgm,-58.5,,65.5,,,,2026-09-19T19:30:00Z,-108.0,-102.0
2026-09-19T12:51:30.023960-04:00,odds_api,401858233,California Golden Bears,Wagner Seahawks,lowvig,-58.0,,64.5,,,,2026-09-19T19:30:00Z,-110.0,-115.0
2026-09-19T12:51:30.023960-04:00,odds_api,401858233,California Golden Bears,Wagner Seahawks,betonlineag,-58.0,,64.5,,,,2026-09-19T19:30:00Z,-110.0,-115.0
2026-09-19T12:51:30.023960-04:00,odds_api,401858233,California Golden Bears,Wagner Seahawks,bovada,-57.5,,65.0,,,,2026-09-19T19:30:00Z,-110.0,-115.0
2026-09-19T12:51:30.023960-04:00,odds_api,401856797,Cincinnati Bearcats,Miami (OH) RedHawks,fanduel,-15.5,,50.5,,-820.0,540.0,2026-09-19T19:30:00Z,-110.0,-106.0
2026-09-19T12:51:30.023960-04:00,odds_api,401856797,Cincinnati Bearcats,Miami (OH) RedHawks,draftkings,-15.5,,50.5,,-675.0,490.0,2026-09-19T19:30:00Z,-108.0,-110.0
2026-09-19T12:51:30.023960-04:00,odds_api,401856797,Cincinnati Bearcats,Miami (OH) RedHawks,lowvig,-14.5,,51.0,,-650.0,476.0,2026-09-19T19:30:00Z,-106.0,-103.0
2026-09-19T12:51:30.023960-04:00,odds_api,401856797,Cincinnati Bearcats,Miami (OH) RedHawks,betonlineag,-14.5,,51.0,,-650.0,476.0,2026-09-19T19:30:00Z,-110.0,-105.0
2026-09-19T12:51:30.023960-04:00,odds_api,401856797,Cincinnati Bearcats,Miami (OH) RedHawks,betmgm,-15.0,,50.5,,-700.0,525.0,2026-09-19T19:30:00Z,-108.0,-108.0
2026-09-19T12:51:30.023960-04:00,odds_api,401856797,Cincinnati Bearcats,Miami (OH) RedHawks,mybookieag,-15.5,,50.5,,-800.0,520.0,2026-09-19T19:30:00Z,-110.0,-110.0
2026-09-19T12:51:30.023960-04:00,odds_api,401856797,Cincinnati Bearcats,Miami (OH) RedHawks,betrivers,-15.0,,49.5,,-835.0,525.0,2026-09-19T19:30:00Z,-110.0,-117.0
2026-09-19T12:51:30.023960-04:00,odds_api,401856797,Cincinnati Bearcats,Miami (OH) RedHawks,betus,-15.5,,50.5,,-650.0,475.0,2026-09-19T19:30:00Z,-110.0,-110.0
2026-09-19T12:51:30.023960-04:00,odds_api,401856797,Cincinnati Bearcats,Miami (OH) RedHawks,bovada,-15.5,,50.0,,-750.0,500.0,2026-09-19T19:30:00Z,-110.0,-115.0
2026-09-19T12:51:30.023960-04:00,odds_api,401860890,Washington State Cougars,Duquesne Dukes,fanduel,-38.5,,51.5,,,,2026-09-19T19:30:00Z,-106.0,-115.0
2026-09-19T12:51:30.023960-04:00,odds_api,401860890,Washington State Cougars,Duquesne Dukes,draftkings,-38.5,,51.5,,,,2026-09-19T19:30:00Z,100.0,-115.0
2026-09-19T12:51:30.023960-04:00,odds_api,401860890,Washington State Cougars,Duquesne Dukes,betrivers,-38.5,,51.5,,,,2026-09-19T19:30:00Z,-107.0,-118.0
2026-09-19T12:51:30.023960-04:00,odds_api,401860890,Washington State Cougars,Duquesne Dukes,lowvig,-37.5,,51.5,,,,2026-09-19T19:30:00Z,-115.0,-110.0
2026-09-19T12:51:30.023960-04:00,odds_api,401860890,Washington State Cougars,Duquesne Dukes,betonlineag,-37.5,,51.5,,,,2026-09-19T19:30:00Z,-115.0,-110.0
2026-09-19T12:51:30.023960-04:00,odds_api,401860890,Washington State Cougars,Duquesne Dukes,betmgm,-38.0,,51.5,,,,2026-09-19T19:30:00Z,-112.0,-112.0
2026-09-19T12:51:30.023960-04:00,odds_api,401860890,Washington State Cougars,Duquesne Dukes,bovada,-38.5,,52.0,,,,2026-09-19T19:30:00Z,-105.0,-110.0
2026-09-19T12:51:30.023960-04:00,odds_api,401856694,Texas A&M Aggies,Kentucky Wildcats,fanduel,-16.5,,50.5,,-900.0,590.0,2026-09-19T19:30:00Z,-110.0,-105.0
2026-09-19T12:51:30.023960-04:00,odds_api,401856694,Texas A&M Aggies,Kentucky Wildcats,mybookieag,-17.0,,50.0,,-1009.0,613.0,2026-09-19T19:30:00Z,-110.0,-110.0
2026-09-19T12:51:30.023960-04:00,odds_api,401856694,Texas A&M Aggies,Kentucky Wildcats,draftkings,-16.5,,49.5,,-850.0,575.0,2026-09-19T19:30:00Z,-118.0,-112.0
2026-09-19T12:51:30.023960-04:00,odds_api,401856694,Texas A&M Aggies,Kentucky Wildcats,betmgm,-17.0,,49.5,,-800.0,600.0,2026-09-19T19:30:00Z,-110.0,-110.0
2026-09-19T12:51:30.023960-04:00,odds_api,401856694,Texas A&M Aggies,Kentucky Wildcats,betrivers,-17.0,,50.5,,-910.0,550.0,2026-09-19T19:30:00Z,-109.0,-109.0
2026-09-19T12:51:30.023960-04:00,odds_api,401856694,Texas A&M Aggies,Kentucky Wildcats,lowvig,-16.5,,50.0,,-850.0,586.0,2026-09-19T19:30:00Z,-111.0,-103.0
2026-09-19T12:51:30.023960-04:00,odds_api,401856694,Texas A&M Aggies,Kentucky Wildcats,betonlineag,-16.5,,50.0,,-850.0,586.0,2026-09-19T19:30:00Z,-115.0,-105.0
2026-09-19T12:51:30.023960-04:00,odds_api,401856694,Texas A&M Aggies,Kentucky Wildcats,betus,-16.5,,49.5,,-850.0,580.0,2026-09-19T19:30:00Z,-115.0,-110.0
2026-09-19T12:51:30.023960-04:00,odds_api,401856694,Texas A&M Aggies,Kentucky Wildcats,bovada,-16.5,,49.5,,-900.0,575.0,2026-09-19T19:30:00Z,-120.0,-115.0
2026-09-19T12:51:30.023960-04:00,odds_api,401858230,Louisville Cardinals,SMU Mustangs,draftkings,-2.5,,58.5,,-130.0,110.0,2026-09-19T19:30:00Z,-108.0,-112.0
2026-09-19T12:51:30.023960-04:00,odds_api,401858230,Louisville Cardinals,SMU Mustangs,mybookieag,-2.5,,58.5,,-135.0,110.0,2026-09-19T19:30:00Z,-110.0,-110.0
2026-09-19T12:51:30.023960-04:00,odds_api,401858230,Louisville Cardinals,SMU Mustangs,fanduel,-1.5,,58.5,,-122.0,102.0,2026-09-19T19:30:00Z,-112.0,-110.0
2026-09-19T12:51:30.023960-04:00,odds_api,401858230,Louisville Cardinals,SMU Mustangs,betmgm,-2.5,,58.5,,-130.0,110.0,2026-09-19T19:30:00Z,-110.0,-110.0
2026-09-19T12:51:30.023960-04:00,odds_api,401858230,Louisville Cardinals,SMU Mustangs,betrivers,-1.5,,58.5,,-122.0,100.0,2026-09-19T19:30:00Z,-109.0,-114.0
2026-09-19T12:51:30.023960-04:00,odds_api,401858230,Louisville Cardinals,SMU Mustangs,lowvig,-2.0,,58.5,,-135.0,115.0,2026-09-19T19:30:00Z,-111.0,-108.0
2026-09-19T12:51:30.023960-04:00,odds_api,401858230,Louisville Cardinals,SMU Mustangs,betonlineag,-2.0,,58.5,,-135.0,115.0,2026-09-19T19:30:00Z,-115.0,-110.0
2026-09-19T12:51:30.023960-04:00,odds_api,401858230,Louisville Cardinals,SMU Mustangs,betus,-2.5,,58.5,,-135.0,115.0,2026-09-19T19:30:00Z,-110.0,-110.0
2026-09-19T12:51:30.023960-04:00,odds_api,401858230,Louisville Cardinals,SMU Mustangs,bovada,-2.5,,58.5,,-130.0,110.0,2026-09-19T19:30:00Z,-110.0,-110.0
2026-09-19T12:51:30.023960-04:00,odds_api,401858450,Michigan Wolverines,UTEP Miners,fanduel,-34.5,,48.5,,,,2026-09-19T19:30:00Z,-118.0,-115.0
2026-09-19T12:51:30.023960-04:00,odds_api,401858450,Michigan Wolverines,UTEP Miners,draftkings,-34.5,,48.5,,,,2026-09-19T19:30:00Z,-112.0,-110.0
2026-09-19T12:51:30.023960-04:00,odds_api,401858450,Michigan Wolverines,UTEP Miners,lowvig,-34.5,,49.0,,,,2026-09-19T19:30:00Z,-111.0,-103.0
2026-09-19T12:51:30.023960-04:00,odds_api,401858450,Michigan Wolverines,UTEP Miners,betonlineag,-34.5,,49.0,,,,2026-09-19T19:30:00Z,-115.0,-105.0
2026-09-19T12:51:30.023960-04:00,odds_api,401858450,Michigan Wolverines,UTEP Miners,betrivers,-34.5,,48.5,,,,2026-09-19T19:30:00Z,-115.0,-113.0
2026-09-19T12:51:30.023960-04:00,odds_api,401858450,Michigan Wolverines,UTEP Miners,betmgm,-34.5,,48.5,,-50000.0,5000.0,2026-09-19T19:30:00Z,-118.0,-110.0
2026-09-19T12:51:30.023960-04:00,odds_api,401858450,Michigan Wolverines,UTEP Miners,betus,-34.5,,48.5,,,,2026-09-19T19:30:00Z,-110.0,-110.0
2026-09-19T12:51:30.023960-04:00,odds_api,401858450,Michigan Wolverines,UTEP Miners,bovada,-34.5,,48.5,,,,2026-09-19T19:30:00Z,-110.0,-105.0
2026-09-19T12:51:30.023960-04:00,odds_api,401858457,Rutgers Scarlet Knights,USC Trojans,fanduel,21.5,,57.5,,1100.0,-2500.0,2026-09-19T19:30:00Z,-105.0,-115.0
2026-09-19T12:51:30.023960-04:00,odds_api,401858457,Rutgers Scarlet Knights,USC Trojans,draftkings,21.0,,57.5,,1100.0,-2100.0,2026-09-19T19:30:00Z,-105.0,-108.0
2026-09-19T12:51:30.023960-04:00,odds_api,401858457,Rutgers Scarlet Knights,USC Trojans,lowvig,21.0,,57.0,,1041.0,-2000.0,2026-09-19T19:30:00Z,-101.0,-114.0
2026-09-19T12:51:30.023960-04:00,odds_api,401858457,Rutgers Scarlet Knights,USC Trojans,betonlineag,21.0,,57.0,,1041.0,-2000.0,2026-09-19T19:30:00Z,-105.0,-115.0
2026-09-19T12:51:30.023960-04:00,odds_api,401858457,Rutgers Scarlet Knights,USC Trojans,betrivers,21.5,,58.0,,1300.0,-5000.0,2026-09-19T19:30:00Z,-110.0,-110.0
2026-09-19T12:51:30.023960-04:00,odds_api,401858457,Rutgers Scarlet Knights,USC Trojans,betmgm,21.5,,57.5,,1100.0,-2000.0,2026-09-19T19:30:00Z,-110.0,-110.0
2026-09-19T12:51:30.023960-04:00,odds_api,401858457,Rutgers Scarlet Knights,USC Trojans,mybookieag,21.0,,57.5,,1025.0,-2500.0,2026-09-19T19:30:00Z,-110.0,-110.0
2026-09-19T12:51:30.023960-04:00,odds_api,401858457,Rutgers Scarlet Knights,USC Trojans,betus,21.0,,57.5,,1050.0,-2000.0,2026-09-19T19:30:00Z,-110.0,-110.0
2026-09-19T12:51:30.023960-04:00,odds_api,401858457,Rutgers Scarlet Knights,USC Trojans,bovada,21.0,,58.0,,1000.0,-2200.0,2026-09-19T19:30:00Z,-105.0,-105.0
2026-09-19T12:51:30.023960-04:00,odds_api,401856801,Utah Utes,Utah State Aggies,fanduel,-27.5,,55.5,,-4500.0,1600.0,2026-09-19T19:30:00Z,-110.0,-114.0
2026-09-19T12:51:30.023960-04:00,odds_api,401856801,Utah Utes,Utah State Aggies,betrivers,-27.5,,55.5,,,,2026-09-19T19:30:00Z,-113.0,-112.0
2026-09-19T12:51:30.023960-04:00,odds_api,401856801,Utah Utes,Utah State Aggies,draftkings,-27.5,,55.5,,-5000.0,1800.0,2026-09-19T19:30:00Z,-108.0,-110.0
2026-09-19T12:51:30.023960-04:00,odds_api,401856801,Utah Utes,Utah State Aggies,betonlineag,-27.0,,56.0,,,,2026-09-19T19:30:00Z,-110.0,-105.0
2026-09-19T12:51:30.023960-04:00,odds_api,401856801,Utah Utes,Utah State Aggies,betmgm,-27.0,,55.5,,-5000.0,1850.0,2026-09-19T19:30:00Z,-110.0,-110.0
2026-09-19T12:51:30.023960-04:00,odds_api,401856801,Utah Utes,Utah State Aggies,mybookieag,-27.5,,56.0,,-7692.0,1450.0,2026-09-19T19:30:00Z,-110.0,-110.0
2026-09-19T12:51:30.023960-04:00,odds_api,401856801,Utah Utes,Utah State Aggies,betus,-27.5,,56.0,,,,2026-09-19T19:30:00Z,-110.0,-105.0
2026-09-19T12:51:30.023960-04:00,odds_api,401856801,Utah Utes,Utah State Aggies,bovada,-27.5,,56.0,,-6500.0,1300.0,2026-09-19T19:30:00Z,-105.0,-105.0
2026-09-19T12:51:30.023960-04:00,odds_api,401866422,Liberty Flames,Ball State Cardinals,fanduel,-14.5,,48.5,,-670.0,470.0,2026-09-19T20:00:00Z,-110.0,-114.0
2026-09-19T12:51:30.023960-04:00,odds_api,401866422,Liberty Flames,Ball State Cardinals,betrivers,-14.5,,49.5,,-715.0,480.0,2026-09-19T20:00:00Z,-108.0,-110.0
2026-09-19T12:51:30.023960-04:00,odds_api,401866422,Liberty Flames,Ball State Cardinals,draftkings,-14.0,,48.5,,-650.0,470.0,2026-09-19T20:00:00Z,-115.0,-112.0
2026-09-19T12:51:30.023960-04:00,odds_api,401866422,Liberty Flames,Ball State Cardinals,betonlineag,-14.5,,48.5,,-650.0,476.0,2026-09-19T20:00:00Z,-105.0,-110.0
2026-09-19T12:51:30.023960-04:00,odds_api,401866422,Liberty Flames,Ball State Cardinals,lowvig,-14.5,,48.5,,-650.0,476.0,2026-09-19T20:00:00Z,-101.0,-108.0
2026-09-19T12:51:30.023960-04:00,odds_api,401866422,Liberty Flames,Ball State Cardinals,betmgm,-14.0,,48.5,,-625.0,475.0,2026-09-19T20:00:00Z,-112.0,-110.0
2026-09-19T12:51:30.023960-04:00,odds_api,401866422,Liberty Flames,Ball State Cardinals,mybookieag,-14.5,,49.0,,-725.0,480.0,2026-09-19T20:00:00Z,-110.0,-110.0
2026-09-19T12:51:30.023960-04:00,odds_api,401866422,Liberty Flames,Ball State Cardinals,betus,-14.0,,48.5,,-650.0,475.0,2026-09-19T20:00:00Z,-115.0,-110.0
2026-09-19T12:51:30.023960-04:00,odds_api,401866422,Liberty Flames,Ball State Cardinals,bovada,-14.0,,48.5,,-650.0,450.0,2026-09-19T20:00:00Z,-115.0,-110.0
2026-09-19T12:51:30.023960-04:00,odds_api,401867804,Baylor Bears,Louisiana Tech Bulldogs,fanduel,-20.5,,49.5,,-1600.0,860.0,2026-09-19T20:00:00Z,-105.0,-115.0
2026-09-19T12:51:30.023960-04:00,odds_api,401867804,Baylor Bears,Louisiana Tech Bulldogs,draftkings,-19.5,,50.5,,-1350.0,800.0,2026-09-19T20:00:00Z,-115.0,-110.0
2026-09-19T12:51:30.023960-04:00,odds_api,401867804,Baylor Bears,Louisiana Tech Bulldogs,lowvig,-19.5,,50.5,,-1300.0,795.0,2026-09-19T20:00:00Z,-109.0,-108.0
2026-09-19T12:51:30.023960-04:00,odds_api,401867804,Baylor Bears,Louisiana Tech Bulldogs,betonlineag,-19.5,,50.5,,-1300.0,795.0,2026-09-19T20:00:00Z,-113.0,-110.0
2026-09-19T12:51:30.023960-04:00,odds_api,401867804,Baylor Bears,Louisiana Tech Bulldogs,betmgm,-20.0,,50.5,,-1200.0,850.0,2026-09-19T20:00:00Z,-108.0,-105.0
2026-09-19T12:51:30.023960-04:00,odds_api,401867804,Baylor Bears,Louisiana Tech Bulldogs,mybookieag,-20.5,,50.5,,-1408.0,750.0,2026-09-19T20:00:00Z,-110.0,-110.0
2026-09-19T12:51:30.023960-04:00,odds_api,401867804,Baylor Bears,Louisiana Tech Bulldogs,betrivers,-20.0,,50.5,,-1250.0,700.0,2026-09-19T20:00:00Z,-109.0,-108.0
2026-09-19T12:51:30.023960-04:00,odds_api,401867804,Baylor Bears,Louisiana Tech Bulldogs,betus,-20.0,,50.5,,-1300.0,780.0,2026-09-19T20:00:00Z,-110.0,-110.0
2026-09-19T12:51:30.023960-04:00,odds_api,401867804,Baylor Bears,Louisiana Tech Bulldogs,bovada,-20.0,,50.5,,-1200.0,700.0,2026-09-19T20:00:00Z,-110.0,-110.0
2026-09-19T12:51:30.023960-04:00,odds_api,401858231,Duke Blue Devils,Stanford Cardinal,fanduel,-10.5,,51.5,,-385.0,300.0,2026-09-19T20:00:00Z,-104.0,-104.0
2026-09-19T12:51:30.023960-04:00,odds_api,401858231,Duke Blue Devils,Stanford Cardinal,draftkings,-10.0,,51.5,,-395.0,310.0,2026-09-19T20:00:00Z,-105.0,-102.0
2026-09-19T12:51:30.023960-04:00,odds_api,401858231,Duke Blue Devils,Stanford Cardinal,lowvig,-10.0,,51.0,,-385.0,306.0,2026-09-19T20:00:00Z,-106.0,-108.0
2026-09-19T12:51:30.023960-04:00,odds_api,401858231,Duke Blue Devils,Stanford Cardinal,betonlineag,-10.0,,51.0,,-385.0,306.0,2026-09-19T20:00:00Z,-110.0,-110.0
2026-09-19T12:51:30.023960-04:00,odds_api,401858231,Duke Blue Devils,Stanford Cardinal,betmgm,-10.0,,51.5,,-375.0,300.0,2026-09-19T20:00:00Z,-108.0,-102.0
2026-09-19T12:51:30.023960-04:00,odds_api,401858231,Duke Blue Devils,Stanford Cardinal,mybookieag,-10.0,,51.0,,-391.0,295.0,2026-09-19T20:00:00Z,-110.0,-110.0
2026-09-19T12:51:30.023960-04:00,odds_api,401858231,Duke Blue Devils,Stanford Cardinal,betrivers,-9.5,,51.0,,-385.0,285.0,2026-09-19T20:00:00Z,-112.0,-112.0
2026-09-19T12:51:30.023960-04:00,odds_api,401858231,Duke Blue Devils,Stanford Cardinal,betus,-10.0,,51.0,,-380.0,305.0,2026-09-19T20:00:00Z,-110.0,-110.0
2026-09-19T12:51:30.023960-04:00,odds_api,401858231,Duke Blue Devils,Stanford Cardinal,bovada,-10.0,,51.0,,-390.0,295.0,2026-09-19T20:00:00Z,-105.0,-110.0
2026-09-19T12:51:30.023960-04:00,odds_api,401858449,Indiana Hoosiers,Western Kentucky Hilltoppers,draftkings,-44.5,,60.5,,,,2026-09-19T20:00:00Z,-112.0,-110.0
2026-09-19T12:51:30.023960-04:00,odds_api,401858449,Indiana Hoosiers,Western Kentucky Hilltoppers,fanduel,-44.5,,60.5,,,,2026-09-19T20:00:00Z,-115.0,-110.0
2026-09-19T12:51:30.023960-04:00,odds_api,401858449,Indiana Hoosiers,Western Kentucky Hilltoppers,betrivers,-44.5,,60.5,,,,2026-09-19T20:00:00Z,-109.0,-113.0
2026-09-19T12:51:30.023960-04:00,odds_api,401858449,Indiana Hoosiers,Western Kentucky Hilltoppers,lowvig,-44.5,,60.5,,,,2026-09-19T20:00:00Z,-111.0,-108.0
2026-09-19T12:51:30.023960-04:00,odds_api,401858449,Indiana Hoosiers,Western Kentucky Hilltoppers,betonlineag,-44.5,,60.5,,,,2026-09-19T20:00:00Z,-115.0,-110.0
2026-09-19T12:51:30.023960-04:00,odds_api,401858449,Indiana Hoosiers,Western Kentucky Hilltoppers,betus,-44.5,,60.0,,,,2026-09-19T20:00:00Z,-115.0,-110.0
2026-09-19T12:51:30.023960-04:00,odds_api,401858449,Indiana Hoosiers,Western Kentucky Hilltoppers,bovada,-44.5,,61.0,,,,2026-09-19T20:00:00Z,-120.0,100.0
2026-09-19T12:51:30.023960-04:00,odds_api,401858449,Indiana Hoosiers,Western Kentucky Hilltoppers,betmgm,-44.5,,60.5,,,,2026-09-19T20:00:00Z,-112.0,-112.0
2026-09-19T12:51:30.023960-04:00,odds_api,401858471,Iowa Hawkeyes,Northern Iowa Panthers,fanduel,-37.5,,48.5,,,,2026-09-19T20:00:00Z,-120.0,-106.0
2026-09-19T12:51:30.023960-04:00,odds_api,401858471,Iowa Hawkeyes,Northern Iowa Panthers,betrivers,-38.0,,48.5,,,,2026-09-19T20:00:00Z,-109.0,-108.0
2026-09-19T12:51:30.023960-04:00,odds_api,401858471,Iowa Hawkeyes,Northern Iowa Panthers,draftkings,-37.5,,48.5,,,,2026-09-19T20:00:00Z,-112.0,-110.0
2026-09-19T12:51:30.023960-04:00,odds_api,401858471,Iowa Hawkeyes,Northern Iowa Panthers,lowvig,-38.0,,48.5,,,,2026-09-19T20:00:00Z,-110.0,-110.0
2026-09-19T12:51:30.023960-04:00,odds_api,401858471,Iowa Hawkeyes,Northern Iowa Panthers,betonlineag,-38.0,,48.5,,,,2026-09-19T20:00:00Z,-110.0,-110.0
2026-09-19T12:51:30.023960-04:00,odds_api,401858471,Iowa Hawkeyes,Northern Iowa Panthers,betmgm,-37.5,,48.5,,,,2026-09-19T20:00:00Z,-112.0,-110.0
2026-09-19T12:51:30.023960-04:00,odds_api,401858471,Iowa Hawkeyes,Northern Iowa Panthers,bovada,-37.5,,49.0,,,,2026-09-19T20:00:00Z,-105.0,-105.0
2026-09-19T12:51:30.023960-04:00,odds_api,401856691,South Carolina Gamecocks,Mississippi State Bulldogs,draftkings,-3.5,,58.5,,-175.0,145.0,2026-09-19T20:15:00Z,-108.0,-115.0
2026-09-19T12:51:30.023960-04:00,odds_api,401856691,South Carolina Gamecocks,Mississippi State Bulldogs,fanduel,-3.5,,58.5,,-162.0,134.0,2026-09-19T20:15:00Z,-105.0,-115.0
2026-09-19T12:51:30.023960-04:00,odds_api,401856691,South Carolina Gamecocks,Mississippi State Bulldogs,betrivers,-3.5,,59.0,,-182.0,145.0,2026-09-19T20:15:00Z,-114.0,-110.0
2026-09-19T12:51:30.023960-04:00,odds_api,401856691,South Carolina Gamecocks,Mississippi State Bulldogs,lowvig,-3.5,,58.5,,-161.0,141.0,2026-09-19T20:15:00Z,103.0,-108.0
2026-09-19T12:51:30.023960-04:00,odds_api,401856691,South Carolina Gamecocks,Mississippi State Bulldogs,betonlineag,-3.5,,58.5,,-161.0,141.0,2026-09-19T20:15:00Z,100.0,-110.0
2026-09-19T12:51:30.023960-04:00,odds_api,401856691,South Carolina Gamecocks,Mississippi State Bulldogs,betmgm,-3.5,,58.5,,-165.0,140.0,2026-09-19T20:15:00Z,-105.0,-112.0
2026-09-19T12:51:30.023960-04:00,odds_api,401856691,South Carolina Gamecocks,Mississippi State Bulldogs,mybookieag,-3.5,,59.0,,-174.0,141.0,2026-09-19T20:15:00Z,-110.0,-110.0
2026-09-19T12:51:30.023960-04:00,odds_api,401856691,South Carolina Gamecocks,Mississippi State Bulldogs,betus,-3.5,,58.5,,-170.0,146.0,2026-09-19T20:15:00Z,-110.0,-110.0
2026-09-19T12:51:30.023960-04:00,odds_api,401856691,South Carolina Gamecocks,Mississippi State Bulldogs,bovada,-3.5,,59.0,,-165.0,140.0,2026-09-19T20:15:00Z,-105.0,-110.0
2026-09-19T12:51:30.023960-04:00,odds_api,401868317,UL Monroe Warhawks,Southeastern Louisiana Lions,fanduel,-10.5,,48.5,,-465.0,350.0,2026-09-19T20:30:00Z,-110.0,-108.0
2026-09-19T12:51:30.023960-04:00,odds_api,401868317,UL Monroe Warhawks,Southeastern Louisiana Lions,draftkings,-9.5,,48.5,,,,2026-09-19T20:30:00Z,-118.0,-105.0
2026-09-19T12:51:30.023960-04:00,odds_api,401868317,UL Monroe Warhawks,Southeastern Louisiana Lions,betrivers,-11.0,,47.5,,-530.0,375.0,2026-09-19T20:30:00Z,-110.0,-117.0
2026-09-19T12:51:30.023960-04:00,odds_api,401868317,UL Monroe Warhawks,Southeastern Louisiana Lions,lowvig,-9.5,,48.5,,,,2026-09-19T20:30:00Z,-115.0,-110.0
2026-09-19T12:51:30.023960-04:00,odds_api,401868317,UL Monroe Warhawks,Southeastern Louisiana Lions,betonlineag,-9.5,,48.5,,,,2026-09-19T20:30:00Z,-115.0,-110.0
2026-09-19T12:51:30.023960-04:00,odds_api,401868317,UL Monroe Warhawks,Southeastern Louisiana Lions,betmgm,-10.0,,48.5,,-450.0,340.0,2026-09-19T20:30:00Z,-110.0,-108.0
2026-09-19T12:51:30.023960-04:00,odds_api,401868317,UL Monroe Warhawks,Southeastern Louisiana Lions,bovada,-10.0,,48.0,,-440.0,330.0,2026-09-19T20:30:00Z,-110.0,-110.0
2026-09-19T12:51:30.023960-04:00,odds_api,401862710,Old Dominion Monarchs,East Carolina Pirates,draftkings,-2.5,,48.5,,-142.0,120.0,2026-09-19T22:00:00Z,-118.0,-112.0
2026-09-19T12:51:30.023960-04:00,odds_api,401862710,Old Dominion Monarchs,East Carolina Pirates,betonlineag,-3.0,,48.0,,-145.0,125.0,2026-09-19T22:00:00Z,-105.0,-120.0
2026-09-19T12:51:30.023960-04:00,odds_api,401862710,Old Dominion Monarchs,East Carolina Pirates,lowvig,-3.0,,48.0,,-145.0,125.0,2026-09-19T22:00:00Z,-101.0,-119.0
2026-09-19T12:51:30.023960-04:00,odds_api,401862710,Old Dominion Monarchs,East Carolina Pirates,betmgm,-3.0,,48.5,,-145.0,120.0,2026-09-19T22:00:00Z,-105.0,-112.0
2026-09-19T12:51:30.023960-04:00,odds_api,401862710,Old Dominion Monarchs,East Carolina Pirates,fanduel,-2.5,,49.5,,-142.0,118.0,2026-09-19T22:00:00Z,-122.0,-105.0
2026-09-19T12:51:30.023960-04:00,odds_api,401862710,Old Dominion Monarchs,East Carolina Pirates,mybookieag,-3.0,,49.0,,-147.0,120.0,2026-09-19T22:00:00Z,-110.0,-110.0
2026-09-19T12:51:30.023960-04:00,odds_api,401862710,Old Dominion Monarchs,East Carolina Pirates,betrivers,-3.0,,48.5,,-148.0,120.0,2026-09-19T22:00:00Z,-107.0,-117.0
2026-09-19T12:51:30.023960-04:00,odds_api,401862710,Old Dominion Monarchs,East Carolina Pirates,betus,-3.0,,48.5,,-145.0,125.0,2026-09-19T22:00:00Z,-105.0,-110.0
2026-09-19T12:51:30.023960-04:00,odds_api,401862710,Old Dominion Monarchs,East Carolina Pirates,bovada,-2.5,,49.0,,-140.0,120.0,2026-09-19T22:00:00Z,-115.0,-110.0
2026-09-19T12:51:30.023960-04:00,odds_api,401862771,Florida Atlantic Owls,Florida International Panthers,fanduel,-6.5,,62.5,,-240.0,195.0,2026-09-19T22:00:00Z,-112.0,-110.0
2026-09-19T12:51:30.023960-04:00,odds_api,401862771,Florida Atlantic Owls,Florida International Panthers,draftkings,-6.5,,62.5,,-245.0,200.0,2026-09-19T22:00:00Z,-112.0,-108.0
2026-09-19T12:51:30.023960-04:00,odds_api,401862771,Florida Atlantic Owls,Florida International Panthers,lowvig,-6.5,,62.0,,-250.0,207.0,2026-09-19T22:00:00Z,-107.0,-108.0
2026-09-19T12:51:30.023960-04:00,odds_api,401862771,Florida Atlantic Owls,Florida International Panthers,betonlineag,-6.5,,62.0,,-250.0,207.0,2026-09-19T22:00:00Z,-111.0,-110.0
2026-09-19T12:51:30.023960-04:00,odds_api,401862771,Florida Atlantic Owls,Florida International Panthers,betmgm,-6.5,,62.5,,-235.0,200.0,2026-09-19T22:00:00Z,-108.0,-105.0
2026-09-19T12:51:30.023960-04:00,odds_api,401862771,Florida Atlantic Owls,Florida International Panthers,mybookieag,-6.5,,62.5,,-240.0,190.0,2026-09-19T22:00:00Z,-110.0,-110.0
2026-09-19T12:51:30.023960-04:00,odds_api,401862771,Florida Atlantic Owls,Florida International Panthers,betrivers,-6.0,,62.5,,-240.0,190.0,2026-09-19T22:00:00Z,-113.0,-110.0
2026-09-19T12:51:30.023960-04:00,odds_api,401862771,Florida Atlantic Owls,Florida International Panthers,betus,-6.5,,62.0,,-250.0,210.0,2026-09-19T22:00:00Z,-110.0,-110.0
2026-09-19T12:51:30.023960-04:00,odds_api,401862771,Florida Atlantic Owls,Florida International Panthers,bovada,-6.5,,62.0,,-235.0,195.0,2026-09-19T22:00:00Z,-110.0,-110.0
2026-09-19T12:51:30.023960-04:00,odds_api,401871047,Missouri State Bears,Marshall Thundering Herd,draftkings,4.0,,53.5,,160.0,-192.0,2026-09-19T22:30:00Z,-110.0,-108.0
2026-09-19T12:51:30.023960-04:00,odds_api,401871047,Missouri State Bears,Marshall Thundering Herd,betonlineag,4.0,,53.5,,164.0,-188.0,2026-09-19T22:30:00Z,-110.0,-105.0
2026-09-19T12:51:30.023960-04:00,odds_api,401871047,Missouri State Bears,Marshall Thundering Herd,lowvig,4.0,,53.5,,164.0,-188.0,2026-09-19T22:30:00Z,-106.0,-103.0
2026-09-19T12:51:30.023960-04:00,odds_api,401871047,Missouri State Bears,Marshall Thundering Herd,fanduel,4.5,,52.5,,164.0,-200.0,2026-09-19T22:30:00Z,-106.0,-114.0
2026-09-19T12:51:30.023960-04:00,odds_api,401871047,Missouri State Bears,Marshall Thundering Herd,mybookieag,4.0,,53.5,,160.0,-198.0,2026-09-19T22:30:00Z,-110.0,-110.0
2026-09-19T12:51:30.023960-04:00,odds_api,401871047,Missouri State Bears,Marshall Thundering Herd,betrivers,4.0,,53.5,,150.0,-186.0,2026-09-19T22:30:00Z,-109.0,-108.0
2026-09-19T12:51:30.023960-04:00,odds_api,401871047,Missouri State Bears,Marshall Thundering Herd,betus,4.0,,53.0,,163.0,-190.0,2026-09-19T22:30:00Z,-110.0,-110.0
2026-09-19T12:51:30.023960-04:00,odds_api,401871047,Missouri State Bears,Marshall Thundering Herd,bovada,4.0,,53.0,,160.0,-185.0,2026-09-19T22:30:00Z,-110.0,-110.0
2026-09-19T12:51:30.023960-04:00,odds_api,401871047,Missouri State Bears,Marshall Thundering Herd,betmgm,3.5,,53.5,,160.0,-200.0,2026-09-19T22:30:00Z,-112.0,-110.0
2026-09-19T12:51:30.023960-04:00,odds_api,401856687,Auburn Tigers,Florida Gators,draftkings,2.5,,52.5,,110.0,-130.0,2026-09-19T23:00:00Z,-115.0,-115.0
2026-09-19T12:51:30.023960-04:00,odds_api,401856687,Auburn Tigers,Florida Gators,mybookieag,2.0,,53.0,,108.0,-132.0,2026-09-19T23:00:00Z,-110.0,-110.0
2026-09-19T12:51:30.023960-04:00,odds_api,401856687,Auburn Tigers,Florida Gators,fanduel,2.5,,53.5,,105.0,-126.0,2026-09-19T23:00:00Z,-115.0,-105.0
2026-09-19T12:51:30.023960-04:00,odds_api,401856687,Auburn Tigers,Florida Gators,betrivers,2.0,,52.5,,108.0,-134.0,2026-09-19T23:00:00Z,-110.0,-112.0
2026-09-19T12:51:30.023960-04:00,odds_api,401856687,Auburn Tigers,Florida Gators,lowvig,1.5,,53.5,,108.0,-128.0,2026-09-19T23:00:00Z,-101.0,-103.0
2026-09-19T12:51:30.023960-04:00,odds_api,401856687,Auburn Tigers,Florida Gators,betonlineag,1.5,,53.5,,108.0,-128.0,2026-09-19T23:00:00Z,-105.0,-105.0
2026-09-19T12:51:30.023960-04:00,odds_api,401856687,Auburn Tigers,Florida Gators,betmgm,2.0,,52.5,,110.0,-130.0,2026-09-19T23:00:00Z,-108.0,-110.0
2026-09-19T12:51:30.023960-04:00,odds_api,401856687,Auburn Tigers,Florida Gators,betus,2.0,,53.0,,110.0,-130.0,2026-09-19T23:00:00Z,-110.0,-110.0
2026-09-19T12:51:30.023960-04:00,odds_api,401856687,Auburn Tigers,Florida Gators,bovada,2.5,,53.0,,115.0,-135.0,2026-09-19T23:00:00Z,-115.0,-110.0
2026-09-19T12:51:30.023960-04:00,odds_api,401862777,South Florida Bulls,Delaware State Hornets,fanduel,-36.5,,60.5,,,,2026-09-19T23:00:00Z,-114.0,-110.0
2026-09-19T12:51:30.023960-04:00,odds_api,401862777,South Florida Bulls,Delaware State Hornets,betrivers,-37.0,,61.0,,,,2026-09-19T23:00:00Z,-114.0,-113.0
2026-09-19T12:51:30.023960-04:00,odds_api,401862777,South Florida Bulls,Delaware State Hornets,draftkings,-36.5,,60.5,,,,2026-09-19T23:00:00Z,-112.0,-115.0
2026-09-19T12:51:30.023960-04:00,odds_api,401862777,South Florida Bulls,Delaware State Hornets,betonlineag,-36.5,,60.5,,,,2026-09-19T23:00:00Z,-110.0,-110.0
2026-09-19T12:51:30.023960-04:00,odds_api,401862777,South Florida Bulls,Delaware State Hornets,lowvig,-36.5,,60.5,,,,2026-09-19T23:00:00Z,-110.0,-110.0
2026-09-19T12:51:30.023960-04:00,odds_api,401862777,South Florida Bulls,Delaware State Hornets,betmgm,-36.5,,60.5,,,,2026-09-19T23:00:00Z,-110.0,-110.0
2026-09-19T12:51:30.023960-04:00,odds_api,401862777,South Florida Bulls,Delaware State Hornets,bovada,-36.5,,61.0,,,,2026-09-19T23:00:00Z,-115.0,-110.0
2026-09-19T12:51:30.023960-04:00,odds_api,401869948,Jacksonville State Gamecocks,Georgia Southern Eagles,draftkings,-3.5,,52.5,,-166.0,140.0,2026-09-19T23:00:00Z,-105.0,-108.0
2026-09-19T12:51:30.023960-04:00,odds_api,401869948,Jacksonville State Gamecocks,Georgia Southern Eagles,lowvig,-3.5,,52.0,,-175.0,153.0,2026-09-19T23:00:00Z,-106.0,-106.0
2026-09-19T12:51:30.023960-04:00,odds_api,401869948,Jacksonville State Gamecocks,Georgia Southern Eagles,betonlineag,-3.5,,52.0,,-175.0,153.0,2026-09-19T23:00:00Z,-110.0,-108.0
2026-09-19T12:51:30.023960-04:00,odds_api,401869948,Jacksonville State Gamecocks,Georgia Southern Eagles,betmgm,-3.5,,52.5,,-165.0,140.0,2026-09-19T23:00:00Z,-105.0,-108.0
2026-09-19T12:51:30.023960-04:00,odds_api,401869948,Jacksonville State Gamecocks,Georgia Southern Eagles,mybookieag,-3.5,,52.5,,-175.0,142.0,2026-09-19T23:00:00Z,-110.0,-110.0
2026-09-19T12:51:30.023960-04:00,odds_api,401869948,Jacksonville State Gamecocks,Georgia Southern Eagles,fanduel,-3.5,,52.5,,-162.0,132.0,2026-09-19T23:00:00Z,-102.0,-112.0
2026-09-19T12:51:30.023960-04:00,odds_api,401869948,Jacksonville State Gamecocks,Georgia Southern Eagles,betrivers,-3.5,,53.5,,-162.0,128.0,2026-09-19T23:00:00Z,-108.0,-110.0
2026-09-19T12:51:30.023960-04:00,odds_api,401869948,Jacksonville State Gamecocks,Georgia Southern Eagles,betus,-3.5,,52.5,,-165.0,142.0,2026-09-19T23:00:00Z,-110.0,-110.0
2026-09-19T12:51:30.023960-04:00,odds_api,401869948,Jacksonville State Gamecocks,Georgia Southern Eagles,bovada,-3.5,,52.5,,-175.0,150.0,2026-09-19T23:00:00Z,-105.0,-110.0
2026-09-19T12:51:30.023960-04:00,odds_api,401856800,UCF Knights,Georgia State Panthers,fanduel,-17.5,,50.5,,-1200.0,720.0,2026-09-19T23:00:00Z,-106.0,-105.0
2026-09-19T12:51:30.023960-04:00,odds_api,401856800,UCF Knights,Georgia State Panthers,draftkings,-17.5,,50.5,,-1100.0,700.0,2026-09-19T23:00:00Z,-108.0,-105.0
2026-09-19T12:51:30.023960-04:00,odds_api,401856800,UCF Knights,Georgia State Panthers,lowvig,-17.5,,50.0,,-1100.0,709.0,2026-09-19T23:00:00Z,-101.0,-108.0
2026-09-19T12:51:30.023960-04:00,odds_api,401856800,UCF Knights,Georgia State Panthers,betonlineag,-17.5,,50.0,,-1100.0,709.0,2026-09-19T23:00:00Z,-105.0,-110.0
2026-09-19T12:51:30.023960-04:00,odds_api,401856800,UCF Knights,Georgia State Panthers,betmgm,-17.5,,49.5,,-1100.0,750.0,2026-09-19T23:00:00Z,-108.0,-112.0
2026-09-19T12:51:30.023960-04:00,odds_api,401856800,UCF Knights,Georgia State Panthers,mybookieag,-17.5,,50.0,,-1262.0,693.0,2026-09-19T23:00:00Z,-110.0,-110.0
2026-09-19T12:51:30.023960-04:00,odds_api,401856800,UCF Knights,Georgia State Panthers,betrivers,-17.5,,50.0,,-1115.0,600.0,2026-09-19T23:00:00Z,-108.0,-114.0
2026-09-19T12:51:30.023960-04:00,odds_api,401856800,UCF Knights,Georgia State Panthers,betus,-17.5,,50.0,,-1100.0,700.0,2026-09-19T23:00:00Z,-105.0,-110.0
2026-09-19T12:51:30.023960-04:00,odds_api,401856800,UCF Knights,Georgia State Panthers,bovada,-17.5,,50.0,,-1200.0,700.0,2026-09-19T23:00:00Z,-110.0,-110.0
2026-09-19T12:51:30.023960-04:00,odds_api,401862772,Memphis Tigers,UT Martin Skyhawks,fanduel,-33.5,,57.5,,-30000.0,4000.0,2026-09-19T23:00:00Z,-110.0,-110.0
2026-09-19T12:51:30.023960-04:00,odds_api,401862772,Memphis Tigers,UT Martin Skyhawks,betrivers,-34.0,,56.5,,,,2026-09-19T23:00:00Z,-110.0,-114.0
2026-09-19T12:51:30.023960-04:00,odds_api,401862772,Memphis Tigers,UT Martin Skyhawks,draftkings,-34.5,,57.5,,-50000.0,4000.0,2026-09-19T23:00:00Z,-108.0,-110.0
2026-09-19T12:51:30.023960-04:00,odds_api,401862772,Memphis Tigers,UT Martin Skyhawks,betonlineag,-33.5,,58.0,,,,2026-09-19T23:00:00Z,-105.0,-110.0
2026-09-19T12:51:30.023960-04:00,odds_api,401862772,Memphis Tigers,UT Martin Skyhawks,lowvig,-33.5,,58.0,,,,2026-09-19T23:00:00Z,-105.0,-110.0
2026-09-19T12:51:30.023960-04:00,odds_api,401862772,Memphis Tigers,UT Martin Skyhawks,betmgm,-34.0,,57.5,,-25000.0,4000.0,2026-09-19T23:00:00Z,-108.0,-110.0
2026-09-19T12:51:30.023960-04:00,odds_api,401862772,Memphis Tigers,UT Martin Skyhawks,bovada,-34.5,,57.0,,,,2026-09-19T23:00:00Z,-110.0,-110.0
2026-09-19T12:51:30.023960-04:00,odds_api,401864443,Middle Tennessee Blue Raiders,Nevada Wolf Pack,draftkings,3.5,,50.5,,150.0,-180.0,2026-09-19T23:00:00Z,-105.0,-108.0
2026-09-19T12:51:30.023960-04:00,odds_api,401864443,Middle Tennessee Blue Raiders,Nevada Wolf Pack,betmgm,3.5,,50.5,,145.0,-175.0,2026-09-19T23:00:00Z,-108.0,-108.0
2026-09-19T12:51:30.023960-04:00,odds_api,401864443,Middle Tennessee Blue Raiders,Nevada Wolf Pack,lowvig,3.5,,50.5,,149.0,-170.0,2026-09-19T23:00:00Z,-101.0,-108.0
2026-09-19T12:51:30.023960-04:00,odds_api,401864443,Middle Tennessee Blue Raiders,Nevada Wolf Pack,betonlineag,3.5,,50.5,,149.0,-170.0,2026-09-19T23:00:00Z,-105.0,-110.0
2026-09-19T12:51:30.023960-04:00,odds_api,401864443,Middle Tennessee Blue Raiders,Nevada Wolf Pack,mybookieag,4.0,,50.0,,158.0,-196.0,2026-09-19T23:00:00Z,-110.0,-110.0
2026-09-19T12:51:30.023960-04:00,odds_api,401864443,Middle Tennessee Blue Raiders,Nevada Wolf Pack,fanduel,3.5,,49.5,,140.0,-170.0,2026-09-19T23:00:00Z,-110.0,-115.0
2026-09-19T12:51:30.023960-04:00,odds_api,401864443,Middle Tennessee Blue Raiders,Nevada Wolf Pack,betrivers,4.5,,50.5,,145.0,-180.0,2026-09-19T23:00:00Z,-112.0,-115.0
2026-09-19T12:51:30.023960-04:00,odds_api,401864443,Middle Tennessee Blue Raiders,Nevada Wolf Pack,betus,3.5,,50.5,,146.0,-170.0,2026-09-19T23:00:00Z,-110.0,-110.0
2026-09-19T12:51:30.023960-04:00,odds_api,401864443,Middle Tennessee Blue Raiders,Nevada Wolf Pack,bovada,4.0,,50.0,,155.0,-180.0,2026-09-19T23:00:00Z,-115.0,-110.0
2026-09-19T12:51:30.023960-04:00,odds_api,401856689,Missouri Tigers,Troy Trojans,draftkings,-27.5,,49.5,,-4500.0,1700.0,2026-09-19T23:00:00Z,-105.0,-112.0
2026-09-19T12:51:30.023960-04:00,odds_api,401856689,Missouri Tigers,Troy Trojans,lowvig,-27.5,,49.5,,-6000.0,1592.0,2026-09-19T23:00:00Z,-101.0,-108.0
2026-09-19T12:51:30.023960-04:00,odds_api,401856689,Missouri Tigers,Troy Trojans,betonlineag,-27.5,,49.5,,-6000.0,1592.0,2026-09-19T23:00:00Z,-105.0,-110.0
2026-09-19T12:51:30.023960-04:00,odds_api,401856689,Missouri Tigers,Troy Trojans,betmgm,-27.0,,49.5,,-5000.0,2000.0,2026-09-19T23:00:00Z,-110.0,-110.0
2026-09-19T12:51:30.023960-04:00,odds_api,401856689,Missouri Tigers,Troy Trojans,mybookieag,-27.0,,50.0,,-10099.0,1455.0,2026-09-19T23:00:00Z,-110.0,-110.0
2026-09-19T12:51:30.023960-04:00,odds_api,401856689,Missouri Tigers,Troy Trojans,fanduel,-26.5,,50.5,,-4500.0,1600.0,2026-09-19T23:00:00Z,-115.0,-106.0
2026-09-19T12:51:30.023960-04:00,odds_api,401856689,Missouri Tigers,Troy Trojans,betrivers,-27.0,,50.5,,-10000.0,1700.0,2026-09-19T23:00:00Z,-110.0,-110.0
2026-09-19T12:51:30.023960-04:00,odds_api,401856689,Missouri Tigers,Troy Trojans,betus,-27.5,,49.5,,,,2026-09-19T23:00:00Z,-110.0,-110.0
2026-09-19T12:51:30.023960-04:00,odds_api,401856689,Missouri Tigers,Troy Trojans,bovada,-27.0,,49.5,,-5000.0,1300.0,2026-09-19T23:00:00Z,-115.0,-115.0
2026-09-19T12:51:30.023960-04:00,odds_api,401856803,Oklahoma State Cowboys,Murray State Racers,fanduel,-55.5,,70.5,,,,2026-09-19T23:00:00Z,-122.0,-114.0
2026-09-19T12:51:30.023960-04:00,odds_api,401856803,Oklahoma State Cowboys,Murray State Racers,betrivers,-55.5,,70.5,,,,2026-09-19T23:00:00Z,-112.0,-112.0
2026-09-19T12:51:30.023960-04:00,odds_api,401856803,Oklahoma State Cowboys,Murray State Racers,draftkings,-56.5,,70.5,,,,2026-09-19T23:00:00Z,-105.0,-108.0
2026-09-19T12:51:30.023960-04:00,odds_api,401856803,Oklahoma State Cowboys,Murray State Racers,betonlineag,-55.0,,70.5,,,,2026-09-19T23:00:00Z,-115.0,-115.0
2026-09-19T12:51:30.023960-04:00,odds_api,401856803,Oklahoma State Cowboys,Murray State Racers,lowvig,-55.0,,70.5,,,,2026-09-19T23:00:00Z,-115.0,-115.0
2026-09-19T12:51:30.023960-04:00,odds_api,401856803,Oklahoma State Cowboys,Murray State Racers,betmgm,-56.5,,70.5,,,,2026-09-19T23:00:00Z,-105.0,-110.0
2026-09-19T12:51:30.023960-04:00,odds_api,401856803,Oklahoma State Cowboys,Murray State Racers,bovada,-56.0,,70.5,,,,2026-09-19T23:00:00Z,-105.0,-110.0
2026-09-19T12:51:30.023960-04:00,odds_api,401870764,Sam Houston State Bearkats,Nicholls State Colonels,fanduel,-21.5,,51.5,,-2800.0,1160.0,2026-09-19T23:00:00Z,-105.0,-110.0
2026-09-19T12:51:30.023960-04:00,odds_api,401870764,Sam Houston State Bearkats,Nicholls State Colonels,draftkings,-21.0,,50.5,,,,2026-09-19T23:00:00Z,-110.0,-110.0
2026-09-19T12:51:30.023960-04:00,odds_api,401870764,Sam Houston State Bearkats,Nicholls State Colonels,betrivers,-21.0,,50.5,,-2500.0,1000.0,2026-09-19T23:00:00Z,-110.0,-118.0
2026-09-19T12:51:30.023960-04:00,odds_api,401870764,Sam Houston State Bearkats,Nicholls State Colonels,betonlineag,-21.5,,50.5,,,,2026-09-19T23:00:00Z,-115.0,-115.0
2026-09-19T12:51:30.023960-04:00,odds_api,401870764,Sam Houston State Bearkats,Nicholls State Colonels,lowvig,-21.5,,50.5,,,,2026-09-19T23:00:00Z,-115.0,-115.0
2026-09-19T12:51:30.023960-04:00,odds_api,401870764,Sam Houston State Bearkats,Nicholls State Colonels,betmgm,-21.0,,50.5,,-1200.0,850.0,2026-09-19T23:00:00Z,-112.0,-118.0
2026-09-19T12:51:30.023960-04:00,odds_api,401870764,Sam Houston State Bearkats,Nicholls State Colonels,bovada,-21.0,,51.5,,-1400.0,750.0,2026-09-19T23:00:00Z,-110.0,-110.0
2026-09-19T12:51:30.023960-04:00,odds_api,401866423,South Alabama Jaguars,Ohio Bobcats,draftkings,-7.0,,48.5,,-258.0,210.0,2026-09-19T23:00:00Z,-105.0,-112.0
2026-09-19T12:51:30.023960-04:00,odds_api,401866423,South Alabama Jaguars,Ohio Bobcats,lowvig,-7.0,,49.0,,-260.0,215.0,2026-09-19T23:00:00Z,-101.0,-103.0
2026-09-19T12:51:30.023960-04:00,odds_api,401866423,South Alabama Jaguars,Ohio Bobcats,betonlineag,-7.0,,49.0,,-260.0,215.0,2026-09-19T23:00:00Z,-105.0,-105.0
2026-09-19T12:51:30.023960-04:00,odds_api,401866423,South Alabama Jaguars,Ohio Bobcats,betmgm,-6.5,,48.5,,-275.0,210.0,2026-09-19T23:00:00Z,-115.0,-108.0
2026-09-19T12:51:30.023960-04:00,odds_api,401866423,South Alabama Jaguars,Ohio Bobcats,mybookieag,-7.0,,49.0,,-275.0,218.0,2026-09-19T23:00:00Z,-110.0,-110.0
2026-09-19T12:51:30.023960-04:00,odds_api,401866423,South Alabama Jaguars,Ohio Bobcats,fanduel,-6.5,,49.5,,-260.0,210.0,2026-09-19T23:00:00Z,-115.0,-105.0
2026-09-19T12:51:30.023960-04:00,odds_api,401866423,South Alabama Jaguars,Ohio Bobcats,betrivers,-7.0,,48.5,,-245.0,190.0,2026-09-19T23:00:00Z,-106.0,-117.0
2026-09-19T12:51:30.023960-04:00,odds_api,401866423,South Alabama Jaguars,Ohio Bobcats,betus,-7.0,,49.0,,-260.0,218.0,2026-09-19T23:00:00Z,-105.0,-110.0
2026-09-19T12:51:30.023960-04:00,odds_api,401866423,South Alabama Jaguars,Ohio Bobcats,bovada,-7.0,,48.5,,-260.0,215.0,2026-09-19T23:00:00Z,-105.0,-110.0
2026-09-19T12:51:30.023960-04:00,odds_api,401862773,Rice Owls,Western Michigan Broncos,fanduel,8.5,,43.5,,270.0,-345.0,2026-09-19T23:00:00Z,-110.0,-114.0
2026-09-19T12:51:30.023960-04:00,odds_api,401862773,Rice Owls,Western Michigan Broncos,draftkings,8.5,,43.5,,285.0,-360.0,2026-09-19T23:00:00Z,-108.0,-115.0
2026-09-19T12:51:30.023960-04:00,odds_api,401862773,Rice Owls,Western Michigan Broncos,betonlineag,9.0,,43.5,,285.0,-355.0,2026-09-19T23:00:00Z,-113.0,-115.0
2026-09-19T12:51:30.023960-04:00,odds_api,401862773,Rice Owls,Western Michigan Broncos,lowvig,9.0,,43.5,,285.0,-355.0,2026-09-19T23:00:00Z,-109.0,-114.0
2026-09-19T12:51:30.023960-04:00,odds_api,401862773,Rice Owls,Western Michigan Broncos,betmgm,8.5,,43.5,,280.0,-350.0,2026-09-19T23:00:00Z,-112.0,-112.0
2026-09-19T12:51:30.023960-04:00,odds_api,401862773,Rice Owls,Western Michigan Broncos,mybookieag,9.5,,43.5,,300.0,-400.0,2026-09-19T23:00:00Z,-110.0,-110.0
2026-09-19T12:51:30.023960-04:00,odds_api,401862773,Rice Owls,Western Michigan Broncos,betrivers,9.5,,43.5,,310.0,-420.0,2026-09-19T23:00:00Z,-112.0,-120.0
2026-09-19T12:51:30.023960-04:00,odds_api,401862773,Rice Owls,Western Michigan Broncos,betus,9.0,,43.5,,270.0,-330.0,2026-09-19T23:00:00Z,-110.0,-115.0
2026-09-19T12:51:30.023960-04:00,odds_api,401862773,Rice Owls,Western Michigan Broncos,bovada,9.0,,43.5,,295.0,-390.0,2026-09-19T23:00:00Z,-110.0,-115.0
2026-09-19T12:51:30.023960-04:00,odds_api,401861963,Southern Mississippi Golden Eagles,UConn Huskies,draftkings,3.0,,54.5,,136.0,-162.0,2026-09-19T23:00:00Z,-105.0,-112.0
2026-09-19T12:51:30.023960-04:00,odds_api,401861963,Southern Mississippi Golden Eagles,UConn Huskies,lowvig,3.0,,54.5,,127.0,-147.0,2026-09-19T23:00:00Z,-107.0,-108.0
2026-09-19T12:51:30.023960-04:00,odds_api,401861963,Southern Mississippi Golden Eagles,UConn Huskies,betonlineag,3.0,,54.5,,127.0,-147.0,2026-09-19T23:00:00Z,-111.0,-110.0
2026-09-19T12:51:30.023960-04:00,odds_api,401861963,Southern Mississippi Golden Eagles,UConn Huskies,betmgm,3.0,,54.5,,130.0,-155.0,2026-09-19T23:00:00Z,-108.0,-110.0
2026-09-19T12:51:30.023960-04:00,odds_api,401861963,Southern Mississippi Golden Eagles,UConn Huskies,mybookieag,3.0,,54.5,,133.0,-164.0,2026-09-19T23:00:00Z,-105.0,-110.0
2026-09-19T12:51:30.023960-04:00,odds_api,401861963,Southern Mississippi Golden Eagles,UConn Huskies,fanduel,3.5,,54.5,,136.0,-164.0,2026-09-19T23:00:00Z,-120.0,-110.0
2026-09-19T12:51:30.023960-04:00,odds_api,401861963,Southern Mississippi Golden Eagles,UConn Huskies,betrivers,3.0,,54.5,,130.0,-162.0,2026-09-19T23:00:00Z,-107.0,-114.0
2026-09-19T12:51:30.023960-04:00,odds_api,401861963,Southern Mississippi Golden Eagles,UConn Huskies,betus,3.0,,54.5,,134.0,-155.0,2026-09-19T23:00:00Z,-110.0,-110.0
2026-09-19T12:51:30.023960-04:00,odds_api,401861963,Southern Mississippi Golden Eagles,UConn Huskies,bovada,3.0,,54.5,,135.0,-160.0,2026-09-19T23:00:00Z,-105.0,-110.0
2026-09-19T12:51:30.023960-04:00,odds_api,401858459,Washington Huskies,Eastern Washington Eagles,fanduel,-42.5,,58.5,,,,2026-09-19T23:15:00Z,-112.0,-108.0
2026-09-19T12:51:30.023960-04:00,odds_api,401858459,Washington Huskies,Eastern Washington Eagles,betrivers,-42.5,,58.0,,,,2026-09-19T23:15:00Z,-112.0,-113.0
2026-09-19T12:51:30.023960-04:00,odds_api,401858459,Washington Huskies,Eastern Washington Eagles,draftkings,-42.5,,58.5,,,,2026-09-19T23:15:00Z,-110.0,-110.0
2026-09-19T12:51:30.023960-04:00,odds_api,401858459,Washington Huskies,Eastern Washington Eagles,lowvig,-43.0,,59.0,,,,2026-09-19T23:15:00Z,-112.0,-115.0
2026-09-19T12:51:30.023960-04:00,odds_api,401858459,Washington Huskies,Eastern Washington Eagles,betonlineag,-43.0,,59.0,,,,2026-09-19T23:15:00Z,-112.0,-115.0
2026-09-19T12:51:30.023960-04:00,odds_api,401858459,Washington Huskies,Eastern Washington Eagles,betmgm,-43.0,,58.5,,,,2026-09-19T23:15:00Z,-108.0,-108.0
2026-09-19T12:51:30.023960-04:00,odds_api,401858459,Washington Huskies,Eastern Washington Eagles,bovada,-42.5,,58.5,,,,2026-09-19T23:15:00Z,-115.0,-110.0
2026-09-19T12:51:30.023960-04:00,odds_api,401858452,Nebraska Cornhuskers,North Dakota Fighting Hawks,fanduel,-27.5,,55.5,,-4500.0,1600.0,2026-09-19T23:15:00Z,-114.0,-114.0
2026-09-19T12:51:30.023960-04:00,odds_api,401858452,Nebraska Cornhuskers,North Dakota Fighting Hawks,betrivers,-27.5,,55.0,,-10000.0,1500.0,2026-09-19T23:15:00Z,-109.0,-115.0
2026-09-19T12:51:30.023960-04:00,odds_api,401858452,Nebraska Cornhuskers,North Dakota Fighting Hawks,draftkings,-27.5,,55.5,,-2800.0,1300.0,2026-09-19T23:15:00Z,-112.0,-115.0
2026-09-19T12:51:30.023960-04:00,odds_api,401858452,Nebraska Cornhuskers,North Dakota Fighting Hawks,lowvig,-28.0,,56.0,,,,2026-09-19T23:15:00Z,-115.0,-115.0
2026-09-19T12:51:30.023960-04:00,odds_api,401858452,Nebraska Cornhuskers,North Dakota Fighting Hawks,betonlineag,-28.0,,56.0,,,,2026-09-19T23:15:00Z,-115.0,-115.0
2026-09-19T12:51:30.023960-04:00,odds_api,401858452,Nebraska Cornhuskers,North Dakota Fighting Hawks,betmgm,-27.5,,55.5,,-3000.0,1650.0,2026-09-19T23:15:00Z,-112.0,-118.0
2026-09-19T12:51:30.023960-04:00,odds_api,401858452,Nebraska Cornhuskers,North Dakota Fighting Hawks,bovada,-28.0,,56.0,,-4000.0,1200.0,2026-09-19T23:15:00Z,-110.0,-105.0
2026-09-19T12:51:30.023960-04:00,odds_api,401856795,Colorado State Rams,BYU Cougars,fanduel,17.5,,52.5,,680.0,-1100.0,2026-09-19T23:30:00Z,-106.0,-112.0
2026-09-19T12:51:30.023960-04:00,odds_api,401856795,Colorado State Rams,BYU Cougars,draftkings,17.5,,52.5,,650.0,-1000.0,2026-09-19T23:30:00Z,-115.0,-110.0
2026-09-19T12:51:30.023960-04:00,odds_api,401856795,Colorado State Rams,BYU Cougars,betonlineag,17.5,,53.0,,709.0,-1100.0,2026-09-19T23:30:00Z,-112.0,-110.0
2026-09-19T12:51:30.023960-04:00,odds_api,401856795,Colorado State Rams,BYU Cougars,lowvig,17.5,,53.0,,709.0,-1100.0,2026-09-19T23:30:00Z,-108.0,-108.0
2026-09-19T12:51:30.023960-04:00,odds_api,401856795,Colorado State Rams,BYU Cougars,betmgm,17.5,,52.5,,675.0,-1000.0,2026-09-19T23:30:00Z,-112.0,-110.0
2026-09-19T12:51:30.023960-04:00,odds_api,401856795,Colorado State Rams,BYU Cougars,mybookieag,17.5,,52.5,,635.0,-1009.0,2026-09-19T23:30:00Z,-110.0,-110.0
2026-09-19T12:51:30.023960-04:00,odds_api,401856795,Colorado State Rams,BYU Cougars,betrivers,17.5,,53.0,,600.0,-1000.0,2026-09-19T23:30:00Z,-110.0,-109.0
2026-09-19T12:51:30.023960-04:00,odds_api,401856795,Colorado State Rams,BYU Cougars,betus,17.5,,53.0,,700.0,-1100.0,2026-09-19T23:30:00Z,-110.0,-110.0
2026-09-19T12:51:30.023960-04:00,odds_api,401856795,Colorado State Rams,BYU Cougars,bovada,17.0,,52.5,,650.0,-1100.0,2026-09-19T23:30:00Z,-105.0,-115.0
2026-09-19T12:51:30.023960-04:00,odds_api,401856796,Northwestern Wildcats,Colorado Buffaloes,fanduel,-3.5,,48.5,,-178.0,146.0,2026-09-19T23:30:00Z,-110.0,-105.0
2026-09-19T12:51:30.023960-04:00,odds_api,401856796,Northwestern Wildcats,Colorado Buffaloes,draftkings,-3.5,,47.5,,-175.0,145.0,2026-09-19T23:30:00Z,-105.0,-112.0
2026-09-19T12:51:30.023960-04:00,odds_api,401856796,Northwestern Wildcats,Colorado Buffaloes,lowvig,-3.5,,48.0,,-170.0,149.0,2026-09-19T23:30:00Z,-106.0,-103.0
2026-09-19T12:51:30.023960-04:00,odds_api,401856796,Northwestern Wildcats,Colorado Buffaloes,betonlineag,-3.5,,48.0,,-170.0,149.0,2026-09-19T23:30:00Z,-110.0,-105.0
2026-09-19T12:51:30.023960-04:00,odds_api,401856796,Northwestern Wildcats,Colorado Buffaloes,betmgm,-3.5,,47.5,,-175.0,145.0,2026-09-19T23:30:00Z,-108.0,-112.0
2026-09-19T12:51:30.023960-04:00,odds_api,401856796,Northwestern Wildcats,Colorado Buffaloes,mybookieag,-3.5,,48.0,,-186.0,150.0,2026-09-19T23:30:00Z,-110.0,-110.0
2026-09-19T12:51:30.023960-04:00,odds_api,401856796,Northwestern Wildcats,Colorado Buffaloes,betrivers,-3.5,,48.0,,-190.0,150.0,2026-09-19T23:30:00Z,-114.0,-110.0
2026-09-19T12:51:30.023960-04:00,odds_api,401856796,Northwestern Wildcats,Colorado Buffaloes,betus,-3.5,,48.0,,-170.0,146.0,2026-09-19T23:30:00Z,-110.0,-105.0
2026-09-19T12:51:30.023960-04:00,odds_api,401856796,Northwestern Wildcats,Colorado Buffaloes,bovada,-3.5,,48.0,,-165.0,140.0,2026-09-19T23:30:00Z,-105.0,-105.0
2026-09-19T12:51:30.023960-04:00,odds_api,401856688,Ole Miss Rebels,LSU Tigers,fanduel,2.5,,58.5,,126.0,-148.0,2026-09-19T23:30:00Z,100.0,-115.0
2026-09-19T12:51:30.023960-04:00,odds_api,401856688,Ole Miss Rebels,LSU Tigers,betmgm,3.0,,58.5,,125.0,-145.0,2026-09-19T23:30:00Z,-115.0,-112.0
2026-09-19T12:51:30.023960-04:00,odds_api,401856688,Ole Miss Rebels,LSU Tigers,draftkings,3.0,,58.5,,130.0,-155.0,2026-09-19T23:30:00Z,-115.0,-108.0
2026-09-19T12:51:30.023960-04:00,odds_api,401856688,Ole Miss Rebels,LSU Tigers,mybookieag,3.0,,58.5,,126.0,-155.0,2026-09-19T23:30:00Z,-110.0,-110.0
2026-09-19T12:51:30.023960-04:00,odds_api,401856688,Ole Miss Rebels,LSU Tigers,betrivers,3.0,,58.5,,128.0,-162.0,2026-09-19T23:30:00Z,-114.0,-110.0
2026-09-19T12:51:30.023960-04:00,odds_api,401856688,Ole Miss Rebels,LSU Tigers,betonlineag,3.0,,58.5,,127.0,-147.0,2026-09-19T23:30:00Z,-118.0,-115.0
2026-09-19T12:51:30.023960-04:00,odds_api,401856688,Ole Miss Rebels,LSU Tigers,betus,3.0,,59.0,,125.0,-145.0,2026-09-19T23:30:00Z,-110.0,-110.0
2026-09-19T12:51:30.023960-04:00,odds_api,401856688,Ole Miss Rebels,LSU Tigers,bovada,3.0,,58.5,,130.0,-150.0,2026-09-19T23:30:00Z,-110.0,-110.0
2026-09-19T12:51:30.023960-04:00,odds_api,401858232,Maryland Terrapins,Virginia Tech Hokies,draftkings,2.5,,53.5,,120.0,-142.0,2026-09-19T23:30:00Z,-102.0,-110.0
2026-09-19T12:51:30.023960-04:00,odds_api,401858232,Maryland Terrapins,Virginia Tech Hokies,fanduel,2.5,,53.5,,125.0,-150.0,2026-09-19T23:30:00Z,-102.0,-108.0
2026-09-19T12:51:30.023960-04:00,odds_api,401858232,Maryland Terrapins,Virginia Tech Hokies,betrivers,3.0,,53.5,,120.0,-150.0,2026-09-19T23:30:00Z,-117.0,-112.0
2026-09-19T12:51:30.023960-04:00,odds_api,401858232,Maryland Terrapins,Virginia Tech Hokies,lowvig,2.5,,53.5,,125.0,-145.0,2026-09-19T23:30:00Z,104.0,-108.0
2026-09-19T12:51:30.023960-04:00,odds_api,401858232,Maryland Terrapins,Virginia Tech Hokies,betonlineag,2.5,,53.5,,125.0,-145.0,2026-09-19T23:30:00Z,100.0,-110.0
2026-09-19T12:51:30.023960-04:00,odds_api,401858232,Maryland Terrapins,Virginia Tech Hokies,betmgm,3.0,,53.5,,120.0,-145.0,2026-09-19T23:30:00Z,-115.0,-108.0
2026-09-19T12:51:30.023960-04:00,odds_api,401858232,Maryland Terrapins,Virginia Tech Hokies,mybookieag,3.0,,53.5,,120.0,-147.0,2026-09-19T23:30:00Z,-110.0,-110.0
2026-09-19T12:51:30.023960-04:00,odds_api,401858232,Maryland Terrapins,Virginia Tech Hokies,betus,2.5,,53.5,,125.0,-145.0,2026-09-19T23:30:00Z,100.0,-110.0
2026-09-19T12:51:30.023960-04:00,odds_api,401858232,Maryland Terrapins,Virginia Tech Hokies,bovada,2.5,,53.0,,120.0,-140.0,2026-09-19T23:30:00Z,100.0,-115.0
2026-09-19T12:51:30.023960-04:00,odds_api,401858453,Notre Dame Fighting Irish,Michigan State Spartans,fanduel,-29.5,,52.5,,-7000.0,2000.0,2026-09-19T23:30:00Z,-106.0,-105.0
2026-09-19T12:51:30.023960-04:00,odds_api,401858453,Notre Dame Fighting Irish,Michigan State Spartans,draftkings,-29.5,,51.5,,-5000.0,1800.0,2026-09-19T23:30:00Z,-105.0,-112.0
2026-09-19T12:51:30.023960-04:00,odds_api,401858453,Notre Dame Fighting Irish,Michigan State Spartans,betmgm,-29.0,,51.5,,-5000.0,2200.0,2026-09-19T23:30:00Z,-108.0,-118.0
2026-09-19T12:51:30.023960-04:00,odds_api,401858453,Notre Dame Fighting Irish,Michigan State Spartans,betrivers,-29.5,,51.5,,,,2026-09-19T23:30:00Z,-110.0,-112.0
2026-09-19T12:51:30.023960-04:00,odds_api,401858453,Notre Dame Fighting Irish,Michigan State Spartans,lowvig,-29.5,,52.0,,,,2026-09-19T23:30:00Z,-106.0,-108.0
2026-09-19T12:51:30.023960-04:00,odds_api,401858453,Notre Dame Fighting Irish,Michigan State Spartans,betonlineag,-29.5,,52.0,,,,2026-09-19T23:30:00Z,-110.0,-110.0
2026-09-19T12:51:30.023960-04:00,odds_api,401858453,Notre Dame Fighting Irish,Michigan State Spartans,mybookieag,-29.0,,52.0,,-7692.0,1450.0,2026-09-19T23:30:00Z,-110.0,-110.0
2026-09-19T12:51:30.023960-04:00,odds_api,401858453,Notre Dame Fighting Irish,Michigan State Spartans,betus,-28.5,,52.0,,,,2026-09-19T23:30:00Z,-110.0,-110.0
2026-09-19T12:51:30.023960-04:00,odds_api,401858453,Notre Dame Fighting Irish,Michigan State Spartans,bovada,-29.0,,52.0,,-10000.0,1600.0,2026-09-19T23:30:00Z,-110.0,-105.0
2026-09-19T12:51:30.023960-04:00,odds_api,401856690,Oklahoma Sooners,New Mexico Lobos,fanduel,-21.5,,46.5,,-3000.0,1200.0,2026-09-19T23:30:00Z,-105.0,-106.0
2026-09-19T12:51:30.023960-04:00,odds_api,401856690,Oklahoma Sooners,New Mexico Lobos,draftkings,-21.5,,45.5,,-2100.0,1100.0,2026-09-19T23:30:00Z,-102.0,-112.0
2026-09-19T12:51:30.023960-04:00,odds_api,401856690,Oklahoma Sooners,New Mexico Lobos,lowvig,-21.5,,44.5,,-2100.0,1069.0,2026-09-19T23:30:00Z,-101.0,-119.0
2026-09-19T12:51:30.023960-04:00,odds_api,401856690,Oklahoma Sooners,New Mexico Lobos,betonlineag,-21.5,,44.5,,-2100.0,1069.0,2026-09-19T23:30:00Z,-105.0,-120.0
2026-09-19T12:51:30.023960-04:00,odds_api,401856690,Oklahoma Sooners,New Mexico Lobos,betmgm,-21.0,,45.5,,-2000.0,1200.0,2026-09-19T23:30:00Z,-115.0,-108.0
2026-09-19T12:51:30.023960-04:00,odds_api,401856690,Oklahoma Sooners,New Mexico Lobos,mybookieag,-21.0,,45.5,,-2000.0,930.0,2026-09-19T23:30:00Z,-110.0,-110.0
2026-09-19T12:51:30.023960-04:00,odds_api,401856690,Oklahoma Sooners,New Mexico Lobos,betrivers,-21.0,,45.0,,-5000.0,1300.0,2026-09-19T23:30:00Z,-117.0,-115.0
2026-09-19T12:51:30.023960-04:00,odds_api,401856690,Oklahoma Sooners,New Mexico Lobos,betus,-21.5,,46.0,,-2100.0,1075.0,2026-09-19T23:30:00Z,-110.0,-110.0
2026-09-19T12:51:30.023960-04:00,odds_api,401856690,Oklahoma Sooners,New Mexico Lobos,bovada,-22.0,,45.5,,-2000.0,950.0,2026-09-19T23:30:00Z,100.0,-110.0
2026-09-19T12:51:30.023960-04:00,odds_api,401856692,Tennessee Volunteers,Kennesaw State Owls,fanduel,-35.5,,59.5,,,,2026-09-19T23:45:00Z,-105.0,-115.0
2026-09-19T12:51:30.023960-04:00,odds_api,401856692,Tennessee Volunteers,Kennesaw State Owls,draftkings,-35.5,,60.5,,-8000.0,2200.0,2026-09-19T23:45:00Z,-108.0,-115.0
2026-09-19T12:51:30.023960-04:00,odds_api,401856692,Tennessee Volunteers,Kennesaw State Owls,lowvig,-35.0,,61.0,,,,2026-09-19T23:45:00Z,-111.0,-103.0
2026-09-19T12:51:30.023960-04:00,odds_api,401856692,Tennessee Volunteers,Kennesaw State Owls,betonlineag,-35.0,,61.0,,,,2026-09-19T23:45:00Z,-115.0,-105.0
2026-09-19T12:51:30.023960-04:00,odds_api,401856692,Tennessee Volunteers,Kennesaw State Owls,betmgm,-35.5,,60.5,,-20000.0,4000.0,2026-09-19T23:45:00Z,-108.0,-112.0
2026-09-19T12:51:30.023960-04:00,odds_api,401856692,Tennessee Volunteers,Kennesaw State Owls,betrivers,-35.5,,60.0,,,,2026-09-19T23:45:00Z,-110.0,-112.0
2026-09-19T12:51:30.023960-04:00,odds_api,401856692,Tennessee Volunteers,Kennesaw State Owls,betus,-35.0,,61.5,,,,2026-09-19T23:45:00Z,-110.0,-110.0
2026-09-19T12:51:30.023960-04:00,odds_api,401856692,Tennessee Volunteers,Kennesaw State Owls,bovada,-35.5,,60.0,,,,2026-09-19T23:45:00Z,-105.0,-115.0
2026-09-19T12:51:30.023960-04:00,odds_api,401856692,Tennessee Volunteers,Kennesaw State Owls,mybookieag,-35.0,,61.0,,-20000.0,1725.0,2026-09-19T23:45:00Z,-110.0,-110.0
2026-09-19T12:51:30.023960-04:00,odds_api,401856799,TCU Horned Frogs,Arkansas State Red Wolves,fanduel,-19.5,,56.5,,-1300.0,760.0,2026-09-20T00:00:00Z,-105.0,-105.0
2026-09-19T12:51:30.023960-04:00,odds_api,401856799,TCU Horned Frogs,Arkansas State Red Wolves,draftkings,-18.5,,56.5,,-1350.0,800.0,2026-09-20T00:00:00Z,-115.0,-105.0
2026-09-19T12:51:30.023960-04:00,odds_api,401856799,TCU Horned Frogs,Arkansas State Red Wolves,lowvig,-18.5,,56.0,,-1250.0,776.0,2026-09-20T00:00:00Z,-111.0,-108.0
2026-09-19T12:51:30.023960-04:00,odds_api,401856799,TCU Horned Frogs,Arkansas State Red Wolves,betonlineag,-18.5,,56.0,,-1250.0,776.0,2026-09-20T00:00:00Z,-115.0,-110.0
2026-09-19T12:51:30.023960-04:00,odds_api,401856799,TCU Horned Frogs,Arkansas State Red Wolves,betmgm,-19.0,,56.5,,-1200.0,850.0,2026-09-20T00:00:00Z,-110.0,-108.0
2026-09-19T12:51:30.023960-04:00,odds_api,401856799,TCU Horned Frogs,Arkansas State Red Wolves,mybookieag,-19.0,,56.0,,-1262.0,705.0,2026-09-20T00:00:00Z,-110.0,-110.0
2026-09-19T12:51:30.023960-04:00,odds_api,401856799,TCU Horned Frogs,Arkansas State Red Wolves,betrivers,-19.5,,56.5,,-1430.0,750.0,2026-09-20T00:00:00Z,-110.0,-113.0
2026-09-19T12:51:30.023960-04:00,odds_api,401856799,TCU Horned Frogs,Arkansas State Red Wolves,betus,-18.5,,56.0,,-1250.0,800.0,2026-09-20T00:00:00Z,-115.0,-110.0
2026-09-19T12:51:30.023960-04:00,odds_api,401856799,TCU Horned Frogs,Arkansas State Red Wolves,bovada,-19.5,,56.0,,-1300.0,725.0,2026-09-20T00:00:00Z,-110.0,-115.0
2026-09-19T12:51:30.023960-04:00,odds_api,401862775,Tulsa Golden Hurricane,East Texas A&M Lions,fanduel,-41.5,,56.5,,,,2026-09-20T00:00:00Z,-114.0,-108.0
2026-09-19T12:51:30.023960-04:00,odds_api,401862775,Tulsa Golden Hurricane,East Texas A&M Lions,draftkings,-42.5,,56.5,,,,2026-09-20T00:00:00Z,100.0,-108.0
2026-09-19T12:51:30.023960-04:00,odds_api,401862775,Tulsa Golden Hurricane,East Texas A&M Lions,lowvig,-41.0,,56.5,,,,2026-09-20T00:00:00Z,-110.0,-105.0
2026-09-19T12:51:30.023960-04:00,odds_api,401862775,Tulsa Golden Hurricane,East Texas A&M Lions,betonlineag,-41.0,,56.5,,,,2026-09-20T00:00:00Z,-110.0,-105.0
2026-09-19T12:51:30.023960-04:00,odds_api,401862775,Tulsa Golden Hurricane,East Texas A&M Lions,bovada,-42.5,,56.5,,,,2026-09-20T00:00:00Z,100.0,-105.0
2026-09-19T12:51:30.023960-04:00,odds_api,401862776,Louisiana Ragin Cajuns,UAB Blazers,fanduel,-6.5,,55.5,,-260.0,210.0,2026-09-20T00:00:00Z,-120.0,-108.0
2026-09-19T12:51:30.023960-04:00,odds_api,401862776,Louisiana Ragin Cajuns,UAB Blazers,draftkings,-7.0,,55.5,,-278.0,225.0,2026-09-20T00:00:00Z,-108.0,-102.0
2026-09-19T12:51:30.023960-04:00,odds_api,401862776,Louisiana Ragin Cajuns,UAB Blazers,lowvig,-7.0,,54.5,,-270.0,222.0,2026-09-20T00:00:00Z,-111.0,-114.0
2026-09-19T12:51:30.023960-04:00,odds_api,401862776,Louisiana Ragin Cajuns,UAB Blazers,betonlineag,-7.0,,54.5,,-270.0,222.0,2026-09-20T00:00:00Z,-115.0,-115.0
2026-09-19T12:51:30.023960-04:00,odds_api,401862776,Louisiana Ragin Cajuns,UAB Blazers,betmgm,-7.0,,55.5,,-275.0,220.0,2026-09-20T00:00:00Z,-105.0,-102.0
2026-09-19T12:51:30.023960-04:00,odds_api,401862776,Louisiana Ragin Cajuns,UAB Blazers,mybookieag,-7.0,,55.0,,-275.0,216.0,2026-09-20T00:00:00Z,-110.0,-110.0
2026-09-19T12:51:30.023960-04:00,odds_api,401862776,Louisiana Ragin Cajuns,UAB Blazers,betrivers,-7.0,,55.5,,-286.0,220.0,2026-09-20T00:00:00Z,-104.0,-117.0
2026-09-19T12:51:30.023960-04:00,odds_api,401862776,Louisiana Ragin Cajuns,UAB Blazers,betus,-7.0,,55.0,,-270.0,225.0,2026-09-20T00:00:00Z,-110.0,-110.0
2026-09-19T12:51:30.023960-04:00,odds_api,401862776,Louisiana Ragin Cajuns,UAB Blazers,bovada,-7.0,,55.0,,-280.0,230.0,2026-09-20T00:00:00Z,-110.0,-110.0
2026-09-19T12:51:30.023960-04:00,odds_api,401856693,Texas Longhorns,UTSA Roadrunners,draftkings,-29.5,,58.5,,-5000.0,1800.0,2026-09-20T00:00:00Z,-112.0,-110.0
2026-09-19T12:51:30.023960-04:00,odds_api,401856693,Texas Longhorns,UTSA Roadrunners,fanduel,-30.5,,58.5,,-8000.0,2200.0,2026-09-20T00:00:00Z,-102.0,-110.0
2026-09-19T12:51:30.023960-04:00,odds_api,401856693,Texas Longhorns,UTSA Roadrunners,betrivers,-30.5,,58.0,,,,2026-09-20T00:00:00Z,-110.0,-115.0
2026-09-19T12:51:30.023960-04:00,odds_api,401856693,Texas Longhorns,UTSA Roadrunners,betonlineag,-30.0,,59.0,,,,2026-09-20T00:00:00Z,-110.0,-105.0
2026-09-19T12:51:30.023960-04:00,odds_api,401856693,Texas Longhorns,UTSA Roadrunners,lowvig,-30.0,,59.0,,,,2026-09-20T00:00:00Z,-106.0,-103.0
2026-09-19T12:51:30.023960-04:00,odds_api,401856693,Texas Longhorns,UTSA Roadrunners,mybookieag,-30.0,,58.5,,-5000.0,1350.0,2026-09-20T00:00:00Z,-110.0,-110.0
2026-09-19T12:51:30.023960-04:00,odds_api,401856693,Texas Longhorns,UTSA Roadrunners,betmgm,-30.0,,58.5,,-5000.0,2200.0,2026-09-20T00:00:00Z,-112.0,-110.0
2026-09-19T12:51:30.023960-04:00,odds_api,401856693,Texas Longhorns,UTSA Roadrunners,betus,-30.0,,59.0,,,,2026-09-20T00:00:00Z,-110.0,-110.0
2026-09-19T12:51:30.023960-04:00,odds_api,401856693,Texas Longhorns,UTSA Roadrunners,bovada,-30.0,,58.0,,,,2026-09-20T00:00:00Z,-110.0,-115.0
2026-09-19T12:51:30.023960-04:00,odds_api,401860885,Boise State Broncos,South Dakota Coyotes,fanduel,-28.5,,59.5,,-4500.0,1600.0,2026-09-20T02:00:00Z,-108.0,-115.0
2026-09-19T12:51:30.023960-04:00,odds_api,401860885,Boise State Broncos,South Dakota Coyotes,betrivers,-28.5,,58.5,,-10000.0,1400.0,2026-09-20T02:00:00Z,-109.0,-114.0
2026-09-19T12:51:30.023960-04:00,odds_api,401860885,Boise State Broncos,South Dakota Coyotes,draftkings,-28.5,,59.5,,-2800.0,1300.0,2026-09-20T02:00:00Z,-102.0,-105.0
2026-09-19T12:51:30.023960-04:00,odds_api,401860885,Boise State Broncos,South Dakota Coyotes,betonlineag,-28.0,,59.0,,,,2026-09-20T02:00:00Z,-110.0,-115.0
2026-09-19T12:51:30.023960-04:00,odds_api,401860885,Boise State Broncos,South Dakota Coyotes,betmgm,-28.0,,59.5,,-3000.0,1700.0,2026-09-20T02:00:00Z,-110.0,-108.0
2026-09-19T12:51:30.023960-04:00,odds_api,401860885,Boise State Broncos,South Dakota Coyotes,bovada,-28.0,,59.5,,-5000.0,1200.0,2026-09-20T02:00:00Z,-110.0,-110.0
2026-09-19T12:51:30.023960-04:00,odds_api,401860885,Boise State Broncos,South Dakota Coyotes,lowvig,-28.0,,59.0,,,,2026-09-20T02:00:00Z,-110.0,-115.0
2026-09-19T12:51:30.023960-04:00,odds_api,401860887,San Diego State Aztecs,James Madison Dukes,draftkings,-2.5,,46.5,,-130.0,110.0,2026-09-20T02:00:00Z,-105.0,-110.0
2026-09-19T12:51:30.023960-04:00,odds_api,401860887,San Diego State Aztecs,James Madison Dukes,betonlineag,-1.0,,46.5,,-126.0,106.0,2026-09-20T02:00:00Z,-117.0,-105.0
2026-09-19T12:51:30.023960-04:00,odds_api,401860887,San Diego State Aztecs,James Madison Dukes,lowvig,-1.0,,46.5,,-126.0,106.0,2026-09-20T02:00:00Z,-113.0,-103.0
2026-09-19T12:51:30.023960-04:00,odds_api,401860887,San Diego State Aztecs,James Madison Dukes,betmgm,-2.0,,46.5,,-125.0,105.0,2026-09-20T02:00:00Z,-110.0,-110.0
2026-09-19T12:51:30.023960-04:00,odds_api,401860887,San Diego State Aztecs,James Madison Dukes,mybookieag,-2.0,,46.5,,-129.0,105.0,2026-09-20T02:00:00Z,-110.0,-110.0
2026-09-19T12:51:30.023960-04:00,odds_api,401860887,San Diego State Aztecs,James Madison Dukes,fanduel,-1.5,,46.5,,-128.0,106.0,2026-09-20T02:00:00Z,-115.0,-105.0
2026-09-19T12:51:30.023960-04:00,odds_api,401860887,San Diego State Aztecs,James Madison Dukes,betrivers,-1.5,,45.5,,-122.0,100.0,2026-09-20T02:00:00Z,-114.0,-115.0
2026-09-19T12:51:30.023960-04:00,odds_api,401860887,San Diego State Aztecs,James Madison Dukes,betus,-1.0,,46.5,,-130.0,110.0,2026-09-20T02:00:00Z,-115.0,-105.0
2026-09-19T12:51:30.023960-04:00,odds_api,401860887,San Diego State Aztecs,James Madison Dukes,bovada,-2.0,,46.0,,-125.0,105.0,2026-09-20T02:00:00Z,-110.0,-115.0
2026-09-19T12:51:30.023960-04:00,odds_api,401856793,Arizona Wildcats,Northern Illinois Huskies,fanduel,-34.5,,50.5,,,,2026-09-20T02:30:00Z,-110.0,-110.0
2026-09-19T12:51:30.023960-04:00,odds_api,401856793,Arizona Wildcats,Northern Illinois Huskies,draftkings,-33.5,,50.5,,-6500.0,2000.0,2026-09-20T02:30:00Z,-118.0,-112.0
2026-09-19T12:51:30.023960-04:00,odds_api,401856793,Arizona Wildcats,Northern Illinois Huskies,lowvig,-34.0,,50.5,,,,2026-09-20T02:30:00Z,-106.0,-103.0
2026-09-19T12:51:30.023960-04:00,odds_api,401856793,Arizona Wildcats,Northern Illinois Huskies,betonlineag,-34.0,,50.5,,,,2026-09-20T02:30:00Z,-110.0,-105.0
2026-09-19T12:51:30.023960-04:00,odds_api,401856793,Arizona Wildcats,Northern Illinois Huskies,betmgm,-34.0,,50.5,,-25000.0,4500.0,2026-09-20T02:30:00Z,-118.0,-108.0
2026-09-19T12:51:30.023960-04:00,odds_api,401856793,Arizona Wildcats,Northern Illinois Huskies,betus,-33.5,,50.5,,,,2026-09-20T02:30:00Z,-110.0,-110.0
2026-09-19T12:51:30.023960-04:00,odds_api,401856793,Arizona Wildcats,Northern Illinois Huskies,betrivers,-33.5,,51.0,,,,2026-09-20T02:30:00Z,-114.0,-109.0
2026-09-19T12:51:30.023960-04:00,odds_api,401856793,Arizona Wildcats,Northern Illinois Huskies,bovada,-34.0,,50.0,,,,2026-09-20T02:30:00Z,-110.0,-115.0
2026-09-19T12:51:30.023960-04:00,odds_api,401864507,Sacramento State Hornets,North Dakota State Bison,draftkings,26.5,,50.5,,2000.0,-6500.0,2026-09-20T02:30:00Z,-105.0,-118.0
2026-09-19T12:51:30.023960-04:00,odds_api,401864507,Sacramento State Hornets,North Dakota State Bison,lowvig,25.5,,50.5,,1500.0,-4500.0,2026-09-20T02:30:00Z,-105.0,-108.0
2026-09-19T12:51:30.023960-04:00,odds_api,401864507,Sacramento State Hornets,North Dakota State Bison,betonlineag,25.5,,50.5,,1500.0,-4500.0,2026-09-20T02:30:00Z,-109.0,-110.0
2026-09-19T12:51:30.023960-04:00,odds_api,401864507,Sacramento State Hornets,North Dakota State Bison,betmgm,26.5,,50.5,,1800.0,-5000.0,2026-09-20T02:30:00Z,-118.0,-112.0
2026-09-19T12:51:30.023960-04:00,odds_api,401864507,Sacramento State Hornets,North Dakota State Bison,mybookieag,26.5,,50.5,,1389.0,-10099.0,2026-09-20T02:30:00Z,-110.0,-110.0
2026-09-19T12:51:30.023960-04:00,odds_api,401864507,Sacramento State Hornets,North Dakota State Bison,fanduel,26.5,,50.5,,1600.0,-4500.0,2026-09-20T02:30:00Z,-110.0,-115.0
2026-09-19T12:51:30.023960-04:00,odds_api,401864507,Sacramento State Hornets,North Dakota State Bison,betus,25.5,,50.0,,,,2026-09-20T02:30:00Z,-110.0,-110.0
2026-09-19T12:51:30.023960-04:00,odds_api,401864507,Sacramento State Hornets,North Dakota State Bison,betrivers,26.5,,50.5,,,,2026-09-20T02:30:00Z,-113.0,-113.0
2026-09-19T12:51:30.023960-04:00,odds_api,401864507,Sacramento State Hornets,North Dakota State Bison,bovada,26.5,,50.5,,1300.0,-5000.0,2026-09-20T02:30:00Z,-120.0,-110.0
2026-09-19T12:51:30.023960-04:00,odds_api,401860888,San Jose State Spartans,Fresno State Bulldogs,fanduel,5.5,,48.5,,176.0,-215.0,2026-09-20T03:00:00Z,-110.0,-114.0
2026-09-19T12:51:30.023960-04:00,odds_api,401860888,San Jose State Spartans,Fresno State Bulldogs,draftkings,5.5,,48.5,,170.0,-205.0,2026-09-20T03:00:00Z,-112.0,-105.0
2026-09-19T12:51:30.023960-04:00,odds_api,401860888,San Jose State Spartans,Fresno State Bulldogs,lowvig,4.5,,48.0,,171.0,-196.0,2026-09-20T03:00:00Z,-101.0,-104.0
2026-09-19T12:51:30.023960-04:00,odds_api,401860888,San Jose State Spartans,Fresno State Bulldogs,betonlineag,4.5,,48.0,,171.0,-196.0,2026-09-20T03:00:00Z,-105.0,-106.0
2026-09-19T12:51:30.023960-04:00,odds_api,401860888,San Jose State Spartans,Fresno State Bulldogs,betmgm,5.5,,48.5,,175.0,-210.0,2026-09-20T03:00:00Z,-110.0,-105.0
2026-09-19T12:51:30.023960-04:00,odds_api,401860888,San Jose State Spartans,Fresno State Bulldogs,mybookieag,5.5,,48.5,,182.0,-228.0,2026-09-20T03:00:00Z,-110.0,-110.0
2026-09-19T12:51:30.023960-04:00,odds_api,401860888,San Jose State Spartans,Fresno State Bulldogs,betrivers,5.5,,48.5,,185.0,-240.0,2026-09-20T03:00:00Z,-108.0,-115.0
2026-09-19T12:51:30.023960-04:00,odds_api,401860888,San Jose State Spartans,Fresno State Bulldogs,betus,5.5,,48.0,,170.0,-200.0,2026-09-20T03:00:00Z,-110.0,-110.0
2026-09-19T12:51:30.023960-04:00,odds_api,401860888,San Jose State Spartans,Fresno State Bulldogs,bovada,5.5,,48.5,,175.0,-210.0,2026-09-20T03:00:00Z,-110.0,-110.0
2026-09-19T12:51:30.023960-04:00,odds_api,401860886,Oregon State Beavers,Montana Grizzlies,fanduel,-17.5,,56.5,,-1100.0,680.0,2026-09-20T03:00:00Z,-110.0,-105.0
2026-09-19T12:51:30.023960-04:00,odds_api,401860886,Oregon State Beavers,Montana Grizzlies,betrivers,-17.0,,56.0,,-910.0,540.0,2026-09-20T03:00:00Z,-109.0,-113.0
2026-09-19T12:51:30.023960-04:00,odds_api,401860886,Oregon State Beavers,Montana Grizzlies,draftkings,-17.5,,55.5,,-850.0,575.0,2026-09-20T03:00:00Z,-105.0,-105.0
2026-09-19T12:51:30.023960-04:00,odds_api,401860886,Oregon State Beavers,Montana Grizzlies,lowvig,-17.0,,56.0,,,,2026-09-20T03:00:00Z,-115.0,-115.0
2026-09-19T12:51:30.023960-04:00,odds_api,401860886,Oregon State Beavers,Montana Grizzlies,betonlineag,-17.0,,56.0,,,,2026-09-20T03:00:00Z,-115.0,-115.0
2026-09-19T12:51:30.023960-04:00,odds_api,401860886,Oregon State Beavers,Montana Grizzlies,betmgm,-17.0,,55.5,,-900.0,625.0,2026-09-20T03:00:00Z,-110.0,-112.0
2026-09-19T12:51:30.023960-04:00,odds_api,401860886,Oregon State Beavers,Montana Grizzlies,bovada,-17.0,,56.0,,-900.0,575.0,2026-09-20T03:00:00Z,-110.0,-105.0
2026-09-19T12:51:30.023960-04:00,odds_api,401858458,UCLA Bruins,Purdue Boilermakers,fanduel,-14.5,,52.5,,-650.0,460.0,2026-09-20T03:00:00Z,100.0,-105.0
2026-09-19T12:51:30.023960-04:00,odds_api,401858458,UCLA Bruins,Purdue Boilermakers,betrivers,-14.0,,52.0,,-770.0,500.0,2026-09-20T03:00:00Z,-109.0,-112.0
2026-09-19T12:51:30.023960-04:00,odds_api,401858458,UCLA Bruins,Purdue Boilermakers,draftkings,-14.0,,52.5,,-650.0,470.0,2026-09-20T03:00:00Z,-112.0,-112.0
2026-09-19T12:51:30.023960-04:00,odds_api,401858458,UCLA Bruins,Purdue Boilermakers,lowvig,-14.0,,52.5,,-650.0,476.0,2026-09-20T03:00:00Z,-111.0,-114.0
2026-09-19T12:51:30.023960-04:00,odds_api,401858458,UCLA Bruins,Purdue Boilermakers,betonlineag,-14.0,,52.5,,-650.0,476.0,2026-09-20T03:00:00Z,-115.0,-115.0
2026-09-19T12:51:30.023960-04:00,odds_api,401858458,UCLA Bruins,Purdue Boilermakers,betmgm,-14.0,,52.5,,-650.0,500.0,2026-09-20T03:00:00Z,-110.0,-110.0
2026-09-19T12:51:30.023960-04:00,odds_api,401858458,UCLA Bruins,Purdue Boilermakers,mybookieag,-14.0,,52.5,,-625.0,440.0,2026-09-20T03:00:00Z,-110.0,-110.0
2026-09-19T12:51:30.023960-04:00,odds_api,401858458,UCLA Bruins,Purdue Boilermakers,betus,-14.0,,53.0,,-650.0,475.0,2026-09-20T03:00:00Z,-115.0,-110.0
2026-09-19T12:51:30.023960-04:00,odds_api,401858458,UCLA Bruins,Purdue Boilermakers,bovada,-14.0,,52.5,,-700.0,475.0,2026-09-20T03:00:00Z,-110.0,-115.0
2026-09-19T18:05:55.535991-04:00,cfbd,401856688,Ole Miss,LSU,DraftKings,3.0,-1.5,58.5,57.5,124.0,-148.0,,,
2026-09-19T18:05:55.535991-04:00,cfbd,401856688,Ole Miss,LSU,Bovada,2.5,3.0,59.0,58.5,130.0,-165.0,,,
2026-09-19T18:05:55.535991-04:00,cfbd,401856687,Auburn,Florida,DraftKings,2.5,-1.5,52.5,53.5,114.0,-135.0,,,
2026-09-19T18:05:55.535991-04:00,cfbd,401856687,Auburn,Florida,Bovada,2.5,2.5,53.0,53.0,115.0,-135.0,,,
2026-09-19T18:05:55.535991-04:00,cfbd,401858232,Maryland,Virginia Tech,DraftKings,2.5,1.5,53.5,53.5,120.0,-142.0,,,
2026-09-19T18:05:55.535991-04:00,cfbd,401858232,Maryland,Virginia Tech,Bovada,2.5,3.5,53.0,53.5,140.0,-165.0,,,
2026-09-19T18:05:55.535991-04:00,cfbd,401858453,Notre Dame,Michigan State,DraftKings,-29.5,-29.5,51.5,53.5,-5000.0,1800.0,,,
2026-09-19T18:05:55.535991-04:00,cfbd,401858453,Notre Dame,Michigan State,Bovada,-29.0,-30.0,52.0,52.0,-10000.0,1600.0,,,
2026-09-19T18:05:55.535991-04:00,cfbd,401856693,Texas,UTSA,DraftKings,-29.5,-29.5,58.5,57.5,-5000.0,1800.0,,,
2026-09-19T18:05:55.535991-04:00,cfbd,401856693,Texas,UTSA,Bovada,-30.0,-30.0,58.0,58.0,,,,,
2026-09-19T18:05:55.535991-04:00,cfbd,401861963,Southern Miss,UConn,DraftKings,3.0,2.5,54.5,55.5,136.0,-162.0,,,
2026-09-19T18:05:55.535991-04:00,cfbd,401861963,Southern Miss,UConn,Bovada,3.0,3.5,54.5,54.0,140.0,-165.0,,,
2026-09-19T18:05:55.535991-04:00,cfbd,401856796,Northwestern,Colorado,DraftKings,-3.5,-4.5,47.5,45.5,-175.0,145.0,,,
2026-09-19T18:05:55.535991-04:00,cfbd,401856796,Northwestern,Colorado,Bovada,-3.5,-4.5,48.0,47.0,-195.0,165.0,,,
2026-09-19T18:05:55.535991-04:00,cfbd,401858459,Washington,Eastern Washington,DraftKings,-42.5,-42.5,58.5,56.5,,,,,
2026-09-19T18:05:55.535991-04:00,cfbd,401858459,Washington,Eastern Washington,Bovada,-42.5,-42.5,58.5,58.0,,,,,
2026-09-19T18:05:55.535991-04:00,cfbd,401864443,Middle Tennessee,Nevada,Bovada,4.0,5.5,50.0,51.0,180.0,-220.0,,,
2026-09-19T18:05:55.535991-04:00,cfbd,401864443,Middle Tennessee,Nevada,DraftKings,3.5,6.5,50.5,49.5,150.0,-180.0,,,
2026-09-19T18:05:55.535991-04:00,cfbd,401858458,UCLA,Purdue,DraftKings,-14.0,-14.0,52.5,53.5,-650.0,470.0,,,
2026-09-19T18:05:55.535991-04:00,cfbd,401858458,UCLA,Purdue,Bovada,-13.5,-15.5,52.5,53.0,-800.0,525.0,,,
2026-09-19T18:05:55.535991-04:00,cfbd,401856803,Oklahoma State,Murray State,DraftKings,-56.5,-56.5,70.5,70.5,,,,,
2026-09-19T18:05:55.535991-04:00,cfbd,401856803,Oklahoma State,Murray State,Bovada,-56.0,-55.5,70.5,70.0,,,,,
2026-09-19T18:05:55.535991-04:00,cfbd,401860886,Oregon State,Montana,DraftKings,-17.5,-17.5,55.5,52.5,-850.0,575.0,,,
2026-09-19T18:05:55.535991-04:00,cfbd,401860886,Oregon State,Montana,Bovada,-17.5,-17.0,56.0,54.5,-900.0,575.0,,,
2026-09-19T18:05:55.535991-04:00,cfbd,401856800,UCF,Georgia State,Bovada,-17.5,-20.5,50.0,50.5,-1500.0,775.0,,,
2026-09-19T18:05:55.535991-04:00,cfbd,401856800,UCF,Georgia State,DraftKings,-17.5,-21.0,50.5,49.5,-1100.0,700.0,,,
2026-09-19T18:05:55.535991-04:00,cfbd,401862773,Rice,Western Michigan,Bovada,8.5,12.0,43.5,44.0,325.0,-510.0,,,
2026-09-19T18:05:55.535991-04:00,cfbd,401862773,Rice,Western Michigan,DraftKings,8.5,11.5,43.5,45.5,285.0,-360.0,,,
2026-09-19T18:05:55.535991-04:00,cfbd,401858452,Nebraska,North Dakota,DraftKings,-27.5,-24.5,55.5,51.5,-2800.0,1300.0,,,
2026-09-19T18:05:55.535991-04:00,cfbd,401858452,Nebraska,North Dakota,Bovada,-28.0,-24.0,56.0,51.0,-2500.0,1000.0,,,
2026-09-19T18:05:55.535991-04:00,cfbd,401869948,Jacksonville State,Georgia Southern,Bovada,-3.5,-3.5,52.5,52.5,-175.0,150.0,,,
2026-09-19T18:05:55.535991-04:00,cfbd,401869948,Jacksonville State,Georgia Southern,DraftKings,-3.5,-2.5,52.5,53.5,-175.0,145.0,,,
2026-09-19T18:05:55.535991-04:00,cfbd,401866423,South Alabama,Ohio,Bovada,-7.0,-4.0,48.5,52.5,-185.0,160.0,,,
2026-09-19T18:05:55.535991-04:00,cfbd,401866423,South Alabama,Ohio,DraftKings,-7.0,-3.5,48.5,53.5,-270.0,220.0,,,
2026-09-19T18:05:55.535991-04:00,cfbd,401856795,Colorado State,BYU,Bovada,17.0,18.0,53.0,52.0,650.0,-1100.0,,,
2026-09-19T18:05:55.535991-04:00,cfbd,401856795,Colorado State,BYU,DraftKings,17.5,21.0,52.5,52.5,625.0,-950.0,,,
2026-09-19T18:05:55.535991-04:00,cfbd,401870764,Sam Houston,Nicholls,DraftKings,-21.0,-17.5,50.5,49.5,,,,,
2026-09-19T18:05:55.535991-04:00,cfbd,401870764,Sam Houston,Nicholls,Bovada,-21.0,-17.5,51.5,49.0,-1000.0,625.0,,,
2026-09-19T18:05:55.535991-04:00,cfbd,401862777,South Florida,Delaware State,DraftKings,-36.5,-36.5,61.5,61.5,,,,,
2026-09-19T18:05:55.535991-04:00,cfbd,401862777,South Florida,Delaware State,Bovada,-36.5,-36.5,61.0,61.0,,,,,
2026-09-19T18:05:55.535991-04:00,cfbd,401856799,TCU,Arkansas State,DraftKings,-18.5,-20.5,56.5,57.5,-1350.0,800.0,,,
2026-09-19T18:05:55.535991-04:00,cfbd,401856799,TCU,Arkansas State,Bovada,-19.5,-20.0,56.0,57.5,-1400.0,750.0,,,
2026-09-19T18:05:55.535991-04:00,cfbd,401856692,Tennessee,Kennesaw State,DraftKings,-35.5,-34.5,60.5,59.5,-8000.0,2200.0,,,
2026-09-19T18:05:55.535991-04:00,cfbd,401856692,Tennessee,Kennesaw State,Bovada,-35.5,-35.5,60.0,60.0,,,,,
2026-09-19T18:05:55.535991-04:00,cfbd,401860888,San José State,Fresno State,DraftKings,5.5,7.5,48.5,52.5,170.0,-205.0,,,
2026-09-19T18:05:55.535991-04:00,cfbd,401860888,San José State,Fresno State,Bovada,5.5,7.0,48.5,50.5,225.0,-275.0,,,
2026-09-19T18:05:55.535991-04:00,cfbd,401860887,San Diego State,James Madison,DraftKings,-2.5,-1.5,46.5,46.5,-130.0,110.0,,,
2026-09-19T18:05:55.535991-04:00,cfbd,401860887,San Diego State,James Madison,Bovada,-2.0,-2.5,46.5,46.5,-135.0,115.0,,,
2026-09-19T18:05:55.535991-04:00,cfbd,401856793,Arizona,Northern Illinois,DraftKings,-33.5,-35.5,50.5,49.5,-6500.0,2000.0,,,
2026-09-19T18:05:55.535991-04:00,cfbd,401856793,Arizona,Northern Illinois,Bovada,-34.0,-34.5,50.0,50.0,,,,,
2026-09-19T18:05:55.535991-04:00,cfbd,401864507,Sacramento State,North Dakota State,DraftKings,26.5,23.5,50.5,53.5,1800.0,-5000.0,,,
2026-09-19T18:05:55.535991-04:00,cfbd,401864507,Sacramento State,North Dakota State,Bovada,26.5,28.0,50.5,53.0,1300.0,-7000.0,,,
2026-09-19T18:05:55.535991-04:00,cfbd,401871047,Missouri State,Marshall,DraftKings,4.0,4.5,52.5,53.5,160.0,-192.0,,,
2026-09-19T18:05:55.535991-04:00,cfbd,401871047,Missouri State,Marshall,Bovada,4.0,4.0,52.5,52.0,160.0,-185.0,,,
2026-09-19T18:05:55.535991-04:00,cfbd,401856802,Virginia,West Virginia,DraftKings,-10.5,-8.5,53.5,50.5,-410.0,320.0,,,
2026-09-19T18:05:55.535991-04:00,cfbd,401856802,Virginia,West Virginia,Bovada,-11.0,-9.5,53.5,54.5,-380.0,290.0,,,
2026-09-19T18:05:55.535991-04:00,cfbd,401856690,Oklahoma,New Mexico,DraftKings,-21.5,-23.5,45.5,48.5,-2100.0,1100.0,,,
2026-09-19T18:05:55.535991-04:00,cfbd,401856690,Oklahoma,New Mexico,Bovada,-21.0,-23.5,45.5,48.0,-2500.0,1000.0,,,
2026-09-19T18:05:55.535991-04:00,cfbd,401860885,Boise State,South Dakota,DraftKings,-27.5,-23.5,60.5,55.5,-2800.0,1300.0,,,
2026-09-19T18:05:55.535991-04:00,cfbd,401860885,Boise State,South Dakota,Bovada,-28.0,-24.5,60.0,56.0,-2800.0,1100.0,,,
2026-09-19T18:05:55.535991-04:00,cfbd,401862775,Tulsa,East Texas A&M,DraftKings,-41.5,-42.5,56.5,56.5,,,,,
2026-09-19T18:05:55.535991-04:00,cfbd,401862775,Tulsa,East Texas A&M,Bovada,-42.0,-42.5,56.0,57.5,,,,,
2026-09-19T18:05:55.535991-04:00,cfbd,401862776,Louisiana,UAB,DraftKings,-7.0,-10.0,55.5,59.5,-278.0,225.0,,,
2026-09-19T18:05:55.535991-04:00,cfbd,401862776,Louisiana,UAB,Bovada,-7.0,-7.5,55.0,56.5,-330.0,265.0,,,
2026-09-19T18:05:55.535991-04:00,cfbd,401868247,UT Rio Grande Valley,McNeese,DraftKings,-5.5,-5.5,52.5,52.5,-204.0,162.0,,,
2026-09-19T18:05:55.535991-04:00,cfbd,401868075,Cal Poly,San Diego,DraftKings,-17.5,-18.5,57.5,56.5,-810.0,515.0,,,
2026-09-19T18:05:55.535991-04:00,cfbd,401868151,North Alabama,Alcorn State,DraftKings,-13.5,-13.5,52.5,52.5,-510.0,361.0,,,
2026-09-19T18:05:55.535991-04:00,cfbd,401869147,Incarnate Word,Houston Christian,DraftKings,-14.0,-14.0,50.5,50.5,-680.0,450.0,,,
2026-09-19T18:05:55.535991-04:00,cfbd,401856689,Missouri,Troy,DraftKings,-27.5,-27.5,49.5,49.5,-4500.0,1700.0,,,
2026-09-19T18:05:55.535991-04:00,cfbd,401856689,Missouri,Troy,Bovada,-27.0,-27.0,50.0,49.5,-6500.0,1300.0,,,
2026-09-19T18:05:55.535991-04:00,cfbd,401868164,UC Davis,Stetson,DraftKings,-47.5,-47.5,65.5,63.5,,,,,
2026-09-19T18:05:55.535991-04:00,cfbd,401868164,UC Davis,Stetson,Bovada,-47.5,-47.5,64.5,64.5,,,,,
2026-09-19T18:05:55.535991-04:00,cfbd,401868124,Utah Tech,Northern Arizona,DraftKings,16.5,21.5,51.5,53.5,640.0,-1140.0,,,
2026-09-19T18:05:55.535991-04:00,cfbd,401868237,Tarleton State,Merrimack,DraftKings,-32.5,-34.5,54.5,58.5,,,,,
2026-09-19T18:05:55.535991-04:00,cfbd,401868307,Prairie View A&M,Stephen F. Austin,DraftKings,16.5,17.5,52.5,50.5,610.0,-1060.0,,,
2026-09-19T18:05:55.535991-04:00,cfbd,401867896,South Dakota State,Youngstown State,DraftKings,-9.5,-10.0,59.5,59.5,-361.0,271.0,,,
2026-09-19T18:05:55.535991-04:00,cfbd,401868062,West Florida,Austin Peay,DraftKings,10.5,6.5,55.5,55.5,284.0,-382.0,,,
2026-09-19T18:05:55.535991-04:00,cfbd,401868062,West Florida,Austin Peay,Bovada,11.5,11.5,55.0,55.0,,,,,
2026-09-19T18:05:55.535991-04:00,cfbd,401867984,Furman,South Carolina State,DraftKings,4.5,10.0,46.5,48.5,177.0,-225.0,,,
2026-09-19T18:05:55.535991-04:00,cfbd,401868133,Southeast Missouri State,Central Arkansas,DraftKings,-4.0,-3.0,54.5,54.5,-189.0,151.0,,,
2026-09-19T18:05:55.535991-04:00,cfbd,401862772,Memphis,UT Martin,DraftKings,-33.5,-34.5,57.5,57.5,-50000.0,4000.0,,,
2026-09-19T18:05:55.535991-04:00,cfbd,401862772,Memphis,UT Martin,Bovada,-33.5,-34.5,57.5,57.0,,,,,
2026-09-19T18:05:55.535991-04:00,cfbd,401868196,Florida A&M,Tennessee State,DraftKings,-3.0,-4.5,47.5,47.5,-154.0,123.0,,,
2026-09-19T18:05:55.535991-04:00,cfbd,401868205,Western Illinois,Morehead State,DraftKings,-20.5,-18.5,61.5,58.5,-1900.0,870.0,,,
2026-09-19T18:05:55.535991-04:00,cfbd,401868168,Weber State,Northwestern State,DraftKings,-35.5,-34.5,56.5,54.5,,,,,
2026-09-19T18:05:55.831405-04:00,odds_api,401871047,Missouri State Bears,Marshall Thundering Herd,draftkings,4.0,,52.5,,160.0,-192.0,2026-09-19T22:30:00Z,-110.0,-110.0
2026-09-19T18:05:55.831405-04:00,odds_api,401871047,Missouri State Bears,Marshall Thundering Herd,betonlineag,4.0,,53.5,,164.0,-188.0,2026-09-19T22:30:00Z,-110.0,-105.0
2026-09-19T18:05:55.831405-04:00,odds_api,401871047,Missouri State Bears,Marshall Thundering Herd,lowvig,4.0,,53.5,,164.0,-188.0,2026-09-19T22:30:00Z,-106.0,-103.0
2026-09-19T18:05:55.831405-04:00,odds_api,401871047,Missouri State Bears,Marshall Thundering Herd,fanduel,4.5,,52.5,,146.0,-178.0,2026-09-19T22:30:00Z,-122.0,-114.0
2026-09-19T18:05:55.831405-04:00,odds_api,401871047,Missouri State Bears,Marshall Thundering Herd,mybookieag,4.0,,52.5,,160.0,-198.0,2026-09-19T22:30:00Z,-110.0,-110.0
2026-09-19T18:05:55.831405-04:00,odds_api,401871047,Missouri State Bears,Marshall Thundering Herd,betrivers,4.0,,53.5,,150.0,-186.0,2026-09-19T22:30:00Z,-109.0,-108.0
2026-09-19T18:05:55.831405-04:00,odds_api,401871047,Missouri State Bears,Marshall Thundering Herd,betus,4.0,,52.5,,163.0,-190.0,2026-09-19T22:30:00Z,-110.0,-115.0
2026-09-19T18:05:55.831405-04:00,odds_api,401871047,Missouri State Bears,Marshall Thundering Herd,bovada,4.0,,52.5,,160.0,-185.0,2026-09-19T22:30:00Z,-110.0,-115.0
2026-09-19T18:05:55.831405-04:00,odds_api,401871047,Missouri State Bears,Marshall Thundering Herd,betmgm,4.0,,52.5,,155.0,-190.0,2026-09-19T22:30:00Z,-118.0,-110.0
2026-09-19T18:05:55.831405-04:00,odds_api,401856687,Auburn Tigers,Florida Gators,draftkings,2.5,,52.5,,114.0,-135.0,2026-09-19T23:00:00Z,-115.0,-112.0
2026-09-19T18:05:55.831405-04:00,odds_api,401856687,Auburn Tigers,Florida Gators,mybookieag,2.5,,53.0,,111.0,-135.0,2026-09-19T23:00:00Z,-110.0,-110.0
2026-09-19T18:05:55.831405-04:00,odds_api,401856687,Auburn Tigers,Florida Gators,fanduel,2.5,,53.5,,106.0,-128.0,2026-09-19T23:00:00Z,-115.0,-105.0
2026-09-19T18:05:55.831405-04:00,odds_api,401856687,Auburn Tigers,Florida Gators,betrivers,2.0,,52.5,,108.0,-134.0,2026-09-19T23:00:00Z,-110.0,-112.0
2026-09-19T18:05:55.831405-04:00,odds_api,401856687,Auburn Tigers,Florida Gators,lowvig,1.5,,53.5,,108.0,-128.0,2026-09-19T23:00:00Z,-101.0,-103.0
2026-09-19T18:05:55.831405-04:00,odds_api,401856687,Auburn Tigers,Florida Gators,betonlineag,1.5,,53.5,,108.0,-128.0,2026-09-19T23:00:00Z,-105.0,-105.0
2026-09-19T18:05:55.831405-04:00,odds_api,401856687,Auburn Tigers,Florida Gators,betmgm,2.0,,52.5,,110.0,-130.0,2026-09-19T23:00:00Z,-108.0,-110.0
2026-09-19T18:05:55.831405-04:00,odds_api,401856687,Auburn Tigers,Florida Gators,betus,2.0,,53.0,,110.0,-130.0,2026-09-19T23:00:00Z,-110.0,-110.0
2026-09-19T18:05:55.831405-04:00,odds_api,401856687,Auburn Tigers,Florida Gators,bovada,2.5,,53.0,,120.0,-140.0,2026-09-19T23:00:00Z,-115.0,-110.0
2026-09-19T18:05:55.831405-04:00,odds_api,401862777,South Florida Bulls,Delaware State Hornets,fanduel,-36.5,,60.5,,,,2026-09-19T23:00:00Z,-114.0,-110.0
2026-09-19T18:05:55.831405-04:00,odds_api,401862777,South Florida Bulls,Delaware State Hornets,betrivers,-37.0,,61.0,,,,2026-09-19T23:00:00Z,-114.0,-113.0
2026-09-19T18:05:55.831405-04:00,odds_api,401862777,South Florida Bulls,Delaware State Hornets,draftkings,-36.5,,61.5,,,,2026-09-19T23:00:00Z,-112.0,-105.0
2026-09-19T18:05:55.831405-04:00,odds_api,401862777,South Florida Bulls,Delaware State Hornets,betonlineag,-36.5,,60.5,,,,2026-09-19T23:00:00Z,-110.0,-110.0
2026-09-19T18:05:55.831405-04:00,odds_api,401862777,South Florida Bulls,Delaware State Hornets,lowvig,-36.5,,60.5,,,,2026-09-19T23:00:00Z,-110.0,-110.0
2026-09-19T18:05:55.831405-04:00,odds_api,401862777,South Florida Bulls,Delaware State Hornets,betmgm,-36.5,,60.5,,,,2026-09-19T23:00:00Z,-110.0,-110.0
2026-09-19T18:05:55.831405-04:00,odds_api,401862777,South Florida Bulls,Delaware State Hornets,bovada,-36.5,,61.0,,,,2026-09-19T23:00:00Z,-115.0,-110.0
2026-09-19T18:05:55.831405-04:00,odds_api,401869948,Jacksonville State Gamecocks,Georgia Southern Eagles,draftkings,-3.5,,52.5,,-175.0,145.0,2026-09-19T23:00:00Z,-108.0,-108.0
2026-09-19T18:05:55.831405-04:00,odds_api,401869948,Jacksonville State Gamecocks,Georgia Southern Eagles,lowvig,-3.5,,52.0,,-175.0,153.0,2026-09-19T23:00:00Z,-106.0,-106.0
2026-09-19T18:05:55.831405-04:00,odds_api,401869948,Jacksonville State Gamecocks,Georgia Southern Eagles,betonlineag,-3.5,,52.0,,-175.0,153.0,2026-09-19T23:00:00Z,-107.0,-108.0
2026-09-19T18:05:55.831405-04:00,odds_api,401869948,Jacksonville State Gamecocks,Georgia Southern Eagles,betmgm,-3.5,,52.5,,-175.0,145.0,2026-09-19T23:00:00Z,-108.0,-108.0
2026-09-19T18:05:55.831405-04:00,odds_api,401869948,Jacksonville State Gamecocks,Georgia Southern Eagles,mybookieag,-3.5,,52.5,,-181.0,146.0,2026-09-19T23:00:00Z,-110.0,-110.0
2026-09-19T18:05:55.831405-04:00,odds_api,401869948,Jacksonville State Gamecocks,Georgia Southern Eagles,fanduel,-3.5,,52.5,,-170.0,140.0,2026-09-19T23:00:00Z,-110.0,-112.0
2026-09-19T18:05:55.831405-04:00,odds_api,401869948,Jacksonville State Gamecocks,Georgia Southern Eagles,betrivers,-3.5,,53.5,,-162.0,128.0,2026-09-19T23:00:00Z,-108.0,-110.0
2026-09-19T18:05:55.831405-04:00,odds_api,401869948,Jacksonville State Gamecocks,Georgia Southern Eagles,betus,-3.5,,52.5,,-170.0,146.0,2026-09-19T23:00:00Z,-105.0,-110.0
2026-09-19T18:05:55.831405-04:00,odds_api,401869948,Jacksonville State Gamecocks,Georgia Southern Eagles,bovada,-3.5,,52.5,,-175.0,150.0,2026-09-19T23:00:00Z,-105.0,-110.0
2026-09-19T18:05:55.831405-04:00,odds_api,401856800,UCF Knights,Georgia State Panthers,fanduel,-17.5,,50.5,,-1200.0,720.0,2026-09-19T23:00:00Z,-106.0,-105.0
2026-09-19T18:05:55.831405-04:00,odds_api,401856800,UCF Knights,Georgia State Panthers,draftkings,-17.5,,50.5,,-1100.0,700.0,2026-09-19T23:00:00Z,-108.0,-105.0
2026-09-19T18:05:55.831405-04:00,odds_api,401856800,UCF Knights,Georgia State Panthers,lowvig,-17.5,,50.0,,-1100.0,709.0,2026-09-19T23:00:00Z,-101.0,-108.0
2026-09-19T18:05:55.831405-04:00,odds_api,401856800,UCF Knights,Georgia State Panthers,betonlineag,-17.5,,50.0,,-1100.0,709.0,2026-09-19T23:00:00Z,-105.0,-110.0
2026-09-19T18:05:55.831405-04:00,odds_api,401856800,UCF Knights,Georgia State Panthers,betmgm,-17.5,,50.5,,-1100.0,750.0,2026-09-19T23:00:00Z,-105.0,-110.0
2026-09-19T18:05:55.831405-04:00,odds_api,401856800,UCF Knights,Georgia State Panthers,mybookieag,-17.5,,50.0,,-1122.0,670.0,2026-09-19T23:00:00Z,-110.0,-110.0
2026-09-19T18:05:55.831405-04:00,odds_api,401856800,UCF Knights,Georgia State Panthers,betrivers,-17.5,,50.0,,-1115.0,600.0,2026-09-19T23:00:00Z,-108.0,-114.0
2026-09-19T18:05:55.831405-04:00,odds_api,401856800,UCF Knights,Georgia State Panthers,betus,-17.5,,50.0,,-1100.0,700.0,2026-09-19T23:00:00Z,-105.0,-110.0
2026-09-19T18:05:55.831405-04:00,odds_api,401856800,UCF Knights,Georgia State Panthers,bovada,-17.5,,50.0,,-1100.0,650.0,2026-09-19T23:00:00Z,-105.0,-110.0
2026-09-19T18:05:55.831405-04:00,odds_api,401862772,Memphis Tigers,UT Martin Skyhawks,fanduel,-33.5,,58.5,,-20000.0,3500.0,2026-09-19T23:00:00Z,-110.0,-105.0
2026-09-19T18:05:55.831405-04:00,odds_api,401862772,Memphis Tigers,UT Martin Skyhawks,betrivers,-34.0,,58.0,,,,2026-09-19T23:00:00Z,-110.0,-112.0
2026-09-19T18:05:55.831405-04:00,odds_api,401862772,Memphis Tigers,UT Martin Skyhawks,draftkings,-33.5,,57.5,,-50000.0,4000.0,2026-09-19T23:00:00Z,-110.0,-115.0
2026-09-19T18:05:55.831405-04:00,odds_api,401862772,Memphis Tigers,UT Martin Skyhawks,betonlineag,-33.5,,58.0,,,,2026-09-19T23:00:00Z,-110.0,-110.0
2026-09-19T18:05:55.831405-04:00,odds_api,401862772,Memphis Tigers,UT Martin Skyhawks,lowvig,-33.5,,58.0,,,,2026-09-19T23:00:00Z,-110.0,-110.0
2026-09-19T18:05:55.831405-04:00,odds_api,401862772,Memphis Tigers,UT Martin Skyhawks,betmgm,-33.5,,57.5,,-20000.0,4000.0,2026-09-19T23:00:00Z,-108.0,-112.0
2026-09-19T18:05:55.831405-04:00,odds_api,401862772,Memphis Tigers,UT Martin Skyhawks,bovada,-33.5,,57.5,,,,2026-09-19T23:00:00Z,-110.0,-110.0
2026-09-19T18:05:55.831405-04:00,odds_api,401864443,Middle Tennessee Blue Raiders,Nevada Wolf Pack,draftkings,3.5,,50.5,,150.0,-180.0,2026-09-19T23:00:00Z,-105.0,-108.0
2026-09-19T18:05:55.831405-04:00,odds_api,401864443,Middle Tennessee Blue Raiders,Nevada Wolf Pack,betmgm,3.5,,50.5,,150.0,-185.0,2026-09-19T23:00:00Z,-108.0,-108.0
2026-09-19T18:05:55.831405-04:00,odds_api,401864443,Middle Tennessee Blue Raiders,Nevada Wolf Pack,lowvig,3.5,,50.5,,149.0,-170.0,2026-09-19T23:00:00Z,-101.0,-108.0
2026-09-19T18:05:55.831405-04:00,odds_api,401864443,Middle Tennessee Blue Raiders,Nevada Wolf Pack,betonlineag,3.5,,50.5,,149.0,-170.0,2026-09-19T23:00:00Z,-105.0,-110.0
2026-09-19T18:05:55.831405-04:00,odds_api,401864443,Middle Tennessee Blue Raiders,Nevada Wolf Pack,mybookieag,4.0,,50.0,,158.0,-196.0,2026-09-19T23:00:00Z,-110.0,-110.0
2026-09-19T18:05:55.831405-04:00,odds_api,401864443,Middle Tennessee Blue Raiders,Nevada Wolf Pack,fanduel,3.5,,49.5,,140.0,-170.0,2026-09-19T23:00:00Z,-110.0,-115.0
2026-09-19T18:05:55.831405-04:00,odds_api,401864443,Middle Tennessee Blue Raiders,Nevada Wolf Pack,betrivers,4.5,,50.5,,145.0,-180.0,2026-09-19T23:00:00Z,-112.0,-115.0
2026-09-19T18:05:55.831405-04:00,odds_api,401864443,Middle Tennessee Blue Raiders,Nevada Wolf Pack,betus,3.5,,50.5,,146.0,-170.0,2026-09-19T23:00:00Z,-110.0,-110.0
2026-09-19T18:05:55.831405-04:00,odds_api,401864443,Middle Tennessee Blue Raiders,Nevada Wolf Pack,bovada,4.0,,50.0,,155.0,-180.0,2026-09-19T23:00:00Z,-110.0,-110.0
2026-09-19T18:05:55.831405-04:00,odds_api,401856689,Missouri Tigers,Troy Trojans,draftkings,-27.5,,49.5,,-4500.0,1700.0,2026-09-19T23:00:00Z,-105.0,-112.0
2026-09-19T18:05:55.831405-04:00,odds_api,401856689,Missouri Tigers,Troy Trojans,lowvig,-27.5,,49.5,,-6000.0,1592.0,2026-09-19T23:00:00Z,-101.0,-108.0
2026-09-19T18:05:55.831405-04:00,odds_api,401856689,Missouri Tigers,Troy Trojans,betonlineag,-27.5,,49.5,,-6000.0,1592.0,2026-09-19T23:00:00Z,-105.0,-110.0
2026-09-19T18:05:55.831405-04:00,odds_api,401856689,Missouri Tigers,Troy Trojans,betmgm,-27.0,,49.5,,-5000.0,1900.0,2026-09-19T23:00:00Z,-110.0,-110.0
2026-09-19T18:05:55.831405-04:00,odds_api,401856689,Missouri Tigers,Troy Trojans,mybookieag,-27.0,,50.0,,-10099.0,1455.0,2026-09-19T23:00:00Z,-110.0,-110.0
2026-09-19T18:05:55.831405-04:00,odds_api,401856689,Missouri Tigers,Troy Trojans,fanduel,-26.5,,50.5,,-4500.0,1600.0,2026-09-19T23:00:00Z,-115.0,-106.0
2026-09-19T18:05:55.831405-04:00,odds_api,401856689,Missouri Tigers,Troy Trojans,betrivers,-27.0,,50.5,,-10000.0,1700.0,2026-09-19T23:00:00Z,-110.0,-110.0
2026-09-19T18:05:55.831405-04:00,odds_api,401856689,Missouri Tigers,Troy Trojans,betus,-27.5,,49.5,,,,2026-09-19T23:00:00Z,-110.0,-110.0
2026-09-19T18:05:55.831405-04:00,odds_api,401856689,Missouri Tigers,Troy Trojans,bovada,-27.0,,50.0,,-5000.0,1300.0,2026-09-19T23:00:00Z,-110.0,-110.0
2026-09-19T18:05:55.831405-04:00,odds_api,401856803,Oklahoma State Cowboys,Murray State Racers,fanduel,-55.5,,70.5,,,,2026-09-19T23:00:00Z,-122.0,-114.0
2026-09-19T18:05:55.831405-04:00,odds_api,401856803,Oklahoma State Cowboys,Murray State Racers,betrivers,-55.5,,70.5,,,,2026-09-19T23:00:00Z,-112.0,-112.0
2026-09-19T18:05:55.831405-04:00,odds_api,401856803,Oklahoma State Cowboys,Murray State Racers,draftkings,-56.5,,70.5,,,,2026-09-19T23:00:00Z,-105.0,-108.0
2026-09-19T18:05:55.831405-04:00,odds_api,401856803,Oklahoma State Cowboys,Murray State Racers,betonlineag,-55.0,,70.5,,,,2026-09-19T23:00:00Z,-115.0,-115.0
2026-09-19T18:05:55.831405-04:00,odds_api,401856803,Oklahoma State Cowboys,Murray State Racers,lowvig,-55.0,,70.5,,,,2026-09-19T23:00:00Z,-115.0,-115.0
2026-09-19T18:05:55.831405-04:00,odds_api,401856803,Oklahoma State Cowboys,Murray State Racers,betmgm,-56.5,,70.5,,,,2026-09-19T23:00:00Z,-105.0,-110.0
2026-09-19T18:05:55.831405-04:00,odds_api,401856803,Oklahoma State Cowboys,Murray State Racers,bovada,-56.0,,70.5,,,,2026-09-19T23:00:00Z,-105.0,-110.0
2026-09-19T18:05:55.831405-04:00,odds_api,401870764,Sam Houston State Bearkats,Nicholls State Colonels,fanduel,-21.5,,51.5,,-2800.0,1160.0,2026-09-19T23:00:00Z,-105.0,-110.0
2026-09-19T18:05:55.831405-04:00,odds_api,401870764,Sam Houston State Bearkats,Nicholls State Colonels,draftkings,-21.0,,50.5,,,,2026-09-19T23:00:00Z,-110.0,-110.0
2026-09-19T18:05:55.831405-04:00,odds_api,401870764,Sam Houston State Bearkats,Nicholls State Colonels,betrivers,-21.0,,50.5,,-2500.0,1000.0,2026-09-19T23:00:00Z,-110.0,-118.0
2026-09-19T18:05:55.831405-04:00,odds_api,401870764,Sam Houston State Bearkats,Nicholls State Colonels,betonlineag,-21.0,,50.5,,,,2026-09-19T23:00:00Z,-115.0,-115.0
2026-09-19T18:05:55.831405-04:00,odds_api,401870764,Sam Houston State Bearkats,Nicholls State Colonels,lowvig,-21.0,,50.5,,,,2026-09-19T23:00:00Z,-115.0,-115.0
2026-09-19T18:05:55.831405-04:00,odds_api,401870764,Sam Houston State Bearkats,Nicholls State Colonels,betmgm,-21.0,,50.5,,-1200.0,825.0,2026-09-19T23:00:00Z,-110.0,-118.0
2026-09-19T18:05:55.831405-04:00,odds_api,401870764,Sam Houston State Bearkats,Nicholls State Colonels,bovada,-21.0,,51.5,,-1400.0,750.0,2026-09-19T23:00:00Z,-110.0,-105.0
2026-09-19T18:05:55.831405-04:00,odds_api,401866423,South Alabama Jaguars,Ohio Bobcats,draftkings,-7.0,,48.5,,-270.0,220.0,2026-09-19T23:00:00Z,-105.0,-115.0
2026-09-19T18:05:55.831405-04:00,odds_api,401866423,South Alabama Jaguars,Ohio Bobcats,lowvig,-7.0,,49.0,,-260.0,215.0,2026-09-19T23:00:00Z,-101.0,-114.0
2026-09-19T18:05:55.831405-04:00,odds_api,401866423,South Alabama Jaguars,Ohio Bobcats,betonlineag,-7.0,,49.0,,-260.0,215.0,2026-09-19T23:00:00Z,-105.0,-115.0
2026-09-19T18:05:55.831405-04:00,odds_api,401866423,South Alabama Jaguars,Ohio Bobcats,betmgm,-7.0,,48.5,,-250.0,210.0,2026-09-19T23:00:00Z,-105.0,-110.0
2026-09-19T18:05:55.831405-04:00,odds_api,401866423,South Alabama Jaguars,Ohio Bobcats,mybookieag,-7.0,,49.0,,-275.0,218.0,2026-09-19T23:00:00Z,-110.0,-110.0
2026-09-19T18:05:55.831405-04:00,odds_api,401866423,South Alabama Jaguars,Ohio Bobcats,fanduel,-6.5,,48.5,,-260.0,210.0,2026-09-19T23:00:00Z,-115.0,-115.0
2026-09-19T18:05:55.831405-04:00,odds_api,401866423,South Alabama Jaguars,Ohio Bobcats,betrivers,-7.0,,48.5,,-245.0,190.0,2026-09-19T23:00:00Z,-106.0,-117.0
2026-09-19T18:05:55.831405-04:00,odds_api,401866423,South Alabama Jaguars,Ohio Bobcats,betus,-7.0,,49.0,,-260.0,218.0,2026-09-19T23:00:00Z,-105.0,-105.0
2026-09-19T18:05:55.831405-04:00,odds_api,401866423,South Alabama Jaguars,Ohio Bobcats,bovada,-7.0,,49.0,,-270.0,220.0,2026-09-19T23:00:00Z,-110.0,-105.0
2026-09-19T18:05:55.831405-04:00,odds_api,401862773,Rice Owls,Western Michigan Broncos,fanduel,8.5,,43.5,,270.0,-345.0,2026-09-19T23:00:00Z,-110.0,-114.0
2026-09-19T18:05:55.831405-04:00,odds_api,401862773,Rice Owls,Western Michigan Broncos,draftkings,8.5,,43.5,,285.0,-360.0,2026-09-19T23:00:00Z,-108.0,-115.0
2026-09-19T18:05:55.831405-04:00,odds_api,401862773,Rice Owls,Western Michigan Broncos,betonlineag,9.0,,43.5,,285.0,-355.0,2026-09-19T23:00:00Z,-113.0,-115.0
2026-09-19T18:05:55.831405-04:00,odds_api,401862773,Rice Owls,Western Michigan Broncos,lowvig,9.0,,43.5,,285.0,-355.0,2026-09-19T23:00:00Z,-109.0,-114.0
2026-09-19T18:05:55.831405-04:00,odds_api,401862773,Rice Owls,Western Michigan Broncos,betmgm,8.5,,43.5,,280.0,-350.0,2026-09-19T23:00:00Z,-110.0,-112.0
2026-09-19T18:05:55.831405-04:00,odds_api,401862773,Rice Owls,Western Michigan Broncos,mybookieag,9.5,,43.5,,295.0,-391.0,2026-09-19T23:00:00Z,-110.0,-110.0
2026-09-19T18:05:55.831405-04:00,odds_api,401862773,Rice Owls,Western Michigan Broncos,betrivers,8.0,,43.5,,280.0,-375.0,2026-09-19T23:00:00Z,-108.0,-120.0
2026-09-19T18:05:55.831405-04:00,odds_api,401862773,Rice Owls,Western Michigan Broncos,betus,8.5,,43.5,,285.0,-355.0,2026-09-19T23:00:00Z,-110.0,-115.0
2026-09-19T18:05:55.831405-04:00,odds_api,401862773,Rice Owls,Western Michigan Broncos,bovada,8.5,,43.5,,290.0,-380.0,2026-09-19T23:00:00Z,-110.0,-115.0
2026-09-19T18:05:55.831405-04:00,odds_api,401861963,Southern Mississippi Golden Eagles,UConn Huskies,draftkings,3.0,,54.5,,136.0,-162.0,2026-09-19T23:00:00Z,-105.0,-112.0
2026-09-19T18:05:55.831405-04:00,odds_api,401861963,Southern Mississippi Golden Eagles,UConn Huskies,lowvig,3.5,,54.5,,140.0,-160.0,2026-09-19T23:00:00Z,-116.0,-108.0
2026-09-19T18:05:55.831405-04:00,odds_api,401861963,Southern Mississippi Golden Eagles,UConn Huskies,betonlineag,3.5,,54.5,,140.0,-160.0,2026-09-19T23:00:00Z,-120.0,-110.0
2026-09-19T18:05:55.831405-04:00,odds_api,401861963,Southern Mississippi Golden Eagles,UConn Huskies,betmgm,3.0,,54.5,,135.0,-160.0,2026-09-19T23:00:00Z,-105.0,-110.0
2026-09-19T18:05:55.831405-04:00,odds_api,401861963,Southern Mississippi Golden Eagles,UConn Huskies,mybookieag,3.0,,54.5,,133.0,-164.0,2026-09-19T23:00:00Z,-105.0,-110.0
2026-09-19T18:05:55.831405-04:00,odds_api,401861963,Southern Mississippi Golden Eagles,UConn Huskies,fanduel,3.5,,54.5,,136.0,-164.0,2026-09-19T23:00:00Z,-120.0,-110.0
2026-09-19T18:05:55.831405-04:00,odds_api,401861963,Southern Mississippi Golden Eagles,UConn Huskies,betrivers,3.0,,54.5,,130.0,-162.0,2026-09-19T23:00:00Z,-107.0,-114.0
2026-09-19T18:05:55.831405-04:00,odds_api,401861963,Southern Mississippi Golden Eagles,UConn Huskies,betus,3.5,,54.5,,138.0,-160.0,2026-09-19T23:00:00Z,-120.0,-110.0
2026-09-19T18:05:55.831405-04:00,odds_api,401861963,Southern Mississippi Golden Eagles,UConn Huskies,bovada,3.0,,54.5,,130.0,-150.0,2026-09-19T23:00:00Z,-110.0,-110.0
2026-09-19T18:05:55.831405-04:00,odds_api,401858459,Washington Huskies,Eastern Washington Eagles,fanduel,-42.5,,58.5,,,,2026-09-19T23:15:00Z,-112.0,-106.0
2026-09-19T18:05:55.831405-04:00,odds_api,401858459,Washington Huskies,Eastern Washington Eagles,betrivers,-42.5,,58.0,,,,2026-09-19T23:15:00Z,-112.0,-113.0
2026-09-19T18:05:55.831405-04:00,odds_api,401858459,Washington Huskies,Eastern Washington Eagles,draftkings,-42.5,,58.5,,,,2026-09-19T23:15:00Z,-110.0,-110.0
2026-09-19T18:05:55.831405-04:00,odds_api,401858459,Washington Huskies,Eastern Washington Eagles,lowvig,-43.0,,59.0,,,,2026-09-19T23:15:00Z,-112.0,-110.0
2026-09-19T18:05:55.831405-04:00,odds_api,401858459,Washington Huskies,Eastern Washington Eagles,betonlineag,-43.0,,59.0,,,,2026-09-19T23:15:00Z,-112.0,-110.0
2026-09-19T18:05:55.831405-04:00,odds_api,401858459,Washington Huskies,Eastern Washington Eagles,betmgm,-43.0,,58.5,,,,2026-09-19T23:15:00Z,-108.0,-108.0
2026-09-19T18:05:55.831405-04:00,odds_api,401858459,Washington Huskies,Eastern Washington Eagles,bovada,-42.5,,58.5,,,,2026-09-19T23:15:00Z,-115.0,-105.0
2026-09-19T18:05:55.831405-04:00,odds_api,401858452,Nebraska Cornhuskers,North Dakota Fighting Hawks,fanduel,-27.5,,55.5,,-4500.0,1600.0,2026-09-19T23:15:00Z,-114.0,-114.0
2026-09-19T18:05:55.831405-04:00,odds_api,401858452,Nebraska Cornhuskers,North Dakota Fighting Hawks,betrivers,-27.5,,55.5,,-10000.0,1500.0,2026-09-19T23:15:00Z,-109.0,-113.0
2026-09-19T18:05:55.831405-04:00,odds_api,401858452,Nebraska Cornhuskers,North Dakota Fighting Hawks,draftkings,-27.5,,55.5,,-2800.0,1300.0,2026-09-19T23:15:00Z,-112.0,-115.0
2026-09-19T18:05:55.831405-04:00,odds_api,401858452,Nebraska Cornhuskers,North Dakota Fighting Hawks,lowvig,-28.0,,56.0,,,,2026-09-19T23:15:00Z,-105.0,-115.0
2026-09-19T18:05:55.831405-04:00,odds_api,401858452,Nebraska Cornhuskers,North Dakota Fighting Hawks,betonlineag,-28.0,,56.0,,,,2026-09-19T23:15:00Z,-105.0,-115.0
2026-09-19T18:05:55.831405-04:00,odds_api,401858452,Nebraska Cornhuskers,North Dakota Fighting Hawks,betmgm,-27.5,,55.5,,-3000.0,1550.0,2026-09-19T23:15:00Z,-110.0,-115.0
2026-09-19T18:05:55.831405-04:00,odds_api,401858452,Nebraska Cornhuskers,North Dakota Fighting Hawks,bovada,-28.0,,55.5,,-4000.0,1200.0,2026-09-19T23:15:00Z,-110.0,-115.0
2026-09-19T18:05:55.831405-04:00,odds_api,401856795,Colorado State Rams,BYU Cougars,fanduel,17.5,,52.5,,760.0,-1300.0,2026-09-19T23:30:00Z,-106.0,-112.0
2026-09-19T18:05:55.831405-04:00,odds_api,401856795,Colorado State Rams,BYU Cougars,draftkings,17.5,,52.5,,625.0,-950.0,2026-09-19T23:30:00Z,-115.0,-110.0
2026-09-19T18:05:55.831405-04:00,odds_api,401856795,Colorado State Rams,BYU Cougars,betonlineag,17.5,,53.0,,709.0,-1100.0,2026-09-19T23:30:00Z,-112.0,-105.0
2026-09-19T18:05:55.831405-04:00,odds_api,401856795,Colorado State Rams,BYU Cougars,lowvig,17.5,,53.0,,709.0,-1100.0,2026-09-19T23:30:00Z,-108.0,-103.0
2026-09-19T18:05:55.831405-04:00,odds_api,401856795,Colorado State Rams,BYU Cougars,betmgm,17.5,,52.5,,700.0,-1000.0,2026-09-19T23:30:00Z,-112.0,-110.0
2026-09-19T18:05:55.831405-04:00,odds_api,401856795,Colorado State Rams,BYU Cougars,mybookieag,17.5,,52.5,,635.0,-1009.0,2026-09-19T23:30:00Z,-110.0,-110.0
2026-09-19T18:05:55.831405-04:00,odds_api,401856795,Colorado State Rams,BYU Cougars,betrivers,17.5,,53.0,,600.0,-1000.0,2026-09-19T23:30:00Z,-110.0,-109.0
2026-09-19T18:05:55.831405-04:00,odds_api,401856795,Colorado State Rams,BYU Cougars,betus,17.5,,53.0,,700.0,-1100.0,2026-09-19T23:30:00Z,-110.0,-105.0
2026-09-19T18:05:55.831405-04:00,odds_api,401856795,Colorado State Rams,BYU Cougars,bovada,17.0,,53.0,,650.0,-1100.0,2026-09-19T23:30:00Z,-105.0,-110.0
2026-09-19T18:05:55.831405-04:00,odds_api,401856796,Northwestern Wildcats,Colorado Buffaloes,fanduel,-3.5,,48.5,,-178.0,146.0,2026-09-19T23:30:00Z,-110.0,-105.0
2026-09-19T18:05:55.831405-04:00,odds_api,401856796,Northwestern Wildcats,Colorado Buffaloes,draftkings,-3.5,,47.5,,-175.0,145.0,2026-09-19T23:30:00Z,-105.0,-112.0
2026-09-19T18:05:55.831405-04:00,odds_api,401856796,Northwestern Wildcats,Colorado Buffaloes,lowvig,-3.5,,48.0,,-180.0,157.0,2026-09-19T23:30:00Z,-101.0,-103.0
2026-09-19T18:05:55.831405-04:00,odds_api,401856796,Northwestern Wildcats,Colorado Buffaloes,betonlineag,-3.5,,48.0,,-180.0,157.0,2026-09-19T23:30:00Z,-105.0,-105.0
2026-09-19T18:05:55.831405-04:00,odds_api,401856796,Northwestern Wildcats,Colorado Buffaloes,betmgm,-3.5,,47.5,,-175.0,145.0,2026-09-19T23:30:00Z,-108.0,-112.0
2026-09-19T18:05:55.831405-04:00,odds_api,401856796,Northwestern Wildcats,Colorado Buffaloes,mybookieag,-3.5,,48.0,,-191.0,154.0,2026-09-19T23:30:00Z,-110.0,-110.0
2026-09-19T18:05:55.831405-04:00,odds_api,401856796,Northwestern Wildcats,Colorado Buffaloes,betrivers,-3.5,,48.0,,-190.0,150.0,2026-09-19T23:30:00Z,-114.0,-110.0
2026-09-19T18:05:55.831405-04:00,odds_api,401856796,Northwestern Wildcats,Colorado Buffaloes,betus,-3.5,,48.0,,-180.0,155.0,2026-09-19T23:30:00Z,-105.0,-105.0
2026-09-19T18:05:55.831405-04:00,odds_api,401856796,Northwestern Wildcats,Colorado Buffaloes,bovada,-3.5,,48.0,,-180.0,155.0,2026-09-19T23:30:00Z,-110.0,-110.0
2026-09-19T18:05:55.831405-04:00,odds_api,401856688,Ole Miss Rebels,LSU Tigers,fanduel,2.5,,58.5,,122.0,-144.0,2026-09-19T23:30:00Z,-104.0,-115.0
2026-09-19T18:05:55.831405-04:00,odds_api,401856688,Ole Miss Rebels,LSU Tigers,betmgm,3.0,,58.5,,120.0,-145.0,2026-09-19T23:30:00Z,-112.0,-110.0
2026-09-19T18:05:55.831405-04:00,odds_api,401856688,Ole Miss Rebels,LSU Tigers,draftkings,3.0,,58.5,,124.0,-148.0,2026-09-19T23:30:00Z,-112.0,-112.0
2026-09-19T18:05:55.831405-04:00,odds_api,401856688,Ole Miss Rebels,LSU Tigers,mybookieag,3.0,,59.0,,123.0,-151.0,2026-09-19T23:30:00Z,-110.0,-110.0
2026-09-19T18:05:55.831405-04:00,odds_api,401856688,Ole Miss Rebels,LSU Tigers,betrivers,3.0,,58.5,,128.0,-162.0,2026-09-19T23:30:00Z,-114.0,-110.0
2026-09-19T18:05:55.831405-04:00,odds_api,401856688,Ole Miss Rebels,LSU Tigers,betonlineag,2.5,,59.0,,127.0,-147.0,2026-09-19T23:30:00Z,105.0,-110.0
2026-09-19T18:05:55.831405-04:00,odds_api,401856688,Ole Miss Rebels,LSU Tigers,betus,3.0,,59.0,,125.0,-145.0,2026-09-19T23:30:00Z,-120.0,-110.0
2026-09-19T18:05:55.831405-04:00,odds_api,401856688,Ole Miss Rebels,LSU Tigers,bovada,2.5,,59.0,,130.0,-150.0,2026-09-19T23:30:00Z,105.0,100.0
2026-09-19T18:05:55.831405-04:00,odds_api,401858232,Maryland Terrapins,Virginia Tech Hokies,draftkings,2.5,,53.5,,120.0,-142.0,2026-09-19T23:30:00Z,-102.0,-110.0
2026-09-19T18:05:55.831405-04:00,odds_api,401858232,Maryland Terrapins,Virginia Tech Hokies,fanduel,2.5,,53.5,,125.0,-150.0,2026-09-19T23:30:00Z,-102.0,-108.0
2026-09-19T18:05:55.831405-04:00,odds_api,401858232,Maryland Terrapins,Virginia Tech Hokies,betrivers,3.0,,53.5,,120.0,-150.0,2026-09-19T23:30:00Z,-117.0,-112.0
2026-09-19T18:05:55.831405-04:00,odds_api,401858232,Maryland Terrapins,Virginia Tech Hokies,lowvig,2.5,,53.5,,120.0,-140.0,2026-09-19T23:30:00Z,104.0,-108.0
2026-09-19T18:05:55.831405-04:00,odds_api,401858232,Maryland Terrapins,Virginia Tech Hokies,betonlineag,2.5,,53.5,,120.0,-140.0,2026-09-19T23:30:00Z,100.0,-110.0
2026-09-19T18:05:55.831405-04:00,odds_api,401858232,Maryland Terrapins,Virginia Tech Hokies,betmgm,3.0,,53.5,,120.0,-145.0,2026-09-19T23:30:00Z,-115.0,-108.0
2026-09-19T18:05:55.831405-04:00,odds_api,401858232,Maryland Terrapins,Virginia Tech Hokies,mybookieag,3.0,,53.5,,120.0,-147.0,2026-09-19T23:30:00Z,-110.0,-110.0
2026-09-19T18:05:55.831405-04:00,odds_api,401858232,Maryland Terrapins,Virginia Tech Hokies,betus,2.5,,53.5,,120.0,-140.0,2026-09-19T23:30:00Z,100.0,-110.0
2026-09-19T18:05:55.831405-04:00,odds_api,401858232,Maryland Terrapins,Virginia Tech Hokies,bovada,2.5,,53.0,,120.0,-140.0,2026-09-19T23:30:00Z,100.0,-110.0
2026-09-19T18:05:55.831405-04:00,odds_api,401858453,Notre Dame Fighting Irish,Michigan State Spartans,fanduel,-29.5,,52.5,,-7000.0,2000.0,2026-09-19T23:30:00Z,-106.0,-105.0
2026-09-19T18:05:55.831405-04:00,odds_api,401858453,Notre Dame Fighting Irish,Michigan State Spartans,draftkings,-29.5,,51.5,,-5000.0,1800.0,2026-09-19T23:30:00Z,-105.0,-112.0
2026-09-19T18:05:55.831405-04:00,odds_api,401858453,Notre Dame Fighting Irish,Michigan State Spartans,betmgm,-29.0,,52.5,,-5000.0,2200.0,2026-09-19T23:30:00Z,-108.0,-105.0
2026-09-19T18:05:55.831405-04:00,odds_api,401858453,Notre Dame Fighting Irish,Michigan State Spartans,betrivers,-29.5,,51.5,,,,2026-09-19T23:30:00Z,-110.0,-112.0
2026-09-19T18:05:55.831405-04:00,odds_api,401858453,Notre Dame Fighting Irish,Michigan State Spartans,lowvig,-29.0,,52.0,,,,2026-09-19T23:30:00Z,-106.0,-108.0
2026-09-19T18:05:55.831405-04:00,odds_api,401858453,Notre Dame Fighting Irish,Michigan State Spartans,betonlineag,-29.0,,52.0,,,,2026-09-19T23:30:00Z,-110.0,-110.0
2026-09-19T18:05:55.831405-04:00,odds_api,401858453,Notre Dame Fighting Irish,Michigan State Spartans,mybookieag,-29.0,,52.0,,-7692.0,1450.0,2026-09-19T23:30:00Z,-110.0,-110.0
2026-09-19T18:05:55.831405-04:00,odds_api,401858453,Notre Dame Fighting Irish,Michigan State Spartans,betus,-28.5,,52.0,,,,2026-09-19T23:30:00Z,-110.0,-110.0
2026-09-19T18:05:55.831405-04:00,odds_api,401858453,Notre Dame Fighting Irish,Michigan State Spartans,bovada,-29.0,,52.0,,-10000.0,1600.0,2026-09-19T23:30:00Z,-110.0,-105.0
2026-09-19T18:05:55.831405-04:00,odds_api,401856690,Oklahoma Sooners,New Mexico Lobos,fanduel,-21.5,,45.5,,-3000.0,1200.0,2026-09-19T23:30:00Z,-105.0,-105.0
2026-09-19T18:05:55.831405-04:00,odds_api,401856690,Oklahoma Sooners,New Mexico Lobos,draftkings,-21.5,,45.5,,-2100.0,1100.0,2026-09-19T23:30:00Z,-102.0,-112.0
2026-09-19T18:05:55.831405-04:00,odds_api,401856690,Oklahoma Sooners,New Mexico Lobos,lowvig,-21.5,,44.5,,-2100.0,1069.0,2026-09-19T23:30:00Z,-101.0,-119.0
2026-09-19T18:05:55.831405-04:00,odds_api,401856690,Oklahoma Sooners,New Mexico Lobos,betonlineag,-21.5,,44.5,,-2100.0,1069.0,2026-09-19T23:30:00Z,-105.0,-120.0
2026-09-19T18:05:55.831405-04:00,odds_api,401856690,Oklahoma Sooners,New Mexico Lobos,betmgm,-21.0,,45.5,,-2000.0,1150.0,2026-09-19T23:30:00Z,-115.0,-108.0
2026-09-19T18:05:55.831405-04:00,odds_api,401856690,Oklahoma Sooners,New Mexico Lobos,mybookieag,-21.0,,45.5,,-2000.0,930.0,2026-09-19T23:30:00Z,-110.0,-110.0
2026-09-19T18:05:55.831405-04:00,odds_api,401856690,Oklahoma Sooners,New Mexico Lobos,betrivers,-21.0,,45.0,,-5000.0,1300.0,2026-09-19T23:30:00Z,-117.0,-115.0
2026-09-19T18:05:55.831405-04:00,odds_api,401856690,Oklahoma Sooners,New Mexico Lobos,betus,-21.0,,46.0,,-2100.0,1075.0,2026-09-19T23:30:00Z,-110.0,-110.0
2026-09-19T18:05:55.831405-04:00,odds_api,401856690,Oklahoma Sooners,New Mexico Lobos,bovada,-21.0,,45.5,,-2000.0,950.0,2026-09-19T23:30:00Z,-115.0,-115.0
2026-09-19T18:05:55.831405-04:00,odds_api,401856692,Tennessee Volunteers,Kennesaw State Owls,fanduel,-35.5,,59.5,,,,2026-09-19T23:45:00Z,-105.0,-115.0
2026-09-19T18:05:55.831405-04:00,odds_api,401856692,Tennessee Volunteers,Kennesaw State Owls,draftkings,-35.5,,60.5,,-8000.0,2200.0,2026-09-19T23:45:00Z,-108.0,-115.0
2026-09-19T18:05:55.831405-04:00,odds_api,401856692,Tennessee Volunteers,Kennesaw State Owls,lowvig,-35.0,,61.0,,,,2026-09-19T23:45:00Z,-111.0,-103.0
2026-09-19T18:05:55.831405-04:00,odds_api,401856692,Tennessee Volunteers,Kennesaw State Owls,betonlineag,-35.0,,61.0,,,,2026-09-19T23:45:00Z,-115.0,-105.0
2026-09-19T18:05:55.831405-04:00,odds_api,401856692,Tennessee Volunteers,Kennesaw State Owls,betmgm,-35.5,,60.5,,-25000.0,4500.0,2026-09-19T23:45:00Z,-108.0,-110.0
2026-09-19T18:05:55.831405-04:00,odds_api,401856692,Tennessee Volunteers,Kennesaw State Owls,betrivers,-35.5,,60.0,,,,2026-09-19T23:45:00Z,-112.0,-112.0
2026-09-19T18:05:55.831405-04:00,odds_api,401856692,Tennessee Volunteers,Kennesaw State Owls,betus,-35.0,,61.5,,,,2026-09-19T23:45:00Z,-110.0,-110.0
2026-09-19T18:05:55.831405-04:00,odds_api,401856692,Tennessee Volunteers,Kennesaw State Owls,bovada,-35.5,,60.0,,,,2026-09-19T23:45:00Z,-105.0,-120.0
2026-09-19T18:05:55.831405-04:00,odds_api,401856692,Tennessee Volunteers,Kennesaw State Owls,mybookieag,-35.0,,61.0,,-20000.0,1725.0,2026-09-19T23:45:00Z,-110.0,-110.0
2026-09-19T18:05:55.831405-04:00,odds_api,401856799,TCU Horned Frogs,Arkansas State Red Wolves,fanduel,-19.5,,56.5,,-1300.0,760.0,2026-09-20T00:00:00Z,-105.0,-105.0
2026-09-19T18:05:55.831405-04:00,odds_api,401856799,TCU Horned Frogs,Arkansas State Red Wolves,draftkings,-18.5,,56.5,,-1350.0,800.0,2026-09-20T00:00:00Z,-115.0,-105.0
2026-09-19T18:05:55.831405-04:00,odds_api,401856799,TCU Horned Frogs,Arkansas State Red Wolves,lowvig,-18.5,,56.0,,-1250.0,776.0,2026-09-20T00:00:00Z,-111.0,-108.0
2026-09-19T18:05:55.831405-04:00,odds_api,401856799,TCU Horned Frogs,Arkansas State Red Wolves,betonlineag,-18.5,,56.0,,-1250.0,776.0,2026-09-20T00:00:00Z,-115.0,-110.0
2026-09-19T18:05:55.831405-04:00,odds_api,401856799,TCU Horned Frogs,Arkansas State Red Wolves,betmgm,-19.0,,56.5,,-1200.0,850.0,2026-09-20T00:00:00Z,-110.0,-108.0
2026-09-19T18:05:55.831405-04:00,odds_api,401856799,TCU Horned Frogs,Arkansas State Red Wolves,mybookieag,-19.0,,56.0,,-1262.0,693.0,2026-09-20T00:00:00Z,-110.0,-110.0
2026-09-19T18:05:55.831405-04:00,odds_api,401856799,TCU Horned Frogs,Arkansas State Red Wolves,betrivers,-19.5,,56.5,,-1430.0,750.0,2026-09-20T00:00:00Z,-110.0,-113.0
2026-09-19T18:05:55.831405-04:00,odds_api,401856799,TCU Horned Frogs,Arkansas State Red Wolves,betus,-18.5,,56.0,,-1250.0,800.0,2026-09-20T00:00:00Z,-115.0,-110.0
2026-09-19T18:05:55.831405-04:00,odds_api,401856799,TCU Horned Frogs,Arkansas State Red Wolves,bovada,-19.5,,56.0,,-1300.0,725.0,2026-09-20T00:00:00Z,-110.0,-115.0
2026-09-19T18:05:55.831405-04:00,odds_api,401862775,Tulsa Golden Hurricane,East Texas A&M Lions,fanduel,-41.5,,56.5,,,,2026-09-20T00:00:00Z,-114.0,-108.0
2026-09-19T18:05:55.831405-04:00,odds_api,401862775,Tulsa Golden Hurricane,East Texas A&M Lions,draftkings,-41.5,,56.5,,,,2026-09-20T00:00:00Z,-115.0,-108.0
2026-09-19T18:05:55.831405-04:00,odds_api,401862775,Tulsa Golden Hurricane,East Texas A&M Lions,lowvig,-41.0,,56.5,,,,2026-09-20T00:00:00Z,-110.0,-105.0
2026-09-19T18:05:55.831405-04:00,odds_api,401862775,Tulsa Golden Hurricane,East Texas A&M Lions,betonlineag,-41.0,,56.5,,,,2026-09-20T00:00:00Z,-110.0,-105.0
2026-09-19T18:05:55.831405-04:00,odds_api,401862775,Tulsa Golden Hurricane,East Texas A&M Lions,bovada,-42.0,,56.0,,,,2026-09-20T00:00:00Z,-105.0,-115.0
2026-09-19T18:05:55.831405-04:00,odds_api,401862776,Louisiana Ragin Cajuns,UAB Blazers,fanduel,-6.5,,55.5,,-260.0,210.0,2026-09-20T00:00:00Z,-120.0,-108.0
2026-09-19T18:05:55.831405-04:00,odds_api,401862776,Louisiana Ragin Cajuns,UAB Blazers,draftkings,-7.0,,55.5,,-278.0,225.0,2026-09-20T00:00:00Z,-105.0,-102.0
2026-09-19T18:05:55.831405-04:00,odds_api,401862776,Louisiana Ragin Cajuns,UAB Blazers,lowvig,-7.0,,54.5,,-270.0,222.0,2026-09-20T00:00:00Z,-106.0,-114.0
2026-09-19T18:05:55.831405-04:00,odds_api,401862776,Louisiana Ragin Cajuns,UAB Blazers,betonlineag,-7.0,,54.5,,-270.0,222.0,2026-09-20T00:00:00Z,-110.0,-115.0
2026-09-19T18:05:55.831405-04:00,odds_api,401862776,Louisiana Ragin Cajuns,UAB Blazers,betmgm,-7.0,,55.5,,-275.0,220.0,2026-09-20T00:00:00Z,-105.0,-102.0
2026-09-19T18:05:55.831405-04:00,odds_api,401862776,Louisiana Ragin Cajuns,UAB Blazers,mybookieag,-7.0,,55.0,,-280.0,218.0,2026-09-20T00:00:00Z,-110.0,-110.0
2026-09-19T18:05:55.831405-04:00,odds_api,401862776,Louisiana Ragin Cajuns,UAB Blazers,betrivers,-7.0,,55.5,,-335.0,245.0,2026-09-20T00:00:00Z,-118.0,-117.0
2026-09-19T18:05:55.831405-04:00,odds_api,401862776,Louisiana Ragin Cajuns,UAB Blazers,betus,-7.0,,55.0,,-270.0,225.0,2026-09-20T00:00:00Z,-105.0,-110.0
2026-09-19T18:05:55.831405-04:00,odds_api,401862776,Louisiana Ragin Cajuns,UAB Blazers,bovada,-7.0,,55.0,,-260.0,215.0,2026-09-20T00:00:00Z,-105.0,-110.0
2026-09-19T18:05:55.831405-04:00,odds_api,401856693,Texas Longhorns,UTSA Roadrunners,draftkings,-29.5,,58.5,,-5000.0,1800.0,2026-09-20T00:00:00Z,-112.0,-110.0
2026-09-19T18:05:55.831405-04:00,odds_api,401856693,Texas Longhorns,UTSA Roadrunners,fanduel,-29.5,,58.5,,-8000.0,2200.0,2026-09-20T00:00:00Z,-110.0,-110.0
2026-09-19T18:05:55.831405-04:00,odds_api,401856693,Texas Longhorns,UTSA Roadrunners,betrivers,-30.5,,58.0,,,,2026-09-20T00:00:00Z,-110.0,-115.0
2026-09-19T18:05:55.831405-04:00,odds_api,401856693,Texas Longhorns,UTSA Roadrunners,betonlineag,-30.0,,59.0,,,,2026-09-20T00:00:00Z,-110.0,-105.0
2026-09-19T18:05:55.831405-04:00,odds_api,401856693,Texas Longhorns,UTSA Roadrunners,lowvig,-30.0,,59.0,,,,2026-09-20T00:00:00Z,-106.0,-103.0
2026-09-19T18:05:55.831405-04:00,odds_api,401856693,Texas Longhorns,UTSA Roadrunners,mybookieag,-30.0,,58.5,,-5000.0,1350.0,2026-09-20T00:00:00Z,-110.0,-110.0
2026-09-19T18:05:55.831405-04:00,odds_api,401856693,Texas Longhorns,UTSA Roadrunners,betmgm,-30.0,,58.5,,-5000.0,2200.0,2026-09-20T00:00:00Z,-108.0,-110.0
2026-09-19T18:05:55.831405-04:00,odds_api,401856693,Texas Longhorns,UTSA Roadrunners,betus,-30.0,,59.0,,,,2026-09-20T00:00:00Z,-110.0,-110.0
2026-09-19T18:05:55.831405-04:00,odds_api,401856693,Texas Longhorns,UTSA Roadrunners,bovada,-30.0,,58.0,,,,2026-09-20T00:00:00Z,-115.0,-120.0
2026-09-19T18:05:55.831405-04:00,odds_api,401860885,Boise State Broncos,South Dakota Coyotes,fanduel,-27.5,,59.5,,-4000.0,1400.0,2026-09-20T02:00:00Z,-118.0,-114.0
2026-09-19T18:05:55.831405-04:00,odds_api,401860885,Boise State Broncos,South Dakota Coyotes,betrivers,-28.5,,60.5,,-10000.0,1400.0,2026-09-20T02:00:00Z,-112.0,-110.0
2026-09-19T18:05:55.831405-04:00,odds_api,401860885,Boise State Broncos,South Dakota Coyotes,draftkings,-27.5,,60.5,,-2800.0,1300.0,2026-09-20T02:00:00Z,-118.0,-112.0
2026-09-19T18:05:55.831405-04:00,odds_api,401860885,Boise State Broncos,South Dakota Coyotes,betonlineag,-27.5,,60.5,,,,2026-09-20T02:00:00Z,-115.0,-115.0
2026-09-19T18:05:55.831405-04:00,odds_api,401860885,Boise State Broncos,South Dakota Coyotes,betmgm,-28.0,,60.5,,-3000.0,1600.0,2026-09-20T02:00:00Z,-112.0,-110.0
2026-09-19T18:05:55.831405-04:00,odds_api,401860885,Boise State Broncos,South Dakota Coyotes,bovada,-28.0,,60.0,,-5000.0,1200.0,2026-09-20T02:00:00Z,-110.0,-110.0
2026-09-19T18:05:55.831405-04:00,odds_api,401860885,Boise State Broncos,South Dakota Coyotes,lowvig,-27.5,,60.5,,,,2026-09-20T02:00:00Z,-115.0,-115.0
2026-09-19T18:05:55.831405-04:00,odds_api,401860887,San Diego State Aztecs,James Madison Dukes,draftkings,-2.5,,46.5,,-130.0,110.0,2026-09-20T02:00:00Z,-105.0,-110.0
2026-09-19T18:05:55.831405-04:00,odds_api,401860887,San Diego State Aztecs,James Madison Dukes,betonlineag,-1.0,,46.5,,-128.0,108.0,2026-09-20T02:00:00Z,-120.0,-105.0
2026-09-19T18:05:55.831405-04:00,odds_api,401860887,San Diego State Aztecs,James Madison Dukes,lowvig,-1.0,,46.5,,-128.0,108.0,2026-09-20T02:00:00Z,-116.0,-103.0
2026-09-19T18:05:55.831405-04:00,odds_api,401860887,San Diego State Aztecs,James Madison Dukes,betmgm,-2.0,,46.5,,-130.0,110.0,2026-09-20T02:00:00Z,-110.0,-108.0
2026-09-19T18:05:55.831405-04:00,odds_api,401860887,San Diego State Aztecs,James Madison Dukes,mybookieag,-2.0,,46.5,,-129.0,105.0,2026-09-20T02:00:00Z,-110.0,-110.0
2026-09-19T18:05:55.831405-04:00,odds_api,401860887,San Diego State Aztecs,James Madison Dukes,fanduel,-1.5,,46.5,,-128.0,106.0,2026-09-20T02:00:00Z,-115.0,-105.0
2026-09-19T18:05:55.831405-04:00,odds_api,401860887,San Diego State Aztecs,James Madison Dukes,betrivers,-1.5,,45.5,,-122.0,100.0,2026-09-20T02:00:00Z,-114.0,-115.0
2026-09-19T18:05:55.831405-04:00,odds_api,401860887,San Diego State Aztecs,James Madison Dukes,betus,-1.5,,46.5,,-126.0,106.0,2026-09-20T02:00:00Z,-110.0,-105.0
2026-09-19T18:05:55.831405-04:00,odds_api,401860887,San Diego State Aztecs,James Madison Dukes,bovada,-2.0,,46.5,,-125.0,105.0,2026-09-20T02:00:00Z,-110.0,-110.0
2026-09-19T18:05:55.831405-04:00,odds_api,401856793,Arizona Wildcats,Northern Illinois Huskies,fanduel,-34.5,,50.5,,,,2026-09-20T02:30:00Z,-110.0,-110.0
2026-09-19T18:05:55.831405-04:00,odds_api,401856793,Arizona Wildcats,Northern Illinois Huskies,draftkings,-33.5,,50.5,,-6500.0,2000.0,2026-09-20T02:30:00Z,-118.0,-112.0
2026-09-19T18:05:55.831405-04:00,odds_api,401856793,Arizona Wildcats,Northern Illinois Huskies,lowvig,-34.0,,50.5,,,,2026-09-20T02:30:00Z,-106.0,-103.0
2026-09-19T18:05:55.831405-04:00,odds_api,401856793,Arizona Wildcats,Northern Illinois Huskies,betonlineag,-34.0,,50.5,,,,2026-09-20T02:30:00Z,-110.0,-105.0
2026-09-19T18:05:55.831405-04:00,odds_api,401856793,Arizona Wildcats,Northern Illinois Huskies,betmgm,-34.0,,50.5,,-25000.0,4500.0,2026-09-20T02:30:00Z,-110.0,-108.0
2026-09-19T18:05:55.831405-04:00,odds_api,401856793,Arizona Wildcats,Northern Illinois Huskies,betus,-33.5,,50.5,,,,2026-09-20T02:30:00Z,-110.0,-110.0
2026-09-19T18:05:55.831405-04:00,odds_api,401856793,Arizona Wildcats,Northern Illinois Huskies,betrivers,-34.5,,51.0,,,,2026-09-20T02:30:00Z,-112.0,-113.0
2026-09-19T18:05:55.831405-04:00,odds_api,401856793,Arizona Wildcats,Northern Illinois Huskies,bovada,-34.0,,50.0,,,,2026-09-20T02:30:00Z,-110.0,-120.0
2026-09-19T18:05:55.831405-04:00,odds_api,401864507,Sacramento State Hornets,North Dakota State Bison,draftkings,26.5,,50.5,,1800.0,-5000.0,2026-09-20T02:30:00Z,-105.0,-118.0
2026-09-19T18:05:55.831405-04:00,odds_api,401864507,Sacramento State Hornets,North Dakota State Bison,lowvig,25.5,,50.5,,1500.0,-4500.0,2026-09-20T02:30:00Z,-105.0,-108.0
2026-09-19T18:05:55.831405-04:00,odds_api,401864507,Sacramento State Hornets,North Dakota State Bison,betonlineag,25.5,,50.5,,1500.0,-4500.0,2026-09-20T02:30:00Z,-109.0,-110.0
2026-09-19T18:05:55.831405-04:00,odds_api,401864507,Sacramento State Hornets,North Dakota State Bison,betmgm,26.5,,50.5,,1800.0,-5000.0,2026-09-20T02:30:00Z,-118.0,-112.0
2026-09-19T18:05:55.831405-04:00,odds_api,401864507,Sacramento State Hornets,North Dakota State Bison,mybookieag,26.5,,50.5,,1422.0,-10099.0,2026-09-20T02:30:00Z,-110.0,-110.0
2026-09-19T18:05:55.831405-04:00,odds_api,401864507,Sacramento State Hornets,North Dakota State Bison,fanduel,26.5,,50.5,,1600.0,-4500.0,2026-09-20T02:30:00Z,-110.0,-115.0
2026-09-19T18:05:55.831405-04:00,odds_api,401864507,Sacramento State Hornets,North Dakota State Bison,betus,25.5,,50.0,,,,2026-09-20T02:30:00Z,-110.0,-110.0
2026-09-19T18:05:55.831405-04:00,odds_api,401864507,Sacramento State Hornets,North Dakota State Bison,betrivers,26.5,,50.5,,,,2026-09-20T02:30:00Z,-113.0,-113.0
2026-09-19T18:05:55.831405-04:00,odds_api,401864507,Sacramento State Hornets,North Dakota State Bison,bovada,26.5,,50.5,,1300.0,-5000.0,2026-09-20T02:30:00Z,-120.0,-110.0
2026-09-19T18:05:55.831405-04:00,odds_api,401860888,San Jose State Spartans,Fresno State Bulldogs,fanduel,4.5,,48.5,,176.0,-210.0,2026-09-20T03:00:00Z,-105.0,-114.0
2026-09-19T18:05:55.831405-04:00,odds_api,401860888,San Jose State Spartans,Fresno State Bulldogs,draftkings,5.5,,48.5,,170.0,-205.0,2026-09-20T03:00:00Z,-112.0,-105.0
2026-09-19T18:05:55.831405-04:00,odds_api,401860888,San Jose State Spartans,Fresno State Bulldogs,lowvig,4.5,,48.0,,171.0,-196.0,2026-09-20T03:00:00Z,-101.0,-104.0
2026-09-19T18:05:55.831405-04:00,odds_api,401860888,San Jose State Spartans,Fresno State Bulldogs,betonlineag,4.5,,48.0,,171.0,-196.0,2026-09-20T03:00:00Z,-105.0,-106.0
2026-09-19T18:05:55.831405-04:00,odds_api,401860888,San Jose State Spartans,Fresno State Bulldogs,betmgm,5.5,,48.5,,170.0,-210.0,2026-09-20T03:00:00Z,-110.0,-105.0
2026-09-19T18:05:55.831405-04:00,odds_api,401860888,San Jose State Spartans,Fresno State Bulldogs,mybookieag,5.5,,48.5,,182.0,-228.0,2026-09-20T03:00:00Z,-110.0,-110.0
2026-09-19T18:05:55.831405-04:00,odds_api,401860888,San Jose State Spartans,Fresno State Bulldogs,betrivers,5.5,,48.5,,185.0,-240.0,2026-09-20T03:00:00Z,-108.0,-115.0
2026-09-19T18:05:55.831405-04:00,odds_api,401860888,San Jose State Spartans,Fresno State Bulldogs,betus,5.5,,48.0,,167.0,-195.0,2026-09-20T03:00:00Z,-110.0,-110.0
2026-09-19T18:05:55.831405-04:00,odds_api,401860888,San Jose State Spartans,Fresno State Bulldogs,bovada,5.5,,48.5,,175.0,-210.0,2026-09-20T03:00:00Z,-110.0,-110.0
2026-09-19T18:05:55.831405-04:00,odds_api,401860886,Oregon State Beavers,Montana Grizzlies,fanduel,-17.5,,56.5,,-1100.0,680.0,2026-09-20T03:00:00Z,-110.0,-105.0
2026-09-19T18:05:55.831405-04:00,odds_api,401860886,Oregon State Beavers,Montana Grizzlies,betrivers,-17.0,,56.0,,-910.0,540.0,2026-09-20T03:00:00Z,-109.0,-113.0
2026-09-19T18:05:55.831405-04:00,odds_api,401860886,Oregon State Beavers,Montana Grizzlies,draftkings,-17.5,,55.5,,-850.0,575.0,2026-09-20T03:00:00Z,-105.0,-105.0
2026-09-19T18:05:55.831405-04:00,odds_api,401860886,Oregon State Beavers,Montana Grizzlies,lowvig,-17.5,,56.0,,,,2026-09-20T03:00:00Z,-108.0,-115.0
2026-09-19T18:05:55.831405-04:00,odds_api,401860886,Oregon State Beavers,Montana Grizzlies,betonlineag,-17.5,,56.0,,,,2026-09-20T03:00:00Z,-108.0,-115.0
2026-09-19T18:05:55.831405-04:00,odds_api,401860886,Oregon State Beavers,Montana Grizzlies,betmgm,-17.5,,55.5,,-900.0,625.0,2026-09-20T03:00:00Z,-108.0,-112.0
2026-09-19T18:05:55.831405-04:00,odds_api,401860886,Oregon State Beavers,Montana Grizzlies,bovada,-17.5,,56.0,,-1000.0,625.0,2026-09-20T03:00:00Z,-110.0,-110.0
2026-09-19T18:05:55.831405-04:00,odds_api,401858458,UCLA Bruins,Purdue Boilermakers,fanduel,-13.5,,52.5,,-670.0,470.0,2026-09-20T03:00:00Z,-122.0,-115.0
2026-09-19T18:05:55.831405-04:00,odds_api,401858458,UCLA Bruins,Purdue Boilermakers,betrivers,-14.0,,52.0,,-770.0,500.0,2026-09-20T03:00:00Z,-109.0,-112.0
2026-09-19T18:05:55.831405-04:00,odds_api,401858458,UCLA Bruins,Purdue Boilermakers,draftkings,-14.0,,52.5,,-650.0,470.0,2026-09-20T03:00:00Z,-108.0,-112.0
2026-09-19T18:05:55.831405-04:00,odds_api,401858458,UCLA Bruins,Purdue Boilermakers,lowvig,-13.5,,52.5,,-625.0,461.0,2026-09-20T03:00:00Z,-107.0,-114.0
2026-09-19T18:05:55.831405-04:00,odds_api,401858458,UCLA Bruins,Purdue Boilermakers,betonlineag,-13.5,,52.5,,-625.0,461.0,2026-09-20T03:00:00Z,-111.0,-115.0
2026-09-19T18:05:55.831405-04:00,odds_api,401858458,UCLA Bruins,Purdue Boilermakers,betmgm,-14.0,,52.5,,-625.0,475.0,2026-09-20T03:00:00Z,-105.0,-110.0
2026-09-19T18:05:55.831405-04:00,odds_api,401858458,UCLA Bruins,Purdue Boilermakers,mybookieag,-14.0,,52.5,,-625.0,440.0,2026-09-20T03:00:00Z,-110.0,-110.0
2026-09-19T18:05:55.831405-04:00,odds_api,401858458,UCLA Bruins,Purdue Boilermakers,betus,-13.5,,53.0,,-625.0,465.0,2026-09-20T03:00:00Z,-110.0,-110.0
2026-09-19T18:05:55.831405-04:00,odds_api,401858458,UCLA Bruins,Purdue Boilermakers,bovada,-13.5,,52.5,,-675.0,460.0,2026-09-20T03:00:00Z,-115.0,-115.0
2026-09-24T14:01:24.861580-04:00,cfbd,401869941,Coastal Carolina,Liberty,DraftKings,2.5,-1.5,49.5,54.5,110.0,-130.0,,,
2026-09-24T14:01:24.861580-04:00,cfbd,401869941,Coastal Carolina,Liberty,Bovada,2.5,2.5,50.0,52.0,120.0,-140.0,,,
2026-09-24T14:01:25.197563-04:00,odds_api,401869941,Coastal Carolina Chanticleers,Liberty Flames,fanduel,2.5,,49.5,,105.0,-126.0,2026-09-24T23:30:00Z,-114.0,-110.0
2026-09-24T14:01:25.197563-04:00,odds_api,401869941,Coastal Carolina Chanticleers,Liberty Flames,mybookieag,2.5,,50.0,,110.0,-135.0,2026-09-24T23:30:00Z,-110.0,-110.0
2026-09-24T14:01:25.197563-04:00,odds_api,401869941,Coastal Carolina Chanticleers,Liberty Flames,betrivers,2.5,,50.5,,108.0,-134.0,2026-09-24T23:30:00Z,-113.0,-109.0
2026-09-24T14:01:25.197563-04:00,odds_api,401869941,Coastal Carolina Chanticleers,Liberty Flames,draftkings,2.5,,49.5,,110.0,-130.0,2026-09-24T23:30:00Z,-110.0,-112.0
2026-09-24T14:01:25.197563-04:00,odds_api,401869941,Coastal Carolina Chanticleers,Liberty Flames,lowvig,2.0,,50.5,,108.0,-128.0,2026-09-24T23:30:00Z,-106.0,-103.0
2026-09-24T14:01:25.197563-04:00,odds_api,401869941,Coastal Carolina Chanticleers,Liberty Flames,betonlineag,2.0,,50.5,,108.0,-128.0,2026-09-24T23:30:00Z,-110.0,-105.0
2026-09-24T14:01:25.197563-04:00,odds_api,401869941,Coastal Carolina Chanticleers,Liberty Flames,betmgm,2.5,,49.5,,105.0,-130.0,2026-09-24T23:30:00Z,-110.0,-110.0
2026-09-24T14:01:25.197563-04:00,odds_api,401869941,Coastal Carolina Chanticleers,Liberty Flames,betus,2.5,,50.5,,110.0,-130.0,2026-09-24T23:30:00Z,-110.0,-110.0
2026-09-24T14:01:25.197563-04:00,odds_api,401869941,Coastal Carolina Chanticleers,Liberty Flames,bovada,2.5,,50.0,,105.0,-125.0,2026-09-24T23:30:00Z,-110.0,-110.0
2026-09-24T18:59:57.657834-04:00,cfbd,401869941,Coastal Carolina,Liberty,Bovada,2.5,2.5,50.0,52.0,120.0,-140.0,,,
2026-09-24T18:59:57.657834-04:00,cfbd,401869941,Coastal Carolina,Liberty,DraftKings,2.5,-1.5,49.5,54.5,110.0,-130.0,,,
2026-09-24T18:59:57.657834-04:00,cfbd,401862779,Temple,Army,Bovada,3.0,3.0,48.0,49.0,130.0,-150.0,,,
2026-09-24T18:59:57.657834-04:00,cfbd,401862779,Temple,Army,DraftKings,3.0,3.0,48.5,49.5,130.0,-155.0,,,
2026-09-24T18:59:57.920107-04:00,odds_api,401869941,Coastal Carolina Chanticleers,Liberty Flames,fanduel,2.5,,49.5,,112.0,-134.0,2026-09-24T23:30:00Z,-110.0,-114.0
2026-09-24T18:59:57.920107-04:00,odds_api,401869941,Coastal Carolina Chanticleers,Liberty Flames,mybookieag,2.0,,50.0,,106.0,-129.0,2026-09-24T23:30:00Z,-110.0,-110.0
2026-09-24T18:59:57.920107-04:00,odds_api,401869941,Coastal Carolina Chanticleers,Liberty Flames,betrivers,2.5,,49.5,,108.0,-134.0,2026-09-24T23:30:00Z,-113.0,-114.0
2026-09-24T18:59:57.920107-04:00,odds_api,401869941,Coastal Carolina Chanticleers,Liberty Flames,draftkings,2.5,,50.5,,120.0,-142.0,2026-09-24T23:30:00Z,-110.0,-108.0
2026-09-24T18:59:57.920107-04:00,odds_api,401869941,Coastal Carolina Chanticleers,Liberty Flames,lowvig,2.5,,49.5,,120.0,-140.0,2026-09-24T23:30:00Z,-106.0,-114.0
2026-09-24T18:59:57.920107-04:00,odds_api,401869941,Coastal Carolina Chanticleers,Liberty Flames,betonlineag,2.5,,49.5,,120.0,-140.0,2026-09-24T23:30:00Z,-110.0,-115.0
2026-09-24T18:59:57.920107-04:00,odds_api,401869941,Coastal Carolina Chanticleers,Liberty Flames,betmgm,2.5,,49.5,,115.0,-140.0,2026-09-24T23:30:00Z,-108.0,-118.0
2026-09-24T18:59:57.920107-04:00,odds_api,401869941,Coastal Carolina Chanticleers,Liberty Flames,betus,2.5,,50.0,,120.0,-140.0,2026-09-24T23:30:00Z,-110.0,-115.0
2026-09-24T18:59:57.920107-04:00,odds_api,401869941,Coastal Carolina Chanticleers,Liberty Flames,bovada,2.5,,50.0,,120.0,-140.0,2026-09-24T23:30:00Z,-105.0,-110.0
2026-09-24T18:59:57.920107-04:00,odds_api,401862779,Temple Owls,Army Black Knights,fanduel,3.5,,48.5,,130.0,-156.0,2026-09-25T20:00:00Z,-120.0,-105.0
2026-09-24T18:59:57.920107-04:00,odds_api,401862779,Temple Owls,Army Black Knights,mybookieag,3.0,,48.0,,128.0,-158.0,2026-09-25T20:00:00Z,-110.0,-110.0
2026-09-24T18:59:57.920107-04:00,odds_api,401862779,Temple Owls,Army Black Knights,betrivers,3.0,,48.5,,120.0,-155.0,2026-09-25T20:00:00Z,-109.0,-113.0
2026-09-24T18:59:57.920107-04:00,odds_api,401862779,Temple Owls,Army Black Knights,draftkings,3.0,,48.5,,130.0,-155.0,2026-09-25T20:00:00Z,-108.0,-105.0
2026-09-24T18:59:57.920107-04:00,odds_api,401862779,Temple Owls,Army Black Knights,lowvig,3.0,,48.5,,135.0,-155.0,2026-09-25T20:00:00Z,-101.0,-103.0
2026-09-24T18:59:57.920107-04:00,odds_api,401862779,Temple Owls,Army Black Knights,betonlineag,3.0,,48.5,,135.0,-155.0,2026-09-25T20:00:00Z,-105.0,-105.0
2026-09-24T18:59:57.920107-04:00,odds_api,401862779,Temple Owls,Army Black Knights,betmgm,3.0,,48.5,,130.0,-160.0,2026-09-25T20:00:00Z,-105.0,-105.0
2026-09-24T18:59:57.920107-04:00,odds_api,401862779,Temple Owls,Army Black Knights,betus,3.0,,48.5,,134.0,-155.0,2026-09-25T20:00:00Z,-110.0,-105.0
2026-09-24T18:59:57.920107-04:00,odds_api,401862779,Temple Owls,Army Black Knights,bovada,3.0,,48.0,,130.0,-150.0,2026-09-25T20:00:00Z,-110.0,-115.0
2026-09-25T14:07:50.317252-04:00,cfbd,401856704,Tennessee,Texas,DraftKings,4.5,6.5,54.5,56.5,164.0,-198.0,,,
2026-09-25T14:07:50.317252-04:00,cfbd,401856704,Tennessee,Texas,Bovada,5.0,3.5,55.0,56.0,155.0,-180.0,,,
2026-09-25T14:07:50.317252-04:00,cfbd,401858462,Maryland,UCLA,DraftKings,1.5,1.5,56.5,51.5,100.0,-120.0,,,
2026-09-25T14:07:50.317252-04:00,cfbd,401858462,Maryland,UCLA,Bovada,1.5,2.0,56.5,58.0,105.0,-125.0,,,
2026-09-25T14:07:50.317252-04:00,cfbd,401858465,Ohio State,Illinois,DraftKings,-27.5,-27.5,53.5,54.5,-4000.0,1600.0,,,
2026-09-25T14:07:50.317252-04:00,cfbd,401858465,Ohio State,Illinois,Bovada,-27.0,-27.0,54.0,54.0,-6500.0,1300.0,,,
2026-09-25T14:07:50.317252-04:00,cfbd,401858243,Louisville,Wake Forest,DraftKings,-13.5,-13.5,57.5,58.5,-550.0,410.0,,,
2026-09-25T14:07:50.317252-04:00,cfbd,401858243,Louisville,Wake Forest,Bovada,-13.5,-12.5,57.0,58.0,-510.0,370.0,,,
2026-09-25T14:07:50.317252-04:00,cfbd,401858242,Boston College,Virginia Tech,DraftKings,14.0,14.0,47.5,54.5,440.0,-600.0,,,
2026-09-25T14:07:50.317252-04:00,cfbd,401858242,Boston College,Virginia Tech,Bovada,14.0,14.0,47.0,52.0,430.0,-625.0,,,
2026-09-25T14:07:50.317252-04:00,cfbd,401856813,Baylor,Colorado,Bovada,-9.5,-10.0,55.5,55.0,-410.0,305.0,,,
2026-09-25T14:07:50.317252-04:00,cfbd,401856813,Baylor,Colorado,DraftKings,-9.5,-8.5,55.5,53.5,-380.0,300.0,,,
2026-09-25T14:07:50.317252-04:00,cfbd,401860896,UTSA,Colorado State,DraftKings,-14.0,-11.5,56.5,57.5,-600.0,440.0,,,
2026-09-25T14:07:50.317252-04:00,cfbd,401860896,UTSA,Colorado State,Bovada,-14.0,-12.5,56.5,57.5,-525.0,375.0,,,
2026-09-25T14:07:50.317252-04:00,cfbd,401858467,Purdue,Notre Dame,DraftKings,27.5,27.5,58.5,56.5,1700.0,-4500.0,,,
2026-09-25T14:07:50.317252-04:00,cfbd,401858467,Purdue,Notre Dame,Bovada,28.0,26.5,58.0,57.5,1300.0,-5000.0,,,
2026-09-25T14:07:50.317252-04:00,cfbd,401856805,Texas Tech,Sam Houston,DraftKings,-34.5,-37.5,55.5,54.5,,,,,
2026-09-25T14:07:50.317252-04:00,cfbd,401856805,Texas Tech,Sam Houston,Bovada,-34.5,-35.5,56.0,55.0,,,,,
2026-09-25T14:07:50.317252-04:00,cfbd,401862779,Temple,Army,Bovada,3.5,3.0,49.0,49.0,130.0,-150.0,,,
2026-09-25T14:07:50.317252-04:00,cfbd,401862779,Temple,Army,DraftKings,3.5,3.0,48.5,49.5,150.0,-180.0,,,
2026-09-25T14:07:50.317252-04:00,cfbd,401864576,Kentucky,South Alabama,Bovada,-20.5,-21.0,54.5,55.0,-1600.0,800.0,,,
2026-09-25T14:07:50.317252-04:00,cfbd,401864576,Kentucky,South Alabama,DraftKings,-20.5,-19.5,54.5,55.5,-1600.0,900.0,,,
2026-09-25T14:07:50.317252-04:00,cfbd,401864512,Akron,UNLV,DraftKings,13.5,14.0,52.5,49.5,410.0,-550.0,,,
2026-09-25T14:07:50.317252-04:00,cfbd,401864512,Akron,UNLV,Bovada,13.5,13.5,53.0,50.0,400.0,-575.0,,,
2026-09-25T14:07:50.317252-04:00,cfbd,401858461,Indiana,Northwestern,DraftKings,-20.5,-23.5,50.5,47.5,-1800.0,1000.0,,,
2026-09-25T14:07:50.317252-04:00,cfbd,401858461,Indiana,Northwestern,Bovada,-20.5,-21.5,50.0,50.0,-1900.0,900.0,,,
2026-09-25T14:07:50.317252-04:00,cfbd,401858236,Pittsburgh,Bucknell,DraftKings,-52.5,-53.5,63.5,61.5,,,,,
2026-09-25T14:07:50.317252-04:00,cfbd,401860893,Toledo,San Diego State,DraftKings,-3.0,1.5,51.5,48.5,-148.0,124.0,,,
2026-09-25T14:07:50.317252-04:00,cfbd,401860893,Toledo,San Diego State,Bovada,-3.0,-2.5,51.5,49.0,-140.0,120.0,,,
2026-09-25T14:07:50.317252-04:00,cfbd,401862778,UAB,Navy,DraftKings,6.5,11.5,51.5,53.5,215.0,-265.0,,,
2026-09-25T14:07:50.317252-04:00,cfbd,401862778,UAB,Navy,Bovada,6.5,7.0,51.0,51.5,235.0,-285.0,,,
2026-09-25T14:07:50.317252-04:00,cfbd,401858468,Rutgers,Howard,DraftKings,-42.5,-41.5,57.5,55.5,,,,,
2026-09-25T14:07:50.317252-04:00,cfbd,401858468,Rutgers,Howard,Bovada,-43.0,-43.0,57.0,55.0,,,,,
2026-09-25T14:07:50.317252-04:00,cfbd,401866425,Kent State,Ball State,DraftKings,-3.0,-4.5,50.5,51.5,-155.0,130.0,,,
2026-09-25T14:07:50.317252-04:00,cfbd,401866425,Kent State,Ball State,Bovada,-3.0,-3.0,51.0,49.5,-165.0,140.0,,,
2026-09-25T14:07:50.317252-04:00,cfbd,401864511,Georgia State,Northern Illinois,DraftKings,-10.5,-8.5,56.5,54.5,-395.0,310.0,,,
2026-09-25T14:07:50.317252-04:00,cfbd,401864511,Georgia State,Northern Illinois,Bovada,-10.5,-10.0,56.5,55.0,-380.0,290.0,,,
2026-09-25T14:07:50.317252-04:00,cfbd,401867806,Brown,Harvard,DraftKings,13.5,13.5,42.5,45.5,408.0,-595.0,,,
2026-09-25T14:07:50.317252-04:00,cfbd,401858234,California,Clemson,DraftKings,1.5,1.5,51.5,47.5,100.0,-120.0,,,
2026-09-25T14:07:50.317252-04:00,cfbd,401858234,California,Clemson,Bovada,1.5,-1.5,51.0,50.5,-120.0,100.0,,,
2026-09-25T14:07:50.317252-04:00,cfbd,401866427,Eastern Michigan,Lindenwood,DraftKings,-25.5,-25.5,50.5,50.5,-6500.0,2000.0,,,
2026-09-25T14:07:50.317252-04:00,cfbd,401868263,Marist,Presbyterian,DraftKings,-8.5,-8.5,46.5,46.5,-262.0,203.0,,,
2026-09-25T14:07:50.317252-04:00,cfbd,401866647,Dartmouth,Monmouth,DraftKings,-2.5,-2.5,53.5,53.5,-130.0,105.0,,,
2026-09-25T14:07:50.317252-04:00,cfbd,401868034,Pennsylvania,Lehigh,DraftKings,10.5,10.5,48.5,48.5,298.0,-404.0,,,
2026-09-25T14:07:50.317252-04:00,cfbd,401866648,Fordham,Stony Brook,DraftKings,10.0,10.0,56.5,56.5,304.0,-414.0,,,
2026-09-25T14:07:50.317252-04:00,cfbd,401868219,Davidson,Drake,DraftKings,12.5,12.5,53.5,53.5,355.0,-498.0,,,
2026-09-25T14:07:50.317252-04:00,cfbd,401867885,Youngstown State,South Dakota,DraftKings,-1.5,-1.5,63.5,63.5,-116.0,-107.0,,,
2026-09-25T14:07:50.317252-04:00,cfbd,401868211,Valparaiso,Butler,DraftKings,8.5,8.5,52.5,52.5,259.0,-344.0,,,
2026-09-25T14:07:50.317252-04:00,cfbd,401868037,Richmond,Furman,DraftKings,-3.5,-3.5,45.5,45.5,-165.0,132.0,,,
2026-09-25T14:07:50.317252-04:00,cfbd,401868338,The Citadel,Chattanooga,DraftKings,11.5,11.5,47.5,47.5,373.0,-531.0,,,
2026-09-25T14:07:50.317252-04:00,cfbd,401872618,Merrimack,New Haven,DraftKings,-9.5,-9.5,46.5,46.5,-355.0,267.0,,,
2026-09-25T14:07:50.317252-04:00,cfbd,401868063,Austin Peay,UT Martin,DraftKings,-14.5,-14.5,51.5,51.5,-810.0,514.0,,,
2026-09-25T14:07:50.317252-04:00,cfbd,401866643,Elon,Maine,DraftKings,-6.5,-6.5,44.5,44.5,-248.0,194.0,,,
2026-09-25T14:07:50.317252-04:00,cfbd,401867818,Georgetown,Columbia,DraftKings,7.0,7.0,51.5,51.5,187.0,-238.0,,,
2026-09-25T14:07:50.317252-04:00,cfbd,401866642,Sacred Heart,New Hampshire,DraftKings,-4.5,-4.5,45.5,45.5,-179.0,142.0,,,
2026-09-25T14:07:50.317252-04:00,cfbd,401868281,St. Thomas (MN),San Diego,DraftKings,-5.5,-5.5,58.5,58.5,-188.0,149.0,,,
2026-09-25T14:07:50.317252-04:00,cfbd,401868024,Lafayette,Holy Cross,DraftKings,-5.5,-5.5,50.5,50.5,-213.0,168.0,,,
2026-09-25T14:07:50.317252-04:00,cfbd,401867858,Indiana State,North Dakota,DraftKings,16.5,16.5,57.5,57.5,640.0,-1120.0,,,
2026-09-25T14:07:50.317252-04:00,cfbd,401868390,Wofford,Tennessee Tech,DraftKings,15.5,15.5,45.5,45.5,508.0,-800.0,,,
2026-09-25T14:07:50.317252-04:00,cfbd,401867827,Cornell,Yale,DraftKings,15.5,15.5,49.5,49.5,408.0,-594.0,,,
2026-09-25T14:07:50.668934-04:00,odds_api,401862779,Temple Owls,Army Black Knights,fanduel,3.5,,48.5,,150.0,-182.0,2026-09-25T20:00:00Z,-105.0,-104.0
2026-09-25T14:07:50.668934-04:00,odds_api,401862779,Temple Owls,Army Black Knights,mybookieag,3.5,,48.5,,158.0,-197.0,2026-09-25T20:00:00Z,-110.0,-110.0
2026-09-25T14:07:50.668934-04:00,odds_api,401862779,Temple Owls,Army Black Knights,betrivers,4.0,,48.0,,138.0,-180.0,2026-09-25T20:00:00Z,-117.0,-114.0
2026-09-25T14:07:50.668934-04:00,odds_api,401862779,Temple Owls,Army Black Knights,draftkings,3.5,,48.5,,160.0,-192.0,2026-09-25T20:00:00Z,-110.0,-115.0
2026-09-25T14:07:50.668934-04:00,odds_api,401862779,Temple Owls,Army Black Knights,lowvig,3.5,,49.0,,157.0,-180.0,2026-09-25T20:00:00Z,-103.0,-108.0
2026-09-25T14:07:50.668934-04:00,odds_api,401862779,Temple Owls,Army Black Knights,betonlineag,3.5,,49.0,,157.0,-180.0,2026-09-25T20:00:00Z,-107.0,-110.0
2026-09-25T14:07:50.668934-04:00,odds_api,401862779,Temple Owls,Army Black Knights,betmgm,4.0,,48.5,,155.0,-190.0,2026-09-25T20:00:00Z,-110.0,-110.0
2026-09-25T14:07:50.668934-04:00,odds_api,401862779,Temple Owls,Army Black Knights,betus,3.5,,48.5,,155.0,-180.0,2026-09-25T20:00:00Z,-105.0,-110.0
2026-09-25T14:07:50.668934-04:00,odds_api,401862779,Temple Owls,Army Black Knights,bovada,4.0,,49.0,,165.0,-195.0,2026-09-25T20:00:00Z,-110.0,-110.0
2026-09-25T14:07:50.668934-04:00,odds_api,401858468,Rutgers Scarlet Knights,Howard Bison,fanduel,-41.5,,56.5,,,,2026-09-25T23:00:00Z,-118.0,-115.0
2026-09-25T14:07:50.668934-04:00,odds_api,401858468,Rutgers Scarlet Knights,Howard Bison,lowvig,-42.0,,56.5,,,,2026-09-25T23:00:00Z,-110.0,-119.0
2026-09-25T14:07:50.668934-04:00,odds_api,401858468,Rutgers Scarlet Knights,Howard Bison,betonlineag,-42.0,,56.5,,,,2026-09-25T23:00:00Z,-110.0,-119.0
2026-09-25T14:07:50.668934-04:00,odds_api,401858468,Rutgers Scarlet Knights,Howard Bison,betrivers,-42.5,,56.5,,,,2026-09-25T23:00:00Z,-110.0,-110.0
2026-09-25T14:07:50.668934-04:00,odds_api,401858468,Rutgers Scarlet Knights,Howard Bison,draftkings,-42.5,,57.5,,,,2026-09-25T23:00:00Z,100.0,-110.0
2026-09-25T14:07:50.668934-04:00,odds_api,401858468,Rutgers Scarlet Knights,Howard Bison,bovada,-43.0,,57.0,,,,2026-09-25T23:00:00Z,-115.0,-110.0
2026-09-25T14:07:50.668934-04:00,odds_api,401858468,Rutgers Scarlet Knights,Howard Bison,betmgm,-42.5,,57.5,,,,2026-09-25T23:00:00Z,105.0,-110.0
2026-09-25T14:07:50.668934-04:00,odds_api,401862778,UAB Blazers,Navy Midshipmen,fanduel,6.5,,51.5,,202.0,-250.0,2026-09-25T23:00:00Z,-110.0,-105.0
2026-09-25T14:07:50.668934-04:00,odds_api,401862778,UAB Blazers,Navy Midshipmen,mybookieag,6.5,,51.0,,202.0,-255.0,2026-09-25T23:00:00Z,-110.0,-110.0
2026-09-25T14:07:50.668934-04:00,odds_api,401862778,UAB Blazers,Navy Midshipmen,betrivers,6.5,,51.5,,215.0,-278.0,2026-09-25T23:00:00Z,-105.0,-106.0
2026-09-25T14:07:50.668934-04:00,odds_api,401862778,UAB Blazers,Navy Midshipmen,draftkings,6.5,,51.5,,215.0,-265.0,2026-09-25T23:00:00Z,-110.0,-108.0
2026-09-25T14:07:50.668934-04:00,odds_api,401862778,UAB Blazers,Navy Midshipmen,lowvig,6.5,,51.5,,226.0,-275.0,2026-09-25T23:00:00Z,-104.0,-103.0
2026-09-25T14:07:50.668934-04:00,odds_api,401862778,UAB Blazers,Navy Midshipmen,betonlineag,6.5,,51.5,,226.0,-275.0,2026-09-25T23:00:00Z,-107.0,-105.0
2026-09-25T14:07:50.668934-04:00,odds_api,401862778,UAB Blazers,Navy Midshipmen,betmgm,6.5,,51.5,,210.0,-250.0,2026-09-25T23:00:00Z,-110.0,-105.0
2026-09-25T14:07:50.668934-04:00,odds_api,401862778,UAB Blazers,Navy Midshipmen,betus,6.5,,51.5,,210.0,-250.0,2026-09-25T23:00:00Z,-115.0,-110.0
2026-09-25T14:07:50.668934-04:00,odds_api,401862778,UAB Blazers,Navy Midshipmen,bovada,6.5,,51.0,,210.0,-250.0,2026-09-25T23:00:00Z,-110.0,-110.0
2026-09-25T14:07:50.668934-04:00,odds_api,401858461,Indiana Hoosiers,Northwestern Wildcats,fanduel,-19.5,,49.5,,-1800.0,920.0,2026-09-26T00:00:00Z,-120.0,-110.0
2026-09-25T14:07:50.668934-04:00,odds_api,401858461,Indiana Hoosiers,Northwestern Wildcats,mybookieag,-20.0,,49.5,,-1887.0,910.0,2026-09-26T00:00:00Z,-110.0,-110.0
2026-09-25T14:07:50.668934-04:00,odds_api,401858461,Indiana Hoosiers,Northwestern Wildcats,draftkings,-20.5,,50.5,,-1800.0,1000.0,2026-09-26T00:00:00Z,-108.0,-105.0
2026-09-25T14:07:50.668934-04:00,odds_api,401858461,Indiana Hoosiers,Northwestern Wildcats,betrivers,-20.5,,49.5,,-2500.0,1000.0,2026-09-26T00:00:00Z,-110.0,-112.0
2026-09-25T14:07:50.668934-04:00,odds_api,401858461,Indiana Hoosiers,Northwestern Wildcats,lowvig,-20.5,,50.0,,-1800.0,979.0,2026-09-26T00:00:00Z,-106.0,-108.0
2026-09-25T14:07:50.668934-04:00,odds_api,401858461,Indiana Hoosiers,Northwestern Wildcats,betonlineag,-20.5,,50.5,,-1800.0,979.0,2026-09-26T00:00:00Z,-113.0,-113.0
2026-09-25T14:07:50.668934-04:00,odds_api,401858461,Indiana Hoosiers,Northwestern Wildcats,betmgm,-20.5,,49.5,,-1600.0,1000.0,2026-09-26T00:00:00Z,-108.0,-112.0
2026-09-25T14:07:50.668934-04:00,odds_api,401858461,Indiana Hoosiers,Northwestern Wildcats,betus,-20.0,,50.0,,-1600.0,900.0,2026-09-26T00:00:00Z,-110.0,-110.0
2026-09-25T14:07:50.668934-04:00,odds_api,401858461,Indiana Hoosiers,Northwestern Wildcats,bovada,-20.5,,50.0,,-1600.0,800.0,2026-09-26T00:00:00Z,-105.0,-110.0
2026-09-25T14:07:50.668934-04:00,odds_api,401858234,California Golden Bears,Clemson Tigers,fanduel,1.5,,51.5,,100.0,-120.0,2026-09-26T02:30:00Z,-110.0,-104.0
2026-09-25T14:07:50.668934-04:00,odds_api,401858234,California Golden Bears,Clemson Tigers,mybookieag,1.5,,51.0,,-101.0,-121.0,2026-09-26T02:30:00Z,-110.0,-110.0
2026-09-25T14:07:50.668934-04:00,odds_api,401858234,California Golden Bears,Clemson Tigers,betrivers,1.0,,51.0,,-103.0,-122.0,2026-09-26T02:30:00Z,-108.0,-109.0
2026-09-25T14:07:50.668934-04:00,odds_api,401858234,California Golden Bears,Clemson Tigers,draftkings,1.5,,51.5,,100.0,-120.0,2026-09-26T02:30:00Z,-110.0,-102.0
2026-09-25T14:07:50.668934-04:00,odds_api,401858234,California Golden Bears,Clemson Tigers,lowvig,1.0,,52.0,,-102.0,-118.0,2026-09-26T02:30:00Z,-101.0,-108.0
2026-09-25T14:07:50.668934-04:00,odds_api,401858234,California Golden Bears,Clemson Tigers,betonlineag,1.0,,52.0,,-102.0,-118.0,2026-09-26T02:30:00Z,-105.0,-110.0
2026-09-25T14:07:50.668934-04:00,odds_api,401858234,California Golden Bears,Clemson Tigers,betmgm,1.5,,51.5,,100.0,-120.0,2026-09-26T02:30:00Z,-110.0,-105.0
2026-09-25T14:07:50.668934-04:00,odds_api,401858234,California Golden Bears,Clemson Tigers,betus,1.0,,51.5,,100.0,-120.0,2026-09-26T02:30:00Z,-105.0,-110.0
2026-09-25T14:07:50.668934-04:00,odds_api,401858234,California Golden Bears,Clemson Tigers,bovada,1.5,,51.0,,100.0,-120.0,2026-09-26T02:30:00Z,-110.0,-110.0
2026-09-25T14:07:50.668934-04:00,odds_api,401864512,Akron Zips,UNLV Rebels,fanduel,13.5,,52.5,,385.0,-520.0,2026-09-26T16:00:00Z,-110.0,-110.0
2026-09-25T14:07:50.668934-04:00,odds_api,401864512,Akron Zips,UNLV Rebels,mybookieag,13.5,,52.5,,400.0,-575.0,2026-09-26T16:00:00Z,-110.0,-110.0
2026-09-25T14:07:50.668934-04:00,odds_api,401864512,Akron Zips,UNLV Rebels,betrivers,13.5,,52.5,,430.0,-625.0,2026-09-26T16:00:00Z,-109.0,-112.0
2026-09-25T14:07:50.668934-04:00,odds_api,401864512,Akron Zips,UNLV Rebels,draftkings,13.5,,52.5,,410.0,-550.0,2026-09-26T16:00:00Z,-108.0,-112.0
2026-09-25T14:07:50.668934-04:00,odds_api,401864512,Akron Zips,UNLV Rebels,lowvig,13.5,,53.0,,403.0,-530.0,2026-09-26T16:00:00Z,-106.0,-103.0
2026-09-25T14:07:50.668934-04:00,odds_api,401864512,Akron Zips,UNLV Rebels,betonlineag,13.5,,53.0,,403.0,-530.0,2026-09-26T16:00:00Z,-115.0,-105.0
2026-09-25T14:07:50.668934-04:00,odds_api,401864512,Akron Zips,UNLV Rebels,betus,13.5,,52.5,,410.0,-530.0,2026-09-26T16:00:00Z,-110.0,-110.0
2026-09-25T14:07:50.668934-04:00,odds_api,401864512,Akron Zips,UNLV Rebels,betmgm,13.5,,52.5,,400.0,-525.0,2026-09-26T16:00:00Z,-110.0,-110.0
2026-09-25T14:07:50.668934-04:00,odds_api,401864512,Akron Zips,UNLV Rebels,bovada,13.5,,53.0,,400.0,-575.0,2026-09-26T16:00:00Z,-110.0,-110.0
2026-09-25T14:07:50.668934-04:00,odds_api,401866425,Kent State Golden Flashes,Ball State Cardinals,fanduel,-2.5,,51.5,,-162.0,134.0,2026-09-26T16:00:00Z,-130.0,-102.0
2026-09-25T14:07:50.668934-04:00,odds_api,401866425,Kent State Golden Flashes,Ball State Cardinals,mybookieag,-3.0,,51.0,,-158.0,128.0,2026-09-26T16:00:00Z,-110.0,-110.0
2026-09-25T14:07:50.668934-04:00,odds_api,401866425,Kent State Golden Flashes,Ball State Cardinals,betrivers,-3.0,,51.5,,-162.0,130.0,2026-09-26T16:00:00Z,-117.0,-110.0
2026-09-25T14:07:50.668934-04:00,odds_api,401866425,Kent State Golden Flashes,Ball State Cardinals,draftkings,-3.0,,50.5,,-155.0,130.0,2026-09-26T16:00:00Z,-112.0,-115.0
2026-09-25T14:07:50.668934-04:00,odds_api,401866425,Kent State Golden Flashes,Ball State Cardinals,lowvig,-3.0,,50.5,,-155.0,135.0,2026-09-26T16:00:00Z,-108.0,-108.0
2026-09-25T14:07:50.668934-04:00,odds_api,401866425,Kent State Golden Flashes,Ball State Cardinals,betonlineag,-3.0,,50.5,,-155.0,135.0,2026-09-26T16:00:00Z,-112.0,-110.0
2026-09-25T14:07:50.668934-04:00,odds_api,401866425,Kent State Golden Flashes,Ball State Cardinals,betmgm,-3.0,,50.5,,-155.0,130.0,2026-09-26T16:00:00Z,-112.0,-115.0
2026-09-25T14:07:50.668934-04:00,odds_api,401866425,Kent State Golden Flashes,Ball State Cardinals,betus,-3.0,,51.0,,-155.0,134.0,2026-09-26T16:00:00Z,-115.0,-110.0
2026-09-25T14:07:50.668934-04:00,odds_api,401866425,Kent State Golden Flashes,Ball State Cardinals,bovada,-3.0,,51.0,,-160.0,135.0,2026-09-26T16:00:00Z,-110.0,-110.0
2026-09-25T14:07:50.668934-04:00,odds_api,401856813,Baylor Bears,Colorado Buffaloes,fanduel,-9.5,,55.5,,-350.0,275.0,2026-09-26T16:00:00Z,-110.0,-108.0
2026-09-25T14:07:50.668934-04:00,odds_api,401856813,Baylor Bears,Colorado Buffaloes,mybookieag,-9.5,,55.5,,-370.0,280.0,2026-09-26T16:00:00Z,-110.0,-110.0
2026-09-25T14:07:50.668934-04:00,odds_api,401856813,Baylor Bears,Colorado Buffaloes,betrivers,-10.0,,55.5,,-435.0,310.0,2026-09-26T16:00:00Z,-113.0,-109.0
2026-09-25T14:07:50.668934-04:00,odds_api,401856813,Baylor Bears,Colorado Buffaloes,draftkings,-9.5,,55.5,,-380.0,300.0,2026-09-26T16:00:00Z,-115.0,-110.0
2026-09-25T14:07:50.668934-04:00,odds_api,401856813,Baylor Bears,Colorado Buffaloes,betonlineag,-10.0,,55.5,,-375.0,299.0,2026-09-26T16:00:00Z,-102.0,-105.0
2026-09-25T14:07:50.668934-04:00,odds_api,401856813,Baylor Bears,Colorado Buffaloes,lowvig,-10.0,,55.5,,-375.0,299.0,2026-09-26T16:00:00Z,-106.0,-103.0
2026-09-25T14:07:50.668934-04:00,odds_api,401856813,Baylor Bears,Colorado Buffaloes,betmgm,-9.5,,55.5,,-375.0,290.0,2026-09-26T16:00:00Z,-110.0,-105.0
2026-09-25T14:07:50.668934-04:00,odds_api,401856813,Baylor Bears,Colorado Buffaloes,betus,-9.5,,55.5,,-375.0,300.0,2026-09-26T16:00:00Z,-110.0,-105.0
2026-09-25T14:07:50.668934-04:00,odds_api,401856813,Baylor Bears,Colorado Buffaloes,bovada,-9.5,,55.5,,-380.0,290.0,2026-09-26T16:00:00Z,-110.0,-110.0
2026-09-25T14:07:50.668934-04:00,odds_api,401858242,Boston College Eagles,Virginia Tech Hokies,fanduel,13.5,,47.5,,480.0,-690.0,2026-09-26T16:00:00Z,100.0,-102.0
2026-09-25T14:07:50.668934-04:00,odds_api,401858242,Boston College Eagles,Virginia Tech Hokies,mybookieag,14.0,,47.5,,460.0,-676.0,2026-09-26T16:00:00Z,-110.0,-110.0
2026-09-25T14:07:50.668934-04:00,odds_api,401858242,Boston College Eagles,Virginia Tech Hokies,betrivers,14.0,,47.5,,420.0,-625.0,2026-09-26T16:00:00Z,-110.0,-109.0
2026-09-25T14:07:50.668934-04:00,odds_api,401858242,Boston College Eagles,Virginia Tech Hokies,draftkings,14.0,,47.5,,440.0,-600.0,2026-09-26T16:00:00Z,-110.0,-108.0
2026-09-25T14:07:50.668934-04:00,odds_api,401858242,Boston College Eagles,Virginia Tech Hokies,lowvig,14.0,,47.5,,446.0,-600.0,2026-09-26T16:00:00Z,-101.0,-108.0
2026-09-25T14:07:50.668934-04:00,odds_api,401858242,Boston College Eagles,Virginia Tech Hokies,betonlineag,14.0,,47.5,,446.0,-600.0,2026-09-26T16:00:00Z,-105.0,-110.0
2026-09-25T14:07:50.668934-04:00,odds_api,401858242,Boston College Eagles,Virginia Tech Hokies,betus,14.0,,47.5,,450.0,-600.0,2026-09-26T16:00:00Z,-105.0,-110.0
2026-09-25T14:07:50.668934-04:00,odds_api,401858242,Boston College Eagles,Virginia Tech Hokies,betmgm,14.0,,47.5,,450.0,-600.0,2026-09-26T16:00:00Z,-110.0,-108.0
2026-09-25T14:07:50.668934-04:00,odds_api,401858242,Boston College Eagles,Virginia Tech Hokies,bovada,14.0,,47.0,,425.0,-600.0,2026-09-26T16:00:00Z,-115.0,-115.0
2026-09-25T14:07:50.668934-04:00,odds_api,401858236,Pittsburgh Panthers,Bucknell Bison,fanduel,-52.5,,62.5,,,,2026-09-26T16:00:00Z,-110.0,-112.0
2026-09-25T14:07:50.668934-04:00,odds_api,401858236,Pittsburgh Panthers,Bucknell Bison,betrivers,-51.5,,62.5,,,,2026-09-26T16:00:00Z,-152.0,-124.0
2026-09-25T14:07:50.668934-04:00,odds_api,401858236,Pittsburgh Panthers,Bucknell Bison,draftkings,-52.5,,63.5,,,,2026-09-26T16:00:00Z,-118.0,-102.0
2026-09-25T14:07:50.668934-04:00,odds_api,401858236,Pittsburgh Panthers,Bucknell Bison,lowvig,-52.5,,64.5,,,,2026-09-26T16:00:00Z,-130.0,-105.0
2026-09-25T14:07:50.668934-04:00,odds_api,401858236,Pittsburgh Panthers,Bucknell Bison,betonlineag,-52.5,,64.5,,,,2026-09-26T16:00:00Z,-130.0,-105.0
2026-09-25T14:07:50.668934-04:00,odds_api,401860896,UTSA Roadrunners,Colorado State Rams,fanduel,-13.5,,56.5,,-630.0,450.0,2026-09-26T16:00:00Z,-122.0,-110.0
2026-09-25T14:07:50.668934-04:00,odds_api,401860896,UTSA Roadrunners,Colorado State Rams,mybookieag,-14.0,,57.0,,-625.0,430.0,2026-09-26T16:00:00Z,-110.0,-110.0
2026-09-25T14:07:50.668934-04:00,odds_api,401860896,UTSA Roadrunners,Colorado State Rams,betrivers,-14.0,,57.5,,-835.0,525.0,2026-09-26T16:00:00Z,-109.0,-113.0
2026-09-25T14:07:50.668934-04:00,odds_api,401860896,UTSA Roadrunners,Colorado State Rams,draftkings,-14.0,,56.5,,-600.0,440.0,2026-09-26T16:00:00Z,-112.0,-115.0
2026-09-25T14:07:50.668934-04:00,odds_api,401860896,UTSA Roadrunners,Colorado State Rams,lowvig,-13.5,,57.0,,-565.0,425.0,2026-09-26T16:00:00Z,-118.0,-114.0
2026-09-25T14:07:50.668934-04:00,odds_api,401860896,UTSA Roadrunners,Colorado State Rams,betonlineag,-13.5,,57.0,,-565.0,425.0,2026-09-26T16:00:00Z,-125.0,-115.0
2026-09-25T14:07:50.668934-04:00,odds_api,401860896,UTSA Roadrunners,Colorado State Rams,betmgm,-14.0,,56.5,,-600.0,450.0,2026-09-26T16:00:00Z,-110.0,-112.0
2026-09-25T14:07:50.668934-04:00,odds_api,401860896,UTSA Roadrunners,Colorado State Rams,betus,-14.0,,57.0,,-565.0,435.0,2026-09-26T16:00:00Z,-110.0,-115.0
2026-09-25T14:07:50.668934-04:00,odds_api,401860896,UTSA Roadrunners,Colorado State Rams,bovada,-14.0,,56.5,,-625.0,430.0,2026-09-26T16:00:00Z,-110.0,-110.0
2026-09-25T14:07:50.668934-04:00,odds_api,401858465,Ohio State Buckeyes,Illinois Fighting Illini,fanduel,-27.5,,54.5,,-4500.0,1600.0,2026-09-26T16:00:00Z,-105.0,-105.0
2026-09-25T14:07:50.668934-04:00,odds_api,401858465,Ohio State Buckeyes,Illinois Fighting Illini,draftkings,-27.5,,53.5,,-4000.0,1600.0,2026-09-26T16:00:00Z,-105.0,-115.0
2026-09-25T14:07:50.668934-04:00,odds_api,401858465,Ohio State Buckeyes,Illinois Fighting Illini,betrivers,-27.5,,53.5,,-10000.0,1600.0,2026-09-26T16:00:00Z,-110.0,-113.0
2026-09-25T14:07:50.668934-04:00,odds_api,401858465,Ohio State Buckeyes,Illinois Fighting Illini,betmgm,-27.0,,53.5,,-5000.0,1850.0,2026-09-26T16:00:00Z,-110.0,-112.0
2026-09-25T14:07:50.668934-04:00,odds_api,401858465,Ohio State Buckeyes,Illinois Fighting Illini,mybookieag,-27.0,,54.0,,-10099.0,1455.0,2026-09-26T16:00:00Z,-110.0,-110.0
2026-09-25T14:07:50.668934-04:00,odds_api,401858465,Ohio State Buckeyes,Illinois Fighting Illini,betonlineag,-27.0,,53.5,,-5000.0,1550.0,2026-09-26T16:00:00Z,-111.0,-115.0
2026-09-25T14:07:50.668934-04:00,odds_api,401858465,Ohio State Buckeyes,Illinois Fighting Illini,lowvig,-27.0,,53.5,,-5000.0,1550.0,2026-09-26T16:00:00Z,-107.0,-114.0
2026-09-25T14:07:50.668934-04:00,odds_api,401858465,Ohio State Buckeyes,Illinois Fighting Illini,betus,-27.0,,54.0,,,,2026-09-26T16:00:00Z,-110.0,-110.0
2026-09-25T14:07:50.668934-04:00,odds_api,401858243,Louisville Cardinals,Wake Forest Demon Deacons,draftkings,-13.5,,57.5,,-550.0,410.0,2026-09-26T16:00:00Z,-108.0,-108.0
2026-09-25T14:07:50.668934-04:00,odds_api,401858243,Louisville Cardinals,Wake Forest Demon Deacons,mybookieag,-13.5,,57.0,,-549.0,390.0,2026-09-26T16:00:00Z,-110.0,-110.0
2026-09-25T14:07:50.668934-04:00,odds_api,401858243,Louisville Cardinals,Wake Forest Demon Deacons,betrivers,-13.5,,57.0,,-625.0,420.0,2026-09-26T16:00:00Z,-110.0,-112.0
2026-09-25T14:07:50.668934-04:00,odds_api,401858243,Louisville Cardinals,Wake Forest Demon Deacons,fanduel,-12.5,,57.5,,-530.0,390.0,2026-09-26T16:00:00Z,-115.0,-110.0
2026-09-25T14:07:50.668934-04:00,odds_api,401858243,Louisville Cardinals,Wake Forest Demon Deacons,betonlineag,-13.5,,57.0,,-550.0,415.0,2026-09-26T16:00:00Z,-110.0,-115.0
2026-09-25T14:07:50.668934-04:00,odds_api,401858243,Louisville Cardinals,Wake Forest Demon Deacons,lowvig,-13.5,,57.0,,-550.0,415.0,2026-09-26T16:00:00Z,-106.0,-114.0
2026-09-25T14:07:50.668934-04:00,odds_api,401858243,Louisville Cardinals,Wake Forest Demon Deacons,betus,-13.5,,57.0,,-550.0,425.0,2026-09-26T16:00:00Z,-110.0,-110.0
2026-09-25T14:07:50.668934-04:00,odds_api,401858243,Louisville Cardinals,Wake Forest Demon Deacons,betmgm,-13.0,,57.5,,-525.0,400.0,2026-09-26T16:00:00Z,-110.0,-108.0
2026-09-25T14:07:50.668934-04:00,odds_api,401858243,Louisville Cardinals,Wake Forest Demon Deacons,bovada,-13.5,,57.0,,-575.0,400.0,2026-09-26T16:00:00Z,-110.0,-115.0
2026-09-25T14:07:50.668934-04:00,odds_api,401856805,Texas Tech Red Raiders,Sam Houston State Bearkats,fanduel,-34.5,,56.5,,-30000.0,4000.0,2026-09-26T16:00:00Z,-110.0,-106.0
2026-09-25T14:07:50.668934-04:00,odds_api,401856805,Texas Tech Red Raiders,Sam Houston State Bearkats,betrivers,-34.5,,55.5,,,,2026-09-26T16:00:00Z,-112.0,-113.0
2026-09-25T14:07:50.668934-04:00,odds_api,401856805,Texas Tech Red Raiders,Sam Houston State Bearkats,draftkings,-34.5,,55.5,,,,2026-09-26T16:00:00Z,-108.0,-115.0
2026-09-25T14:07:50.668934-04:00,odds_api,401856805,Texas Tech Red Raiders,Sam Houston State Bearkats,betonlineag,-34.5,,56.5,,,,2026-09-26T16:00:00Z,-110.0,-108.0
2026-09-25T14:07:50.668934-04:00,odds_api,401856805,Texas Tech Red Raiders,Sam Houston State Bearkats,lowvig,-34.5,,56.5,,,,2026-09-26T16:00:00Z,-106.0,-106.0
2026-09-25T14:07:50.668934-04:00,odds_api,401856805,Texas Tech Red Raiders,Sam Houston State Bearkats,betus,-34.5,,56.0,,,,2026-09-26T16:00:00Z,-110.0,-110.0
2026-09-25T14:07:50.668934-04:00,odds_api,401856805,Texas Tech Red Raiders,Sam Houston State Bearkats,betmgm,-34.5,,56.5,,-25000.0,4000.0,2026-09-26T16:00:00Z,-110.0,-105.0
2026-09-25T14:07:50.668934-04:00,odds_api,401856805,Texas Tech Red Raiders,Sam Houston State Bearkats,bovada,-34.5,,56.0,,,,2026-09-26T16:00:00Z,-110.0,-110.0
2026-09-25T14:07:50.668934-04:00,odds_api,401860893,Toledo Rockets,San Diego State Aztecs,fanduel,-2.5,,51.5,,-150.0,125.0,2026-09-26T16:00:00Z,-122.0,-115.0
2026-09-25T14:07:50.668934-04:00,odds_api,401860893,Toledo Rockets,San Diego State Aztecs,mybookieag,-3.0,,51.5,,-150.0,123.0,2026-09-26T16:00:00Z,-110.0,-110.0
2026-09-25T14:07:50.668934-04:00,odds_api,401860893,Toledo Rockets,San Diego State Aztecs,betrivers,-2.5,,52.5,,-136.0,110.0,2026-09-26T16:00:00Z,-110.0,-109.0
2026-09-25T14:07:50.668934-04:00,odds_api,401860893,Toledo Rockets,San Diego State Aztecs,draftkings,-3.0,,51.5,,-148.0,124.0,2026-09-26T16:00:00Z,-105.0,-112.0
2026-09-25T14:07:50.668934-04:00,odds_api,401860893,Toledo Rockets,San Diego State Aztecs,lowvig,-3.0,,51.5,,-145.0,125.0,2026-09-26T16:00:00Z,-106.0,-108.0
2026-09-25T14:07:50.668934-04:00,odds_api,401860893,Toledo Rockets,San Diego State Aztecs,betonlineag,-3.0,,51.5,,-145.0,125.0,2026-09-26T16:00:00Z,-103.0,-110.0
2026-09-25T14:07:50.668934-04:00,odds_api,401860893,Toledo Rockets,San Diego State Aztecs,betus,-3.0,,51.5,,-145.0,125.0,2026-09-26T16:00:00Z,-105.0,-110.0
2026-09-25T14:07:50.668934-04:00,odds_api,401860893,Toledo Rockets,San Diego State Aztecs,betmgm,-3.0,,51.5,,-150.0,125.0,2026-09-26T16:00:00Z,-102.0,-110.0
2026-09-25T14:07:50.668934-04:00,odds_api,401860893,Toledo Rockets,San Diego State Aztecs,bovada,-3.0,,51.5,,-145.0,125.0,2026-09-26T16:00:00Z,-105.0,-110.0
2026-09-25T14:07:50.668934-04:00,odds_api,401856704,Tennessee Volunteers,Texas Longhorns,draftkings,4.5,,54.5,,164.0,-198.0,2026-09-26T16:00:00Z,-105.0,-112.0
2026-09-25T14:07:50.668934-04:00,odds_api,401856704,Tennessee Volunteers,Texas Longhorns,mybookieag,5.0,,55.0,,176.0,-220.0,2026-09-26T16:00:00Z,-110.0,-110.0
2026-09-25T14:07:50.668934-04:00,odds_api,401856704,Tennessee Volunteers,Texas Longhorns,fanduel,5.5,,54.5,,168.0,-205.0,2026-09-26T16:00:00Z,-114.0,-112.0
2026-09-25T14:07:50.668934-04:00,odds_api,401856704,Tennessee Volunteers,Texas Longhorns,betrivers,5.5,,55.0,,165.0,-210.0,2026-09-26T16:00:00Z,-113.0,-109.0
2026-09-25T14:07:50.668934-04:00,odds_api,401856704,Tennessee Volunteers,Texas Longhorns,lowvig,4.5,,54.5,,177.0,-205.0,2026-09-26T16:00:00Z,-101.0,-108.0
2026-09-25T14:07:50.668934-04:00,odds_api,401856704,Tennessee Volunteers,Texas Longhorns,betonlineag,4.5,,54.5,,177.0,-205.0,2026-09-26T16:00:00Z,-105.0,-110.0
2026-09-25T14:07:50.668934-04:00,odds_api,401856704,Tennessee Volunteers,Texas Longhorns,betus,5.0,,54.5,,170.0,-200.0,2026-09-26T16:00:00Z,-110.0,-110.0
2026-09-25T14:07:50.668934-04:00,odds_api,401856704,Tennessee Volunteers,Texas Longhorns,betmgm,5.0,,54.5,,170.0,-210.0,2026-09-26T16:00:00Z,-110.0,-110.0
2026-09-25T14:07:50.668934-04:00,odds_api,401856704,Tennessee Volunteers,Texas Longhorns,bovada,5.0,,55.0,,170.0,-200.0,2026-09-26T16:00:00Z,-115.0,-110.0
2026-09-25T14:07:50.668934-04:00,odds_api,401864576,Kentucky Wildcats,South Alabama Jaguars,fanduel,-20.5,,54.5,,-1700.0,890.0,2026-09-26T16:45:00Z,-110.0,-110.0
2026-09-25T14:07:50.668934-04:00,odds_api,401864576,Kentucky Wildcats,South Alabama Jaguars,mybookieag,-20.5,,54.5,,-1442.0,799.0,2026-09-26T16:45:00Z,-110.0,-110.0
2026-09-25T14:07:50.668934-04:00,odds_api,401864576,Kentucky Wildcats,South Alabama Jaguars,betrivers,-20.5,,54.0,,-2000.0,900.0,2026-09-26T16:45:00Z,-114.0,-113.0
2026-09-25T14:07:50.668934-04:00,odds_api,401864576,Kentucky Wildcats,South Alabama Jaguars,draftkings,-20.5,,54.5,,-1600.0,900.0,2026-09-26T16:45:00Z,-110.0,-108.0
2026-09-25T14:07:50.668934-04:00,odds_api,401864576,Kentucky Wildcats,South Alabama Jaguars,lowvig,-20.5,,54.5,,-1500.0,874.0,2026-09-26T16:45:00Z,-106.0,-108.0
2026-09-25T14:07:50.668934-04:00,odds_api,401864576,Kentucky Wildcats,South Alabama Jaguars,betonlineag,-20.5,,54.5,,-1500.0,874.0,2026-09-26T16:45:00Z,-110.0,-110.0
2026-09-25T14:07:50.668934-04:00,odds_api,401864576,Kentucky Wildcats,South Alabama Jaguars,betus,-20.5,,54.5,,-1500.0,850.0,2026-09-26T16:45:00Z,-110.0,-110.0
2026-09-25T14:07:50.668934-04:00,odds_api,401864576,Kentucky Wildcats,South Alabama Jaguars,betmgm,-20.5,,54.5,,-1400.0,900.0,2026-09-26T16:45:00Z,-108.0,-108.0
2026-09-25T14:07:50.668934-04:00,odds_api,401864576,Kentucky Wildcats,South Alabama Jaguars,bovada,-20.5,,54.5,,-1500.0,775.0,2026-09-26T16:45:00Z,-110.0,-110.0
2026-09-25T14:07:50.668934-04:00,odds_api,401866427,Eastern Michigan Eagles,Lindenwood Lions,fanduel,-26.5,,50.5,,-8000.0,2200.0,2026-09-26T17:00:00Z,-110.0,-110.0
2026-09-25T14:07:50.668934-04:00,odds_api,401866427,Eastern Michigan Eagles,Lindenwood Lions,betrivers,-26.5,,50.5,,,,2026-09-26T17:00:00Z,-125.0,-106.0
2026-09-25T14:07:50.668934-04:00,odds_api,401866427,Eastern Michigan Eagles,Lindenwood Lions,draftkings,-25.5,,50.5,,-6500.0,2000.0,2026-09-26T17:00:00Z,-110.0,-112.0
2026-09-25T14:07:50.668934-04:00,odds_api,401866427,Eastern Michigan Eagles,Lindenwood Lions,lowvig,-25.5,,50.5,,,,2026-09-26T17:00:00Z,-111.0,-120.0
2026-09-25T14:07:50.668934-04:00,odds_api,401866427,Eastern Michigan Eagles,Lindenwood Lions,betonlineag,-25.5,,50.5,,,,2026-09-26T17:00:00Z,-115.0,-120.0
2026-09-25T14:07:50.668934-04:00,odds_api,401858462,Maryland Terrapins,UCLA Bruins,draftkings,1.5,,56.5,,100.0,-120.0,2026-09-26T17:30:00Z,-110.0,-110.0
2026-09-25T14:07:50.668934-04:00,odds_api,401858462,Maryland Terrapins,UCLA Bruins,fanduel,1.5,,56.5,,104.0,-125.0,2026-09-26T17:30:00Z,-106.0,-110.0
2026-09-25T14:07:50.668934-04:00,odds_api,401858462,Maryland Terrapins,UCLA Bruins,betrivers,1.5,,57.0,,104.0,-129.0,2026-09-26T17:30:00Z,-109.0,-113.0
2026-09-25T14:07:50.668934-04:00,odds_api,401858462,Maryland Terrapins,UCLA Bruins,mybookieag,1.5,,56.5,,-102.0,-120.0,2026-09-26T17:30:00Z,-110.0,-110.0
2026-09-25T14:07:50.668934-04:00,odds_api,401858462,Maryland Terrapins,UCLA Bruins,betonlineag,1.5,,57.0,,100.0,-120.0,2026-09-26T17:30:00Z,-110.0,-105.0
2026-09-25T14:07:50.668934-04:00,odds_api,401858462,Maryland Terrapins,UCLA Bruins,lowvig,1.5,,57.0,,100.0,-120.0,2026-09-26T17:30:00Z,-106.0,-103.0
2026-09-25T14:07:50.668934-04:00,odds_api,401858462,Maryland Terrapins,UCLA Bruins,betus,1.5,,56.0,,100.0,-120.0,2026-09-26T17:30:00Z,-110.0,-110.0
2026-09-25T14:07:50.668934-04:00,odds_api,401858462,Maryland Terrapins,UCLA Bruins,betmgm,1.5,,56.5,,100.0,-120.0,2026-09-26T17:30:00Z,-110.0,-108.0
2026-09-25T14:07:50.668934-04:00,odds_api,401858462,Maryland Terrapins,UCLA Bruins,bovada,1.5,,56.5,,100.0,-120.0,2026-09-26T17:30:00Z,-110.0,-115.0
2026-09-25T14:07:50.668934-04:00,odds_api,401864511,Georgia State Panthers,Northern Illinois Huskies,fanduel,-10.5,,55.5,,-465.0,350.0,2026-09-26T18:00:00Z,-110.0,-115.0
2026-09-25T14:07:50.668934-04:00,odds_api,401864511,Georgia State Panthers,Northern Illinois Huskies,mybookieag,-10.5,,56.0,,-402.0,300.0,2026-09-26T18:00:00Z,-110.0,-110.0
2026-09-25T14:07:50.668934-04:00,odds_api,401864511,Georgia State Panthers,Northern Illinois Huskies,betrivers,-10.5,,56.5,,-530.0,370.0,2026-09-26T18:00:00Z,-107.0,-110.0
2026-09-25T14:07:50.668934-04:00,odds_api,401864511,Georgia State Panthers,Northern Illinois Huskies,draftkings,-10.5,,56.5,,-395.0,310.0,2026-09-26T18:00:00Z,-108.0,-110.0
2026-09-25T14:07:50.668934-04:00,odds_api,401864511,Georgia State Panthers,Northern Illinois Huskies,lowvig,-10.5,,56.0,,-400.0,316.0,2026-09-26T18:00:00Z,-104.0,-114.0
2026-09-25T14:07:50.668934-04:00,odds_api,401864511,Georgia State Panthers,Northern Illinois Huskies,betonlineag,-10.5,,56.0,,-400.0,316.0,2026-09-26T18:00:00Z,-108.0,-115.0
2026-09-25T14:07:50.668934-04:00,odds_api,401864511,Georgia State Panthers,Northern Illinois Huskies,betmgm,-10.5,,56.5,,-425.0,320.0,2026-09-26T18:00:00Z,-105.0,-108.0
2026-09-25T14:07:50.668934-04:00,odds_api,401864511,Georgia State Panthers,Northern Illinois Huskies,betus,-10.5,,56.0,,-400.0,320.0,2026-09-26T18:00:00Z,-110.0,-115.0
2026-09-25T14:07:50.668934-04:00,odds_api,401864511,Georgia State Panthers,Northern Illinois Huskies,bovada,-10.5,,56.5,,-430.0,320.0,2026-09-26T18:00:00Z,-110.0,-110.0
2026-09-25T14:07:50.668934-04:00,odds_api,401858467,Purdue Boilermakers,Notre Dame Fighting Irish,fanduel,27.5,,58.5,,1600.0,-4500.0,2026-09-26T18:00:00Z,-104.0,-106.0
2026-09-25T14:07:50.668934-04:00,odds_api,401858467,Purdue Boilermakers,Notre Dame Fighting Irish,draftkings,27.5,,58.5,,1700.0,-4500.0,2026-09-26T18:00:00Z,-102.0,-105.0
2026-09-25T14:07:50.668934-04:00,odds_api,401858467,Purdue Boilermakers,Notre Dame Fighting Irish,mybookieag,28.0,,58.0,,1422.0,-10099.0,2026-09-26T18:00:00Z,-110.0,-110.0
2026-09-25T14:07:50.668934-04:00,odds_api,401858467,Purdue Boilermakers,Notre Dame Fighting Irish,betrivers,27.5,,58.0,,1600.0,-10000.0,2026-09-26T18:00:00Z,-112.0,-112.0
2026-09-25T14:07:50.668934-04:00,odds_api,401858467,Purdue Boilermakers,Notre Dame Fighting Irish,betonlineag,28.0,,58.0,,1602.0,-6200.0,2026-09-26T18:00:00Z,-113.0,-110.0
2026-09-25T14:07:50.668934-04:00,odds_api,401858467,Purdue Boilermakers,Notre Dame Fighting Irish,lowvig,28.0,,58.0,,1602.0,-6200.0,2026-09-26T18:00:00Z,-109.0,-108.0
2026-09-25T14:07:50.668934-04:00,odds_api,401858467,Purdue Boilermakers,Notre Dame Fighting Irish,betmgm,27.5,,58.5,,1900.0,-5000.0,2026-09-26T18:00:00Z,-105.0,-105.0
2026-09-25T14:07:50.668934-04:00,odds_api,401858467,Purdue Boilermakers,Notre Dame Fighting Irish,betus,28.0,,58.0,,,,2026-09-26T18:00:00Z,-110.0,-110.0
2026-09-25T14:07:50.668934-04:00,odds_api,401858467,Purdue Boilermakers,Notre Dame Fighting Irish,bovada,28.0,,58.0,,1300.0,-6500.0,2026-09-26T18:00:00Z,-115.0,-110.0
2026-09-25T19:03:52.546434-04:00,cfbd,401856700,Georgia,Oklahoma,DraftKings,-13.5,-10.0,43.5,52.5,-575.0,425.0,,,
2026-09-25T19:03:52.546434-04:00,cfbd,401856700,Georgia,Oklahoma,Bovada,-13.5,-14.0,44.0,43.5,-650.0,450.0,,,
2026-09-25T19:03:52.546434-04:00,cfbd,401856704,Tennessee,Texas,DraftKings,4.5,6.5,54.5,56.5,164.0,-198.0,,,
2026-09-25T19:03:52.546434-04:00,cfbd,401856704,Tennessee,Texas,Bovada,5.0,3.5,55.0,56.0,155.0,-180.0,,,
2026-09-25T19:03:52.546434-04:00,cfbd,401856696,Alabama,South Carolina,DraftKings,-12.5,-11.5,54.5,46.5,-520.0,390.0,,,
2026-09-25T19:03:52.546434-04:00,cfbd,401856696,Alabama,South Carolina,Bovada,-12.5,-13.0,54.0,54.0,-550.0,390.0,,,
2026-09-25T19:03:52.546434-04:00,cfbd,401860897,Western Michigan,Boise State,DraftKings,7.5,7.5,49.5,47.5,230.0,-285.0,,,
2026-09-25T19:03:52.546434-04:00,cfbd,401860897,Western Michigan,Boise State,Bovada,7.5,7.0,50.0,48.5,230.0,-280.0,,,
2026-09-25T19:03:52.546434-04:00,cfbd,401858463,Michigan,Iowa,DraftKings,-5.5,-4.5,38.5,39.5,-218.0,180.0,,,
2026-09-25T19:03:52.546434-04:00,cfbd,401858463,Michigan,Iowa,Bovada,-5.5,-4.0,38.0,37.5,-185.0,160.0,,,
2026-09-25T19:03:52.546434-04:00,cfbd,401856698,Auburn,Vanderbilt,DraftKings,-9.5,-8.5,55.5,50.5,-375.0,295.0,,,
2026-09-25T19:03:52.546434-04:00,cfbd,401856698,Auburn,Vanderbilt,Bovada,-9.5,-9.5,55.5,54.5,-360.0,280.0,,,
2026-09-25T19:03:52.546434-04:00,cfbd,401856699,Florida,Ole Miss,DraftKings,-3.5,-1.5,59.5,57.5,-162.0,136.0,,,
2026-09-25T19:03:52.546434-04:00,cfbd,401856699,Florida,Ole Miss,Bovada,-3.5,-3.5,59.0,61.0,-165.0,140.0,,,
2026-09-25T19:03:52.546434-04:00,cfbd,401858462,Maryland,UCLA,DraftKings,1.5,1.5,56.5,51.5,100.0,-120.0,,,
2026-09-25T19:03:52.546434-04:00,cfbd,401858462,Maryland,UCLA,Bovada,1.5,2.0,56.5,58.0,105.0,-125.0,,,
2026-09-25T19:03:52.546434-04:00,cfbd,401858466,Penn State,Wisconsin,DraftKings,-10.0,-11.5,44.5,42.5,-380.0,300.0,,,
2026-09-25T19:03:52.546434-04:00,cfbd,401858466,Penn State,Wisconsin,Bovada,-10.0,-10.0,44.0,46.5,-400.0,300.0,,,
2026-09-25T19:03:52.546434-04:00,cfbd,401856881,West Virginia,Oklahoma State,DraftKings,-1.5,2.5,61.5,57.5,-125.0,105.0,,,
2026-09-25T19:03:52.546434-04:00,cfbd,401856881,West Virginia,Oklahoma State,Bovada,-2.0,-1.5,61.0,59.5,-120.0,100.0,,,
2026-09-25T19:03:52.546434-04:00,cfbd,401858464,Michigan State,Nebraska,DraftKings,5.5,5.5,48.5,52.5,185.0,-225.0,,,
2026-09-25T19:03:52.546434-04:00,cfbd,401858464,Michigan State,Nebraska,Bovada,6.0,5.5,49.0,48.5,180.0,-220.0,,,
2026-09-25T19:03:52.546434-04:00,cfbd,401858465,Ohio State,Illinois,DraftKings,-26.5,-27.5,53.5,54.5,-4000.0,1600.0,,,
2026-09-25T19:03:52.546434-04:00,cfbd,401858465,Ohio State,Illinois,Bovada,-26.5,-27.0,54.0,54.0,-6500.0,1300.0,,,
2026-09-25T19:03:52.546434-04:00,cfbd,401856816,Iowa State,Utah,DraftKings,7.5,11.5,47.5,49.5,260.0,-325.0,,,
2026-09-25T19:03:52.546434-04:00,cfbd,401856816,Iowa State,Utah,Bovada,7.5,8.5,47.5,49.0,280.0,-360.0,,,
2026-09-25T19:03:52.546434-04:00,cfbd,401858238,Miami,Central Michigan,DraftKings,-41.5,-42.5,54.5,54.5,,,,,
2026-09-25T19:03:52.546434-04:00,cfbd,401858238,Miami,Central Michigan,Bovada,-41.0,-39.0,53.5,53.0,,,,,
2026-09-25T19:03:52.546434-04:00,cfbd,401858243,Louisville,Wake Forest,DraftKings,-12.5,-13.5,57.5,58.5,-535.0,400.0,,,
2026-09-25T19:03:52.546434-04:00,cfbd,401858243,Louisville,Wake Forest,Bovada,-13.0,-12.5,57.0,58.0,-510.0,370.0,,,
2026-09-25T19:03:52.546434-04:00,cfbd,401864576,Kentucky,South Alabama,DraftKings,-20.5,-19.5,53.5,55.5,-1600.0,900.0,,,
2026-09-25T19:03:52.546434-04:00,cfbd,401864576,Kentucky,South Alabama,Bovada,-20.5,-21.0,54.0,55.0,-1600.0,800.0,,,
2026-09-25T19:03:52.546434-04:00,cfbd,401858461,Indiana,Northwestern,DraftKings,-20.5,-23.5,49.5,47.5,-1650.0,950.0,,,
2026-09-25T19:03:52.546434-04:00,cfbd,401858461,Indiana,Northwestern,Bovada,-20.5,-21.5,50.0,50.0,-1900.0,900.0,,,
2026-09-25T19:03:52.546434-04:00,cfbd,401858242,Boston College,Virginia Tech,DraftKings,14.0,14.0,47.5,54.5,440.0,-600.0,,,
2026-09-25T19:03:52.546434-04:00,cfbd,401858242,Boston College,Virginia Tech,Bovada,14.0,14.0,47.5,52.0,430.0,-625.0,,,
2026-09-25T19:03:52.546434-04:00,cfbd,401856813,Baylor,Colorado,Bovada,-9.5,-10.0,55.5,55.0,-410.0,305.0,,,
2026-09-25T19:03:52.546434-04:00,cfbd,401856813,Baylor,Colorado,DraftKings,-9.5,-8.5,55.5,53.5,-380.0,300.0,,,
2026-09-25T19:03:52.546434-04:00,cfbd,401860896,UTSA,Colorado State,DraftKings,-14.0,-11.5,56.5,57.5,-600.0,440.0,,,
2026-09-25T19:03:52.546434-04:00,cfbd,401860896,UTSA,Colorado State,Bovada,-14.0,-12.5,56.5,57.5,-525.0,375.0,,,
2026-09-25T19:03:52.546434-04:00,cfbd,401866426,Buffalo,Robert Morris,DraftKings,-28.5,-28.5,46.5,44.5,-5000.0,1800.0,,,
2026-09-25T19:03:52.546434-04:00,cfbd,401858244,Duke,William & Mary,DraftKings,-43.5,-43.5,62.5,60.5,,,,,
2026-09-25T19:03:52.546434-04:00,cfbd,401860892,Texas State,Incarnate Word,DraftKings,-30.5,-29.5,64.5,63.5,-5000.0,1800.0,,,
2026-09-25T19:03:52.546434-04:00,cfbd,401856805,Texas Tech,Sam Houston,DraftKings,-34.5,-37.5,55.5,54.5,,,,,
2026-09-25T19:03:52.546434-04:00,cfbd,401856805,Texas Tech,Sam Houston,Bovada,-34.5,-35.5,56.0,55.0,,,,,
2026-09-25T19:03:52.546434-04:00,cfbd,401856806,Georgia Southern,Houston,DraftKings,17.5,19.5,56.5,55.5,625.0,-950.0,,,
2026-09-25T19:03:52.546434-04:00,cfbd,401856806,Georgia Southern,Houston,Bovada,17.0,18.0,56.5,55.0,625.0,-1000.0,,,
2026-09-25T19:03:52.546434-04:00,cfbd,401858236,Pittsburgh,Bucknell,DraftKings,-53.5,-53.5,63.5,61.5,,,,,
2026-09-25T19:03:52.546434-04:00,cfbd,401864579,New Mexico State,New Mexico,DraftKings,11.5,12.5,48.5,49.5,350.0,-455.0,,,
2026-09-25T19:03:52.546434-04:00,cfbd,401864579,New Mexico State,New Mexico,Bovada,11.0,12.0,48.5,48.5,370.0,-510.0,,,
2026-09-25T19:03:52.546434-04:00,cfbd,401864512,Akron,UNLV,DraftKings,13.5,14.0,52.5,49.5,410.0,-550.0,,,
2026-09-25T19:03:52.546434-04:00,cfbd,401864512,Akron,UNLV,Bovada,13.5,13.5,53.0,50.0,400.0,-575.0,,,
2026-09-25T19:03:52.546434-04:00,cfbd,401866428,Ohio,Stonehill,DraftKings,-33.5,-34.5,53.5,50.5,-20000.0,3500.0,,,
2026-09-25T19:03:52.546434-04:00,cfbd,401862780,Charlotte,Louisiana,DraftKings,10.0,14.5,49.5,52.5,320.0,-410.0,,,
2026-09-25T19:03:52.546434-04:00,cfbd,401862780,Charlotte,Louisiana,Bovada,10.0,10.0,49.5,50.0,325.0,-435.0,,,
2026-09-25T19:03:52.546434-04:00,cfbd,401864510,Wyoming,Hawai'i,DraftKings,2.5,5.5,43.5,44.5,114.0,-135.0,,,
2026-09-25T19:03:52.546434-04:00,cfbd,401864510,Wyoming,Hawai'i,Bovada,2.5,3.0,43.5,46.0,135.0,-160.0,,,
2026-09-25T19:03:52.546434-04:00,cfbd,401869961,Old Dominion,James Madison,DraftKings,6.0,4.5,44.5,50.5,185.0,-225.0,,,
2026-09-25T19:03:52.546434-04:00,cfbd,401869961,Old Dominion,James Madison,Bovada,6.0,5.0,44.5,47.5,175.0,-210.0,,,
2026-09-25T19:03:52.546434-04:00,cfbd,401856815,UCF,TCU,DraftKings,3.0,3.0,48.5,50.5,130.0,-155.0,,,
2026-09-25T19:03:52.546434-04:00,cfbd,401856815,UCF,TCU,Bovada,3.0,3.0,48.5,49.5,135.0,-160.0,,,
2026-09-25T19:03:52.546434-04:00,cfbd,401862785,Bowling Green,South Florida,DraftKings,17.5,15.5,48.5,51.5,650.0,-1000.0,,,
2026-09-25T19:03:52.546434-04:00,cfbd,401862785,Bowling Green,South Florida,Bovada,18.0,17.5,49.0,49.5,600.0,-1000.0,,,
2026-09-25T19:03:52.546434-04:00,cfbd,401858239,Virginia,Delaware,DraftKings,-19.5,-20.5,52.5,,-1450.0,850.0,,,
2026-09-25T19:03:52.546434-04:00,cfbd,401858239,Virginia,Delaware,Bovada,-20.0,-20.0,52.5,52.5,-1400.0,750.0,,,
2026-09-25T19:03:52.546434-04:00,cfbd,401860893,Toledo,San Diego State,DraftKings,-3.0,1.5,51.5,48.5,-148.0,124.0,,,
2026-09-25T19:03:52.546434-04:00,cfbd,401860893,Toledo,San Diego State,Bovada,-2.5,-2.5,51.5,49.0,-140.0,120.0,,,
2026-09-25T19:03:52.546434-04:00,cfbd,401861970,Miami (OH),UConn,DraftKings,-3.5,-3.0,51.5,50.5,-175.0,145.0,,,
2026-09-25T19:03:52.546434-04:00,cfbd,401861970,Miami (OH),UConn,Bovada,-3.5,-4.5,52.5,51.0,-200.0,170.0,,,
2026-09-25T19:03:52.546434-04:00,cfbd,401858467,Purdue,Notre Dame,DraftKings,27.5,27.5,57.5,56.5,1700.0,-4500.0,,,
2026-09-25T19:03:52.546434-04:00,cfbd,401858467,Purdue,Notre Dame,Bovada,28.0,26.5,57.0,57.5,1300.0,-5000.0,,,
2026-09-25T19:03:52.546434-04:00,cfbd,401866425,Kent State,Ball State,DraftKings,-3.0,-4.5,50.5,51.5,-155.0,130.0,,,
2026-09-25T19:03:52.546434-04:00,cfbd,401866425,Kent State,Ball State,Bovada,-3.0,-3.0,51.0,49.5,-165.0,140.0,,,
2026-09-25T19:03:52.546434-04:00,cfbd,401870745,Western Kentucky,Mercyhurst,DraftKings,-40.5,-38.5,58.5,56.5,,,,,
2026-09-25T19:03:52.546434-04:00,cfbd,401858237,Florida State,Central Arkansas,DraftKings,-45.5,-42.5,63.5,59.5,,,,,
2026-09-25T19:03:52.546434-04:00,cfbd,401866427,Eastern Michigan,Lindenwood,DraftKings,-25.5,-25.5,51.5,50.5,-2400.0,1200.0,,,
2026-09-25T19:03:52.546434-04:00,cfbd,401864511,Georgia State,Northern Illinois,DraftKings,-10.5,-8.5,56.5,54.5,-395.0,310.0,,,
2026-09-25T19:03:52.546434-04:00,cfbd,401864511,Georgia State,Northern Illinois,Bovada,-10.0,-10.0,56.5,55.0,-380.0,290.0,,,
2026-09-25T19:03:52.546434-04:00,cfbd,401868188,Marshall,Gardner-Webb,DraftKings,-23.5,-23.5,52.5,50.5,-1650.0,950.0,,,
2026-09-25T19:03:52.546434-04:00,cfbd,401869931,Arkansas State,Kennesaw State,DraftKings,-6.5,-5.5,52.5,53.5,-238.0,195.0,,,
2026-09-25T19:03:52.546434-04:00,cfbd,401869931,Arkansas State,Kennesaw State,Bovada,-6.5,-4.0,53.0,53.5,-185.0,160.0,,,
2026-09-25T19:03:52.546434-04:00,cfbd,401856814,Cincinnati,Kansas State,DraftKings,6.5,6.0,55.5,52.5,195.0,-238.0,,,
2026-09-25T19:03:52.546434-04:00,cfbd,401856814,Cincinnati,Kansas State,Bovada,6.0,6.5,55.5,54.0,200.0,-240.0,,,
2026-09-25T19:03:52.546434-04:00,cfbd,401862781,East Carolina,North Carolina Central,DraftKings,-36.5,-34.5,56.5,54.5,-20000.0,3500.0,,,
2026-09-25T19:03:52.546434-04:00,cfbd,401871048,Jacksonville State,Middle Tennessee,DraftKings,-7.0,-9.5,51.5,54.5,-285.0,230.0,,,
2026-09-25T19:03:52.546434-04:00,cfbd,401871048,Jacksonville State,Middle Tennessee,Bovada,-7.0,-8.5,51.5,52.0,-340.0,270.0,,,
2026-09-25T19:03:52.546434-04:00,cfbd,401862784,Tulane,Southern Miss,DraftKings,-17.5,-17.5,52.5,53.5,-1100.0,700.0,,,
2026-09-25T19:03:52.546434-04:00,cfbd,401862784,Tulane,Southern Miss,Bovada,-17.5,-18.0,52.5,52.5,-1100.0,650.0,,,
2026-09-25T19:03:52.546434-04:00,cfbd,401858234,California,Clemson,Bovada,2.5,-1.5,51.5,50.5,-120.0,100.0,,,
2026-09-25T19:03:52.546434-04:00,cfbd,401858234,California,Clemson,DraftKings,2.5,1.5,51.5,47.5,110.0,-130.0,,,
2026-09-25T19:03:52.546434-04:00,cfbd,401867885,Youngstown State,South Dakota,DraftKings,-1.5,-1.5,65.5,63.5,-121.0,-103.0,,,
2026-09-25T19:03:52.546434-04:00,cfbd,401867687,Chicago State,Norfolk State,DraftKings,17.5,17.5,54.5,54.5,680.0,-1220.0,,,
2026-09-25T19:03:52.546434-04:00,cfbd,401868076,Eastern Washington,Cal Poly,DraftKings,-3.0,-3.0,59.5,59.5,-144.0,115.0,,,
2026-09-25T19:03:52.546434-04:00,cfbd,401868318,Northwestern State,SE Louisiana,DraftKings,39.5,39.5,61.5,61.5,,,,,
2026-09-25T19:03:52.546434-04:00,cfbd,401867909,Florida International,Long Island University,DraftKings,-36.5,-35.5,53.5,50.5,-20000.0,3500.0,,,
2026-09-25T19:03:52.546434-04:00,cfbd,401868263,Marist,Presbyterian,DraftKings,-8.5,-8.5,45.5,46.5,-262.0,203.0,,,
2026-09-25T19:03:52.546434-04:00,cfbd,401868219,Davidson,Drake,DraftKings,12.5,12.5,53.5,53.5,355.0,-498.0,,,
2026-09-25T19:03:52.546434-04:00,cfbd,401871472,Southeast Missouri State,West Florida,DraftKings,-6.5,-6.5,52.5,52.5,-212.0,168.0,,,
2026-09-25T19:03:52.546434-04:00,cfbd,401872618,Merrimack,New Haven,DraftKings,-9.5,-9.5,46.5,46.5,-356.0,267.0,,,
2026-09-25T19:03:52.546434-04:00,cfbd,401867818,Georgetown,Columbia,DraftKings,7.0,7.0,52.5,51.5,167.0,-211.0,,,
2026-09-25T19:03:52.546434-04:00,cfbd,401866644,North Carolina A&T,Rhode Island,DraftKings,24.5,24.5,52.5,52.5,1340.0,-5900.0,,,
2026-09-25T19:03:52.546434-04:00,cfbd,401867847,Northern Iowa,Illinois State,DraftKings,19.5,19.5,58.5,58.5,740.0,-1420.0,,,
2026-09-25T19:03:52.546434-04:00,cfbd,401868281,St. Thomas (MN),San Diego,DraftKings,-5.5,-5.5,58.5,58.5,-188.0,149.0,,,
2026-09-25T19:03:52.546434-04:00,cfbd,401868327,Alabama State,Mississippi Valley State,DraftKings,-34.5,-34.5,55.5,55.5,,,,,
2026-09-25T19:03:52.546434-04:00,cfbd,401868960,Jackson State,Southern,DraftKings,-20.5,-20.5,57.5,57.5,-1420.0,740.0,,,
2026-09-25T19:03:52.546434-04:00,cfbd,401866643,Elon,Maine,DraftKings,-5.5,-6.5,44.5,44.5,-209.0,165.0,,,
2026-09-25T19:03:52.546434-04:00,cfbd,401868954,Grambling,Prairie View A&M,DraftKings,10.5,9.5,54.5,54.5,298.0,-405.0,,,
2026-09-25T19:03:52.546434-04:00,cfbd,401868037,Richmond,Furman,DraftKings,-3.0,-3.5,44.5,45.5,-152.0,122.0,,,
2026-09-25T19:03:52.546434-04:00,cfbd,401866648,Fordham,Stony Brook,DraftKings,10.5,10.0,52.5,56.5,313.0,-429.0,,,
2026-09-25T19:03:52.546434-04:00,cfbd,401868346,East Tennessee State,Western Carolina,DraftKings,-1.5,-1.5,63.5,62.5,-128.0,103.0,,,
2026-09-25T19:03:52.546434-04:00,cfbd,401866642,Sacred Heart,New Hampshire,DraftKings,-4.0,-4.5,44.5,45.5,-163.0,130.0,,,
2026-09-25T19:03:52.546434-04:00,cfbd,401868299,Florida A&M,Alabama A&M,DraftKings,1.5,-1.5,49.5,49.5,-104.0,-120.0,,,
2026-09-25T19:03:52.546434-04:00,cfbd,401866647,Dartmouth,Monmouth,DraftKings,-3.0,-2.5,51.5,53.5,-144.0,116.0,,,
2026-09-25T19:03:52.546434-04:00,cfbd,401868338,The Citadel,Chattanooga,DraftKings,10.5,11.5,47.5,47.5,286.0,-385.0,,,
2026-09-25T19:03:52.546434-04:00,cfbd,401868063,Austin Peay,UT Martin,DraftKings,-15.5,-14.5,51.5,51.5,-880.0,545.0,,,
2026-09-25T19:03:52.546434-04:00,cfbd,401868211,Valparaiso,Butler,DraftKings,9.5,8.5,52.5,52.5,267.0,-356.0,,,
2026-09-25T19:03:52.546434-04:00,cfbd,401866646,Princeton,UAlbany,DraftKings,1.5,1.5,43.5,45.5,103.0,-128.0,,,
2026-09-25T19:03:52.546434-04:00,cfbd,401868387,Samford,VMI,DraftKings,-18.5,-18.5,49.5,48.5,-1360.0,720.0,,,
2026-09-25T19:03:52.546434-04:00,cfbd,401868024,Lafayette,Holy Cross,DraftKings,-5.5,-5.5,47.5,50.5,-213.0,168.0,,,
2026-09-25T19:03:52.546434-04:00,cfbd,401868390,Wofford,Tennessee Tech,DraftKings,14.0,15.5,47.5,45.5,417.0,-610.0,,,
2026-09-25T19:03:52.546434-04:00,cfbd,401869137,McNeese,East Texas A&M,DraftKings,-2.5,-2.5,51.5,51.5,-162.0,130.0,,,
2026-09-25T19:03:52.546434-04:00,cfbd,401867858,Indiana State,North Dakota,DraftKings,17.5,16.5,58.5,57.5,710.0,-1320.0,,,
2026-09-25T19:03:52.546434-04:00,cfbd,401868206,North Alabama,Western Illinois,DraftKings,-7.5,-7.5,53.5,53.5,-319.0,243.0,,,
2026-09-25T19:03:52.546434-04:00,cfbd,401866645,Hampton,Campbell,DraftKings,18.5,18.5,57.5,57.5,610.0,-1040.0,,,
2026-09-25T19:03:52.546434-04:00,cfbd,401868179,South Dakota State,Eastern Illinois,DraftKings,-34.5,-34.5,53.5,53.5,,,,,
2026-09-25T19:03:52.546434-04:00,cfbd,401867985,Bethune-Cookman,South Carolina State,DraftKings,14.5,13.5,58.5,58.5,467.0,-710.0,,,
2026-09-25T19:03:52.546434-04:00,cfbd,401867827,Cornell,Yale,DraftKings,14.0,15.5,48.5,49.5,331.0,-459.0,,,
2026-09-25T19:03:52.546434-04:00,cfbd,401868358,Alcorn State,Texas Southern,DraftKings,-3.0,-2.5,57.5,58.5,-157.0,126.0,,,
2026-09-25T19:03:52.546434-04:00,cfbd,401869143,Nicholls,Lamar,DraftKings,8.5,8.5,45.5,45.5,259.0,-344.0,,,
2026-09-25T19:03:52.546434-04:00,cfbd,401866649,Delaware State,Towson,DraftKings,-3.5,-3.5,50.5,50.5,-164.0,131.0,,,
2026-09-25T19:03:52.546434-04:00,cfbd,401867868,Murray State,Southern Illinois,DraftKings,17.5,17.5,54.5,54.5,640.0,-1140.0,,,
2026-09-25T19:03:52.546434-04:00,cfbd,401868034,Pennsylvania,Lehigh,DraftKings,13.5,10.5,46.5,48.5,380.0,-543.0,,,
2026-09-25T19:03:52.546434-04:00,cfbd,401868001,Villanova,Colgate,DraftKings,-2.5,-2.5,44.5,46.5,-134.0,108.0,,,
2026-09-25T19:03:52.858377-04:00,odds_api,401862778,UAB Blazers,Navy Midshipmen,fanduel,6.5,,50.5,,195.0,-240.0,2026-09-25T23:05:00Z,-112.0,-115.0
2026-09-25T19:03:52.858377-04:00,odds_api,401862778,UAB Blazers,Navy Midshipmen,mybookieag,6.5,,50.5,,200.0,-250.0,2026-09-25T23:05:00Z,-105.0,-118.0
2026-09-25T19:03:52.858377-04:00,odds_api,401862778,UAB Blazers,Navy Midshipmen,draftkings,6.5,,50.5,,205.0,-250.0,2026-09-25T23:05:00Z,-110.0,-110.0
2026-09-25T19:03:52.858377-04:00,odds_api,401862778,UAB Blazers,Navy Midshipmen,lowvig,6.5,,50.0,,203.0,-245.0,2026-09-25T23:05:00Z,-101.0,-108.0
2026-09-25T19:03:52.858377-04:00,odds_api,401862778,UAB Blazers,Navy Midshipmen,betonlineag,6.5,,50.0,,207.0,-250.0,2026-09-25T23:05:00Z,-105.0,-110.0
2026-09-25T19:03:52.858377-04:00,odds_api,401862778,UAB Blazers,Navy Midshipmen,betmgm,6.5,,50.5,,200.0,-250.0,2026-09-25T23:05:00Z,-110.0,-112.0
2026-09-25T19:03:52.858377-04:00,odds_api,401862778,UAB Blazers,Navy Midshipmen,betus,6.5,,50.0,,195.0,-230.0,2026-09-25T23:05:00Z,-115.0,-110.0
2026-09-25T19:03:52.858377-04:00,odds_api,401862778,UAB Blazers,Navy Midshipmen,bovada,6.5,,50.5,,205.0,-245.0,2026-09-25T23:05:00Z,-110.0,-110.0
2026-09-25T19:03:52.858377-04:00,odds_api,401858461,Indiana Hoosiers,Northwestern Wildcats,fanduel,-20.5,,49.5,,-1700.0,890.0,2026-09-26T00:00:00Z,-106.0,-110.0
2026-09-25T19:03:52.858377-04:00,odds_api,401858461,Indiana Hoosiers,Northwestern Wildcats,mybookieag,-20.5,,49.5,,-2039.0,938.0,2026-09-26T00:00:00Z,-110.0,-110.0
2026-09-25T19:03:52.858377-04:00,odds_api,401858461,Indiana Hoosiers,Northwestern Wildcats,draftkings,-20.5,,49.5,,-1650.0,950.0,2026-09-26T00:00:00Z,-112.0,-112.0
2026-09-25T19:03:52.858377-04:00,odds_api,401858461,Indiana Hoosiers,Northwestern Wildcats,betrivers,-20.5,,49.5,,-2500.0,1000.0,2026-09-26T00:00:00Z,-113.0,-114.0
2026-09-25T19:03:52.858377-04:00,odds_api,401858461,Indiana Hoosiers,Northwestern Wildcats,lowvig,-20.5,,49.5,,-1800.0,979.0,2026-09-26T00:00:00Z,-111.0,-114.0
2026-09-25T19:03:52.858377-04:00,odds_api,401858461,Indiana Hoosiers,Northwestern Wildcats,betonlineag,-20.5,,49.5,,-1800.0,979.0,2026-09-26T00:00:00Z,-115.0,-115.0
2026-09-25T19:03:52.858377-04:00,odds_api,401858461,Indiana Hoosiers,Northwestern Wildcats,betmgm,-20.5,,49.5,,-1600.0,1050.0,2026-09-26T00:00:00Z,-108.0,-108.0
2026-09-25T19:03:52.858377-04:00,odds_api,401858461,Indiana Hoosiers,Northwestern Wildcats,betus,-20.5,,50.0,,-1800.0,1000.0,2026-09-26T00:00:00Z,-110.0,-110.0
2026-09-25T19:03:52.858377-04:00,odds_api,401858461,Indiana Hoosiers,Northwestern Wildcats,bovada,-20.0,,50.0,,-1800.0,850.0,2026-09-26T00:00:00Z,-120.0,-105.0
2026-09-25T19:03:52.858377-04:00,odds_api,401858234,California Golden Bears,Clemson Tigers,fanduel,2.5,,51.5,,104.0,-126.0,2026-09-26T02:30:00Z,-115.0,-104.0
2026-09-25T19:03:52.858377-04:00,odds_api,401858234,California Golden Bears,Clemson Tigers,mybookieag,2.5,,51.5,,110.0,-135.0,2026-09-26T02:30:00Z,-110.0,-110.0
2026-09-25T19:03:52.858377-04:00,odds_api,401858234,California Golden Bears,Clemson Tigers,betrivers,2.0,,51.5,,112.0,-139.0,2026-09-26T02:30:00Z,-109.0,-110.0
2026-09-25T19:03:52.858377-04:00,odds_api,401858234,California Golden Bears,Clemson Tigers,draftkings,2.5,,51.5,,110.0,-130.0,2026-09-26T02:30:00Z,-115.0,-110.0
2026-09-25T19:03:52.858377-04:00,odds_api,401858234,California Golden Bears,Clemson Tigers,lowvig,2.5,,52.0,,115.0,-135.0,2026-09-26T02:30:00Z,-106.0,-102.0
2026-09-25T19:03:52.858377-04:00,odds_api,401858234,California Golden Bears,Clemson Tigers,betonlineag,2.5,,52.0,,115.0,-135.0,2026-09-26T02:30:00Z,-110.0,-104.0
2026-09-25T19:03:52.858377-04:00,odds_api,401858234,California Golden Bears,Clemson Tigers,betmgm,2.5,,51.5,,110.0,-130.0,2026-09-26T02:30:00Z,-110.0,-108.0
2026-09-25T19:03:52.858377-04:00,odds_api,401858234,California Golden Bears,Clemson Tigers,betus,2.0,,51.5,,110.0,-130.0,2026-09-26T02:30:00Z,-110.0,-110.0
2026-09-25T19:03:52.858377-04:00,odds_api,401858234,California Golden Bears,Clemson Tigers,bovada,2.0,,51.5,,105.0,-125.0,2026-09-26T02:30:00Z,-110.0,-110.0
2026-09-25T19:03:52.858377-04:00,odds_api,401864512,Akron Zips,UNLV Rebels,fanduel,13.5,,52.5,,400.0,-550.0,2026-09-26T16:00:00Z,-110.0,-110.0
2026-09-25T19:03:52.858377-04:00,odds_api,401864512,Akron Zips,UNLV Rebels,mybookieag,13.5,,52.5,,400.0,-575.0,2026-09-26T16:00:00Z,-110.0,-110.0
2026-09-25T19:03:52.858377-04:00,odds_api,401864512,Akron Zips,UNLV Rebels,betrivers,12.5,,51.5,,390.0,-560.0,2026-09-26T16:00:00Z,-110.0,-114.0
2026-09-25T19:03:52.858377-04:00,odds_api,401864512,Akron Zips,UNLV Rebels,draftkings,13.5,,52.5,,410.0,-550.0,2026-09-26T16:00:00Z,-108.0,-112.0
2026-09-25T19:03:52.858377-04:00,odds_api,401864512,Akron Zips,UNLV Rebels,lowvig,13.5,,53.0,,403.0,-530.0,2026-09-26T16:00:00Z,-106.0,-103.0
2026-09-25T19:03:52.858377-04:00,odds_api,401864512,Akron Zips,UNLV Rebels,betonlineag,13.5,,53.0,,403.0,-530.0,2026-09-26T16:00:00Z,-115.0,-105.0
2026-09-25T19:03:52.858377-04:00,odds_api,401864512,Akron Zips,UNLV Rebels,betus,13.5,,52.5,,410.0,-530.0,2026-09-26T16:00:00Z,-110.0,-110.0
2026-09-25T19:03:52.858377-04:00,odds_api,401864512,Akron Zips,UNLV Rebels,betmgm,13.0,,52.5,,400.0,-525.0,2026-09-26T16:00:00Z,-108.0,-110.0
2026-09-25T19:03:52.858377-04:00,odds_api,401864512,Akron Zips,UNLV Rebels,bovada,13.5,,53.0,,400.0,-575.0,2026-09-26T16:00:00Z,-110.0,-110.0
2026-09-25T19:03:52.858377-04:00,odds_api,401866425,Kent State Golden Flashes,Ball State Cardinals,fanduel,-2.5,,51.5,,-152.0,126.0,2026-09-26T16:00:00Z,-122.0,-102.0
2026-09-25T19:03:52.858377-04:00,odds_api,401866425,Kent State Golden Flashes,Ball State Cardinals,mybookieag,-3.0,,51.0,,-157.0,128.0,2026-09-26T16:00:00Z,-110.0,-110.0
2026-09-25T19:03:52.858377-04:00,odds_api,401866425,Kent State Golden Flashes,Ball State Cardinals,betrivers,-3.0,,51.5,,-162.0,130.0,2026-09-26T16:00:00Z,-115.0,-110.0
2026-09-25T19:03:52.858377-04:00,odds_api,401866425,Kent State Golden Flashes,Ball State Cardinals,draftkings,-3.0,,50.5,,-155.0,130.0,2026-09-26T16:00:00Z,-112.0,-115.0
2026-09-25T19:03:52.858377-04:00,odds_api,401866425,Kent State Golden Flashes,Ball State Cardinals,lowvig,-3.0,,50.5,,-155.0,135.0,2026-09-26T16:00:00Z,-108.0,-108.0
2026-09-25T19:03:52.858377-04:00,odds_api,401866425,Kent State Golden Flashes,Ball State Cardinals,betonlineag,-3.0,,50.5,,-155.0,135.0,2026-09-26T16:00:00Z,-112.0,-110.0
2026-09-25T19:03:52.858377-04:00,odds_api,401866425,Kent State Golden Flashes,Ball State Cardinals,betmgm,-3.0,,50.5,,-160.0,130.0,2026-09-26T16:00:00Z,-110.0,-112.0
2026-09-25T19:03:52.858377-04:00,odds_api,401866425,Kent State Golden Flashes,Ball State Cardinals,betus,-3.0,,51.0,,-155.0,134.0,2026-09-26T16:00:00Z,-115.0,-110.0
2026-09-25T19:03:52.858377-04:00,odds_api,401866425,Kent State Golden Flashes,Ball State Cardinals,bovada,-3.0,,51.0,,-160.0,135.0,2026-09-26T16:00:00Z,-110.0,-110.0
2026-09-25T19:03:52.858377-04:00,odds_api,401856813,Baylor Bears,Colorado Buffaloes,fanduel,-9.5,,55.5,,-350.0,275.0,2026-09-26T16:00:00Z,-108.0,-108.0
2026-09-25T19:03:52.858377-04:00,odds_api,401856813,Baylor Bears,Colorado Buffaloes,mybookieag,-9.5,,55.5,,-370.0,280.0,2026-09-26T16:00:00Z,-110.0,-110.0
2026-09-25T19:03:52.858377-04:00,odds_api,401856813,Baylor Bears,Colorado Buffaloes,betrivers,-10.0,,55.5,,-420.0,300.0,2026-09-26T16:00:00Z,-108.0,-109.0
2026-09-25T19:03:52.858377-04:00,odds_api,401856813,Baylor Bears,Colorado Buffaloes,draftkings,-9.5,,55.5,,-380.0,300.0,2026-09-26T16:00:00Z,-115.0,-110.0
2026-09-25T19:03:52.858377-04:00,odds_api,401856813,Baylor Bears,Colorado Buffaloes,betonlineag,-10.0,,55.5,,-375.0,299.0,2026-09-26T16:00:00Z,-102.0,-105.0
2026-09-25T19:03:52.858377-04:00,odds_api,401856813,Baylor Bears,Colorado Buffaloes,lowvig,-10.0,,55.5,,-375.0,299.0,2026-09-26T16:00:00Z,-106.0,-103.0
2026-09-25T19:03:52.858377-04:00,odds_api,401856813,Baylor Bears,Colorado Buffaloes,betmgm,-9.5,,55.5,,-375.0,300.0,2026-09-26T16:00:00Z,-110.0,-108.0
2026-09-25T19:03:52.858377-04:00,odds_api,401856813,Baylor Bears,Colorado Buffaloes,betus,-9.5,,55.5,,-375.0,300.0,2026-09-26T16:00:00Z,-110.0,-105.0
2026-09-25T19:03:52.858377-04:00,odds_api,401856813,Baylor Bears,Colorado Buffaloes,bovada,-9.5,,55.5,,-380.0,290.0,2026-09-26T16:00:00Z,-110.0,-110.0
2026-09-25T19:03:52.858377-04:00,odds_api,401858242,Boston College Eagles,Virginia Tech Hokies,fanduel,13.5,,47.5,,500.0,-720.0,2026-09-26T16:00:00Z,100.0,-102.0
2026-09-25T19:03:52.858377-04:00,odds_api,401858242,Boston College Eagles,Virginia Tech Hokies,mybookieag,14.0,,47.0,,480.0,-725.0,2026-09-26T16:00:00Z,-110.0,-110.0
2026-09-25T19:03:52.858377-04:00,odds_api,401858242,Boston College Eagles,Virginia Tech Hokies,betrivers,14.0,,47.5,,420.0,-625.0,2026-09-26T16:00:00Z,-110.0,-109.0
2026-09-25T19:03:52.858377-04:00,odds_api,401858242,Boston College Eagles,Virginia Tech Hokies,draftkings,14.0,,47.5,,440.0,-600.0,2026-09-26T16:00:00Z,-108.0,-108.0
2026-09-25T19:03:52.858377-04:00,odds_api,401858242,Boston College Eagles,Virginia Tech Hokies,lowvig,14.0,,47.0,,446.0,-600.0,2026-09-26T16:00:00Z,-101.0,-108.0
2026-09-25T19:03:52.858377-04:00,odds_api,401858242,Boston College Eagles,Virginia Tech Hokies,betonlineag,14.0,,47.0,,446.0,-600.0,2026-09-26T16:00:00Z,-105.0,-110.0
2026-09-25T19:03:52.858377-04:00,odds_api,401858242,Boston College Eagles,Virginia Tech Hokies,betus,14.0,,47.0,,485.0,-670.0,2026-09-26T16:00:00Z,-105.0,-110.0
2026-09-25T19:03:52.858377-04:00,odds_api,401858242,Boston College Eagles,Virginia Tech Hokies,betmgm,14.0,,47.5,,475.0,-625.0,2026-09-26T16:00:00Z,-108.0,-105.0
2026-09-25T19:03:52.858377-04:00,odds_api,401858242,Boston College Eagles,Virginia Tech Hokies,bovada,14.0,,47.5,,450.0,-650.0,2026-09-26T16:00:00Z,-105.0,-105.0
2026-09-25T19:03:52.858377-04:00,odds_api,401858236,Pittsburgh Panthers,Bucknell Bison,fanduel,-54.5,,63.5,,,,2026-09-26T16:00:00Z,-110.0,-110.0
2026-09-25T19:03:52.858377-04:00,odds_api,401858236,Pittsburgh Panthers,Bucknell Bison,betrivers,-51.5,,62.5,,,,2026-09-26T16:00:00Z,-136.0,-114.0
2026-09-25T19:03:52.858377-04:00,odds_api,401858236,Pittsburgh Panthers,Bucknell Bison,draftkings,-53.5,,63.5,,,,2026-09-26T16:00:00Z,-112.0,-110.0
2026-09-25T19:03:52.858377-04:00,odds_api,401858236,Pittsburgh Panthers,Bucknell Bison,lowvig,-52.5,,64.5,,,,2026-09-26T16:00:00Z,-130.0,-105.0
2026-09-25T19:03:52.858377-04:00,odds_api,401858236,Pittsburgh Panthers,Bucknell Bison,betonlineag,-52.5,,64.5,,,,2026-09-26T16:00:00Z,-130.0,-105.0
2026-09-25T19:03:52.858377-04:00,odds_api,401860896,UTSA Roadrunners,Colorado State Rams,fanduel,-13.5,,57.5,,-670.0,470.0,2026-09-26T16:00:00Z,-124.0,-105.0
2026-09-25T19:03:52.858377-04:00,odds_api,401860896,UTSA Roadrunners,Colorado State Rams,mybookieag,-14.0,,57.0,,-625.0,430.0,2026-09-26T16:00:00Z,-110.0,-110.0
2026-09-25T19:03:52.858377-04:00,odds_api,401860896,UTSA Roadrunners,Colorado State Rams,betrivers,-14.0,,57.5,,-835.0,525.0,2026-09-26T16:00:00Z,-109.0,-113.0
2026-09-25T19:03:52.858377-04:00,odds_api,401860896,UTSA Roadrunners,Colorado State Rams,draftkings,-14.0,,56.5,,-600.0,440.0,2026-09-26T16:00:00Z,-112.0,-115.0
2026-09-25T19:03:52.858377-04:00,odds_api,401860896,UTSA Roadrunners,Colorado State Rams,lowvig,-13.5,,57.0,,-565.0,425.0,2026-09-26T16:00:00Z,-118.0,-114.0
2026-09-25T19:03:52.858377-04:00,odds_api,401860896,UTSA Roadrunners,Colorado State Rams,betonlineag,-13.5,,57.0,,-565.0,425.0,2026-09-26T16:00:00Z,-125.0,-115.0
2026-09-25T19:03:52.858377-04:00,odds_api,401860896,UTSA Roadrunners,Colorado State Rams,betmgm,-14.0,,56.5,,-600.0,450.0,2026-09-26T16:00:00Z,-110.0,-112.0
2026-09-25T19:03:52.858377-04:00,odds_api,401860896,UTSA Roadrunners,Colorado State Rams,betus,-14.0,,57.0,,-565.0,435.0,2026-09-26T16:00:00Z,-110.0,-115.0
2026-09-25T19:03:52.858377-04:00,odds_api,401860896,UTSA Roadrunners,Colorado State Rams,bovada,-14.0,,56.5,,-625.0,430.0,2026-09-26T16:00:00Z,-110.0,-115.0
2026-09-25T19:03:52.858377-04:00,odds_api,401858465,Ohio State Buckeyes,Illinois Fighting Illini,fanduel,-27.5,,54.5,,-4500.0,1600.0,2026-09-26T16:00:00Z,-105.0,-105.0
2026-09-25T19:03:52.858377-04:00,odds_api,401858465,Ohio State Buckeyes,Illinois Fighting Illini,draftkings,-26.5,,53.5,,-4000.0,1600.0,2026-09-26T16:00:00Z,-110.0,-115.0
2026-09-25T19:03:52.858377-04:00,odds_api,401858465,Ohio State Buckeyes,Illinois Fighting Illini,betrivers,-27.5,,53.5,,-10000.0,1600.0,2026-09-26T16:00:00Z,-110.0,-113.0
2026-09-25T19:03:52.858377-04:00,odds_api,401858465,Ohio State Buckeyes,Illinois Fighting Illini,betmgm,-26.5,,54.5,,-5000.0,1900.0,2026-09-26T16:00:00Z,-112.0,-105.0
2026-09-25T19:03:52.858377-04:00,odds_api,401858465,Ohio State Buckeyes,Illinois Fighting Illini,mybookieag,-26.0,,54.0,,-5049.0,1290.0,2026-09-26T16:00:00Z,-110.0,-110.0
2026-09-25T19:03:52.858377-04:00,odds_api,401858465,Ohio State Buckeyes,Illinois Fighting Illini,betonlineag,-25.5,,54.5,,-5000.0,1550.0,2026-09-26T16:00:00Z,-110.0,-113.0
2026-09-25T19:03:52.858377-04:00,odds_api,401858465,Ohio State Buckeyes,Illinois Fighting Illini,lowvig,-25.5,,54.5,,-5000.0,1550.0,2026-09-26T16:00:00Z,-106.0,-112.0
2026-09-25T19:03:52.858377-04:00,odds_api,401858465,Ohio State Buckeyes,Illinois Fighting Illini,betus,-26.0,,54.0,,,,2026-09-26T16:00:00Z,-110.0,-110.0
2026-09-25T19:03:52.858377-04:00,odds_api,401858465,Ohio State Buckeyes,Illinois Fighting Illini,bovada,-26.5,,54.0,,-5000.0,1300.0,2026-09-26T16:00:00Z,-115.0,-105.0
2026-09-25T19:03:52.858377-04:00,odds_api,401858243,Louisville Cardinals,Wake Forest Demon Deacons,draftkings,-12.5,,57.5,,-535.0,400.0,2026-09-26T16:00:00Z,-115.0,-108.0
2026-09-25T19:03:52.858377-04:00,odds_api,401858243,Louisville Cardinals,Wake Forest Demon Deacons,mybookieag,-13.0,,57.0,,-526.0,380.0,2026-09-26T16:00:00Z,-110.0,-110.0
2026-09-25T19:03:52.858377-04:00,odds_api,401858243,Louisville Cardinals,Wake Forest Demon Deacons,betrivers,-13.5,,57.0,,-625.0,420.0,2026-09-26T16:00:00Z,-110.0,-112.0
2026-09-25T19:03:52.858377-04:00,odds_api,401858243,Louisville Cardinals,Wake Forest Demon Deacons,fanduel,-12.5,,57.5,,-520.0,385.0,2026-09-26T16:00:00Z,-110.0,-110.0
2026-09-25T19:03:52.858377-04:00,odds_api,401858243,Louisville Cardinals,Wake Forest Demon Deacons,betonlineag,-13.0,,57.0,,-515.0,393.0,2026-09-26T16:00:00Z,-110.0,-115.0
2026-09-25T19:03:52.858377-04:00,odds_api,401858243,Louisville Cardinals,Wake Forest Demon Deacons,lowvig,-13.0,,57.0,,-515.0,393.0,2026-09-26T16:00:00Z,-106.0,-114.0
2026-09-25T19:03:52.858377-04:00,odds_api,401858243,Louisville Cardinals,Wake Forest Demon Deacons,betus,-12.0,,57.0,,-515.0,400.0,2026-09-26T16:00:00Z,-110.0,-110.0
2026-09-25T19:03:52.858377-04:00,odds_api,401858243,Louisville Cardinals,Wake Forest Demon Deacons,betmgm,-13.0,,57.5,,-525.0,400.0,2026-09-26T16:00:00Z,-108.0,-108.0
2026-09-25T19:03:52.858377-04:00,odds_api,401858243,Louisville Cardinals,Wake Forest Demon Deacons,bovada,-13.0,,57.0,,-550.0,390.0,2026-09-26T16:00:00Z,-105.0,-110.0
2026-09-25T19:03:52.858377-04:00,odds_api,401856805,Texas Tech Red Raiders,Sam Houston State Bearkats,fanduel,-34.5,,56.5,,-30000.0,4000.0,2026-09-26T16:00:00Z,-110.0,-106.0
2026-09-25T19:03:52.858377-04:00,odds_api,401856805,Texas Tech Red Raiders,Sam Houston State Bearkats,betrivers,-34.5,,55.5,,,,2026-09-26T16:00:00Z,-112.0,-113.0
2026-09-25T19:03:52.858377-04:00,odds_api,401856805,Texas Tech Red Raiders,Sam Houston State Bearkats,draftkings,-34.5,,55.5,,,,2026-09-26T16:00:00Z,-108.0,-115.0
2026-09-25T19:03:52.858377-04:00,odds_api,401856805,Texas Tech Red Raiders,Sam Houston State Bearkats,betonlineag,-34.5,,56.5,,,,2026-09-26T16:00:00Z,-110.0,-108.0
2026-09-25T19:03:52.858377-04:00,odds_api,401856805,Texas Tech Red Raiders,Sam Houston State Bearkats,lowvig,-34.5,,56.5,,,,2026-09-26T16:00:00Z,-106.0,-106.0
2026-09-25T19:03:52.858377-04:00,odds_api,401856805,Texas Tech Red Raiders,Sam Houston State Bearkats,betus,-34.5,,56.0,,,,2026-09-26T16:00:00Z,-110.0,-110.0
2026-09-25T19:03:52.858377-04:00,odds_api,401856805,Texas Tech Red Raiders,Sam Houston State Bearkats,betmgm,-34.5,,56.5,,-25000.0,4500.0,2026-09-26T16:00:00Z,-108.0,-105.0
2026-09-25T19:03:52.858377-04:00,odds_api,401856805,Texas Tech Red Raiders,Sam Houston State Bearkats,bovada,-34.5,,56.0,,,,2026-09-26T16:00:00Z,-115.0,-110.0
2026-09-25T19:03:52.858377-04:00,odds_api,401860893,Toledo Rockets,San Diego State Aztecs,fanduel,-2.5,,51.5,,-146.0,122.0,2026-09-26T16:00:00Z,-122.0,-105.0
2026-09-25T19:03:52.858377-04:00,odds_api,401860893,Toledo Rockets,San Diego State Aztecs,mybookieag,-3.0,,51.5,,-147.0,120.0,2026-09-26T16:00:00Z,-110.0,-110.0
2026-09-25T19:03:52.858377-04:00,odds_api,401860893,Toledo Rockets,San Diego State Aztecs,betrivers,-2.5,,51.5,,-136.0,110.0,2026-09-26T16:00:00Z,-110.0,-113.0
2026-09-25T19:03:52.858377-04:00,odds_api,401860893,Toledo Rockets,San Diego State Aztecs,draftkings,-3.0,,51.5,,-148.0,124.0,2026-09-26T16:00:00Z,-108.0,-112.0
2026-09-25T19:03:52.858377-04:00,odds_api,401860893,Toledo Rockets,San Diego State Aztecs,lowvig,-3.0,,51.5,,-150.0,130.0,2026-09-26T16:00:00Z,101.0,-108.0
2026-09-25T19:03:52.858377-04:00,odds_api,401860893,Toledo Rockets,San Diego State Aztecs,betonlineag,-3.0,,51.5,,-150.0,130.0,2026-09-26T16:00:00Z,-110.0,-110.0
2026-09-25T19:03:52.858377-04:00,odds_api,401860893,Toledo Rockets,San Diego State Aztecs,betus,-3.0,,51.5,,-150.0,129.0,2026-09-26T16:00:00Z,-110.0,-110.0
2026-09-25T19:03:52.858377-04:00,odds_api,401860893,Toledo Rockets,San Diego State Aztecs,betmgm,-3.0,,51.5,,-145.0,120.0,2026-09-26T16:00:00Z,-105.0,-108.0
2026-09-25T19:03:52.858377-04:00,odds_api,401860893,Toledo Rockets,San Diego State Aztecs,bovada,-2.5,,51.5,,-140.0,120.0,2026-09-26T16:00:00Z,-115.0,-110.0
2026-09-25T19:03:52.858377-04:00,odds_api,401856704,Tennessee Volunteers,Texas Longhorns,draftkings,4.5,,54.5,,164.0,-198.0,2026-09-26T16:00:00Z,-105.0,-112.0
2026-09-25T19:03:52.858377-04:00,odds_api,401856704,Tennessee Volunteers,Texas Longhorns,mybookieag,5.0,,55.0,,176.0,-220.0,2026-09-26T16:00:00Z,-110.0,-110.0
2026-09-25T19:03:52.858377-04:00,odds_api,401856704,Tennessee Volunteers,Texas Longhorns,fanduel,4.5,,54.5,,164.0,-200.0,2026-09-26T16:00:00Z,-106.0,-112.0
2026-09-25T19:03:52.858377-04:00,odds_api,401856704,Tennessee Volunteers,Texas Longhorns,betrivers,5.0,,55.0,,160.0,-200.0,2026-09-26T16:00:00Z,-113.0,-109.0
2026-09-25T19:03:52.858377-04:00,odds_api,401856704,Tennessee Volunteers,Texas Longhorns,lowvig,4.5,,54.5,,177.0,-205.0,2026-09-26T16:00:00Z,-106.0,-108.0
2026-09-25T19:03:52.858377-04:00,odds_api,401856704,Tennessee Volunteers,Texas Longhorns,betonlineag,4.5,,54.5,,177.0,-205.0,2026-09-26T16:00:00Z,-110.0,-110.0
2026-09-25T19:03:52.858377-04:00,odds_api,401856704,Tennessee Volunteers,Texas Longhorns,betus,4.5,,54.5,,170.0,-200.0,2026-09-26T16:00:00Z,-110.0,-110.0
2026-09-25T19:03:52.858377-04:00,odds_api,401856704,Tennessee Volunteers,Texas Longhorns,betmgm,5.0,,54.5,,170.0,-210.0,2026-09-26T16:00:00Z,-110.0,-112.0
2026-09-25T19:03:52.858377-04:00,odds_api,401856704,Tennessee Volunteers,Texas Longhorns,bovada,5.0,,55.0,,170.0,-200.0,2026-09-26T16:00:00Z,-115.0,-110.0
2026-09-25T19:03:52.858377-04:00,odds_api,401864576,Kentucky Wildcats,South Alabama Jaguars,fanduel,-20.5,,54.5,,-1800.0,920.0,2026-09-26T16:45:00Z,-110.0,-110.0
2026-09-25T19:03:52.858377-04:00,odds_api,401864576,Kentucky Wildcats,South Alabama Jaguars,mybookieag,-20.5,,54.0,,-1442.0,799.0,2026-09-26T16:45:00Z,-110.0,-110.0
2026-09-25T19:03:52.858377-04:00,odds_api,401864576,Kentucky Wildcats,South Alabama Jaguars,betrivers,-20.5,,54.0,,-2000.0,900.0,2026-09-26T16:45:00Z,-114.0,-113.0
2026-09-25T19:03:52.858377-04:00,odds_api,401864576,Kentucky Wildcats,South Alabama Jaguars,draftkings,-20.5,,53.5,,-1600.0,900.0,2026-09-26T16:45:00Z,-110.0,-115.0
2026-09-25T19:03:52.858377-04:00,odds_api,401864576,Kentucky Wildcats,South Alabama Jaguars,lowvig,-20.5,,53.5,,-1500.0,874.0,2026-09-26T16:45:00Z,-106.0,-108.0
2026-09-25T19:03:52.858377-04:00,odds_api,401864576,Kentucky Wildcats,South Alabama Jaguars,betonlineag,-20.5,,53.5,,-1500.0,874.0,2026-09-26T16:45:00Z,-110.0,-110.0
2026-09-25T19:03:52.858377-04:00,odds_api,401864576,Kentucky Wildcats,South Alabama Jaguars,betus,-20.5,,53.5,,-1500.0,850.0,2026-09-26T16:45:00Z,-110.0,-110.0
2026-09-25T19:03:52.858377-04:00,odds_api,401864576,Kentucky Wildcats,South Alabama Jaguars,betmgm,-20.5,,53.5,,-1400.0,900.0,2026-09-26T16:45:00Z,-108.0,-112.0
2026-09-25T19:03:52.858377-04:00,odds_api,401864576,Kentucky Wildcats,South Alabama Jaguars,bovada,-20.5,,54.0,,-1500.0,775.0,2026-09-26T16:45:00Z,-110.0,-110.0
2026-09-25T19:03:52.858377-04:00,odds_api,401866427,Eastern Michigan Eagles,Lindenwood Lions,fanduel,-26.5,,50.5,,-4500.0,1600.0,2026-09-26T17:00:00Z,-110.0,-110.0
2026-09-25T19:03:52.858377-04:00,odds_api,401866427,Eastern Michigan Eagles,Lindenwood Lions,betrivers,-26.5,,50.5,,,,2026-09-26T17:00:00Z,-113.0,-114.0
2026-09-25T19:03:52.858377-04:00,odds_api,401866427,Eastern Michigan Eagles,Lindenwood Lions,draftkings,-25.5,,51.5,,-2400.0,1200.0,2026-09-26T17:00:00Z,-110.0,-105.0
2026-09-25T19:03:52.858377-04:00,odds_api,401866427,Eastern Michigan Eagles,Lindenwood Lions,lowvig,-25.5,,50.5,,,,2026-09-26T17:00:00Z,-111.0,-120.0
2026-09-25T19:03:52.858377-04:00,odds_api,401866427,Eastern Michigan Eagles,Lindenwood Lions,betonlineag,-25.5,,50.5,,,,2026-09-26T17:00:00Z,-115.0,-120.0
2026-09-25T19:03:52.858377-04:00,odds_api,401858462,Maryland Terrapins,UCLA Bruins,draftkings,1.5,,56.5,,100.0,-120.0,2026-09-26T17:30:00Z,-110.0,-110.0
2026-09-25T19:03:52.858377-04:00,odds_api,401858462,Maryland Terrapins,UCLA Bruins,fanduel,1.5,,56.5,,104.0,-125.0,2026-09-26T17:30:00Z,-106.0,-110.0
2026-09-25T19:03:52.858377-04:00,odds_api,401858462,Maryland Terrapins,UCLA Bruins,betrivers,1.5,,57.0,,104.0,-129.0,2026-09-26T17:30:00Z,-109.0,-113.0
2026-09-25T19:03:52.858377-04:00,odds_api,401858462,Maryland Terrapins,UCLA Bruins,mybookieag,1.5,,56.5,,-102.0,-120.0,2026-09-26T17:30:00Z,-110.0,-110.0
2026-09-25T19:03:52.858377-04:00,odds_api,401858462,Maryland Terrapins,UCLA Bruins,betonlineag,1.5,,57.0,,100.0,-120.0,2026-09-26T17:30:00Z,-110.0,-105.0
2026-09-25T19:03:52.858377-04:00,odds_api,401858462,Maryland Terrapins,UCLA Bruins,lowvig,1.5,,57.0,,100.0,-120.0,2026-09-26T17:30:00Z,-106.0,-103.0
2026-09-25T19:03:52.858377-04:00,odds_api,401858462,Maryland Terrapins,UCLA Bruins,betus,1.5,,56.0,,100.0,-120.0,2026-09-26T17:30:00Z,-110.0,-110.0
2026-09-25T19:03:52.858377-04:00,odds_api,401858462,Maryland Terrapins,UCLA Bruins,betmgm,1.5,,56.5,,100.0,-120.0,2026-09-26T17:30:00Z,-110.0,-108.0
2026-09-25T19:03:52.858377-04:00,odds_api,401858462,Maryland Terrapins,UCLA Bruins,bovada,1.5,,56.5,,100.0,-120.0,2026-09-26T17:30:00Z,-110.0,-115.0
2026-09-25T19:03:52.858377-04:00,odds_api,401864511,Georgia State Panthers,Northern Illinois Huskies,fanduel,-10.5,,55.5,,-420.0,320.0,2026-09-26T18:00:00Z,-110.0,-115.0
2026-09-25T19:03:52.858377-04:00,odds_api,401864511,Georgia State Panthers,Northern Illinois Huskies,mybookieag,-10.5,,56.0,,-403.0,309.0,2026-09-26T18:00:00Z,-110.0,-110.0
2026-09-25T19:03:52.858377-04:00,odds_api,401864511,Georgia State Panthers,Northern Illinois Huskies,betrivers,-10.5,,56.5,,-530.0,370.0,2026-09-26T18:00:00Z,-107.0,-110.0
2026-09-25T19:03:52.858377-04:00,odds_api,401864511,Georgia State Panthers,Northern Illinois Huskies,draftkings,-10.5,,56.5,,-395.0,310.0,2026-09-26T18:00:00Z,-108.0,-110.0
2026-09-25T19:03:52.858377-04:00,odds_api,401864511,Georgia State Panthers,Northern Illinois Huskies,lowvig,-10.5,,56.0,,-400.0,316.0,2026-09-26T18:00:00Z,-104.0,-114.0
2026-09-25T19:03:52.858377-04:00,odds_api,401864511,Georgia State Panthers,Northern Illinois Huskies,betonlineag,-10.5,,56.0,,-400.0,316.0,2026-09-26T18:00:00Z,-108.0,-115.0
2026-09-25T19:03:52.858377-04:00,odds_api,401864511,Georgia State Panthers,Northern Illinois Huskies,betmgm,-10.5,,56.5,,-400.0,310.0,2026-09-26T18:00:00Z,-108.0,-108.0
2026-09-25T19:03:52.858377-04:00,odds_api,401864511,Georgia State Panthers,Northern Illinois Huskies,betus,-10.5,,56.0,,-400.0,320.0,2026-09-26T18:00:00Z,-110.0,-115.0
2026-09-25T19:03:52.858377-04:00,odds_api,401864511,Georgia State Panthers,Northern Illinois Huskies,bovada,-10.0,,56.5,,-415.0,310.0,2026-09-26T18:00:00Z,-115.0,-110.0
2026-09-25T19:03:52.858377-04:00,odds_api,401858467,Purdue Boilermakers,Notre Dame Fighting Irish,fanduel,27.5,,57.5,,1600.0,-4500.0,2026-09-26T18:00:00Z,-104.0,-110.0
2026-09-25T19:03:52.858377-04:00,odds_api,401858467,Purdue Boilermakers,Notre Dame Fighting Irish,draftkings,27.5,,57.5,,1700.0,-4500.0,2026-09-26T18:00:00Z,-108.0,-105.0
2026-09-25T19:03:52.858377-04:00,odds_api,401858467,Purdue Boilermakers,Notre Dame Fighting Irish,mybookieag,27.5,,57.0,,1355.0,-5049.0,2026-09-26T18:00:00Z,-110.0,-110.0
2026-09-25T19:03:52.858377-04:00,odds_api,401858467,Purdue Boilermakers,Notre Dame Fighting Irish,betrivers,27.5,,58.0,,1600.0,-10000.0,2026-09-26T18:00:00Z,-112.0,-112.0
2026-09-25T19:03:52.858377-04:00,odds_api,401858467,Purdue Boilermakers,Notre Dame Fighting Irish,betonlineag,27.0,,58.0,,1592.0,-6000.0,2026-09-26T18:00:00Z,-110.0,105.0
2026-09-25T19:03:52.858377-04:00,odds_api,401858467,Purdue Boilermakers,Notre Dame Fighting Irish,lowvig,27.0,,58.0,,1592.0,-6000.0,2026-09-26T18:00:00Z,-106.0,106.0
2026-09-25T19:03:52.858377-04:00,odds_api,401858467,Purdue Boilermakers,Notre Dame Fighting Irish,betmgm,27.5,,57.5,,1900.0,-5000.0,2026-09-26T18:00:00Z,-110.0,-110.0
2026-09-25T19:03:52.858377-04:00,odds_api,401858467,Purdue Boilermakers,Notre Dame Fighting Irish,betus,27.0,,57.5,,,,2026-09-26T18:00:00Z,-110.0,-110.0
2026-09-25T19:03:52.858377-04:00,odds_api,401858467,Purdue Boilermakers,Notre Dame Fighting Irish,bovada,28.0,,57.0,,1300.0,-6500.0,2026-09-26T18:00:00Z,-120.0,-115.0
2026-09-25T19:03:52.858377-04:00,odds_api,401858237,Florida State Seminoles,Central Arkansas Bears,fanduel,-46.5,,63.5,,,,2026-09-26T19:00:00Z,-115.0,-110.0
2026-09-25T19:03:52.858377-04:00,odds_api,401858237,Florida State Seminoles,Central Arkansas Bears,betrivers,-45.5,,62.0,,,,2026-09-26T19:00:00Z,-114.0,-109.0
2026-09-25T19:03:52.858377-04:00,odds_api,401858237,Florida State Seminoles,Central Arkansas Bears,draftkings,-45.5,,63.5,,,,2026-09-26T19:00:00Z,-115.0,-105.0
2026-09-25T19:03:52.858377-04:00,odds_api,401858237,Florida State Seminoles,Central Arkansas Bears,lowvig,-45.5,,62.5,,,,2026-09-26T19:00:00Z,-115.0,-125.0
2026-09-25T19:03:52.858377-04:00,odds_api,401858237,Florida State Seminoles,Central Arkansas Bears,betonlineag,-45.5,,62.5,,,,2026-09-26T19:00:00Z,-115.0,-125.0
2026-09-25T19:03:52.858377-04:00,odds_api,401860897,Western Michigan Broncos,Boise State Broncos,draftkings,7.5,,49.5,,230.0,-285.0,2026-09-26T19:30:00Z,-118.0,-110.0
2026-09-25T19:03:52.858377-04:00,odds_api,401860897,Western Michigan Broncos,Boise State Broncos,fanduel,7.5,,49.5,,235.0,-295.0,2026-09-26T19:30:00Z,-120.0,-115.0
2026-09-25T19:03:52.858377-04:00,odds_api,401860897,Western Michigan Broncos,Boise State Broncos,mybookieag,7.0,,50.0,,244.0,-319.0,2026-09-26T19:30:00Z,-110.0,-110.0
2026-09-25T19:03:52.858377-04:00,odds_api,401860897,Western Michigan Broncos,Boise State Broncos,betrivers,7.0,,50.5,,220.0,-286.0,2026-09-26T19:30:00Z,-108.0,-120.0
2026-09-25T19:03:52.858377-04:00,odds_api,401860897,Western Michigan Broncos,Boise State Broncos,lowvig,7.0,,49.5,,237.0,-290.0,2026-09-26T19:30:00Z,-101.0,-114.0
2026-09-25T19:03:52.858377-04:00,odds_api,401860897,Western Michigan Broncos,Boise State Broncos,betonlineag,7.0,,49.5,,237.0,-290.0,2026-09-26T19:30:00Z,-105.0,-115.0
2026-09-25T19:03:52.858377-04:00,odds_api,401860897,Western Michigan Broncos,Boise State Broncos,betmgm,7.0,,49.5,,230.0,-285.0,2026-09-26T19:30:00Z,-105.0,-112.0
2026-09-25T19:03:52.858377-04:00,odds_api,401860897,Western Michigan Broncos,Boise State Broncos,betus,7.5,,49.5,,240.0,-290.0,2026-09-26T19:30:00Z,-115.0,-115.0
2026-09-25T19:03:52.858377-04:00,odds_api,401860897,Western Michigan Broncos,Boise State Broncos,bovada,7.5,,50.0,,240.0,-290.0,2026-09-26T19:30:00Z,-115.0,-110.0
2026-09-25T19:03:52.858377-04:00,odds_api,401866426,Buffalo Bulls,Robert Morris Colonials,fanduel,-28.5,,46.5,,-7000.0,2000.0,2026-09-26T19:30:00Z,-114.0,-108.0
2026-09-25T19:03:52.858377-04:00,odds_api,401866426,Buffalo Bulls,Robert Morris Colonials,betrivers,-28.0,,45.5,,,,2026-09-26T19:30:00Z,-124.0,-103.0
2026-09-25T19:03:52.858377-04:00,odds_api,401866426,Buffalo Bulls,Robert Morris Colonials,draftkings,-28.5,,46.5,,-5000.0,1800.0,2026-09-26T19:30:00Z,-110.0,-112.0
2026-09-25T19:03:52.858377-04:00,odds_api,401866426,Buffalo Bulls,Robert Morris Colonials,lowvig,-28.5,,45.5,,,,2026-09-26T19:30:00Z,-115.0,-125.0
2026-09-25T19:03:52.858377-04:00,odds_api,401866426,Buffalo Bulls,Robert Morris Colonials,betonlineag,-28.5,,45.5,,,,2026-09-26T19:30:00Z,-115.0,-125.0
2026-09-25T19:03:52.858377-04:00,odds_api,401858244,Duke Blue Devils,William and Mary Tribe,fanduel,-43.5,,62.5,,,,2026-09-26T19:30:00Z,-110.0,-110.0
2026-09-25T19:03:52.858377-04:00,odds_api,401858244,Duke Blue Devils,William and Mary Tribe,betrivers,-43.5,,62.5,,,,2026-09-26T19:30:00Z,-113.0,-109.0
2026-09-25T19:03:52.858377-04:00,odds_api,401858244,Duke Blue Devils,William and Mary Tribe,draftkings,-43.5,,62.5,,,,2026-09-26T19:30:00Z,-115.0,-108.0
2026-09-25T19:03:52.858377-04:00,odds_api,401858244,Duke Blue Devils,William and Mary Tribe,lowvig,-43.5,,62.5,,,,2026-09-26T19:30:00Z,-120.0,-120.0
2026-09-25T19:03:52.858377-04:00,odds_api,401858244,Duke Blue Devils,William and Mary Tribe,betonlineag,-43.5,,62.5,,,,2026-09-26T19:30:00Z,-120.0,-120.0
2026-09-25T19:03:52.858377-04:00,odds_api,401856699,Florida Gators,Ole Miss Rebels,draftkings,-3.5,,59.5,,-162.0,136.0,2026-09-26T19:30:00Z,-105.0,-102.0
2026-09-25T19:03:52.858377-04:00,odds_api,401856699,Florida Gators,Ole Miss Rebels,fanduel,-3.5,,58.5,,-170.0,140.0,2026-09-26T19:30:00Z,-104.0,-115.0
2026-09-25T19:03:52.858377-04:00,odds_api,401856699,Florida Gators,Ole Miss Rebels,mybookieag,-3.5,,59.0,,-169.0,137.0,2026-09-26T19:30:00Z,100.0,-110.0
2026-09-25T19:03:52.858377-04:00,odds_api,401856699,Florida Gators,Ole Miss Rebels,betmgm,-3.5,,58.5,,-165.0,140.0,2026-09-26T19:30:00Z,-105.0,-112.0
2026-09-25T19:03:52.858377-04:00,odds_api,401856699,Florida Gators,Ole Miss Rebels,betrivers,-3.5,,59.0,,-182.0,145.0,2026-09-26T19:30:00Z,-108.0,-112.0
2026-09-25T19:03:52.858377-04:00,odds_api,401856699,Florida Gators,Ole Miss Rebels,betonlineag,-3.5,,59.0,,-165.0,145.0,2026-09-26T19:30:00Z,-105.0,-105.0
2026-09-25T19:03:52.858377-04:00,odds_api,401856699,Florida Gators,Ole Miss Rebels,betus,-3.5,,59.5,,-165.0,142.0,2026-09-26T19:30:00Z,-105.0,-105.0
2026-09-25T19:03:52.858377-04:00,odds_api,401856699,Florida Gators,Ole Miss Rebels,bovada,-3.5,,59.0,,-170.0,145.0,2026-09-26T19:30:00Z,-105.0,-110.0
2026-09-25T19:03:52.858377-04:00,odds_api,401868188,Marshall Thundering Herd,Gardner-Webb Runnin Bulldogs,fanduel,-23.5,,51.5,,-3500.0,1280.0,2026-09-26T19:30:00Z,-110.0,-110.0
2026-09-25T19:03:52.858377-04:00,odds_api,401868188,Marshall Thundering Herd,Gardner-Webb Runnin Bulldogs,betrivers,-23.5,,52.5,,-10000.0,1200.0,2026-09-26T19:30:00Z,-110.0,-110.0
2026-09-25T19:03:52.858377-04:00,odds_api,401868188,Marshall Thundering Herd,Gardner-Webb Runnin Bulldogs,draftkings,-23.5,,52.5,,-1650.0,950.0,2026-09-26T19:30:00Z,-110.0,-105.0
2026-09-25T19:03:52.858377-04:00,odds_api,401868188,Marshall Thundering Herd,Gardner-Webb Runnin Bulldogs,lowvig,-24.0,,51.5,,,,2026-09-26T19:30:00Z,-110.0,-120.0
2026-09-25T19:03:52.858377-04:00,odds_api,401868188,Marshall Thundering Herd,Gardner-Webb Runnin Bulldogs,betonlineag,-24.0,,51.5,,,,2026-09-26T19:30:00Z,-110.0,-120.0
2026-09-25T19:03:52.858377-04:00,odds_api,401856700,Georgia Bulldogs,Oklahoma Sooners,draftkings,-13.5,,43.5,,-575.0,425.0,2026-09-26T19:30:00Z,-112.0,-118.0
2026-09-25T19:03:52.858377-04:00,odds_api,401856700,Georgia Bulldogs,Oklahoma Sooners,mybookieag,-13.5,,44.0,,-645.0,439.0,2026-09-26T19:30:00Z,-110.0,-110.0
2026-09-25T19:03:52.858377-04:00,odds_api,401856700,Georgia Bulldogs,Oklahoma Sooners,fanduel,-13.5,,44.5,,-610.0,440.0,2026-09-26T19:30:00Z,-110.0,-102.0
2026-09-25T19:03:52.858377-04:00,odds_api,401856700,Georgia Bulldogs,Oklahoma Sooners,betrivers,-14.0,,44.0,,-670.0,450.0,2026-09-26T19:30:00Z,-108.0,-113.0
2026-09-25T19:03:52.858377-04:00,odds_api,401856700,Georgia Bulldogs,Oklahoma Sooners,betmgm,-13.5,,43.5,,-550.0,425.0,2026-09-26T19:30:00Z,-110.0,-118.0
2026-09-25T19:03:52.858377-04:00,odds_api,401856700,Georgia Bulldogs,Oklahoma Sooners,betonlineag,-13.5,,44.5,,-550.0,415.0,2026-09-26T19:30:00Z,-112.0,-105.0
2026-09-25T19:03:52.858377-04:00,odds_api,401856700,Georgia Bulldogs,Oklahoma Sooners,lowvig,-13.5,,44.5,,-550.0,415.0,2026-09-26T19:30:00Z,-108.0,-103.0
2026-09-25T19:03:52.858377-04:00,odds_api,401856700,Georgia Bulldogs,Oklahoma Sooners,betus,-13.0,,44.0,,-550.0,425.0,2026-09-26T19:30:00Z,-110.0,-110.0
2026-09-25T19:03:52.858377-04:00,odds_api,401856700,Georgia Bulldogs,Oklahoma Sooners,bovada,-13.5,,44.0,,-600.0,425.0,2026-09-26T19:30:00Z,-115.0,-110.0
2026-09-25T19:03:52.858377-04:00,odds_api,401858463,Michigan Wolverines,Iowa Hawkeyes,draftkings,-5.5,,38.5,,-218.0,180.0,2026-09-26T19:30:00Z,-110.0,-108.0
2026-09-25T19:03:52.858377-04:00,odds_api,401858463,Michigan Wolverines,Iowa Hawkeyes,fanduel,-5.5,,38.5,,-210.0,172.0,2026-09-26T19:30:00Z,-108.0,-110.0
2026-09-25T19:03:52.858377-04:00,odds_api,401858463,Michigan Wolverines,Iowa Hawkeyes,mybookieag,-5.0,,38.5,,-226.0,181.0,2026-09-26T19:30:00Z,-110.0,-110.0
2026-09-25T19:03:52.858377-04:00,odds_api,401858463,Michigan Wolverines,Iowa Hawkeyes,betrivers,-5.5,,38.5,,-220.0,175.0,2026-09-26T19:30:00Z,-113.0,-112.0
2026-09-25T19:03:52.858377-04:00,odds_api,401858463,Michigan Wolverines,Iowa Hawkeyes,betonlineag,-5.5,,38.5,,-220.0,186.0,2026-09-26T19:30:00Z,-109.0,-110.0
2026-09-25T19:03:52.858377-04:00,odds_api,401858463,Michigan Wolverines,Iowa Hawkeyes,lowvig,-5.5,,38.5,,-220.0,186.0,2026-09-26T19:30:00Z,-105.0,-108.0
2026-09-25T19:03:52.858377-04:00,odds_api,401858463,Michigan Wolverines,Iowa Hawkeyes,betmgm,-5.5,,38.5,,-220.0,180.0,2026-09-26T19:30:00Z,-108.0,-108.0
2026-09-25T19:03:52.858377-04:00,odds_api,401858463,Michigan Wolverines,Iowa Hawkeyes,betus,-5.5,,38.5,,-220.0,185.0,2026-09-26T19:30:00Z,-110.0,-110.0
2026-09-25T19:03:52.858377-04:00,odds_api,401858463,Michigan Wolverines,Iowa Hawkeyes,bovada,-5.5,,38.0,,-220.0,180.0,2026-09-26T19:30:00Z,-105.0,-115.0
2026-09-25T19:03:52.858377-04:00,odds_api,401856816,Iowa State Cyclones,Utah Utes,draftkings,7.5,,47.5,,260.0,-325.0,2026-09-26T19:30:00Z,-112.0,-110.0
2026-09-25T19:03:52.858377-04:00,odds_api,401856816,Iowa State Cyclones,Utah Utes,mybookieag,8.0,,47.5,,265.0,-350.0,2026-09-26T19:30:00Z,-110.0,-110.0
2026-09-25T19:03:52.858377-04:00,odds_api,401856816,Iowa State Cyclones,Utah Utes,fanduel,8.5,,47.5,,260.0,-330.0,2026-09-26T19:30:00Z,-115.0,-114.0
2026-09-25T19:03:52.858377-04:00,odds_api,401856816,Iowa State Cyclones,Utah Utes,betrivers,8.0,,48.0,,260.0,-345.0,2026-09-26T19:30:00Z,-114.0,-110.0
2026-09-25T19:03:52.858377-04:00,odds_api,401856816,Iowa State Cyclones,Utah Utes,betonlineag,8.0,,48.0,,270.0,-335.0,2026-09-26T19:30:00Z,-115.0,-105.0
2026-09-25T19:03:52.858377-04:00,odds_api,401856816,Iowa State Cyclones,Utah Utes,betus,7.5,,47.5,,272.0,-335.0,2026-09-26T19:30:00Z,-110.0,-110.0
2026-09-25T19:03:52.858377-04:00,odds_api,401856816,Iowa State Cyclones,Utah Utes,betmgm,8.0,,47.5,,270.0,-325.0,2026-09-26T19:30:00Z,-110.0,-110.0
2026-09-25T19:03:52.858377-04:00,odds_api,401856816,Iowa State Cyclones,Utah Utes,bovada,7.5,,47.5,,270.0,-340.0,2026-09-26T19:30:00Z,-110.0,-110.0
2026-09-25T19:03:52.858377-04:00,odds_api,401861970,Miami (OH) RedHawks,UConn Huskies,fanduel,-3.5,,51.5,,-170.0,140.0,2026-09-26T19:30:00Z,-105.0,-114.0
2026-09-25T19:03:52.858377-04:00,odds_api,401861970,Miami (OH) RedHawks,UConn Huskies,mybookieag,-3.5,,52.0,,-174.0,141.0,2026-09-26T19:30:00Z,-110.0,-110.0
2026-09-25T19:03:52.858377-04:00,odds_api,401861970,Miami (OH) RedHawks,UConn Huskies,betrivers,-3.5,,51.5,,-180.0,143.0,2026-09-26T19:30:00Z,-113.0,-118.0
2026-09-25T19:03:52.858377-04:00,odds_api,401861970,Miami (OH) RedHawks,UConn Huskies,draftkings,-3.5,,51.5,,-175.0,145.0,2026-09-26T19:30:00Z,-102.0,-115.0
2026-09-25T19:03:52.858377-04:00,odds_api,401861970,Miami (OH) RedHawks,UConn Huskies,betonlineag,-3.5,,51.5,,-170.0,149.0,2026-09-26T19:30:00Z,-103.0,-110.0
2026-09-25T19:03:52.858377-04:00,odds_api,401861970,Miami (OH) RedHawks,UConn Huskies,lowvig,-3.5,,51.5,,-170.0,149.0,2026-09-26T19:30:00Z,101.0,-108.0
2026-09-25T19:03:52.858377-04:00,odds_api,401861970,Miami (OH) RedHawks,UConn Huskies,betmgm,-3.5,,51.5,,-175.0,145.0,2026-09-26T19:30:00Z,100.0,-115.0
2026-09-25T19:03:52.858377-04:00,odds_api,401861970,Miami (OH) RedHawks,UConn Huskies,betus,-3.5,,51.5,,-170.0,146.0,2026-09-26T19:30:00Z,-105.0,-110.0
2026-09-25T19:03:52.858377-04:00,odds_api,401861970,Miami (OH) RedHawks,UConn Huskies,bovada,-3.5,,52.5,,-170.0,145.0,2026-09-26T19:30:00Z,-105.0,-110.0
2026-09-25T19:03:52.858377-04:00,odds_api,401864579,New Mexico State Aggies,New Mexico Lobos,fanduel,11.5,,48.5,,365.0,-490.0,2026-09-26T19:30:00Z,-110.0,-115.0
2026-09-25T19:03:52.858377-04:00,odds_api,401864579,New Mexico State Aggies,New Mexico Lobos,betrivers,11.5,,48.5,,400.0,-590.0,2026-09-26T19:30:00Z,-110.0,-110.0
2026-09-25T19:03:52.858377-04:00,odds_api,401864579,New Mexico State Aggies,New Mexico Lobos,mybookieag,11.5,,48.5,,370.0,-526.0,2026-09-26T19:30:00Z,-110.0,-110.0
2026-09-25T19:03:52.858377-04:00,odds_api,401864579,New Mexico State Aggies,New Mexico Lobos,draftkings,11.5,,48.5,,350.0,-455.0,2026-09-26T19:30:00Z,-110.0,-108.0
2026-09-25T19:03:52.858377-04:00,odds_api,401864579,New Mexico State Aggies,New Mexico Lobos,lowvig,11.5,,48.5,,358.0,-460.0,2026-09-26T19:30:00Z,-109.0,-103.0
2026-09-25T19:03:52.858377-04:00,odds_api,401864579,New Mexico State Aggies,New Mexico Lobos,betonlineag,11.5,,48.5,,358.0,-460.0,2026-09-26T19:30:00Z,-113.0,-105.0
2026-09-25T19:03:52.858377-04:00,odds_api,401864579,New Mexico State Aggies,New Mexico Lobos,betmgm,11.0,,48.5,,360.0,-475.0,2026-09-26T19:30:00Z,-108.0,-108.0
2026-09-25T19:03:52.858377-04:00,odds_api,401864579,New Mexico State Aggies,New Mexico Lobos,betus,11.5,,48.5,,360.0,-460.0,2026-09-26T19:30:00Z,-110.0,-105.0
2026-09-25T19:03:52.858377-04:00,odds_api,401864579,New Mexico State Aggies,New Mexico Lobos,bovada,11.0,,48.5,,355.0,-490.0,2026-09-26T19:30:00Z,-110.0,-110.0
2026-09-25T19:03:52.858377-04:00,odds_api,401866428,Ohio Bobcats,Stonehill Skyhawks,fanduel,-32.5,,53.5,,-30000.0,4000.0,2026-09-26T19:30:00Z,-110.0,-110.0
2026-09-25T19:03:52.858377-04:00,odds_api,401866428,Ohio Bobcats,Stonehill Skyhawks,betrivers,-33.5,,52.5,,,,2026-09-26T19:30:00Z,-120.0,-108.0
2026-09-25T19:03:52.858377-04:00,odds_api,401866428,Ohio Bobcats,Stonehill Skyhawks,draftkings,-33.5,,53.5,,-20000.0,3500.0,2026-09-26T19:30:00Z,-108.0,-110.0
2026-09-25T19:03:52.858377-04:00,odds_api,401866428,Ohio Bobcats,Stonehill Skyhawks,lowvig,-33.5,,53.5,,,,2026-09-26T19:30:00Z,-120.0,102.0
2026-09-25T19:03:52.858377-04:00,odds_api,401866428,Ohio Bobcats,Stonehill Skyhawks,betonlineag,-33.5,,53.5,,,,2026-09-26T19:30:00Z,-120.0,-110.0
2026-09-25T19:03:52.858377-04:00,odds_api,401856815,UCF Knights,TCU Horned Frogs,fanduel,3.5,,48.5,,130.0,-156.0,2026-09-26T19:30:00Z,-120.0,-110.0
2026-09-25T19:03:52.858377-04:00,odds_api,401856815,UCF Knights,TCU Horned Frogs,mybookieag,3.0,,48.5,,130.0,-160.0,2026-09-26T19:30:00Z,-110.0,-110.0
2026-09-25T19:03:52.858377-04:00,odds_api,401856815,UCF Knights,TCU Horned Frogs,betrivers,3.0,,48.5,,130.0,-162.0,2026-09-26T19:30:00Z,-107.0,-114.0
2026-09-25T19:03:52.858377-04:00,odds_api,401856815,UCF Knights,TCU Horned Frogs,draftkings,3.0,,48.5,,130.0,-155.0,2026-09-26T19:30:00Z,-108.0,-108.0
2026-09-25T19:03:52.858377-04:00,odds_api,401856815,UCF Knights,TCU Horned Frogs,betonlineag,3.0,,46.5,,135.0,-155.0,2026-09-26T19:30:00Z,-106.0,-130.0
2026-09-25T19:03:52.858377-04:00,odds_api,401856815,UCF Knights,TCU Horned Frogs,lowvig,3.0,,46.5,,135.0,-155.0,2026-09-26T19:30:00Z,-102.0,-130.0
2026-09-25T19:03:52.858377-04:00,odds_api,401856815,UCF Knights,TCU Horned Frogs,betus,3.0,,48.0,,134.0,-155.0,2026-09-26T19:30:00Z,-105.0,-110.0
2026-09-25T19:03:52.858377-04:00,odds_api,401856815,UCF Knights,TCU Horned Frogs,betmgm,3.0,,48.5,,130.0,-155.0,2026-09-26T19:30:00Z,-108.0,-105.0
2026-09-25T19:03:52.858377-04:00,odds_api,401856815,UCF Knights,TCU Horned Frogs,bovada,3.0,,48.5,,130.0,-150.0,2026-09-26T19:30:00Z,-110.0,-110.0
2026-09-25T19:03:52.858377-04:00,odds_api,401862781,East Carolina Pirates,North Carolina Central Eagles,fanduel,-35.5,,56.5,,-10000.0,2400.0,2026-09-26T20:00:00Z,-105.0,-110.0
2026-09-25T19:03:52.858377-04:00,odds_api,401862781,East Carolina Pirates,North Carolina Central Eagles,betrivers,-36.5,,56.5,,,,2026-09-26T20:00:00Z,-113.0,-104.0
2026-09-25T19:03:52.858377-04:00,odds_api,401862781,East Carolina Pirates,North Carolina Central Eagles,draftkings,-36.5,,56.5,,-20000.0,3500.0,2026-09-26T20:00:00Z,-112.0,-108.0
2026-09-25T19:03:52.858377-04:00,odds_api,401862781,East Carolina Pirates,North Carolina Central Eagles,lowvig,-36.5,,56.5,,,,2026-09-26T20:00:00Z,-125.0,-124.0
2026-09-25T19:03:52.858377-04:00,odds_api,401862781,East Carolina Pirates,North Carolina Central Eagles,betonlineag,-36.5,,56.5,,,,2026-09-26T20:00:00Z,-125.0,-125.0
2026-09-25T19:03:52.858377-04:00,odds_api,401856806,Georgia Southern Eagles,Houston Cougars,fanduel,17.5,,56.5,,680.0,-1100.0,2026-09-26T20:00:00Z,-104.0,-110.0
2026-09-25T19:03:52.858377-04:00,odds_api,401856806,Georgia Southern Eagles,Houston Cougars,mybookieag,17.5,,56.5,,613.0,-1009.0,2026-09-26T20:00:00Z,-110.0,-110.0
2026-09-25T19:03:52.858377-04:00,odds_api,401856806,Georgia Southern Eagles,Houston Cougars,draftkings,17.5,,56.5,,625.0,-950.0,2026-09-26T20:00:00Z,-112.0,-110.0
2026-09-25T19:03:52.858377-04:00,odds_api,401856806,Georgia Southern Eagles,Houston Cougars,betrivers,17.5,,56.5,,600.0,-1115.0,2026-09-26T20:00:00Z,-110.0,-109.0
2026-09-25T19:03:52.858377-04:00,odds_api,401856806,Georgia Southern Eagles,Houston Cougars,betonlineag,17.0,,56.5,,661.0,-1000.0,2026-09-26T20:00:00Z,100.0,-108.0
2026-09-25T19:03:52.858377-04:00,odds_api,401856806,Georgia Southern Eagles,Houston Cougars,lowvig,17.0,,56.5,,661.0,-1000.0,2026-09-26T20:00:00Z,104.0,-106.0
2026-09-25T19:03:52.858377-04:00,odds_api,401856806,Georgia Southern Eagles,Houston Cougars,betmgm,17.5,,56.5,,700.0,-1000.0,2026-09-26T20:00:00Z,-108.0,-110.0
2026-09-25T19:03:52.858377-04:00,odds_api,401856806,Georgia Southern Eagles,Houston Cougars,betus,17.0,,56.5,,650.0,-1000.0,2026-09-26T20:00:00Z,-110.0,-110.0
2026-09-25T19:03:52.858377-04:00,odds_api,401856806,Georgia Southern Eagles,Houston Cougars,bovada,17.0,,56.5,,625.0,-1000.0,2026-09-26T20:00:00Z,-105.0,-110.0
2026-09-25T19:03:52.858377-04:00,odds_api,401856698,Auburn Tigers,Vanderbilt Commodores,draftkings,-9.5,,55.5,,-375.0,295.0,2026-09-26T20:15:00Z,-115.0,-108.0
2026-09-25T19:03:52.858377-04:00,odds_api,401856698,Auburn Tigers,Vanderbilt Commodores,mybookieag,-9.5,,55.5,,-370.0,285.0,2026-09-26T20:15:00Z,-110.0,-110.0
2026-09-25T19:03:52.858377-04:00,odds_api,401856698,Auburn Tigers,Vanderbilt Commodores,fanduel,-9.5,,55.5,,-350.0,275.0,2026-09-26T20:15:00Z,-110.0,-105.0
2026-09-25T19:03:52.858377-04:00,odds_api,401856698,Auburn Tigers,Vanderbilt Commodores,betrivers,-9.5,,55.5,,-385.0,280.0,2026-09-26T20:15:00Z,-113.0,-109.0
2026-09-25T19:03:52.858377-04:00,odds_api,401856698,Auburn Tigers,Vanderbilt Commodores,lowvig,-9.5,,56.0,,-360.0,289.0,2026-09-26T20:15:00Z,-109.0,-108.0
2026-09-25T19:03:52.858377-04:00,odds_api,401856698,Auburn Tigers,Vanderbilt Commodores,betonlineag,-9.5,,56.0,,-360.0,289.0,2026-09-26T20:15:00Z,-113.0,-110.0
2026-09-25T19:03:52.858377-04:00,odds_api,401856698,Auburn Tigers,Vanderbilt Commodores,betus,-9.5,,56.0,,-360.0,290.0,2026-09-26T20:15:00Z,-110.0,-110.0
2026-09-25T19:03:52.858377-04:00,odds_api,401856698,Auburn Tigers,Vanderbilt Commodores,betmgm,-9.0,,55.5,,-350.0,280.0,2026-09-26T20:15:00Z,-118.0,-108.0
2026-09-25T19:03:52.858377-04:00,odds_api,401856698,Auburn Tigers,Vanderbilt Commodores,bovada,-9.5,,55.5,,-370.0,285.0,2026-09-26T20:15:00Z,-115.0,-105.0
2026-09-25T19:03:52.858377-04:00,odds_api,401862785,Bowling Green Falcons,South Florida Bulls,fanduel,17.5,,48.5,,640.0,-1000.0,2026-09-26T21:00:00Z,-110.0,-110.0
2026-09-25T19:03:52.858377-04:00,odds_api,401862785,Bowling Green Falcons,South Florida Bulls,mybookieag,17.5,,48.5,,610.0,-1000.0,2026-09-26T21:00:00Z,-110.0,-110.0
2026-09-25T19:03:52.858377-04:00,odds_api,401862785,Bowling Green Falcons,South Florida Bulls,betrivers,17.5,,48.5,,700.0,-1250.0,2026-09-26T21:00:00Z,-113.0,-118.0
2026-09-25T19:03:52.858377-04:00,odds_api,401862785,Bowling Green Falcons,South Florida Bulls,draftkings,17.5,,48.5,,650.0,-1000.0,2026-09-26T21:00:00Z,-110.0,-112.0
2026-09-25T19:03:52.858377-04:00,odds_api,401862785,Bowling Green Falcons,South Florida Bulls,lowvig,17.5,,48.0,,661.0,-1000.0,2026-09-26T21:00:00Z,-104.0,-108.0
2026-09-25T19:03:52.858377-04:00,odds_api,401862785,Bowling Green Falcons,South Florida Bulls,betonlineag,17.5,,48.0,,661.0,-1000.0,2026-09-26T21:00:00Z,-108.0,-110.0
2026-09-25T19:03:52.858377-04:00,odds_api,401862785,Bowling Green Falcons,South Florida Bulls,betus,17.5,,48.5,,630.0,-950.0,2026-09-26T21:00:00Z,-110.0,-110.0
2026-09-25T19:03:52.858377-04:00,odds_api,401862785,Bowling Green Falcons,South Florida Bulls,betmgm,17.5,,48.5,,650.0,-900.0,2026-09-26T21:00:00Z,-108.0,-108.0
2026-09-25T19:03:52.858377-04:00,odds_api,401862785,Bowling Green Falcons,South Florida Bulls,bovada,18.0,,49.0,,625.0,-1000.0,2026-09-26T21:00:00Z,-110.0,-110.0
2026-09-25T19:03:52.858377-04:00,odds_api,401858464,Michigan State Spartans,Nebraska Cornhuskers,draftkings,5.5,,48.5,,185.0,-225.0,2026-09-26T21:00:00Z,-102.0,-112.0
2026-09-25T19:03:52.858377-04:00,odds_api,401858464,Michigan State Spartans,Nebraska Cornhuskers,mybookieag,6.0,,49.0,,198.0,-250.0,2026-09-26T21:00:00Z,-110.0,-110.0
2026-09-25T19:03:52.858377-04:00,odds_api,401858464,Michigan State Spartans,Nebraska Cornhuskers,fanduel,5.5,,48.5,,188.0,-230.0,2026-09-26T21:00:00Z,-102.0,-112.0
2026-09-25T19:03:52.858377-04:00,odds_api,401858464,Michigan State Spartans,Nebraska Cornhuskers,betrivers,6.0,,48.5,,175.0,-225.0,2026-09-26T21:00:00Z,-113.0,-110.0
2026-09-25T19:03:52.858377-04:00,odds_api,401858464,Michigan State Spartans,Nebraska Cornhuskers,betonlineag,5.5,,48.5,,189.0,-225.0,2026-09-26T21:00:00Z,-102.0,-115.0
2026-09-25T19:03:52.858377-04:00,odds_api,401858464,Michigan State Spartans,Nebraska Cornhuskers,lowvig,5.5,,48.5,,189.0,-225.0,2026-09-26T21:00:00Z,-106.0,-114.0
2026-09-25T19:03:52.858377-04:00,odds_api,401858464,Michigan State Spartans,Nebraska Cornhuskers,betmgm,6.0,,49.5,,185.0,-225.0,2026-09-26T21:00:00Z,-110.0,-110.0
2026-09-25T19:03:52.858377-04:00,odds_api,401858464,Michigan State Spartans,Nebraska Cornhuskers,betus,5.5,,48.5,,190.0,-225.0,2026-09-26T21:00:00Z,-105.0,-115.0
2026-09-25T19:03:52.858377-04:00,odds_api,401858464,Michigan State Spartans,Nebraska Cornhuskers,bovada,6.0,,49.0,,185.0,-225.0,2026-09-26T21:00:00Z,-115.0,-110.0
2026-09-25T19:03:52.858377-04:00,odds_api,401858466,Penn State Nittany Lions,Wisconsin Badgers,draftkings,-10.0,,43.5,,-380.0,300.0,2026-09-26T21:00:00Z,-112.0,-115.0
2026-09-25T19:03:52.858377-04:00,odds_api,401858466,Penn State Nittany Lions,Wisconsin Badgers,fanduel,-9.5,,43.5,,-400.0,310.0,2026-09-26T21:00:00Z,-120.0,-115.0
2026-09-25T19:03:52.858377-04:00,odds_api,401858466,Penn State Nittany Lions,Wisconsin Badgers,betrivers,-10.0,,44.0,,-480.0,335.0,2026-09-26T21:00:00Z,-114.0,-109.0
2026-09-25T19:03:52.858377-04:00,odds_api,401858466,Penn State Nittany Lions,Wisconsin Badgers,mybookieag,-10.0,,44.0,,-469.0,350.0,2026-09-26T21:00:00Z,-110.0,-110.0
2026-09-25T19:03:52.858377-04:00,odds_api,401858466,Penn State Nittany Lions,Wisconsin Badgers,betmgm,-10.0,,43.5,,-375.0,300.0,2026-09-26T21:00:00Z,-110.0,-112.0
2026-09-25T19:03:52.858377-04:00,odds_api,401858466,Penn State Nittany Lions,Wisconsin Badgers,lowvig,-10.0,,44.0,,-385.0,306.0,2026-09-26T21:00:00Z,-111.0,-103.0
2026-09-25T19:03:52.858377-04:00,odds_api,401858466,Penn State Nittany Lions,Wisconsin Badgers,betonlineag,-10.0,,44.0,,-385.0,306.0,2026-09-26T21:00:00Z,-115.0,-105.0
2026-09-25T19:03:52.858377-04:00,odds_api,401858466,Penn State Nittany Lions,Wisconsin Badgers,betus,-10.0,,43.5,,-385.0,308.0,2026-09-26T21:00:00Z,-110.0,-110.0
2026-09-25T19:03:52.858377-04:00,odds_api,401858466,Penn State Nittany Lions,Wisconsin Badgers,bovada,-10.0,,44.0,,-410.0,305.0,2026-09-26T21:00:00Z,-110.0,-110.0
2026-09-25T19:03:52.858377-04:00,odds_api,401858239,Virginia Cavaliers,Delaware Blue Hens,fanduel,-19.5,,52.5,,-1400.0,800.0,2026-09-26T22:00:00Z,-110.0,-110.0
2026-09-25T19:03:52.858377-04:00,odds_api,401858239,Virginia Cavaliers,Delaware Blue Hens,mybookieag,-19.5,,52.5,,-1699.0,825.0,2026-09-26T22:00:00Z,-110.0,-110.0
2026-09-25T19:03:52.858377-04:00,odds_api,401858239,Virginia Cavaliers,Delaware Blue Hens,draftkings,-19.5,,52.5,,-1450.0,850.0,2026-09-26T22:00:00Z,-110.0,-108.0
2026-09-25T19:03:52.858377-04:00,odds_api,401858239,Virginia Cavaliers,Delaware Blue Hens,betrivers,-19.5,,52.5,,-1667.0,800.0,2026-09-26T22:00:00Z,-113.0,-112.0
2026-09-25T19:03:52.858377-04:00,odds_api,401858239,Virginia Cavaliers,Delaware Blue Hens,lowvig,-19.5,,52.0,,-1400.0,836.0,2026-09-26T22:00:00Z,-110.0,-103.0
2026-09-25T19:03:52.858377-04:00,odds_api,401858239,Virginia Cavaliers,Delaware Blue Hens,betonlineag,-19.5,,52.0,,-1400.0,836.0,2026-09-26T22:00:00Z,-114.0,-105.0
2026-09-25T19:03:52.858377-04:00,odds_api,401858239,Virginia Cavaliers,Delaware Blue Hens,betmgm,-19.5,,52.5,,-1200.0,850.0,2026-09-26T22:00:00Z,-110.0,-108.0
2026-09-25T19:03:52.858377-04:00,odds_api,401858239,Virginia Cavaliers,Delaware Blue Hens,betus,-19.5,,52.0,,-1400.0,825.0,2026-09-26T22:00:00Z,-110.0,-105.0
2026-09-25T19:03:52.858377-04:00,odds_api,401858239,Virginia Cavaliers,Delaware Blue Hens,bovada,-20.0,,52.5,,-1400.0,750.0,2026-09-26T22:00:00Z,-110.0,-110.0
2026-09-25T19:03:52.858377-04:00,odds_api,401860892,Texas State Bobcats,Incarnate Word Cardinals,fanduel,-30.5,,65.5,,-4500.0,1600.0,2026-09-26T22:00:00Z,-115.0,-104.0
2026-09-25T19:03:52.858377-04:00,odds_api,401860892,Texas State Bobcats,Incarnate Word Cardinals,draftkings,-30.5,,64.5,,-5000.0,1800.0,2026-09-26T22:00:00Z,-115.0,-115.0
2026-09-25T19:03:52.858377-04:00,odds_api,401860892,Texas State Bobcats,Incarnate Word Cardinals,betrivers,-32.0,,65.5,,,,2026-09-26T22:00:00Z,-114.0,106.0
2026-09-25T19:03:52.858377-04:00,odds_api,401860892,Texas State Bobcats,Incarnate Word Cardinals,lowvig,-30.5,,64.5,,,,2026-09-26T22:00:00Z,-120.0,-105.0
2026-09-25T19:03:52.858377-04:00,odds_api,401860892,Texas State Bobcats,Incarnate Word Cardinals,betonlineag,-30.5,,64.5,,,,2026-09-26T22:00:00Z,-120.0,-105.0
2026-09-25T19:03:52.858377-04:00,odds_api,401869961,Old Dominion Monarchs,James Madison Dukes,fanduel,6.5,,44.5,,190.0,-235.0,2026-09-26T22:00:00Z,-115.0,-105.0
2026-09-25T19:03:52.858377-04:00,odds_api,401869961,Old Dominion Monarchs,James Madison Dukes,mybookieag,6.0,,44.5,,193.0,-244.0,2026-09-26T22:00:00Z,-110.0,-110.0
2026-09-25T19:03:52.858377-04:00,odds_api,401869961,Old Dominion Monarchs,James Madison Dukes,betrivers,6.0,,44.5,,175.0,-225.0,2026-09-26T22:00:00Z,-114.0,-114.0
2026-09-25T19:03:52.858377-04:00,odds_api,401869961,Old Dominion Monarchs,James Madison Dukes,draftkings,6.0,,44.5,,185.0,-225.0,2026-09-26T22:00:00Z,-110.0,-102.0
2026-09-25T19:03:52.858377-04:00,odds_api,401869961,Old Dominion Monarchs,James Madison Dukes,lowvig,6.0,,44.5,,183.0,-215.0,2026-09-26T22:00:00Z,-104.0,-108.0
2026-09-25T19:03:52.858377-04:00,odds_api,401869961,Old Dominion Monarchs,James Madison Dukes,betonlineag,6.0,,44.5,,183.0,-215.0,2026-09-26T22:00:00Z,-108.0,-110.0
2026-09-25T19:03:52.858377-04:00,odds_api,401869961,Old Dominion Monarchs,James Madison Dukes,betmgm,6.5,,44.5,,185.0,-225.0,2026-09-26T22:00:00Z,-118.0,-105.0
2026-09-25T19:03:52.858377-04:00,odds_api,401869961,Old Dominion Monarchs,James Madison Dukes,betus,6.0,,44.0,,183.0,-215.0,2026-09-26T22:00:00Z,-110.0,-110.0
2026-09-25T19:03:52.858377-04:00,odds_api,401869961,Old Dominion Monarchs,James Madison Dukes,bovada,6.0,,44.5,,185.0,-225.0,2026-09-26T22:00:00Z,-110.0,-110.0
2026-09-25T19:03:52.858377-04:00,odds_api,401858238,Miami Hurricanes,Central Michigan Chippewas,draftkings,-41.5,,54.5,,,,2026-09-26T22:30:00Z,-112.0,-112.0
2026-09-25T19:03:52.858377-04:00,odds_api,401858238,Miami Hurricanes,Central Michigan Chippewas,fanduel,-41.5,,53.5,,,,2026-09-26T22:30:00Z,-114.0,-115.0
2026-09-25T19:03:52.858377-04:00,odds_api,401858238,Miami Hurricanes,Central Michigan Chippewas,betrivers,-41.5,,54.5,,,,2026-09-26T22:30:00Z,-115.0,-110.0
2026-09-25T19:03:52.858377-04:00,odds_api,401858238,Miami Hurricanes,Central Michigan Chippewas,lowvig,-41.5,,54.0,,,,2026-09-26T22:30:00Z,-111.0,-108.0
2026-09-25T19:03:52.858377-04:00,odds_api,401858238,Miami Hurricanes,Central Michigan Chippewas,betonlineag,-41.5,,54.0,,,,2026-09-26T22:30:00Z,-115.0,-110.0
2026-09-25T19:03:52.858377-04:00,odds_api,401858238,Miami Hurricanes,Central Michigan Chippewas,betmgm,-41.5,,53.5,,,,2026-09-26T22:30:00Z,-112.0,-120.0
2026-09-25T19:03:52.858377-04:00,odds_api,401858238,Miami Hurricanes,Central Michigan Chippewas,betus,-42.0,,54.0,,,,2026-09-26T22:30:00Z,-110.0,-110.0
2026-09-25T19:03:52.858377-04:00,odds_api,401858238,Miami Hurricanes,Central Michigan Chippewas,bovada,-41.0,,53.5,,,,2026-09-26T22:30:00Z,-120.0,-115.0
2026-09-25T19:03:52.858377-04:00,odds_api,401862780,Charlotte 49ers,Louisiana Ragin Cajuns,fanduel,10.5,,49.5,,300.0,-385.0,2026-09-26T22:30:00Z,-122.0,-106.0
2026-09-25T19:03:52.858377-04:00,odds_api,401862780,Charlotte 49ers,Louisiana Ragin Cajuns,mybookieag,10.0,,49.0,,311.0,-421.0,2026-09-26T22:30:00Z,-110.0,-110.0
2026-09-25T19:03:52.858377-04:00,odds_api,401862780,Charlotte 49ers,Louisiana Ragin Cajuns,draftkings,10.0,,49.5,,320.0,-410.0,2026-09-26T22:30:00Z,-112.0,-105.0
2026-09-25T19:03:52.858377-04:00,odds_api,401862780,Charlotte 49ers,Louisiana Ragin Cajuns,betrivers,10.0,,48.5,,340.0,-480.0,2026-09-26T22:30:00Z,-109.0,-115.0
2026-09-25T19:03:52.858377-04:00,odds_api,401862780,Charlotte 49ers,Louisiana Ragin Cajuns,lowvig,9.5,,49.0,,316.0,-400.0,2026-09-26T22:30:00Z,-106.0,-108.0
2026-09-25T19:03:52.858377-04:00,odds_api,401862780,Charlotte 49ers,Louisiana Ragin Cajuns,betonlineag,9.5,,49.0,,316.0,-400.0,2026-09-26T22:30:00Z,-110.0,-110.0
2026-09-25T19:03:52.858377-04:00,odds_api,401862780,Charlotte 49ers,Louisiana Ragin Cajuns,betmgm,9.5,,49.5,,310.0,-375.0,2026-09-26T22:30:00Z,-108.0,-110.0
2026-09-25T19:03:52.858377-04:00,odds_api,401862780,Charlotte 49ers,Louisiana Ragin Cajuns,betus,10.0,,49.0,,320.0,-400.0,2026-09-26T22:30:00Z,-110.0,-110.0
2026-09-25T19:03:52.858377-04:00,odds_api,401862780,Charlotte 49ers,Louisiana Ragin Cajuns,bovada,10.0,,49.5,,315.0,-420.0,2026-09-26T22:30:00Z,-110.0,-105.0
2026-09-25T19:03:52.858377-04:00,odds_api,401856696,Alabama Crimson Tide,South Carolina Gamecocks,draftkings,-12.5,,54.5,,-520.0,390.0,2026-09-26T23:00:00Z,-110.0,-108.0
2026-09-25T19:03:52.858377-04:00,odds_api,401856696,Alabama Crimson Tide,South Carolina Gamecocks,fanduel,-12.5,,54.5,,-530.0,390.0,2026-09-26T23:00:00Z,-110.0,-106.0
2026-09-25T19:03:52.858377-04:00,odds_api,401856696,Alabama Crimson Tide,South Carolina Gamecocks,mybookieag,-12.5,,54.0,,-526.0,380.0,2026-09-26T23:00:00Z,-110.0,-110.0
2026-09-25T19:03:52.858377-04:00,odds_api,401856696,Alabama Crimson Tide,South Carolina Gamecocks,betrivers,-12.5,,54.0,,-625.0,400.0,2026-09-26T23:00:00Z,-110.0,-109.0
2026-09-25T19:03:52.858377-04:00,odds_api,401856696,Alabama Crimson Tide,South Carolina Gamecocks,lowvig,-12.5,,54.0,,-515.0,393.0,2026-09-26T23:00:00Z,-106.0,-108.0
2026-09-25T19:03:52.858377-04:00,odds_api,401856696,Alabama Crimson Tide,South Carolina Gamecocks,betonlineag,-12.5,,54.0,,-515.0,393.0,2026-09-26T23:00:00Z,-110.0,-110.0
2026-09-25T19:03:52.858377-04:00,odds_api,401856696,Alabama Crimson Tide,South Carolina Gamecocks,betus,-12.5,,54.5,,-485.0,380.0,2026-09-26T23:00:00Z,-110.0,-110.0
2026-09-25T19:03:52.858377-04:00,odds_api,401856696,Alabama Crimson Tide,South Carolina Gamecocks,betmgm,-12.0,,54.5,,-525.0,400.0,2026-09-26T23:00:00Z,-118.0,-105.0
2026-09-25T19:03:52.858377-04:00,odds_api,401856696,Alabama Crimson Tide,South Carolina Gamecocks,bovada,-12.5,,54.0,,-525.0,375.0,2026-09-26T23:00:00Z,-110.0,-110.0
2026-09-25T19:03:52.858377-04:00,odds_api,401869931,Arkansas State Red Wolves,Kennesaw State Owls,fanduel,-6.5,,52.5,,-240.0,195.0,2026-09-26T23:00:00Z,-110.0,-115.0
2026-09-25T19:03:52.858377-04:00,odds_api,401869931,Arkansas State Red Wolves,Kennesaw State Owls,mybookieag,-6.5,,53.0,,-255.0,200.0,2026-09-26T23:00:00Z,-110.0,-110.0
2026-09-25T19:03:52.858377-04:00,odds_api,401869931,Arkansas State Red Wolves,Kennesaw State Owls,betrivers,-6.5,,52.5,,-265.0,200.0,2026-09-26T23:00:00Z,-113.0,-112.0
2026-09-25T19:03:52.858377-04:00,odds_api,401869931,Arkansas State Red Wolves,Kennesaw State Owls,draftkings,-6.5,,52.5,,-238.0,195.0,2026-09-26T23:00:00Z,-108.0,-112.0
2026-09-25T19:03:52.858377-04:00,odds_api,401869931,Arkansas State Red Wolves,Kennesaw State Owls,lowvig,-6.5,,53.0,,-250.0,207.0,2026-09-26T23:00:00Z,-106.0,-103.0
2026-09-25T19:03:52.858377-04:00,odds_api,401869931,Arkansas State Red Wolves,Kennesaw State Owls,betonlineag,-6.5,,53.0,,-250.0,207.0,2026-09-26T23:00:00Z,-112.0,-105.0
2026-09-25T19:03:52.858377-04:00,odds_api,401869931,Arkansas State Red Wolves,Kennesaw State Owls,betmgm,-6.0,,52.5,,-235.0,200.0,2026-09-26T23:00:00Z,-110.0,-110.0
2026-09-25T19:03:52.858377-04:00,odds_api,401869931,Arkansas State Red Wolves,Kennesaw State Owls,betus,-6.5,,53.0,,-250.0,210.0,2026-09-26T23:00:00Z,-110.0,-110.0
2026-09-25T19:03:52.858377-04:00,odds_api,401869931,Arkansas State Red Wolves,Kennesaw State Owls,bovada,-6.5,,53.0,,-240.0,200.0,2026-09-26T23:00:00Z,-105.0,-110.0
2026-09-25T19:03:52.858377-04:00,odds_api,401856814,Cincinnati Bearcats,Kansas State Wildcats,fanduel,6.5,,55.5,,188.0,-230.0,2026-09-26T23:00:00Z,-114.0,-105.0
2026-09-25T19:03:52.858377-04:00,odds_api,401856814,Cincinnati Bearcats,Kansas State Wildcats,mybookieag,6.5,,55.0,,194.0,-244.0,2026-09-26T23:00:00Z,-110.0,-110.0
2026-09-25T19:03:52.858377-04:00,odds_api,401856814,Cincinnati Bearcats,Kansas State Wildcats,betrivers,6.0,,55.5,,190.0,-245.0,2026-09-26T23:00:00Z,-114.0,-113.0
2026-09-25T19:03:52.858377-04:00,odds_api,401856814,Cincinnati Bearcats,Kansas State Wildcats,draftkings,6.5,,55.5,,195.0,-238.0,2026-09-26T23:00:00Z,-115.0,-105.0
2026-09-25T19:03:52.858377-04:00,odds_api,401856814,Cincinnati Bearcats,Kansas State Wildcats,lowvig,6.5,,55.0,,192.0,-230.0,2026-09-26T23:00:00Z,-111.0,-110.0
2026-09-25T19:03:52.858377-04:00,odds_api,401856814,Cincinnati Bearcats,Kansas State Wildcats,betonlineag,6.5,,55.0,,192.0,-230.0,2026-09-26T23:00:00Z,-115.0,-112.0
2026-09-25T19:03:52.858377-04:00,odds_api,401856814,Cincinnati Bearcats,Kansas State Wildcats,betmgm,6.0,,55.5,,190.0,-235.0,2026-09-26T23:00:00Z,-108.0,-102.0
2026-09-25T19:03:52.858377-04:00,odds_api,401856814,Cincinnati Bearcats,Kansas State Wildcats,betus,6.0,,55.0,,203.0,-240.0,2026-09-26T23:00:00Z,-110.0,-110.0
2026-09-25T19:03:52.858377-04:00,odds_api,401856814,Cincinnati Bearcats,Kansas State Wildcats,bovada,6.0,,55.5,,190.0,-230.0,2026-09-26T23:00:00Z,-110.0,-105.0
2026-09-25T19:03:52.858377-04:00,odds_api,401871048,Jacksonville State Gamecocks,Middle Tennessee Blue Raiders,fanduel,-7.5,,51.5,,-295.0,235.0,2026-09-26T23:00:00Z,-104.0,-110.0
2026-09-25T19:03:52.858377-04:00,odds_api,401871048,Jacksonville State Gamecocks,Middle Tennessee Blue Raiders,mybookieag,-7.0,,51.0,,-295.0,230.0,2026-09-26T23:00:00Z,-110.0,-110.0
2026-09-25T19:03:52.858377-04:00,odds_api,401871048,Jacksonville State Gamecocks,Middle Tennessee Blue Raiders,betrivers,-7.0,,51.5,,-286.0,220.0,2026-09-26T23:00:00Z,-113.0,-109.0
2026-09-25T19:03:52.858377-04:00,odds_api,401871048,Jacksonville State Gamecocks,Middle Tennessee Blue Raiders,draftkings,-7.0,,51.5,,-285.0,230.0,2026-09-26T23:00:00Z,-112.0,-110.0
2026-09-25T19:03:52.858377-04:00,odds_api,401871048,Jacksonville State Gamecocks,Middle Tennessee Blue Raiders,lowvig,-7.0,,51.5,,-285.0,234.0,2026-09-26T23:00:00Z,-103.0,-108.0
2026-09-25T19:03:52.858377-04:00,odds_api,401871048,Jacksonville State Gamecocks,Middle Tennessee Blue Raiders,betonlineag,-7.0,,51.5,,-285.0,234.0,2026-09-26T23:00:00Z,-107.0,-110.0
2026-09-25T19:03:52.858377-04:00,odds_api,401871048,Jacksonville State Gamecocks,Middle Tennessee Blue Raiders,betmgm,-7.0,,51.5,,-285.0,230.0,2026-09-26T23:00:00Z,-112.0,-108.0
2026-09-25T19:03:52.858377-04:00,odds_api,401871048,Jacksonville State Gamecocks,Middle Tennessee Blue Raiders,betus,-7.0,,51.0,,-285.0,238.0,2026-09-26T23:00:00Z,-105.0,-110.0
2026-09-25T19:03:52.858377-04:00,odds_api,401871048,Jacksonville State Gamecocks,Middle Tennessee Blue Raiders,bovada,-7.0,,51.5,,-290.0,240.0,2026-09-26T23:00:00Z,-115.0,-110.0
2026-09-25T19:03:52.858377-04:00,odds_api,401870745,Western Kentucky Hilltoppers,Mercyhurst Lakers,fanduel,-40.5,,57.5,,-20000.0,3500.0,2026-09-26T23:00:00Z,-110.0,-115.0
2026-09-25T19:03:52.858377-04:00,odds_api,401870745,Western Kentucky Hilltoppers,Mercyhurst Lakers,draftkings,-40.5,,58.5,,,,2026-09-26T23:00:00Z,-110.0,-105.0
2026-09-25T19:03:52.858377-04:00,odds_api,401870745,Western Kentucky Hilltoppers,Mercyhurst Lakers,betrivers,-41.5,,57.5,,,,2026-09-26T23:00:00Z,-115.0,-109.0
2026-09-25T19:03:52.858377-04:00,odds_api,401870745,Western Kentucky Hilltoppers,Mercyhurst Lakers,lowvig,-40.5,,58.5,,,,2026-09-26T23:00:00Z,-111.0,102.0
2026-09-25T19:03:52.858377-04:00,odds_api,401870745,Western Kentucky Hilltoppers,Mercyhurst Lakers,betonlineag,-40.5,,58.5,,,,2026-09-26T23:00:00Z,-115.0,-110.0
2026-09-25T19:03:52.858377-04:00,odds_api,401856881,West Virginia Mountaineers,Oklahoma State Cowboys,draftkings,-1.5,,61.5,,-125.0,105.0,2026-09-26T23:00:00Z,-112.0,-105.0
2026-09-25T19:03:52.858377-04:00,odds_api,401856881,West Virginia Mountaineers,Oklahoma State Cowboys,mybookieag,-1.5,,61.0,,-129.0,106.0,2026-09-26T23:00:00Z,-110.0,-110.0
2026-09-25T19:03:52.858377-04:00,odds_api,401856881,West Virginia Mountaineers,Oklahoma State Cowboys,fanduel,-1.5,,61.5,,-126.0,105.0,2026-09-26T23:00:00Z,-115.0,-105.0
2026-09-25T19:03:52.858377-04:00,odds_api,401856881,West Virginia Mountaineers,Oklahoma State Cowboys,betrivers,-2.0,,61.0,,-129.0,104.0,2026-09-26T23:00:00Z,-112.0,-112.0
2026-09-25T19:03:52.858377-04:00,odds_api,401856881,West Virginia Mountaineers,Oklahoma State Cowboys,lowvig,-2.0,,61.5,,-126.0,106.0,2026-09-26T23:00:00Z,-106.0,-108.0
2026-09-25T19:03:52.858377-04:00,odds_api,401856881,West Virginia Mountaineers,Oklahoma State Cowboys,betonlineag,-2.0,,61.5,,-126.0,106.0,2026-09-26T23:00:00Z,-110.0,-110.0
2026-09-25T19:03:52.858377-04:00,odds_api,401856881,West Virginia Mountaineers,Oklahoma State Cowboys,betus,-2.0,,61.5,,-125.0,105.0,2026-09-26T23:00:00Z,-110.0,-110.0
2026-09-25T19:03:52.858377-04:00,odds_api,401856881,West Virginia Mountaineers,Oklahoma State Cowboys,betmgm,-2.0,,61.5,,-125.0,105.0,2026-09-26T23:00:00Z,-110.0,-105.0
2026-09-25T19:03:52.858377-04:00,odds_api,401856881,West Virginia Mountaineers,Oklahoma State Cowboys,bovada,-2.0,,61.0,,-125.0,105.0,2026-09-26T23:00:00Z,-110.0,-110.0
2026-09-25T19:03:52.858377-04:00,odds_api,401862784,Tulane Green Wave,Southern Mississippi Golden Eagles,fanduel,-18.5,,52.5,,-1250.0,740.0,2026-09-26T23:00:00Z,-112.0,-110.0
2026-09-25T19:03:52.858377-04:00,odds_api,401862784,Tulane Green Wave,Southern Mississippi Golden Eagles,mybookieag,-18.0,,52.5,,-1099.0,630.0,2026-09-26T23:00:00Z,-110.0,-110.0
2026-09-25T19:03:52.858377-04:00,odds_api,401862784,Tulane Green Wave,Southern Mississippi Golden Eagles,betrivers,-18.0,,52.5,,-1667.0,800.0,2026-09-26T23:00:00Z,-110.0,-109.0
2026-09-25T19:03:52.858377-04:00,odds_api,401862784,Tulane Green Wave,Southern Mississippi Golden Eagles,draftkings,-17.5,,52.5,,-1100.0,700.0,2026-09-26T23:00:00Z,-115.0,-108.0
2026-09-25T19:03:52.858377-04:00,odds_api,401862784,Tulane Green Wave,Southern Mississippi Golden Eagles,lowvig,-18.0,,52.5,,-1100.0,709.0,2026-09-26T23:00:00Z,-106.0,-108.0
2026-09-25T19:03:52.858377-04:00,odds_api,401862784,Tulane Green Wave,Southern Mississippi Golden Eagles,betonlineag,-18.0,,52.5,,-1100.0,709.0,2026-09-26T23:00:00Z,-110.0,-110.0
2026-09-25T19:03:52.858377-04:00,odds_api,401862784,Tulane Green Wave,Southern Mississippi Golden Eagles,betus,-18.0,,52.5,,-1100.0,700.0,2026-09-26T23:00:00Z,-110.0,-110.0
2026-09-25T19:03:52.858377-04:00,odds_api,401862784,Tulane Green Wave,Southern Mississippi Golden Eagles,betmgm,-18.0,,52.5,,-1100.0,750.0,2026-09-26T23:00:00Z,-110.0,-110.0
2026-09-25T19:03:52.858377-04:00,odds_api,401862784,Tulane Green Wave,Southern Mississippi Golden Eagles,bovada,-17.5,,52.5,,-1100.0,650.0,2026-09-26T23:00:00Z,-110.0,-110.0
