snapshot_ts,source,game_id,home_team,away_team,provider,spread,spread_open,over_under,ou_open,home_ml,away_ml,commence_time,spread_price,ou_price
2026-08-29T13:35:36.498311-04:00,cfbd,401856779,Iowa State,Southeast Missouri State,DraftKings,-29.5,-29.5,53.5,53.5,-20000.0,3500.0,,,
2026-08-29T13:35:36.498311-04:00,cfbd,401856658,Georgia,Tennessee State,DraftKings,-47.5,-46.5,55.5,56.5,,,,,
2026-08-29T13:35:36.498311-04:00,cfbd,401866410,Bowling Green,Tarleton State,DraftKings,-2.5,-2.5,47.5,47.5,-135.0,114.0,,,
2026-08-29T13:35:36.498311-04:00,cfbd,401869960,James Madison,Liberty,DraftKings,-6.5,-6.0,52.5,,-245.0,200.0,,,
2026-08-29T13:35:36.498311-04:00,cfbd,401869960,James Madison,Liberty,Bovada,-6.5,-6.0,53.0,50.5,-250.0,210.0,,,
2026-08-29T13:35:36.498311-04:00,cfbd,401856666,Tennessee,Furman,DraftKings,-46.5,-46.5,66.5,66.5,,,,,
2026-08-29T13:35:36.498311-04:00,cfbd,401856777,Cincinnati,Boston College,DraftKings,-7.5,-9.5,51.5,,-310.0,250.0,,,
2026-08-29T13:35:36.498311-04:00,cfbd,401856777,Cincinnati,Boston College,Bovada,-7.5,-9.5,52.0,54.5,-270.0,220.0,,,
2026-08-29T13:35:36.498311-04:00,cfbd,401856635,Arkansas,North Alabama,DraftKings,-40.5,-40.5,63.5,63.5,,,,,
2026-08-29T13:35:36.498311-04:00,cfbd,401856767,UCF,Bethune-Cookman,DraftKings,-42.5,-41.5,59.5,,,,,,
2026-08-29T13:35:36.498311-04:00,cfbd,401858208,Syracuse,New Hampshire,DraftKings,-32.5,-32.5,55.5,55.5,-100000.0,5000.0,,,
2026-08-29T13:35:36.498311-04:00,cfbd,401862701,Army,Bryant,DraftKings,-36.5,-36.5,51.5,,,,,,
2026-08-29T13:35:36.498311-04:00,cfbd,401861962,UConn,Lafayette,DraftKings,-19.5,-19.5,58.5,58.5,-1100.0,700.0,,,
2026-08-29T13:35:36.498311-04:00,cfbd,401864496,Air Force,Duquesne,DraftKings,-30.5,-30.5,58.5,58.5,-100000.0,5000.0,,,
2026-08-29T13:35:36.498311-04:00,cfbd,401856659,Kentucky,Youngstown State,DraftKings,-23.5,-23.5,62.5,62.5,-4000.0,1600.0,,,
2026-08-29T13:35:36.498311-04:00,cfbd,401862698,Temple,Rhode Island,DraftKings,-10.5,-10.0,51.5,51.5,-550.0,410.0,,,
2026-08-29T13:35:36.498311-04:00,cfbd,401864425,Kennesaw State,West Georgia,DraftKings,-22.5,-22.5,51.5,51.5,-3600.0,1500.0,,,
2026-08-29T13:35:36.498311-04:00,cfbd,401856663,Missouri,Arkansas-Pine Bluff,DraftKings,-54.5,-54.5,60.5,60.5,,,,,
2026-08-29T13:35:36.498311-04:00,cfbd,401856769,Kansas,Long Island University,DraftKings,-38.5,-38.5,53.5,53.5,,,,,
2026-08-29T13:35:36.498311-04:00,cfbd,401864424,Delaware,Merrimack,DraftKings,-28.5,-28.5,55.5,55.5,-20000.0,3500.0,,,
2026-08-29T13:35:36.498311-04:00,cfbd,401858435,Purdue,Indiana State,DraftKings,-35.5,-34.5,56.5,56.5,,,,,
2026-08-29T13:35:36.498311-04:00,cfbd,401862696,Navy,Towson,DraftKings,-30.5,-30.5,53.5,53.5,-20000.0,3500.0,,,
2026-08-29T13:35:36.498311-04:00,cfbd,401862694,Charlotte,The Citadel,DraftKings,-15.5,-15.5,46.5,46.5,-1100.0,700.0,,,
2026-08-29T13:35:36.498311-04:00,cfbd,401858422,Minnesota,Eastern Illinois,DraftKings,-43.5,-43.5,51.5,,,,,,
2026-08-29T13:35:36.498311-04:00,cfbd,401866623,Georgia State,North Carolina A&T,DraftKings,-28.5,-28.5,63.5,63.5,-4500.0,1700.0,,,
2026-08-29T13:35:36.498311-04:00,cfbd,401866409,Buffalo,UAlbany,DraftKings,-24.5,-24.5,48.5,48.5,-5000.0,1800.0,,,
2026-08-29T13:35:36.498311-04:00,cfbd,401862700,UTSA,UT Rio Grande Valley,DraftKings,-28.5,-28.5,59.5,59.5,-9000.0,2500.0,,,
2026-08-29T13:35:36.498311-04:00,cfbd,401864499,North Dakota State,Fordham,DraftKings,-39.5,-39.5,57.5,57.5,,,,,
2026-08-29T13:35:36.498311-04:00,cfbd,401866627,App State,Maine,DraftKings,-18.5,-17.5,53.5,53.5,-800.0,550.0,,,
2026-08-29T13:35:36.498311-04:00,cfbd,401868356,Southern Miss,Alcorn State,DraftKings,-21.0,-21.0,50.5,50.5,-2800.0,1300.0,,,
2026-08-29T13:35:36.498311-04:00,cfbd,401867973,Old Dominion,Norfolk State,DraftKings,-41.5,-41.5,55.5,55.5,,,,,
2026-08-29T13:35:36.498311-04:00,cfbd,401856770,Texas Tech,Abilene Christian,DraftKings,-42.5,-42.5,59.5,59.5,,,,,
2026-08-29T13:35:36.498311-04:00,cfbd,401856771,Kansas State,Nicholls,DraftKings,-40.5,-40.5,55.5,55.5,,,,,
2026-08-29T13:35:36.498311-04:00,cfbd,401858211,Virginia Tech,VMI,DraftKings,-50.5,-50.5,57.5,57.5,,,,,
2026-08-29T13:35:36.498311-04:00,cfbd,401869129,Louisiana Tech,Northwestern State,DraftKings,-41.5,-41.5,52.5,52.5,,,,,
2026-08-29T13:35:36.498311-04:00,cfbd,401856775,BYU,Utah Tech,DraftKings,-47.5,-47.5,54.5,54.5,,,,,
2026-08-29T13:35:36.498311-04:00,cfbd,401858427,Maryland,Hampton,DraftKings,-45.5,-45.5,56.5,56.5,,,,,
2026-08-29T13:35:36.498311-04:00,cfbd,401856773,Arizona,Northern Arizona,DraftKings,-31.5,-31.5,56.5,56.5,-10000.0,3000.0,,,
2026-08-29T13:35:36.498311-04:00,cfbd,401856774,Arizona State,Morgan State,DraftKings,-41.5,-41.5,52.5,52.5,,,,,
2026-08-29T13:35:36.498311-04:00,cfbd,401866411,Sacramento State,Mississippi Valley State,DraftKings,-35.5,-35.5,56.5,56.5,,,,,
2026-08-29T13:35:36.498311-04:00,cfbd,401860879,San Diego State,Portland State,DraftKings,-40.5,-38.5,57.5,57.5,,,,,
2026-08-29T13:35:36.498311-04:00,cfbd,401869142,Louisiana,Lamar,DraftKings,-20.5,-18.5,48.5,48.5,-1000.0,650.0,,,
2026-08-29T13:35:36.498311-04:00,cfbd,401856669,Vanderbilt,Austin Peay,DraftKings,-30.5,-30.5,61.5,61.5,-100000.0,5000.0,,,
2026-08-29T13:35:36.498311-04:00,cfbd,401868316,South Alabama,SE Louisiana,DraftKings,-12.5,-12.5,52.5,52.5,-600.0,440.0,,,
2026-08-29T13:35:36.498311-04:00,cfbd,401867866,Middle Tennessee,Murray State,DraftKings,-20.5,-20.5,59.5,59.5,-1650.0,950.0,,,
2026-08-29T13:35:36.498311-04:00,cfbd,401868140,Jacksonville State,Eastern Kentucky,DraftKings,-19.5,-19.5,52.5,52.5,-2100.0,1100.0,,,
2026-08-29T13:35:36.498311-04:00,cfbd,401868170,Georgia Southern,Charleston Southern,DraftKings,-25.5,-25.5,51.5,51.5,-4500.0,1700.0,,,
2026-08-29T13:35:36.498311-04:00,cfbd,401862697,Rice,Houston Christian,DraftKings,-24.5,-24.5,47.5,47.5,-1800.0,1000.0,,,
2026-08-29T13:35:36.498311-04:00,cfbd,401858431,Northwestern,South Dakota State,DraftKings,-12.5,-12.5,46.5,46.5,-700.0,500.0,,,
2026-08-29T13:35:36.498311-04:00,cfbd,401860880,Utah State,Idaho State,DraftKings,-12.5,-11.5,63.5,64.5,-550.0,410.0,,,
2026-08-29T13:35:36.498311-04:00,cfbd,401870790,New Mexico State,Mercyhurst,DraftKings,-24.5,-24.5,50.5,50.5,-4500.0,1700.0,,,
2026-08-29T13:35:36.498311-04:00,cfbd,401858423,Rutgers,Massachusetts,Bovada,-29.0,-30.5,53.0,54.5,,,,,
2026-08-29T13:35:36.498311-04:00,cfbd,401858423,Rutgers,Massachusetts,DraftKings,-29.5,-30.5,52.5,,-9000.0,2500.0,,,
2026-08-29T13:35:36.498311-04:00,cfbd,401856768,Utah,Idaho,DraftKings,-33.5,-32.5,56.5,56.5,-20000.0,3500.0,,,
2026-08-29T13:35:36.498311-04:00,cfbd,401867894,Youngstown State,Mercyhurst,Draft Kings,-30.5,,57.5,,,,,,
2026-08-29T13:35:36.498311-04:00,cfbd,401868129,Northern Colorado,Weber State,DraftKings,-3.0,-3.5,50.5,49.5,-161.0,129.0,,,
2026-08-29T13:35:36.498311-04:00,cfbd,401868129,Northern Colorado,Weber State,Draft Kings,-3.0,,50.5,,,,,,
2026-08-29T13:35:36.498311-04:00,cfbd,401866617,Merrimack,Rhode Island,DraftKings,20.5,20.5,47.5,53.5,890.0,-1960.0,,,
2026-08-29T13:35:36.498311-04:00,cfbd,401866617,Merrimack,Rhode Island,Draft Kings,21.0,,47.5,,,,,,
2026-08-29T13:35:36.498311-04:00,cfbd,401868324,Alabama State,Southern,DraftKings,-19.5,-19.5,56.5,56.5,-1760.0,830.0,,,
2026-08-29T13:35:36.498311-04:00,cfbd,401866616,UAlbany,New Hampshire,DraftKings,10.0,11.5,46.5,45.5,268.0,-357.0,,,
2026-08-29T13:35:36.498311-04:00,cfbd,401866616,UAlbany,New Hampshire,Draft Kings,10.0,,46.5,,,,,,
2026-08-29T13:35:36.498311-04:00,cfbd,401868040,Villanova,William & Mary,DraftKings,-12.5,-11.5,47.5,50.5,-700.0,462.0,,,
2026-08-29T13:35:36.498311-04:00,cfbd,401868040,Villanova,William & Mary,Draft Kings,-12.5,,47.5,,,,,,
2026-08-29T13:35:36.498311-04:00,cfbd,401867882,South Dakota,Central Connecticut,DraftKings,-21.5,-22.5,49.5,53.5,-3900.0,1180.0,,,
2026-08-29T13:35:36.498311-04:00,cfbd,401867916,Wagner,Robert Morris,DraftKings,-5.5,-5.5,40.5,39.5,-223.0,176.0,,,
2026-08-29T13:35:36.498311-04:00,cfbd,401858212,Florida State,SMU,DraftKings,2.5,,52.5,,124.0,-148.0,,,
2026-08-29T13:35:36.498311-04:00,cfbd,401858212,Florida State,SMU,Bovada,2.0,2.5,53.0,52.5,120.0,-140.0,,,
2026-08-29T13:35:36.498311-04:00,cfbd,401858436,USC,Fresno State,DraftKings,-23.5,-23.5,51.5,,-3200.0,1400.0,,,
2026-08-29T13:35:36.498311-04:00,cfbd,401858436,USC,Fresno State,Bovada,-23.5,-23.0,51.5,51.5,-3500.0,-100000.0,,,
2026-08-29T13:35:36.498311-04:00,cfbd,401858201,Stanford,Hawai'i,DraftKings,-4.0,-3.0,48.5,,-198.0,164.0,,,
2026-08-29T13:35:36.498311-04:00,cfbd,401858201,Stanford,Hawai'i,Bovada,-4.0,-3.0,48.5,50.5,-170.0,145.0,,,
2026-08-29T13:35:36.498311-04:00,cfbd,401858437,Washington,Washington State,DraftKings,-23.5,-21.5,50.5,,-2800.0,1300.0,,,
2026-08-29T13:35:36.498311-04:00,cfbd,401858437,Washington,Washington State,Bovada,-23.5,-21.5,51.0,50.5,-2200.0,1000.0,,,
2026-08-29T13:35:36.498311-04:00,cfbd,401858202,Virginia,NC State,Bovada,-4.0,-3.5,51.0,54.5,-145.0,125.0,,,
2026-08-29T13:35:36.498311-04:00,cfbd,401858202,Virginia,NC State,DraftKings,-4.0,,50.5,,-185.0,154.0,,,
2026-08-29T13:35:36.498311-04:00,cfbd,401866620,East Tennessee State,Campbell,DraftKings,-7.0,-7.0,56.5,55.5,-267.0,207.0,,,
2026-08-29T13:35:36.498311-04:00,cfbd,401868101,Idaho State,VMI,DraftKings,-34.5,-34.5,53.5,60.5,,,,,
2026-08-29T13:35:36.498311-04:00,cfbd,401866621,Tennessee Tech,Monmouth,DraftKings,-8.5,-8.5,58.5,58.5,-340.0,257.0,,,
2026-08-29T13:35:36.498311-04:00,cfbd,401858425,Indiana,North Texas,DraftKings,-40.5,-40.5,55.5,,,,,,
2026-08-29T13:35:36.498311-04:00,cfbd,401858425,Indiana,North Texas,Bovada,-41.0,-40.5,55.5,55.5,,,,,
2026-08-29T13:35:36.498311-04:00,cfbd,401856776,Georgia Tech,Colorado,DraftKings,-6.5,-7.0,50.5,,-238.0,195.0,,,
2026-08-29T13:35:36.498311-04:00,cfbd,401856776,Georgia Tech,Colorado,Bovada,-6.5,-7.0,51.0,51.5,-290.0,240.0,,,
2026-08-29T13:35:36.498311-04:00,cfbd,401866619,Stonehill,Bryant,DraftKings,4.5,4.5,45.5,44.5,153.0,-192.0,,,
2026-08-29T13:35:36.498311-04:00,cfbd,401868394,Wofford,The Citadel,DraftKings,-7.5,-8.5,45.5,45.5,-415.0,305.0,,,
2026-08-29T13:35:36.498311-04:00,cfbd,401858209,Duke,Tulane,DraftKings,-9.5,-8.5,50.5,,-380.0,300.0,,,
2026-08-29T13:35:36.498311-04:00,cfbd,401858209,Duke,Tulane,Bovada,-8.5,-8.5,51.0,53.5,-480.0,350.0,,,
2026-08-29T13:35:36.498311-04:00,cfbd,401866618,North Carolina A&T,Morgan State,DraftKings,7.5,8.5,49.5,50.5,235.0,-307.0,,,
2026-08-29T13:35:36.498311-04:00,cfbd,401856667,Texas,Texas State,DraftKings,-30.5,-30.5,59.5,,-10000.0,3000.0,,,
2026-08-29T13:35:36.498311-04:00,cfbd,401856667,Texas,Texas State,Bovada,-30.5,-30.5,60.0,59.5,-10000.0,-100000.0,,,
2026-08-29T13:35:36.498311-04:00,cfbd,401868084,Northern Arizona,Eastern Washington,DraftKings,-5.5,-3.0,55.5,56.5,-242.0,189.0,,,
2026-08-29T13:35:36.498311-04:00,cfbd,401868022,Holy Cross,Lehigh,DraftKings,14.0,14.0,47.5,47.5,509.0,-800.0,,,
2026-08-29T13:35:36.498311-04:00,cfbd,401862693,UNLV,Memphis,DraftKings,-4.0,-3.0,55.5,,-192.0,160.0,,,
2026-08-29T13:35:36.498311-04:00,cfbd,401862693,UNLV,Memphis,Bovada,-3.5,-3.0,56.0,60.5,-170.0,145.0,,,
2026-08-29T13:35:36.498311-04:00,cfbd,401867977,Texas Southern,North Carolina Central,DraftKings,11.5,11.5,51.5,51.5,326.0,-450.0,,,
2026-08-29T13:35:36.498311-04:00,cfbd,401867855,Indiana State,Southeast Missouri State,DraftKings,-1.5,-2.5,52.5,52.5,-123.0,-101.0,,,
2026-08-29T13:35:36.498311-04:00,cfbd,401858206,Stanford,Miami,DraftKings,24.5,21.5,47.5,,1600.0,-4000.0,,,
2026-08-29T13:35:36.498311-04:00,cfbd,401858206,Stanford,Miami,Bovada,24.5,21.5,47.5,48.5,-100000.0,-2500.0,,,
2026-08-29T13:35:36.498311-04:00,cfbd,401867988,Richmond,Bucknell,DraftKings,-10.5,-10.5,48.5,49.5,-523.0,368.0,,,
2026-08-29T13:35:36.498311-04:00,cfbd,401856772,Tulsa,Oklahoma State,DraftKings,14.0,11.5,60.5,,440.0,-600.0,,,
2026-08-29T13:35:36.498311-04:00,cfbd,401856772,Tulsa,Oklahoma State,Bovada,13.5,11.5,60.0,61.5,390.0,-550.0,,,
2026-08-29T13:35:36.498311-04:00,cfbd,401868118,Utah Tech,Montana State,DraftKings,31.5,31.5,56.5,56.5,,,,,
2026-08-29T13:35:36.498311-04:00,cfbd,401868149,North Alabama,Samford,DraftKings,-7.5,-7.5,55.5,55.5,-350.0,263.0,,,
2026-08-29T13:35:36.498311-04:00,cfbd,401868049,Lamar,Abilene Christian,DraftKings,7.5,7.5,49.5,49.5,232.0,-303.0,,,
2026-08-29T13:35:36.498311-04:00,cfbd,401867935,Howard,Alabama A&M,DraftKings,-1.5,-2.5,46.5,46.5,-124.0,100.0,,,
2026-08-29T13:35:36.498311-04:00,cfbd,401872615,South Dakota State,Stetson,DraftKings,-49.5,-47.5,57.5,56.5,,,,,
2026-08-29T13:35:36.498311-04:00,cfbd,401868110,Montana,Southern Utah,DraftKings,-15.5,-16.5,59.5,58.5,-1080.0,620.0,,,
2026-08-29T13:35:36.498311-04:00,cfbd,401868235,Tarleton State,Prairie View A&M,DraftKings,-19.5,-21.5,54.5,54.5,-1540.0,770.0,,,
2026-08-29T13:35:36.498311-04:00,cfbd,401874042,Mercer,East Texas A&M,DraftKings,-22.5,-23.5,57.5,60.5,-3200.0,1100.0,,,
2026-08-29T13:35:36.498311-04:00,cfbd,401868305,McNeese,Stephen F. Austin,DraftKings,12.5,13.5,48.5,49.5,327.0,-452.0,,,
2026-08-29T13:35:36.498311-04:00,cfbd,401868139,Western Carolina,Eastern Kentucky,DraftKings,-3.0,-4.5,54.5,50.5,-152.0,122.0,,,
2026-08-29T13:35:36.498311-04:00,cfbd,401868240,West Georgia,Chattanooga,Draft Kings,3.5,,50.5,,,,,,
2026-08-29T13:35:36.498311-04:00,cfbd,401866532,Towson,Maine,Draft Kings,-2.5,,46.5,,,,,,
2026-08-29T13:35:36.498311-04:00,cfbd,401866615,Delaware State,Stony Brook,Draft Kings,4.5,,50.5,,,,,,
2026-08-29T13:35:36.498311-04:00,cfbd,401868315,SE Louisiana,Houston Christian,Draft Kings,-24.5,,51.5,,,,,,
2026-08-29T13:35:36.498311-04:00,cfbd,401867865,Murray State,Eastern Illinois,Draft Kings,-4.5,,49.5,,,,,,
2026-08-29T13:35:36.498311-04:00,cfbd,401868169,Lindenwood,Charleston Southern,Draft Kings,-7.5,,45.5,,,,,,
2026-08-29T13:35:36.498311-04:00,cfbd,401868962,Nicholls,Mississippi Valley State,Draft Kings,-28.5,,51.5,,,,,,
2026-08-29T13:35:36.498311-04:00,cfbd,401874035,West Florida,Southern Illinois,Draft Kings,19.5,,55.5,,,,,,
2026-08-29T13:35:36.498311-04:00,cfbd,401868060,Austin Peay,Gardner-Webb,Draft Kings,-14.5,,59.5,,,,,,
2026-08-29T13:35:36.498311-04:00,cfbd,401868070,UT Martin,Central Arkansas,Draft Kings,-3.0,,50.5,,,,,,
2026-08-29T13:35:36.498311-04:00,cfbd,401867874,North Dakota,Long Island University,Draft Kings,-27.5,,44.5,,,,,,
2026-08-29T13:35:36.498311-04:00,cfbd,401868154,Portland State,UC Davis,DraftKings,25.5,24.5,60.5,62.5,1300.0,-5400.0,,,
2026-08-29T13:35:36.498311-04:00,cfbd,401868194,Tennessee State,Jackson State,DraftKings,12.5,15.5,49.5,49.5,435.0,-650.0,,,
2026-08-29T13:35:36.498311-04:00,cfbd,401868261,New Haven,Marist,DraftKings,-2.5,1.5,46.5,44.5,-145.0,116.0,,,
2026-08-29T13:35:36.498311-04:00,cfbd,401868261,New Haven,Marist,Draft Kings,-2.5,,46.5,,,,,,
2026-08-29T13:35:36.498311-04:00,cfbd,401868007,Fordham,Colgate,DraftKings,8.5,10.0,55.5,50.5,242.0,-318.0,,,
2026-08-29T13:35:36.498311-04:00,cfbd,401868007,Fordham,Colgate,Draft Kings,8.5,,55.5,,,,,,
2026-08-29T13:35:36.498311-04:00,cfbd,401868073,Cal Poly,Idaho,DraftKings,5.5,3.5,53.5,55.5,172.0,-219.0,,,
2026-08-29T13:35:36.498311-04:00,cfbd,401868073,Cal Poly,Idaho,Draft Kings,5.5,,53.5,,,,,,
2026-08-29T13:35:36.498311-04:00,cfbd,401858428,Michigan,Western Michigan,Bovada,-27.5,-26.5,47.5,47.5,-100000.0,2200.0,,,
2026-08-29T13:35:36.498311-04:00,cfbd,401858428,Michigan,Western Michigan,DraftKings,-27.5,-26.5,47.5,,-6500.0,2000.0,,,
2026-08-29T13:35:36.498311-04:00,cfbd,401858424,Illinois,UAB,Bovada,-28.5,-27.5,57.0,56.5,-100000.0,2000.0,,,
2026-08-29T13:35:36.498311-04:00,cfbd,401858424,Illinois,UAB,DraftKings,-28.5,-27.5,55.5,,-10000.0,3000.0,,,
2026-08-29T13:35:36.498311-04:00,cfbd,401856634,Alabama,East Carolina,DraftKings,-28.5,-25.5,53.5,,-10000.0,3000.0,,,
2026-08-29T13:35:36.498311-04:00,cfbd,401856634,Alabama,East Carolina,Bovada,-28.5,-25.5,54.0,53.5,-10000.0,1600.0,,,
2026-08-29T13:35:36.498311-04:00,cfbd,401856662,Mississippi State,UL Monroe,Bovada,-28.5,-28.5,55.5,55.5,-100000.0,2000.0,,,
2026-08-29T13:35:36.498311-04:00,cfbd,401856662,Mississippi State,UL Monroe,DraftKings,-28.5,-28.5,56.5,,-6500.0,2000.0,,,
2026-08-29T13:35:36.498311-04:00,cfbd,401864498,New Mexico,Central Michigan,Bovada,-10.0,-12.5,47.0,49.0,-575.0,400.0,,,
2026-08-29T13:35:36.498311-04:00,cfbd,401864498,New Mexico,Central Michigan,DraftKings,-10.5,-12.5,46.5,,-410.0,320.0,,,
2026-08-29T13:35:36.498311-04:00,cfbd,401858433,Oregon,Boise State,DraftKings,-24.5,-24.5,51.5,,-4500.0,1700.0,,,
2026-08-29T13:35:36.498311-04:00,cfbd,401858433,Oregon,Boise State,Bovada,-24.5,-24.5,52.0,53.5,-10000.0,1600.0,,,
2026-08-29T13:35:36.498311-04:00,cfbd,401858430,Nebraska,Ohio,DraftKings,-23.5,-23.5,47.5,,-1800.0,1000.0,,,
2026-08-29T13:35:36.498311-04:00,cfbd,401858430,Nebraska,Ohio,Bovada,-24.0,-23.5,47.5,47.5,-4000.0,1200.0,,,
2026-08-29T13:35:36.498311-04:00,cfbd,401856766,TCU,North Carolina,DraftKings,-7.5,,46.5,,-310.0,250.0,,,
2026-08-29T13:35:36.498311-04:00,cfbd,401856766,TCU,North Carolina,Bovada,-7.5,-7.5,46.0,50.5,-235.0,195.0,,,
2026-08-29T13:35:36.498311-04:00,cfbd,401864432,Nevada,Western Kentucky,Bovada,2.5,4.0,53.0,53.5,120.0,-140.0,,,
2026-08-29T13:35:36.498311-04:00,cfbd,401864432,Nevada,Western Kentucky,DraftKings,2.5,4.5,52.5,,110.0,-130.0,,,
2026-08-29T13:35:36.498311-04:00,cfbd,401856636,Auburn,Baylor,DraftKings,-7.0,-6.5,59.5,,-298.0,240.0,,,
2026-08-29T13:35:36.498311-04:00,cfbd,401856636,Auburn,Baylor,Bovada,-7.0,-7.5,59.0,58.5,-270.0,220.0,,,
2026-08-29T13:35:36.498311-04:00,cfbd,401856661,Ole Miss,Louisville,Bovada,-6.5,-8.5,55.5,52.5,-270.0,220.0,,,
2026-08-29T13:35:36.498311-04:00,cfbd,401856661,Ole Miss,Louisville,DraftKings,-6.5,,55.5,,-258.0,210.0,,,
2026-08-29T13:35:36.498311-04:00,cfbd,401866408,Eastern Michigan,Sacramento State,DraftKings,-8.5,-8.5,52.5,,-355.0,280.0,,,
2026-08-29T13:35:36.498311-04:00,cfbd,401866408,Eastern Michigan,Sacramento State,Bovada,-8.5,-8.5,53.0,52.5,-330.0,265.0,,,
2026-08-29T13:35:36.498311-04:00,cfbd,401858434,Penn State,Marshall,Bovada,-24.5,-23.5,54.5,54.5,-3300.0,1100.0,,,
2026-08-29T13:35:36.498311-04:00,cfbd,401858434,Penn State,Marshall,DraftKings,-24.5,-23.5,54.5,,-4000.0,1600.0,,,
2026-08-29T13:35:36.498311-04:00,cfbd,401864497,Hawai'i,UNLV,Bovada,3.0,1.5,58.5,58.5,105.0,-125.0,,,
2026-08-29T13:35:36.498311-04:00,cfbd,401864497,Hawai'i,UNLV,DraftKings,3.0,1.5,58.5,,130.0,-155.0,,,
2026-08-29T13:35:36.498311-04:00,cfbd,401858438,Notre Dame,Wisconsin,Bovada,-20.5,-16.5,47.5,46.5,-2500.0,1000.0,,,
2026-08-29T13:35:36.498311-04:00,cfbd,401858438,Notre Dame,Wisconsin,DraftKings,-20.5,,47.5,47.5,-1800.0,1000.0,,,
2026-08-29T13:35:36.498311-04:00,cfbd,401860878,Colorado State,Wyoming,DraftKings,-3.5,-4.0,47.5,,-170.0,142.0,,,
2026-08-29T13:35:36.498311-04:00,cfbd,401860878,Colorado State,Wyoming,Bovada,-3.5,-4.0,47.5,47.5,-180.0,155.0,,,
2026-08-29T13:35:36.498311-04:00,cfbd,401862699,South Florida,Florida International,Bovada,-13.0,-12.5,54.0,54.5,-460.0,340.0,,,
2026-08-29T13:35:36.498311-04:00,cfbd,401862699,South Florida,Florida International,DraftKings,-13.5,-12.5,53.5,,-575.0,425.0,,,
2026-08-29T13:35:36.498311-04:00,cfbd,401856665,South Carolina,Kent State,Bovada,-36.5,-34.5,53.0,52.5,-100000.0,-100000.0,,,
2026-08-29T13:35:36.498311-04:00,cfbd,401856665,South Carolina,Kent State,DraftKings,-36.5,-33.5,53.5,,-100000.0,5000.0,,,
2026-08-29T13:35:36.498311-04:00,cfbd,401856637,Florida,Florida Atlantic,Bovada,-26.5,-25.5,59.5,56.5,-7000.0,1300.0,,,
2026-08-29T13:35:36.498311-04:00,cfbd,401856637,Florida,Florida Atlantic,DraftKings,-27.5,-25.5,59.5,,-5000.0,1800.0,,,
2026-08-29T13:35:36.498311-04:00,cfbd,401858210,California,UCLA,Bovada,2.0,-3.5,54.0,53.5,-115.0,-105.0,,,
2026-08-29T13:35:36.498311-04:00,cfbd,401858210,California,UCLA,DraftKings,1.5,-1.5,53.5,,100.0,-120.0,,,
2026-08-29T13:35:36.498311-04:00,cfbd,401864577,North Dakota State,Jacksonville State,Bovada,-6.5,-10.0,46.5,48.5,-330.0,265.0,,,
2026-08-29T13:35:36.498311-04:00,cfbd,401864577,North Dakota State,Jacksonville State,DraftKings,-6.5,-10.0,46.5,,-265.0,215.0,,,
2026-08-29T13:35:36.498311-04:00,cfbd,401864570,Florida State,New Mexico State,Bovada,-31.0,-29.5,53.5,53.5,-100000.0,2800.0,,,
2026-08-29T13:35:36.498311-04:00,cfbd,401864570,Florida State,New Mexico State,DraftKings,-31.5,-28.5,53.5,,-10000.0,3000.0,,,
2026-08-29T13:35:36.498311-04:00,cfbd,401870763,Troy,Sam Houston,Bovada,-17.0,-17.0,53.0,50.5,-1300.0,725.0,,,
2026-08-29T13:35:36.498311-04:00,cfbd,401870763,Troy,Sam Houston,DraftKings,-16.5,-17.5,53.5,,-1000.0,650.0,,,
2026-08-29T13:35:36.498311-04:00,cfbd,401864494,USC,San José State,DraftKings,-38.5,-35.5,60.5,,-100000.0,5000.0,,,
2026-08-29T13:35:36.498311-04:00,cfbd,401864494,USC,San José State,Bovada,-38.5,-35.5,60.5,57.5,-100000.0,3500.0,,,
2026-08-29T13:35:36.498311-04:00,cfbd,401858426,Iowa,Northern Illinois,Bovada,-32.0,-29.5,45.5,43.5,-100000.0,2500.0,,,
2026-08-29T13:35:36.498311-04:00,cfbd,401858426,Iowa,Northern Illinois,DraftKings,-31.5,-29.5,45.5,,-100000.0,5000.0,,,
2026-08-29T13:35:36.498311-04:00,cfbd,401856778,Houston,Oregon State,Bovada,-21.0,-18.5,51.5,51.5,-1300.0,725.0,,,
2026-08-29T13:35:36.498311-04:00,cfbd,401856778,Houston,Oregon State,DraftKings,-20.5,-18.5,51.5,,-1800.0,1000.0,,,
2026-08-29T13:35:36.498311-04:00,cfbd,401864495,Eastern Michigan,San José State,DraftKings,-4.5,-3.5,53.5,,-218.0,180.0,,,
2026-08-29T13:35:36.498311-04:00,cfbd,401864495,Eastern Michigan,San José State,Bovada,-4.5,-3.5,53.5,53.5,-160.0,135.0,,,
2026-08-29T13:35:36.498311-04:00,cfbd,401856780,West Virginia,Coastal Carolina,Bovada,-21.5,-17.5,56.0,57.5,-1725.0,-100000.0,,,
2026-08-29T13:35:36.498311-04:00,cfbd,401856780,West Virginia,Coastal Carolina,DraftKings,-21.5,-17.5,56.5,,-1650.0,950.0,,,
2026-08-29T13:35:36.498311-04:00,cfbd,401858204,Wake Forest,Akron,DraftKings,-24.5,-22.5,48.5,,-3600.0,1500.0,,,
2026-08-29T13:35:36.498311-04:00,cfbd,401858204,Wake Forest,Akron,Bovada,-24.0,-22.5,48.5,49.5,-3500.0,1100.0,,,
2026-08-29T13:35:36.498311-04:00,cfbd,401858207,Pittsburgh,Miami (OH),Bovada,-16.0,-16.5,49.5,50.5,-800.0,525.0,,,
2026-08-29T13:35:36.498311-04:00,cfbd,401858207,Pittsburgh,Miami (OH),DraftKings,-16.5,-16.5,49.5,,-850.0,575.0,,,
2026-08-29T13:35:36.498311-04:00,cfbd,401858429,Michigan State,Toledo,DraftKings,-10.0,-10.5,49.5,,-395.0,310.0,,,
2026-08-29T13:35:36.498311-04:00,cfbd,401858429,Michigan State,Toledo,Bovada,-10.0,-10.5,49.5,49.5,-410.0,305.0,,,
2026-08-29T13:35:36.498311-04:00,cfbd,401862695,Memphis,Arkansas State,Bovada,-8.5,-10.5,55.5,55.5,-440.0,330.0,,,
2026-08-29T13:35:36.498311-04:00,cfbd,401862695,Memphis,Arkansas State,DraftKings,-8.5,-10.5,55.5,,-310.0,250.0,,,
2026-08-29T13:35:36.498311-04:00,cfbd,401856660,LSU,Clemson,Bovada,-10.5,-11.5,51.0,51.5,-480.0,350.0,,,
2026-08-29T13:35:36.498311-04:00,cfbd,401856660,LSU,Clemson,DraftKings,-10.5,,51.5,,-380.0,300.0,,,
2026-08-29T13:35:36.498311-04:00,cfbd,401858432,Ohio State,Ball State,Bovada,-51.0,-50.5,56.5,56.5,,,,,
2026-08-29T13:35:36.498311-04:00,cfbd,401858432,Ohio State,Ball State,DraftKings,-50.5,-49.5,56.5,,,,,,
2026-08-29T13:35:36.498311-04:00,cfbd,401856668,Texas A&M,Missouri State,Bovada,-40.5,-38.5,52.5,52.5,,,,,
2026-08-29T13:35:36.498311-04:00,cfbd,401856668,Texas A&M,Missouri State,DraftKings,-41.5,-38.5,52.5,,,,,,
2026-08-29T13:35:36.498311-04:00,cfbd,401856664,Oklahoma,UTEP,Bovada,-40.5,-40.5,50.5,50.5,,,,,
2026-08-29T13:35:36.498311-04:00,cfbd,401856664,Oklahoma,UTEP,DraftKings,-41.5,-40.5,50.5,,,,,,
2026-08-29T18:08:10.789659-04:00,cfbd,401856779,Iowa State,Southeast Missouri State,DraftKings,-29.5,-29.5,53.5,53.5,-20000.0,3500.0,,,
2026-08-29T18:08:10.789659-04:00,cfbd,401856658,Georgia,Tennessee State,DraftKings,-47.5,-46.5,55.5,56.5,,,,,
2026-08-29T18:08:10.789659-04:00,cfbd,401866410,Bowling Green,Tarleton State,DraftKings,-2.5,-2.5,47.5,47.5,-135.0,114.0,,,
2026-08-29T18:08:10.789659-04:00,cfbd,401869960,James Madison,Liberty,DraftKings,-6.5,-6.0,52.5,,-245.0,200.0,,,
2026-08-29T18:08:10.789659-04:00,cfbd,401869960,James Madison,Liberty,Bovada,-6.5,-6.0,53.0,50.5,-250.0,210.0,,,
2026-08-29T18:08:10.789659-04:00,cfbd,401856666,Tennessee,Furman,DraftKings,-46.5,-46.5,66.5,66.5,,,,,
2026-08-29T18:08:10.789659-04:00,cfbd,401856777,Cincinnati,Boston College,DraftKings,-7.5,-9.5,51.5,,-310.0,250.0,,,
2026-08-29T18:08:10.789659-04:00,cfbd,401856777,Cincinnati,Boston College,Bovada,-7.5,-9.5,52.0,54.5,-270.0,220.0,,,
2026-08-29T18:08:10.789659-04:00,cfbd,401856635,Arkansas,North Alabama,DraftKings,-40.5,-40.5,63.5,63.5,,,,,
2026-08-29T18:08:10.789659-04:00,cfbd,401856767,UCF,Bethune-Cookman,DraftKings,-42.5,-41.5,59.5,,,,,,
2026-08-29T18:08:10.789659-04:00,cfbd,401858208,Syracuse,New Hampshire,DraftKings,-32.5,-32.5,55.5,55.5,-100000.0,5000.0,,,
2026-08-29T18:08:10.789659-04:00,cfbd,401862701,Army,Bryant,DraftKings,-36.5,-36.5,51.5,,,,,,
2026-08-29T18:08:10.789659-04:00,cfbd,401861962,UConn,Lafayette,DraftKings,-19.5,-19.5,58.5,58.5,-1100.0,700.0,,,
2026-08-29T18:08:10.789659-04:00,cfbd,401864496,Air Force,Duquesne,DraftKings,-30.5,-30.5,58.5,58.5,-100000.0,5000.0,,,
2026-08-29T18:08:10.789659-04:00,cfbd,401856659,Kentucky,Youngstown State,DraftKings,-23.5,-23.5,62.5,62.5,-4000.0,1600.0,,,
2026-08-29T18:08:10.789659-04:00,cfbd,401862698,Temple,Rhode Island,DraftKings,-10.5,-10.0,51.5,51.5,-550.0,410.0,,,
2026-08-29T18:08:10.789659-04:00,cfbd,401864425,Kennesaw State,West Georgia,DraftKings,-22.5,-22.5,51.5,51.5,-3600.0,1500.0,,,
2026-08-29T18:08:10.789659-04:00,cfbd,401856663,Missouri,Arkansas-Pine Bluff,DraftKings,-54.5,-54.5,60.5,60.5,,,,,
2026-08-29T18:08:10.789659-04:00,cfbd,401856769,Kansas,Long Island University,DraftKings,-38.5,-38.5,53.5,53.5,,,,,
2026-08-29T18:08:10.789659-04:00,cfbd,401864424,Delaware,Merrimack,DraftKings,-28.5,-28.5,55.5,55.5,-20000.0,3500.0,,,
2026-08-29T18:08:10.789659-04:00,cfbd,401858435,Purdue,Indiana State,DraftKings,-35.5,-34.5,56.5,56.5,,,,,
2026-08-29T18:08:10.789659-04:00,cfbd,401862696,Navy,Towson,DraftKings,-30.5,-30.5,53.5,53.5,-20000.0,3500.0,,,
2026-08-29T18:08:10.789659-04:00,cfbd,401862694,Charlotte,The Citadel,DraftKings,-15.5,-15.5,46.5,46.5,-1100.0,700.0,,,
2026-08-29T18:08:10.789659-04:00,cfbd,401858422,Minnesota,Eastern Illinois,DraftKings,-43.5,-43.5,51.5,,,,,,
2026-08-29T18:08:10.789659-04:00,cfbd,401866623,Georgia State,North Carolina A&T,DraftKings,-28.5,-28.5,63.5,63.5,-4500.0,1700.0,,,
2026-08-29T18:08:10.789659-04:00,cfbd,401866409,Buffalo,UAlbany,DraftKings,-24.5,-24.5,48.5,48.5,-5000.0,1800.0,,,
2026-08-29T18:08:10.789659-04:00,cfbd,401862700,UTSA,UT Rio Grande Valley,DraftKings,-28.5,-28.5,59.5,59.5,-9000.0,2500.0,,,
2026-08-29T18:08:10.789659-04:00,cfbd,401864499,North Dakota State,Fordham,DraftKings,-39.5,-39.5,57.5,57.5,,,,,
2026-08-29T18:08:10.789659-04:00,cfbd,401866627,App State,Maine,DraftKings,-18.5,-17.5,53.5,53.5,-800.0,550.0,,,
2026-08-29T18:08:10.789659-04:00,cfbd,401868356,Southern Miss,Alcorn State,DraftKings,-21.0,-21.0,50.5,50.5,-2800.0,1300.0,,,
2026-08-29T18:08:10.789659-04:00,cfbd,401867973,Old Dominion,Norfolk State,DraftKings,-41.5,-41.5,55.5,55.5,,,,,
2026-08-29T18:08:10.789659-04:00,cfbd,401856770,Texas Tech,Abilene Christian,DraftKings,-42.5,-42.5,59.5,59.5,,,,,
2026-08-29T18:08:10.789659-04:00,cfbd,401856771,Kansas State,Nicholls,DraftKings,-40.5,-40.5,55.5,55.5,,,,,
2026-08-29T18:08:10.789659-04:00,cfbd,401858211,Virginia Tech,VMI,DraftKings,-50.5,-50.5,57.5,57.5,,,,,
2026-08-29T18:08:10.789659-04:00,cfbd,401869129,Louisiana Tech,Northwestern State,DraftKings,-41.5,-41.5,52.5,52.5,,,,,
2026-08-29T18:08:10.789659-04:00,cfbd,401856775,BYU,Utah Tech,DraftKings,-47.5,-47.5,54.5,54.5,,,,,
2026-08-29T18:08:10.789659-04:00,cfbd,401858427,Maryland,Hampton,DraftKings,-45.5,-45.5,56.5,56.5,,,,,
2026-08-29T18:08:10.789659-04:00,cfbd,401856773,Arizona,Northern Arizona,DraftKings,-31.5,-31.5,56.5,56.5,-10000.0,3000.0,,,
2026-08-29T18:08:10.789659-04:00,cfbd,401856774,Arizona State,Morgan State,DraftKings,-41.5,-41.5,52.5,52.5,,,,,
2026-08-29T18:08:10.789659-04:00,cfbd,401866411,Sacramento State,Mississippi Valley State,DraftKings,-35.5,-35.5,56.5,56.5,,,,,
2026-08-29T18:08:10.789659-04:00,cfbd,401860879,San Diego State,Portland State,DraftKings,-40.5,-38.5,57.5,57.5,,,,,
2026-08-29T18:08:10.789659-04:00,cfbd,401869142,Louisiana,Lamar,DraftKings,-20.5,-18.5,48.5,48.5,-1000.0,650.0,,,
2026-08-29T18:08:10.789659-04:00,cfbd,401856669,Vanderbilt,Austin Peay,DraftKings,-30.5,-30.5,61.5,61.5,-100000.0,5000.0,,,
2026-08-29T18:08:10.789659-04:00,cfbd,401868316,South Alabama,SE Louisiana,DraftKings,-12.5,-12.5,52.5,52.5,-600.0,440.0,,,
2026-08-29T18:08:10.789659-04:00,cfbd,401867866,Middle Tennessee,Murray State,DraftKings,-20.5,-20.5,59.5,59.5,-1650.0,950.0,,,
2026-08-29T18:08:10.789659-04:00,cfbd,401868140,Jacksonville State,Eastern Kentucky,DraftKings,-19.5,-19.5,52.5,52.5,-2100.0,1100.0,,,
2026-08-29T18:08:10.789659-04:00,cfbd,401868170,Georgia Southern,Charleston Southern,DraftKings,-25.5,-25.5,51.5,51.5,-4500.0,1700.0,,,
2026-08-29T18:08:10.789659-04:00,cfbd,401862697,Rice,Houston Christian,DraftKings,-24.5,-24.5,47.5,47.5,-1800.0,1000.0,,,
2026-08-29T18:08:10.789659-04:00,cfbd,401858431,Northwestern,South Dakota State,DraftKings,-12.5,-12.5,46.5,46.5,-700.0,500.0,,,
2026-08-29T18:08:10.789659-04:00,cfbd,401860880,Utah State,Idaho State,DraftKings,-12.5,-11.5,63.5,64.5,-550.0,410.0,,,
2026-08-29T18:08:10.789659-04:00,cfbd,401870790,New Mexico State,Mercyhurst,DraftKings,-24.5,-24.5,50.5,50.5,-4500.0,1700.0,,,
2026-08-29T18:08:10.789659-04:00,cfbd,401858423,Rutgers,Massachusetts,Bovada,-29.0,-30.5,53.0,54.5,,,,,
2026-08-29T18:08:10.789659-04:00,cfbd,401858423,Rutgers,Massachusetts,DraftKings,-29.5,-30.5,52.5,,-9000.0,2500.0,,,
2026-08-29T18:08:10.789659-04:00,cfbd,401856768,Utah,Idaho,DraftKings,-33.5,-32.5,56.5,56.5,-20000.0,3500.0,,,
2026-08-29T18:08:10.789659-04:00,cfbd,401867894,Youngstown State,Mercyhurst,Draft Kings,-30.5,,57.5,,,,,,
2026-08-29T18:08:10.789659-04:00,cfbd,401868129,Northern Colorado,Weber State,DraftKings,-3.0,-3.5,50.5,49.5,-161.0,129.0,,,
2026-08-29T18:08:10.789659-04:00,cfbd,401868129,Northern Colorado,Weber State,Draft Kings,-3.0,,50.5,,,,,,
2026-08-29T18:08:10.789659-04:00,cfbd,401866617,Merrimack,Rhode Island,DraftKings,20.5,20.5,47.5,53.5,890.0,-1960.0,,,
2026-08-29T18:08:10.789659-04:00,cfbd,401866617,Merrimack,Rhode Island,Draft Kings,21.0,,47.5,,,,,,
2026-08-29T18:08:10.789659-04:00,cfbd,401868324,Alabama State,Southern,DraftKings,-19.5,-19.5,56.5,56.5,-1760.0,830.0,,,
2026-08-29T18:08:10.789659-04:00,cfbd,401866616,UAlbany,New Hampshire,DraftKings,10.0,11.5,46.5,45.5,268.0,-357.0,,,
2026-08-29T18:08:10.789659-04:00,cfbd,401866616,UAlbany,New Hampshire,Draft Kings,10.0,,46.5,,,,,,
2026-08-29T18:08:10.789659-04:00,cfbd,401868040,Villanova,William & Mary,DraftKings,-12.5,-11.5,47.5,50.5,-700.0,462.0,,,
2026-08-29T18:08:10.789659-04:00,cfbd,401868040,Villanova,William & Mary,Draft Kings,-12.5,,47.5,,,,,,
2026-08-29T18:08:10.789659-04:00,cfbd,401867882,South Dakota,Central Connecticut,DraftKings,-21.5,-22.5,49.5,53.5,-3900.0,1180.0,,,
2026-08-29T18:08:10.789659-04:00,cfbd,401867882,South Dakota,Central Connecticut,Draft Kings,-20.5,,49.5,,,,,,
2026-08-29T18:08:10.789659-04:00,cfbd,401867916,Wagner,Robert Morris,DraftKings,-5.5,-5.5,40.5,39.5,-223.0,176.0,,,
2026-08-29T18:08:10.789659-04:00,cfbd,401867916,Wagner,Robert Morris,Draft Kings,-5.5,,40.5,,,,,,
2026-08-29T18:08:10.789659-04:00,cfbd,401858212,Florida State,SMU,DraftKings,2.5,,52.5,,124.0,-148.0,,,
2026-08-29T18:08:10.789659-04:00,cfbd,401858212,Florida State,SMU,Bovada,2.0,2.5,53.0,52.5,120.0,-140.0,,,
2026-08-29T18:08:10.789659-04:00,cfbd,401858436,USC,Fresno State,DraftKings,-23.5,-23.5,51.5,,-3200.0,1400.0,,,
2026-08-29T18:08:10.789659-04:00,cfbd,401858436,USC,Fresno State,Bovada,-23.5,-23.0,51.5,51.5,-3500.0,-100000.0,,,
2026-08-29T18:08:10.789659-04:00,cfbd,401858201,Stanford,Hawai'i,DraftKings,-4.5,-3.0,48.5,,-198.0,164.0,,,
2026-08-29T18:08:10.789659-04:00,cfbd,401858201,Stanford,Hawai'i,Bovada,-4.5,-3.0,48.5,50.5,-170.0,145.0,,,
2026-08-29T18:08:10.789659-04:00,cfbd,401858437,Washington,Washington State,DraftKings,-23.5,-21.5,50.5,,-2800.0,1300.0,,,
2026-08-29T18:08:10.789659-04:00,cfbd,401858437,Washington,Washington State,Bovada,-23.5,-21.5,51.0,50.5,-2200.0,1000.0,,,
2026-08-29T18:08:10.789659-04:00,cfbd,401858206,Stanford,Miami,DraftKings,24.5,21.5,48.5,,1600.0,-4000.0,,,
2026-08-29T18:08:10.789659-04:00,cfbd,401858206,Stanford,Miami,Bovada,24.5,21.5,47.5,48.5,-100000.0,-2500.0,,,
2026-08-29T18:08:10.789659-04:00,cfbd,401866620,East Tennessee State,Campbell,DraftKings,-7.0,-7.0,56.5,55.5,-267.0,207.0,,,
2026-08-29T18:08:10.789659-04:00,cfbd,401868101,Idaho State,VMI,DraftKings,-34.5,-34.5,53.5,60.5,,,,,
2026-08-29T18:08:10.789659-04:00,cfbd,401866621,Tennessee Tech,Monmouth,DraftKings,-8.5,-8.5,58.5,58.5,-340.0,257.0,,,
2026-08-29T18:08:10.789659-04:00,cfbd,401858425,Indiana,North Texas,DraftKings,-40.5,-40.5,55.5,,,,,,
2026-08-29T18:08:10.789659-04:00,cfbd,401858425,Indiana,North Texas,Bovada,-41.0,-40.5,55.5,55.5,,,,,
2026-08-29T18:08:10.789659-04:00,cfbd,401856776,Georgia Tech,Colorado,DraftKings,-6.5,-7.0,50.5,,-238.0,195.0,,,
2026-08-29T18:08:10.789659-04:00,cfbd,401856776,Georgia Tech,Colorado,Bovada,-6.5,-7.0,51.0,51.5,-290.0,240.0,,,
2026-08-29T18:08:10.789659-04:00,cfbd,401866619,Stonehill,Bryant,DraftKings,4.5,4.5,45.5,44.5,153.0,-192.0,,,
2026-08-29T18:08:10.789659-04:00,cfbd,401868394,Wofford,The Citadel,DraftKings,-7.5,-8.5,45.5,45.5,-415.0,305.0,,,
2026-08-29T18:08:10.789659-04:00,cfbd,401858209,Duke,Tulane,DraftKings,-9.5,-8.5,50.5,,-380.0,300.0,,,
2026-08-29T18:08:10.789659-04:00,cfbd,401858209,Duke,Tulane,Bovada,-8.5,-8.5,51.0,53.5,-480.0,350.0,,,
2026-08-29T18:08:10.789659-04:00,cfbd,401856667,Texas,Texas State,DraftKings,-30.5,-30.5,59.5,,-10000.0,3000.0,,,
2026-08-29T18:08:10.789659-04:00,cfbd,401856667,Texas,Texas State,Bovada,-30.5,-30.5,60.0,59.5,-10000.0,-100000.0,,,
2026-08-29T18:08:10.789659-04:00,cfbd,401868084,Northern Arizona,Eastern Washington,DraftKings,-5.5,-3.0,55.5,56.5,-242.0,189.0,,,
2026-08-29T18:08:10.789659-04:00,cfbd,401868022,Holy Cross,Lehigh,DraftKings,14.0,14.0,47.5,47.5,509.0,-800.0,,,
2026-08-29T18:08:10.789659-04:00,cfbd,401867855,Indiana State,Southeast Missouri State,DraftKings,-2.5,-2.5,52.5,52.5,-143.0,115.0,,,
2026-08-29T18:08:10.789659-04:00,cfbd,401866618,North Carolina A&T,Morgan State,DraftKings,7.0,8.5,49.5,50.5,210.0,-270.0,,,
2026-08-29T18:08:10.789659-04:00,cfbd,401858202,Virginia,NC State,Bovada,-4.0,-3.5,50.5,54.5,-145.0,125.0,,,
2026-08-29T18:08:10.789659-04:00,cfbd,401858202,Virginia,NC State,DraftKings,-4.0,,50.5,,-185.0,154.0,,,
2026-08-29T18:08:10.789659-04:00,cfbd,401862693,UNLV,Memphis,DraftKings,-4.0,-3.0,55.5,,-198.0,164.0,,,
2026-08-29T18:08:10.789659-04:00,cfbd,401862693,UNLV,Memphis,Bovada,-4.0,-3.0,56.0,60.5,-170.0,145.0,,,
2026-08-29T18:08:10.789659-04:00,cfbd,401867977,Texas Southern,North Carolina Central,DraftKings,10.5,11.5,51.5,51.5,328.0,-453.0,,,
2026-08-29T18:08:10.789659-04:00,cfbd,401856772,Tulsa,Oklahoma State,DraftKings,14.0,11.5,60.5,,440.0,-600.0,,,
2026-08-29T18:08:10.789659-04:00,cfbd,401856772,Tulsa,Oklahoma State,Bovada,13.5,11.5,60.0,61.5,390.0,-550.0,,,
2026-08-29T18:08:10.789659-04:00,cfbd,401867988,Richmond,Bucknell,DraftKings,-12.5,-10.5,48.5,49.5,-620.0,420.0,,,
2026-08-29T18:08:10.789659-04:00,cfbd,401868049,Lamar,Abilene Christian,DraftKings,7.5,7.5,49.5,49.5,232.0,-303.0,,,
2026-08-29T18:08:10.789659-04:00,cfbd,401867935,Howard,Alabama A&M,DraftKings,-1.5,-2.5,46.5,46.5,-124.0,100.0,,,
2026-08-29T18:08:10.789659-04:00,cfbd,401868110,Montana,Southern Utah,DraftKings,-15.5,-16.5,59.5,58.5,-1080.0,620.0,,,
2026-08-29T18:08:10.789659-04:00,cfbd,401868235,Tarleton State,Prairie View A&M,DraftKings,-19.5,-21.5,54.5,54.5,-1540.0,770.0,,,
2026-08-29T18:08:10.789659-04:00,cfbd,401874042,Mercer,East Texas A&M,DraftKings,-22.5,-23.5,57.5,60.5,-3200.0,1100.0,,,
2026-08-29T18:08:10.789659-04:00,cfbd,401868139,Western Carolina,Eastern Kentucky,DraftKings,-3.0,-4.5,54.5,50.5,-152.0,122.0,,,
2026-08-29T18:08:10.789659-04:00,cfbd,401872615,South Dakota State,Stetson,DraftKings,-50.5,-47.5,58.5,56.5,,,,,
2026-08-29T18:08:10.789659-04:00,cfbd,401868149,North Alabama,Samford,DraftKings,-7.0,-7.5,55.5,55.5,-313.0,239.0,,,
2026-08-29T18:08:10.789659-04:00,cfbd,401868305,McNeese,Stephen F. Austin,DraftKings,12.5,13.5,49.5,49.5,328.0,-453.0,,,
2026-08-29T18:08:10.789659-04:00,cfbd,401868118,Utah Tech,Montana State,DraftKings,32.5,31.5,57.5,56.5,,,,,
2026-08-29T18:08:10.789659-04:00,cfbd,401868240,West Georgia,Chattanooga,Draft Kings,3.5,,50.5,,,,,,
2026-08-29T18:08:10.789659-04:00,cfbd,401866532,Towson,Maine,Draft Kings,-2.5,,46.5,,,,,,
2026-08-29T18:08:10.789659-04:00,cfbd,401866615,Delaware State,Stony Brook,Draft Kings,4.5,,50.5,,,,,,
2026-08-29T18:08:10.789659-04:00,cfbd,401868315,SE Louisiana,Houston Christian,Draft Kings,-24.5,,51.5,,,,,,
2026-08-29T18:08:10.789659-04:00,cfbd,401867865,Murray State,Eastern Illinois,Draft Kings,-4.5,,49.5,,,,,,
2026-08-29T18:08:10.789659-04:00,cfbd,401868169,Lindenwood,Charleston Southern,Draft Kings,-7.5,,45.5,,,,,,
2026-08-29T18:08:10.789659-04:00,cfbd,401868962,Nicholls,Mississippi Valley State,Draft Kings,-28.5,,51.5,,,,,,
2026-08-29T18:08:10.789659-04:00,cfbd,401874035,West Florida,Southern Illinois,Draft Kings,19.5,,55.5,,,,,,
2026-08-29T18:08:10.789659-04:00,cfbd,401868060,Austin Peay,Gardner-Webb,Draft Kings,-14.5,,59.5,,,,,,
2026-08-29T18:08:10.789659-04:00,cfbd,401868070,UT Martin,Central Arkansas,Draft Kings,-3.0,,50.5,,,,,,
2026-08-29T18:08:10.789659-04:00,cfbd,401867874,North Dakota,Long Island University,Draft Kings,-27.5,,44.5,,,,,,
2026-08-29T18:08:10.789659-04:00,cfbd,401868154,Portland State,UC Davis,DraftKings,25.5,24.5,60.5,62.5,1300.0,-5400.0,,,
2026-08-29T18:08:10.789659-04:00,cfbd,401868194,Tennessee State,Jackson State,DraftKings,12.5,15.5,49.5,49.5,435.0,-650.0,,,
2026-08-29T18:08:10.789659-04:00,cfbd,401856766,TCU,North Carolina,Draft Kings,-7.5,,46.5,,,,,,
2026-08-29T18:08:10.789659-04:00,cfbd,401856766,TCU,North Carolina,DraftKings,-7.5,,46.5,,-310.0,250.0,,,
2026-08-29T18:08:10.789659-04:00,cfbd,401856766,TCU,North Carolina,Bovada,-7.5,-7.5,46.0,50.5,-235.0,195.0,,,
2026-08-29T18:08:10.789659-04:00,cfbd,401868261,New Haven,Marist,DraftKings,-2.5,1.5,46.5,44.5,-145.0,116.0,,,
2026-08-29T18:08:10.789659-04:00,cfbd,401868261,New Haven,Marist,Draft Kings,-2.5,,46.5,,,,,,
2026-08-29T18:08:10.789659-04:00,cfbd,401868007,Fordham,Colgate,DraftKings,8.5,10.0,55.5,50.5,242.0,-318.0,,,
2026-08-29T18:08:10.789659-04:00,cfbd,401868007,Fordham,Colgate,Draft Kings,8.5,,55.5,,,,,,
2026-08-29T18:08:10.789659-04:00,cfbd,401868073,Cal Poly,Idaho,DraftKings,5.5,3.5,53.5,55.5,172.0,-219.0,,,
2026-08-29T18:08:10.789659-04:00,cfbd,401868073,Cal Poly,Idaho,Draft Kings,5.5,,53.5,,,,,,
2026-08-29T18:08:10.789659-04:00,cfbd,401858428,Michigan,Western Michigan,Bovada,-27.5,-26.5,47.5,47.5,-100000.0,2200.0,,,
2026-08-29T18:08:10.789659-04:00,cfbd,401858428,Michigan,Western Michigan,DraftKings,-27.5,-26.5,47.5,,-6500.0,2000.0,,,
2026-08-29T18:08:10.789659-04:00,cfbd,401858424,Illinois,UAB,Bovada,-28.5,-27.5,57.0,56.5,-100000.0,2000.0,,,
2026-08-29T18:08:10.789659-04:00,cfbd,401858424,Illinois,UAB,DraftKings,-28.5,-27.5,55.5,,-10000.0,3000.0,,,
2026-08-29T18:08:10.789659-04:00,cfbd,401856634,Alabama,East Carolina,DraftKings,-28.5,-25.5,53.5,,-10000.0,3000.0,,,
2026-08-29T18:08:10.789659-04:00,cfbd,401856634,Alabama,East Carolina,Bovada,-28.5,-25.5,54.0,53.5,-10000.0,1600.0,,,
2026-08-29T18:08:10.789659-04:00,cfbd,401856662,Mississippi State,UL Monroe,Bovada,-28.5,-28.5,55.5,55.5,-100000.0,2000.0,,,
2026-08-29T18:08:10.789659-04:00,cfbd,401856662,Mississippi State,UL Monroe,DraftKings,-28.5,-28.5,56.5,,-6500.0,2000.0,,,
2026-08-29T18:08:10.789659-04:00,cfbd,401864498,New Mexico,Central Michigan,Bovada,-10.0,-12.5,47.0,49.0,-575.0,400.0,,,
2026-08-29T18:08:10.789659-04:00,cfbd,401864498,New Mexico,Central Michigan,DraftKings,-10.5,-12.5,46.5,,-410.0,320.0,,,
2026-08-29T18:08:10.789659-04:00,cfbd,401858433,Oregon,Boise State,DraftKings,-24.5,-24.5,51.5,,-4500.0,1700.0,,,
2026-08-29T18:08:10.789659-04:00,cfbd,401858433,Oregon,Boise State,Bovada,-24.5,-24.5,52.0,53.5,-10000.0,1600.0,,,
2026-08-29T18:08:10.789659-04:00,cfbd,401858430,Nebraska,Ohio,DraftKings,-23.5,-23.5,47.5,,-1800.0,1000.0,,,
2026-08-29T18:08:10.789659-04:00,cfbd,401858430,Nebraska,Ohio,Bovada,-24.0,-23.5,47.5,47.5,-4000.0,1200.0,,,
2026-08-29T18:08:10.789659-04:00,cfbd,401864432,Nevada,Western Kentucky,Bovada,2.5,4.0,53.0,53.5,120.0,-140.0,,,
2026-08-29T18:08:10.789659-04:00,cfbd,401864432,Nevada,Western Kentucky,DraftKings,2.5,4.5,52.5,,110.0,-130.0,,,
2026-08-29T18:08:10.789659-04:00,cfbd,401856636,Auburn,Baylor,DraftKings,-7.0,-6.5,59.5,,-298.0,240.0,,,
2026-08-29T18:08:10.789659-04:00,cfbd,401856636,Auburn,Baylor,Bovada,-7.0,-7.5,59.0,58.5,-270.0,220.0,,,
2026-08-29T18:08:10.789659-04:00,cfbd,401856661,Ole Miss,Louisville,Bovada,-6.5,-8.5,55.5,52.5,-270.0,220.0,,,
2026-08-29T18:08:10.789659-04:00,cfbd,401856661,Ole Miss,Louisville,DraftKings,-6.5,,55.5,,-258.0,210.0,,,
2026-08-29T18:08:10.789659-04:00,cfbd,401866408,Eastern Michigan,Sacramento State,DraftKings,-8.5,-8.5,52.5,,-355.0,280.0,,,
2026-08-29T18:08:10.789659-04:00,cfbd,401866408,Eastern Michigan,Sacramento State,Bovada,-9.0,-8.5,53.0,52.5,-330.0,265.0,,,
2026-08-29T18:08:10.789659-04:00,cfbd,401858434,Penn State,Marshall,Bovada,-24.5,-23.5,54.5,54.5,-3300.0,1100.0,,,
2026-08-29T18:08:10.789659-04:00,cfbd,401858434,Penn State,Marshall,DraftKings,-24.5,-23.5,54.5,,-4000.0,1600.0,,,
2026-08-29T18:08:10.789659-04:00,cfbd,401864497,Hawai'i,UNLV,Bovada,3.0,1.5,58.5,58.5,105.0,-125.0,,,
2026-08-29T18:08:10.789659-04:00,cfbd,401864497,Hawai'i,UNLV,DraftKings,3.0,1.5,58.5,,130.0,-155.0,,,
2026-08-29T18:08:10.789659-04:00,cfbd,401864494,USC,San José State,DraftKings,-37.5,-35.5,61.5,,-100000.0,5000.0,,,
2026-08-29T18:08:10.789659-04:00,cfbd,401864494,USC,San José State,Bovada,-37.0,-35.5,60.5,57.5,-100000.0,3500.0,,,
2026-08-29T18:08:10.789659-04:00,cfbd,401858438,Notre Dame,Wisconsin,Bovada,-20.5,-16.5,47.5,46.5,-2500.0,1000.0,,,
2026-08-29T18:08:10.789659-04:00,cfbd,401858438,Notre Dame,Wisconsin,DraftKings,-20.5,,47.5,47.5,-1800.0,1000.0,,,
2026-08-29T18:08:10.789659-04:00,cfbd,401864570,Florida State,New Mexico State,DraftKings,-30.5,-28.5,53.5,,-6500.0,2000.0,,,
2026-08-29T18:08:10.789659-04:00,cfbd,401864570,Florida State,New Mexico State,Bovada,-31.0,-29.5,53.5,53.5,-100000.0,2800.0,,,
2026-08-29T18:08:10.789659-04:00,cfbd,401860878,Colorado State,Wyoming,DraftKings,-3.5,-4.0,47.5,,-170.0,142.0,,,
2026-08-29T18:08:10.789659-04:00,cfbd,401860878,Colorado State,Wyoming,Bovada,-3.5,-4.0,47.5,47.5,-180.0,155.0,,,
2026-08-29T18:08:10.789659-04:00,cfbd,401862699,South Florida,Florida International,Bovada,-13.0,-12.5,54.0,54.5,-460.0,340.0,,,
2026-08-29T18:08:10.789659-04:00,cfbd,401862699,South Florida,Florida International,DraftKings,-13.5,-12.5,53.5,,-575.0,425.0,,,
2026-08-29T18:08:10.789659-04:00,cfbd,401856665,South Carolina,Kent State,Bovada,-36.5,-34.5,53.0,52.5,-100000.0,-100000.0,,,
2026-08-29T18:08:10.789659-04:00,cfbd,401856665,South Carolina,Kent State,DraftKings,-36.5,-33.5,53.5,,-100000.0,5000.0,,,
2026-08-29T18:08:10.789659-04:00,cfbd,401856637,Florida,Florida Atlantic,Bovada,-26.5,-25.5,59.5,56.5,-7000.0,1300.0,,,
2026-08-29T18:08:10.789659-04:00,cfbd,401856637,Florida,Florida Atlantic,DraftKings,-27.5,-25.5,59.5,,-5000.0,1800.0,,,
2026-08-29T18:08:10.789659-04:00,cfbd,401858210,California,UCLA,Bovada,2.0,-3.5,54.0,53.5,-115.0,-105.0,,,
2026-08-29T18:08:10.789659-04:00,cfbd,401858210,California,UCLA,DraftKings,1.5,-1.5,53.5,,100.0,-120.0,,,
2026-08-29T18:08:10.789659-04:00,cfbd,401870763,Troy,Sam Houston,Bovada,-17.0,-17.0,53.0,50.5,-1300.0,725.0,,,
2026-08-29T18:08:10.789659-04:00,cfbd,401870763,Troy,Sam Houston,DraftKings,-16.5,-17.5,53.5,,-1000.0,650.0,,,
2026-08-29T18:08:10.789659-04:00,cfbd,401858426,Iowa,Northern Illinois,Bovada,-32.0,-29.5,45.5,43.5,-100000.0,2500.0,,,
2026-08-29T18:08:10.789659-04:00,cfbd,401858426,Iowa,Northern Illinois,DraftKings,-31.5,-29.5,45.5,,-100000.0,5000.0,,,
2026-08-29T18:08:10.789659-04:00,cfbd,401864577,North Dakota State,Jacksonville State,Bovada,-7.0,-10.0,46.5,48.5,-330.0,265.0,,,
2026-08-29T18:08:10.789659-04:00,cfbd,401864577,North Dakota State,Jacksonville State,DraftKings,-6.5,-10.0,46.5,,-265.0,215.0,,,
2026-08-29T18:08:10.789659-04:00,cfbd,401856778,Houston,Oregon State,Bovada,-21.0,-18.5,51.5,51.5,-1300.0,725.0,,,
2026-08-29T18:08:10.789659-04:00,cfbd,401856778,Houston,Oregon State,DraftKings,-20.5,-18.5,51.5,,-1800.0,1000.0,,,
2026-08-29T18:08:10.789659-04:00,cfbd,401864495,Eastern Michigan,San José State,DraftKings,-4.5,-3.5,53.5,,-218.0,180.0,,,
2026-08-29T18:08:10.789659-04:00,cfbd,401864495,Eastern Michigan,San José State,Bovada,-4.5,-3.5,53.5,53.5,-160.0,135.0,,,
2026-08-29T18:08:10.789659-04:00,cfbd,401858204,Wake Forest,Akron,DraftKings,-24.5,-22.5,48.5,,-3600.0,1500.0,,,
2026-08-29T18:08:10.789659-04:00,cfbd,401858204,Wake Forest,Akron,Bovada,-24.0,-22.5,48.5,49.5,-3500.0,1100.0,,,
2026-08-29T18:08:10.789659-04:00,cfbd,401856780,West Virginia,Coastal Carolina,Bovada,-21.5,-17.5,56.0,57.5,-1725.0,-100000.0,,,
2026-08-29T18:08:10.789659-04:00,cfbd,401856780,West Virginia,Coastal Carolina,DraftKings,-21.5,-17.5,56.5,,-1650.0,950.0,,,
2026-08-29T18:08:10.789659-04:00,cfbd,401858207,Pittsburgh,Miami (OH),Bovada,-16.0,-16.5,49.5,50.5,-800.0,525.0,,,
2026-08-29T18:08:10.789659-04:00,cfbd,401858207,Pittsburgh,Miami (OH),DraftKings,-16.5,-16.5,49.5,,-850.0,575.0,,,
2026-08-29T18:08:10.789659-04:00,cfbd,401858429,Michigan State,Toledo,DraftKings,-10.0,-10.5,49.5,,-395.0,310.0,,,
2026-08-29T18:08:10.789659-04:00,cfbd,401858429,Michigan State,Toledo,Bovada,-10.0,-10.5,49.5,49.5,-410.0,305.0,,,
2026-08-29T18:08:10.789659-04:00,cfbd,401862695,Memphis,Arkansas State,Bovada,-8.5,-10.5,55.5,55.5,-440.0,330.0,,,
2026-08-29T18:08:10.789659-04:00,cfbd,401862695,Memphis,Arkansas State,DraftKings,-8.5,-10.5,55.5,,-310.0,250.0,,,
2026-08-29T18:08:10.789659-04:00,cfbd,401856660,LSU,Clemson,Bovada,-10.5,-11.5,51.0,51.5,-480.0,350.0,,,
2026-08-29T18:08:10.789659-04:00,cfbd,401856660,LSU,Clemson,DraftKings,-10.5,,51.5,,-380.0,300.0,,,
2026-08-29T18:08:10.789659-04:00,cfbd,401858432,Ohio State,Ball State,Bovada,-51.0,-50.5,56.5,56.5,,,,,
2026-08-29T18:08:10.789659-04:00,cfbd,401858432,Ohio State,Ball State,DraftKings,-50.5,-49.5,56.5,,,,,,
2026-08-29T18:08:10.789659-04:00,cfbd,401856668,Texas A&M,Missouri State,Bovada,-40.5,-38.5,52.5,52.5,,,,,
2026-08-29T18:08:10.789659-04:00,cfbd,401856668,Texas A&M,Missouri State,DraftKings,-41.5,-38.5,52.5,,,,,,
2026-08-29T18:08:10.789659-04:00,cfbd,401856664,Oklahoma,UTEP,Bovada,-40.5,-40.5,50.5,50.5,,,,,
2026-08-29T18:08:10.789659-04:00,cfbd,401856664,Oklahoma,UTEP,DraftKings,-41.5,-40.5,50.5,,,,,,
2026-09-02T18:20:05.228788-04:00,cfbd,401858423,Rutgers,Massachusetts,Bovada,-29.0,-30.5,52.5,54.5,,,,,
2026-09-02T18:20:05.228788-04:00,cfbd,401858423,Rutgers,Massachusetts,DraftKings,-29.5,-30.5,51.5,,-6500.0,2000.0,,,
2026-09-02T19:22:37.961988-04:00,cfbd,401856767,UCF,Bethune-Cookman,DraftKings,-42.5,-41.5,58.5,,,,,,
2026-09-02T19:22:37.961988-04:00,cfbd,401864425,Kennesaw State,West Georgia,DraftKings,-22.5,-22.5,51.5,51.5,-4000.0,1600.0,,,
2026-09-02T19:22:37.961988-04:00,cfbd,401866409,Buffalo,UAlbany,DraftKings,-18.5,-24.5,48.5,48.5,-1200.0,750.0,,,
2026-09-02T19:22:37.961988-04:00,cfbd,401864424,Delaware,Merrimack,DraftKings,-28.5,-28.5,55.5,55.5,-20000.0,3500.0,,,
2026-09-02T19:22:37.961988-04:00,cfbd,401858423,Rutgers,Massachusetts,Bovada,-29.0,-30.5,52.0,54.5,,,,,
2026-09-02T19:22:37.961988-04:00,cfbd,401858423,Rutgers,Massachusetts,DraftKings,-29.5,-30.5,51.5,,-6500.0,2000.0,,,
2026-09-02T19:22:37.961988-04:00,cfbd,401866622,Stony Brook,Lindenwood,DraftKings,-4.0,-4.0,50.5,50.5,-180.0,144.0,,,
2026-09-02T19:22:37.961988-04:00,cfbd,401867889,Samford,Southern Illinois,DraftKings,24.5,24.5,49.5,49.5,1200.0,-4000.0,,,
2026-09-02T19:22:37.961988-04:00,cfbd,401858204,Wake Forest,Akron,DraftKings,-24.5,-22.5,48.5,,-3200.0,1400.0,,,
2026-09-02T19:22:37.961988-04:00,cfbd,401858204,Wake Forest,Akron,Bovada,-25.0,-22.5,48.5,49.5,-3500.0,1100.0,,,
2026-09-03T13:21:18.045821-04:00,cfbd,401856767,UCF,Bethune-Cookman,DraftKings,-43.5,-41.5,57.5,,,,,,
2026-09-03T13:21:18.045821-04:00,cfbd,401866409,Buffalo,UAlbany,DraftKings,-18.5,-24.5,47.5,48.5,-1000.0,650.0,,,
2026-09-03T13:21:18.045821-04:00,cfbd,401858422,Minnesota,Eastern Illinois,DraftKings,-42.5,-43.5,52.5,,,,,,
2026-09-03T13:21:18.045821-04:00,cfbd,401864424,Delaware,Merrimack,DraftKings,-31.5,-28.5,56.5,55.5,-50000.0,4000.0,,,
2026-09-03T13:21:18.045821-04:00,cfbd,401864425,Kennesaw State,West Georgia,DraftKings,-22.5,-22.5,50.5,51.5,-3600.0,1500.0,,,
2026-09-03T13:21:18.045821-04:00,cfbd,401856663,Missouri,Arkansas-Pine Bluff,DraftKings,-55.5,-54.5,62.5,60.5,,,,,
2026-09-03T13:21:18.045821-04:00,cfbd,401858423,Rutgers,Massachusetts,Bovada,-29.0,-30.5,53.0,54.5,,,,,
2026-09-03T13:21:18.045821-04:00,cfbd,401858423,Rutgers,Massachusetts,DraftKings,-29.5,-30.5,53.5,,-6500.0,2000.0,,,
2026-09-03T13:21:18.045821-04:00,cfbd,401856768,Utah,Idaho,DraftKings,-36.5,-32.5,59.5,56.5,-100000.0,5000.0,,,
2026-09-03T13:21:18.045821-04:00,cfbd,401856776,Georgia Tech,Colorado,DraftKings,-6.5,-7.0,51.5,,-238.0,195.0,,,
2026-09-03T13:21:18.045821-04:00,cfbd,401856776,Georgia Tech,Colorado,Bovada,-6.5,-7.0,51.5,51.5,-290.0,240.0,,,
2026-09-03T13:21:18.045821-04:00,cfbd,401867889,Samford,Southern Illinois,DraftKings,21.5,24.5,53.5,49.5,960.0,-2300.0,,,
2026-09-03T13:21:18.045821-04:00,cfbd,401858424,Illinois,UAB,Bovada,-27.5,-27.5,54.5,56.5,-8000.0,1400.0,,,
2026-09-03T13:21:18.045821-04:00,cfbd,401858424,Illinois,UAB,DraftKings,-27.5,-27.5,54.5,,-4500.0,1700.0,,,
2026-09-03T13:21:18.045821-04:00,cfbd,401866622,Stony Brook,Lindenwood,DraftKings,-4.0,-4.0,50.5,50.5,-189.0,150.0,,,
2026-09-03T13:21:18.045821-04:00,cfbd,401858204,Wake Forest,Akron,Bovada,-27.5,-22.5,50.5,49.5,-3500.0,1100.0,,,
2026-09-03T13:21:18.045821-04:00,cfbd,401858204,Wake Forest,Akron,DraftKings,-27.5,-22.5,50.5,,-2800.0,1300.0,,,
2026-09-03T18:15:40.777509-04:00,cfbd,401856767,UCF,Bethune-Cookman,DraftKings,-43.5,-41.5,58.5,,,,,,
2026-09-03T18:15:40.777509-04:00,cfbd,401866409,Buffalo,UAlbany,DraftKings,-18.5,-24.5,47.5,48.5,-1000.0,650.0,,,
2026-09-03T18:15:40.777509-04:00,cfbd,401856663,Missouri,Arkansas-Pine Bluff,DraftKings,-55.5,-54.5,61.5,60.5,,,,,
2026-09-03T18:15:40.777509-04:00,cfbd,401858422,Minnesota,Eastern Illinois,DraftKings,-42.5,-43.5,52.5,,,,,,
2026-09-03T18:15:40.777509-04:00,cfbd,401864424,Delaware,Merrimack,DraftKings,-31.5,-28.5,56.5,55.5,-8000.0,2200.0,,,
2026-09-03T18:15:40.777509-04:00,cfbd,401864425,Kennesaw State,West Georgia,DraftKings,-22.5,-22.5,50.5,51.5,-3600.0,1500.0,,,
2026-09-03T18:15:40.777509-04:00,cfbd,401856768,Utah,Idaho,DraftKings,-37.5,-32.5,59.5,56.5,-100000.0,5000.0,,,
2026-09-03T18:15:40.777509-04:00,cfbd,401856776,Georgia Tech,Colorado,DraftKings,-6.5,-7.0,52.5,,-238.0,195.0,,,
2026-09-03T18:15:40.777509-04:00,cfbd,401856776,Georgia Tech,Colorado,Bovada,-6.5,-7.0,52.5,51.5,-290.0,240.0,,,
2026-09-03T18:15:40.777509-04:00,cfbd,401858424,Illinois,UAB,Bovada,-26.5,-27.5,54.5,56.5,-8000.0,1400.0,,,
2026-09-03T18:15:40.777509-04:00,cfbd,401858424,Illinois,UAB,DraftKings,-26.5,-27.5,54.5,,-4500.0,1700.0,,,
2026-09-03T18:15:40.777509-04:00,cfbd,401867889,Samford,Southern Illinois,DraftKings,20.5,24.5,54.5,49.5,730.0,-1400.0,,,
2026-09-03T18:15:40.777509-04:00,cfbd,401866622,Stony Brook,Lindenwood,DraftKings,-4.0,-4.0,50.5,50.5,-189.0,150.0,,,
2026-09-03T18:15:40.777509-04:00,cfbd,401858204,Wake Forest,Akron,DraftKings,-27.5,-22.5,50.5,,-2800.0,1300.0,,,
2026-09-03T18:15:40.777509-04:00,cfbd,401858204,Wake Forest,Akron,Bovada,-27.5,-22.5,50.5,49.5,-3500.0,1100.0,,,
2026-09-04T13:13:24.077416-04:00,cfbd,401856779,Iowa State,Southeast Missouri State,DraftKings,-29.5,-29.5,53.5,53.5,-20000.0,3500.0,,,
2026-09-04T13:13:24.077416-04:00,cfbd,401866410,Bowling Green,Tarleton State,DraftKings,-2.5,-2.5,48.5,47.5,-135.0,114.0,,,
2026-09-04T13:13:24.077416-04:00,cfbd,401869960,James Madison,Liberty,DraftKings,-6.0,-6.0,50.5,,-225.0,185.0,,,
2026-09-04T13:13:24.077416-04:00,cfbd,401869960,James Madison,Liberty,Bovada,-6.5,-6.0,50.5,50.5,-250.0,210.0,,,
2026-09-04T13:13:24.077416-04:00,cfbd,401862701,Army,Bryant,DraftKings,-36.5,-36.5,51.5,,,,,,
2026-09-04T13:13:24.077416-04:00,cfbd,401858208,Syracuse,New Hampshire,DraftKings,-33.5,-32.5,54.5,55.5,-100000.0,5000.0,,,
2026-09-04T13:13:24.077416-04:00,cfbd,401861962,UConn,Lafayette,DraftKings,-19.5,-19.5,51.5,58.5,-1350.0,800.0,,,
2026-09-04T13:13:24.077416-04:00,cfbd,401864496,Air Force,Duquesne,DraftKings,-28.5,-30.5,57.5,58.5,-8000.0,2200.0,,,
2026-09-04T13:13:24.077416-04:00,cfbd,401856659,Kentucky,Youngstown State,DraftKings,-22.5,-23.5,62.5,62.5,-1650.0,950.0,,,
2026-09-04T13:13:24.077416-04:00,cfbd,401866623,Georgia State,North Carolina A&T,DraftKings,-28.5,-28.5,58.5,63.5,-4000.0,1600.0,,,
2026-09-04T13:13:24.077416-04:00,cfbd,401866623,Georgia State,North Carolina A&T,Bovada,-28.0,-28.0,61.0,61.0,,,,,
2026-09-04T13:13:24.077416-04:00,cfbd,401858435,Purdue,Indiana State,DraftKings,-34.5,-34.5,55.5,56.5,,,,,
2026-09-04T13:13:24.077416-04:00,cfbd,401858435,Purdue,Indiana State,Bovada,-35.5,-35.5,56.0,56.0,,,,,
2026-09-04T13:13:24.077416-04:00,cfbd,401856769,Kansas,Long Island University,DraftKings,-43.5,-38.5,56.5,53.5,,,,,
2026-09-04T13:13:24.077416-04:00,cfbd,401856769,Kansas,Long Island University,Bovada,-42.0,-42.0,54.5,54.5,,,,,
2026-09-04T13:13:24.077416-04:00,cfbd,401858436,USC,Fresno State,DraftKings,-22.5,-23.5,51.5,,-2400.0,1200.0,,,
2026-09-04T13:13:24.077416-04:00,cfbd,401858436,USC,Fresno State,Bovada,-21.5,-23.0,51.5,51.5,-3500.0,1100.0,,,
2026-09-04T13:13:24.077416-04:00,cfbd,401858206,Stanford,Miami,DraftKings,24.5,21.5,47.5,,1500.0,-3600.0,,,
2026-09-04T13:13:24.077416-04:00,cfbd,401858206,Stanford,Miami,Bovada,23.5,21.5,48.0,48.5,1100.0,-3500.0,,,
2026-09-04T13:13:24.077416-04:00,cfbd,401858425,Indiana,North Texas,DraftKings,-40.5,-40.5,56.5,,,,,,
2026-09-04T13:13:24.077416-04:00,cfbd,401858425,Indiana,North Texas,Bovada,-41.0,-40.5,57.0,55.5,,,,,
2026-09-04T13:13:24.077416-04:00,cfbd,401858430,Nebraska,Ohio,DraftKings,-23.5,-23.5,46.5,,-2800.0,1300.0,,,
2026-09-04T13:13:24.077416-04:00,cfbd,401858430,Nebraska,Ohio,Bovada,-23.5,-23.5,46.0,47.5,-2800.0,1100.0,,,
2026-09-04T13:13:24.077416-04:00,cfbd,401856665,South Carolina,Kent State,Bovada,-36.5,-34.5,53.5,52.5,-100000.0,-100000.0,,,
2026-09-04T13:13:24.077416-04:00,cfbd,401856665,South Carolina,Kent State,DraftKings,-35.5,-33.5,53.5,,-100000.0,5000.0,,,
2026-09-04T13:13:24.077416-04:00,cfbd,401856778,Houston,Oregon State,Bovada,-21.0,-18.5,49.5,51.5,-1300.0,725.0,,,
2026-09-04T13:13:24.077416-04:00,cfbd,401856778,Houston,Oregon State,DraftKings,-21.0,-18.5,50.5,,-1650.0,950.0,,,
2026-09-04T13:13:24.077416-04:00,cfbd,401856634,Alabama,East Carolina,Bovada,-28.0,-25.5,52.5,53.5,-7500.0,1400.0,,,
2026-09-04T13:13:24.077416-04:00,cfbd,401856634,Alabama,East Carolina,DraftKings,-27.5,-25.5,52.5,,-6500.0,2000.0,,,
2026-09-04T13:13:24.077416-04:00,cfbd,401856780,West Virginia,Coastal Carolina,Bovada,-21.0,-17.5,56.0,57.5,-1725.0,-100000.0,,,
2026-09-04T13:13:24.077416-04:00,cfbd,401856780,West Virginia,Coastal Carolina,DraftKings,-21.0,-17.5,55.5,,-1450.0,850.0,,,
2026-09-04T13:13:24.077416-04:00,cfbd,401858207,Pittsburgh,Miami (OH),Bovada,-16.0,-16.5,47.0,50.5,-800.0,525.0,,,
2026-09-04T13:13:24.077416-04:00,cfbd,401858207,Pittsburgh,Miami (OH),DraftKings,-16.5,-16.5,47.5,,-800.0,550.0,,,
2026-09-04T13:13:24.077416-04:00,cfbd,401864495,Eastern Michigan,San José State,DraftKings,-2.5,-3.5,55.5,,-135.0,114.0,,,
2026-09-04T13:13:24.077416-04:00,cfbd,401864495,Eastern Michigan,San José State,Bovada,-3.0,-3.5,56.0,53.5,-170.0,145.0,,,
2026-09-04T13:13:24.077416-04:00,cfbd,401858429,Michigan State,Toledo,DraftKings,-10.0,-10.5,48.5,,-440.0,340.0,,,
2026-09-04T13:13:24.077416-04:00,cfbd,401858429,Michigan State,Toledo,Bovada,-10.5,-10.5,47.5,49.5,-410.0,305.0,,,
2026-09-04T13:13:24.077416-04:00,cfbd,401858432,Ohio State,Ball State,DraftKings,-49.5,-49.5,55.5,,,,,,
2026-09-04T13:13:24.077416-04:00,cfbd,401858432,Ohio State,Ball State,Bovada,-51.0,-50.5,56.5,56.5,,,,,
2026-09-04T13:13:24.077416-04:00,cfbd,401856664,Oklahoma,UTEP,Bovada,-41.5,-40.5,51.5,50.5,,,,,
2026-09-04T13:13:24.077416-04:00,cfbd,401856664,Oklahoma,UTEP,DraftKings,-40.5,-40.5,51.5,,,,,,
2026-09-04T18:05:19.665560-04:00,cfbd,401862698,Temple,Rhode Island,DraftKings,-14.5,-10.0,51.5,51.5,-700.0,500.0,,,
2026-09-04T18:05:19.665560-04:00,cfbd,401856635,Arkansas,North Alabama,DraftKings,-40.5,-40.5,63.5,63.5,,,,,
2026-09-04T18:05:19.665560-04:00,cfbd,401866410,Bowling Green,Tarleton State,DraftKings,-2.5,-2.5,48.5,47.5,-135.0,114.0,,,
2026-09-04T18:05:19.665560-04:00,cfbd,401869960,James Madison,Liberty,DraftKings,-6.0,-6.0,50.5,,-225.0,185.0,,,
2026-09-04T18:05:19.665560-04:00,cfbd,401869960,James Madison,Liberty,Bovada,-6.5,-6.0,50.5,50.5,-250.0,210.0,,,
2026-09-04T18:05:19.665560-04:00,cfbd,401856658,Georgia,Tennessee State,DraftKings,-47.5,-46.5,54.5,56.5,,,,,
2026-09-04T18:05:19.665560-04:00,cfbd,401858208,Syracuse,New Hampshire,DraftKings,-34.5,-32.5,55.5,55.5,-100000.0,5000.0,,,
2026-09-04T18:05:19.665560-04:00,cfbd,401856779,Iowa State,Southeast Missouri State,DraftKings,-30.5,-29.5,53.5,53.5,-50000.0,4000.0,,,
2026-09-04T18:05:19.665560-04:00,cfbd,401861962,UConn,Lafayette,DraftKings,-19.5,-19.5,51.5,58.5,-1350.0,800.0,,,
2026-09-04T18:05:19.665560-04:00,cfbd,401856777,Cincinnati,Boston College,DraftKings,-7.5,-9.5,50.5,,-305.0,245.0,,,
2026-09-04T18:05:19.665560-04:00,cfbd,401856777,Cincinnati,Boston College,Bovada,-7.5,-9.5,50.0,54.5,-270.0,220.0,,,
2026-09-04T18:05:19.665560-04:00,cfbd,401864496,Air Force,Duquesne,DraftKings,-29.5,-30.5,57.5,58.5,-8000.0,2200.0,,,
2026-09-04T18:05:19.665560-04:00,cfbd,401856659,Kentucky,Youngstown State,DraftKings,-22.5,-23.5,62.5,62.5,-1650.0,950.0,,,
2026-09-04T18:05:19.665560-04:00,cfbd,401862701,Army,Bryant,DraftKings,-36.5,-36.5,50.5,,,,,,
2026-09-04T18:05:19.665560-04:00,cfbd,401856666,Tennessee,Furman,DraftKings,-48.5,-46.5,66.5,66.5,,,,,
2026-09-04T18:05:19.665560-04:00,cfbd,401862696,Navy,Towson,DraftKings,-30.5,-30.5,50.5,53.5,-50000.0,4000.0,,,
2026-09-04T18:05:19.665560-04:00,cfbd,401866623,Georgia State,North Carolina A&T,DraftKings,-28.5,-28.5,58.5,63.5,-4000.0,1600.0,,,
2026-09-04T18:05:19.665560-04:00,cfbd,401866623,Georgia State,North Carolina A&T,Bovada,-28.0,-28.0,61.0,61.0,,,,,
2026-09-04T18:05:19.665560-04:00,cfbd,401858435,Purdue,Indiana State,DraftKings,-34.5,-34.5,55.5,56.5,,,,,
2026-09-04T18:05:19.665560-04:00,cfbd,401858435,Purdue,Indiana State,Bovada,-35.5,-35.5,56.0,56.0,,,,,
2026-09-04T18:05:19.665560-04:00,cfbd,401862694,Charlotte,The Citadel,DraftKings,-20.5,-15.5,46.5,46.5,-1650.0,950.0,,,
2026-09-04T18:05:19.665560-04:00,cfbd,401856769,Kansas,Long Island University,DraftKings,-43.5,-38.5,56.5,53.5,,,,,
2026-09-04T18:05:19.665560-04:00,cfbd,401856769,Kansas,Long Island University,Bovada,-42.0,-42.0,54.5,54.5,,,,,
2026-09-04T18:05:19.665560-04:00,cfbd,401862700,UTSA,UT Rio Grande Valley,DraftKings,-28.5,-28.5,59.5,59.5,-9000.0,2500.0,,,
2026-09-04T18:05:19.665560-04:00,cfbd,401864499,North Dakota State,Fordham,DraftKings,-41.5,-39.5,56.5,57.5,,,,,
2026-09-04T18:05:19.665560-04:00,cfbd,401866627,App State,Maine,DraftKings,-19.5,-17.5,53.5,53.5,-1100.0,700.0,,,
2026-09-04T18:05:19.665560-04:00,cfbd,401867973,Old Dominion,Norfolk State,DraftKings,-40.5,-41.5,52.5,55.5,,,,,
2026-09-04T18:05:19.665560-04:00,cfbd,401868356,Southern Miss,Alcorn State,DraftKings,-19.5,-21.0,50.5,50.5,-1200.0,750.0,,,
2026-09-04T18:05:19.665560-04:00,cfbd,401858436,USC,Fresno State,DraftKings,-22.5,-23.5,51.5,,-2400.0,1200.0,,,
2026-09-04T18:05:19.665560-04:00,cfbd,401858436,USC,Fresno State,Bovada,-21.5,-23.0,51.5,51.5,-3500.0,1100.0,,,
2026-09-04T18:05:19.665560-04:00,cfbd,401856772,Tulsa,Oklahoma State,DraftKings,13.5,11.5,59.5,,425.0,-575.0,,,
2026-09-04T18:05:19.665560-04:00,cfbd,401856772,Tulsa,Oklahoma State,Bovada,13.5,11.5,59.0,61.5,390.0,-550.0,,,
2026-09-04T18:05:19.665560-04:00,cfbd,401856667,Texas,Texas State,DraftKings,-29.5,-30.5,59.5,,-8000.0,2200.0,,,
2026-09-04T18:05:19.665560-04:00,cfbd,401856667,Texas,Texas State,Bovada,-29.5,-30.5,60.0,59.5,-10000.0,2500.0,,,
2026-09-04T18:05:19.665560-04:00,cfbd,401858425,Indiana,North Texas,DraftKings,-40.5,-40.5,56.5,,,,,,
2026-09-04T18:05:19.665560-04:00,cfbd,401858425,Indiana,North Texas,Bovada,-41.0,-40.5,57.0,55.5,,,,,
2026-09-04T18:05:19.665560-04:00,cfbd,401858206,Stanford,Miami,DraftKings,24.5,21.5,46.5,,1600.0,-4000.0,,,
2026-09-04T18:05:19.665560-04:00,cfbd,401858206,Stanford,Miami,Bovada,23.5,21.5,48.0,48.5,1100.0,-3500.0,,,
2026-09-04T18:05:19.665560-04:00,cfbd,401858209,Duke,Tulane,DraftKings,-7.5,-8.5,51.5,,-325.0,260.0,,,
2026-09-04T18:05:19.665560-04:00,cfbd,401858209,Duke,Tulane,Bovada,-7.5,-8.5,50.5,53.5,-480.0,350.0,,,
2026-09-04T18:05:19.665560-04:00,cfbd,401856636,Auburn,Baylor,DraftKings,-7.5,-6.5,59.5,,-285.0,230.0,,,
2026-09-04T18:05:19.665560-04:00,cfbd,401856636,Auburn,Baylor,Bovada,-7.5,-7.5,59.5,58.5,-270.0,220.0,,,
2026-09-04T18:05:19.665560-04:00,cfbd,401858430,Nebraska,Ohio,DraftKings,-23.5,-23.5,46.5,,-2800.0,1300.0,,,
2026-09-04T18:05:19.665560-04:00,cfbd,401858430,Nebraska,Ohio,Bovada,-23.5,-23.5,46.0,47.5,-2800.0,1100.0,,,
2026-09-04T18:05:19.665560-04:00,cfbd,401858433,Oregon,Boise State,DraftKings,-24.5,-24.5,51.5,,-3200.0,1400.0,,,
2026-09-04T18:05:19.665560-04:00,cfbd,401858433,Oregon,Boise State,Bovada,-25.0,-24.5,51.5,53.5,-3300.0,1100.0,,,
2026-09-04T18:05:19.665560-04:00,cfbd,401856665,South Carolina,Kent State,Bovada,-36.5,-34.5,53.5,52.5,-100000.0,-100000.0,,,
2026-09-04T18:05:19.665560-04:00,cfbd,401856665,South Carolina,Kent State,DraftKings,-35.5,-33.5,53.5,,-100000.0,5000.0,,,
2026-09-04T18:05:19.665560-04:00,cfbd,401856778,Houston,Oregon State,Bovada,-21.0,-18.5,49.5,51.5,-1300.0,725.0,,,
2026-09-04T18:05:19.665560-04:00,cfbd,401856778,Houston,Oregon State,DraftKings,-21.0,-18.5,50.5,,-1800.0,1000.0,,,
2026-09-04T18:05:19.665560-04:00,cfbd,401858426,Iowa,Northern Illinois,Bovada,-32.0,-29.5,44.5,43.5,-100000.0,2500.0,,,
2026-09-04T18:05:19.665560-04:00,cfbd,401858426,Iowa,Northern Illinois,DraftKings,-31.5,-29.5,44.5,,-100000.0,5000.0,,,
2026-09-04T18:05:19.665560-04:00,cfbd,401856634,Alabama,East Carolina,Bovada,-28.0,-25.5,52.5,53.5,-7500.0,1400.0,,,
2026-09-04T18:05:19.665560-04:00,cfbd,401856634,Alabama,East Carolina,DraftKings,-27.5,-25.5,52.5,,-6500.0,2000.0,,,
2026-09-04T18:05:19.665560-04:00,cfbd,401858434,Penn State,Marshall,Bovada,-23.5,-23.5,52.0,54.5,-3500.0,1100.0,,,
2026-09-04T18:05:19.665560-04:00,cfbd,401858434,Penn State,Marshall,DraftKings,-23.5,-23.5,52.5,,-2400.0,1200.0,,,
2026-09-04T18:05:19.665560-04:00,cfbd,401860878,Colorado State,Wyoming,DraftKings,-3.0,-4.0,46.5,,-155.0,130.0,,,
2026-09-04T18:05:19.665560-04:00,cfbd,401860878,Colorado State,Wyoming,Bovada,-3.0,-4.0,46.5,47.5,-180.0,155.0,,,
2026-09-04T18:05:19.665560-04:00,cfbd,401867924,New Haven,Stonehill,DraftKings,-7.0,-7.0,41.5,41.5,-273.0,212.0,,,
2026-09-04T18:05:19.665560-04:00,cfbd,401866624,Monmouth,Sacred Heart,DraftKings,-15.5,-15.5,58.5,58.5,-740.0,481.0,,,
2026-09-04T18:05:19.665560-04:00,cfbd,401867875,North Dakota,St. Thomas (MN),DraftKings,-27.5,-27.5,52.5,52.5,,,,,
2026-09-04T18:05:19.665560-04:00,cfbd,401868000,Colgate,Holy Cross,DraftKings,-4.5,-4.5,47.5,47.5,-181.0,144.0,,,
2026-09-04T18:05:19.665560-04:00,cfbd,401868274,Mercer,Presbyterian,DraftKings,-21.5,-21.5,56.5,56.5,-1820.0,850.0,,,
2026-09-04T18:05:19.665560-04:00,cfbd,401868336,Chattanooga,Tennessee Tech,DraftKings,10.5,10.5,49.5,49.5,353.0,-496.0,,,
2026-09-04T18:05:19.665560-04:00,cfbd,401869127,Howard,Richmond,DraftKings,14.5,14.5,45.5,45.5,484.0,-750.0,,,
2026-09-04T18:05:19.665560-04:00,cfbd,401868111,Montana,Drake,DraftKings,-35.5,-34.5,57.5,57.5,,,,,
2026-09-04T18:05:19.665560-04:00,cfbd,401866626,Davidson,Elon,DraftKings,32.5,31.5,58.5,57.5,,,,,
2026-09-04T18:05:19.665560-04:00,cfbd,401867989,Bucknell,Villanova,DraftKings,26.5,26.5,56.5,56.5,1240.0,-4400.0,,,
2026-09-04T18:05:19.665560-04:00,cfbd,401866625,Campbell,Western Carolina,DraftKings,4.0,4.0,67.5,67.5,144.0,-181.0,,,
2026-09-04T18:05:19.665560-04:00,cfbd,401856780,West Virginia,Coastal Carolina,Bovada,-21.0,-17.5,56.0,57.5,-1725.0,-100000.0,,,
2026-09-04T18:05:19.665560-04:00,cfbd,401856780,West Virginia,Coastal Carolina,DraftKings,-21.0,-17.5,54.5,,-1450.0,850.0,,,
2026-09-04T18:05:19.665560-04:00,cfbd,401868186,Wofford,Gardner-Webb,DraftKings,-7.0,-7.0,47.5,47.5,-294.0,226.0,,,
2026-09-04T18:05:19.665560-04:00,cfbd,401867692,William & Mary,Delaware State,DraftKings,-10.0,-10.0,56.5,56.5,-432.0,315.0,,,
2026-09-04T18:05:19.665560-04:00,cfbd,401864495,Eastern Michigan,San José State,DraftKings,-1.5,-3.5,55.5,,-115.0,-105.0,,,
2026-09-04T18:05:19.665560-04:00,cfbd,401864495,Eastern Michigan,San José State,Bovada,-3.0,-3.5,56.0,53.5,-170.0,145.0,,,
2026-09-04T18:05:19.665560-04:00,cfbd,401858207,Pittsburgh,Miami (OH),Bovada,-16.0,-16.5,47.0,50.5,-800.0,525.0,,,
2026-09-04T18:05:19.665560-04:00,cfbd,401858207,Pittsburgh,Miami (OH),DraftKings,-16.5,-16.5,47.5,,-800.0,550.0,,,
2026-09-04T18:05:19.665560-04:00,cfbd,401868017,Georgetown,Lehigh,DraftKings,22.5,20.5,49.5,49.5,900.0,-2100.0,,,
2026-09-04T18:05:19.665560-04:00,cfbd,401858429,Michigan State,Toledo,Bovada,-10.5,-10.5,47.5,49.5,-410.0,305.0,,,
2026-09-04T18:05:19.665560-04:00,cfbd,401858429,Michigan State,Toledo,DraftKings,-10.0,-10.5,48.5,,-395.0,310.0,,,
2026-09-04T18:05:19.665560-04:00,cfbd,401858432,Ohio State,Ball State,Bovada,-51.0,-50.5,56.5,56.5,,,,,
2026-09-04T18:05:19.665560-04:00,cfbd,401858432,Ohio State,Ball State,DraftKings,-49.5,-49.5,56.5,,,,,,
2026-09-04T18:05:19.665560-04:00,cfbd,401856664,Oklahoma,UTEP,Bovada,-41.5,-40.5,51.5,50.5,,,,,
2026-09-04T18:05:19.665560-04:00,cfbd,401856664,Oklahoma,UTEP,DraftKings,-40.5,-40.5,51.5,,,,,,
2026-09-05T12:21:07.504109-04:00,cfbd,401856658,Georgia,Tennessee State,DraftKings,-48.5,-46.5,55.5,56.5,,,,,
2026-09-05T12:21:07.504109-04:00,cfbd,401856658,Georgia,Tennessee State,Bovada,-46.5,-48.0,54.5,54.5,,,,,
2026-09-05T12:21:07.504109-04:00,cfbd,401862698,Temple,Rhode Island,DraftKings,-14.5,-10.0,51.5,51.5,-700.0,500.0,,,
2026-09-05T12:21:07.504109-04:00,cfbd,401862698,Temple,Rhode Island,Bovada,-14.5,-14.5,51.0,51.0,-700.0,475.0,,,
2026-09-05T12:21:07.504109-04:00,cfbd,401856635,Arkansas,North Alabama,DraftKings,-40.5,-40.5,63.5,63.5,,,,,
2026-09-05T12:21:07.504109-04:00,cfbd,401856635,Arkansas,North Alabama,Bovada,-40.5,-40.5,63.0,63.0,,,,,
2026-09-05T12:21:07.504109-04:00,cfbd,401856779,Iowa State,Southeast Missouri State,DraftKings,-29.5,-29.5,52.5,53.5,-9000.0,2500.0,,,
2026-09-05T12:21:07.504109-04:00,cfbd,401856777,Cincinnati,Boston College,DraftKings,-7.0,-9.5,51.5,,-285.0,230.0,,,
2026-09-05T12:21:07.504109-04:00,cfbd,401856777,Cincinnati,Boston College,Bovada,-7.5,-9.5,50.0,54.5,-270.0,220.0,,,
2026-09-05T12:21:07.504109-04:00,cfbd,401856666,Tennessee,Furman,DraftKings,-49.5,-46.5,66.5,66.5,,,,,
2026-09-05T12:21:07.504109-04:00,cfbd,401856666,Tennessee,Furman,Bovada,-48.0,-48.0,67.0,66.5,,,,,
2026-09-05T12:21:07.504109-04:00,cfbd,401856659,Kentucky,Youngstown State,DraftKings,-22.5,-23.5,61.5,62.5,-1600.0,900.0,,,
2026-09-05T12:21:07.504109-04:00,cfbd,401856659,Kentucky,Youngstown State,Bovada,-22.0,-23.0,62.5,62.5,-2200.0,1000.0,,,
2026-09-05T12:21:07.504109-04:00,cfbd,401862694,Charlotte,The Citadel,DraftKings,-20.5,-15.5,48.5,46.5,-1650.0,950.0,,,
2026-09-05T12:21:07.504109-04:00,cfbd,401862694,Charlotte,The Citadel,Bovada,-20.0,-20.0,46.5,46.5,-1400.0,750.0,,,
2026-09-05T12:21:07.504109-04:00,cfbd,401862696,Navy,Towson,DraftKings,-31.5,-30.5,50.5,53.5,-100000.0,5000.0,,,
2026-09-05T12:21:07.504109-04:00,cfbd,401862696,Navy,Towson,Bovada,-30.5,-30.5,50.5,50.5,,,,,
2026-09-05T12:21:07.504109-04:00,cfbd,401864499,North Dakota State,Fordham,DraftKings,-41.5,-39.5,54.5,57.5,,,,,
2026-09-05T12:21:07.504109-04:00,cfbd,401864499,North Dakota State,Fordham,Bovada,-41.5,-41.5,56.0,56.0,,,,,
2026-09-05T12:21:07.504109-04:00,cfbd,401862700,UTSA,UT Rio Grande Valley,DraftKings,-28.5,-28.5,59.5,59.5,-6500.0,2000.0,,,
2026-09-05T12:21:07.504109-04:00,cfbd,401862700,UTSA,UT Rio Grande Valley,Bovada,-28.5,-28.5,59.5,59.5,,,,,
2026-09-05T12:21:07.504109-04:00,cfbd,401866627,App State,Maine,DraftKings,-21.0,-17.5,53.5,53.5,-1600.0,900.0,,,
2026-09-05T12:21:07.504109-04:00,cfbd,401866627,App State,Maine,Bovada,-19.5,-19.5,53.5,53.5,-1300.0,725.0,,,
2026-09-05T12:21:07.504109-04:00,cfbd,401856775,BYU,Utah Tech,DraftKings,-51.5,-47.5,61.5,54.5,,,,,
2026-09-05T12:21:07.504109-04:00,cfbd,401856775,BYU,Utah Tech,Bovada,-51.5,-51.5,61.0,61.0,,,,,
2026-09-05T12:21:07.504109-04:00,cfbd,401856771,Kansas State,Nicholls,DraftKings,-41.5,-40.5,54.5,55.5,,,,,
2026-09-05T12:21:07.504109-04:00,cfbd,401856771,Kansas State,Nicholls,Bovada,-40.5,-40.5,54.5,54.5,,,,,
2026-09-05T12:21:07.504109-04:00,cfbd,401866411,Sacramento State,Mississippi Valley State,DraftKings,-37.5,-35.5,56.5,56.5,,,,,
2026-09-05T12:21:07.504109-04:00,cfbd,401860879,San Diego State,Portland State,DraftKings,-40.5,-38.5,62.5,57.5,,,,,
2026-09-05T12:21:07.504109-04:00,cfbd,401860879,San Diego State,Portland State,Bovada,-40.5,-40.5,62.0,62.0,,,,,
2026-09-05T12:21:07.504109-04:00,cfbd,401867866,Middle Tennessee,Murray State,DraftKings,-22.5,-20.5,56.5,59.5,-2100.0,1100.0,,,
2026-09-05T12:21:07.504109-04:00,cfbd,401867866,Middle Tennessee,Murray State,Bovada,-21.0,-21.0,57.5,57.5,-1800.0,850.0,,,
2026-09-05T12:21:07.504109-04:00,cfbd,401856773,Arizona,Northern Arizona,DraftKings,-31.5,-31.5,58.5,56.5,-8000.0,2200.0,,,
2026-09-05T12:21:07.504109-04:00,cfbd,401856773,Arizona,Northern Arizona,Bovada,-31.5,-31.5,58.5,58.5,,,,,
2026-09-05T12:21:07.504109-04:00,cfbd,401868170,Georgia Southern,Charleston Southern,DraftKings,-28.5,-25.5,51.5,51.5,-5000.0,1800.0,,,
2026-09-05T12:21:07.504109-04:00,cfbd,401868170,Georgia Southern,Charleston Southern,Bovada,-25.5,-25.5,51.5,51.5,-4000.0,1200.0,,,
2026-09-05T12:21:07.504109-04:00,cfbd,401858211,Virginia Tech,VMI,DraftKings,-55.5,-50.5,61.5,57.5,,,,,
2026-09-05T12:21:07.504109-04:00,cfbd,401858211,Virginia Tech,VMI,Bovada,-55.5,-55.5,62.0,62.0,,,,,
2026-09-05T12:21:07.504109-04:00,cfbd,401860880,Utah State,Idaho State,DraftKings,-15.5,-11.5,59.5,64.5,-650.0,470.0,,,
2026-09-05T12:21:07.504109-04:00,cfbd,401860880,Utah State,Idaho State,Bovada,-14.0,-14.0,62.0,62.0,-600.0,425.0,,,
2026-09-05T12:21:07.504109-04:00,cfbd,401862697,Rice,Houston Christian,DraftKings,-22.5,-24.5,47.5,47.5,-3600.0,1500.0,,,
2026-09-05T12:21:07.504109-04:00,cfbd,401862697,Rice,Houston Christian,Bovada,-22.5,-22.5,47.5,47.5,-2000.0,950.0,,,
2026-09-05T12:21:07.504109-04:00,cfbd,401868140,Jacksonville State,Eastern Kentucky,DraftKings,-22.5,-19.5,52.5,52.5,-2100.0,1100.0,,,
2026-09-05T12:21:07.504109-04:00,cfbd,401868140,Jacksonville State,Eastern Kentucky,Bovada,-21.0,-21.0,53.5,53.5,-1600.0,800.0,,,
2026-09-05T12:21:07.504109-04:00,cfbd,401869129,Louisiana Tech,Northwestern State,DraftKings,-44.5,-41.5,56.5,52.5,,,,,
2026-09-05T12:21:07.504109-04:00,cfbd,401869129,Louisiana Tech,Northwestern State,Bovada,-44.5,-44.5,55.5,55.5,,,,,
2026-09-05T12:21:07.504109-04:00,cfbd,401867973,Old Dominion,Norfolk State,DraftKings,-40.5,-41.5,52.5,55.5,,,,,
2026-09-05T12:21:07.504109-04:00,cfbd,401867973,Old Dominion,Norfolk State,Bovada,-41.0,-41.0,52.5,52.5,,,,,
2026-09-05T12:21:07.504109-04:00,cfbd,401858427,Maryland,Hampton,DraftKings,-45.5,-45.5,56.5,56.5,,,,,
2026-09-05T12:21:07.504109-04:00,cfbd,401858427,Maryland,Hampton,Bovada,-45.5,-45.5,55.5,55.5,,,,,
2026-09-05T12:21:07.504109-04:00,cfbd,401856770,Texas Tech,Abilene Christian,DraftKings,-43.5,-42.5,59.5,59.5,,,,,
2026-09-05T12:21:07.504109-04:00,cfbd,401856770,Texas Tech,Abilene Christian,Bovada,-42.5,-42.5,59.5,59.5,,,,,
2026-09-05T12:21:07.504109-04:00,cfbd,401856774,Arizona State,Morgan State,DraftKings,-44.5,-41.5,52.5,52.5,,,,,
2026-09-05T12:21:07.504109-04:00,cfbd,401856774,Arizona State,Morgan State,Bovada,-45.0,-45.0,52.5,52.5,,,,,
2026-09-05T12:21:07.504109-04:00,cfbd,401869142,Louisiana,Lamar,DraftKings,-20.5,-18.5,48.5,48.5,-1200.0,750.0,,,
2026-09-05T12:21:07.504109-04:00,cfbd,401869142,Louisiana,Lamar,Bovada,-20.0,-20.0,48.5,48.5,-1400.0,750.0,,,
2026-09-05T12:21:07.504109-04:00,cfbd,401858431,Northwestern,South Dakota State,DraftKings,-12.5,-12.5,48.5,46.5,-485.0,370.0,,,
2026-09-05T12:21:07.504109-04:00,cfbd,401858431,Northwestern,South Dakota State,Bovada,-12.5,-12.5,46.0,46.0,-525.0,375.0,,,
2026-09-05T12:21:07.504109-04:00,cfbd,401868316,South Alabama,SE Louisiana,DraftKings,-13.5,-12.5,52.5,52.5,-535.0,400.0,,,
2026-09-05T12:21:07.504109-04:00,cfbd,401868316,South Alabama,SE Louisiana,Bovada,-12.5,-12.5,52.5,52.5,-510.0,370.0,,,
2026-09-05T12:21:07.504109-04:00,cfbd,401868356,Southern Miss,Alcorn State,DraftKings,-19.5,-21.0,50.5,50.5,-1600.0,900.0,,,
2026-09-05T12:21:07.504109-04:00,cfbd,401868356,Southern Miss,Alcorn State,Bovada,-20.0,-20.0,50.5,50.5,-1400.0,750.0,,,
2026-09-05T12:21:07.504109-04:00,cfbd,401856669,Vanderbilt,Austin Peay,DraftKings,-29.5,-30.5,58.5,61.5,-6500.0,2000.0,,,
2026-09-05T12:21:07.504109-04:00,cfbd,401856669,Vanderbilt,Austin Peay,Bovada,-29.0,-29.0,60.0,60.5,,,,,
2026-09-05T12:21:07.504109-04:00,cfbd,401870790,New Mexico State,Mercyhurst,DraftKings,-28.5,-24.5,52.5,50.5,-8000.0,2200.0,,,
2026-09-05T12:21:07.504109-04:00,cfbd,401870790,New Mexico State,Mercyhurst,Bovada,-28.5,-28.5,52.0,52.0,,,,,
2026-09-05T12:21:07.504109-04:00,cfbd,401858209,Duke,Tulane,DraftKings,-7.5,-8.5,50.5,,-345.0,275.0,,,
2026-09-05T12:21:07.504109-04:00,cfbd,401858209,Duke,Tulane,Bovada,-7.5,-8.5,50.5,53.5,-480.0,350.0,,,
2026-09-05T12:21:07.504109-04:00,cfbd,401856772,Tulsa,Oklahoma State,DraftKings,13.5,11.5,57.5,,410.0,-550.0,,,
2026-09-05T12:21:07.504109-04:00,cfbd,401856772,Tulsa,Oklahoma State,Bovada,13.5,11.5,59.0,61.5,390.0,-550.0,,,
2026-09-05T12:21:07.504109-04:00,cfbd,401856667,Texas,Texas State,DraftKings,-29.5,-30.5,59.5,,-9000.0,2500.0,,,
2026-09-05T12:21:07.504109-04:00,cfbd,401856667,Texas,Texas State,Bovada,-29.5,-30.5,60.0,59.5,-10000.0,2500.0,,,
2026-09-05T12:21:07.504109-04:00,cfbd,401858433,Oregon,Boise State,DraftKings,-24.5,-24.5,51.5,,-2800.0,1300.0,,,
2026-09-05T12:21:07.504109-04:00,cfbd,401858433,Oregon,Boise State,Bovada,-25.0,-24.5,51.5,53.5,-3300.0,1100.0,,,
2026-09-05T12:21:07.504109-04:00,cfbd,401858428,Michigan,Western Michigan,Bovada,-27.5,-26.5,49.5,47.5,-7000.0,1300.0,,,
2026-09-05T12:21:07.504109-04:00,cfbd,401858428,Michigan,Western Michigan,DraftKings,-27.5,-26.5,49.5,,-6500.0,2000.0,,,
2026-09-05T12:21:07.504109-04:00,cfbd,401856636,Auburn,Baylor,DraftKings,-7.5,-6.5,58.5,,-285.0,230.0,,,
2026-09-05T12:21:07.504109-04:00,cfbd,401856636,Auburn,Baylor,Bovada,-7.5,-7.5,59.5,58.5,-270.0,220.0,,,
2026-09-05T12:21:07.504109-04:00,cfbd,401864498,New Mexico,Central Michigan,Bovada,-10.5,-12.5,47.0,49.0,-575.0,400.0,,,
2026-09-05T12:21:07.504109-04:00,cfbd,401864498,New Mexico,Central Michigan,DraftKings,-10.5,-12.5,47.5,,-440.0,340.0,,,
2026-09-05T12:21:07.504109-04:00,cfbd,401864497,Hawai'i,UNLV,Bovada,3.0,1.5,55.5,58.5,130.0,-150.0,,,
2026-09-05T12:21:07.504109-04:00,cfbd,401864497,Hawai'i,UNLV,DraftKings,3.0,1.5,55.5,,130.0,-155.0,,,
2026-09-05T12:21:07.504109-04:00,cfbd,401858426,Iowa,Northern Illinois,Bovada,-32.0,-29.5,44.5,43.5,-100000.0,4500.0,,,
2026-09-05T12:21:07.504109-04:00,cfbd,401858426,Iowa,Northern Illinois,DraftKings,-31.5,-29.5,44.5,,-50000.0,4000.0,,,
2026-09-05T12:21:07.504109-04:00,cfbd,401862699,South Florida,Florida International,DraftKings,-14.5,-12.5,52.5,,-675.0,490.0,,,
2026-09-05T12:21:07.504109-04:00,cfbd,401862699,South Florida,Florida International,Bovada,-14.5,-12.5,52.0,54.5,-460.0,340.0,,,
2026-09-05T12:21:07.504109-04:00,cfbd,401856665,South Carolina,Kent State,Bovada,-36.5,-34.5,53.5,52.5,-100000.0,-100000.0,,,
2026-09-05T12:21:07.504109-04:00,cfbd,401856665,South Carolina,Kent State,DraftKings,-35.5,-33.5,53.5,,-50000.0,4000.0,,,
2026-09-05T12:21:07.504109-04:00,cfbd,401858210,California,UCLA,Bovada,2.5,-3.5,53.5,53.5,110.0,-130.0,,,
2026-09-05T12:21:07.504109-04:00,cfbd,401858210,California,UCLA,DraftKings,2.5,-1.5,53.5,,114.0,-135.0,,,
2026-09-05T12:21:07.504109-04:00,cfbd,401856637,Florida,Florida Atlantic,Bovada,-26.5,-25.5,59.5,56.5,-6500.0,1300.0,,,
2026-09-05T12:21:07.504109-04:00,cfbd,401856637,Florida,Florida Atlantic,DraftKings,-26.5,-25.5,59.5,,-2800.0,1300.0,,,
2026-09-05T12:21:07.504109-04:00,cfbd,401860878,Colorado State,Wyoming,DraftKings,-3.0,-4.0,46.5,,-155.0,130.0,,,
2026-09-05T12:21:07.504109-04:00,cfbd,401860878,Colorado State,Wyoming,Bovada,-3.0,-4.0,46.5,47.5,-180.0,155.0,,,
2026-09-05T12:21:07.504109-04:00,cfbd,401870763,Troy,Sam Houston,Bovada,-16.5,-17.0,54.0,50.5,-1300.0,725.0,,,
2026-09-05T12:21:07.504109-04:00,cfbd,401870763,Troy,Sam Houston,DraftKings,-16.5,-17.5,52.5,,-850.0,575.0,,,
2026-09-05T12:21:07.504109-04:00,cfbd,401858434,Penn State,Marshall,Bovada,-23.0,-23.5,52.0,54.5,-3500.0,1100.0,,,
2026-09-05T12:21:07.504109-04:00,cfbd,401858434,Penn State,Marshall,DraftKings,-23.5,-23.5,52.5,,-1800.0,1000.0,,,
2026-09-05T12:21:07.504109-04:00,cfbd,401867684,UT Martin,Chicago State,DraftKings,-44.5,-44.5,61.5,61.5,,,,,
2026-09-05T12:21:07.504109-04:00,cfbd,401868085,Eastern Washington,Northern Iowa,DraftKings,-6.5,-6.5,52.5,52.5,-271.0,210.0,,,
2026-09-05T12:21:07.504109-04:00,cfbd,401867883,Northern Colorado,South Dakota,DraftKings,20.5,20.5,56.5,56.5,920.0,-2100.0,,,
2026-09-05T12:21:07.504109-04:00,cfbd,401868158,Southern Utah,Weber State,DraftKings,-14.5,-14.5,58.5,58.5,-820.0,520.0,,,
2026-09-05T12:21:07.504109-04:00,cfbd,401868119,Montana State,Butler,DraftKings,-45.5,-45.5,59.5,59.5,,,,,
2026-09-05T12:21:07.504109-04:00,cfbd,401868306,Stephen F. Austin,East Texas A&M,DraftKings,-25.5,-25.5,56.5,56.5,-3900.0,1180.0,,,
2026-09-05T12:21:07.504109-04:00,cfbd,401868967,Prairie View A&M,Texas Southern,DraftKings,-10.5,-10.5,54.5,54.5,-483.0,345.0,,,
2026-09-05T12:21:07.504109-04:00,cfbd,401866626,Davidson,Elon,DraftKings,32.5,31.5,58.5,57.5,,,,,
2026-09-05T12:21:07.504109-04:00,cfbd,401868000,Colgate,Holy Cross,DraftKings,-4.5,-4.5,49.5,47.5,-185.0,147.0,,,
2026-09-05T12:21:07.504109-04:00,cfbd,401868071,Central Arkansas,West Florida,DraftKings,-7.5,-7.5,55.5,55.5,-296.0,227.0,,,
2026-09-05T12:21:07.504109-04:00,cfbd,401866624,Monmouth,Sacred Heart,DraftKings,-12.5,-15.5,58.5,58.5,-640.0,432.0,,,
2026-09-05T12:21:07.504109-04:00,cfbd,401868336,Chattanooga,Tennessee Tech,DraftKings,10.5,10.5,48.5,49.5,358.0,-504.0,,,
2026-09-05T12:21:07.504109-04:00,cfbd,401868163,San Diego,UC Davis,DraftKings,14.5,15.5,57.5,57.5,490.0,-760.0,,,
2026-09-05T12:21:07.504109-04:00,cfbd,401869127,Howard,Richmond,DraftKings,14.5,14.5,43.5,45.5,493.0,-760.0,,,
2026-09-05T12:21:07.504109-04:00,cfbd,401867989,Bucknell,Villanova,DraftKings,26.5,26.5,54.5,56.5,1300.0,-5300.0,,,
2026-09-05T12:21:07.504109-04:00,cfbd,401868111,Montana,Drake,DraftKings,-35.5,-34.5,60.5,57.5,,,,,
2026-09-05T12:21:07.504109-04:00,cfbd,401866625,Campbell,Western Carolina,DraftKings,4.0,4.0,68.5,67.5,147.0,-184.0,,,
2026-09-05T12:21:07.504109-04:00,cfbd,401868186,Wofford,Gardner-Webb,DraftKings,-8.5,-7.0,50.5,47.5,-300.0,230.0,,,
2026-09-05T12:21:07.504109-04:00,cfbd,401867692,William & Mary,Delaware State,DraftKings,-9.5,-10.0,56.5,56.5,-410.0,301.0,,,
2026-09-05T12:21:07.504109-04:00,cfbd,401864432,Nevada,Western Kentucky,DraftKings,1.5,4.5,51.5,,-108.0,-112.0,,,
2026-09-05T12:21:07.504109-04:00,cfbd,401864432,Nevada,Western Kentucky,Bovada,-1.0,4.0,51.5,53.5,120.0,-140.0,,,
2026-09-05T12:21:07.504109-04:00,cfbd,401858207,Pittsburgh,Miami (OH),Bovada,-16.0,-16.5,47.0,50.5,-800.0,525.0,,,
2026-09-05T12:21:07.504109-04:00,cfbd,401858207,Pittsburgh,Miami (OH),DraftKings,-16.5,-16.5,47.5,,-850.0,575.0,,,
2026-09-05T12:21:07.504109-04:00,cfbd,401867845,Western Illinois,Illinois State,DraftKings,23.5,23.5,59.5,59.5,1300.0,-5300.0,,,
2026-09-05T12:21:07.504109-04:00,cfbd,401867875,North Dakota,St. Thomas (MN),DraftKings,-28.5,-27.5,53.5,52.5,,,,,
2026-09-05T12:21:07.504109-04:00,cfbd,401864496,Air Force,Duquesne,Bovada,-28.5,-28.5,57.5,57.5,,,,,
2026-09-05T12:21:07.504109-04:00,cfbd,401864496,Air Force,Duquesne,DraftKings,-31.5,-30.5,55.5,58.5,-6500.0,2000.0,,,
2026-09-05T12:21:07.504109-04:00,cfbd,401868017,Georgetown,Lehigh,DraftKings,22.5,20.5,46.5,49.5,870.0,-1920.0,,,
2026-09-05T12:21:07.504109-04:00,cfbd,401868274,Mercer,Presbyterian,DraftKings,-22.5,-21.5,54.5,56.5,-2100.0,920.0,,,
2026-09-05T12:21:07.504109-04:00,cfbd,401862695,Memphis,Arkansas State,Bovada,-11.0,-10.5,53.0,55.5,-340.0,270.0,,,
2026-09-05T12:21:07.504109-04:00,cfbd,401862695,Memphis,Arkansas State,DraftKings,-10.5,-10.5,52.5,,-425.0,330.0,,,
2026-09-05T12:21:07.504109-04:00,cfbd,401858432,Ohio State,Ball State,DraftKings,-49.5,-49.5,55.5,,,,,,
2026-09-05T12:21:07.504109-04:00,cfbd,401858432,Ohio State,Ball State,Bovada,-51.0,-50.5,56.5,56.5,,,,,
2026-09-05T12:21:07.504109-04:00,cfbd,401856662,Mississippi State,UL Monroe,Bovada,-28.5,-28.5,55.0,55.5,-100000.0,2500.0,,,
2026-09-05T12:21:07.504109-04:00,cfbd,401856662,Mississippi State,UL Monroe,DraftKings,-28.5,-28.5,54.5,,-4000.0,1600.0,,,
2026-09-05T12:21:07.504109-04:00,cfbd,401856660,LSU,Clemson,Bovada,-9.5,-11.5,50.5,51.5,-480.0,350.0,,,
2026-09-05T12:21:07.504109-04:00,cfbd,401856660,LSU,Clemson,DraftKings,-10.0,,50.5,,-380.0,300.0,,,
2026-09-05T12:21:07.504109-04:00,cfbd,401856668,Texas A&M,Missouri State,Bovada,-40.5,-38.5,53.5,52.5,,,,,
2026-09-05T12:21:07.504109-04:00,cfbd,401856668,Texas A&M,Missouri State,DraftKings,-40.5,-38.5,53.5,,,,,,
2026-09-05T17:54:24.415966-04:00,cfbd,401856770,Texas Tech,Abilene Christian,DraftKings,-44.5,-42.5,60.5,59.5,,,,,
2026-09-05T17:54:24.415966-04:00,cfbd,401856770,Texas Tech,Abilene Christian,Bovada,-44.5,-42.5,60.5,59.5,,,,,
2026-09-05T17:54:24.415966-04:00,cfbd,401856771,Kansas State,Nicholls,DraftKings,-41.5,-40.5,54.5,55.5,,,,,
2026-09-05T17:54:24.415966-04:00,cfbd,401856771,Kansas State,Nicholls,Bovada,-41.0,-40.5,55.0,54.5,,,,,
2026-09-05T17:54:24.415966-04:00,cfbd,401858431,Northwestern,South Dakota State,DraftKings,-14.0,-12.5,49.5,46.5,-575.0,425.0,,,
2026-09-05T17:54:24.415966-04:00,cfbd,401858431,Northwestern,South Dakota State,Bovada,-12.5,-12.5,48.5,46.0,-525.0,375.0,,,
2026-09-05T17:54:24.415966-04:00,cfbd,401866411,Sacramento State,Mississippi Valley State,DraftKings,-37.5,-35.5,56.5,56.5,,,,,
2026-09-05T17:54:24.415966-04:00,cfbd,401856775,BYU,Utah Tech,DraftKings,-50.5,-47.5,61.5,54.5,,,,,
2026-09-05T17:54:24.415966-04:00,cfbd,401856775,BYU,Utah Tech,Bovada,-49.5,-51.5,61.0,61.0,,,,,
2026-09-05T17:54:24.415966-04:00,cfbd,401868140,Jacksonville State,Eastern Kentucky,DraftKings,-22.5,-19.5,51.5,52.5,-2100.0,1100.0,,,
2026-09-05T17:54:24.415966-04:00,cfbd,401868140,Jacksonville State,Eastern Kentucky,Bovada,-22.0,-21.0,53.0,53.5,-1600.0,800.0,,,
2026-09-05T17:54:24.415966-04:00,cfbd,401868170,Georgia Southern,Charleston Southern,DraftKings,-28.5,-25.5,51.5,51.5,-5000.0,1800.0,,,
2026-09-05T17:54:24.415966-04:00,cfbd,401868170,Georgia Southern,Charleston Southern,Bovada,-28.0,-25.5,52.5,51.5,-4000.0,1200.0,,,
2026-09-05T17:54:24.415966-04:00,cfbd,401860880,Utah State,Idaho State,DraftKings,-15.5,-11.5,59.5,64.5,-650.0,470.0,,,
2026-09-05T17:54:24.415966-04:00,cfbd,401860880,Utah State,Idaho State,Bovada,-14.5,-14.0,60.0,62.0,-600.0,425.0,,,
2026-09-05T17:54:24.415966-04:00,cfbd,401862697,Rice,Houston Christian,DraftKings,-22.5,-24.5,47.5,47.5,-3600.0,1500.0,,,
2026-09-05T17:54:24.415966-04:00,cfbd,401862697,Rice,Houston Christian,Bovada,-23.0,-22.5,47.5,47.5,-2000.0,950.0,,,
2026-09-05T17:54:24.415966-04:00,cfbd,401869129,Louisiana Tech,Northwestern State,DraftKings,-44.5,-41.5,56.5,52.5,,,,,
2026-09-05T17:54:24.415966-04:00,cfbd,401869129,Louisiana Tech,Northwestern State,Bovada,-44.5,-44.5,56.5,55.5,,,,,
2026-09-05T17:54:24.415966-04:00,cfbd,401856773,Arizona,Northern Arizona,DraftKings,-31.5,-31.5,58.5,56.5,-6500.0,2000.0,,,
2026-09-05T17:54:24.415966-04:00,cfbd,401856773,Arizona,Northern Arizona,Bovada,-31.5,-31.5,58.5,58.5,-10000.0,1600.0,,,
2026-09-05T17:54:24.415966-04:00,cfbd,401858427,Maryland,Hampton,DraftKings,-45.5,-45.5,56.5,56.5,,,,,
2026-09-05T17:54:24.415966-04:00,cfbd,401858427,Maryland,Hampton,Bovada,-45.5,-45.5,56.0,55.5,,,,,
2026-09-05T17:54:24.415966-04:00,cfbd,401867973,Old Dominion,Norfolk State,DraftKings,-41.5,-41.5,52.5,55.5,,,,,
2026-09-05T17:54:24.415966-04:00,cfbd,401867973,Old Dominion,Norfolk State,Bovada,-41.0,-41.0,52.0,52.5,,,,,
2026-09-05T17:54:24.415966-04:00,cfbd,401856774,Arizona State,Morgan State,DraftKings,-43.5,-41.5,52.5,52.5,,,,,
2026-09-05T17:54:24.415966-04:00,cfbd,401856774,Arizona State,Morgan State,Bovada,-45.0,-45.0,52.5,52.5,,,,,
2026-09-05T17:54:24.415966-04:00,cfbd,401869142,Louisiana,Lamar,DraftKings,-20.5,-18.5,48.5,48.5,-1200.0,750.0,,,
2026-09-05T17:54:24.415966-04:00,cfbd,401869142,Louisiana,Lamar,Bovada,-20.0,-20.0,48.5,48.5,-1400.0,750.0,,,
2026-09-05T17:54:24.415966-04:00,cfbd,401868316,South Alabama,SE Louisiana,DraftKings,-13.5,-12.5,53.5,52.5,-575.0,425.0,,,
2026-09-05T17:54:24.415966-04:00,cfbd,401868316,South Alabama,SE Louisiana,Bovada,-14.0,-12.5,53.5,52.5,-510.0,370.0,,,
2026-09-05T17:54:24.415966-04:00,cfbd,401860879,San Diego State,Portland State,DraftKings,-39.5,-38.5,62.5,57.5,,,,,
2026-09-05T17:54:24.415966-04:00,cfbd,401860879,San Diego State,Portland State,Bovada,-40.5,-40.5,62.0,62.0,,,,,
2026-09-05T17:54:24.415966-04:00,cfbd,401856669,Vanderbilt,Austin Peay,DraftKings,-28.5,-30.5,58.5,61.5,-6500.0,2000.0,,,
2026-09-05T17:54:24.415966-04:00,cfbd,401856669,Vanderbilt,Austin Peay,Bovada,-29.0,-29.0,59.0,60.5,-6000.0,1325.0,,,
2026-09-05T17:54:24.415966-04:00,cfbd,401867866,Middle Tennessee,Murray State,DraftKings,-22.5,-20.5,55.5,59.5,-1800.0,1000.0,,,
2026-09-05T17:54:24.415966-04:00,cfbd,401867866,Middle Tennessee,Murray State,Bovada,-22.5,-21.0,56.0,57.5,-1800.0,850.0,,,
2026-09-05T17:54:24.415966-04:00,cfbd,401858211,Virginia Tech,VMI,DraftKings,-53.5,-50.5,59.5,57.5,,,,,
2026-09-05T17:54:24.415966-04:00,cfbd,401858211,Virginia Tech,VMI,Bovada,-54.5,-55.5,62.0,62.0,,,,,
2026-09-05T17:54:24.415966-04:00,cfbd,401870790,New Mexico State,Mercyhurst,DraftKings,-29.5,-24.5,52.5,50.5,-8000.0,2200.0,,,
2026-09-05T17:54:24.415966-04:00,cfbd,401870790,New Mexico State,Mercyhurst,Bovada,-28.5,-28.5,52.0,52.0,,,,,
2026-09-05T17:54:24.415966-04:00,cfbd,401858437,Washington,Washington State,DraftKings,-23.5,-21.5,51.5,,-2400.0,1200.0,,,
2026-09-05T17:54:24.415966-04:00,cfbd,401858437,Washington,Washington State,Bovada,-23.0,-21.5,51.0,50.5,-2200.0,1000.0,,,
2026-09-05T17:54:24.415966-04:00,cfbd,401858428,Michigan,Western Michigan,Bovada,-27.5,-26.5,49.5,47.5,-7000.0,1300.0,,,
2026-09-05T17:54:24.415966-04:00,cfbd,401858428,Michigan,Western Michigan,DraftKings,-27.5,-26.5,49.5,,-6500.0,2000.0,,,
2026-09-05T17:54:24.415966-04:00,cfbd,401864498,New Mexico,Central Michigan,Bovada,-11.0,-12.5,47.0,49.0,-575.0,400.0,,,
2026-09-05T17:54:24.415966-04:00,cfbd,401864498,New Mexico,Central Michigan,DraftKings,-10.5,-12.5,47.5,,-440.0,340.0,,,
2026-09-05T17:54:24.415966-04:00,cfbd,401864497,Hawai'i,UNLV,Bovada,3.0,1.5,55.5,58.5,130.0,-150.0,,,
2026-09-05T17:54:24.415966-04:00,cfbd,401864497,Hawai'i,UNLV,DraftKings,3.0,1.5,55.5,,130.0,-155.0,,,
2026-09-05T17:54:24.415966-04:00,cfbd,401862699,South Florida,Florida International,Bovada,-14.5,-12.5,53.0,54.5,-460.0,340.0,,,
2026-09-05T17:54:24.415966-04:00,cfbd,401862699,South Florida,Florida International,DraftKings,-14.5,-12.5,53.5,,-650.0,470.0,,,
2026-09-05T17:54:24.415966-04:00,cfbd,401870763,Troy,Sam Houston,Bovada,-16.5,-17.0,53.0,50.5,-1300.0,725.0,,,
2026-09-05T17:54:24.415966-04:00,cfbd,401870763,Troy,Sam Houston,DraftKings,-16.5,-17.5,52.5,,-850.0,575.0,,,
2026-09-05T17:54:24.415966-04:00,cfbd,401860878,Colorado State,Wyoming,DraftKings,-2.5,-4.0,46.5,,-142.0,120.0,,,
2026-09-05T17:54:24.415966-04:00,cfbd,401860878,Colorado State,Wyoming,Bovada,-3.0,-4.0,46.5,47.5,-180.0,155.0,,,
2026-09-05T17:54:24.415966-04:00,cfbd,401858210,California,UCLA,Bovada,2.5,-3.5,53.5,53.5,110.0,-130.0,,,
2026-09-05T17:54:24.415966-04:00,cfbd,401858210,California,UCLA,DraftKings,2.5,-1.5,53.5,,120.0,-142.0,,,
2026-09-05T17:54:24.415966-04:00,cfbd,401856637,Florida,Florida Atlantic,Bovada,-26.5,-25.5,59.5,56.5,-6500.0,1300.0,,,
2026-09-05T17:54:24.415966-04:00,cfbd,401856637,Florida,Florida Atlantic,DraftKings,-25.5,-25.5,59.5,,-2400.0,1200.0,,,
2026-09-05T17:54:24.415966-04:00,cfbd,401867883,Northern Colorado,South Dakota,DraftKings,20.5,20.5,56.5,56.5,920.0,-2100.0,,,
2026-09-05T17:54:24.415966-04:00,cfbd,401868158,Southern Utah,Weber State,DraftKings,-14.5,-14.5,58.5,58.5,-820.0,520.0,,,
2026-09-05T17:54:24.415966-04:00,cfbd,401868119,Montana State,Butler,DraftKings,-45.5,-45.5,59.5,59.5,,,,,
2026-09-05T17:54:24.415966-04:00,cfbd,401867939,Florida A&M,South Carolina State,DraftKings,19.5,17.5,55.5,,740.0,-1440.0,,,
2026-09-05T17:54:24.415966-04:00,cfbd,401868967,Prairie View A&M,Texas Southern,DraftKings,-10.5,-10.5,54.5,54.5,-483.0,345.0,,,
2026-09-05T17:54:24.415966-04:00,cfbd,401866626,Davidson,Elon,DraftKings,32.5,31.5,58.5,57.5,,,,,
2026-09-05T17:54:24.415966-04:00,cfbd,401868071,Central Arkansas,West Florida,DraftKings,-7.5,-7.5,55.5,55.5,-296.0,227.0,,,
2026-09-05T17:54:24.415966-04:00,cfbd,401868336,Chattanooga,Tennessee Tech,DraftKings,10.5,10.5,48.5,49.5,358.0,-504.0,,,
2026-09-05T17:54:24.415966-04:00,cfbd,401868163,San Diego,UC Davis,DraftKings,14.5,15.5,54.5,57.5,509.0,-800.0,,,
2026-09-05T17:54:24.415966-04:00,cfbd,401868085,Eastern Washington,Northern Iowa,DraftKings,-7.0,-6.5,52.5,52.5,-280.0,216.0,,,
2026-09-05T17:54:24.415966-04:00,cfbd,401868306,Stephen F. Austin,East Texas A&M,DraftKings,-23.5,-25.5,55.5,56.5,-3300.0,1100.0,,,
2026-09-05T17:54:24.415966-04:00,cfbd,401867989,Bucknell,Villanova,DraftKings,22.5,26.5,54.5,56.5,1160.0,-3700.0,,,
2026-09-05T17:54:24.415966-04:00,cfbd,401867684,UT Martin,Chicago State,DraftKings,-45.5,-44.5,61.5,61.5,,,,,
2026-09-05T17:54:24.415966-04:00,cfbd,401869127,Howard,Richmond,DraftKings,14.0,14.5,43.5,45.5,453.0,-680.0,,,
2026-09-05T17:54:24.415966-04:00,cfbd,401867692,William & Mary,Delaware State,DraftKings,-9.5,-10.0,54.5,56.5,-348.0,262.0,,,
2026-09-05T17:54:24.415966-04:00,cfbd,401864432,Nevada,Western Kentucky,DraftKings,1.5,4.5,51.5,,-108.0,-112.0,,,
2026-09-05T17:54:24.415966-04:00,cfbd,401864432,Nevada,Western Kentucky,Bovada,-1.0,4.0,51.5,53.5,120.0,-140.0,,,
2026-09-05T17:54:24.415966-04:00,cfbd,401867845,Western Illinois,Illinois State,DraftKings,20.5,23.5,58.5,59.5,990.0,-2500.0,,,
2026-09-05T17:54:24.415966-04:00,cfbd,401868274,Mercer,Presbyterian,DraftKings,-22.5,-21.5,54.5,56.5,-2100.0,920.0,,,
2026-09-05T17:54:24.415966-04:00,cfbd,401862695,Memphis,Arkansas State,Bovada,-10.5,-10.5,52.0,55.5,-340.0,270.0,,,
2026-09-05T17:54:24.415966-04:00,cfbd,401862695,Memphis,Arkansas State,DraftKings,-10.5,-10.5,52.5,,-425.0,330.0,,,
2026-09-05T17:54:24.415966-04:00,cfbd,401856660,LSU,Clemson,Bovada,-10.0,-11.5,50.0,51.5,-480.0,350.0,,,
2026-09-05T17:54:24.415966-04:00,cfbd,401856660,LSU,Clemson,DraftKings,-10.0,,49.5,,-360.0,285.0,,,
2026-09-05T17:54:24.415966-04:00,cfbd,401856662,Mississippi State,UL Monroe,Bovada,-28.5,-28.5,55.0,55.5,-100000.0,2500.0,,,
2026-09-05T17:54:24.415966-04:00,cfbd,401856662,Mississippi State,UL Monroe,DraftKings,-28.5,-28.5,54.5,,-4000.0,1600.0,,,
2026-09-05T17:54:24.415966-04:00,cfbd,401856668,Texas A&M,Missouri State,Bovada,-40.5,-38.5,53.5,52.5,,,,,
2026-09-05T17:54:24.415966-04:00,cfbd,401856668,Texas A&M,Missouri State,DraftKings,-40.5,-38.5,53.5,,,,,,
2026-09-10T14:24:11.262324-04:00,odds_api,18dec56516beb8daed598bc5c7a6872d,Miami Hurricanes,Florida A&M Rattlers,fanduel,-59.5,,65.5,,,,2026-09-11T00:00:00Z,-110.0,-118.0
2026-09-10T14:24:11.262324-04:00,odds_api,18dec56516beb8daed598bc5c7a6872d,Miami Hurricanes,Florida A&M Rattlers,betrivers,-59.0,,65.0,,,,2026-09-11T00:00:00Z,-109.0,-113.0
2026-09-10T14:24:11.262324-04:00,odds_api,18dec56516beb8daed598bc5c7a6872d,Miami Hurricanes,Florida A&M Rattlers,draftkings,-59.5,,65.5,,,,2026-09-11T00:00:00Z,-110.0,-108.0
2026-09-10T14:24:11.262324-04:00,odds_api,18dec56516beb8daed598bc5c7a6872d,Miami Hurricanes,Florida A&M Rattlers,bovada,-59.5,,65.0,,,,2026-09-11T00:00:00Z,-105.0,-115.0
2026-09-10T14:24:11.262324-04:00,odds_api,18dec56516beb8daed598bc5c7a6872d,Miami Hurricanes,Florida A&M Rattlers,betmgm,-58.5,,65.5,,,,2026-09-11T00:00:00Z,-115.0,-108.0
2026-09-11T13:23:14.050636-04:00,cfbd,401856679,Michigan,Oklahoma,DraftKings,5.5,-1.5,43.5,46.5,170.0,-205.0,,,
2026-09-11T13:23:14.050636-04:00,cfbd,401856679,Michigan,Oklahoma,Bovada,5.0,-1.5,43.5,45.5,175.0,-210.0,,,
2026-09-11T13:23:14.050636-04:00,cfbd,401856678,Kansas,Missouri,DraftKings,4.5,7.0,51.5,52.5,170.0,-205.0,,,
2026-09-11T13:23:14.050636-04:00,cfbd,401856678,Kansas,Missouri,Bovada,4.5,6.5,51.5,50.0,175.0,-210.0,,,
2026-09-11T13:23:14.050636-04:00,cfbd,401856782,Oklahoma State,Oregon,DraftKings,23.5,18.5,55.5,60.5,1100.0,-2100.0,,,
2026-09-11T13:23:14.050636-04:00,cfbd,401856782,Oklahoma State,Oregon,Bovada,23.5,22.5,55.5,57.5,1000.0,-2200.0,,,
2026-09-11T13:23:14.050636-04:00,cfbd,401856683,Texas A&M,Arizona State,DraftKings,-14.5,-14.5,50.5,51.5,-700.0,500.0,,,
2026-09-11T13:23:14.050636-04:00,cfbd,401856683,Texas A&M,Arizona State,Bovada,-15.0,-14.0,50.5,51.5,-650.0,450.0,,,
2026-09-11T13:23:14.050636-04:00,cfbd,401858221,Virginia Tech,Old Dominion,DraftKings,-19.5,-14.0,48.5,,-1100.0,700.0,,,
2026-09-11T13:23:14.050636-04:00,cfbd,401858221,Virginia Tech,Old Dominion,Bovada,-19.0,-18.5,48.0,51.0,-1200.0,700.0,,,
2026-09-11T13:23:14.050636-04:00,cfbd,401862702,Army,South Florida,DraftKings,-3.0,-1.5,46.5,52.5,-166.0,140.0,,,
2026-09-11T13:23:14.050636-04:00,cfbd,401862702,Army,South Florida,Bovada,-3.0,-3.5,46.0,49.5,-175.0,150.0,,,
2026-09-11T13:23:14.050636-04:00,cfbd,401858442,Temple,Penn State,DraftKings,23.5,21.5,50.5,51.5,1200.0,-2400.0,,,
2026-09-11T13:23:14.050636-04:00,cfbd,401858442,Temple,Penn State,Bovada,24.0,23.5,51.0,49.5,1100.0,-3300.0,,,
2026-09-11T13:23:14.050636-04:00,cfbd,401856781,Kansas State,Washington State,DraftKings,-17.5,-16.5,49.5,51.5,-950.0,625.0,,,
2026-09-11T13:23:14.050636-04:00,cfbd,401856781,Kansas State,Washington State,Bovada,-17.5,-18.5,49.0,49.0,-1100.0,650.0,,,
2026-09-11T13:23:14.050636-04:00,cfbd,401864571,East Carolina,App State,DraftKings,-6.5,-11.5,56.5,56.5,-265.0,215.0,,,
2026-09-11T13:23:14.050636-04:00,cfbd,401864571,East Carolina,App State,Bovada,-6.5,-8.0,56.5,56.5,-350.0,275.0,,,
2026-09-11T13:23:14.050636-04:00,cfbd,401856673,Georgia,Western Kentucky,DraftKings,-39.5,-35.5,55.5,52.5,,,,,
2026-09-11T13:23:14.050636-04:00,cfbd,401856673,Georgia,Western Kentucky,Bovada,-40.0,-39.5,55.0,54.0,,,,,
2026-09-11T13:23:14.050636-04:00,cfbd,401858224,Purdue,Wake Forest,DraftKings,3.0,3.5,49.5,49.5,130.0,-155.0,,,
2026-09-11T13:23:14.050636-04:00,cfbd,401858224,Purdue,Wake Forest,Bovada,3.0,4.5,50.0,50.0,160.0,-185.0,,,
2026-09-11T13:23:14.050636-04:00,cfbd,401858214,Boston College,Rutgers,DraftKings,-3.0,-3.5,53.5,,-166.0,140.0,,,
2026-09-11T13:23:14.050636-04:00,cfbd,401858214,Boston College,Rutgers,Bovada,-3.0,-3.5,53.5,54.5,-170.0,145.0,,,
2026-09-11T13:23:14.293215-04:00,odds_api,340ecb016288a69dfc2227500f14bc46,Louisville Cardinals,Villanova Wildcats,fanduel,-37.5,,57.5,,,,2026-09-11T23:00:00Z,-120.0,-106.0
2026-09-11T13:23:14.293215-04:00,odds_api,340ecb016288a69dfc2227500f14bc46,Louisville Cardinals,Villanova Wildcats,draftkings,-37.5,,56.5,,,,2026-09-11T23:00:00Z,-112.0,-108.0
2026-09-11T13:23:14.293215-04:00,odds_api,340ecb016288a69dfc2227500f14bc46,Louisville Cardinals,Villanova Wildcats,lowvig,-38.5,,57.0,,,,2026-09-11T23:00:00Z,-105.0,-105.0
2026-09-11T13:23:14.293215-04:00,odds_api,340ecb016288a69dfc2227500f14bc46,Louisville Cardinals,Villanova Wildcats,betonlineag,-38.5,,57.0,,,,2026-09-11T23:00:00Z,-105.0,-105.0
2026-09-11T13:23:14.293215-04:00,odds_api,340ecb016288a69dfc2227500f14bc46,Louisville Cardinals,Villanova Wildcats,betrivers,-37.0,,57.5,,,,2026-09-11T23:00:00Z,-109.0,-108.0
2026-09-11T13:23:14.293215-04:00,odds_api,340ecb016288a69dfc2227500f14bc46,Louisville Cardinals,Villanova Wildcats,betmgm,-38.5,,57.5,,,,2026-09-11T23:00:00Z,-110.0,-108.0
2026-09-11T13:23:14.293215-04:00,odds_api,340ecb016288a69dfc2227500f14bc46,Louisville Cardinals,Villanova Wildcats,bovada,-37.5,,57.0,,,,2026-09-11T23:00:00Z,-120.0,-110.0
2026-09-11T13:23:14.293215-04:00,odds_api,b008dac7f2b726219adf07d9857e2c66,NC State Wolfpack,Richmond Spiders,fanduel,-33.5,,50.5,,,,2026-09-11T23:00:00Z,-110.0,-115.0
2026-09-11T13:23:14.293215-04:00,odds_api,b008dac7f2b726219adf07d9857e2c66,NC State Wolfpack,Richmond Spiders,mybookieag,-33.0,,50.5,,,,2026-09-11T23:00:00Z,-110.0,-110.0
2026-09-11T13:23:14.293215-04:00,odds_api,b008dac7f2b726219adf07d9857e2c66,NC State Wolfpack,Richmond Spiders,betrivers,-33.5,,50.5,,,,2026-09-11T23:00:00Z,-113.0,-114.0
2026-09-11T13:23:14.293215-04:00,odds_api,b008dac7f2b726219adf07d9857e2c66,NC State Wolfpack,Richmond Spiders,draftkings,-33.5,,50.5,,-5000.0,1800.0,2026-09-11T23:00:00Z,-115.0,-112.0
2026-09-11T13:23:14.293215-04:00,odds_api,b008dac7f2b726219adf07d9857e2c66,NC State Wolfpack,Richmond Spiders,lowvig,-34.5,,50.5,,,,2026-09-11T23:00:00Z,-110.0,-105.0
2026-09-11T13:23:14.293215-04:00,odds_api,b008dac7f2b726219adf07d9857e2c66,NC State Wolfpack,Richmond Spiders,betonlineag,-34.5,,50.5,,,,2026-09-11T23:00:00Z,-110.0,-105.0
2026-09-11T13:23:14.293215-04:00,odds_api,b008dac7f2b726219adf07d9857e2c66,NC State Wolfpack,Richmond Spiders,betmgm,-33.5,,50.5,,-20000.0,4000.0,2026-09-11T23:00:00Z,-110.0,-108.0
2026-09-11T13:23:14.293215-04:00,odds_api,b008dac7f2b726219adf07d9857e2c66,NC State Wolfpack,Richmond Spiders,bovada,-33.0,,50.0,,,,2026-09-11T23:00:00Z,-110.0,-115.0
2026-09-11T13:23:14.293215-04:00,odds_api,d70ad98172b9cd2090eb75ff32866e04,Virginia Cavaliers,Norfolk State Spartans,fanduel,-46.5,,55.5,,,,2026-09-11T23:00:00Z,-110.0,-115.0
2026-09-11T13:23:14.293215-04:00,odds_api,d70ad98172b9cd2090eb75ff32866e04,Virginia Cavaliers,Norfolk State Spartans,draftkings,-46.5,,55.5,,,,2026-09-11T23:00:00Z,-105.0,-115.0
2026-09-11T13:23:14.293215-04:00,odds_api,d70ad98172b9cd2090eb75ff32866e04,Virginia Cavaliers,Norfolk State Spartans,lowvig,-47.5,,56.0,,,,2026-09-11T23:00:00Z,-110.0,-115.0
2026-09-11T13:23:14.293215-04:00,odds_api,d70ad98172b9cd2090eb75ff32866e04,Virginia Cavaliers,Norfolk State Spartans,betonlineag,-47.5,,56.0,,,,2026-09-11T23:00:00Z,-110.0,-115.0
2026-09-11T13:23:14.293215-04:00,odds_api,d70ad98172b9cd2090eb75ff32866e04,Virginia Cavaliers,Norfolk State Spartans,betrivers,-45.5,,55.5,,,,2026-09-11T23:00:00Z,-109.0,-105.0
2026-09-11T13:23:14.293215-04:00,odds_api,d70ad98172b9cd2090eb75ff32866e04,Virginia Cavaliers,Norfolk State Spartans,betmgm,-45.5,,55.5,,,,2026-09-11T23:00:00Z,-110.0,-110.0
2026-09-11T13:23:14.293215-04:00,odds_api,d70ad98172b9cd2090eb75ff32866e04,Virginia Cavaliers,Norfolk State Spartans,bovada,-46.0,,56.0,,,,2026-09-11T23:00:00Z,-115.0,-110.0
2026-09-11T13:23:14.293215-04:00,odds_api,db698f29983406d35dea606edfdc5922,Boston College,Rutgers Scarlet Knights,fanduel,-3.5,,53.5,,-154.0,128.0,2026-09-11T23:30:00Z,100.0,-110.0
2026-09-11T13:23:14.293215-04:00,odds_api,db698f29983406d35dea606edfdc5922,Boston College,Rutgers Scarlet Knights,mybookieag,-3.0,,53.5,,-166.0,135.0,2026-09-11T23:30:00Z,-110.0,-110.0
2026-09-11T13:23:14.293215-04:00,odds_api,db698f29983406d35dea606edfdc5922,Boston College,Rutgers Scarlet Knights,draftkings,-3.0,,53.5,,-166.0,140.0,2026-09-11T23:30:00Z,-115.0,-110.0
2026-09-11T13:23:14.293215-04:00,odds_api,db698f29983406d35dea606edfdc5922,Boston College,Rutgers Scarlet Knights,lowvig,-3.0,,54.0,,-151.0,131.0,2026-09-11T23:30:00Z,-106.0,-106.0
2026-09-11T13:23:14.293215-04:00,odds_api,db698f29983406d35dea606edfdc5922,Boston College,Rutgers Scarlet Knights,betonlineag,-3.0,,54.0,,-151.0,131.0,2026-09-11T23:30:00Z,-110.0,-108.0
2026-09-11T13:23:14.293215-04:00,odds_api,db698f29983406d35dea606edfdc5922,Boston College,Rutgers Scarlet Knights,betrivers,-3.0,,54.0,,-162.0,130.0,2026-09-11T23:30:00Z,-115.0,-112.0
2026-09-11T13:23:14.293215-04:00,odds_api,db698f29983406d35dea606edfdc5922,Boston College,Rutgers Scarlet Knights,betmgm,-3.0,,53.5,,-160.0,135.0,2026-09-11T23:30:00Z,-115.0,-110.0
2026-09-11T13:23:14.293215-04:00,odds_api,db698f29983406d35dea606edfdc5922,Boston College,Rutgers Scarlet Knights,betus,-3.0,,54.0,,-155.0,134.0,2026-09-11T23:30:00Z,-110.0,-110.0
2026-09-11T13:23:14.293215-04:00,odds_api,db698f29983406d35dea606edfdc5922,Boston College,Rutgers Scarlet Knights,bovada,-3.0,,53.5,,-165.0,135.0,2026-09-11T23:30:00Z,-115.0,-110.0
2026-09-11T13:23:14.293215-04:00,odds_api,912c15dcb8dd09eacabdcb80673d9d72,Kansas Jayhawks,Missouri Tigers,fanduel,4.5,,51.5,,168.0,-205.0,2026-09-12T00:00:00Z,-110.0,-110.0
2026-09-11T13:23:14.293215-04:00,odds_api,912c15dcb8dd09eacabdcb80673d9d72,Kansas Jayhawks,Missouri Tigers,mybookieag,5.0,,51.5,,168.0,-210.0,2026-09-12T00:00:00Z,-110.0,-110.0
2026-09-11T13:23:14.293215-04:00,odds_api,912c15dcb8dd09eacabdcb80673d9d72,Kansas Jayhawks,Missouri Tigers,draftkings,4.5,,51.5,,170.0,-205.0,2026-09-12T00:00:00Z,-108.0,-108.0
2026-09-11T13:23:14.293215-04:00,odds_api,912c15dcb8dd09eacabdcb80673d9d72,Kansas Jayhawks,Missouri Tigers,betrivers,5.0,,52.0,,170.0,-215.0,2026-09-12T00:00:00Z,-112.0,-109.0
2026-09-11T13:23:14.293215-04:00,odds_api,912c15dcb8dd09eacabdcb80673d9d72,Kansas Jayhawks,Missouri Tigers,betmgm,4.5,,51.5,,170.0,-210.0,2026-09-12T00:00:00Z,-108.0,-110.0
2026-09-11T13:23:14.293215-04:00,odds_api,912c15dcb8dd09eacabdcb80673d9d72,Kansas Jayhawks,Missouri Tigers,betonlineag,4.5,,51.5,,174.0,-200.0,2026-09-12T00:00:00Z,-106.0,-110.0
2026-09-11T13:23:14.293215-04:00,odds_api,912c15dcb8dd09eacabdcb80673d9d72,Kansas Jayhawks,Missouri Tigers,lowvig,4.5,,51.5,,174.0,-200.0,2026-09-12T00:00:00Z,-106.0,-108.0
2026-09-11T13:23:14.293215-04:00,odds_api,912c15dcb8dd09eacabdcb80673d9d72,Kansas Jayhawks,Missouri Tigers,betus,4.5,,51.5,,170.0,-200.0,2026-09-12T00:00:00Z,-105.0,-110.0
2026-09-11T13:23:14.293215-04:00,odds_api,912c15dcb8dd09eacabdcb80673d9d72,Kansas Jayhawks,Missouri Tigers,bovada,4.5,,51.5,,170.0,-200.0,2026-09-12T00:00:00Z,-110.0,-110.0
2026-09-11T13:23:14.293215-04:00,odds_api,6dbd3546b178b91878131862fd719e1e,East Carolina,Appalachian State Mountaineers,fanduel,-6.5,,56.5,,-240.0,195.0,2026-09-12T16:00:00Z,-110.0,-106.0
2026-09-11T13:23:14.293215-04:00,odds_api,6dbd3546b178b91878131862fd719e1e,East Carolina,Appalachian State Mountaineers,draftkings,-6.5,,56.5,,-265.0,215.0,2026-09-12T16:00:00Z,-112.0,-112.0
2026-09-11T13:23:14.293215-04:00,odds_api,6dbd3546b178b91878131862fd719e1e,East Carolina,Appalachian State Mountaineers,lowvig,-6.0,,56.5,,-230.0,192.0,2026-09-12T16:00:00Z,-111.0,-108.0
2026-09-11T13:23:14.293215-04:00,odds_api,6dbd3546b178b91878131862fd719e1e,East Carolina,Appalachian State Mountaineers,betonlineag,-6.0,,56.5,,-230.0,192.0,2026-09-12T16:00:00Z,-115.0,-110.0
2026-09-11T13:23:14.293215-04:00,odds_api,6dbd3546b178b91878131862fd719e1e,East Carolina,Appalachian State Mountaineers,betrivers,-6.5,,56.5,,-250.0,200.0,2026-09-12T16:00:00Z,-114.0,-110.0
2026-09-11T13:23:14.293215-04:00,odds_api,6dbd3546b178b91878131862fd719e1e,East Carolina,Appalachian State Mountaineers,betmgm,-6.5,,56.5,,-250.0,200.0,2026-09-12T16:00:00Z,-110.0,-108.0
2026-09-11T13:23:14.293215-04:00,odds_api,6dbd3546b178b91878131862fd719e1e,East Carolina,Appalachian State Mountaineers,bovada,-6.5,,56.5,,-260.0,215.0,2026-09-12T16:00:00Z,-115.0,-105.0
2026-09-11T13:23:14.293215-04:00,odds_api,6dbd3546b178b91878131862fd719e1e,East Carolina,Appalachian State Mountaineers,betus,-6.5,,56.5,,-230.0,195.0,2026-09-12T16:00:00Z,-110.0,-110.0
2026-09-11T13:23:14.293215-04:00,odds_api,6dbd3546b178b91878131862fd719e1e,East Carolina,Appalachian State Mountaineers,mybookieag,-6.5,,56.0,,-250.0,198.0,2026-09-12T16:00:00Z,-110.0,-110.0
2026-09-11T13:23:14.293215-04:00,odds_api,401856683,Texas A&M,Arizona State,draftkings,-14.5,,50.5,,-700.0,500.0,2026-09-12T16:00:00Z,-108.0,-112.0
2026-09-11T13:23:14.293215-04:00,odds_api,401856683,Texas A&M,Arizona State,betrivers,-14.5,,51.0,,-910.0,510.0,2026-09-12T16:00:00Z,-108.0,-109.0
2026-09-11T13:23:14.293215-04:00,odds_api,401856683,Texas A&M,Arizona State,mybookieag,-14.5,,50.5,,-752.0,500.0,2026-09-12T16:00:00Z,-110.0,-110.0
2026-09-11T13:23:14.293215-04:00,odds_api,401856683,Texas A&M,Arizona State,fanduel,-14.5,,50.5,,-800.0,540.0,2026-09-12T16:00:00Z,-110.0,-112.0
2026-09-11T13:23:14.293215-04:00,odds_api,401856683,Texas A&M,Arizona State,lowvig,-15.0,,50.5,,-725.0,520.0,2026-09-12T16:00:00Z,-104.0,-114.0
2026-09-11T13:23:14.293215-04:00,odds_api,401856683,Texas A&M,Arizona State,betonlineag,-15.0,,50.5,,-725.0,520.0,2026-09-12T16:00:00Z,-108.0,-115.0
2026-09-11T13:23:14.293215-04:00,odds_api,401856683,Texas A&M,Arizona State,betmgm,-14.5,,50.5,,-700.0,525.0,2026-09-12T16:00:00Z,-110.0,-112.0
2026-09-11T13:23:14.293215-04:00,odds_api,401856683,Texas A&M,Arizona State,betus,-14.5,,50.5,,-725.0,515.0,2026-09-12T16:00:00Z,-110.0,-110.0
2026-09-11T13:23:14.293215-04:00,odds_api,401856683,Texas A&M,Arizona State,bovada,-15.0,,50.5,,-700.0,475.0,2026-09-12T16:00:00Z,-110.0,-110.0
2026-09-11T13:23:14.293215-04:00,odds_api,a7c7e0143d5131ee3e2d78f356f0089d,Army Black Knights,South Florida,fanduel,-3.5,,46.5,,-170.0,140.0,2026-09-12T16:00:00Z,-105.0,-114.0
2026-09-11T13:23:14.293215-04:00,odds_api,a7c7e0143d5131ee3e2d78f356f0089d,Army Black Knights,South Florida,mybookieag,-3.0,,46.0,,-177.0,143.0,2026-09-12T16:00:00Z,-110.0,-110.0
2026-09-11T13:23:14.293215-04:00,odds_api,a7c7e0143d5131ee3e2d78f356f0089d,Army Black Knights,South Florida,draftkings,-3.0,,46.5,,-166.0,140.0,2026-09-12T16:00:00Z,-118.0,-110.0
2026-09-11T13:23:14.293215-04:00,odds_api,a7c7e0143d5131ee3e2d78f356f0089d,Army Black Knights,South Florida,lowvig,-3.5,,46.0,,-170.0,149.0,2026-09-12T16:00:00Z,104.0,-108.0
2026-09-11T13:23:14.293215-04:00,odds_api,a7c7e0143d5131ee3e2d78f356f0089d,Army Black Knights,South Florida,betonlineag,-3.5,,46.0,,-170.0,149.0,2026-09-12T16:00:00Z,-104.0,-110.0
2026-09-11T13:23:14.293215-04:00,odds_api,a7c7e0143d5131ee3e2d78f356f0089d,Army Black Knights,South Florida,betrivers,-3.5,,47.5,,-175.0,135.0,2026-09-12T16:00:00Z,-106.0,-106.0
2026-09-11T13:23:14.293215-04:00,odds_api,a7c7e0143d5131ee3e2d78f356f0089d,Army Black Knights,South Florida,betmgm,-3.5,,46.5,,-165.0,140.0,2026-09-12T16:00:00Z,-105.0,-108.0
2026-09-11T13:23:14.293215-04:00,odds_api,a7c7e0143d5131ee3e2d78f356f0089d,Army Black Knights,South Florida,betus,-3.0,,46.0,,-170.0,146.0,2026-09-12T16:00:00Z,-115.0,-110.0
2026-09-11T13:23:14.293215-04:00,odds_api,a7c7e0143d5131ee3e2d78f356f0089d,Army Black Knights,South Florida,bovada,-3.0,,46.0,,-165.0,140.0,2026-09-12T16:00:00Z,-120.0,-110.0
2026-09-11T13:23:14.293215-04:00,odds_api,287a959c0717526161988214cb4e01ce,North Carolina,East Tennessee State Buccaneers,fanduel,-35.5,,55.5,,-20000.0,3500.0,2026-09-12T16:00:00Z,-104.0,-106.0
2026-09-11T13:23:14.293215-04:00,odds_api,287a959c0717526161988214cb4e01ce,North Carolina,East Tennessee State Buccaneers,betrivers,-35.0,,54.5,,,,2026-09-12T16:00:00Z,-109.0,-109.0
2026-09-11T13:23:14.293215-04:00,odds_api,287a959c0717526161988214cb4e01ce,North Carolina,East Tennessee State Buccaneers,draftkings,-35.5,,54.5,,,,2026-09-12T16:00:00Z,-110.0,-112.0
2026-09-11T13:23:14.293215-04:00,odds_api,287a959c0717526161988214cb4e01ce,North Carolina,East Tennessee State Buccaneers,betonlineag,-35.5,,54.5,,,,2026-09-12T16:00:00Z,-115.0,-115.0
2026-09-11T13:23:14.293215-04:00,odds_api,287a959c0717526161988214cb4e01ce,North Carolina,East Tennessee State Buccaneers,lowvig,-35.5,,54.5,,,,2026-09-12T16:00:00Z,-115.0,-115.0
2026-09-11T13:23:14.293215-04:00,odds_api,6ab72601a536ccfdbc30904c90644d1a,Liberty Flames,Gardner-Webb Runnin Bulldogs,fanduel,-27.5,,54.5,,-4500.0,1600.0,2026-09-12T16:00:00Z,-114.0,-110.0
2026-09-11T13:23:14.293215-04:00,odds_api,6ab72601a536ccfdbc30904c90644d1a,Liberty Flames,Gardner-Webb Runnin Bulldogs,betrivers,-28.0,,55.5,,,,2026-09-12T16:00:00Z,-107.0,-106.0
2026-09-11T13:23:14.293215-04:00,odds_api,6ab72601a536ccfdbc30904c90644d1a,Liberty Flames,Gardner-Webb Runnin Bulldogs,draftkings,-27.5,,55.5,,-5000.0,1800.0,2026-09-12T16:00:00Z,-108.0,-105.0
2026-09-11T13:23:14.293215-04:00,odds_api,6ab72601a536ccfdbc30904c90644d1a,Liberty Flames,Gardner-Webb Runnin Bulldogs,betonlineag,-27.5,,55.5,,,,2026-09-12T16:00:00Z,-115.0,-115.0
2026-09-11T13:23:14.293215-04:00,odds_api,6ab72601a536ccfdbc30904c90644d1a,Liberty Flames,Gardner-Webb Runnin Bulldogs,lowvig,-27.5,,55.5,,,,2026-09-12T16:00:00Z,-115.0,-115.0
2026-09-11T13:23:14.293215-04:00,odds_api,a50cf094d107e92ff579fba17969676c,Indiana Hoosiers,Howard Bison,fanduel,-56.5,,65.5,,,,2026-09-12T16:00:00Z,-110.0,-110.0
2026-09-11T13:23:14.293215-04:00,odds_api,a50cf094d107e92ff579fba17969676c,Indiana Hoosiers,Howard Bison,betrivers,-56.5,,65.5,,,,2026-09-12T16:00:00Z,-110.0,-109.0
2026-09-11T13:23:14.293215-04:00,odds_api,a50cf094d107e92ff579fba17969676c,Indiana Hoosiers,Howard Bison,draftkings,-56.5,,64.5,,,,2026-09-12T16:00:00Z,-110.0,-110.0
2026-09-11T13:23:14.293215-04:00,odds_api,a50cf094d107e92ff579fba17969676c,Indiana Hoosiers,Howard Bison,betonlineag,-56.5,,64.5,,,,2026-09-12T16:00:00Z,-115.0,-115.0
2026-09-11T13:23:14.293215-04:00,odds_api,a50cf094d107e92ff579fba17969676c,Indiana Hoosiers,Howard Bison,lowvig,-56.5,,64.5,,,,2026-09-12T16:00:00Z,-115.0,-115.0
2026-09-11T13:23:14.293215-04:00,odds_api,401856781,Kansas State,Washington State,fanduel,-16.5,,48.5,,-1100.0,680.0,2026-09-12T16:00:00Z,-124.0,-114.0
2026-09-11T13:23:14.293215-04:00,odds_api,401856781,Kansas State,Washington State,mybookieag,-17.5,,48.5,,-1099.0,650.0,2026-09-12T16:00:00Z,-110.0,-110.0
2026-09-11T13:23:14.293215-04:00,odds_api,401856781,Kansas State,Washington State,draftkings,-17.5,,49.5,,-950.0,625.0,2026-09-12T16:00:00Z,-108.0,-105.0
2026-09-11T13:23:14.293215-04:00,odds_api,401856781,Kansas State,Washington State,betonlineag,-17.5,,49.0,,-900.0,613.0,2026-09-12T16:00:00Z,-110.0,-110.0
2026-09-11T13:23:14.293215-04:00,odds_api,401856781,Kansas State,Washington State,lowvig,-17.5,,49.0,,-900.0,613.0,2026-09-12T16:00:00Z,-106.0,-108.0
2026-09-11T13:23:14.293215-04:00,odds_api,401856781,Kansas State,Washington State,betmgm,-17.5,,48.5,,-900.0,650.0,2026-09-12T16:00:00Z,-108.0,-112.0
2026-09-11T13:23:14.293215-04:00,odds_api,401856781,Kansas State,Washington State,betrivers,-17.5,,48.0,,-1115.0,650.0,2026-09-12T16:00:00Z,-112.0,-112.0
2026-09-11T13:23:14.293215-04:00,odds_api,401856781,Kansas State,Washington State,betus,-17.5,,49.0,,-900.0,600.0,2026-09-12T16:00:00Z,-110.0,-110.0
2026-09-11T13:23:14.293215-04:00,odds_api,401856781,Kansas State,Washington State,bovada,-17.5,,49.0,,-1000.0,625.0,2026-09-12T16:00:00Z,-110.0,-110.0
2026-09-11T13:23:14.293215-04:00,odds_api,f84668c3813a8bed98f8cf0bc3c31a00,Kent State Golden Flashes,Wofford Terriers,fanduel,-11.5,,46.5,,-520.0,385.0,2026-09-12T16:00:00Z,-110.0,-110.0
2026-09-11T13:23:14.293215-04:00,odds_api,f84668c3813a8bed98f8cf0bc3c31a00,Kent State Golden Flashes,Wofford Terriers,betrivers,-11.5,,46.5,,-590.0,410.0,2026-09-12T16:00:00Z,-113.0,-113.0
2026-09-11T13:23:14.293215-04:00,odds_api,f84668c3813a8bed98f8cf0bc3c31a00,Kent State Golden Flashes,Wofford Terriers,draftkings,-11.5,,47.5,,-520.0,390.0,2026-09-12T16:00:00Z,-112.0,-108.0
2026-09-11T13:23:14.293215-04:00,odds_api,f84668c3813a8bed98f8cf0bc3c31a00,Kent State Golden Flashes,Wofford Terriers,betonlineag,-10.5,,47.5,,,,2026-09-12T16:00:00Z,-115.0,-115.0
2026-09-11T13:23:14.293215-04:00,odds_api,f84668c3813a8bed98f8cf0bc3c31a00,Kent State Golden Flashes,Wofford Terriers,lowvig,-10.5,,47.5,,,,2026-09-12T16:00:00Z,-115.0,-115.0
2026-09-11T13:23:14.293215-04:00,odds_api,b38f4f63351c15767e64a76a73589574,Michigan Wolverines,Oklahoma State,fanduel,4.5,,43.5,,172.0,-205.0,2026-09-12T16:00:00Z,-105.0,-105.0
2026-09-11T13:23:14.293215-04:00,odds_api,b38f4f63351c15767e64a76a73589574,Michigan Wolverines,Oklahoma State,bovada,5.0,,43.5,,175.0,-210.0,2026-09-12T16:00:00Z,-110.0,-105.0
2026-09-11T13:23:14.293215-04:00,odds_api,b38f4f63351c15767e64a76a73589574,Michigan Wolverines,Oklahoma State,betmgm,5.0,,43.5,,180.0,-220.0,2026-09-12T16:00:00Z,-110.0,-108.0
2026-09-11T13:23:14.293215-04:00,odds_api,b38f4f63351c15767e64a76a73589574,Michigan Wolverines,Oklahoma State,betrivers,5.5,,43.5,,165.0,-220.0,2026-09-12T16:00:00Z,-110.0,-110.0
2026-09-11T13:23:14.293215-04:00,odds_api,b38f4f63351c15767e64a76a73589574,Michigan Wolverines,Oklahoma State,mybookieag,5.0,,43.5,,185.0,-232.0,2026-09-12T16:00:00Z,-110.0,-110.0
2026-09-11T13:23:14.293215-04:00,odds_api,b38f4f63351c15767e64a76a73589574,Michigan Wolverines,Oklahoma State,draftkings,5.5,,43.5,,190.0,-230.0,2026-09-12T16:00:00Z,-110.0,-112.0
2026-09-11T13:23:14.293215-04:00,odds_api,b38f4f63351c15767e64a76a73589574,Michigan Wolverines,Oklahoma State,betonlineag,5.0,,43.0,,183.0,-215.0,2026-09-12T16:00:00Z,-112.0,-110.0
2026-09-11T13:23:14.293215-04:00,odds_api,b38f4f63351c15767e64a76a73589574,Michigan Wolverines,Oklahoma State,lowvig,5.0,,43.0,,183.0,-215.0,2026-09-12T16:00:00Z,-108.0,-108.0
2026-09-11T13:23:14.293215-04:00,odds_api,b38f4f63351c15767e64a76a73589574,Michigan Wolverines,Oklahoma State,betus,5.0,,43.0,,183.0,-215.0,2026-09-12T16:00:00Z,-110.0,-110.0
2026-09-11T13:23:14.293215-04:00,odds_api,d652c7bc0594f13ef0a2a04e31ef5666,Oklahoma State,Oregon Ducks,fanduel,23.5,,54.5,,1060.0,-2300.0,2026-09-12T16:00:00Z,-115.0,-118.0
2026-09-11T13:23:14.293215-04:00,odds_api,d652c7bc0594f13ef0a2a04e31ef5666,Oklahoma State,Oregon Ducks,mybookieag,23.5,,55.0,,1072.0,-2549.0,2026-09-12T16:00:00Z,-110.0,-110.0
2026-09-11T13:23:14.293215-04:00,odds_api,d652c7bc0594f13ef0a2a04e31ef5666,Oklahoma State,Oregon Ducks,draftkings,23.5,,55.5,,1100.0,-2100.0,2026-09-12T16:00:00Z,-112.0,-105.0
2026-09-11T13:23:14.293215-04:00,odds_api,d652c7bc0594f13ef0a2a04e31ef5666,Oklahoma State,Oregon Ducks,betrivers,23.5,,55.5,,1050.0,-3335.0,2026-09-12T16:00:00Z,-109.0,-113.0
2026-09-11T13:23:14.293215-04:00,odds_api,d652c7bc0594f13ef0a2a04e31ef5666,Oklahoma State,Oregon Ducks,betmgm,23.0,,55.5,,1150.0,-2000.0,2026-09-12T16:00:00Z,-108.0,-105.0
2026-09-11T13:23:14.293215-04:00,odds_api,d652c7bc0594f13ef0a2a04e31ef5666,Oklahoma State,Oregon Ducks,lowvig,23.0,,55.5,,1116.0,-2300.0,2026-09-12T16:00:00Z,-101.0,-103.0
2026-09-11T13:23:14.293215-04:00,odds_api,d652c7bc0594f13ef0a2a04e31ef5666,Oklahoma State,Oregon Ducks,betonlineag,23.0,,55.5,,1116.0,-2300.0,2026-09-12T16:00:00Z,-105.0,-105.0
2026-09-11T13:23:14.293215-04:00,odds_api,d652c7bc0594f13ef0a2a04e31ef5666,Oklahoma State,Oregon Ducks,bovada,23.5,,55.5,,950.0,-2000.0,2026-09-12T16:00:00Z,-110.0,-110.0
2026-09-11T13:23:14.293215-04:00,odds_api,d652c7bc0594f13ef0a2a04e31ef5666,Oklahoma State,Oregon Ducks,betus,23.0,,55.0,,1125.0,-2300.0,2026-09-12T16:00:00Z,-105.0,-110.0
2026-09-11T13:23:14.293215-04:00,odds_api,401858221,Virginia Tech,Old Dominion,draftkings,-19.5,,48.5,,-1100.0,700.0,2026-09-12T16:00:00Z,-102.0,-105.0
2026-09-11T13:23:14.293215-04:00,odds_api,401858221,Virginia Tech,Old Dominion,fanduel,-18.5,,48.5,,-1250.0,740.0,2026-09-12T16:00:00Z,-114.0,-105.0
2026-09-11T13:23:14.293215-04:00,odds_api,401858221,Virginia Tech,Old Dominion,mybookieag,-19.0,,48.5,,-1205.0,690.0,2026-09-12T16:00:00Z,-110.0,-110.0
2026-09-11T13:23:14.293215-04:00,odds_api,401858221,Virginia Tech,Old Dominion,lowvig,-19.0,,48.0,,-1200.0,754.0,2026-09-12T16:00:00Z,-104.0,-108.0
2026-09-11T13:23:14.293215-04:00,odds_api,401858221,Virginia Tech,Old Dominion,betonlineag,-19.0,,48.0,,-1200.0,754.0,2026-09-12T16:00:00Z,-108.0,-110.0
2026-09-11T13:23:14.293215-04:00,odds_api,401858221,Virginia Tech,Old Dominion,betmgm,-19.0,,48.5,,-1100.0,750.0,2026-09-12T16:00:00Z,-108.0,-105.0
2026-09-11T13:23:14.293215-04:00,odds_api,401858221,Virginia Tech,Old Dominion,betrivers,-19.0,,48.5,,-1430.0,750.0,2026-09-12T16:00:00Z,-109.0,-113.0
2026-09-11T13:23:14.293215-04:00,odds_api,401858221,Virginia Tech,Old Dominion,betus,-19.0,,48.0,,-1200.0,750.0,2026-09-12T16:00:00Z,-110.0,-105.0
2026-09-11T13:23:14.293215-04:00,odds_api,401858221,Virginia Tech,Old Dominion,bovada,-19.0,,48.0,,-1100.0,650.0,2026-09-12T16:00:00Z,-110.0,-115.0
2026-09-11T13:23:14.293215-04:00,odds_api,eee54863c6c50d585de1919f1fca51e5,Temple,Penn State Nittany Lions,fanduel,23.5,,50.5,,1400.0,-4000.0,2026-09-12T16:00:00Z,-102.0,-115.0
2026-09-11T13:23:14.293215-04:00,odds_api,eee54863c6c50d585de1919f1fca51e5,Temple,Penn State Nittany Lions,mybookieag,24.0,,51.0,,1130.0,-3366.0,2026-09-12T16:00:00Z,-110.0,-110.0
2026-09-11T13:23:14.293215-04:00,odds_api,eee54863c6c50d585de1919f1fca51e5,Temple,Penn State Nittany Lions,draftkings,23.5,,50.5,,1200.0,-2400.0,2026-09-12T16:00:00Z,-102.0,-115.0
2026-09-11T13:23:14.293215-04:00,odds_api,eee54863c6c50d585de1919f1fca51e5,Temple,Penn State Nittany Lions,lowvig,24.0,,50.5,,1276.0,-3100.0,2026-09-12T16:00:00Z,-109.0,-116.0
2026-09-11T13:23:14.293215-04:00,odds_api,eee54863c6c50d585de1919f1fca51e5,Temple,Penn State Nittany Lions,betonlineag,24.0,,50.5,,1276.0,-3100.0,2026-09-12T16:00:00Z,-113.0,-117.0
2026-09-11T13:23:14.293215-04:00,odds_api,eee54863c6c50d585de1919f1fca51e5,Temple,Penn State Nittany Lions,betmgm,24.0,,50.5,,1400.0,-2500.0,2026-09-12T16:00:00Z,-108.0,-112.0
2026-09-11T13:23:14.293215-04:00,odds_api,eee54863c6c50d585de1919f1fca51e5,Temple,Penn State Nittany Lions,betrivers,24.0,,51.0,,1400.0,-10000.0,2026-09-12T16:00:00Z,-113.0,-109.0
2026-09-11T13:23:14.293215-04:00,odds_api,eee54863c6c50d585de1919f1fca51e5,Temple,Penn State Nittany Lions,betus,24.0,,50.5,,1400.0,-3100.0,2026-09-12T16:00:00Z,-110.0,-115.0
2026-09-11T13:23:14.293215-04:00,odds_api,eee54863c6c50d585de1919f1fca51e5,Temple,Penn State Nittany Lions,bovada,24.0,,51.0,,1000.0,-2500.0,2026-09-12T16:00:00Z,-110.0,-110.0
2026-09-11T13:23:14.293215-04:00,odds_api,5a8d98c3147d18b683d90a536e76eb64,Purdue Boilermakers,Wake Forest Demon Deacons,fanduel,2.5,,49.5,,126.0,-152.0,2026-09-12T16:00:00Z,-102.0,-115.0
2026-09-11T13:23:14.293215-04:00,odds_api,5a8d98c3147d18b683d90a536e76eb64,Purdue Boilermakers,Wake Forest Demon Deacons,mybookieag,3.0,,49.5,,132.0,-162.0,2026-09-12T16:00:00Z,-110.0,-110.0
2026-09-11T13:23:14.293215-04:00,odds_api,5a8d98c3147d18b683d90a536e76eb64,Purdue Boilermakers,Wake Forest Demon Deacons,draftkings,3.0,,49.5,,130.0,-155.0,2026-09-12T16:00:00Z,-108.0,-115.0
2026-09-11T13:23:14.293215-04:00,odds_api,5a8d98c3147d18b683d90a536e76eb64,Purdue Boilermakers,Wake Forest Demon Deacons,lowvig,3.0,,49.5,,134.0,-154.0,2026-09-12T16:00:00Z,-102.0,-115.0
2026-09-11T13:23:14.293215-04:00,odds_api,5a8d98c3147d18b683d90a536e76eb64,Purdue Boilermakers,Wake Forest Demon Deacons,betonlineag,3.0,,49.5,,134.0,-154.0,2026-09-12T16:00:00Z,-106.0,-116.0
2026-09-11T13:23:14.293215-04:00,odds_api,5a8d98c3147d18b683d90a536e76eb64,Purdue Boilermakers,Wake Forest Demon Deacons,betrivers,3.5,,50.0,,128.0,-159.0,2026-09-12T16:00:00Z,-117.0,-112.0
2026-09-11T13:23:14.293215-04:00,odds_api,5a8d98c3147d18b683d90a536e76eb64,Purdue Boilermakers,Wake Forest Demon Deacons,betmgm,3.0,,49.5,,130.0,-160.0,2026-09-12T16:00:00Z,-110.0,-120.0
2026-09-11T13:23:14.293215-04:00,odds_api,5a8d98c3147d18b683d90a536e76eb64,Purdue Boilermakers,Wake Forest Demon Deacons,betus,3.0,,49.5,,134.0,-155.0,2026-09-12T16:00:00Z,-110.0,-110.0
2026-09-11T13:23:14.293215-04:00,odds_api,5a8d98c3147d18b683d90a536e76eb64,Purdue Boilermakers,Wake Forest Demon Deacons,bovada,3.0,,50.0,,135.0,-160.0,2026-09-12T16:00:00Z,-110.0,-110.0
2026-09-11T13:23:14.293215-04:00,odds_api,43ee6255542faa05e9b9853cb1c6289e,Georgia Bulldogs,Western Kentucky,draftkings,-39.5,,55.5,,,,2026-09-12T16:45:00Z,-112.0,-112.0
2026-09-11T13:23:14.293215-04:00,odds_api,43ee6255542faa05e9b9853cb1c6289e,Georgia Bulldogs,Western Kentucky,betonlineag,-40.0,,55.5,,,,2026-09-12T16:45:00Z,-105.0,-110.0
2026-09-11T13:23:14.293215-04:00,odds_api,43ee6255542faa05e9b9853cb1c6289e,Georgia Bulldogs,Western Kentucky,lowvig,-40.0,,55.5,,,,2026-09-12T16:45:00Z,-106.0,-108.0
2026-09-11T13:23:14.293215-04:00,odds_api,43ee6255542faa05e9b9853cb1c6289e,Georgia Bulldogs,Western Kentucky,betrivers,-41.0,,55.5,,,,2026-09-12T16:45:00Z,-110.0,-109.0
2026-09-11T13:23:14.293215-04:00,odds_api,43ee6255542faa05e9b9853cb1c6289e,Georgia Bulldogs,Western Kentucky,betus,-40.5,,55.5,,,,2026-09-12T16:45:00Z,-110.0,-110.0
2026-09-11T13:23:14.293215-04:00,odds_api,43ee6255542faa05e9b9853cb1c6289e,Georgia Bulldogs,Western Kentucky,bovada,-40.0,,55.0,,,,2026-09-12T16:45:00Z,-105.0,-110.0
2026-09-11T13:23:14.293215-04:00,odds_api,43ee6255542faa05e9b9853cb1c6289e,Georgia Bulldogs,Western Kentucky,betmgm,-40.5,,55.5,,,,2026-09-12T16:45:00Z,-110.0,-110.0
2026-09-11T13:23:14.293215-04:00,odds_api,43ee6255542faa05e9b9853cb1c6289e,Georgia Bulldogs,Western Kentucky,fanduel,-40.5,,55.5,,,,2026-09-12T16:45:00Z,-110.0,-112.0
2026-09-11T13:23:14.293215-04:00,odds_api,6e373e2da501d8104f2162d0e2ca6e2d,Central Michigan,Colgate Raiders,fanduel,-22.5,,49.5,,-2500.0,1100.0,2026-09-12T17:00:00Z,-110.0,-110.0
2026-09-11T13:23:14.293215-04:00,odds_api,6e373e2da501d8104f2162d0e2ca6e2d,Central Michigan,Colgate Raiders,betrivers,-22.5,,49.5,,-5000.0,1200.0,2026-09-12T17:00:00Z,-113.0,-120.0
2026-09-11T13:23:14.293215-04:00,odds_api,6e373e2da501d8104f2162d0e2ca6e2d,Central Michigan,Colgate Raiders,draftkings,-24.5,,48.5,,-2400.0,1200.0,2026-09-12T17:00:00Z,-105.0,-115.0
2026-09-11T13:23:14.293215-04:00,odds_api,6e373e2da501d8104f2162d0e2ca6e2d,Central Michigan,Colgate Raiders,betonlineag,-21.0,,48.5,,,,2026-09-12T17:00:00Z,-120.0,-115.0
2026-09-11T13:23:14.293215-04:00,odds_api,6e373e2da501d8104f2162d0e2ca6e2d,Central Michigan,Colgate Raiders,lowvig,-21.0,,48.5,,,,2026-09-12T17:00:00Z,-120.0,-115.0
2026-09-11T13:23:14.293215-04:00,odds_api,2a658c30f1df6cbb619b57193bb781a2,Miami (OH) RedHawks,Holy Cross Crusaders,fanduel,-30.5,,50.5,,-7000.0,2000.0,2026-09-12T17:00:00Z,-115.0,-108.0
2026-09-11T13:23:14.293215-04:00,odds_api,2a658c30f1df6cbb619b57193bb781a2,Miami (OH) RedHawks,Holy Cross Crusaders,betrivers,-31.0,,50.5,,,,2026-09-12T17:00:00Z,-112.0,-115.0
2026-09-11T13:23:14.293215-04:00,odds_api,2a658c30f1df6cbb619b57193bb781a2,Miami (OH) RedHawks,Holy Cross Crusaders,draftkings,-30.5,,49.5,,-9000.0,2500.0,2026-09-12T17:00:00Z,-110.0,-112.0
2026-09-11T13:23:14.293215-04:00,odds_api,2a658c30f1df6cbb619b57193bb781a2,Miami (OH) RedHawks,Holy Cross Crusaders,betonlineag,-30.5,,49.5,,,,2026-09-12T17:00:00Z,-115.0,-115.0
2026-09-11T13:23:14.293215-04:00,odds_api,2a658c30f1df6cbb619b57193bb781a2,Miami (OH) RedHawks,Holy Cross Crusaders,lowvig,-30.5,,49.5,,,,2026-09-12T17:00:00Z,-115.0,-115.0
2026-09-11T13:23:14.293215-04:00,odds_api,c3281cee9975bf6d8ed8106826279caf,West Virginia Mountaineers,UT Martin Skyhawks,fanduel,-41.5,,55.5,,,,2026-09-12T17:00:00Z,-114.0,-112.0
2026-09-11T13:23:14.293215-04:00,odds_api,c3281cee9975bf6d8ed8106826279caf,West Virginia Mountaineers,UT Martin Skyhawks,betrivers,-41.5,,56.5,,,,2026-09-12T17:00:00Z,-114.0,-114.0
2026-09-11T13:23:14.293215-04:00,odds_api,c3281cee9975bf6d8ed8106826279caf,West Virginia Mountaineers,UT Martin Skyhawks,draftkings,-41.5,,55.5,,,,2026-09-12T17:00:00Z,-110.0,-110.0
2026-09-11T13:23:14.293215-04:00,odds_api,c3281cee9975bf6d8ed8106826279caf,West Virginia Mountaineers,UT Martin Skyhawks,betonlineag,-42.0,,55.5,,,,2026-09-12T17:00:00Z,-115.0,-115.0
2026-09-11T18:14:17.429202-04:00,cfbd,401856679,Michigan,Oklahoma,DraftKings,5.5,-1.5,43.5,46.5,170.0,-205.0,,,
2026-09-11T18:14:17.429202-04:00,cfbd,401856679,Michigan,Oklahoma,Bovada,4.5,-1.5,43.5,45.5,175.0,-210.0,,,
2026-09-11T18:14:17.429202-04:00,cfbd,401856782,Oklahoma State,Oregon,DraftKings,23.5,18.5,55.5,60.5,1100.0,-2100.0,,,
2026-09-11T18:14:17.429202-04:00,cfbd,401856782,Oklahoma State,Oregon,Bovada,23.0,22.5,55.5,57.5,1000.0,-2200.0,,,
2026-09-11T18:14:17.429202-04:00,cfbd,401856678,Kansas,Missouri,DraftKings,4.0,7.0,51.5,52.5,160.0,-192.0,,,
2026-09-11T18:14:17.429202-04:00,cfbd,401856678,Kansas,Missouri,Bovada,4.5,6.5,52.0,50.0,175.0,-210.0,,,
2026-09-11T18:14:17.429202-04:00,cfbd,401856683,Texas A&M,Arizona State,DraftKings,-14.5,-14.5,50.5,51.5,-700.0,500.0,,,
2026-09-11T18:14:17.429202-04:00,cfbd,401856683,Texas A&M,Arizona State,Bovada,-15.0,-14.0,50.5,51.5,-650.0,450.0,,,
2026-09-11T18:14:17.429202-04:00,cfbd,401858221,Virginia Tech,Old Dominion,DraftKings,-19.5,-14.0,48.5,,-1100.0,700.0,,,
2026-09-11T18:14:17.429202-04:00,cfbd,401858221,Virginia Tech,Old Dominion,Bovada,-19.0,-18.5,48.0,51.0,-1200.0,700.0,,,
2026-09-11T18:14:17.429202-04:00,cfbd,401856810,BYU,Arizona,DraftKings,-7.5,-6.5,48.5,,-305.0,245.0,,,
2026-09-11T18:14:17.429202-04:00,cfbd,401856810,BYU,Arizona,Bovada,-7.5,-7.5,48.5,50.5,-310.0,255.0,,,
2026-09-11T18:14:17.429202-04:00,cfbd,401856674,Kentucky,Alabama,DraftKings,10.0,10.5,48.5,,320.0,-410.0,,,
2026-09-11T18:14:17.429202-04:00,cfbd,401856674,Kentucky,Alabama,Bovada,10.0,10.5,48.5,49.0,320.0,-430.0,,,
2026-09-11T18:14:17.429202-04:00,cfbd,401860881,Boise State,Memphis,DraftKings,-8.5,-6.5,56.5,,-325.0,260.0,,,
2026-09-11T18:14:17.429202-04:00,cfbd,401860881,Boise State,Memphis,Bovada,-8.5,-7.5,56.0,55.5,-330.0,265.0,,,
2026-09-11T18:14:17.429202-04:00,cfbd,401858217,Illinois,Duke,DraftKings,-6.0,-8.5,51.5,,-238.0,195.0,,,
2026-09-11T18:14:17.429202-04:00,cfbd,401858217,Illinois,Duke,Bovada,-6.0,-6.0,51.5,53.5,-235.0,195.0,,,
2026-09-11T18:14:17.429202-04:00,cfbd,401860884,Texas State,UTSA,DraftKings,-1.5,-1.5,66.5,,-122.0,102.0,,,
2026-09-11T18:14:17.429202-04:00,cfbd,401860884,Texas State,UTSA,Bovada,-1.5,1.0,66.0,64.5,-110.0,-110.0,,,
2026-09-11T18:14:17.429202-04:00,cfbd,401862702,Army,South Florida,DraftKings,-3.0,-1.5,46.5,52.5,-166.0,140.0,,,
2026-09-11T18:14:17.429202-04:00,cfbd,401862702,Army,South Florida,Bovada,-3.0,-3.5,46.0,49.5,-175.0,150.0,,,
2026-09-11T18:14:17.429202-04:00,cfbd,401858216,Syracuse,California,DraftKings,-3.5,1.5,56.5,52.5,-185.0,154.0,,,
2026-09-11T18:14:17.429202-04:00,cfbd,401858216,Syracuse,California,Bovada,-4.0,-3.0,56.5,56.0,-165.0,140.0,,,
2026-09-11T18:14:17.429202-04:00,cfbd,401858442,Temple,Penn State,DraftKings,23.5,21.5,50.5,51.5,1300.0,-2800.0,,,
2026-09-11T18:14:17.429202-04:00,cfbd,401858442,Temple,Penn State,Bovada,24.0,23.5,51.0,49.5,1100.0,-3300.0,,,
2026-09-11T18:14:17.429202-04:00,cfbd,401858446,Washington,Utah State,DraftKings,-27.5,-24.5,55.5,56.5,-4000.0,1600.0,,,
2026-09-11T18:14:17.429202-04:00,cfbd,401858446,Washington,Utah State,Bovada,-27.0,-26.5,55.5,55.5,-5000.0,1300.0,,,
2026-09-11T18:14:17.429202-04:00,cfbd,401856790,Pittsburgh,UCF,DraftKings,-7.0,-8.5,56.5,51.5,-285.0,230.0,,,
2026-09-11T18:14:17.429202-04:00,cfbd,401856790,Pittsburgh,UCF,Bovada,-7.0,-7.5,56.5,57.0,-300.0,250.0,,,
2026-09-11T18:14:17.429202-04:00,cfbd,401858444,UConn,Maryland,DraftKings,11.5,12.5,52.5,53.5,350.0,-455.0,,,
2026-09-11T18:14:17.429202-04:00,cfbd,401858444,UConn,Maryland,Bovada,11.5,12.5,52.0,53.5,360.0,-500.0,,,
2026-09-11T18:14:17.429202-04:00,cfbd,401856781,Kansas State,Washington State,DraftKings,-17.5,-16.5,49.5,51.5,-950.0,625.0,,,
2026-09-11T18:14:17.429202-04:00,cfbd,401856781,Kansas State,Washington State,Bovada,-17.5,-18.5,49.0,49.0,-1100.0,650.0,,,
2026-09-11T18:14:17.429202-04:00,cfbd,401862705,North Texas,UNLV,DraftKings,3.0,6.5,57.5,61.5,136.0,-162.0,,,
2026-09-11T18:14:17.429202-04:00,cfbd,401862705,North Texas,UNLV,Bovada,3.0,4.5,58.0,57.0,160.0,-185.0,,,
2026-09-11T18:14:17.429202-04:00,cfbd,401866418,Ohio,Jacksonville State,DraftKings,-2.5,-2.5,49.5,48.5,-130.0,110.0,,,
2026-09-11T18:14:17.429202-04:00,cfbd,401866418,Ohio,Jacksonville State,Bovada,-2.5,-2.0,50.0,51.5,-125.0,105.0,,,
2026-09-11T18:14:17.429202-04:00,cfbd,401858440,Michigan State,Eastern Michigan,DraftKings,-17.5,-15.5,49.5,51.5,-950.0,625.0,,,
2026-09-11T18:14:17.429202-04:00,cfbd,401858440,Michigan State,Eastern Michigan,Bovada,-17.5,-17.0,50.0,51.0,-1000.0,625.0,,,
2026-09-11T18:14:17.429202-04:00,cfbd,401859184,Notre Dame,Rice,DraftKings,-44.5,-44.5,54.5,52.5,,,,,
2026-09-11T18:14:17.429202-04:00,cfbd,401859184,Notre Dame,Rice,Bovada,-44.5,-44.5,55.0,54.5,,,,,
2026-09-11T18:14:17.429202-04:00,cfbd,401864571,East Carolina,App State,DraftKings,-6.5,-11.5,56.5,56.5,-265.0,215.0,,,
2026-09-11T18:14:17.429202-04:00,cfbd,401864571,East Carolina,App State,Bovada,-6.5,-8.0,56.5,56.5,-350.0,275.0,,,
2026-09-11T18:14:17.429202-04:00,cfbd,401856673,Georgia,Western Kentucky,DraftKings,-39.5,-35.5,55.5,52.5,,,,,
2026-09-11T18:14:17.429202-04:00,cfbd,401856673,Georgia,Western Kentucky,Bovada,-40.0,-39.5,55.0,54.0,,,,,
2026-09-11T18:14:17.429202-04:00,cfbd,401862708,UAB,UL Monroe,DraftKings,-9.5,-7.5,54.5,54.5,-360.0,285.0,,,
2026-09-11T18:14:17.429202-04:00,cfbd,401862708,UAB,UL Monroe,Bovada,-9.0,-10.5,54.0,56.0,-435.0,325.0,,,
2026-09-11T18:14:17.429202-04:00,cfbd,401856677,Minnesota,Mississippi State,DraftKings,1.5,-2.5,54.5,,-105.0,-115.0,,,
2026-09-11T18:14:17.429202-04:00,cfbd,401856677,Minnesota,Mississippi State,Bovada,1.0,1.0,55.0,55.5,-115.0,-105.0,,,
2026-09-11T18:14:17.429202-04:00,cfbd,401858224,Purdue,Wake Forest,DraftKings,3.0,3.5,49.5,49.5,130.0,-155.0,,,
2026-09-11T18:14:17.429202-04:00,cfbd,401858224,Purdue,Wake Forest,Bovada,3.0,4.5,50.0,50.0,160.0,-185.0,,,
2026-09-11T18:14:17.429202-04:00,cfbd,401866414,Florida International,Buffalo,DraftKings,-10.0,-10.5,47.5,51.5,-410.0,320.0,,,
2026-09-11T18:14:17.429202-04:00,cfbd,401866414,Florida International,Buffalo,Bovada,-10.0,-10.0,47.5,48.5,-415.0,310.0,,,
2026-09-11T18:14:17.429202-04:00,cfbd,401856684,Vanderbilt,Delaware,DraftKings,-21.0,-21.5,54.5,55.5,-1350.0,800.0,,,
2026-09-11T18:14:17.429202-04:00,cfbd,401856684,Vanderbilt,Delaware,Bovada,-21.0,-21.0,54.5,53.5,-1800.0,850.0,,,
2026-09-11T18:14:17.429202-04:00,cfbd,401858214,Boston College,Rutgers,DraftKings,-3.0,-3.5,53.5,,-148.0,124.0,,,
2026-09-11T18:14:17.429202-04:00,cfbd,401858214,Boston College,Rutgers,Bovada,-3.0,-3.5,53.5,54.5,-170.0,145.0,,,
2026-09-11T18:14:17.767730-04:00,odds_api,340ecb016288a69dfc2227500f14bc46,Louisville Cardinals,Villanova Wildcats,fanduel,-38.5,,56.5,,,,2026-09-11T23:00:00Z,-110.0,-108.0
2026-09-11T18:14:17.767730-04:00,odds_api,340ecb016288a69dfc2227500f14bc46,Louisville Cardinals,Villanova Wildcats,draftkings,-38.5,,56.5,,,,2026-09-11T23:00:00Z,-108.0,-112.0
2026-09-11T18:14:17.767730-04:00,odds_api,340ecb016288a69dfc2227500f14bc46,Louisville Cardinals,Villanova Wildcats,lowvig,-38.5,,56.5,,,,2026-09-11T23:00:00Z,-105.0,-110.0
2026-09-11T18:14:17.767730-04:00,odds_api,340ecb016288a69dfc2227500f14bc46,Louisville Cardinals,Villanova Wildcats,betonlineag,-38.5,,56.5,,,,2026-09-11T23:00:00Z,-105.0,-110.0
2026-09-11T18:14:17.767730-04:00,odds_api,340ecb016288a69dfc2227500f14bc46,Louisville Cardinals,Villanova Wildcats,betrivers,-38.0,,57.5,,,,2026-09-11T23:00:00Z,-108.0,-115.0
2026-09-11T18:14:17.767730-04:00,odds_api,340ecb016288a69dfc2227500f14bc46,Louisville Cardinals,Villanova Wildcats,betmgm,-37.5,,56.5,,,,2026-09-11T23:00:00Z,-112.0,-110.0
2026-09-11T18:14:17.767730-04:00,odds_api,340ecb016288a69dfc2227500f14bc46,Louisville Cardinals,Villanova Wildcats,bovada,-38.5,,56.5,,,,2026-09-11T23:00:00Z,-110.0,-115.0
2026-09-11T18:14:17.767730-04:00,odds_api,b008dac7f2b726219adf07d9857e2c66,NC State Wolfpack,Richmond Spiders,fanduel,-33.5,,50.5,,,,2026-09-11T23:00:00Z,-110.0,-114.0
2026-09-11T18:14:17.767730-04:00,odds_api,b008dac7f2b726219adf07d9857e2c66,NC State Wolfpack,Richmond Spiders,mybookieag,,,50.5,,,,2026-09-11T23:00:00Z,,-110.0
2026-09-11T18:14:17.767730-04:00,odds_api,b008dac7f2b726219adf07d9857e2c66,NC State Wolfpack,Richmond Spiders,betrivers,-33.5,,50.5,,,,2026-09-11T23:00:00Z,-113.0,-114.0
2026-09-11T18:14:17.767730-04:00,odds_api,b008dac7f2b726219adf07d9857e2c66,NC State Wolfpack,Richmond Spiders,draftkings,-33.5,,50.5,,-6500.0,2000.0,2026-09-11T23:00:00Z,-112.0,-110.0
2026-09-11T18:14:17.767730-04:00,odds_api,b008dac7f2b726219adf07d9857e2c66,NC State Wolfpack,Richmond Spiders,lowvig,-34.0,,50.5,,,,2026-09-11T23:00:00Z,-105.0,-120.0
2026-09-11T18:14:17.767730-04:00,odds_api,b008dac7f2b726219adf07d9857e2c66,NC State Wolfpack,Richmond Spiders,betonlineag,-34.0,,50.5,,,,2026-09-11T23:00:00Z,-105.0,-120.0
2026-09-11T18:14:17.767730-04:00,odds_api,b008dac7f2b726219adf07d9857e2c66,NC State Wolfpack,Richmond Spiders,betmgm,-33.5,,50.5,,-20000.0,4000.0,2026-09-11T23:00:00Z,-110.0,-108.0
2026-09-11T18:14:17.767730-04:00,odds_api,b008dac7f2b726219adf07d9857e2c66,NC State Wolfpack,Richmond Spiders,bovada,-33.0,,50.0,,,,2026-09-11T23:00:00Z,-110.0,-115.0
2026-09-11T18:14:17.767730-04:00,odds_api,d70ad98172b9cd2090eb75ff32866e04,Virginia Cavaliers,Norfolk State Spartans,fanduel,-46.5,,56.5,,,,2026-09-11T23:00:00Z,-110.0,-106.0
2026-09-11T18:14:17.767730-04:00,odds_api,d70ad98172b9cd2090eb75ff32866e04,Virginia Cavaliers,Norfolk State Spartans,draftkings,-46.5,,55.5,,,,2026-09-11T23:00:00Z,-112.0,-118.0
2026-09-11T18:14:17.767730-04:00,odds_api,d70ad98172b9cd2090eb75ff32866e04,Virginia Cavaliers,Norfolk State Spartans,lowvig,-46.5,,56.0,,,,2026-09-11T23:00:00Z,-110.0,-115.0
2026-09-11T18:14:17.767730-04:00,odds_api,d70ad98172b9cd2090eb75ff32866e04,Virginia Cavaliers,Norfolk State Spartans,betonlineag,-46.5,,56.0,,,,2026-09-11T23:00:00Z,-110.0,-115.0
2026-09-11T18:14:17.767730-04:00,odds_api,d70ad98172b9cd2090eb75ff32866e04,Virginia Cavaliers,Norfolk State Spartans,betrivers,-46.0,,55.5,,,,2026-09-11T23:00:00Z,-110.0,-109.0
2026-09-11T18:14:17.767730-04:00,odds_api,d70ad98172b9cd2090eb75ff32866e04,Virginia Cavaliers,Norfolk State Spartans,betmgm,-46.5,,56.5,,,,2026-09-11T23:00:00Z,-110.0,-110.0
2026-09-11T18:14:17.767730-04:00,odds_api,d70ad98172b9cd2090eb75ff32866e04,Virginia Cavaliers,Norfolk State Spartans,bovada,-46.0,,56.0,,,,2026-09-11T23:00:00Z,-120.0,-110.0
2026-09-11T18:14:17.767730-04:00,odds_api,db698f29983406d35dea606edfdc5922,Boston College,Rutgers Scarlet Knights,fanduel,-2.5,,53.5,,-144.0,120.0,2026-09-11T23:30:00Z,-118.0,-115.0
2026-09-11T18:14:17.767730-04:00,odds_api,db698f29983406d35dea606edfdc5922,Boston College,Rutgers Scarlet Knights,mybookieag,-3.0,,53.5,,-156.0,127.0,2026-09-11T23:30:00Z,-105.0,-110.0
2026-09-11T18:14:17.767730-04:00,odds_api,db698f29983406d35dea606edfdc5922,Boston College,Rutgers Scarlet Knights,draftkings,-3.0,,53.5,,-148.0,124.0,2026-09-11T23:30:00Z,-108.0,-105.0
2026-09-11T18:14:17.767730-04:00,odds_api,db698f29983406d35dea606edfdc5922,Boston College,Rutgers Scarlet Knights,lowvig,-3.0,,53.0,,-150.0,130.0,2026-09-11T23:30:00Z,-104.0,-107.0
2026-09-11T18:14:17.767730-04:00,odds_api,db698f29983406d35dea606edfdc5922,Boston College,Rutgers Scarlet Knights,betonlineag,-3.0,,53.0,,-150.0,130.0,2026-09-11T23:30:00Z,-109.0,-109.0
2026-09-11T18:14:17.767730-04:00,odds_api,db698f29983406d35dea606edfdc5922,Boston College,Rutgers Scarlet Knights,betrivers,-3.0,,54.0,,-162.0,130.0,2026-09-11T23:30:00Z,-115.0,-112.0
2026-09-11T18:14:17.767730-04:00,odds_api,db698f29983406d35dea606edfdc5922,Boston College,Rutgers Scarlet Knights,betmgm,-3.0,,53.5,,-150.0,125.0,2026-09-11T23:30:00Z,-105.0,-110.0
2026-09-11T18:14:17.767730-04:00,odds_api,db698f29983406d35dea606edfdc5922,Boston College,Rutgers Scarlet Knights,betus,-3.0,,54.0,,-150.0,129.0,2026-09-11T23:30:00Z,-110.0,-110.0
2026-09-11T18:14:17.767730-04:00,odds_api,db698f29983406d35dea606edfdc5922,Boston College,Rutgers Scarlet Knights,bovada,-3.0,,53.5,,-145.0,125.0,2026-09-11T23:30:00Z,-105.0,-110.0
2026-09-11T18:14:17.767730-04:00,odds_api,912c15dcb8dd09eacabdcb80673d9d72,Kansas Jayhawks,Missouri Tigers,fanduel,4.5,,51.5,,162.0,-196.0,2026-09-12T00:00:00Z,-112.0,-110.0
2026-09-11T18:14:17.767730-04:00,odds_api,912c15dcb8dd09eacabdcb80673d9d72,Kansas Jayhawks,Missouri Tigers,mybookieag,4.0,,51.5,,158.0,-197.0,2026-09-12T00:00:00Z,-110.0,-110.0
2026-09-11T18:14:17.767730-04:00,odds_api,912c15dcb8dd09eacabdcb80673d9d72,Kansas Jayhawks,Missouri Tigers,draftkings,4.0,,51.5,,160.0,-192.0,2026-09-12T00:00:00Z,-108.0,-118.0
2026-09-11T18:14:17.767730-04:00,odds_api,912c15dcb8dd09eacabdcb80673d9d72,Kansas Jayhawks,Missouri Tigers,betrivers,5.0,,51.0,,170.0,-215.0,2026-09-12T00:00:00Z,-112.0,-114.0
2026-09-11T18:14:17.767730-04:00,odds_api,912c15dcb8dd09eacabdcb80673d9d72,Kansas Jayhawks,Missouri Tigers,betmgm,4.0,,51.5,,160.0,-200.0,2026-09-12T00:00:00Z,-110.0,-110.0
2026-09-11T18:14:17.767730-04:00,odds_api,912c15dcb8dd09eacabdcb80673d9d72,Kansas Jayhawks,Missouri Tigers,betonlineag,4.0,,52.0,,165.0,-190.0,2026-09-12T00:00:00Z,-110.0,-110.0
2026-09-11T18:14:17.767730-04:00,odds_api,912c15dcb8dd09eacabdcb80673d9d72,Kansas Jayhawks,Missouri Tigers,lowvig,4.0,,52.0,,165.0,-190.0,2026-09-12T00:00:00Z,-101.0,-108.0
2026-09-11T18:14:17.767730-04:00,odds_api,912c15dcb8dd09eacabdcb80673d9d72,Kansas Jayhawks,Missouri Tigers,betus,4.0,,52.0,,163.0,-190.0,2026-09-12T00:00:00Z,-110.0,-110.0
2026-09-11T18:14:17.767730-04:00,odds_api,912c15dcb8dd09eacabdcb80673d9d72,Kansas Jayhawks,Missouri Tigers,bovada,4.5,,52.0,,170.0,-200.0,2026-09-12T00:00:00Z,-110.0,-110.0
2026-09-11T18:14:17.767730-04:00,odds_api,6dbd3546b178b91878131862fd719e1e,East Carolina,Appalachian State Mountaineers,fanduel,-6.5,,56.5,,-240.0,195.0,2026-09-12T16:00:00Z,-110.0,-106.0
2026-09-11T18:14:17.767730-04:00,odds_api,6dbd3546b178b91878131862fd719e1e,East Carolina,Appalachian State Mountaineers,draftkings,-6.5,,56.5,,-265.0,215.0,2026-09-12T16:00:00Z,-112.0,-112.0
2026-09-11T18:14:17.767730-04:00,odds_api,6dbd3546b178b91878131862fd719e1e,East Carolina,Appalachian State Mountaineers,lowvig,-6.5,,56.5,,-240.0,200.0,2026-09-12T16:00:00Z,-106.0,-108.0
2026-09-11T18:14:17.767730-04:00,odds_api,6dbd3546b178b91878131862fd719e1e,East Carolina,Appalachian State Mountaineers,betonlineag,-6.5,,56.5,,-240.0,200.0,2026-09-12T16:00:00Z,-110.0,-110.0
2026-09-11T18:14:17.767730-04:00,odds_api,6dbd3546b178b91878131862fd719e1e,East Carolina,Appalachian State Mountaineers,betrivers,-6.5,,56.5,,-250.0,200.0,2026-09-12T16:00:00Z,-114.0,-110.0
2026-09-11T18:14:17.767730-04:00,odds_api,6dbd3546b178b91878131862fd719e1e,East Carolina,Appalachian State Mountaineers,betmgm,-6.5,,56.5,,-250.0,200.0,2026-09-12T16:00:00Z,-110.0,-108.0
2026-09-11T18:14:17.767730-04:00,odds_api,6dbd3546b178b91878131862fd719e1e,East Carolina,Appalachian State Mountaineers,bovada,-6.5,,56.5,,-260.0,215.0,2026-09-12T16:00:00Z,-115.0,-105.0
2026-09-11T18:14:17.767730-04:00,odds_api,6dbd3546b178b91878131862fd719e1e,East Carolina,Appalachian State Mountaineers,betus,-6.5,,56.5,,-240.0,203.0,2026-09-12T16:00:00Z,-110.0,-110.0
2026-09-11T18:14:17.767730-04:00,odds_api,6dbd3546b178b91878131862fd719e1e,East Carolina,Appalachian State Mountaineers,mybookieag,-6.5,,56.5,,-255.0,202.0,2026-09-12T16:00:00Z,-110.0,-110.0
2026-09-11T18:14:17.767730-04:00,odds_api,401856683,Texas A&M,Arizona State,draftkings,-14.5,,50.5,,-700.0,500.0,2026-09-12T16:00:00Z,-108.0,-112.0
2026-09-11T18:14:17.767730-04:00,odds_api,401856683,Texas A&M,Arizona State,betrivers,-14.5,,51.0,,-910.0,510.0,2026-09-12T16:00:00Z,-108.0,-109.0
2026-09-11T18:14:17.767730-04:00,odds_api,401856683,Texas A&M,Arizona State,mybookieag,-14.5,,50.5,,-752.0,500.0,2026-09-12T16:00:00Z,-110.0,-110.0
2026-09-11T18:14:17.767730-04:00,odds_api,401856683,Texas A&M,Arizona State,fanduel,-14.5,,50.5,,-720.0,500.0,2026-09-12T16:00:00Z,-110.0,-112.0
2026-09-11T18:14:17.767730-04:00,odds_api,401856683,Texas A&M,Arizona State,lowvig,-15.0,,50.5,,-700.0,505.0,2026-09-12T16:00:00Z,-101.0,-114.0
2026-09-11T18:14:17.767730-04:00,odds_api,401856683,Texas A&M,Arizona State,betonlineag,-15.0,,50.5,,-700.0,505.0,2026-09-12T16:00:00Z,-105.0,-115.0
2026-09-11T18:14:17.767730-04:00,odds_api,401856683,Texas A&M,Arizona State,betmgm,-14.5,,50.5,,-650.0,500.0,2026-09-12T16:00:00Z,-108.0,-110.0
2026-09-11T18:14:17.767730-04:00,odds_api,401856683,Texas A&M,Arizona State,betus,-14.5,,50.5,,-700.0,500.0,2026-09-12T16:00:00Z,-110.0,-110.0
2026-09-11T18:14:17.767730-04:00,odds_api,401856683,Texas A&M,Arizona State,bovada,-14.5,,50.5,,-700.0,475.0,2026-09-12T16:00:00Z,-110.0,-110.0
2026-09-11T18:14:17.767730-04:00,odds_api,a7c7e0143d5131ee3e2d78f356f0089d,Army Black Knights,South Florida,fanduel,-3.5,,46.5,,-166.0,138.0,2026-09-12T16:00:00Z,-102.0,-114.0
2026-09-11T18:14:17.767730-04:00,odds_api,a7c7e0143d5131ee3e2d78f356f0089d,Army Black Knights,South Florida,mybookieag,-3.0,,46.0,,-177.0,143.0,2026-09-12T16:00:00Z,-110.0,-110.0
2026-09-11T18:14:17.767730-04:00,odds_api,a7c7e0143d5131ee3e2d78f356f0089d,Army Black Knights,South Florida,draftkings,-3.0,,46.5,,-166.0,140.0,2026-09-12T16:00:00Z,-118.0,-110.0
2026-09-11T18:14:17.767730-04:00,odds_api,a7c7e0143d5131ee3e2d78f356f0089d,Army Black Knights,South Florida,lowvig,-3.5,,46.0,,-170.0,149.0,2026-09-12T16:00:00Z,104.0,-108.0
2026-09-11T18:14:17.767730-04:00,odds_api,a7c7e0143d5131ee3e2d78f356f0089d,Army Black Knights,South Florida,betonlineag,-3.5,,46.0,,-170.0,149.0,2026-09-12T16:00:00Z,-104.0,-110.0
2026-09-11T18:14:17.767730-04:00,odds_api,a7c7e0143d5131ee3e2d78f356f0089d,Army Black Knights,South Florida,betrivers,-3.5,,46.5,,-175.0,135.0,2026-09-12T16:00:00Z,-106.0,-114.0
2026-09-11T18:14:17.767730-04:00,odds_api,a7c7e0143d5131ee3e2d78f356f0089d,Army Black Knights,South Florida,betmgm,-3.5,,46.5,,-165.0,140.0,2026-09-12T16:00:00Z,-105.0,-108.0
2026-09-11T18:14:17.767730-04:00,odds_api,a7c7e0143d5131ee3e2d78f356f0089d,Army Black Knights,South Florida,betus,-3.0,,46.0,,-170.0,146.0,2026-09-12T16:00:00Z,-115.0,-110.0
2026-09-11T18:14:17.767730-04:00,odds_api,a7c7e0143d5131ee3e2d78f356f0089d,Army Black Knights,South Florida,bovada,-3.0,,46.0,,-165.0,140.0,2026-09-12T16:00:00Z,-120.0,-110.0
2026-09-11T18:14:17.767730-04:00,odds_api,287a959c0717526161988214cb4e01ce,North Carolina,East Tennessee State Buccaneers,fanduel,-35.5,,54.5,,-20000.0,3500.0,2026-09-12T16:00:00Z,-104.0,-112.0
2026-09-11T18:14:17.767730-04:00,odds_api,287a959c0717526161988214cb4e01ce,North Carolina,East Tennessee State Buccaneers,betrivers,-34.5,,54.5,,,,2026-09-12T16:00:00Z,-113.0,-107.0
2026-09-11T18:14:17.767730-04:00,odds_api,287a959c0717526161988214cb4e01ce,North Carolina,East Tennessee State Buccaneers,draftkings,-35.5,,54.5,,,,2026-09-12T16:00:00Z,-110.0,-112.0
2026-09-11T18:14:17.767730-04:00,odds_api,287a959c0717526161988214cb4e01ce,North Carolina,East Tennessee State Buccaneers,betonlineag,-35.5,,54.5,,,,2026-09-12T16:00:00Z,-115.0,-115.0
2026-09-11T18:14:17.767730-04:00,odds_api,287a959c0717526161988214cb4e01ce,North Carolina,East Tennessee State Buccaneers,lowvig,-35.5,,54.5,,,,2026-09-12T16:00:00Z,-115.0,-115.0
2026-09-11T18:14:17.767730-04:00,odds_api,6ab72601a536ccfdbc30904c90644d1a,Liberty Flames,Gardner-Webb Runnin Bulldogs,fanduel,-27.5,,54.5,,-4500.0,1600.0,2026-09-12T16:00:00Z,-114.0,-110.0
2026-09-11T18:14:17.767730-04:00,odds_api,6ab72601a536ccfdbc30904c90644d1a,Liberty Flames,Gardner-Webb Runnin Bulldogs,betrivers,-28.0,,54.5,,,,2026-09-12T16:00:00Z,-107.0,-115.0
2026-09-11T18:14:17.767730-04:00,odds_api,6ab72601a536ccfdbc30904c90644d1a,Liberty Flames,Gardner-Webb Runnin Bulldogs,draftkings,-27.5,,55.5,,-3600.0,1500.0,2026-09-12T16:00:00Z,-108.0,-105.0
2026-09-11T18:14:17.767730-04:00,odds_api,6ab72601a536ccfdbc30904c90644d1a,Liberty Flames,Gardner-Webb Runnin Bulldogs,betonlineag,-27.5,,55.5,,,,2026-09-12T16:00:00Z,-115.0,-115.0
2026-09-11T18:14:17.767730-04:00,odds_api,6ab72601a536ccfdbc30904c90644d1a,Liberty Flames,Gardner-Webb Runnin Bulldogs,lowvig,-27.5,,55.5,,,,2026-09-12T16:00:00Z,-115.0,-115.0
2026-09-11T18:14:17.767730-04:00,odds_api,a50cf094d107e92ff579fba17969676c,Indiana Hoosiers,Howard Bison,fanduel,-56.5,,65.5,,,,2026-09-12T16:00:00Z,-110.0,-110.0
2026-09-11T18:14:17.767730-04:00,odds_api,a50cf094d107e92ff579fba17969676c,Indiana Hoosiers,Howard Bison,betrivers,-56.5,,65.5,,,,2026-09-12T16:00:00Z,-110.0,-108.0
2026-09-11T18:14:17.767730-04:00,odds_api,a50cf094d107e92ff579fba17969676c,Indiana Hoosiers,Howard Bison,draftkings,-56.5,,65.5,,,,2026-09-12T16:00:00Z,-110.0,-105.0
2026-09-11T18:14:17.767730-04:00,odds_api,a50cf094d107e92ff579fba17969676c,Indiana Hoosiers,Howard Bison,betonlineag,-56.5,,64.5,,,,2026-09-12T16:00:00Z,-115.0,-115.0
2026-09-11T18:14:17.767730-04:00,odds_api,a50cf094d107e92ff579fba17969676c,Indiana Hoosiers,Howard Bison,lowvig,-56.5,,64.5,,,,2026-09-12T16:00:00Z,-115.0,-115.0
2026-09-11T18:14:17.767730-04:00,odds_api,e2280b63997737273801521da2ded119,James Madison,Wagner Seahawks,fanduel,-45.5,,55.5,,,,2026-09-12T16:00:00Z,-110.0,-110.0
2026-09-11T18:14:17.767730-04:00,odds_api,e2280b63997737273801521da2ded119,James Madison,Wagner Seahawks,betrivers,-45.0,,55.5,,,,2026-09-12T16:00:00Z,-115.0,-112.0
2026-09-11T18:14:17.767730-04:00,odds_api,e2280b63997737273801521da2ded119,James Madison,Wagner Seahawks,draftkings,-45.5,,55.5,,,,2026-09-12T16:00:00Z,-108.0,100.0
2026-09-11T18:14:17.767730-04:00,odds_api,e2280b63997737273801521da2ded119,James Madison,Wagner Seahawks,betonlineag,-45.5,,54.5,,,,2026-09-12T16:00:00Z,-101.0,-120.0
2026-09-11T18:14:17.767730-04:00,odds_api,e2280b63997737273801521da2ded119,James Madison,Wagner Seahawks,lowvig,-45.5,,54.5,,,,2026-09-12T16:00:00Z,-115.0,-120.0
2026-09-11T18:14:17.767730-04:00,odds_api,401856781,Kansas State,Washington State,fanduel,-17.5,,49.5,,-1250.0,740.0,2026-09-12T16:00:00Z,-110.0,-110.0
2026-09-11T18:14:17.767730-04:00,odds_api,401856781,Kansas State,Washington State,mybookieag,-17.5,,49.0,,-1099.0,650.0,2026-09-12T16:00:00Z,-110.0,-110.0
2026-09-11T18:14:17.767730-04:00,odds_api,401856781,Kansas State,Washington State,draftkings,-17.5,,49.5,,-1000.0,650.0,2026-09-12T16:00:00Z,-108.0,-105.0
2026-09-11T18:14:17.767730-04:00,odds_api,401856781,Kansas State,Washington State,betonlineag,-17.5,,49.5,,-900.0,613.0,2026-09-12T16:00:00Z,-110.0,-110.0
2026-09-11T18:14:17.767730-04:00,odds_api,401856781,Kansas State,Washington State,lowvig,-17.5,,49.5,,-900.0,613.0,2026-09-12T16:00:00Z,-106.0,-108.0
2026-09-11T18:14:17.767730-04:00,odds_api,401856781,Kansas State,Washington State,betmgm,-17.5,,49.5,,-1000.0,700.0,2026-09-12T16:00:00Z,-108.0,-105.0
2026-09-11T18:14:17.767730-04:00,odds_api,401856781,Kansas State,Washington State,betrivers,-17.5,,49.0,,-1115.0,650.0,2026-09-12T16:00:00Z,-110.0,-112.0
2026-09-11T18:14:17.767730-04:00,odds_api,401856781,Kansas State,Washington State,betus,-17.5,,49.0,,-900.0,600.0,2026-09-12T16:00:00Z,-110.0,-110.0
2026-09-11T18:14:17.767730-04:00,odds_api,401856781,Kansas State,Washington State,bovada,-17.5,,49.0,,-1000.0,625.0,2026-09-12T16:00:00Z,-110.0,-110.0
2026-09-11T18:14:17.767730-04:00,odds_api,f84668c3813a8bed98f8cf0bc3c31a00,Kent State Golden Flashes,Wofford Terriers,fanduel,-11.5,,46.5,,-520.0,385.0,2026-09-12T16:00:00Z,-110.0,-110.0
2026-09-11T18:14:17.767730-04:00,odds_api,f84668c3813a8bed98f8cf0bc3c31a00,Kent State Golden Flashes,Wofford Terriers,betrivers,-10.5,,46.5,,-530.0,375.0,2026-09-12T16:00:00Z,-113.0,-109.0
2026-09-11T18:14:17.767730-04:00,odds_api,f84668c3813a8bed98f8cf0bc3c31a00,Kent State Golden Flashes,Wofford Terriers,draftkings,-10.5,,47.5,,-470.0,360.0,2026-09-12T16:00:00Z,-115.0,-108.0
2026-09-11T18:14:17.767730-04:00,odds_api,f84668c3813a8bed98f8cf0bc3c31a00,Kent State Golden Flashes,Wofford Terriers,betonlineag,-10.5,,47.5,,,,2026-09-12T16:00:00Z,-115.0,-115.0
2026-09-11T18:14:17.767730-04:00,odds_api,f84668c3813a8bed98f8cf0bc3c31a00,Kent State Golden Flashes,Wofford Terriers,lowvig,-10.5,,47.5,,,,2026-09-12T16:00:00Z,-115.0,-115.0
2026-09-11T18:14:17.767730-04:00,odds_api,b38f4f63351c15767e64a76a73589574,Michigan Wolverines,Oklahoma State,fanduel,4.5,,43.5,,166.0,-198.0,2026-09-12T16:00:00Z,-110.0,-110.0
2026-09-11T18:14:17.767730-04:00,odds_api,b38f4f63351c15767e64a76a73589574,Michigan Wolverines,Oklahoma State,bovada,4.5,,43.5,,170.0,-200.0,2026-09-12T16:00:00Z,-110.0,-105.0
2026-09-11T18:14:17.767730-04:00,odds_api,b38f4f63351c15767e64a76a73589574,Michigan Wolverines,Oklahoma State,betmgm,4.5,,43.5,,170.0,-210.0,2026-09-12T16:00:00Z,-108.0,-108.0
2026-09-11T18:14:17.767730-04:00,odds_api,b38f4f63351c15767e64a76a73589574,Michigan Wolverines,Oklahoma State,betrivers,5.5,,43.5,,163.0,-215.0,2026-09-12T16:00:00Z,-113.0,-109.0
2026-09-11T18:14:17.767730-04:00,odds_api,b38f4f63351c15767e64a76a73589574,Michigan Wolverines,Oklahoma State,mybookieag,5.0,,43.5,,185.0,-232.0,2026-09-12T16:00:00Z,-110.0,-110.0
2026-09-11T18:14:17.767730-04:00,odds_api,b38f4f63351c15767e64a76a73589574,Michigan Wolverines,Oklahoma State,draftkings,5.5,,43.5,,170.0,-205.0,2026-09-12T16:00:00Z,-112.0,-108.0
2026-09-11T18:14:17.767730-04:00,odds_api,b38f4f63351c15767e64a76a73589574,Michigan Wolverines,Oklahoma State,betonlineag,4.5,,43.5,,174.0,-200.0,2026-09-12T16:00:00Z,-112.0,-110.0
2026-09-11T18:14:17.767730-04:00,odds_api,b38f4f63351c15767e64a76a73589574,Michigan Wolverines,Oklahoma State,lowvig,5.0,,43.5,,174.0,-200.0,2026-09-12T16:00:00Z,-117.0,-108.0
2026-09-11T18:14:17.767730-04:00,odds_api,b38f4f63351c15767e64a76a73589574,Michigan Wolverines,Oklahoma State,betus,4.5,,43.5,,170.0,-200.0,2026-09-12T16:00:00Z,-110.0,-110.0
2026-09-11T18:14:17.767730-04:00,odds_api,d652c7bc0594f13ef0a2a04e31ef5666,Oklahoma State,Oregon Ducks,fanduel,23.5,,55.5,,1060.0,-2300.0,2026-09-12T16:00:00Z,-115.0,-110.0
2026-09-11T18:14:17.767730-04:00,odds_api,d652c7bc0594f13ef0a2a04e31ef5666,Oklahoma State,Oregon Ducks,mybookieag,23.5,,55.0,,1072.0,-2549.0,2026-09-12T16:00:00Z,-110.0,-110.0
2026-09-11T18:14:17.767730-04:00,odds_api,d652c7bc0594f13ef0a2a04e31ef5666,Oklahoma State,Oregon Ducks,draftkings,23.5,,55.5,,1100.0,-2100.0,2026-09-12T16:00:00Z,-115.0,-105.0
2026-09-11T18:14:17.767730-04:00,odds_api,d652c7bc0594f13ef0a2a04e31ef5666,Oklahoma State,Oregon Ducks,betrivers,23.5,,55.5,,1050.0,-3335.0,2026-09-12T16:00:00Z,-112.0,-112.0
2026-09-11T18:14:17.767730-04:00,odds_api,d652c7bc0594f13ef0a2a04e31ef5666,Oklahoma State,Oregon Ducks,betmgm,23.0,,55.5,,1150.0,-2000.0,2026-09-12T16:00:00Z,-108.0,-105.0
2026-09-11T18:14:17.767730-04:00,odds_api,d652c7bc0594f13ef0a2a04e31ef5666,Oklahoma State,Oregon Ducks,lowvig,23.0,,55.5,,1116.0,-2300.0,2026-09-12T16:00:00Z,-101.0,-103.0
2026-09-11T18:14:17.767730-04:00,odds_api,d652c7bc0594f13ef0a2a04e31ef5666,Oklahoma State,Oregon Ducks,betonlineag,23.0,,55.5,,1116.0,-2300.0,2026-09-12T16:00:00Z,-105.0,-105.0
2026-09-11T18:14:17.767730-04:00,odds_api,d652c7bc0594f13ef0a2a04e31ef5666,Oklahoma State,Oregon Ducks,bovada,23.0,,55.5,,950.0,-2000.0,2026-09-12T16:00:00Z,-110.0,-105.0
2026-09-11T18:14:17.767730-04:00,odds_api,d652c7bc0594f13ef0a2a04e31ef5666,Oklahoma State,Oregon Ducks,betus,23.0,,55.0,,1125.0,-2300.0,2026-09-12T16:00:00Z,-105.0,-110.0
2026-09-11T18:14:17.767730-04:00,odds_api,401858221,Virginia Tech,Old Dominion,draftkings,-19.5,,48.5,,-1100.0,700.0,2026-09-12T16:00:00Z,-102.0,-105.0
2026-09-11T18:14:17.767730-04:00,odds_api,401858221,Virginia Tech,Old Dominion,fanduel,-18.5,,48.5,,-1250.0,740.0,2026-09-12T16:00:00Z,-114.0,-105.0
2026-09-11T18:14:17.767730-04:00,odds_api,401858221,Virginia Tech,Old Dominion,mybookieag,-19.0,,48.5,,-1205.0,690.0,2026-09-12T16:00:00Z,-110.0,-110.0
2026-09-11T18:14:17.767730-04:00,odds_api,401858221,Virginia Tech,Old Dominion,lowvig,-19.0,,47.5,,-1200.0,754.0,2026-09-12T16:00:00Z,-104.0,-114.0
2026-09-11T18:14:17.767730-04:00,odds_api,401858221,Virginia Tech,Old Dominion,betonlineag,-19.0,,47.5,,-1200.0,754.0,2026-09-12T16:00:00Z,-108.0,-115.0
2026-09-11T18:14:17.767730-04:00,odds_api,401858221,Virginia Tech,Old Dominion,betmgm,-18.5,,48.5,,-1100.0,750.0,2026-09-12T16:00:00Z,-110.0,-102.0
2026-09-11T18:14:17.767730-04:00,odds_api,401858221,Virginia Tech,Old Dominion,betrivers,-19.0,,48.5,,-1430.0,750.0,2026-09-12T16:00:00Z,-109.0,-115.0
2026-09-11T18:14:17.767730-04:00,odds_api,401858221,Virginia Tech,Old Dominion,betus,-19.0,,48.0,,-1200.0,750.0,2026-09-12T16:00:00Z,-110.0,-105.0
2026-09-11T18:14:17.767730-04:00,odds_api,401858221,Virginia Tech,Old Dominion,bovada,-19.0,,48.0,,-1100.0,650.0,2026-09-12T16:00:00Z,-110.0,-115.0
2026-09-11T18:14:17.767730-04:00,odds_api,eee54863c6c50d585de1919f1fca51e5,Temple,Penn State Nittany Lions,fanduel,23.5,,50.5,,1400.0,-4000.0,2026-09-12T16:00:00Z,-102.0,-115.0
2026-09-11T18:14:17.767730-04:00,odds_api,eee54863c6c50d585de1919f1fca51e5,Temple,Penn State Nittany Lions,mybookieag,24.0,,50.5,,1130.0,-3366.0,2026-09-12T16:00:00Z,-110.0,-110.0
2026-09-11T18:14:17.767730-04:00,odds_api,eee54863c6c50d585de1919f1fca51e5,Temple,Penn State Nittany Lions,draftkings,23.5,,50.5,,1300.0,-2800.0,2026-09-12T16:00:00Z,-102.0,-118.0
2026-09-11T18:14:17.767730-04:00,odds_api,eee54863c6c50d585de1919f1fca51e5,Temple,Penn State Nittany Lions,lowvig,24.0,,51.0,,1276.0,-3100.0,2026-09-12T16:00:00Z,-109.0,-114.0
2026-09-11T18:14:17.767730-04:00,odds_api,eee54863c6c50d585de1919f1fca51e5,Temple,Penn State Nittany Lions,betonlineag,24.0,,51.0,,1276.0,-3100.0,2026-09-12T16:00:00Z,-113.0,-115.0
2026-09-11T18:14:17.767730-04:00,odds_api,eee54863c6c50d585de1919f1fca51e5,Temple,Penn State Nittany Lions,betmgm,24.0,,50.5,,1450.0,-2500.0,2026-09-12T16:00:00Z,-110.0,-118.0
2026-09-11T18:14:17.767730-04:00,odds_api,eee54863c6c50d585de1919f1fca51e5,Temple,Penn State Nittany Lions,betrivers,24.0,,51.0,,1400.0,-10000.0,2026-09-12T16:00:00Z,-113.0,-109.0
2026-09-11T18:14:17.767730-04:00,odds_api,eee54863c6c50d585de1919f1fca51e5,Temple,Penn State Nittany Lions,betus,24.0,,51.0,,1400.0,-3100.0,2026-09-12T16:00:00Z,-110.0,-115.0
2026-09-11T18:14:17.767730-04:00,odds_api,eee54863c6c50d585de1919f1fca51e5,Temple,Penn State Nittany Lions,bovada,24.0,,51.0,,1000.0,-2500.0,2026-09-12T16:00:00Z,-110.0,-110.0
2026-09-11T18:14:17.767730-04:00,odds_api,5a8d98c3147d18b683d90a536e76eb64,Purdue Boilermakers,Wake Forest Demon Deacons,fanduel,2.5,,49.5,,126.0,-152.0,2026-09-12T16:00:00Z,-102.0,-115.0
2026-09-11T18:14:17.767730-04:00,odds_api,5a8d98c3147d18b683d90a536e76eb64,Purdue Boilermakers,Wake Forest Demon Deacons,mybookieag,3.0,,49.5,,129.0,-158.0,2026-09-12T16:00:00Z,-110.0,-110.0
2026-09-11T18:14:17.767730-04:00,odds_api,5a8d98c3147d18b683d90a536e76eb64,Purdue Boilermakers,Wake Forest Demon Deacons,draftkings,3.0,,49.5,,130.0,-155.0,2026-09-12T16:00:00Z,-108.0,-112.0
2026-09-11T18:14:17.767730-04:00,odds_api,5a8d98c3147d18b683d90a536e76eb64,Purdue Boilermakers,Wake Forest Demon Deacons,lowvig,3.0,,50.0,,134.0,-154.0,2026-09-12T16:00:00Z,-102.0,-114.0
2026-09-11T18:14:17.767730-04:00,odds_api,5a8d98c3147d18b683d90a536e76eb64,Purdue Boilermakers,Wake Forest Demon Deacons,betonlineag,3.0,,50.0,,134.0,-154.0,2026-09-12T16:00:00Z,-106.0,-115.0
2026-09-11T18:14:17.767730-04:00,odds_api,5a8d98c3147d18b683d90a536e76eb64,Purdue Boilermakers,Wake Forest Demon Deacons,betrivers,3.0,,50.0,,115.0,-143.0,2026-09-12T16:00:00Z,-117.0,-112.0
2026-09-11T18:14:17.767730-04:00,odds_api,5a8d98c3147d18b683d90a536e76eb64,Purdue Boilermakers,Wake Forest Demon Deacons,betmgm,3.0,,50.5,,130.0,-160.0,2026-09-12T16:00:00Z,-110.0,-108.0
2026-09-11T18:14:17.767730-04:00,odds_api,5a8d98c3147d18b683d90a536e76eb64,Purdue Boilermakers,Wake Forest Demon Deacons,betus,3.0,,49.5,,134.0,-155.0,2026-09-12T16:00:00Z,-110.0,-110.0
2026-09-11T18:14:17.767730-04:00,odds_api,5a8d98c3147d18b683d90a536e76eb64,Purdue Boilermakers,Wake Forest Demon Deacons,bovada,3.0,,50.0,,135.0,-160.0,2026-09-12T16:00:00Z,-110.0,-110.0
2026-09-11T18:14:17.767730-04:00,odds_api,43ee6255542faa05e9b9853cb1c6289e,Georgia Bulldogs,Western Kentucky,draftkings,-39.5,,55.5,,,,2026-09-12T16:45:00Z,-112.0,-112.0
2026-09-11T18:14:17.767730-04:00,odds_api,43ee6255542faa05e9b9853cb1c6289e,Georgia Bulldogs,Western Kentucky,betonlineag,-40.0,,55.5,,,,2026-09-12T16:45:00Z,-105.0,-110.0
2026-09-11T18:14:17.767730-04:00,odds_api,43ee6255542faa05e9b9853cb1c6289e,Georgia Bulldogs,Western Kentucky,lowvig,-40.0,,55.5,,,,2026-09-12T16:45:00Z,-106.0,-108.0
2026-09-11T18:14:17.767730-04:00,odds_api,43ee6255542faa05e9b9853cb1c6289e,Georgia Bulldogs,Western Kentucky,betrivers,-41.5,,55.5,,,,2026-09-12T16:45:00Z,-108.0,-114.0
2026-09-11T18:14:17.767730-04:00,odds_api,43ee6255542faa05e9b9853cb1c6289e,Georgia Bulldogs,Western Kentucky,betus,-40.5,,55.5,,,,2026-09-12T16:45:00Z,-110.0,-110.0
2026-09-11T18:14:17.767730-04:00,odds_api,43ee6255542faa05e9b9853cb1c6289e,Georgia Bulldogs,Western Kentucky,bovada,-40.0,,55.0,,,,2026-09-12T16:45:00Z,-110.0,-110.0
2026-09-11T18:14:17.767730-04:00,odds_api,43ee6255542faa05e9b9853cb1c6289e,Georgia Bulldogs,Western Kentucky,betmgm,-40.5,,55.5,,,,2026-09-12T16:45:00Z,-110.0,-110.0
2026-09-11T18:14:17.767730-04:00,odds_api,43ee6255542faa05e9b9853cb1c6289e,Georgia Bulldogs,Western Kentucky,fanduel,-40.5,,55.5,,,,2026-09-12T16:45:00Z,-110.0,-112.0
2026-09-11T18:14:17.767730-04:00,odds_api,6e373e2da501d8104f2162d0e2ca6e2d,Central Michigan,Colgate Raiders,fanduel,-22.5,,49.5,,-4000.0,1400.0,2026-09-12T17:00:00Z,-115.0,-110.0
2026-09-11T18:14:17.767730-04:00,odds_api,6e373e2da501d8104f2162d0e2ca6e2d,Central Michigan,Colgate Raiders,betrivers,-22.0,,48.5,,-3335.0,1150.0,2026-09-12T17:00:00Z,-112.0,-118.0
2026-09-11T18:14:17.767730-04:00,odds_api,6e373e2da501d8104f2162d0e2ca6e2d,Central Michigan,Colgate Raiders,draftkings,-21.5,,49.5,,-1650.0,950.0,2026-09-12T17:00:00Z,-112.0,-102.0
2026-09-11T18:14:17.767730-04:00,odds_api,6e373e2da501d8104f2162d0e2ca6e2d,Central Michigan,Colgate Raiders,betonlineag,-21.0,,48.5,,,,2026-09-12T17:00:00Z,-125.0,-115.0
2026-09-11T18:14:17.767730-04:00,odds_api,6e373e2da501d8104f2162d0e2ca6e2d,Central Michigan,Colgate Raiders,lowvig,-21.0,,48.5,,,,2026-09-12T17:00:00Z,-125.0,-115.0
2026-09-11T18:14:17.767730-04:00,odds_api,2a658c30f1df6cbb619b57193bb781a2,Miami (OH) RedHawks,Holy Cross Crusaders,fanduel,-30.5,,50.5,,-7000.0,2000.0,2026-09-12T17:00:00Z,-115.0,-108.0
2026-09-11T18:14:17.767730-04:00,odds_api,2a658c30f1df6cbb619b57193bb781a2,Miami (OH) RedHawks,Holy Cross Crusaders,betrivers,-31.0,,50.5,,,,2026-09-12T17:00:00Z,-112.0,-115.0
2026-09-11T18:14:17.767730-04:00,odds_api,2a658c30f1df6cbb619b57193bb781a2,Miami (OH) RedHawks,Holy Cross Crusaders,draftkings,-30.5,,50.5,,-5000.0,1800.0,2026-09-12T17:00:00Z,-112.0,-110.0
2026-09-11T18:14:17.767730-04:00,odds_api,2a658c30f1df6cbb619b57193bb781a2,Miami (OH) RedHawks,Holy Cross Crusaders,betonlineag,-30.5,,50.5,,,,2026-09-12T17:00:00Z,-115.0,-120.0
2026-09-11T18:14:17.767730-04:00,odds_api,2a658c30f1df6cbb619b57193bb781a2,Miami (OH) RedHawks,Holy Cross Crusaders,lowvig,-30.5,,50.5,,,,2026-09-12T17:00:00Z,-115.0,-120.0
2026-09-11T18:14:17.767730-04:00,odds_api,c3281cee9975bf6d8ed8106826279caf,West Virginia Mountaineers,UT Martin Skyhawks,fanduel,-41.5,,55.5,,,,2026-09-12T17:00:00Z,-114.0,-112.0
2026-09-11T18:14:17.767730-04:00,odds_api,c3281cee9975bf6d8ed8106826279caf,West Virginia Mountaineers,UT Martin Skyhawks,betrivers,-41.0,,56.5,,,,2026-09-12T17:00:00Z,-113.0,-110.0
2026-09-11T18:14:17.767730-04:00,odds_api,c3281cee9975bf6d8ed8106826279caf,West Virginia Mountaineers,UT Martin Skyhawks,draftkings,-41.5,,55.5,,,,2026-09-12T17:00:00Z,-118.0,-110.0
2026-09-11T18:14:17.767730-04:00,odds_api,c3281cee9975bf6d8ed8106826279caf,West Virginia Mountaineers,UT Martin Skyhawks,betonlineag,-42.0,,55.5,,,,2026-09-12T17:00:00Z,-115.0,-115.0
2026-09-11T18:14:17.767730-04:00,odds_api,50ca382289647d24354223aa3512c02f,Ball State Cardinals,Stony Brook Seawolves,fanduel,-14.5,,55.5,,-750.0,520.0,2026-09-12T18:00:00Z,-106.0,-106.0
2026-09-11T18:14:17.767730-04:00,odds_api,50ca382289647d24354223aa3512c02f,Ball State Cardinals,Stony Brook Seawolves,betrivers,-14.5,,55.5,,-910.0,575.0,2026-09-12T18:00:00Z,-112.0,-108.0
2026-09-11T18:14:17.767730-04:00,odds_api,50ca382289647d24354223aa3512c02f,Ball State Cardinals,Stony Brook Seawolves,draftkings,-14.0,,55.5,,-700.0,500.0,2026-09-12T18:00:00Z,-115.0,-108.0
2026-09-11T18:14:17.767730-04:00,odds_api,50ca382289647d24354223aa3512c02f,Ball State Cardinals,Stony Brook Seawolves,betonlineag,-13.5,,55.0,,,,2026-09-12T18:00:00Z,-125.0,-110.0
2026-09-11T18:14:17.767730-04:00,odds_api,50ca382289647d24354223aa3512c02f,Ball State Cardinals,Stony Brook Seawolves,lowvig,-13.5,,55.0,,,,2026-09-12T18:00:00Z,-125.0,-110.0
2026-09-11T18:14:17.767730-04:00,odds_api,0c68f1ebc9e9f2bc6a8fb51e072e35b9,Akron Zips,Robert Morris Colonials,fanduel,-27.5,,43.5,,-10000.0,2400.0,2026-09-12T19:30:00Z,-114.0,-108.0
2026-09-11T18:14:17.767730-04:00,odds_api,0c68f1ebc9e9f2bc6a8fb51e072e35b9,Akron Zips,Robert Morris Colonials,betrivers,-27.5,,42.5,,,,2026-09-12T19:30:00Z,-110.0,-110.0
2026-09-11T18:14:17.767730-04:00,odds_api,0c68f1ebc9e9f2bc6a8fb51e072e35b9,Akron Zips,Robert Morris Colonials,draftkings,-27.5,,43.5,,-3600.0,1500.0,2026-09-12T19:30:00Z,-110.0,-118.0
2026-09-11T18:14:17.767730-04:00,odds_api,0c68f1ebc9e9f2bc6a8fb51e072e35b9,Akron Zips,Robert Morris Colonials,betonlineag,-27.5,,44.0,,,,2026-09-12T19:30:00Z,-115.0,-120.0
2026-09-11T18:14:17.767730-04:00,odds_api,0c68f1ebc9e9f2bc6a8fb51e072e35b9,Akron Zips,Robert Morris Colonials,lowvig,-27.5,,44.0,,,,2026-09-12T19:30:00Z,-115.0,-120.0
2026-09-11T18:14:17.767730-04:00,odds_api,2cb6f8436ba0f1fbcdcd7871a03466d5,Kentucky Wildcats,Alabama Crimson Tide,draftkings,10.0,,48.5,,320.0,-410.0,2026-09-12T19:30:00Z,-110.0,-105.0
2026-09-11T18:14:17.767730-04:00,odds_api,2cb6f8436ba0f1fbcdcd7871a03466d5,Kentucky Wildcats,Alabama Crimson Tide,fanduel,10.5,,48.5,,290.0,-375.0,2026-09-12T19:30:00Z,-122.0,-105.0
2026-09-11T18:14:17.767730-04:00,odds_api,2cb6f8436ba0f1fbcdcd7871a03466d5,Kentucky Wildcats,Alabama Crimson Tide,betrivers,10.0,,48.5,,310.0,-480.0,2026-09-12T19:30:00Z,-114.0,-112.0
2026-09-11T18:14:17.767730-04:00,odds_api,2cb6f8436ba0f1fbcdcd7871a03466d5,Kentucky Wildcats,Alabama Crimson Tide,betmgm,10.0,,48.5,,310.0,-400.0,2026-09-12T19:30:00Z,-110.0,-105.0
2026-09-11T18:14:17.767730-04:00,odds_api,2cb6f8436ba0f1fbcdcd7871a03466d5,Kentucky Wildcats,Alabama Crimson Tide,betonlineag,10.0,,48.5,,316.0,-400.0,2026-09-12T19:30:00Z,-109.0,-110.0
2026-09-11T18:14:17.767730-04:00,odds_api,2cb6f8436ba0f1fbcdcd7871a03466d5,Kentucky Wildcats,Alabama Crimson Tide,lowvig,10.0,,48.5,,316.0,-400.0,2026-09-12T19:30:00Z,-105.0,-108.0
2026-09-11T18:14:17.767730-04:00,odds_api,2cb6f8436ba0f1fbcdcd7871a03466d5,Kentucky Wildcats,Alabama Crimson Tide,betus,10.0,,48.5,,320.0,-400.0,2026-09-12T19:30:00Z,-110.0,-110.0
2026-09-11T18:14:17.767730-04:00,odds_api,2cb6f8436ba0f1fbcdcd7871a03466d5,Kentucky Wildcats,Alabama Crimson Tide,mybookieag,10.0,,48.5,,320.0,-429.0,2026-09-12T19:30:00Z,-110.0,-110.0
2026-09-11T18:14:17.767730-04:00,odds_api,2cb6f8436ba0f1fbcdcd7871a03466d5,Kentucky Wildcats,Alabama Crimson Tide,bovada,10.0,,48.5,,310.0,-415.0,2026-09-12T19:30:00Z,-110.0,-110.0
2026-09-11T18:14:17.767730-04:00,odds_api,6e781bfdb712f185fb1be983bc10af15,BYU Cougars,Arizona Wildcats,draftkings,-7.5,,48.5,,-305.0,245.0,2026-09-12T19:30:00Z,-108.0,-108.0
2026-09-11T18:14:17.767730-04:00,odds_api,6e781bfdb712f185fb1be983bc10af15,BYU Cougars,Arizona Wildcats,fanduel,-7.5,,48.5,,-320.0,255.0,2026-09-12T19:30:00Z,-110.0,-106.0
2026-09-11T18:14:17.767730-04:00,odds_api,6e781bfdb712f185fb1be983bc10af15,BYU Cougars,Arizona Wildcats,betrivers,-7.5,,48.0,,-335.0,250.0,2026-09-12T19:30:00Z,-107.0,-110.0
2026-09-11T18:14:17.767730-04:00,odds_api,6e781bfdb712f185fb1be983bc10af15,BYU Cougars,Arizona Wildcats,betmgm,-7.5,,48.5,,-300.0,240.0,2026-09-12T19:30:00Z,-110.0,-108.0
2026-09-11T18:14:17.767730-04:00,odds_api,6e781bfdb712f185fb1be983bc10af15,BYU Cougars,Arizona Wildcats,lowvig,-7.5,,48.5,,-277.0,228.0,2026-09-12T19:30:00Z,-102.0,-114.0
2026-09-11T18:14:17.767730-04:00,odds_api,6e781bfdb712f185fb1be983bc10af15,BYU Cougars,Arizona Wildcats,betonlineag,-7.5,,48.5,,-277.0,228.0,2026-09-12T19:30:00Z,-104.0,-115.0
2026-09-11T18:14:17.767730-04:00,odds_api,6e781bfdb712f185fb1be983bc10af15,BYU Cougars,Arizona Wildcats,betus,-7.5,,48.5,,-275.0,230.0,2026-09-12T19:30:00Z,-110.0,-110.0
2026-09-11T18:14:17.767730-04:00,odds_api,6e781bfdb712f185fb1be983bc10af15,BYU Cougars,Arizona Wildcats,mybookieag,-7.5,,48.0,,-330.0,255.0,2026-09-12T19:30:00Z,-110.0,-110.0
2026-09-11T18:14:17.767730-04:00,odds_api,6e781bfdb712f185fb1be983bc10af15,BYU Cougars,Arizona Wildcats,bovada,-7.5,,48.5,,-290.0,240.0,2026-09-12T19:30:00Z,-105.0,-110.0
2026-09-11T18:14:17.767730-04:00,odds_api,1427645d6020f742eece986c58bdb29d,Syracuse Orange,California Golden Bears,fanduel,-3.5,,56.5,,-178.0,146.0,2026-09-12T19:30:00Z,-108.0,-114.0
2026-09-11T18:14:17.767730-04:00,odds_api,1427645d6020f742eece986c58bdb29d,Syracuse Orange,California Golden Bears,draftkings,-3.5,,56.5,,-185.0,154.0,2026-09-12T19:30:00Z,-110.0,-112.0
2026-09-11T18:14:17.767730-04:00,odds_api,1427645d6020f742eece986c58bdb29d,Syracuse Orange,California Golden Bears,lowvig,-3.5,,56.5,,-180.0,157.0,2026-09-12T19:30:00Z,-106.0,-114.0
2026-09-11T18:14:17.767730-04:00,odds_api,1427645d6020f742eece986c58bdb29d,Syracuse Orange,California Golden Bears,betonlineag,-3.5,,56.5,,-180.0,157.0,2026-09-12T19:30:00Z,-110.0,-115.0
2026-09-11T18:14:17.767730-04:00,odds_api,1427645d6020f742eece986c58bdb29d,Syracuse Orange,California Golden Bears,betrivers,-3.5,,56.5,,-190.0,150.0,2026-09-12T19:30:00Z,-113.0,-112.0
2026-09-11T18:14:17.767730-04:00,odds_api,1427645d6020f742eece986c58bdb29d,Syracuse Orange,California Golden Bears,betmgm,-3.5,,56.5,,-185.0,150.0,2026-09-12T19:30:00Z,-110.0,-110.0
2026-09-11T18:14:17.767730-04:00,odds_api,1427645d6020f742eece986c58bdb29d,Syracuse Orange,California Golden Bears,betus,-3.5,,57.0,,-180.0,155.0,2026-09-12T19:30:00Z,-110.0,-110.0
2026-09-11T18:14:17.767730-04:00,odds_api,1427645d6020f742eece986c58bdb29d,Syracuse Orange,California Golden Bears,mybookieag,-3.5,,57.0,,-182.0,147.0,2026-09-12T19:30:00Z,-110.0,-110.0
2026-09-11T18:14:17.767730-04:00,odds_api,1427645d6020f742eece986c58bdb29d,Syracuse Orange,California Golden Bears,bovada,-4.0,,56.5,,-185.0,160.0,2026-09-12T19:30:00Z,-105.0,-115.0
2026-09-11T18:14:17.767730-04:00,odds_api,28bb2aa99c25784abd9be51bba32c472,Toledo Rockets,Central Connecticut Blue Devils,fanduel,-35.5,,54.5,,,,2026-09-12T19:30:00Z,-106.0,-106.0
2026-09-11T18:14:17.767730-04:00,odds_api,28bb2aa99c25784abd9be51bba32c472,Toledo Rockets,Central Connecticut Blue Devils,betrivers,-35.0,,55.5,,,,2026-09-12T19:30:00Z,-112.0,-109.0
2026-09-11T18:14:17.767730-04:00,odds_api,28bb2aa99c25784abd9be51bba32c472,Toledo Rockets,Central Connecticut Blue Devils,draftkings,-35.5,,54.5,,-20000.0,3500.0,2026-09-12T19:30:00Z,-110.0,-112.0
2026-09-11T18:14:17.767730-04:00,odds_api,f33d69b70bdc14e4182a474c2cc29419,Colorado Buffaloes,Weber State Wildcats,fanduel,-34.5,,55.5,,-30000.0,4000.0,2026-09-12T19:30:00Z,-105.0,-106.0
2026-09-11T18:14:17.767730-04:00,odds_api,f33d69b70bdc14e4182a474c2cc29419,Colorado Buffaloes,Weber State Wildcats,betrivers,-33.5,,54.5,,,,2026-09-12T19:30:00Z,-112.0,-115.0
2026-09-11T18:14:17.767730-04:00,odds_api,f33d69b70bdc14e4182a474c2cc29419,Colorado Buffaloes,Weber State Wildcats,draftkings,-34.5,,55.5,,-6500.0,2000.0,2026-09-12T19:30:00Z,-108.0,-105.0
2026-09-11T18:14:17.767730-04:00,odds_api,f33d69b70bdc14e4182a474c2cc29419,Colorado Buffaloes,Weber State Wildcats,lowvig,-34.5,,54.5,,,,2026-09-12T19:30:00Z,-115.0,-125.0
2026-09-11T18:14:17.767730-04:00,odds_api,52e9b0f6515766724ee70457912bdc18,Illinois Fighting Illini,Duke Blue Devils,draftkings,-6.0,,51.5,,-238.0,195.0,2026-09-12T19:30:00Z,-108.0,-112.0
2026-09-11T18:14:17.767730-04:00,odds_api,52e9b0f6515766724ee70457912bdc18,Illinois Fighting Illini,Duke Blue Devils,fanduel,-5.5,,51.5,,-235.0,190.0,2026-09-12T19:30:00Z,-115.0,-110.0
2026-09-11T18:14:17.767730-04:00,odds_api,52e9b0f6515766724ee70457912bdc18,Illinois Fighting Illini,Duke Blue Devils,betrivers,-5.5,,51.5,,-230.0,180.0,2026-09-12T19:30:00Z,-114.0,-112.0
2026-09-11T18:14:17.767730-04:00,odds_api,52e9b0f6515766724ee70457912bdc18,Illinois Fighting Illini,Duke Blue Devils,betonlineag,-6.0,,51.0,,-250.0,207.0,2026-09-12T19:30:00Z,-112.0,-115.0
2026-09-11T18:14:17.767730-04:00,odds_api,52e9b0f6515766724ee70457912bdc18,Illinois Fighting Illini,Duke Blue Devils,lowvig,-6.0,,51.0,,-250.0,207.0,2026-09-12T19:30:00Z,-108.0,-114.0
2026-09-11T18:14:17.767730-04:00,odds_api,52e9b0f6515766724ee70457912bdc18,Illinois Fighting Illini,Duke Blue Devils,betmgm,-6.0,,51.5,,-235.0,195.0,2026-09-12T19:30:00Z,-110.0,-110.0
2026-09-11T18:14:17.767730-04:00,odds_api,52e9b0f6515766724ee70457912bdc18,Illinois Fighting Illini,Duke Blue Devils,betus,-6.0,,51.5,,-225.0,190.0,2026-09-12T19:30:00Z,-110.0,-110.0
2026-09-11T18:14:17.767730-04:00,odds_api,52e9b0f6515766724ee70457912bdc18,Illinois Fighting Illini,Duke Blue Devils,mybookieag,-6.0,,51.5,,-244.0,194.0,2026-09-12T19:30:00Z,-110.0,-110.0
2026-09-11T18:14:17.767730-04:00,odds_api,52e9b0f6515766724ee70457912bdc18,Illinois Fighting Illini,Duke Blue Devils,bovada,-6.0,,51.5,,-230.0,190.0,2026-09-12T19:30:00Z,-110.0,-110.0
2026-09-11T18:14:17.767730-04:00,odds_api,401858440,Michigan State,Eastern Michigan,fanduel,-17.5,,49.5,,-1000.0,640.0,2026-09-12T19:30:00Z,-106.0,-110.0
2026-09-11T18:14:17.767730-04:00,odds_api,401858440,Michigan State,Eastern Michigan,draftkings,-17.5,,49.5,,-900.0,600.0,2026-09-12T19:30:00Z,-108.0,-115.0
2026-09-11T18:14:17.767730-04:00,odds_api,401858440,Michigan State,Eastern Michigan,lowvig,-17.5,,49.5,,-1000.0,661.0,2026-09-12T19:30:00Z,-101.0,-108.0
2026-09-11T18:14:17.767730-04:00,odds_api,401858440,Michigan State,Eastern Michigan,betonlineag,-17.5,,49.5,,-1000.0,661.0,2026-09-12T19:30:00Z,-105.0,-110.0
2026-09-11T18:14:17.767730-04:00,odds_api,401858440,Michigan State,Eastern Michigan,betmgm,-17.0,,49.5,,-900.0,650.0,2026-09-12T19:30:00Z,-110.0,-112.0
2026-09-11T18:14:17.767730-04:00,odds_api,401858440,Michigan State,Eastern Michigan,betrivers,-17.5,,49.5,,-1250.0,650.0,2026-09-12T19:30:00Z,-109.0,-114.0
2026-09-11T18:14:17.767730-04:00,odds_api,401858440,Michigan State,Eastern Michigan,betus,-17.5,,49.5,,-1000.0,650.0,2026-09-12T19:30:00Z,-105.0,-110.0
2026-09-11T18:14:17.767730-04:00,odds_api,401858440,Michigan State,Eastern Michigan,mybookieag,-17.5,,49.5,,-1099.0,630.0,2026-09-12T19:30:00Z,-110.0,-110.0
2026-09-11T18:14:17.767730-04:00,odds_api,401858440,Michigan State,Eastern Michigan,bovada,-17.5,,50.0,,-1000.0,625.0,2026-09-12T19:30:00Z,-110.0,-115.0
2026-09-11T18:14:17.767730-04:00,odds_api,70a4d83a64789d57f114b077a570ea27,UConn Huskies,Maryland Terrapins,fanduel,11.5,,52.5,,350.0,-465.0,2026-09-12T19:30:00Z,-110.0,-105.0
2026-09-11T18:14:17.767730-04:00,odds_api,70a4d83a64789d57f114b077a570ea27,UConn Huskies,Maryland Terrapins,draftkings,11.5,,52.5,,350.0,-455.0,2026-09-12T19:30:00Z,-112.0,-105.0
2026-09-11T18:14:17.767730-04:00,odds_api,70a4d83a64789d57f114b077a570ea27,UConn Huskies,Maryland Terrapins,lowvig,11.5,,52.0,,350.0,-450.0,2026-09-12T19:30:00Z,-106.0,-103.0
2026-09-11T18:14:17.767730-04:00,odds_api,70a4d83a64789d57f114b077a570ea27,UConn Huskies,Maryland Terrapins,betonlineag,11.5,,52.0,,350.0,-450.0,2026-09-12T19:30:00Z,-110.0,-105.0
2026-09-11T18:14:17.767730-04:00,odds_api,70a4d83a64789d57f114b077a570ea27,UConn Huskies,Maryland Terrapins,betmgm,11.5,,51.5,,350.0,-450.0,2026-09-12T19:30:00Z,-110.0,-115.0
2026-09-11T18:14:17.767730-04:00,odds_api,70a4d83a64789d57f114b077a570ea27,UConn Huskies,Maryland Terrapins,betrivers,11.5,,52.5,,400.0,-590.0,2026-09-12T19:30:00Z,-112.0,-114.0
2026-09-11T18:14:17.767730-04:00,odds_api,70a4d83a64789d57f114b077a570ea27,UConn Huskies,Maryland Terrapins,betus,11.5,,52.0,,355.0,-450.0,2026-09-12T19:30:00Z,-110.0,-110.0
2026-09-11T18:14:17.767730-04:00,odds_api,70a4d83a64789d57f114b077a570ea27,UConn Huskies,Maryland Terrapins,mybookieag,11.5,,52.0,,360.0,-490.0,2026-09-12T19:30:00Z,-110.0,-110.0
2026-09-11T18:14:17.767730-04:00,odds_api,70a4d83a64789d57f114b077a570ea27,UConn Huskies,Maryland Terrapins,bovada,11.5,,52.0,,340.0,-460.0,2026-09-12T19:30:00Z,-110.0,-110.0
2026-09-11T18:14:17.767730-04:00,odds_api,25c198f097870d531920ba524262737d,Minnesota Golden Gophers,Mississippi State,draftkings,1.5,,54.5,,-105.0,-115.0,2026-09-12T19:30:00Z,-115.0,-112.0
2026-09-11T18:14:17.767730-04:00,odds_api,25c198f097870d531920ba524262737d,Minnesota Golden Gophers,Mississippi State,fanduel,1.5,,54.5,,-110.0,-110.0,2026-09-12T19:30:00Z,-122.0,-115.0
2026-09-11T18:14:17.767730-04:00,odds_api,25c198f097870d531920ba524262737d,Minnesota Golden Gophers,Mississippi State,betrivers,-0.5,,55.5,,-114.0,-109.0,2026-09-12T19:30:00Z,-114.0,-108.0
2026-09-11T18:14:17.767730-04:00,odds_api,25c198f097870d531920ba524262737d,Minnesota Golden Gophers,Mississippi State,betonlineag,0.0,,54.5,,,,2026-09-12T19:30:00Z,-110.0,-108.0
2026-09-11T18:14:17.767730-04:00,odds_api,25c198f097870d531920ba524262737d,Minnesota Golden Gophers,Mississippi State,lowvig,0.0,,54.5,,,,2026-09-12T19:30:00Z,-106.0,-106.0
2026-09-11T18:14:17.767730-04:00,odds_api,25c198f097870d531920ba524262737d,Minnesota Golden Gophers,Mississippi State,betmgm,-1.0,,54.5,,-110.0,-108.0,2026-09-12T19:30:00Z,-105.0,-115.0
2026-09-11T18:14:17.767730-04:00,odds_api,25c198f097870d531920ba524262737d,Minnesota Golden Gophers,Mississippi State,betus,0.0,,54.5,,,,2026-09-12T19:30:00Z,-110.0,-110.0
2026-09-11T18:14:17.767730-04:00,odds_api,25c198f097870d531920ba524262737d,Minnesota Golden Gophers,Mississippi State,mybookieag,-1.5,,54.5,,-110.0,-111.0,2026-09-12T19:30:00Z,-110.0,-110.0
2026-09-11T18:14:17.767730-04:00,odds_api,25c198f097870d531920ba524262737d,Minnesota Golden Gophers,Mississippi State,bovada,1.0,,55.0,,-105.0,-115.0,2026-09-12T19:30:00Z,-110.0,-110.0
2026-09-11T18:14:17.767730-04:00,odds_api,2be7c621008f4d4147868ababc385a6c,Notre Dame Fighting Irish,Rice Owls,draftkings,-44.5,,54.5,,,,2026-09-12T19:30:00Z,-115.0,-120.0
2026-09-11T18:14:17.767730-04:00,odds_api,2be7c621008f4d4147868ababc385a6c,Notre Dame Fighting Irish,Rice Owls,lowvig,-44.5,,55.0,,,,2026-09-12T19:30:00Z,-101.0,-108.0
2026-09-11T18:14:17.767730-04:00,odds_api,2be7c621008f4d4147868ababc385a6c,Notre Dame Fighting Irish,Rice Owls,betonlineag,-44.5,,55.0,,,,2026-09-12T19:30:00Z,-105.0,-110.0
2026-09-11T18:14:17.767730-04:00,odds_api,2be7c621008f4d4147868ababc385a6c,Notre Dame Fighting Irish,Rice Owls,fanduel,-44.5,,54.5,,,,2026-09-12T19:30:00Z,-115.0,-115.0
2026-09-11T18:14:17.767730-04:00,odds_api,2be7c621008f4d4147868ababc385a6c,Notre Dame Fighting Irish,Rice Owls,betrivers,-44.5,,55.0,,,,2026-09-12T19:30:00Z,-114.0,-109.0
2026-09-11T18:14:17.767730-04:00,odds_api,2be7c621008f4d4147868ababc385a6c,Notre Dame Fighting Irish,Rice Owls,betmgm,-44.5,,55.5,,,,2026-09-12T19:30:00Z,-108.0,-110.0
2026-09-11T18:14:17.767730-04:00,odds_api,2be7c621008f4d4147868ababc385a6c,Notre Dame Fighting Irish,Rice Owls,betus,-44.5,,55.0,,,,2026-09-12T19:30:00Z,-105.0,-110.0
2026-09-11T18:14:17.767730-04:00,odds_api,2be7c621008f4d4147868ababc385a6c,Notre Dame Fighting Irish,Rice Owls,bovada,-44.5,,55.0,,,,2026-09-12T19:30:00Z,-115.0,-105.0
2026-09-11T18:14:17.767730-04:00,odds_api,dd880570288831c4fc55cb68f19f9667,Pittsburgh Panthers,UCF Knights,fanduel,-7.5,,56.5,,-265.0,215.0,2026-09-12T19:30:00Z,100.0,-112.0
2026-09-11T18:14:17.767730-04:00,odds_api,dd880570288831c4fc55cb68f19f9667,Pittsburgh Panthers,UCF Knights,draftkings,-7.0,,56.5,,-285.0,230.0,2026-09-12T19:30:00Z,-115.0,-110.0
2026-09-11T18:14:17.767730-04:00,odds_api,dd880570288831c4fc55cb68f19f9667,Pittsburgh Panthers,UCF Knights,betrivers,-7.0,,56.5,,-315.0,235.0,2026-09-12T19:30:00Z,-113.0,-110.0
2026-09-11T18:14:17.767730-04:00,odds_api,dd880570288831c4fc55cb68f19f9667,Pittsburgh Panthers,UCF Knights,lowvig,-7.0,,56.0,,-280.0,230.0,2026-09-12T19:30:00Z,-109.0,-108.0
2026-09-11T18:14:17.767730-04:00,odds_api,dd880570288831c4fc55cb68f19f9667,Pittsburgh Panthers,UCF Knights,betonlineag,-7.0,,56.0,,-280.0,230.0,2026-09-12T19:30:00Z,-113.0,-110.0
2026-09-11T18:14:17.767730-04:00,odds_api,dd880570288831c4fc55cb68f19f9667,Pittsburgh Panthers,UCF Knights,betmgm,-7.0,,56.5,,-275.0,225.0,2026-09-12T19:30:00Z,-112.0,-108.0
2026-09-11T18:14:17.767730-04:00,odds_api,dd880570288831c4fc55cb68f19f9667,Pittsburgh Panthers,UCF Knights,betus,-7.0,,56.5,,-280.0,235.0,2026-09-12T19:30:00Z,-115.0,-110.0
2026-09-11T18:14:17.767730-04:00,odds_api,dd880570288831c4fc55cb68f19f9667,Pittsburgh Panthers,UCF Knights,mybookieag,-7.0,,56.5,,-290.0,228.0,2026-09-12T19:30:00Z,-110.0,-110.0
2026-09-11T18:14:17.767730-04:00,odds_api,dd880570288831c4fc55cb68f19f9667,Pittsburgh Panthers,UCF Knights,bovada,-7.0,,56.5,,-280.0,230.0,2026-09-12T19:30:00Z,-115.0,-110.0
2026-09-11T18:14:17.767730-04:00,odds_api,f85969d656d1cafcfc4e60290a25bb09,UMass Minutemen,Sacred Heart Pioneers,fanduel,-24.5,,53.5,,-3500.0,1200.0,2026-09-12T19:30:00Z,-110.0,-110.0
2026-09-11T18:14:17.767730-04:00,odds_api,f85969d656d1cafcfc4e60290a25bb09,UMass Minutemen,Sacred Heart Pioneers,betrivers,-23.5,,53.5,,-10000.0,1400.0,2026-09-12T19:30:00Z,-114.0,-115.0
2026-09-11T18:14:17.767730-04:00,odds_api,f85969d656d1cafcfc4e60290a25bb09,UMass Minutemen,Sacred Heart Pioneers,draftkings,-23.5,,53.5,,-2400.0,1200.0,2026-09-12T19:30:00Z,-118.0,-112.0
2026-09-11T18:14:17.767730-04:00,odds_api,f85969d656d1cafcfc4e60290a25bb09,UMass Minutemen,Sacred Heart Pioneers,lowvig,-23.5,,53.5,,,,2026-09-12T19:30:00Z,-115.0,-115.0
2026-09-11T18:14:17.767730-04:00,odds_api,f85969d656d1cafcfc4e60290a25bb09,UMass Minutemen,Sacred Heart Pioneers,betonlineag,-23.5,,53.5,,,,2026-09-12T19:30:00Z,-115.0,-115.0
2026-09-11T18:14:17.767730-04:00,odds_api,08c5bac0240cbc3ba996fb55a75504f2,Texas State,UTSA Roadrunners,draftkings,-1.5,,66.5,,-122.0,102.0,2026-09-12T19:30:00Z,-112.0,-112.0
2026-09-11T18:14:17.767730-04:00,odds_api,08c5bac0240cbc3ba996fb55a75504f2,Texas State,UTSA Roadrunners,fanduel,-2.5,,66.5,,-128.0,106.0,2026-09-12T19:30:00Z,-106.0,-105.0
2026-09-11T18:14:17.767730-04:00,odds_api,08c5bac0240cbc3ba996fb55a75504f2,Texas State,UTSA Roadrunners,lowvig,-1.0,,66.0,,-122.0,102.0,2026-09-12T19:30:00Z,-111.0,-108.0
2026-09-11T18:14:17.767730-04:00,odds_api,08c5bac0240cbc3ba996fb55a75504f2,Texas State,UTSA Roadrunners,betonlineag,-1.0,,66.0,,-122.0,102.0,2026-09-12T19:30:00Z,-110.0,-110.0
2026-09-11T18:14:17.767730-04:00,odds_api,08c5bac0240cbc3ba996fb55a75504f2,Texas State,UTSA Roadrunners,betmgm,-2.0,,66.5,,-125.0,105.0,2026-09-12T19:30:00Z,-108.0,-105.0
2026-09-11T18:14:17.767730-04:00,odds_api,08c5bac0240cbc3ba996fb55a75504f2,Texas State,UTSA Roadrunners,betrivers,-2.0,,66.5,,-129.0,105.0,2026-09-12T19:30:00Z,-113.0,-115.0
2026-09-11T18:14:17.767730-04:00,odds_api,08c5bac0240cbc3ba996fb55a75504f2,Texas State,UTSA Roadrunners,betus,-1.5,,66.0,,-125.0,105.0,2026-09-12T19:30:00Z,-110.0,-110.0
2026-09-11T18:14:17.767730-04:00,odds_api,08c5bac0240cbc3ba996fb55a75504f2,Texas State,UTSA Roadrunners,mybookieag,-1.5,,66.5,,-122.0,100.0,2026-09-12T19:30:00Z,-110.0,-110.0
2026-09-11T18:14:17.767730-04:00,odds_api,08c5bac0240cbc3ba996fb55a75504f2,Texas State,UTSA Roadrunners,bovada,-1.5,,66.0,,-120.0,100.0,2026-09-12T19:30:00Z,-110.0,-110.0
2026-09-11T18:14:17.767730-04:00,odds_api,61700ad2942d0c633b9c6cd402964356,UAB Blazers,UL Monroe Warhawks,fanduel,-9.5,,54.5,,-365.0,285.0,2026-09-12T19:30:00Z,-110.0,-105.0
2026-09-11T18:14:17.767730-04:00,odds_api,61700ad2942d0c633b9c6cd402964356,UAB Blazers,UL Monroe Warhawks,draftkings,-9.5,,54.5,,-360.0,285.0,2026-09-12T19:30:00Z,-112.0,-110.0
2026-09-11T18:14:17.767730-04:00,odds_api,61700ad2942d0c633b9c6cd402964356,UAB Blazers,UL Monroe Warhawks,lowvig,-9.5,,53.5,,-350.0,280.0,2026-09-12T19:30:00Z,-106.0,-114.0
2026-09-11T18:14:17.767730-04:00,odds_api,61700ad2942d0c633b9c6cd402964356,UAB Blazers,UL Monroe Warhawks,betonlineag,-10.0,,53.5,,-350.0,280.0,2026-09-12T19:30:00Z,107.0,-115.0
2026-09-11T18:14:17.767730-04:00,odds_api,61700ad2942d0c633b9c6cd402964356,UAB Blazers,UL Monroe Warhawks,betmgm,-9.5,,54.5,,-350.0,280.0,2026-09-12T19:30:00Z,-108.0,-105.0
2026-09-11T18:14:17.767730-04:00,odds_api,61700ad2942d0c633b9c6cd402964356,UAB Blazers,UL Monroe Warhawks,betrivers,-9.5,,54.5,,-335.0,245.0,2026-09-12T19:30:00Z,-110.0,-115.0
2026-09-11T18:14:17.767730-04:00,odds_api,61700ad2942d0c633b9c6cd402964356,UAB Blazers,UL Monroe Warhawks,betus,-9.5,,54.0,,-350.0,280.0,2026-09-12T19:30:00Z,-110.0,-110.0
2026-09-11T18:14:17.767730-04:00,odds_api,61700ad2942d0c633b9c6cd402964356,UAB Blazers,UL Monroe Warhawks,mybookieag,-9.5,,54.5,,-380.0,290.0,2026-09-12T19:30:00Z,-110.0,-110.0
2026-09-11T18:14:17.767730-04:00,odds_api,61700ad2942d0c633b9c6cd402964356,UAB Blazers,UL Monroe Warhawks,bovada,-9.0,,54.0,,-380.0,290.0,2026-09-12T19:30:00Z,-110.0,-115.0
2026-09-11T18:14:17.767730-04:00,odds_api,401858446,Washington,Utah State,fanduel,-27.5,,55.5,,-4500.0,1600.0,2026-09-12T19:30:00Z,-106.0,-110.0
2026-09-11T18:14:17.767730-04:00,odds_api,401858446,Washington,Utah State,draftkings,-27.5,,55.5,,-4000.0,1600.0,2026-09-12T19:30:00Z,-108.0,-112.0
2026-09-11T18:14:17.767730-04:00,odds_api,401858446,Washington,Utah State,betonlineag,-27.0,,55.5,,-5500.0,1567.0,2026-09-12T19:30:00Z,-115.0,-110.0
2026-09-11T18:14:17.767730-04:00,odds_api,401858446,Washington,Utah State,lowvig,-27.0,,55.5,,-5500.0,1567.0,2026-09-12T19:30:00Z,-111.0,-108.0
2026-09-11T18:14:17.767730-04:00,odds_api,401858446,Washington,Utah State,betmgm,-27.5,,55.5,,-3000.0,1700.0,2026-09-12T19:30:00Z,-108.0,-108.0
2026-09-11T18:14:17.767730-04:00,odds_api,401858446,Washington,Utah State,betrivers,-27.0,,55.5,,-10000.0,1900.0,2026-09-12T19:30:00Z,-112.0,-112.0
2026-09-11T18:14:17.767730-04:00,odds_api,401858446,Washington,Utah State,betus,-27.0,,55.5,,,,2026-09-12T19:30:00Z,-115.0,-110.0
2026-09-11T18:14:17.767730-04:00,odds_api,401858446,Washington,Utah State,mybookieag,-27.5,,55.5,,-10099.0,1389.0,2026-09-12T19:30:00Z,-110.0,-110.0
2026-09-11T18:14:17.767730-04:00,odds_api,401858446,Washington,Utah State,bovada,-27.0,,55.5,,-5000.0,1300.0,2026-09-12T19:30:00Z,-115.0,-110.0
2026-09-11T18:14:17.767730-04:00,odds_api,50b6e6aec0bd3f2fcb9dc18c113ddd12,North Texas Mean Green,UNLV Rebels,fanduel,3.5,,58.5,,134.0,-162.0,2026-09-12T19:45:00Z,-122.0,-105.0
2026-09-11T18:14:17.767730-04:00,odds_api,50b6e6aec0bd3f2fcb9dc18c113ddd12,North Texas Mean Green,UNLV Rebels,draftkings,3.0,,57.5,,136.0,-162.0,2026-09-12T19:45:00Z,-105.0,-112.0
2026-09-11T18:14:17.767730-04:00,odds_api,50b6e6aec0bd3f2fcb9dc18c113ddd12,North Texas Mean Green,UNLV Rebels,betonlineag,3.0,,57.5,,135.0,-155.0,2026-09-12T19:45:00Z,-108.0,-120.0
2026-09-11T18:14:17.767730-04:00,odds_api,50b6e6aec0bd3f2fcb9dc18c113ddd12,North Texas Mean Green,UNLV Rebels,lowvig,3.0,,57.5,,135.0,-155.0,2026-09-12T19:45:00Z,-104.0,-119.0
2026-09-11T18:14:17.767730-04:00,odds_api,50b6e6aec0bd3f2fcb9dc18c113ddd12,North Texas Mean Green,UNLV Rebels,betmgm,3.0,,58.5,,135.0,-160.0,2026-09-12T19:45:00Z,-105.0,-102.0
2026-09-11T18:14:17.767730-04:00,odds_api,50b6e6aec0bd3f2fcb9dc18c113ddd12,North Texas Mean Green,UNLV Rebels,betrivers,3.0,,57.5,,133.0,-165.0,2026-09-12T19:45:00Z,-107.0,-115.0
2026-09-11T18:14:17.767730-04:00,odds_api,50b6e6aec0bd3f2fcb9dc18c113ddd12,North Texas Mean Green,UNLV Rebels,betus,3.0,,58.0,,134.0,-155.0,2026-09-12T19:45:00Z,-110.0,-110.0
2026-09-11T18:14:17.767730-04:00,odds_api,50b6e6aec0bd3f2fcb9dc18c113ddd12,North Texas Mean Green,UNLV Rebels,mybookieag,3.0,,58.0,,132.0,-163.0,2026-09-12T19:45:00Z,-110.0,-110.0
2026-09-11T18:14:17.767730-04:00,odds_api,50b6e6aec0bd3f2fcb9dc18c113ddd12,North Texas Mean Green,UNLV Rebels,bovada,3.0,,58.0,,135.0,-160.0,2026-09-12T19:45:00Z,-105.0,-110.0
2026-09-11T18:14:17.767730-04:00,odds_api,aaed4df3af7a4c8e62da2bda808e49da,Troy Trojans,Alabama State Hornets,fanduel,-23.5,,51.5,,-2100.0,1000.0,2026-09-12T20:00:00Z,-105.0,-110.0
2026-09-11T18:14:17.767730-04:00,odds_api,aaed4df3af7a4c8e62da2bda808e49da,Troy Trojans,Alabama State Hornets,betrivers,-21.5,,51.5,,-2500.0,950.0,2026-09-12T20:00:00Z,-112.0,-112.0
2026-09-11T18:14:17.767730-04:00,odds_api,aaed4df3af7a4c8e62da2bda808e49da,Troy Trojans,Alabama State Hornets,draftkings,-22.5,,51.5,,-1650.0,950.0,2026-09-12T20:00:00Z,-112.0,-112.0
2026-09-11T18:14:17.767730-04:00,odds_api,aaed4df3af7a4c8e62da2bda808e49da,Troy Trojans,Alabama State Hornets,betonlineag,-22.5,,51.5,,,,2026-09-12T20:00:00Z,-115.0,-115.0
2026-09-11T18:14:17.767730-04:00,odds_api,aaed4df3af7a4c8e62da2bda808e49da,Troy Trojans,Alabama State Hornets,lowvig,-22.5,,51.5,,,,2026-09-12T20:00:00Z,-115.0,-115.0
2026-09-11T18:14:17.767730-04:00,odds_api,d71b8c6e0faec78e166823b1b3fa22b0,New Mexico,Mercyhurst Lakers,fanduel,-41.5,,53.5,,,,2026-09-12T20:00:00Z,-110.0,-114.0
2026-09-11T18:14:17.767730-04:00,odds_api,d71b8c6e0faec78e166823b1b3fa22b0,New Mexico,Mercyhurst Lakers,betrivers,-41.5,,53.5,,,,2026-09-12T20:00:00Z,-113.0,-115.0
2026-09-11T18:14:17.767730-04:00,odds_api,d71b8c6e0faec78e166823b1b3fa22b0,New Mexico,Mercyhurst Lakers,draftkings,-41.5,,53.5,,,,2026-09-12T20:00:00Z,-112.0,-108.0
2026-09-11T18:14:17.767730-04:00,odds_api,d71b8c6e0faec78e166823b1b3fa22b0,New Mexico,Mercyhurst Lakers,betonlineag,-41.5,,52.5,,,,2026-09-12T20:00:00Z,-115.0,-120.0
2026-09-11T18:14:17.767730-04:00,odds_api,d71b8c6e0faec78e166823b1b3fa22b0,New Mexico,Mercyhurst Lakers,lowvig,-41.5,,52.5,,,,2026-09-12T20:00:00Z,-115.0,-120.0
2026-09-11T18:14:17.767730-04:00,odds_api,b5a47219e2e4b7efe0908d3441469559,Wyoming Cowboys,Northern Colorado Bears,fanduel,-23.5,,46.5,,-4000.0,1400.0,2026-09-12T20:00:00Z,-110.0,-112.0
2026-09-11T18:14:17.767730-04:00,odds_api,b5a47219e2e4b7efe0908d3441469559,Wyoming Cowboys,Northern Colorado Bears,betrivers,-22.5,,47.5,,-10000.0,1200.0,2026-09-12T20:00:00Z,-112.0,-110.0
2026-09-11T18:14:17.767730-04:00,odds_api,b5a47219e2e4b7efe0908d3441469559,Wyoming Cowboys,Northern Colorado Bears,draftkings,-23.5,,47.5,,-2400.0,1200.0,2026-09-12T20:00:00Z,-108.0,-105.0
2026-09-11T18:14:17.767730-04:00,odds_api,b5a47219e2e4b7efe0908d3441469559,Wyoming Cowboys,Northern Colorado Bears,betonlineag,-22.5,,47.5,,,,2026-09-12T20:00:00Z,-115.0,-115.0
2026-09-11T18:14:17.767730-04:00,odds_api,b5a47219e2e4b7efe0908d3441469559,Wyoming Cowboys,Northern Colorado Bears,lowvig,-22.5,,47.5,,,,2026-09-12T20:00:00Z,-115.0,-115.0
2026-09-11T18:14:17.767730-04:00,odds_api,e00feee7bbead345df02792e1dc79972,SMU Mustangs,UC Davis Aggies,draftkings,-29.5,,58.5,,-4000.0,1600.0,2026-09-12T20:00:00Z,-110.0,-112.0
2026-09-11T18:14:17.767730-04:00,odds_api,e00feee7bbead345df02792e1dc79972,SMU Mustangs,UC Davis Aggies,fanduel,-28.5,,59.5,,-8000.0,2200.0,2026-09-12T20:00:00Z,-115.0,-105.0
2026-09-11T18:14:17.767730-04:00,odds_api,e00feee7bbead345df02792e1dc79972,SMU Mustangs,UC Davis Aggies,betrivers,-28.5,,58.5,,,,2026-09-12T20:00:00Z,-114.0,-113.0
2026-09-11T18:14:17.767730-04:00,odds_api,e00feee7bbead345df02792e1dc79972,SMU Mustangs,UC Davis Aggies,betonlineag,-28.5,,58.5,,,,2026-09-12T20:00:00Z,-130.0,-115.0
2026-09-11T18:14:17.767730-04:00,odds_api,e00feee7bbead345df02792e1dc79972,SMU Mustangs,UC Davis Aggies,lowvig,-28.5,,58.5,,,,2026-09-12T20:00:00Z,-130.0,-115.0
2026-09-11T18:14:17.767730-04:00,odds_api,04d0c72553f17ebc22509fb1b5926600,Vanderbilt Commodores,Delaware Blue Hens,fanduel,-21.5,,54.5,,-2100.0,1000.0,2026-09-12T20:15:00Z,-105.0,-114.0
2026-09-11T18:14:17.767730-04:00,odds_api,04d0c72553f17ebc22509fb1b5926600,Vanderbilt Commodores,Delaware Blue Hens,draftkings,-21.0,,54.5,,-1350.0,800.0,2026-09-12T20:15:00Z,-108.0,-115.0
2026-09-11T18:14:17.767730-04:00,odds_api,04d0c72553f17ebc22509fb1b5926600,Vanderbilt Commodores,Delaware Blue Hens,betonlineag,-20.5,,55.0,,-1400.0,836.0,2026-09-12T20:15:00Z,-115.0,-105.0
2026-09-11T18:14:17.767730-04:00,odds_api,04d0c72553f17ebc22509fb1b5926600,Vanderbilt Commodores,Delaware Blue Hens,lowvig,-21.0,,55.0,,-1400.0,836.0,2026-09-12T20:15:00Z,-103.0,-103.0
2026-09-11T18:14:17.767730-04:00,odds_api,04d0c72553f17ebc22509fb1b5926600,Vanderbilt Commodores,Delaware Blue Hens,betmgm,-21.0,,54.5,,-1200.0,875.0,2026-09-12T20:15:00Z,-108.0,-125.0
2026-09-11T18:14:17.767730-04:00,odds_api,04d0c72553f17ebc22509fb1b5926600,Vanderbilt Commodores,Delaware Blue Hens,betrivers,-21.0,,54.5,,-2500.0,950.0,2026-09-12T20:15:00Z,-114.0,-112.0
2026-09-11T18:14:17.767730-04:00,odds_api,04d0c72553f17ebc22509fb1b5926600,Vanderbilt Commodores,Delaware Blue Hens,betus,-20.5,,55.0,,-1400.0,825.0,2026-09-12T20:15:00Z,-115.0,-110.0
2026-09-11T18:14:17.767730-04:00,odds_api,04d0c72553f17ebc22509fb1b5926600,Vanderbilt Commodores,Delaware Blue Hens,mybookieag,-21.0,,55.0,,-1493.0,770.0,2026-09-12T20:15:00Z,-110.0,-110.0
2026-09-11T18:14:17.767730-04:00,odds_api,04d0c72553f17ebc22509fb1b5926600,Vanderbilt Commodores,Delaware Blue Hens,bovada,-21.0,,54.5,,-1600.0,800.0,2026-09-12T20:15:00Z,-110.0,-110.0
2026-09-11T18:14:17.767730-04:00,odds_api,7365ef8b298cbbef18e7d367fc33d0da,Florida State,Campbell Fighting Camels,fanduel,-50.5,,66.5,,,,2026-09-12T21:30:00Z,-115.0,-106.0
2026-09-11T18:14:17.767730-04:00,odds_api,7365ef8b298cbbef18e7d367fc33d0da,Florida State,Campbell Fighting Camels,betrivers,-51.5,,66.5,,,,2026-09-12T21:30:00Z,-115.0,-113.0
2026-09-11T18:14:17.767730-04:00,odds_api,7365ef8b298cbbef18e7d367fc33d0da,Florida State,Campbell Fighting Camels,draftkings,-50.5,,65.5,,,,2026-09-12T21:30:00Z,-108.0,-120.0
2026-09-11T18:14:17.767730-04:00,odds_api,7365ef8b298cbbef18e7d367fc33d0da,Florida State,Campbell Fighting Camels,betonlineag,-50.0,,65.5,,,,2026-09-12T21:30:00Z,-110.0,-115.0
2026-09-11T18:14:17.767730-04:00,odds_api,7365ef8b298cbbef18e7d367fc33d0da,Florida State,Campbell Fighting Camels,lowvig,-50.0,,65.5,,,,2026-09-12T21:30:00Z,-110.0,-115.0
2026-09-11T18:14:17.767730-04:00,odds_api,c46b118e570bf1fa1b2724f1fd7e4b24,Boise State,Memphis Tigers,draftkings,-8.5,,56.5,,-325.0,260.0,2026-09-12T22:00:00Z,-105.0,-108.0
2026-09-11T18:14:17.767730-04:00,odds_api,c46b118e570bf1fa1b2724f1fd7e4b24,Boise State,Memphis Tigers,fanduel,-9.5,,55.5,,-360.0,280.0,2026-09-12T22:00:00Z,-110.0,-115.0
2026-09-11T18:14:17.767730-04:00,odds_api,c46b118e570bf1fa1b2724f1fd7e4b24,Boise State,Memphis Tigers,betrivers,-8.0,,56.0,,-345.0,265.0,2026-09-12T22:00:00Z,-114.0,-114.0
2026-09-11T18:14:17.767730-04:00,odds_api,c46b118e570bf1fa1b2724f1fd7e4b24,Boise State,Memphis Tigers,betonlineag,-8.0,,56.5,,-335.0,270.0,2026-09-12T22:00:00Z,-115.0,-108.0
2026-09-11T18:14:17.767730-04:00,odds_api,c46b118e570bf1fa1b2724f1fd7e4b24,Boise State,Memphis Tigers,lowvig,-8.0,,56.5,,-335.0,270.0,2026-09-12T22:00:00Z,-111.0,-106.0
2026-09-11T18:14:17.767730-04:00,odds_api,c46b118e570bf1fa1b2724f1fd7e4b24,Boise State,Memphis Tigers,betmgm,-8.5,,55.5,,-325.0,270.0,2026-09-12T22:00:00Z,-108.0,-120.0
2026-09-11T18:14:17.767730-04:00,odds_api,c46b118e570bf1fa1b2724f1fd7e4b24,Boise State,Memphis Tigers,betus,-8.0,,56.5,,-335.0,272.0,2026-09-12T22:00:00Z,-115.0,-110.0
2026-09-11T18:14:17.767730-04:00,odds_api,c46b118e570bf1fa1b2724f1fd7e4b24,Boise State,Memphis Tigers,mybookieag,-9.0,,56.5,,-340.0,260.0,2026-09-12T22:00:00Z,-110.0,-110.0
2026-09-11T18:14:17.767730-04:00,odds_api,c46b118e570bf1fa1b2724f1fd7e4b24,Boise State,Memphis Tigers,bovada,-8.5,,56.0,,-350.0,275.0,2026-09-12T22:00:00Z,-110.0,-115.0
2026-09-11T18:14:17.767730-04:00,odds_api,401866414,Florida International,Buffalo,fanduel,-10.5,,47.5,,-430.0,330.0,2026-09-12T22:00:00Z,-106.0,-110.0
2026-09-11T18:14:17.767730-04:00,odds_api,401866414,Florida International,Buffalo,lowvig,-10.5,,47.5,,-405.0,320.0,2026-09-12T22:00:00Z,-101.0,-108.0
2026-09-11T18:14:17.767730-04:00,odds_api,401866414,Florida International,Buffalo,betonlineag,-10.5,,47.5,,-405.0,320.0,2026-09-12T22:00:00Z,-105.0,-110.0
2026-09-11T18:14:17.767730-04:00,odds_api,401866414,Florida International,Buffalo,draftkings,-10.0,,47.5,,-410.0,320.0,2026-09-12T22:00:00Z,-112.0,-105.0
2026-09-11T18:14:17.767730-04:00,odds_api,401866414,Florida International,Buffalo,betmgm,-10.5,,47.5,,-425.0,333.0,2026-09-12T22:00:00Z,-105.0,-108.0
2026-09-11T18:14:17.767730-04:00,odds_api,401866414,Florida International,Buffalo,betrivers,-10.0,,47.5,,-480.0,320.0,2026-09-12T22:00:00Z,-110.0,-110.0
2026-09-11T18:14:17.767730-04:00,odds_api,401866414,Florida International,Buffalo,betus,-10.5,,47.0,,-405.0,325.0,2026-09-12T22:00:00Z,-110.0,-110.0
2026-09-11T18:14:17.767730-04:00,odds_api,401866414,Florida International,Buffalo,mybookieag,-10.0,,47.5,,-410.0,310.0,2026-09-12T22:00:00Z,-110.0,-110.0
2026-09-11T18:14:17.767730-04:00,odds_api,401866414,Florida International,Buffalo,bovada,-10.0,,47.5,,-410.0,305.0,2026-09-12T22:00:00Z,-110.0,-110.0
2026-09-11T18:14:17.767730-04:00,odds_api,3cff947fac86cab5c41d4f7c0e9393ce,Ohio Bobcats,Jacksonville State,fanduel,-2.5,,50.5,,-134.0,112.0,2026-09-12T22:00:00Z,-110.0,-110.0
2026-09-11T18:14:17.767730-04:00,odds_api,3cff947fac86cab5c41d4f7c0e9393ce,Ohio Bobcats,Jacksonville State,draftkings,-2.5,,49.5,,-130.0,110.0,2026-09-12T22:00:00Z,-112.0,-115.0
2026-09-11T18:14:17.767730-04:00,odds_api,3cff947fac86cab5c41d4f7c0e9393ce,Ohio Bobcats,Jacksonville State,lowvig,-2.5,,49.5,,-133.0,113.0,2026-09-12T22:00:00Z,-106.0,-108.0
2026-09-11T18:14:17.767730-04:00,odds_api,3cff947fac86cab5c41d4f7c0e9393ce,Ohio Bobcats,Jacksonville State,betonlineag,-2.5,,49.5,,-133.0,113.0,2026-09-12T22:00:00Z,-107.0,-110.0
2026-09-11T18:14:17.767730-04:00,odds_api,3cff947fac86cab5c41d4f7c0e9393ce,Ohio Bobcats,Jacksonville State,betrivers,-2.0,,50.5,,-130.0,105.0,2026-09-12T22:00:00Z,-112.0,-109.0
2026-09-11T18:14:17.767730-04:00,odds_api,3cff947fac86cab5c41d4f7c0e9393ce,Ohio Bobcats,Jacksonville State,betmgm,-2.5,,50.5,,-130.0,110.0,2026-09-12T22:00:00Z,-110.0,-108.0
2026-09-11T18:14:17.767730-04:00,odds_api,3cff947fac86cab5c41d4f7c0e9393ce,Ohio Bobcats,Jacksonville State,betus,-2.5,,49.5,,-135.0,115.0,2026-09-12T22:00:00Z,-110.0,-110.0
2026-09-11T18:14:17.767730-04:00,odds_api,3cff947fac86cab5c41d4f7c0e9393ce,Ohio Bobcats,Jacksonville State,mybookieag,-2.5,,50.0,,-136.0,111.0,2026-09-12T22:00:00Z,-110.0,-110.0
2026-09-11T18:14:17.767730-04:00,odds_api,3cff947fac86cab5c41d4f7c0e9393ce,Ohio Bobcats,Jacksonville State,bovada,-2.5,,50.0,,-135.0,115.0,2026-09-12T22:00:00Z,-115.0,-110.0
2026-09-12T09:19:17.090449-04:00,cfbd,401856782,Oklahoma State,Oregon,DraftKings,23.5,18.5,54.5,60.5,1100.0,-2100.0,,,
2026-09-12T09:19:17.090449-04:00,cfbd,401856782,Oklahoma State,Oregon,Bovada,23.5,22.5,54.5,57.5,1000.0,-2200.0,,,
2026-09-12T09:19:17.090449-04:00,cfbd,401856670,Utah,Arkansas,DraftKings,-12.5,-9.5,55.5,54.5,-520.0,390.0,,,
2026-09-12T09:19:17.090449-04:00,cfbd,401856670,Utah,Arkansas,Bovada,-12.5,-13.0,55.5,57.0,-525.0,375.0,,,
2026-09-12T09:19:17.090449-04:00,cfbd,401856683,Texas A&M,Arizona State,DraftKings,-14.5,-14.5,50.5,51.5,-675.0,490.0,,,
2026-09-12T09:19:17.090449-04:00,cfbd,401856683,Texas A&M,Arizona State,Bovada,-14.5,-14.0,50.5,51.5,-650.0,450.0,,,
2026-09-12T09:19:17.090449-04:00,cfbd,401856679,Michigan,Oklahoma,DraftKings,5.5,-1.5,43.5,46.5,170.0,-205.0,,,
2026-09-12T09:19:17.090449-04:00,cfbd,401856679,Michigan,Oklahoma,Bovada,4.5,-1.5,43.5,45.5,175.0,-210.0,,,
2026-09-12T09:19:17.090449-04:00,cfbd,401856788,Iowa,Iowa State,DraftKings,-14.0,-11.5,41.5,41.5,-575.0,425.0,,,
2026-09-12T09:19:17.090449-04:00,cfbd,401856788,Iowa,Iowa State,Bovada,-14.0,-14.0,41.5,41.0,-650.0,450.0,,,
2026-09-12T09:19:17.090449-04:00,cfbd,401856682,Texas,Ohio State,DraftKings,-1.5,-1.5,49.5,,-122.0,102.0,,,
2026-09-12T09:19:17.090449-04:00,cfbd,401856682,Texas,Ohio State,Bovada,-1.5,-2.5,50.0,47.5,-110.0,-110.0,,,
2026-09-12T09:19:17.090449-04:00,cfbd,401856674,Kentucky,Alabama,DraftKings,10.0,10.5,48.5,,320.0,-410.0,,,
2026-09-12T09:19:17.090449-04:00,cfbd,401856674,Kentucky,Alabama,Bovada,10.0,10.5,48.0,49.0,320.0,-430.0,,,
2026-09-12T09:19:17.090449-04:00,cfbd,401856681,Georgia Tech,Tennessee,DraftKings,11.5,8.5,55.5,,360.0,-470.0,,,
2026-09-12T09:19:17.090449-04:00,cfbd,401856681,Georgia Tech,Tennessee,Bovada,12.0,13.5,55.5,55.0,390.0,-550.0,,,
2026-09-12T09:19:17.090449-04:00,cfbd,401858443,UCLA,San Diego State,DraftKings,-12.5,-8.5,54.5,,-485.0,370.0,,,
2026-09-12T09:19:17.090449-04:00,cfbd,401858443,UCLA,San Diego State,Bovada,-13.0,-11.5,54.0,53.0,-490.0,355.0,,,
2026-09-12T09:19:17.090449-04:00,cfbd,401858221,Virginia Tech,Old Dominion,DraftKings,-19.5,-14.0,47.5,,-1200.0,750.0,,,
2026-09-12T09:19:17.090449-04:00,cfbd,401858221,Virginia Tech,Old Dominion,Bovada,-19.5,-18.5,48.0,51.0,-1200.0,700.0,,,
2026-09-12T09:19:17.090449-04:00,cfbd,401860881,Boise State,Memphis,DraftKings,-8.5,-6.5,55.5,,-325.0,260.0,,,
2026-09-12T09:19:17.090449-04:00,cfbd,401860881,Boise State,Memphis,Bovada,-8.5,-7.5,56.0,55.5,-330.0,265.0,,,
2026-09-12T09:19:17.090449-04:00,cfbd,401856810,BYU,Arizona,DraftKings,-7.5,-6.5,48.5,,-290.0,235.0,,,
2026-09-12T09:19:17.090449-04:00,cfbd,401856810,BYU,Arizona,Bovada,-7.5,-7.5,49.5,50.5,-310.0,255.0,,,
2026-09-12T09:19:17.090449-04:00,cfbd,401858217,Illinois,Duke,DraftKings,-6.0,-8.5,51.5,,-238.0,195.0,,,
2026-09-12T09:19:17.090449-04:00,cfbd,401858217,Illinois,Duke,Bovada,-6.0,-6.0,51.5,53.5,-235.0,195.0,,,
2026-09-12T09:19:17.090449-04:00,cfbd,401860884,Texas State,UTSA,DraftKings,-1.5,-1.5,66.5,,-122.0,102.0,,,
2026-09-12T09:19:17.090449-04:00,cfbd,401860884,Texas State,UTSA,Bovada,-2.5,1.0,66.0,64.5,-110.0,-110.0,,,
2026-09-12T09:19:17.090449-04:00,cfbd,401858216,Syracuse,California,DraftKings,-3.5,1.5,56.5,52.5,-192.0,160.0,,,
2026-09-12T09:19:17.090449-04:00,cfbd,401858216,Syracuse,California,Bovada,-3.5,-3.0,56.5,56.0,-165.0,140.0,,,
2026-09-12T09:19:17.090449-04:00,cfbd,401856790,Pittsburgh,UCF,DraftKings,-7.0,-8.5,55.5,51.5,-285.0,230.0,,,
2026-09-12T09:19:17.090449-04:00,cfbd,401856790,Pittsburgh,UCF,Bovada,-7.0,-7.5,56.0,57.0,-300.0,250.0,,,
2026-09-12T09:19:17.090449-04:00,cfbd,401862702,Army,South Florida,DraftKings,-3.5,-1.5,45.5,52.5,-166.0,140.0,,,
2026-09-12T09:19:17.090449-04:00,cfbd,401862702,Army,South Florida,Bovada,-3.5,-3.5,45.5,49.5,-175.0,150.0,,,
2026-09-12T09:19:17.090449-04:00,cfbd,401858446,Washington,Utah State,DraftKings,-27.5,-24.5,55.5,56.5,-4000.0,1600.0,,,
2026-09-12T09:19:17.090449-04:00,cfbd,401858446,Washington,Utah State,Bovada,-28.0,-26.5,55.5,55.5,-5000.0,1300.0,,,
2026-09-12T09:19:17.090449-04:00,cfbd,401858442,Temple,Penn State,DraftKings,24.5,21.5,51.5,51.5,1300.0,-2800.0,,,
2026-09-12T09:19:17.090449-04:00,cfbd,401858442,Temple,Penn State,Bovada,24.0,23.5,51.0,49.5,1100.0,-3300.0,,,
2026-09-12T09:19:17.090449-04:00,cfbd,401871045,Marshall,Middle Tennessee,DraftKings,-12.5,-17.5,56.5,57.5,-520.0,390.0,,,
2026-09-12T09:19:17.090449-04:00,cfbd,401871045,Marshall,Middle Tennessee,Bovada,-13.0,-14.0,57.0,57.5,-750.0,500.0,,,
2026-09-12T09:19:17.090449-04:00,cfbd,401858444,UConn,Maryland,DraftKings,11.5,12.5,52.5,53.5,350.0,-455.0,,,
2026-09-12T09:19:17.090449-04:00,cfbd,401858444,UConn,Maryland,Bovada,11.5,12.5,52.0,53.5,360.0,-500.0,,,
2026-09-12T09:19:17.090449-04:00,cfbd,401864578,Hawai'i,New Mexico State,DraftKings,-7.0,-11.5,50.5,51.5,-325.0,260.0,,,
2026-09-12T09:19:17.090449-04:00,cfbd,401864578,Hawai'i,New Mexico State,Bovada,-7.5,-10.0,50.0,50.5,-410.0,305.0,,,
2026-09-12T09:19:17.090449-04:00,cfbd,401858440,Michigan State,Eastern Michigan,DraftKings,-17.5,-15.5,49.5,51.5,-900.0,600.0,,,
2026-09-12T09:19:17.090449-04:00,cfbd,401858440,Michigan State,Eastern Michigan,Bovada,-17.5,-17.0,50.0,51.0,-1000.0,625.0,,,
2026-09-12T09:19:17.090449-04:00,cfbd,401856781,Kansas State,Washington State,DraftKings,-17.5,-16.5,49.5,51.5,-1000.0,650.0,,,
2026-09-12T09:19:17.090449-04:00,cfbd,401856781,Kansas State,Washington State,Bovada,-17.5,-18.5,49.0,49.0,-1100.0,650.0,,,
2026-09-12T09:19:17.090449-04:00,cfbd,401858445,USC,Louisiana,DraftKings,-31.5,-28.5,59.5,63.5,-9000.0,2500.0,,,
2026-09-12T09:19:17.090449-04:00,cfbd,401858445,USC,Louisiana,Bovada,-31.0,-31.0,59.5,60.0,-10000.0,1600.0,,,
2026-09-12T09:19:17.090449-04:00,cfbd,401856783,Oregon State,Texas Tech,DraftKings,25.5,27.5,53.5,49.5,1500.0,-3600.0,,,
2026-09-12T09:19:17.090449-04:00,cfbd,401856783,Oregon State,Texas Tech,Bovada,25.5,26.5,53.5,51.5,1300.0,-5000.0,,,
2026-09-12T09:19:17.090449-04:00,cfbd,401866418,Ohio,Jacksonville State,DraftKings,-2.5,-2.5,50.5,48.5,-130.0,110.0,,,
2026-09-12T09:19:17.090449-04:00,cfbd,401866418,Ohio,Jacksonville State,Bovada,-2.5,-2.0,50.0,51.5,-125.0,105.0,,,
2026-09-12T09:19:17.090449-04:00,cfbd,401859184,Notre Dame,Rice,DraftKings,-44.5,-44.5,55.5,52.5,,,,,
2026-09-12T09:19:17.090449-04:00,cfbd,401859184,Notre Dame,Rice,Bovada,-44.5,-44.5,55.0,54.5,,,,,
2026-09-12T09:19:17.090449-04:00,cfbd,401862705,North Texas,UNLV,DraftKings,3.0,6.5,58.5,61.5,136.0,-162.0,,,
2026-09-12T09:19:17.090449-04:00,cfbd,401862705,North Texas,UNLV,Bovada,3.0,4.5,58.0,57.0,160.0,-185.0,,,
2026-09-12T09:19:17.090449-04:00,cfbd,401864575,Tulane,South Alabama,DraftKings,-9.5,-10.0,49.5,55.5,-375.0,295.0,,,
2026-09-12T09:19:17.090449-04:00,cfbd,401864575,Tulane,South Alabama,Bovada,-9.5,-10.0,49.5,50.5,-420.0,315.0,,,
2026-09-12T09:19:17.090449-04:00,cfbd,401864571,East Carolina,App State,DraftKings,-6.5,-11.5,56.5,56.5,-265.0,215.0,,,
2026-09-12T09:19:17.090449-04:00,cfbd,401864571,East Carolina,App State,Bovada,-6.5,-8.0,56.5,56.5,-350.0,275.0,,,
2026-09-12T09:19:17.090449-04:00,cfbd,401856673,Georgia,Western Kentucky,DraftKings,-39.5,-35.5,55.5,52.5,,,,,
2026-09-12T09:19:17.090449-04:00,cfbd,401856673,Georgia,Western Kentucky,Bovada,-40.0,-39.5,55.0,54.0,,,,,
2026-09-12T09:19:17.090449-04:00,cfbd,401858441,Nebraska,Bowling Green,DraftKings,-30.5,-25.5,49.5,48.5,-6500.0,2000.0,,,
2026-09-12T09:19:17.090449-04:00,cfbd,401858441,Nebraska,Bowling Green,Bovada,-30.0,-29.0,50.0,52.0,-10000.0,1600.0,,,
2026-09-12T09:19:17.090449-04:00,cfbd,401858219,Clemson,Georgia Southern,DraftKings,-19.5,-26.5,55.5,57.5,-1200.0,750.0,,,
2026-09-12T09:19:17.090449-04:00,cfbd,401858219,Clemson,Georgia Southern,Bovada,-19.5,-21.0,55.0,55.5,-1800.0,850.0,,,
2026-09-12T09:19:17.090449-04:00,cfbd,401862708,UAB,UL Monroe,DraftKings,-9.5,-7.5,54.5,54.5,-360.0,285.0,,,
2026-09-12T09:19:17.090449-04:00,cfbd,401862708,UAB,UL Monroe,Bovada,-9.5,-10.5,54.0,56.0,-435.0,325.0,,,
2026-09-12T09:19:17.090449-04:00,cfbd,401856677,Minnesota,Mississippi State,DraftKings,1.5,-2.5,54.5,,-105.0,-115.0,,,
2026-09-12T09:19:17.090449-04:00,cfbd,401856677,Minnesota,Mississippi State,Bovada,1.0,1.0,55.0,55.5,-115.0,-105.0,,,
2026-09-12T09:19:17.090449-04:00,cfbd,401862707,Sam Houston,Tulsa,DraftKings,12.5,10.5,51.5,53.5,390.0,-520.0,,,
2026-09-12T09:19:17.090449-04:00,cfbd,401862707,Sam Houston,Tulsa,Bovada,12.5,13.5,51.5,52.0,425.0,-600.0,,,
2026-09-12T09:19:17.090449-04:00,cfbd,401858224,Purdue,Wake Forest,DraftKings,3.0,3.5,50.5,49.5,130.0,-155.0,,,
2026-09-12T09:19:17.090449-04:00,cfbd,401858224,Purdue,Wake Forest,Bovada,3.0,4.5,50.0,50.0,160.0,-185.0,,,
2026-09-12T09:19:17.090449-04:00,cfbd,401866414,Florida International,Buffalo,DraftKings,-10.0,-10.5,47.5,51.5,-410.0,320.0,,,
2026-09-12T09:19:17.090449-04:00,cfbd,401866414,Florida International,Buffalo,Bovada,-10.0,-10.0,47.5,48.5,-415.0,310.0,,,
2026-09-12T09:19:17.090449-04:00,cfbd,401856676,Ole Miss,Charlotte,DraftKings,-44.5,-46.5,59.5,61.5,,,,,
2026-09-12T09:19:17.090449-04:00,cfbd,401856676,Ole Miss,Charlotte,Bovada,-45.5,-47.5,59.5,61.5,,,,,
2026-09-12T09:19:17.090449-04:00,cfbd,401860883,Fresno State,Sacramento State,DraftKings,-17.5,-18.5,44.5,48.5,-950.0,625.0,,,
2026-09-12T09:19:17.090449-04:00,cfbd,401860883,Fresno State,Sacramento State,Bovada,-17.5,-18.0,45.0,46.0,-1100.0,650.0,,,
2026-09-12T09:19:17.090449-04:00,cfbd,401864502,Air Force,North Dakota State,DraftKings,1.5,6.5,47.5,49.5,105.0,-125.0,,,
2026-09-12T09:19:17.090449-04:00,cfbd,401864502,Air Force,North Dakota State,Bovada,2.0,3.5,47.0,47.5,140.0,-165.0,,,
2026-09-12T09:19:17.090449-04:00,cfbd,401867796,LSU,Louisiana Tech,DraftKings,-35.5,-31.5,55.5,55.5,-20000.0,3500.0,,,
2026-09-12T09:19:17.090449-04:00,cfbd,401867796,LSU,Louisiana Tech,Bovada,-35.0,-33.5,56.0,55.5,,,,,
2026-09-12T09:19:17.090449-04:00,cfbd,401856684,Vanderbilt,Delaware,DraftKings,-21.0,-21.5,54.5,55.5,-1350.0,800.0,,,
2026-09-12T09:19:17.090449-04:00,cfbd,401856684,Vanderbilt,Delaware,Bovada,-21.0,-21.0,54.5,53.5,-1800.0,850.0,,,
2026-09-12T09:19:17.090449-04:00,cfbd,401869955,Kennesaw State,Georgia State,DraftKings,-8.5,-9.5,54.5,50.5,-340.0,270.0,,,
2026-09-12T09:19:17.090449-04:00,cfbd,401869955,Kennesaw State,Georgia State,Bovada,-8.0,-9.0,54.5,51.0,-360.0,280.0,,,
2026-09-12T09:19:17.090449-04:00,cfbd,401856671,Auburn,Southern Miss,DraftKings,-32.5,-29.5,56.5,52.5,-8000.0,2200.0,,,
2026-09-12T09:19:17.090449-04:00,cfbd,401856671,Auburn,Southern Miss,Bovada,-33.0,-30.0,57.0,53.0,,,,,
2026-09-12T09:19:17.090449-04:00,cfbd,401862703,Florida Atlantic,Navy,DraftKings,4.5,6.5,58.5,57.5,164.0,-198.0,,,
2026-09-12T09:19:17.090449-04:00,cfbd,401862703,Florida Atlantic,Navy,Bovada,4.0,5.5,59.0,59.0,185.0,-225.0,,,
2026-09-12T09:19:17.090449-04:00,cfbd,401868102,Idaho State,San Diego,DraftKings,-25.5,-25.5,58.5,58.5,-2700.0,1020.0,,,
2026-09-12T09:19:17.090449-04:00,cfbd,401856791,West Virginia,UT Martin,Bovada,-41.5,-42.0,56.0,55.5,,,,,
2026-09-12T09:19:17.090449-04:00,cfbd,401856791,West Virginia,UT Martin,DraftKings,-41.5,-40.5,55.5,55.5,,,,,
2026-09-12T09:19:17.090449-04:00,cfbd,401866416,Kent State,Wofford,DraftKings,-10.5,-11.5,47.5,47.5,-470.0,360.0,,,
2026-09-12T09:19:17.090449-04:00,cfbd,401866416,Kent State,Wofford,Bovada,-11.0,-11.0,47.0,47.0,,,,,
2026-09-12T09:19:17.090449-04:00,cfbd,401866633,North Carolina Central,North Carolina A&T,DraftKings,-24.5,-24.5,55.5,55.5,-3900.0,1180.0,,,
2026-09-12T09:19:17.090449-04:00,cfbd,401866630,Maine,Merrimack,DraftKings,-10.0,-10.0,47.5,47.5,-431.0,314.0,,,
2026-09-12T09:19:17.090449-04:00,cfbd,401864506,Wyoming,Northern Colorado,DraftKings,-22.5,-22.5,47.5,47.5,-1650.0,950.0,,,
2026-09-12T09:19:17.090449-04:00,cfbd,401864506,Wyoming,Northern Colorado,Bovada,-22.0,-22.5,47.5,47.5,-2000.0,950.0,,,
2026-09-12T09:19:17.090449-04:00,cfbd,401866629,Hampton,Bryant,DraftKings,3.5,3.5,48.5,48.5,132.0,-165.0,,,
2026-09-12T09:19:17.090449-04:00,cfbd,401866631,New Hampshire,Stonehill,DraftKings,-13.5,-13.5,43.5,43.5,-589.0,405.0,,,
2026-09-12T09:19:17.090449-04:00,cfbd,401866415,Central Michigan,Colgate,DraftKings,-21.5,-23.5,49.5,49.5,-1600.0,900.0,,,
2026-09-12T09:19:17.090449-04:00,cfbd,401866415,Central Michigan,Colgate,Bovada,-21.0,-22.0,49.0,49.5,-1800.0,850.0,,,
2026-09-12T09:19:17.090449-04:00,cfbd,401868374,Mercer,Furman,DraftKings,-15.5,-15.5,54.5,54.5,-740.0,480.0,,,
2026-09-12T09:19:17.090449-04:00,cfbd,401868093,Idaho,Lamar,DraftKings,-2.5,-1.5,49.5,49.5,-145.0,116.0,,,
2026-09-12T09:19:17.090449-04:00,cfbd,401856787,Houston,Southern,DraftKings,-51.5,-51.5,60.5,60.5,,,,,
2026-09-12T09:19:17.090449-04:00,cfbd,401856787,Houston,Southern,Bovada,-51.5,-51.5,60.5,60.5,,,,,
2026-09-12T09:19:17.090449-04:00,cfbd,401856786,Cincinnati,Western Carolina,DraftKings,-36.5,-36.5,60.5,60.5,,,,,
2026-09-12T09:19:17.090449-04:00,cfbd,401856786,Cincinnati,Western Carolina,Bovada,-36.5,-36.5,60.5,60.5,,,,,
2026-09-12T09:19:17.090449-04:00,cfbd,401856785,Colorado,Weber State,DraftKings,-34.5,-33.5,55.5,53.5,-6500.0,2000.0,,,
2026-09-12T09:19:17.090449-04:00,cfbd,401856785,Colorado,Weber State,Bovada,-34.5,-34.5,55.5,55.5,,,,,
2026-09-12T09:19:17.090449-04:00,cfbd,401866417,Miami (OH),Holy Cross,DraftKings,-30.5,-30.5,50.5,49.5,-5000.0,1800.0,,,
2026-09-12T09:19:17.090449-04:00,cfbd,401866417,Miami (OH),Holy Cross,Bovada,-30.5,-30.5,50.0,50.0,,,,,
2026-09-12T09:19:17.090449-04:00,cfbd,401868061,Austin Peay,Morehead State,DraftKings,-35.5,-34.5,63.5,62.5,,,,,
2026-09-12T09:19:17.090449-04:00,cfbd,401868123,Northern Arizona,Incarnate Word,DraftKings,-4.5,-4.5,54.5,54.5,-186.0,148.0,,,
2026-09-12T09:19:17.090449-04:00,cfbd,401858218,North Carolina,East Tennessee State,DraftKings,-35.5,-34.5,54.5,54.5,-100000.0,5000.0,,,
2026-09-12T09:19:17.090449-04:00,cfbd,401858218,North Carolina,East Tennessee State,Bovada,-35.5,-35.5,55.0,54.0,,,,,
2026-09-12T09:19:17.090449-04:00,cfbd,401868326,Troy,Alabama State,DraftKings,,,51.5,51.5,-1800.0,1000.0,,,
2026-09-12T09:19:17.090449-04:00,cfbd,401868326,Troy,Alabama State,Bovada,-23.0,-22.5,51.5,51.5,-2000.0,950.0,,,
2026-09-12T09:19:17.090449-04:00,cfbd,401866420,Massachusetts,Sacred Heart,DraftKings,-23.5,-23.5,53.5,53.5,-2400.0,1200.0,,,
2026-09-12T09:19:17.090449-04:00,cfbd,401866420,Massachusetts,Sacred Heart,Bovada,-23.5,-23.5,53.5,53.5,-2500.0,1000.0,,,
2026-09-12T09:19:17.090449-04:00,cfbd,401868195,Alabama A&M,Tennessee State,DraftKings,1.5,1.5,49.5,49.5,-101.0,-123.0,,,
2026-09-12T09:19:17.090449-04:00,cfbd,401869130,East Texas A&M,Northwestern State,DraftKings,-20.5,-20.5,51.5,51.5,-1480.0,760.0,,,
2026-09-12T09:19:17.090449-04:00,cfbd,401868150,SE Louisiana,North Alabama,DraftKings,-6.5,-6.5,49.5,49.5,-212.0,167.0,,,
2026-09-12T09:19:17.090449-04:00,cfbd,401856789,TCU,Grambling,DraftKings,-43.5,-43.5,55.5,53.5,,,,,
2026-09-12T09:19:17.090449-04:00,cfbd,401856789,TCU,Grambling,Bovada,-44.0,-44.0,55.5,54.5,,,,,
2026-09-12T09:19:17.090449-04:00,cfbd,401858223,SMU,UC Davis,DraftKings,-30.5,-24.5,58.5,58.5,-4000.0,1600.0,,,
2026-09-12T09:19:17.090449-04:00,cfbd,401858223,SMU,UC Davis,Bovada,-29.5,-29.5,58.5,58.5,,,,,
2026-09-12T09:19:17.090449-04:00,cfbd,401866413,Ball State,Stony Brook,DraftKings,-14.0,-14.5,55.5,57.5,-600.0,440.0,,,
2026-09-12T09:19:17.090449-04:00,cfbd,401866413,Ball State,Stony Brook,Bovada,-14.0,-14.0,54.5,54.5,-625.0,430.0,,,
2026-09-12T09:19:17.090449-04:00,cfbd,401868236,McNeese,Tarleton State,DraftKings,20.5,20.5,56.5,56.5,780.0,-1560.0,,,
2026-09-12T09:19:17.090449-04:00,cfbd,401868246,Nicholls,UT Rio Grande Valley,DraftKings,5.5,5.5,50.5,50.5,177.0,-225.0,,,
2026-09-12T09:19:17.090449-04:00,cfbd,401856784,Baylor,Prairie View A&M,DraftKings,-37.5,-37.5,55.5,56.5,,,,,
2026-09-12T09:19:17.090449-04:00,cfbd,401856784,Baylor,Prairie View A&M,Bovada,-37.5,-37.5,55.5,55.5,,,,,
2026-09-12T09:19:17.090449-04:00,cfbd,401866632,Long Island University,UAlbany,DraftKings,4.0,5.5,44.5,44.5,166.0,-210.0,,,
2026-09-12T09:19:17.090449-04:00,cfbd,401868241,Arkansas State,West Georgia,DraftKings,-31.5,-31.5,56.5,56.5,-10000.0,3000.0,,,
2026-09-12T09:19:17.090449-04:00,cfbd,401868241,Arkansas State,West Georgia,Bovada,-31.5,-31.5,56.5,56.5,,,,,
2026-09-12T09:19:17.090449-04:00,cfbd,401867876,Portland State,North Dakota,DraftKings,25.5,25.5,60.5,58.5,1320.0,-5600.0,,,
2026-09-12T09:19:17.090449-04:00,cfbd,401868355,Alcorn State,Arkansas-Pine Bluff,DraftKings,-8.5,-8.5,49.5,49.5,-346.0,261.0,,,
2026-09-12T09:19:17.090449-04:00,cfbd,401860882,Colorado State,Southern Utah,DraftKings,-20.5,-20.5,56.5,56.5,-1450.0,850.0,,,
2026-09-12T09:19:17.090449-04:00,cfbd,401860882,Colorado State,Southern Utah,Bovada,-20.0,-20.0,56.0,56.5,-1400.0,750.0,,,
2026-09-12T09:19:17.090449-04:00,cfbd,401864504,San José State,Cal Poly,DraftKings,-20.5,-20.5,56.5,56.5,-1650.0,950.0,,,
2026-09-12T09:19:17.090449-04:00,cfbd,401864504,San José State,Cal Poly,Bovada,-20.5,-20.5,56.5,56.5,-1500.0,775.0,,,
2026-09-12T09:19:17.090449-04:00,cfbd,401858439,Indiana,Howard,DraftKings,-57.5,-56.5,66.5,64.5,,,,,
2026-09-12T09:19:17.090449-04:00,cfbd,401858439,Indiana,Howard,Bovada,-56.5,-57.5,66.5,66.0,,,,,
2026-09-12T09:19:17.090449-04:00,cfbd,401867929,James Madison,Wagner,Bovada,-46.5,-45.5,56.5,55.0,,,,,
2026-09-12T09:19:17.090449-04:00,cfbd,401867929,James Madison,Wagner,DraftKings,-46.5,-45.5,56.5,54.5,,,,,
2026-09-12T09:19:17.090449-04:00,cfbd,401868187,Liberty,Gardner-Webb,Bovada,-27.5,-27.5,55.0,55.0,,,,,
2026-09-12T09:19:17.090449-04:00,cfbd,401868187,Liberty,Gardner-Webb,DraftKings,-27.5,-25.5,55.5,55.5,-3600.0,1500.0,,,
2026-09-12T09:19:17.090449-04:00,cfbd,401868112,Montana,Utah Tech,Bovada,-38.5,-38.5,56.5,56.5,,,,,
2026-09-12T09:19:17.090449-04:00,cfbd,401868112,Montana,Utah Tech,DraftKings,-38.5,-38.5,56.5,56.5,,,,,
2026-09-12T09:19:17.090449-04:00,cfbd,401864500,Nevada,Montana State,DraftKings,3.5,4.5,49.5,49.5,140.0,-166.0,,,
2026-09-12T09:19:17.090449-04:00,cfbd,401864500,Nevada,Montana State,Bovada,3.5,3.5,50.0,49.5,155.0,-180.0,,,
2026-09-12T09:19:17.090449-04:00,cfbd,401864503,Northern Illinois,Illinois State,DraftKings,4.5,4.5,48.5,48.5,164.0,-198.0,,,
2026-09-12T09:19:17.090449-04:00,cfbd,401864503,Northern Illinois,Illinois State,Bovada,5.0,5.0,48.0,48.0,175.0,-210.0,,,
2026-09-12T09:19:17.090449-04:00,cfbd,401866419,Toledo,Central Connecticut,Bovada,-36.0,-36.0,54.5,54.5,,,,,
2026-09-12T09:19:17.090449-04:00,cfbd,401866419,Toledo,Central Connecticut,DraftKings,-35.5,-33.5,54.5,55.5,-20000.0,3500.0,,,
2026-09-12T09:19:17.090449-04:00,cfbd,401868008,Coastal Carolina,Fordham,DraftKings,-34.5,-31.5,53.5,52.5,-100000.0,5000.0,,,
2026-09-12T09:19:17.090449-04:00,cfbd,401868008,Coastal Carolina,Fordham,Bovada,-34.5,-34.5,53.0,53.0,,,,,
2026-09-12T09:19:17.090449-04:00,cfbd,401868171,The Citadel,Charleston Southern,DraftKings,-1.5,1.5,45.5,45.5,-136.0,109.0,,,
2026-09-12T09:19:17.090449-04:00,cfbd,401866412,Akron,Robert Morris,DraftKings,-27.5,-27.5,44.5,41.5,-3600.0,1500.0,,,
2026-09-12T09:19:17.090449-04:00,cfbd,401866412,Akron,Robert Morris,Bovada,-27.5,-27.5,44.5,44.0,-6500.0,1300.0,,,
2026-09-12T09:19:17.090449-04:00,cfbd,401867856,Eastern Illinois,Indiana State,DraftKings,1.5,1.5,49.5,49.5,-103.0,-121.0,,,
2026-09-12T09:19:17.090449-04:00,cfbd,401868033,Lehigh,William & Mary,DraftKings,-12.5,-11.5,47.5,47.5,-449.0,325.0,,,
2026-09-12T09:19:17.090449-04:00,cfbd,401872616,South Dakota State,New Haven,DraftKings,-43.5,-44.5,56.5,55.5,,,,,
2026-09-12T09:19:17.090449-04:00,cfbd,401867867,Murray State,Valparaiso,DraftKings,-14.0,-10.5,51.5,51.5,-690.0,456.0,,,
2026-09-12T09:19:17.090449-04:00,cfbd,401868028,Lafayette,Marist,DraftKings,-12.5,-12.5,47.5,47.5,-485.0,347.0,,,
2026-09-12T09:19:17.090449-04:00,cfbd,401867884,South Dakota,Eastern Washington,DraftKings,-16.5,-16.5,58.5,58.5,-780.0,498.0,,,
2026-09-12T09:19:17.090449-04:00,cfbd,401867895,Youngstown State,Duquesne,DraftKings,-22.5,-22.5,53.5,53.5,-2300.0,950.0,,,
2026-09-12T09:19:17.090449-04:00,cfbd,401868285,Bethune-Cookman,Stetson,DraftKings,-14.5,-14.5,56.5,56.5,-760.0,488.0,,,
2026-09-12T09:19:17.090449-04:00,cfbd,401868386,Tennessee Tech,Samford,DraftKings,-26.5,-26.5,48.5,48.5,-4900.0,1260.0,,,
2026-09-12T09:19:17.090449-04:00,cfbd,401867890,Southern Illinois,Southeast Missouri State,DraftKings,-7.5,-7.5,53.5,53.5,-355.0,266.0,,,
2026-09-12T09:19:17.090449-04:00,cfbd,401856680,South Carolina,Towson,Bovada,-43.5,-43.5,56.0,56.0,,,,,
2026-09-12T09:19:17.090449-04:00,cfbd,401856680,South Carolina,Towson,DraftKings,-44.5,-43.5,56.5,54.5,,,,,
2026-09-12T09:19:17.090449-04:00,cfbd,401868255,Northern Iowa,Drake,DraftKings,-11.5,-10.5,55.5,54.5,-510.0,361.0,,,
2026-09-12T09:19:17.090449-04:00,cfbd,401865252,New Mexico,Mercyhurst,DraftKings,-41.5,-40.5,53.5,51.5,,,,,
2026-09-12T09:19:17.090449-04:00,cfbd,401865252,New Mexico,Mercyhurst,Bovada,-41.5,-41.5,53.5,52.5,,,,,
2026-09-12T09:19:17.090449-04:00,cfbd,401864505,UTEP,Texas Southern,DraftKings,-25.5,-25.5,52.5,52.5,-4500.0,1700.0,,,
2026-09-12T09:19:17.090449-04:00,cfbd,401864505,UTEP,Texas Southern,Bovada,-25.5,-25.5,53.0,53.0,-4000.0,1200.0,,,
2026-09-12T09:19:17.090449-04:00,cfbd,401856672,Florida,Campbell,DraftKings,-50.5,-49.5,65.5,65.5,,,,,
2026-09-12T09:19:17.090449-04:00,cfbd,401856672,Florida,Campbell,Bovada,-50.5,-50.5,65.5,66.0,,,,,
2026-09-12T09:19:17.090449-04:00,cfbd,401866628,Rhode Island,Elon,DraftKings,-8.5,-8.5,48.5,48.5,-288.0,221.0,,,
2026-09-12T09:19:17.090449-04:00,cfbd,401866421,Western Michigan,Monmouth,Bovada,-27.5,-27.5,52.5,52.5,,,,,
2026-09-12T09:19:17.090449-04:00,cfbd,401866421,Western Michigan,Monmouth,DraftKings,-27.5,-25.5,52.5,52.5,-3200.0,1400.0,,,
2026-09-12T09:19:17.090449-04:00,cfbd,401858447,Wisconsin,Western Illinois,Bovada,-40.0,-40.0,50.0,49.5,,,,,
2026-09-12T09:19:17.090449-04:00,cfbd,401858447,Wisconsin,Western Illinois,DraftKings,-40.5,-38.5,50.5,48.5,,,,,
2026-09-12T09:19:17.090449-04:00,cfbd,401871046,Missouri State,Lindenwood,Bovada,-17.0,-17.0,52.5,52.5,-850.0,550.0,,,
2026-09-12T09:19:17.090449-04:00,cfbd,401871046,Missouri State,Lindenwood,DraftKings,-16.5,-19.5,52.5,52.5,-850.0,575.0,,,
2026-09-12T09:19:17.090449-04:00,cfbd,401867990,VMI,Bucknell,DraftKings,10.5,10.5,47.5,47.5,242.0,-318.0,,,
2026-09-12T09:19:17.090449-04:00,cfbd,401868050,Abilene Christian,Stephen F. Austin,DraftKings,3.0,3.0,50.5,50.5,106.0,-131.0,,,
2026-09-12T09:19:17.090449-04:00,cfbd,401868141,Eastern Kentucky,Chattanooga,DraftKings,3.0,3.0,48.5,48.5,135.0,-169.0,,,
2026-09-12T09:19:17.490257-04:00,odds_api,401856683,Texas A&M Aggies,Arizona State Sun Devils,draftkings,-14.5,,50.5,,-675.0,490.0,2026-09-12T16:00:00Z,-108.0,-112.0
2026-09-12T09:19:17.490257-04:00,odds_api,401856683,Texas A&M Aggies,Arizona State Sun Devils,betrivers,-14.5,,51.0,,-910.0,510.0,2026-09-12T16:00:00Z,-108.0,-109.0
2026-09-12T09:19:17.490257-04:00,odds_api,401856683,Texas A&M Aggies,Arizona State Sun Devils,mybookieag,-14.5,,50.5,,-752.0,500.0,2026-09-12T16:00:00Z,-110.0,-110.0
2026-09-12T09:19:17.490257-04:00,odds_api,401856683,Texas A&M Aggies,Arizona State Sun Devils,fanduel,-14.5,,50.5,,-780.0,530.0,2026-09-12T16:00:00Z,-110.0,-112.0
2026-09-12T09:19:17.490257-04:00,odds_api,401856683,Texas A&M Aggies,Arizona State Sun Devils,lowvig,-14.5,,51.0,,-700.0,505.0,2026-09-12T16:00:00Z,-108.0,-108.0
2026-09-12T09:19:17.490257-04:00,odds_api,401856683,Texas A&M Aggies,Arizona State Sun Devils,betonlineag,-14.5,,51.0,,-700.0,505.0,2026-09-12T16:00:00Z,-112.0,-110.0
2026-09-12T09:19:17.490257-04:00,odds_api,401856683,Texas A&M Aggies,Arizona State Sun Devils,betmgm,-14.5,,50.5,,-700.0,550.0,2026-09-12T16:00:00Z,-108.0,-112.0
2026-09-12T09:19:17.490257-04:00,odds_api,401856683,Texas A&M Aggies,Arizona State Sun Devils,betus,-14.5,,51.0,,-700.0,500.0,2026-09-12T16:00:00Z,-110.0,-105.0
2026-09-12T09:19:17.490257-04:00,odds_api,401856683,Texas A&M Aggies,Arizona State Sun Devils,bovada,-14.5,,50.5,,-700.0,475.0,2026-09-12T16:00:00Z,-110.0,-115.0
2026-09-12T09:19:17.490257-04:00,odds_api,401862702,Army Black Knights,South Florida Bulls,fanduel,-3.5,,45.5,,-164.0,136.0,2026-09-12T16:00:00Z,-102.0,-110.0
2026-09-12T09:19:17.490257-04:00,odds_api,401862702,Army Black Knights,South Florida Bulls,mybookieag,-3.0,,46.0,,-177.0,143.0,2026-09-12T16:00:00Z,-110.0,-110.0
2026-09-12T09:19:17.490257-04:00,odds_api,401862702,Army Black Knights,South Florida Bulls,draftkings,-3.5,,45.5,,-166.0,140.0,2026-09-12T16:00:00Z,-102.0,-112.0
2026-09-12T09:19:17.490257-04:00,odds_api,401862702,Army Black Knights,South Florida Bulls,lowvig,-3.5,,45.5,,-165.0,145.0,2026-09-12T16:00:00Z,-101.0,-108.0
2026-09-12T09:19:17.490257-04:00,odds_api,401862702,Army Black Knights,South Florida Bulls,betonlineag,-3.5,,45.5,,-165.0,145.0,2026-09-12T16:00:00Z,-105.0,-110.0
2026-09-12T09:19:17.490257-04:00,odds_api,401862702,Army Black Knights,South Florida Bulls,betrivers,-3.5,,45.5,,-175.0,135.0,2026-09-12T16:00:00Z,-106.0,-115.0
2026-09-12T09:19:17.490257-04:00,odds_api,401862702,Army Black Knights,South Florida Bulls,betmgm,-3.0,,45.5,,-165.0,138.0,2026-09-12T16:00:00Z,-120.0,-110.0
2026-09-12T09:19:17.490257-04:00,odds_api,401862702,Army Black Knights,South Florida Bulls,betus,-3.0,,45.5,,-165.0,142.0,2026-09-12T16:00:00Z,-115.0,-110.0
2026-09-12T09:19:17.490257-04:00,odds_api,401862702,Army Black Knights,South Florida Bulls,bovada,-3.5,,45.5,,-170.0,145.0,2026-09-12T16:00:00Z,-105.0,-110.0
2026-09-12T09:19:17.490257-04:00,odds_api,401858218,North Carolina Tar Heels,East Tennessee State Buccaneers,fanduel,-36.5,,54.5,,-30000.0,4000.0,2026-09-12T16:00:00Z,-108.0,-115.0
2026-09-12T09:19:17.490257-04:00,odds_api,401858218,North Carolina Tar Heels,East Tennessee State Buccaneers,betrivers,-35.5,,54.5,,,,2026-09-12T16:00:00Z,-114.0,-117.0
2026-09-12T09:19:17.490257-04:00,odds_api,401858218,North Carolina Tar Heels,East Tennessee State Buccaneers,draftkings,-35.5,,54.5,,,,2026-09-12T16:00:00Z,-110.0,-112.0
2026-09-12T09:19:17.490257-04:00,odds_api,401858218,North Carolina Tar Heels,East Tennessee State Buccaneers,betonlineag,-36.0,,54.5,,,,2026-09-12T16:00:00Z,-110.0,-115.0
2026-09-12T09:19:17.490257-04:00,odds_api,401858218,North Carolina Tar Heels,East Tennessee State Buccaneers,lowvig,-36.0,,54.5,,,,2026-09-12T16:00:00Z,-110.0,-115.0
2026-09-12T09:19:17.490257-04:00,odds_api,401858218,North Carolina Tar Heels,East Tennessee State Buccaneers,bovada,-35.5,,54.0,,,,2026-09-12T16:00:00Z,-110.0,-115.0
2026-09-12T09:19:17.490257-04:00,odds_api,401858218,North Carolina Tar Heels,East Tennessee State Buccaneers,betmgm,-35.5,,54.5,,-50000.0,5000.0,2026-09-12T16:00:00Z,-108.0,-110.0
2026-09-12T09:19:17.490257-04:00,odds_api,401868187,Liberty Flames,Gardner-Webb Runnin Bulldogs,fanduel,-27.5,,54.5,,-4500.0,1600.0,2026-09-12T16:00:00Z,-118.0,-115.0
2026-09-12T09:19:17.490257-04:00,odds_api,401868187,Liberty Flames,Gardner-Webb Runnin Bulldogs,betrivers,-28.0,,54.5,,,,2026-09-12T16:00:00Z,-107.0,-115.0
2026-09-12T09:19:17.490257-04:00,odds_api,401868187,Liberty Flames,Gardner-Webb Runnin Bulldogs,draftkings,-27.5,,55.5,,-4500.0,1700.0,2026-09-12T16:00:00Z,-118.0,-108.0
2026-09-12T09:19:17.490257-04:00,odds_api,401868187,Liberty Flames,Gardner-Webb Runnin Bulldogs,betonlineag,-29.0,,55.5,,,,2026-09-12T16:00:00Z,-105.0,-110.0
2026-09-12T09:19:17.490257-04:00,odds_api,401868187,Liberty Flames,Gardner-Webb Runnin Bulldogs,lowvig,-29.0,,55.5,,,,2026-09-12T16:00:00Z,-105.0,-110.0
2026-09-12T09:19:17.490257-04:00,odds_api,401868187,Liberty Flames,Gardner-Webb Runnin Bulldogs,bovada,-28.5,,55.0,,,,2026-09-12T16:00:00Z,-115.0,-110.0
2026-09-12T09:19:17.490257-04:00,odds_api,401868187,Liberty Flames,Gardner-Webb Runnin Bulldogs,betmgm,-28.0,,55.5,,-5000.0,1900.0,2026-09-12T16:00:00Z,-105.0,-102.0
2026-09-12T09:19:17.490257-04:00,odds_api,401858439,Indiana Hoosiers,Howard Bison,fanduel,-58.5,,66.5,,,,2026-09-12T16:00:00Z,-110.0,-110.0
2026-09-12T09:19:17.490257-04:00,odds_api,401858439,Indiana Hoosiers,Howard Bison,betrivers,-58.0,,67.0,,,,2026-09-12T16:00:00Z,-108.0,-109.0
2026-09-12T09:19:17.490257-04:00,odds_api,401858439,Indiana Hoosiers,Howard Bison,draftkings,-57.5,,66.5,,,,2026-09-12T16:00:00Z,-110.0,-110.0
2026-09-12T09:19:17.490257-04:00,odds_api,401858439,Indiana Hoosiers,Howard Bison,betonlineag,-58.0,,67.0,,,,2026-09-12T16:00:00Z,-110.0,-115.0
2026-09-12T09:19:17.490257-04:00,odds_api,401858439,Indiana Hoosiers,Howard Bison,lowvig,-58.0,,67.0,,,,2026-09-12T16:00:00Z,-110.0,-115.0
2026-09-12T09:19:17.490257-04:00,odds_api,401858439,Indiana Hoosiers,Howard Bison,bovada,-57.0,,66.5,,,,2026-09-12T16:00:00Z,-115.0,-115.0
2026-09-12T09:19:17.490257-04:00,odds_api,401858439,Indiana Hoosiers,Howard Bison,betmgm,-56.0,,67.5,,,,2026-09-12T16:00:00Z,-115.0,-108.0
2026-09-12T09:19:17.490257-04:00,odds_api,401867929,James Madison Dukes,Wagner Seahawks,fanduel,-46.5,,56.5,,,,2026-09-12T16:00:00Z,-110.0,-110.0
2026-09-12T09:19:17.490257-04:00,odds_api,401867929,James Madison Dukes,Wagner Seahawks,betrivers,-46.0,,56.5,,,,2026-09-12T16:00:00Z,-109.0,-110.0
2026-09-12T09:19:17.490257-04:00,odds_api,401867929,James Madison Dukes,Wagner Seahawks,draftkings,-46.5,,56.5,,,,2026-09-12T16:00:00Z,-108.0,-112.0
2026-09-12T09:19:17.490257-04:00,odds_api,401867929,James Madison Dukes,Wagner Seahawks,betonlineag,-47.0,,55.5,,,,2026-09-12T16:00:00Z,-105.0,-115.0
2026-09-12T09:19:17.490257-04:00,odds_api,401867929,James Madison Dukes,Wagner Seahawks,lowvig,-47.0,,55.5,,,,2026-09-12T16:00:00Z,-105.0,-115.0
2026-09-12T09:19:17.490257-04:00,odds_api,401867929,James Madison Dukes,Wagner Seahawks,bovada,-46.5,,56.5,,,,2026-09-12T16:00:00Z,-110.0,-115.0
2026-09-12T09:19:17.490257-04:00,odds_api,401867929,James Madison Dukes,Wagner Seahawks,betmgm,-46.0,,56.5,,,,2026-09-12T16:00:00Z,-110.0,-108.0
2026-09-12T09:19:17.490257-04:00,odds_api,401856781,Kansas State Wildcats,Washington State Cougars,fanduel,-17.5,,49.5,,-1200.0,740.0,2026-09-12T16:00:00Z,-110.0,-105.0
2026-09-12T09:19:17.490257-04:00,odds_api,401856781,Kansas State Wildcats,Washington State Cougars,mybookieag,-17.5,,49.0,,-1099.0,650.0,2026-09-12T16:00:00Z,-110.0,-110.0
2026-09-12T09:19:17.490257-04:00,odds_api,401856781,Kansas State Wildcats,Washington State Cougars,draftkings,-17.5,,49.5,,-1000.0,650.0,2026-09-12T16:00:00Z,-112.0,-105.0
2026-09-12T09:19:17.490257-04:00,odds_api,401856781,Kansas State Wildcats,Washington State Cougars,betonlineag,-17.5,,49.0,,-900.0,613.0,2026-09-12T16:00:00Z,-110.0,-110.0
2026-09-12T09:19:17.490257-04:00,odds_api,401856781,Kansas State Wildcats,Washington State Cougars,lowvig,-17.5,,49.0,,-900.0,613.0,2026-09-12T16:00:00Z,-106.0,-108.0
2026-09-12T09:19:17.490257-04:00,odds_api,401856781,Kansas State Wildcats,Washington State Cougars,betmgm,-17.5,,49.5,,-1000.0,700.0,2026-09-12T16:00:00Z,-108.0,-105.0
2026-09-12T09:19:17.490257-04:00,odds_api,401856781,Kansas State Wildcats,Washington State Cougars,betrivers,-17.5,,49.0,,-1115.0,650.0,2026-09-12T16:00:00Z,-110.0,-112.0
2026-09-12T09:19:17.490257-04:00,odds_api,401856781,Kansas State Wildcats,Washington State Cougars,betus,-17.0,,49.0,,-900.0,600.0,2026-09-12T16:00:00Z,-115.0,-110.0
2026-09-12T09:19:17.490257-04:00,odds_api,401856781,Kansas State Wildcats,Washington State Cougars,bovada,-17.5,,49.0,,-1000.0,625.0,2026-09-12T16:00:00Z,-110.0,-105.0
2026-09-12T09:19:17.490257-04:00,odds_api,401866416,Kent State Golden Flashes,Wofford Terriers,fanduel,-11.5,,46.5,,-480.0,360.0,2026-09-12T16:00:00Z,-110.0,-115.0
2026-09-12T09:19:17.490257-04:00,odds_api,401866416,Kent State Golden Flashes,Wofford Terriers,mybookieag,,,47.0,,-500.0,340.0,2026-09-12T16:00:00Z,,-110.0
2026-09-12T09:19:17.490257-04:00,odds_api,401866416,Kent State Golden Flashes,Wofford Terriers,betrivers,-10.5,,46.5,,-530.0,375.0,2026-09-12T16:00:00Z,-113.0,-109.0
2026-09-12T09:19:17.490257-04:00,odds_api,401866416,Kent State Golden Flashes,Wofford Terriers,draftkings,-10.5,,47.5,,-470.0,360.0,2026-09-12T16:00:00Z,-108.0,-108.0
2026-09-12T09:19:17.490257-04:00,odds_api,401866416,Kent State Golden Flashes,Wofford Terriers,betonlineag,-10.5,,47.5,,,,2026-09-12T16:00:00Z,-110.0,-110.0
2026-09-12T09:19:17.490257-04:00,odds_api,401866416,Kent State Golden Flashes,Wofford Terriers,lowvig,-10.5,,47.5,,,,2026-09-12T16:00:00Z,-110.0,-110.0
2026-09-12T09:19:17.490257-04:00,odds_api,401866416,Kent State Golden Flashes,Wofford Terriers,bovada,-11.0,,47.0,,,,2026-09-12T16:00:00Z,100.0,-110.0
2026-09-12T09:19:17.490257-04:00,odds_api,401856679,Michigan Wolverines,Oklahoma Sooners,fanduel,4.5,,43.5,,172.0,-200.0,2026-09-12T16:00:00Z,-106.0,-108.0
2026-09-12T09:19:17.490257-04:00,odds_api,401856679,Michigan Wolverines,Oklahoma Sooners,bovada,4.5,,43.5,,175.0,-210.0,2026-09-12T16:00:00Z,-110.0,-110.0
2026-09-12T09:19:17.490257-04:00,odds_api,401856679,Michigan Wolverines,Oklahoma Sooners,betmgm,4.5,,43.5,,170.0,-210.0,2026-09-12T16:00:00Z,-108.0,-110.0
2026-09-12T09:19:17.490257-04:00,odds_api,401856679,Michigan Wolverines,Oklahoma Sooners,betrivers,5.5,,43.5,,165.0,-215.0,2026-09-12T16:00:00Z,-112.0,-112.0
2026-09-12T09:19:17.490257-04:00,odds_api,401856679,Michigan Wolverines,Oklahoma Sooners,mybookieag,4.5,,43.5,,180.0,-226.0,2026-09-12T16:00:00Z,-110.0,-110.0
2026-09-12T09:19:17.490257-04:00,odds_api,401856679,Michigan Wolverines,Oklahoma Sooners,draftkings,5.5,,43.5,,170.0,-205.0,2026-09-12T16:00:00Z,-112.0,-108.0
2026-09-12T09:19:17.490257-04:00,odds_api,401856679,Michigan Wolverines,Oklahoma Sooners,betonlineag,4.5,,43.5,,183.0,-215.0,2026-09-12T16:00:00Z,-110.0,-115.0
2026-09-12T09:19:17.490257-04:00,odds_api,401856679,Michigan Wolverines,Oklahoma Sooners,lowvig,4.5,,43.5,,183.0,-215.0,2026-09-12T16:00:00Z,-106.0,-114.0
2026-09-12T09:19:17.490257-04:00,odds_api,401856679,Michigan Wolverines,Oklahoma Sooners,betus,4.5,,43.0,,183.0,-215.0,2026-09-12T16:00:00Z,-110.0,-110.0
2026-09-12T09:19:17.490257-04:00,odds_api,401856782,Oklahoma State Cowboys,Oregon Ducks,fanduel,23.5,,54.5,,1000.0,-2100.0,2026-09-12T16:00:00Z,-115.0,-115.0
2026-09-12T09:19:17.490257-04:00,odds_api,401856782,Oklahoma State Cowboys,Oregon Ducks,mybookieag,23.5,,55.5,,1087.0,-2549.0,2026-09-12T16:00:00Z,-110.0,-110.0
2026-09-12T09:19:17.490257-04:00,odds_api,401856782,Oklahoma State Cowboys,Oregon Ducks,draftkings,23.5,,54.5,,1100.0,-2100.0,2026-09-12T16:00:00Z,-112.0,-112.0
2026-09-12T09:19:17.490257-04:00,odds_api,401856782,Oklahoma State Cowboys,Oregon Ducks,betrivers,23.5,,55.0,,1050.0,-3335.0,2026-09-12T16:00:00Z,-112.0,-112.0
2026-09-12T09:19:17.490257-04:00,odds_api,401856782,Oklahoma State Cowboys,Oregon Ducks,betmgm,23.0,,54.5,,1150.0,-2000.0,2026-09-12T16:00:00Z,-108.0,-112.0
2026-09-12T09:19:17.490257-04:00,odds_api,401856782,Oklahoma State Cowboys,Oregon Ducks,lowvig,23.5,,55.0,,1216.0,-2800.0,2026-09-12T16:00:00Z,-103.0,-108.0
2026-09-12T09:19:17.490257-04:00,odds_api,401856782,Oklahoma State Cowboys,Oregon Ducks,betonlineag,23.5,,55.0,,1216.0,-2800.0,2026-09-12T16:00:00Z,-107.0,-110.0
2026-09-12T09:19:17.490257-04:00,odds_api,401856782,Oklahoma State Cowboys,Oregon Ducks,bovada,23.5,,54.5,,950.0,-2000.0,2026-09-12T16:00:00Z,-110.0,-110.0
2026-09-12T09:19:17.490257-04:00,odds_api,401856782,Oklahoma State Cowboys,Oregon Ducks,betus,23.5,,55.0,,1250.0,-2800.0,2026-09-12T16:00:00Z,-105.0,-110.0
2026-09-12T09:19:17.490257-04:00,odds_api,401858221,Virginia Tech Hokies,Old Dominion Monarchs,draftkings,-19.5,,47.5,,-1200.0,750.0,2026-09-12T16:00:00Z,-108.0,-120.0
2026-09-12T09:19:17.490257-04:00,odds_api,401858221,Virginia Tech Hokies,Old Dominion Monarchs,fanduel,-18.5,,47.5,,-1400.0,800.0,2026-09-12T16:00:00Z,-114.0,-110.0
2026-09-12T09:19:17.490257-04:00,odds_api,401858221,Virginia Tech Hokies,Old Dominion Monarchs,mybookieag,-19.0,,48.5,,-1205.0,690.0,2026-09-12T16:00:00Z,-110.0,-110.0
2026-09-12T09:19:17.490257-04:00,odds_api,401858221,Virginia Tech Hokies,Old Dominion Monarchs,lowvig,-19.5,,47.5,,-1350.0,817.0,2026-09-12T16:00:00Z,-111.0,-114.0
2026-09-12T09:19:17.490257-04:00,odds_api,401858221,Virginia Tech Hokies,Old Dominion Monarchs,betonlineag,-19.5,,47.5,,-1350.0,817.0,2026-09-12T16:00:00Z,-115.0,-115.0
2026-09-12T09:19:17.490257-04:00,odds_api,401858221,Virginia Tech Hokies,Old Dominion Monarchs,betmgm,-19.5,,47.5,,-1200.0,825.0,2026-09-12T16:00:00Z,-108.0,-115.0
2026-09-12T09:19:17.490257-04:00,odds_api,401858221,Virginia Tech Hokies,Old Dominion Monarchs,betrivers,-20.0,,47.5,,-2000.0,850.0,2026-09-12T16:00:00Z,-109.0,-114.0
2026-09-12T09:19:17.490257-04:00,odds_api,401858221,Virginia Tech Hokies,Old Dominion Monarchs,betus,-19.5,,48.0,,-1350.0,830.0,2026-09-12T16:00:00Z,-110.0,-110.0
2026-09-12T09:19:17.490257-04:00,odds_api,401858221,Virginia Tech Hokies,Old Dominion Monarchs,bovada,-19.5,,48.0,,-1300.0,725.0,2026-09-12T16:00:00Z,-115.0,-110.0
2026-09-12T09:19:17.490257-04:00,odds_api,401858442,Temple Owls,Penn State Nittany Lions,fanduel,23.5,,50.5,,1400.0,-4000.0,2026-09-12T16:00:00Z,-102.0,-115.0
2026-09-12T09:19:17.490257-04:00,odds_api,401858442,Temple Owls,Penn State Nittany Lions,mybookieag,24.0,,50.5,,1130.0,-3366.0,2026-09-12T16:00:00Z,-110.0,-110.0
2026-09-12T09:19:17.490257-04:00,odds_api,401858442,Temple Owls,Penn State Nittany Lions,draftkings,24.5,,50.5,,1300.0,-2800.0,2026-09-12T16:00:00Z,-118.0,-115.0
2026-09-12T09:19:17.490257-04:00,odds_api,401858442,Temple Owls,Penn State Nittany Lions,lowvig,24.0,,51.0,,1256.0,-3000.0,2026-09-12T16:00:00Z,-106.0,-108.0
2026-09-12T09:19:17.490257-04:00,odds_api,401858442,Temple Owls,Penn State Nittany Lions,betonlineag,24.0,,51.0,,1256.0,-3000.0,2026-09-12T16:00:00Z,-110.0,-110.0
2026-09-12T09:19:17.490257-04:00,odds_api,401858442,Temple Owls,Penn State Nittany Lions,betmgm,24.0,,50.5,,1400.0,-2500.0,2026-09-12T16:00:00Z,-110.0,-118.0
2026-09-12T09:19:17.490257-04:00,odds_api,401858442,Temple Owls,Penn State Nittany Lions,betrivers,24.0,,51.0,,1400.0,-10000.0,2026-09-12T16:00:00Z,-113.0,-109.0
2026-09-12T09:19:17.490257-04:00,odds_api,401858442,Temple Owls,Penn State Nittany Lions,betus,24.0,,51.0,,1300.0,-3000.0,2026-09-12T16:00:00Z,-110.0,-110.0
2026-09-12T09:19:17.490257-04:00,odds_api,401858442,Temple Owls,Penn State Nittany Lions,bovada,24.0,,51.0,,1000.0,-2500.0,2026-09-12T16:00:00Z,-110.0,-110.0
2026-09-12T09:19:17.490257-04:00,odds_api,401858224,Purdue Boilermakers,Wake Forest Demon Deacons,fanduel,2.5,,49.5,,126.0,-152.0,2026-09-12T16:00:00Z,-102.0,-115.0
2026-09-12T09:19:17.490257-04:00,odds_api,401858224,Purdue Boilermakers,Wake Forest Demon Deacons,mybookieag,3.0,,50.5,,126.0,-155.0,2026-09-12T16:00:00Z,-110.0,-110.0
2026-09-12T09:19:17.490257-04:00,odds_api,401858224,Purdue Boilermakers,Wake Forest Demon Deacons,draftkings,3.0,,50.5,,130.0,-155.0,2026-09-12T16:00:00Z,-110.0,-108.0
2026-09-12T09:19:17.490257-04:00,odds_api,401858224,Purdue Boilermakers,Wake Forest Demon Deacons,lowvig,3.0,,50.5,,125.0,-145.0,2026-09-12T16:00:00Z,-112.0,-108.0
2026-09-12T09:19:17.490257-04:00,odds_api,401858224,Purdue Boilermakers,Wake Forest Demon Deacons,betonlineag,3.0,,50.5,,125.0,-145.0,2026-09-12T16:00:00Z,-116.0,-110.0
2026-09-12T09:19:17.490257-04:00,odds_api,401858224,Purdue Boilermakers,Wake Forest Demon Deacons,betrivers,3.0,,50.5,,117.0,-143.0,2026-09-12T16:00:00Z,-118.0,-114.0
2026-09-12T09:19:17.490257-04:00,odds_api,401858224,Purdue Boilermakers,Wake Forest Demon Deacons,betmgm,3.0,,50.5,,125.0,-150.0,2026-09-12T16:00:00Z,-110.0,-108.0
2026-09-12T09:19:17.490257-04:00,odds_api,401858224,Purdue Boilermakers,Wake Forest Demon Deacons,betus,3.0,,50.5,,125.0,-145.0,2026-09-12T16:00:00Z,-110.0,-110.0
2026-09-12T09:19:17.490257-04:00,odds_api,401858224,Purdue Boilermakers,Wake Forest Demon Deacons,bovada,3.0,,50.0,,130.0,-150.0,2026-09-12T16:00:00Z,-115.0,-110.0
2026-09-12T09:19:17.490257-04:00,odds_api,401856673,Georgia Bulldogs,Western Kentucky Hilltoppers,draftkings,-39.5,,55.5,,,,2026-09-12T16:45:00Z,-112.0,-112.0
2026-09-12T09:19:17.490257-04:00,odds_api,401856673,Georgia Bulldogs,Western Kentucky Hilltoppers,betonlineag,-40.5,,55.5,,,,2026-09-12T16:45:00Z,-110.0,-110.0
2026-09-12T09:19:17.490257-04:00,odds_api,401856673,Georgia Bulldogs,Western Kentucky Hilltoppers,lowvig,-40.5,,55.5,,,,2026-09-12T16:45:00Z,-106.0,-108.0
2026-09-12T09:19:17.490257-04:00,odds_api,401856673,Georgia Bulldogs,Western Kentucky Hilltoppers,betrivers,-40.5,,55.5,,,,2026-09-12T16:45:00Z,-115.0,-113.0
2026-09-12T09:19:17.490257-04:00,odds_api,401856673,Georgia Bulldogs,Western Kentucky Hilltoppers,betus,-40.5,,55.5,,,,2026-09-12T16:45:00Z,-110.0,-110.0
2026-09-12T09:19:17.490257-04:00,odds_api,401856673,Georgia Bulldogs,Western Kentucky Hilltoppers,bovada,-40.0,,55.0,,,,2026-09-12T16:45:00Z,-110.0,-115.0
2026-09-12T09:19:17.490257-04:00,odds_api,401856673,Georgia Bulldogs,Western Kentucky Hilltoppers,betmgm,-40.5,,55.5,,,,2026-09-12T16:45:00Z,-110.0,-110.0
2026-09-12T09:19:17.490257-04:00,odds_api,401856673,Georgia Bulldogs,Western Kentucky Hilltoppers,fanduel,-40.5,,55.5,,,,2026-09-12T16:45:00Z,-106.0,-112.0
2026-09-12T09:19:17.490257-04:00,odds_api,401866415,Central Michigan Chippewas,Colgate Raiders,fanduel,-21.5,,49.5,,-3000.0,1200.0,2026-09-12T17:00:00Z,-110.0,-110.0
2026-09-12T09:19:17.490257-04:00,odds_api,401866415,Central Michigan Chippewas,Colgate Raiders,betrivers,-21.5,,48.5,,-3335.0,1050.0,2026-09-12T17:00:00Z,-107.0,-115.0
2026-09-12T09:19:17.490257-04:00,odds_api,401866415,Central Michigan Chippewas,Colgate Raiders,draftkings,-21.0,,48.5,,-1350.0,800.0,2026-09-12T17:00:00Z,-105.0,-115.0
2026-09-12T09:19:17.490257-04:00,odds_api,401866415,Central Michigan Chippewas,Colgate Raiders,betonlineag,-21.0,,48.5,,,,2026-09-12T17:00:00Z,-105.0,-115.0
2026-09-12T09:19:17.490257-04:00,odds_api,401866415,Central Michigan Chippewas,Colgate Raiders,lowvig,-21.0,,48.5,,,,2026-09-12T17:00:00Z,-105.0,-115.0
2026-09-12T09:19:17.490257-04:00,odds_api,401866415,Central Michigan Chippewas,Colgate Raiders,bovada,-20.0,,49.0,,-1600.0,800.0,2026-09-12T17:00:00Z,-115.0,-105.0
2026-09-12T09:19:17.490257-04:00,odds_api,401866415,Central Michigan Chippewas,Colgate Raiders,betmgm,,,49.5,,-1600.0,1000.0,2026-09-12T17:00:00Z,,-105.0
2026-09-12T09:19:17.490257-04:00,odds_api,401866417,Miami (OH) RedHawks,Holy Cross Crusaders,fanduel,-31.5,,50.5,,-8000.0,2200.0,2026-09-12T17:00:00Z,-104.0,-110.0
2026-09-12T09:19:17.490257-04:00,odds_api,401866417,Miami (OH) RedHawks,Holy Cross Crusaders,betrivers,-31.0,,50.5,,,,2026-09-12T17:00:00Z,-112.0,-115.0
2026-09-12T09:19:17.490257-04:00,odds_api,401866417,Miami (OH) RedHawks,Holy Cross Crusaders,draftkings,-30.5,,50.5,,-5000.0,1800.0,2026-09-12T17:00:00Z,-112.0,-110.0
2026-09-12T09:19:17.490257-04:00,odds_api,401866417,Miami (OH) RedHawks,Holy Cross Crusaders,betonlineag,-31.5,,50.0,,,,2026-09-12T17:00:00Z,-110.0,-110.0
2026-09-12T09:19:17.490257-04:00,odds_api,401866417,Miami (OH) RedHawks,Holy Cross Crusaders,lowvig,-31.5,,50.0,,,,2026-09-12T17:00:00Z,-110.0,-110.0
2026-09-12T09:19:17.490257-04:00,odds_api,401866417,Miami (OH) RedHawks,Holy Cross Crusaders,bovada,-30.5,,50.0,,,,2026-09-12T17:00:00Z,-105.0,-110.0
2026-09-12T09:19:17.490257-04:00,odds_api,401866417,Miami (OH) RedHawks,Holy Cross Crusaders,betmgm,-31.0,,50.5,,-10000.0,3000.0,2026-09-12T17:00:00Z,-108.0,-108.0
2026-09-12T09:19:17.490257-04:00,odds_api,401856791,West Virginia Mountaineers,UT Martin Skyhawks,fanduel,-41.5,,56.5,,,,2026-09-12T17:00:00Z,-118.0,-108.0
2026-09-12T09:19:17.490257-04:00,odds_api,401856791,West Virginia Mountaineers,UT Martin Skyhawks,betrivers,-41.0,,55.5,,,,2026-09-12T17:00:00Z,-114.0,-112.0
2026-09-12T09:19:17.490257-04:00,odds_api,401856791,West Virginia Mountaineers,UT Martin Skyhawks,draftkings,-41.5,,55.5,,,,2026-09-12T17:00:00Z,-112.0,-115.0
2026-09-12T09:19:17.490257-04:00,odds_api,401856791,West Virginia Mountaineers,UT Martin Skyhawks,betonlineag,-41.5,,55.5,,,,2026-09-12T17:00:00Z,-110.0,-110.0
2026-09-12T09:19:17.490257-04:00,odds_api,401856791,West Virginia Mountaineers,UT Martin Skyhawks,bovada,-41.5,,56.0,,,,2026-09-12T17:00:00Z,-110.0,-105.0
2026-09-12T09:19:17.490257-04:00,odds_api,401856791,West Virginia Mountaineers,UT Martin Skyhawks,betmgm,-41.5,,55.5,,,,2026-09-12T17:00:00Z,-110.0,-112.0
2026-09-12T09:19:17.490257-04:00,odds_api,401866413,Ball State Cardinals,Stony Brook Seawolves,fanduel,-14.5,,54.5,,-650.0,470.0,2026-09-12T18:00:00Z,-105.0,-110.0
2026-09-12T09:19:17.490257-04:00,odds_api,401866413,Ball State Cardinals,Stony Brook Seawolves,betrivers,-14.0,,54.5,,-835.0,525.0,2026-09-12T18:00:00Z,-113.0,-112.0
2026-09-12T09:19:17.490257-04:00,odds_api,401866413,Ball State Cardinals,Stony Brook Seawolves,draftkings,-14.0,,54.5,,-600.0,440.0,2026-09-12T18:00:00Z,-108.0,-118.0
2026-09-12T09:19:17.490257-04:00,odds_api,401866413,Ball State Cardinals,Stony Brook Seawolves,betonlineag,-13.5,,55.0,,,,2026-09-12T18:00:00Z,-115.0,-110.0
2026-09-12T09:19:17.490257-04:00,odds_api,401866413,Ball State Cardinals,Stony Brook Seawolves,lowvig,-13.5,,55.0,,,,2026-09-12T18:00:00Z,-115.0,-110.0
2026-09-12T09:19:17.490257-04:00,odds_api,401866413,Ball State Cardinals,Stony Brook Seawolves,bovada,-14.0,,54.5,,-625.0,430.0,2026-09-12T18:00:00Z,-110.0,-110.0
2026-09-12T09:19:17.490257-04:00,odds_api,401866413,Ball State Cardinals,Stony Brook Seawolves,betmgm,-14.0,,54.5,,-600.0,450.0,2026-09-12T18:00:00Z,-108.0,-112.0
2026-09-12T09:19:17.490257-04:00,odds_api,401866412,Akron Zips,Robert Morris Colonials,fanduel,-27.5,,44.5,,-10000.0,2400.0,2026-09-12T19:30:00Z,-114.0,-110.0
2026-09-12T09:19:17.490257-04:00,odds_api,401866412,Akron Zips,Robert Morris Colonials,betrivers,-28.0,,43.5,,,,2026-09-12T19:30:00Z,-114.0,-117.0
2026-09-12T09:19:17.490257-04:00,odds_api,401866412,Akron Zips,Robert Morris Colonials,draftkings,-27.5,,44.5,,-3600.0,1500.0,2026-09-12T19:30:00Z,-105.0,-102.0
2026-09-12T09:19:17.490257-04:00,odds_api,401866412,Akron Zips,Robert Morris Colonials,betonlineag,-27.5,,44.0,,,,2026-09-12T19:30:00Z,-110.0,-110.0
2026-09-12T09:19:17.490257-04:00,odds_api,401866412,Akron Zips,Robert Morris Colonials,lowvig,-27.5,,44.0,,,,2026-09-12T19:30:00Z,-110.0,-110.0
2026-09-12T09:19:17.490257-04:00,odds_api,401866412,Akron Zips,Robert Morris Colonials,bovada,-27.5,,44.5,,-6500.0,1300.0,2026-09-12T19:30:00Z,-110.0,-110.0
2026-09-12T09:19:17.490257-04:00,odds_api,401866412,Akron Zips,Robert Morris Colonials,betmgm,-27.5,,44.5,,-5000.0,1900.0,2026-09-12T19:30:00Z,-108.0,-108.0
2026-09-12T09:19:17.490257-04:00,odds_api,401856674,Kentucky Wildcats,Alabama Crimson Tide,draftkings,10.0,,48.5,,320.0,-410.0,2026-09-12T19:30:00Z,-110.0,-105.0
2026-09-12T09:19:17.490257-04:00,odds_api,401856674,Kentucky Wildcats,Alabama Crimson Tide,fanduel,10.5,,48.5,,290.0,-375.0,2026-09-12T19:30:00Z,-122.0,-105.0
2026-09-12T09:19:17.490257-04:00,odds_api,401856674,Kentucky Wildcats,Alabama Crimson Tide,betrivers,10.0,,48.0,,310.0,-480.0,2026-09-12T19:30:00Z,-113.0,-113.0
2026-09-12T09:19:17.490257-04:00,odds_api,401856674,Kentucky Wildcats,Alabama Crimson Tide,betmgm,10.0,,48.5,,310.0,-375.0,2026-09-12T19:30:00Z,-110.0,-105.0
2026-09-12T09:19:17.490257-04:00,odds_api,401856674,Kentucky Wildcats,Alabama Crimson Tide,betonlineag,10.0,,48.5,,306.0,-385.0,2026-09-12T19:30:00Z,-113.0,-110.0
2026-09-12T09:19:17.490257-04:00,odds_api,401856674,Kentucky Wildcats,Alabama Crimson Tide,lowvig,10.0,,48.5,,306.0,-385.0,2026-09-12T19:30:00Z,-109.0,-108.0
2026-09-12T09:19:17.490257-04:00,odds_api,401856674,Kentucky Wildcats,Alabama Crimson Tide,betus,10.0,,48.5,,308.0,-385.0,2026-09-12T19:30:00Z,-110.0,-110.0
2026-09-12T09:19:17.490257-04:00,odds_api,401856674,Kentucky Wildcats,Alabama Crimson Tide,mybookieag,10.0,,48.0,,320.0,-429.0,2026-09-12T19:30:00Z,-110.0,-110.0
2026-09-12T09:19:17.490257-04:00,odds_api,401856674,Kentucky Wildcats,Alabama Crimson Tide,bovada,10.0,,48.0,,310.0,-415.0,2026-09-12T19:30:00Z,-110.0,-110.0
2026-09-12T09:19:17.490257-04:00,odds_api,401856810,BYU Cougars,Arizona Wildcats,draftkings,-7.0,,48.5,,-270.0,220.0,2026-09-12T19:30:00Z,-108.0,-115.0
2026-09-12T09:19:17.490257-04:00,odds_api,401856810,BYU Cougars,Arizona Wildcats,fanduel,-7.5,,48.5,,-310.0,245.0,2026-09-12T19:30:00Z,-110.0,-106.0
2026-09-12T09:19:17.490257-04:00,odds_api,401856810,BYU Cougars,Arizona Wildcats,betrivers,-7.5,,48.5,,-335.0,250.0,2026-09-12T19:30:00Z,-109.0,-109.0
2026-09-12T09:19:17.490257-04:00,odds_api,401856810,BYU Cougars,Arizona Wildcats,betmgm,-7.5,,48.5,,-285.0,230.0,2026-09-12T19:30:00Z,-108.0,-112.0
2026-09-12T09:19:17.490257-04:00,odds_api,401856810,BYU Cougars,Arizona Wildcats,lowvig,-6.5,,49.0,,-265.0,219.0,2026-09-12T19:30:00Z,-122.0,-108.0
2026-09-12T09:19:17.490257-04:00,odds_api,401856810,BYU Cougars,Arizona Wildcats,betonlineag,-6.5,,49.0,,-265.0,219.0,2026-09-12T19:30:00Z,-125.0,-110.0
2026-09-12T09:19:17.490257-04:00,odds_api,401856810,BYU Cougars,Arizona Wildcats,betus,-7.0,,49.0,,-265.0,223.0,2026-09-12T19:30:00Z,-110.0,-110.0
2026-09-12T09:19:17.490257-04:00,odds_api,401856810,BYU Cougars,Arizona Wildcats,mybookieag,-7.0,,48.5,,-289.0,221.0,2026-09-12T19:30:00Z,-110.0,-110.0
2026-09-12T09:19:17.490257-04:00,odds_api,401856810,BYU Cougars,Arizona Wildcats,bovada,-7.0,,49.5,,-285.0,235.0,2026-09-12T19:30:00Z,-115.0,-105.0
2026-09-12T09:19:17.490257-04:00,odds_api,401858216,Syracuse Orange,California Golden Bears,fanduel,-3.5,,56.5,,-178.0,146.0,2026-09-12T19:30:00Z,-108.0,-114.0
2026-09-12T09:19:17.490257-04:00,odds_api,401858216,Syracuse Orange,California Golden Bears,draftkings,-3.5,,56.5,,-192.0,160.0,2026-09-12T19:30:00Z,-115.0,-115.0
2026-09-12T09:19:17.490257-04:00,odds_api,401858216,Syracuse Orange,California Golden Bears,lowvig,-3.5,,56.5,,-180.0,157.0,2026-09-12T19:30:00Z,-106.0,-114.0
2026-09-12T09:19:17.490257-04:00,odds_api,401858216,Syracuse Orange,California Golden Bears,betonlineag,-3.5,,56.5,,-180.0,157.0,2026-09-12T19:30:00Z,-110.0,-115.0
2026-09-12T09:19:17.490257-04:00,odds_api,401858216,Syracuse Orange,California Golden Bears,betrivers,-3.5,,57.0,,-190.0,150.0,2026-09-12T19:30:00Z,-114.0,-112.0
2026-09-12T09:19:17.490257-04:00,odds_api,401858216,Syracuse Orange,California Golden Bears,betmgm,-3.5,,56.5,,-185.0,150.0,2026-09-12T19:30:00Z,-110.0,-112.0
2026-09-12T09:19:17.490257-04:00,odds_api,401858216,Syracuse Orange,California Golden Bears,betus,-3.5,,57.0,,-180.0,155.0,2026-09-12T19:30:00Z,-110.0,-110.0
2026-09-12T09:19:17.490257-04:00,odds_api,401858216,Syracuse Orange,California Golden Bears,mybookieag,-3.5,,57.0,,-186.0,150.0,2026-09-12T19:30:00Z,-110.0,-110.0
2026-09-12T09:19:17.490257-04:00,odds_api,401858216,Syracuse Orange,California Golden Bears,bovada,-3.5,,56.5,,-180.0,155.0,2026-09-12T19:30:00Z,-115.0,-115.0
2026-09-12T09:19:17.490257-04:00,odds_api,401866419,Toledo Rockets,Central Connecticut Blue Devils,fanduel,-35.5,,54.5,,,,2026-09-12T19:30:00Z,-112.0,-110.0
2026-09-12T09:19:17.490257-04:00,odds_api,401866419,Toledo Rockets,Central Connecticut Blue Devils,betrivers,-35.5,,54.5,,,,2026-09-12T19:30:00Z,-108.0,-122.0
2026-09-12T09:19:17.490257-04:00,odds_api,401866419,Toledo Rockets,Central Connecticut Blue Devils,draftkings,-35.5,,54.5,,-20000.0,3500.0,2026-09-12T19:30:00Z,-110.0,-108.0
2026-09-12T09:19:17.490257-04:00,odds_api,401866419,Toledo Rockets,Central Connecticut Blue Devils,bovada,-36.0,,54.5,,,,2026-09-12T19:30:00Z,-105.0,-110.0
2026-09-12T09:19:17.490257-04:00,odds_api,401866419,Toledo Rockets,Central Connecticut Blue Devils,betmgm,-35.5,,54.5,,,,2026-09-12T19:30:00Z,-110.0,-110.0
2026-09-12T09:19:17.490257-04:00,odds_api,401856785,Colorado Buffaloes,Weber State Wildcats,fanduel,-34.5,,55.5,,,,2026-09-12T19:30:00Z,-114.0,-112.0
2026-09-12T09:19:17.490257-04:00,odds_api,401856785,Colorado Buffaloes,Weber State Wildcats,betrivers,-34.5,,55.5,,,,2026-09-12T19:30:00Z,-110.0,-107.0
2026-09-12T09:19:17.490257-04:00,odds_api,401856785,Colorado Buffaloes,Weber State Wildcats,draftkings,-34.5,,55.5,,-8000.0,2200.0,2026-09-12T19:30:00Z,-115.0,-105.0
2026-09-12T09:19:17.490257-04:00,odds_api,401856785,Colorado Buffaloes,Weber State Wildcats,lowvig,-34.5,,54.5,,,,2026-09-12T19:30:00Z,-110.0,-115.0
2026-09-12T09:19:17.490257-04:00,odds_api,401856785,Colorado Buffaloes,Weber State Wildcats,bovada,-35.5,,55.5,,,,2026-09-12T19:30:00Z,-105.0,-110.0
2026-09-12T09:19:17.490257-04:00,odds_api,401856785,Colorado Buffaloes,Weber State Wildcats,betmgm,-34.5,,55.5,,-25000.0,4500.0,2026-09-12T19:30:00Z,-108.0,-105.0
2026-09-12T09:19:17.490257-04:00,odds_api,401858217,Illinois Fighting Illini,Duke Blue Devils,draftkings,-6.0,,51.5,,-238.0,195.0,2026-09-12T19:30:00Z,-108.0,-112.0
2026-09-12T09:19:17.490257-04:00,odds_api,401858217,Illinois Fighting Illini,Duke Blue Devils,fanduel,-5.5,,51.5,,-235.0,190.0,2026-09-12T19:30:00Z,-115.0,-110.0
2026-09-12T09:19:17.490257-04:00,odds_api,401858217,Illinois Fighting Illini,Duke Blue Devils,betrivers,-5.5,,51.5,,-215.0,165.0,2026-09-12T19:30:00Z,-113.0,-112.0
2026-09-12T09:19:17.490257-04:00,odds_api,401858217,Illinois Fighting Illini,Duke Blue Devils,betonlineag,-6.0,,51.0,,-245.0,203.0,2026-09-12T19:30:00Z,-110.0,-120.0
2026-09-12T09:19:17.490257-04:00,odds_api,401858217,Illinois Fighting Illini,Duke Blue Devils,lowvig,-6.0,,51.0,,-245.0,203.0,2026-09-12T19:30:00Z,-106.0,-119.0
2026-09-12T09:19:17.490257-04:00,odds_api,401858217,Illinois Fighting Illini,Duke Blue Devils,betmgm,-5.5,,51.5,,-235.0,195.0,2026-09-12T19:30:00Z,-110.0,-110.0
2026-09-12T09:19:17.490257-04:00,odds_api,401858217,Illinois Fighting Illini,Duke Blue Devils,betus,-6.0,,51.5,,-225.0,190.0,2026-09-12T19:30:00Z,-110.0,-110.0
2026-09-12T09:19:17.490257-04:00,odds_api,401858217,Illinois Fighting Illini,Duke Blue Devils,mybookieag,-6.0,,51.5,,-244.0,194.0,2026-09-12T19:30:00Z,-110.0,-110.0
2026-09-12T09:19:17.490257-04:00,odds_api,401858217,Illinois Fighting Illini,Duke Blue Devils,bovada,-6.0,,51.5,,-230.0,190.0,2026-09-12T19:30:00Z,-105.0,-110.0
2026-09-12T09:19:17.490257-04:00,odds_api,401858440,Michigan State Spartans,Eastern Michigan Eagles,fanduel,-17.5,,49.5,,-1000.0,640.0,2026-09-12T19:30:00Z,-106.0,-110.0
2026-09-12T09:19:17.490257-04:00,odds_api,401858440,Michigan State Spartans,Eastern Michigan Eagles,draftkings,-17.5,,49.5,,-950.0,625.0,2026-09-12T19:30:00Z,-110.0,-110.0
2026-09-12T09:19:17.490257-04:00,odds_api,401858440,Michigan State Spartans,Eastern Michigan Eagles,lowvig,-17.5,,50.0,,-925.0,624.0,2026-09-12T19:30:00Z,100.0,-103.0
2026-09-12T09:19:17.490257-04:00,odds_api,401858440,Michigan State Spartans,Eastern Michigan Eagles,betonlineag,-17.5,,50.0,,-925.0,624.0,2026-09-12T19:30:00Z,-104.0,-105.0
2026-09-12T09:19:17.490257-04:00,odds_api,401858440,Michigan State Spartans,Eastern Michigan Eagles,betmgm,-17.0,,49.5,,-900.0,650.0,2026-09-12T19:30:00Z,-110.0,-110.0
2026-09-12T09:19:17.490257-04:00,odds_api,401858440,Michigan State Spartans,Eastern Michigan Eagles,betrivers,-17.5,,49.5,,-1250.0,650.0,2026-09-12T19:30:00Z,-109.0,-114.0
2026-09-12T09:19:17.490257-04:00,odds_api,401858440,Michigan State Spartans,Eastern Michigan Eagles,betus,-17.5,,50.0,,-925.0,615.0,2026-09-12T19:30:00Z,-105.0,-110.0
2026-09-12T09:19:17.490257-04:00,odds_api,401858440,Michigan State Spartans,Eastern Michigan Eagles,mybookieag,-17.5,,50.0,,-1099.0,630.0,2026-09-12T19:30:00Z,-110.0,-110.0
2026-09-12T09:19:17.490257-04:00,odds_api,401858440,Michigan State Spartans,Eastern Michigan Eagles,bovada,-17.5,,50.0,,-1000.0,625.0,2026-09-12T19:30:00Z,-110.0,-110.0
2026-09-12T09:19:17.490257-04:00,odds_api,401858444,UConn Huskies,Maryland Terrapins,fanduel,11.5,,52.5,,350.0,-465.0,2026-09-12T19:30:00Z,-110.0,-105.0
2026-09-12T09:19:17.490257-04:00,odds_api,401858444,UConn Huskies,Maryland Terrapins,draftkings,11.5,,51.5,,360.0,-470.0,2026-09-12T19:30:00Z,-112.0,-115.0
2026-09-12T09:19:17.490257-04:00,odds_api,401858444,UConn Huskies,Maryland Terrapins,lowvig,11.0,,52.0,,350.0,-450.0,2026-09-12T19:30:00Z,-101.0,-103.0
2026-09-12T09:19:17.490257-04:00,odds_api,401858444,UConn Huskies,Maryland Terrapins,betonlineag,11.0,,52.0,,350.0,-450.0,2026-09-12T19:30:00Z,-105.0,-105.0
2026-09-12T09:19:17.490257-04:00,odds_api,401858444,UConn Huskies,Maryland Terrapins,betmgm,11.5,,51.5,,350.0,-450.0,2026-09-12T19:30:00Z,-110.0,-110.0
2026-09-12T09:19:17.490257-04:00,odds_api,401858444,UConn Huskies,Maryland Terrapins,betrivers,12.0,,52.5,,390.0,-560.0,2026-09-12T19:30:00Z,-113.0,-118.0
2026-09-12T09:19:17.490257-04:00,odds_api,401858444,UConn Huskies,Maryland Terrapins,betus,11.5,,52.0,,355.0,-450.0,2026-09-12T19:30:00Z,-110.0,-110.0
2026-09-12T09:19:17.490257-04:00,odds_api,401858444,UConn Huskies,Maryland Terrapins,mybookieag,11.5,,52.0,,360.0,-490.0,2026-09-12T19:30:00Z,-110.0,-110.0
2026-09-12T09:19:17.490257-04:00,odds_api,401858444,UConn Huskies,Maryland Terrapins,bovada,11.5,,52.0,,340.0,-460.0,2026-09-12T19:30:00Z,-110.0,-110.0
2026-09-12T09:19:17.490257-04:00,odds_api,401856677,Minnesota Golden Gophers,Mississippi State Bulldogs,draftkings,1.5,,54.5,,-105.0,-115.0,2026-09-12T19:30:00Z,-115.0,-112.0
2026-09-12T09:19:17.490257-04:00,odds_api,401856677,Minnesota Golden Gophers,Mississippi State Bulldogs,fanduel,1.5,,54.5,,-111.0,-108.0,2026-09-12T19:30:00Z,-122.0,-115.0
2026-09-12T09:19:17.490257-04:00,odds_api,401856677,Minnesota Golden Gophers,Mississippi State Bulldogs,betrivers,-0.5,,55.5,,-114.0,-109.0,2026-09-12T19:30:00Z,-114.0,-108.0
2026-09-12T09:19:17.490257-04:00,odds_api,401856677,Minnesota Golden Gophers,Mississippi State Bulldogs,betonlineag,0.0,,54.5,,,,2026-09-12T19:30:00Z,-110.0,-110.0
2026-09-12T09:19:17.490257-04:00,odds_api,401856677,Minnesota Golden Gophers,Mississippi State Bulldogs,lowvig,0.0,,54.5,,,,2026-09-12T19:30:00Z,-106.0,-108.0
2026-09-12T09:19:17.490257-04:00,odds_api,401856677,Minnesota Golden Gophers,Mississippi State Bulldogs,betmgm,1.0,,54.5,,-110.0,-108.0,2026-09-12T19:30:00Z,-120.0,-112.0
2026-09-12T09:19:17.490257-04:00,odds_api,401856677,Minnesota Golden Gophers,Mississippi State Bulldogs,betus,1.0,,54.5,,100.0,-120.0,2026-09-12T19:30:00Z,-110.0,-110.0
2026-09-12T09:19:17.490257-04:00,odds_api,401856677,Minnesota Golden Gophers,Mississippi State Bulldogs,mybookieag,1.5,,54.5,,-106.0,-115.0,2026-09-12T19:30:00Z,-110.0,-110.0
2026-09-12T09:19:17.490257-04:00,odds_api,401856677,Minnesota Golden Gophers,Mississippi State Bulldogs,bovada,1.0,,55.0,,-110.0,-110.0,2026-09-12T19:30:00Z,-115.0,-110.0
2026-09-12T09:19:17.490257-04:00,odds_api,401859184,Notre Dame Fighting Irish,Rice Owls,draftkings,-44.5,,55.5,,,,2026-09-12T19:30:00Z,-120.0,-102.0
2026-09-12T09:19:17.490257-04:00,odds_api,401859184,Notre Dame Fighting Irish,Rice Owls,lowvig,-45.0,,55.0,,,,2026-09-12T19:30:00Z,-106.0,-108.0
2026-09-12T09:19:17.490257-04:00,odds_api,401859184,Notre Dame Fighting Irish,Rice Owls,betonlineag,-45.0,,55.0,,,,2026-09-12T19:30:00Z,-110.0,-110.0
2026-09-12T09:19:17.490257-04:00,odds_api,401859184,Notre Dame Fighting Irish,Rice Owls,fanduel,-44.5,,55.5,,,,2026-09-12T19:30:00Z,-115.0,-110.0
2026-09-12T09:19:17.490257-04:00,odds_api,401859184,Notre Dame Fighting Irish,Rice Owls,betrivers,-45.0,,55.0,,,,2026-09-12T19:30:00Z,-108.0,-113.0
2026-09-12T09:19:17.490257-04:00,odds_api,401859184,Notre Dame Fighting Irish,Rice Owls,betmgm,-44.5,,55.5,,,,2026-09-12T19:30:00Z,-108.0,-110.0
2026-09-12T09:19:17.490257-04:00,odds_api,401859184,Notre Dame Fighting Irish,Rice Owls,betus,-45.0,,55.0,,,,2026-09-12T19:30:00Z,-110.0,-110.0
2026-09-12T09:19:17.490257-04:00,odds_api,401859184,Notre Dame Fighting Irish,Rice Owls,bovada,-44.5,,55.0,,,,2026-09-12T19:30:00Z,-120.0,-110.0
2026-09-12T09:19:17.490257-04:00,odds_api,401856790,Pittsburgh Panthers,UCF Knights,fanduel,-7.5,,56.5,,-275.0,220.0,2026-09-12T19:30:00Z,100.0,-112.0
2026-09-12T09:19:17.490257-04:00,odds_api,401856790,Pittsburgh Panthers,UCF Knights,draftkings,-7.0,,55.5,,-285.0,230.0,2026-09-12T19:30:00Z,-112.0,-110.0
2026-09-12T09:19:17.490257-04:00,odds_api,401856790,Pittsburgh Panthers,UCF Knights,betrivers,-7.0,,56.5,,-315.0,235.0,2026-09-12T19:30:00Z,-113.0,-110.0
2026-09-12T09:19:17.490257-04:00,odds_api,401856790,Pittsburgh Panthers,UCF Knights,lowvig,-7.0,,55.5,,-280.0,230.0,2026-09-12T19:30:00Z,-111.0,-108.0
2026-09-12T09:19:17.490257-04:00,odds_api,401856790,Pittsburgh Panthers,UCF Knights,betonlineag,-7.0,,55.5,,-280.0,230.0,2026-09-12T19:30:00Z,-115.0,-110.0
2026-09-12T09:19:17.490257-04:00,odds_api,401856790,Pittsburgh Panthers,UCF Knights,betmgm,-7.0,,56.5,,-275.0,225.0,2026-09-12T19:30:00Z,-112.0,-110.0
2026-09-12T09:19:17.490257-04:00,odds_api,401856790,Pittsburgh Panthers,UCF Knights,betus,-7.0,,55.0,,-280.0,235.0,2026-09-12T19:30:00Z,-115.0,-110.0
2026-09-12T09:19:17.490257-04:00,odds_api,401856790,Pittsburgh Panthers,UCF Knights,mybookieag,-7.0,,55.5,,-285.0,222.0,2026-09-12T19:30:00Z,-110.0,-110.0
2026-09-12T09:19:17.490257-04:00,odds_api,401856790,Pittsburgh Panthers,UCF Knights,bovada,-7.0,,56.0,,-285.0,235.0,2026-09-12T19:30:00Z,-115.0,-115.0
2026-09-12T09:19:17.490257-04:00,odds_api,401860884,Texas State Bobcats,UTSA Roadrunners,draftkings,-1.5,,66.5,,-122.0,102.0,2026-09-12T19:30:00Z,-112.0,-112.0
2026-09-12T09:19:17.490257-04:00,odds_api,401860884,Texas State Bobcats,UTSA Roadrunners,fanduel,-2.5,,66.5,,-126.0,105.0,2026-09-12T19:30:00Z,-105.0,-105.0
2026-09-12T09:19:17.490257-04:00,odds_api,401860884,Texas State Bobcats,UTSA Roadrunners,lowvig,-2.0,,66.0,,-130.0,110.0,2026-09-12T19:30:00Z,-106.0,-108.0
2026-09-12T09:19:17.490257-04:00,odds_api,401860884,Texas State Bobcats,UTSA Roadrunners,betonlineag,-2.0,,66.0,,-130.0,110.0,2026-09-12T19:30:00Z,-110.0,-110.0
2026-09-12T09:19:17.490257-04:00,odds_api,401860884,Texas State Bobcats,UTSA Roadrunners,betmgm,-2.0,,66.5,,-125.0,105.0,2026-09-12T19:30:00Z,-110.0,-105.0
2026-09-12T09:19:17.490257-04:00,odds_api,401860884,Texas State Bobcats,UTSA Roadrunners,betrivers,-2.0,,65.5,,-129.0,104.0,2026-09-12T19:30:00Z,-113.0,-118.0
2026-09-12T09:19:17.490257-04:00,odds_api,401860884,Texas State Bobcats,UTSA Roadrunners,betus,-2.0,,66.0,,-125.0,105.0,2026-09-12T19:30:00Z,-110.0,-110.0
2026-09-12T09:19:17.490257-04:00,odds_api,401860884,Texas State Bobcats,UTSA Roadrunners,mybookieag,-1.5,,66.5,,-122.0,100.0,2026-09-12T19:30:00Z,-110.0,-110.0
2026-09-12T09:19:17.490257-04:00,odds_api,401860884,Texas State Bobcats,UTSA Roadrunners,bovada,-2.5,,66.0,,-130.0,110.0,2026-09-12T19:30:00Z,-110.0,-110.0
2026-09-12T09:19:17.490257-04:00,odds_api,401862708,UAB Blazers,UL Monroe Warhawks,fanduel,-9.5,,54.5,,-365.0,285.0,2026-09-12T19:30:00Z,-110.0,-105.0
2026-09-12T09:19:17.490257-04:00,odds_api,401862708,UAB Blazers,UL Monroe Warhawks,draftkings,-9.5,,54.5,,-360.0,285.0,2026-09-12T19:30:00Z,-112.0,-110.0
2026-09-12T09:19:17.490257-04:00,odds_api,401862708,UAB Blazers,UL Monroe Warhawks,lowvig,-9.0,,53.5,,-350.0,280.0,2026-09-12T19:30:00Z,-106.0,-114.0
2026-09-12T09:19:17.490257-04:00,odds_api,401862708,UAB Blazers,UL Monroe Warhawks,betonlineag,-9.0,,53.5,,-350.0,280.0,2026-09-12T19:30:00Z,-110.0,-115.0
2026-09-12T09:19:17.490257-04:00,odds_api,401862708,UAB Blazers,UL Monroe Warhawks,betmgm,-9.5,,54.5,,-350.0,280.0,2026-09-12T19:30:00Z,-110.0,-105.0
2026-09-12T09:19:17.490257-04:00,odds_api,401862708,UAB Blazers,UL Monroe Warhawks,betrivers,-9.5,,54.5,,-335.0,245.0,2026-09-12T19:30:00Z,-110.0,-108.0
2026-09-12T09:19:17.490257-04:00,odds_api,401862708,UAB Blazers,UL Monroe Warhawks,betus,-9.0,,54.0,,-350.0,280.0,2026-09-12T19:30:00Z,-110.0,-110.0
2026-09-12T09:19:17.490257-04:00,odds_api,401862708,UAB Blazers,UL Monroe Warhawks,mybookieag,-9.5,,54.5,,-380.0,290.0,2026-09-12T19:30:00Z,-110.0,-110.0
2026-09-12T09:19:17.490257-04:00,odds_api,401862708,UAB Blazers,UL Monroe Warhawks,bovada,-9.5,,54.0,,-390.0,295.0,2026-09-12T19:30:00Z,-110.0,-115.0
2026-09-12T09:19:17.490257-04:00,odds_api,401858446,Washington Huskies,Utah State Aggies,fanduel,-27.5,,55.5,,-7000.0,2000.0,2026-09-12T19:30:00Z,-115.0,-110.0
2026-09-12T09:19:17.490257-04:00,odds_api,401858446,Washington Huskies,Utah State Aggies,draftkings,-27.5,,55.5,,-4000.0,1600.0,2026-09-12T19:30:00Z,-108.0,-112.0
2026-09-12T09:19:17.490257-04:00,odds_api,401858446,Washington Huskies,Utah State Aggies,betonlineag,-27.5,,55.5,,-5000.0,1550.0,2026-09-12T19:30:00Z,-110.0,-110.0
2026-09-12T09:19:17.490257-04:00,odds_api,401858446,Washington Huskies,Utah State Aggies,lowvig,-27.5,,55.5,,-5000.0,1550.0,2026-09-12T19:30:00Z,-106.0,-108.0
2026-09-12T09:19:17.490257-04:00,odds_api,401858446,Washington Huskies,Utah State Aggies,betmgm,-27.5,,55.5,,-3000.0,1750.0,2026-09-12T19:30:00Z,-110.0,-110.0
2026-09-12T09:19:17.490257-04:00,odds_api,401858446,Washington Huskies,Utah State Aggies,betrivers,-27.0,,55.5,,-10000.0,1900.0,2026-09-12T19:30:00Z,-112.0,-112.0
2026-09-12T09:19:17.490257-04:00,odds_api,401858446,Washington Huskies,Utah State Aggies,betus,-27.5,,55.5,,,,2026-09-12T19:30:00Z,-110.0,-110.0
2026-09-12T09:19:17.490257-04:00,odds_api,401858446,Washington Huskies,Utah State Aggies,mybookieag,-27.5,,55.5,,-4000.0,1200.0,2026-09-12T19:30:00Z,-110.0,-110.0
2026-09-12T09:19:17.490257-04:00,odds_api,401858446,Washington Huskies,Utah State Aggies,bovada,-28.0,,55.5,,-5000.0,1300.0,2026-09-12T19:30:00Z,-105.0,-110.0
2026-09-12T09:19:17.490257-04:00,odds_api,401862705,North Texas Mean Green,UNLV Rebels,fanduel,3.5,,58.5,,134.0,-162.0,2026-09-12T19:45:00Z,-122.0,-105.0
2026-09-12T09:19:17.490257-04:00,odds_api,401862705,North Texas Mean Green,UNLV Rebels,draftkings,3.0,,57.5,,136.0,-162.0,2026-09-12T19:45:00Z,-105.0,-120.0
2026-09-12T09:19:17.490257-04:00,odds_api,401862705,North Texas Mean Green,UNLV Rebels,betonlineag,3.0,,57.5,,135.0,-155.0,2026-09-12T19:45:00Z,-110.0,-120.0
2026-09-12T09:19:17.490257-04:00,odds_api,401862705,North Texas Mean Green,UNLV Rebels,lowvig,3.0,,57.5,,135.0,-155.0,2026-09-12T19:45:00Z,-106.0,-119.0
2026-09-12T09:19:17.490257-04:00,odds_api,401862705,North Texas Mean Green,UNLV Rebels,betmgm,3.0,,58.5,,135.0,-165.0,2026-09-12T19:45:00Z,-105.0,-102.0
2026-09-12T09:19:17.490257-04:00,odds_api,401862705,North Texas Mean Green,UNLV Rebels,betrivers,3.0,,57.5,,133.0,-165.0,2026-09-12T19:45:00Z,-107.0,-120.0
2026-09-12T09:19:17.490257-04:00,odds_api,401862705,North Texas Mean Green,UNLV Rebels,betus,3.0,,57.5,,134.0,-155.0,2026-09-12T19:45:00Z,-110.0,-110.0
2026-09-12T09:19:17.490257-04:00,odds_api,401862705,North Texas Mean Green,UNLV Rebels,mybookieag,3.0,,58.0,,132.0,-163.0,2026-09-12T19:45:00Z,-110.0,-110.0
2026-09-12T09:19:17.490257-04:00,odds_api,401862705,North Texas Mean Green,UNLV Rebels,bovada,3.0,,58.0,,135.0,-160.0,2026-09-12T19:45:00Z,-105.0,-115.0
2026-09-12T09:19:17.490257-04:00,odds_api,401868326,Troy Trojans,Alabama State Hornets,fanduel,-23.5,,51.5,,-2100.0,1000.0,2026-09-12T20:00:00Z,-105.0,-110.0
2026-09-12T09:19:17.490257-04:00,odds_api,401868326,Troy Trojans,Alabama State Hornets,betrivers,-23.0,,52.5,,-3335.0,1050.0,2026-09-12T20:00:00Z,-110.0,-108.0
2026-09-12T09:19:17.490257-04:00,odds_api,401868326,Troy Trojans,Alabama State Hornets,draftkings,-22.5,,51.5,,-1800.0,1000.0,2026-09-12T20:00:00Z,-112.0,-115.0
2026-09-12T09:19:17.490257-04:00,odds_api,401868326,Troy Trojans,Alabama State Hornets,betonlineag,-22.5,,51.5,,,,2026-09-12T20:00:00Z,-110.0,-110.0
2026-09-12T09:19:17.490257-04:00,odds_api,401868326,Troy Trojans,Alabama State Hornets,lowvig,-22.5,,51.5,,,,2026-09-12T20:00:00Z,-110.0,-110.0
2026-09-12T09:19:17.490257-04:00,odds_api,401868326,Troy Trojans,Alabama State Hornets,bovada,-23.0,,51.5,,-2200.0,1000.0,2026-09-12T20:00:00Z,-110.0,-110.0
2026-09-12T09:19:17.490257-04:00,odds_api,401868326,Troy Trojans,Alabama State Hornets,betmgm,-23.0,,51.5,,-1600.0,1050.0,2026-09-12T20:00:00Z,-108.0,-110.0
2026-09-12T09:19:17.490257-04:00,odds_api,401865252,New Mexico Lobos,Mercyhurst Lakers,fanduel,-42.5,,54.5,,,,2026-09-12T20:00:00Z,-104.0,-110.0
2026-09-12T09:19:17.490257-04:00,odds_api,401865252,New Mexico Lobos,Mercyhurst Lakers,betrivers,-41.5,,53.5,,,,2026-09-12T20:00:00Z,-113.0,-115.0
2026-09-12T09:19:17.490257-04:00,odds_api,401865252,New Mexico Lobos,Mercyhurst Lakers,draftkings,-41.5,,53.5,,,,2026-09-12T20:00:00Z,-112.0,-108.0
2026-09-12T09:19:17.490257-04:00,odds_api,401865252,New Mexico Lobos,Mercyhurst Lakers,betonlineag,-41.5,,52.5,,,,2026-09-12T20:00:00Z,-110.0,-115.0
2026-09-12T09:19:17.490257-04:00,odds_api,401865252,New Mexico Lobos,Mercyhurst Lakers,lowvig,-41.5,,52.5,,,,2026-09-12T20:00:00Z,-110.0,-115.0
2026-09-12T09:19:17.490257-04:00,odds_api,401865252,New Mexico Lobos,Mercyhurst Lakers,bovada,-41.5,,53.5,,,,2026-09-12T20:00:00Z,-120.0,-110.0
2026-09-12T09:19:17.490257-04:00,odds_api,401865252,New Mexico Lobos,Mercyhurst Lakers,betmgm,-41.5,,53.5,,,,2026-09-12T20:00:00Z,-110.0,-110.0
2026-09-12T09:19:17.490257-04:00,odds_api,401864506,Wyoming Cowboys,Northern Colorado Bears,fanduel,-23.5,,46.5,,-3500.0,1280.0,2026-09-12T20:00:00Z,-110.0,-112.0
2026-09-12T09:19:17.490257-04:00,odds_api,401864506,Wyoming Cowboys,Northern Colorado Bears,betrivers,-22.5,,47.5,,-10000.0,1200.0,2026-09-12T20:00:00Z,-110.0,-109.0
2026-09-12T09:19:17.490257-04:00,odds_api,401864506,Wyoming Cowboys,Northern Colorado Bears,draftkings,-22.5,,47.5,,-1650.0,950.0,2026-09-12T20:00:00Z,-110.0,-105.0
2026-09-12T09:19:17.490257-04:00,odds_api,401864506,Wyoming Cowboys,Northern Colorado Bears,betonlineag,-23.5,,47.5,,,,2026-09-12T20:00:00Z,100.0,-110.0
2026-09-12T09:19:17.490257-04:00,odds_api,401864506,Wyoming Cowboys,Northern Colorado Bears,lowvig,-23.5,,47.5,,,,2026-09-12T20:00:00Z,100.0,-110.0
2026-09-12T09:19:17.490257-04:00,odds_api,401864506,Wyoming Cowboys,Northern Colorado Bears,bovada,-21.5,,47.0,,-2000.0,950.0,2026-09-12T20:00:00Z,-110.0,-115.0
2026-09-12T09:19:17.490257-04:00,odds_api,401864506,Wyoming Cowboys,Northern Colorado Bears,betmgm,-22.5,,47.5,,-2000.0,1200.0,2026-09-12T20:00:00Z,-110.0,-105.0
2026-09-12T09:19:17.490257-04:00,odds_api,401858223,SMU Mustangs,UC Davis Aggies,draftkings,-30.5,,58.5,,-4000.0,1600.0,2026-09-12T20:00:00Z,-108.0,-112.0
2026-09-12T09:19:17.490257-04:00,odds_api,401858223,SMU Mustangs,UC Davis Aggies,fanduel,-30.5,,59.5,,-10000.0,2500.0,2026-09-12T20:00:00Z,-115.0,-105.0
2026-09-12T09:19:17.490257-04:00,odds_api,401858223,SMU Mustangs,UC Davis Aggies,betrivers,-28.5,,58.5,,,,2026-09-12T20:00:00Z,-114.0,-113.0
2026-09-12T09:19:17.490257-04:00,odds_api,401858223,SMU Mustangs,UC Davis Aggies,betonlineag,-30.5,,58.5,,,,2026-09-12T20:00:00Z,-118.0,-110.0
2026-09-12T09:19:17.490257-04:00,odds_api,401858223,SMU Mustangs,UC Davis Aggies,lowvig,-30.5,,58.5,,,,2026-09-12T20:00:00Z,-118.0,-110.0
2026-09-12T09:19:17.490257-04:00,odds_api,401858223,SMU Mustangs,UC Davis Aggies,bovada,-29.5,,58.5,,,,2026-09-12T20:00:00Z,-115.0,-110.0
2026-09-12T09:19:17.490257-04:00,odds_api,401858223,SMU Mustangs,UC Davis Aggies,betmgm,-30.5,,58.5,,-5000.0,2500.0,2026-09-12T20:00:00Z,-110.0,-115.0
2026-09-12T09:19:17.490257-04:00,odds_api,401856684,Vanderbilt Commodores,Delaware Blue Hens,fanduel,-20.5,,54.5,,-1700.0,890.0,2026-09-12T20:15:00Z,-112.0,-114.0
2026-09-12T09:19:17.490257-04:00,odds_api,401856684,Vanderbilt Commodores,Delaware Blue Hens,draftkings,-21.0,,54.5,,-1350.0,800.0,2026-09-12T20:15:00Z,-108.0,-115.0
2026-09-12T09:19:17.490257-04:00,odds_api,401856684,Vanderbilt Commodores,Delaware Blue Hens,betonlineag,-20.5,,55.0,,-1400.0,836.0,2026-09-12T20:15:00Z,-115.0,-105.0
2026-09-12T09:19:17.490257-04:00,odds_api,401856684,Vanderbilt Commodores,Delaware Blue Hens,lowvig,-21.0,,55.0,,-1400.0,836.0,2026-09-12T20:15:00Z,-103.0,-103.0
2026-09-12T09:19:17.490257-04:00,odds_api,401856684,Vanderbilt Commodores,Delaware Blue Hens,betmgm,-20.5,,54.5,,-1400.0,950.0,2026-09-12T20:15:00Z,-115.0,-115.0
2026-09-12T09:19:17.490257-04:00,odds_api,401856684,Vanderbilt Commodores,Delaware Blue Hens,betrivers,-21.0,,54.5,,-2500.0,950.0,2026-09-12T20:15:00Z,-114.0,-112.0
2026-09-12T09:19:17.490257-04:00,odds_api,401856684,Vanderbilt Commodores,Delaware Blue Hens,betus,-21.0,,55.0,,-1400.0,825.0,2026-09-12T20:15:00Z,-110.0,-110.0
2026-09-12T09:19:17.490257-04:00,odds_api,401856684,Vanderbilt Commodores,Delaware Blue Hens,mybookieag,-21.0,,55.0,,-1408.0,770.0,2026-09-12T20:15:00Z,-110.0,-110.0
2026-09-12T09:19:17.490257-04:00,odds_api,401856684,Vanderbilt Commodores,Delaware Blue Hens,bovada,-21.0,,54.5,,-1600.0,800.0,2026-09-12T20:15:00Z,-110.0,-115.0
2026-09-12T09:19:17.490257-04:00,odds_api,401856672,Florida Gators,Campbell Fighting Camels,fanduel,-50.5,,65.5,,,,2026-09-12T21:30:00Z,-115.0,-110.0
2026-09-12T09:19:17.490257-04:00,odds_api,401856672,Florida Gators,Campbell Fighting Camels,betrivers,-50.5,,66.5,,,,2026-09-12T21:30:00Z,-113.0,-108.0
2026-09-12T09:19:17.490257-04:00,odds_api,401856672,Florida Gators,Campbell Fighting Camels,draftkings,-50.5,,65.5,,,,2026-09-12T21:30:00Z,-112.0,-118.0
2026-09-12T09:19:17.490257-04:00,odds_api,401856672,Florida Gators,Campbell Fighting Camels,betonlineag,-51.0,,66.5,,,,2026-09-12T21:30:00Z,-110.0,-110.0
2026-09-12T09:19:17.490257-04:00,odds_api,401856672,Florida Gators,Campbell Fighting Camels,lowvig,-51.0,,66.5,,,,2026-09-12T21:30:00Z,-110.0,-110.0
2026-09-12T09:19:17.490257-04:00,odds_api,401856672,Florida Gators,Campbell Fighting Camels,bovada,-50.5,,65.5,,,,2026-09-12T21:30:00Z,-110.0,-115.0
2026-09-12T09:19:17.490257-04:00,odds_api,401860881,Boise State Broncos,Memphis Tigers,draftkings,-8.5,,55.5,,-325.0,260.0,2026-09-12T22:00:00Z,-105.0,-115.0
2026-09-12T09:19:17.490257-04:00,odds_api,401860881,Boise State Broncos,Memphis Tigers,fanduel,-9.5,,55.5,,-350.0,275.0,2026-09-12T22:00:00Z,-110.0,-115.0
2026-09-12T09:19:17.490257-04:00,odds_api,401860881,Boise State Broncos,Memphis Tigers,betrivers,-8.0,,56.0,,-345.0,265.0,2026-09-12T22:00:00Z,-114.0,-114.0
2026-09-12T09:19:17.490257-04:00,odds_api,401860881,Boise State Broncos,Memphis Tigers,betonlineag,-8.5,,56.0,,-350.0,280.0,2026-09-12T22:00:00Z,-110.0,-110.0
2026-09-12T09:19:17.490257-04:00,odds_api,401860881,Boise State Broncos,Memphis Tigers,lowvig,-8.5,,56.0,,-350.0,280.0,2026-09-12T22:00:00Z,-106.0,-108.0
2026-09-12T09:19:17.490257-04:00,odds_api,401860881,Boise State Broncos,Memphis Tigers,betmgm,-8.0,,56.5,,-350.0,275.0,2026-09-12T22:00:00Z,-118.0,-110.0
2026-09-12T09:19:17.490257-04:00,odds_api,401860881,Boise State Broncos,Memphis Tigers,betus,-8.5,,56.0,,-350.0,280.0,2026-09-12T22:00:00Z,-110.0,-110.0
2026-09-12T09:19:17.490257-04:00,odds_api,401860881,Boise State Broncos,Memphis Tigers,mybookieag,-9.0,,56.0,,-340.0,260.0,2026-09-12T22:00:00Z,-110.0,-110.0
2026-09-12T09:19:17.490257-04:00,odds_api,401860881,Boise State Broncos,Memphis Tigers,bovada,-8.5,,56.0,,-350.0,275.0,2026-09-12T22:00:00Z,-110.0,-115.0
2026-09-12T09:19:17.490257-04:00,odds_api,401866414,Florida International Panthers,Buffalo Bulls,fanduel,-10.5,,47.5,,-450.0,340.0,2026-09-12T22:00:00Z,-106.0,-108.0
2026-09-12T09:19:17.490257-04:00,odds_api,401866414,Florida International Panthers,Buffalo Bulls,lowvig,-10.0,,47.0,,-400.0,316.0,2026-09-12T22:00:00Z,-111.0,-108.0
2026-09-12T09:19:17.490257-04:00,odds_api,401866414,Florida International Panthers,Buffalo Bulls,betonlineag,-10.0,,47.0,,-400.0,316.0,2026-09-12T22:00:00Z,-115.0,-110.0
2026-09-12T09:19:17.490257-04:00,odds_api,401866414,Florida International Panthers,Buffalo Bulls,draftkings,-10.0,,47.5,,-410.0,320.0,2026-09-12T22:00:00Z,-112.0,-105.0
2026-09-12T09:19:17.490257-04:00,odds_api,401866414,Florida International Panthers,Buffalo Bulls,betmgm,-10.0,,47.5,,-425.0,320.0,2026-09-12T22:00:00Z,-120.0,-105.0
2026-09-12T09:19:17.490257-04:00,odds_api,401866414,Florida International Panthers,Buffalo Bulls,betrivers,-10.0,,47.5,,-480.0,320.0,2026-09-12T22:00:00Z,-110.0,-110.0
2026-09-12T09:19:17.490257-04:00,odds_api,401866414,Florida International Panthers,Buffalo Bulls,betus,-10.0,,47.0,,-370.0,295.0,2026-09-12T22:00:00Z,-110.0,-110.0
2026-09-12T09:19:17.490257-04:00,odds_api,401866414,Florida International Panthers,Buffalo Bulls,mybookieag,-10.0,,47.5,,-420.0,310.0,2026-09-12T22:00:00Z,-110.0,-110.0
2026-09-12T09:19:17.490257-04:00,odds_api,401866414,Florida International Panthers,Buffalo Bulls,bovada,-10.0,,47.5,,-415.0,310.0,2026-09-12T22:00:00Z,-110.0,-110.0
2026-09-12T09:19:17.490257-04:00,odds_api,401866418,Ohio Bobcats,Jacksonville State Gamecocks,fanduel,-2.5,,50.5,,-134.0,112.0,2026-09-12T22:00:00Z,-110.0,-110.0
2026-09-12T09:19:17.490257-04:00,odds_api,401866418,Ohio Bobcats,Jacksonville State Gamecocks,draftkings,-2.5,,50.5,,-130.0,110.0,2026-09-12T22:00:00Z,-112.0,-108.0
2026-09-12T09:19:17.490257-04:00,odds_api,401866418,Ohio Bobcats,Jacksonville State Gamecocks,lowvig,-2.5,,49.5,,-135.0,115.0,2026-09-12T22:00:00Z,-106.0,-108.0
2026-09-12T09:19:17.490257-04:00,odds_api,401866418,Ohio Bobcats,Jacksonville State Gamecocks,betonlineag,-2.5,,49.5,,-135.0,115.0,2026-09-12T22:00:00Z,-107.0,-110.0
2026-09-12T09:19:17.490257-04:00,odds_api,401866418,Ohio Bobcats,Jacksonville State Gamecocks,betrivers,-2.0,,50.5,,-130.0,105.0,2026-09-12T22:00:00Z,-112.0,-109.0
2026-09-12T09:19:17.490257-04:00,odds_api,401866418,Ohio Bobcats,Jacksonville State Gamecocks,betmgm,-2.5,,49.5,,-130.0,110.0,2026-09-12T22:00:00Z,-110.0,-120.0
2026-09-12T09:19:17.490257-04:00,odds_api,401866418,Ohio Bobcats,Jacksonville State Gamecocks,betus,-2.5,,49.5,,-135.0,115.0,2026-09-12T22:00:00Z,-110.0,-110.0
2026-09-12T09:19:17.490257-04:00,odds_api,401866418,Ohio Bobcats,Jacksonville State Gamecocks,mybookieag,-2.5,,50.0,,-136.0,111.0,2026-09-12T22:00:00Z,-110.0,-110.0
2026-09-12T09:19:17.490257-04:00,odds_api,401866418,Ohio Bobcats,Jacksonville State Gamecocks,bovada,-2.5,,50.0,,-130.0,110.0,2026-09-12T22:00:00Z,-105.0,-110.0
2026-09-12T09:19:17.490257-04:00,odds_api,401866421,Western Michigan Broncos,Monmouth Hawks,fanduel,-27.5,,53.5,,-7000.0,2000.0,2026-09-12T22:30:00Z,-110.0,-110.0
2026-09-12T09:19:17.490257-04:00,odds_api,401866421,Western Michigan Broncos,Monmouth Hawks,betrivers,-27.5,,53.5,,-10000.0,1500.0,2026-09-12T22:30:00Z,-110.0,-113.0
2026-09-12T09:19:17.490257-04:00,odds_api,401866421,Western Michigan Broncos,Monmouth Hawks,draftkings,-27.5,,52.5,,-3200.0,1400.0,2026-09-12T22:30:00Z,-115.0,-112.0
2026-09-12T09:19:17.490257-04:00,odds_api,401866421,Western Michigan Broncos,Monmouth Hawks,lowvig,-27.5,,52.5,,,,2026-09-12T22:30:00Z,-115.0,-110.0
2026-09-12T09:19:17.490257-04:00,odds_api,401866421,Western Michigan Broncos,Monmouth Hawks,betonlineag,-27.5,,52.5,,,,2026-09-12T22:30:00Z,-115.0,-110.0
2026-09-12T09:19:17.490257-04:00,odds_api,401866421,Western Michigan Broncos,Monmouth Hawks,bovada,-27.5,,52.5,,,,2026-09-12T22:30:00Z,-110.0,-110.0
2026-09-12T09:19:17.490257-04:00,odds_api,401866421,Western Michigan Broncos,Monmouth Hawks,betmgm,-27.5,,52.5,,-5000.0,1850.0,2026-09-12T22:30:00Z,-110.0,-110.0
2026-09-12T09:19:17.490257-04:00,odds_api,401868241,Arkansas State Red Wolves,West Georgia Wolves,fanduel,-31.5,,56.5,,-20000.0,3500.0,2026-09-12T23:00:00Z,-115.0,-110.0
2026-09-12T09:19:17.490257-04:00,odds_api,401868241,Arkansas State Red Wolves,West Georgia Wolves,draftkings,-31.5,,56.5,,-10000.0,3000.0,2026-09-12T23:00:00Z,-112.0,-112.0
2026-09-12T09:19:17.490257-04:00,odds_api,401868241,Arkansas State Red Wolves,West Georgia Wolves,betonlineag,-32.5,,56.5,,,,2026-09-12T23:00:00Z,-110.0,-105.0
2026-09-12T09:19:17.490257-04:00,odds_api,401868241,Arkansas State Red Wolves,West Georgia Wolves,lowvig,-32.5,,56.5,,,,2026-09-12T23:00:00Z,-110.0,-105.0
2026-09-12T09:19:17.490257-04:00,odds_api,401868241,Arkansas State Red Wolves,West Georgia Wolves,bovada,-31.5,,56.5,,,,2026-09-12T23:00:00Z,-110.0,-110.0
2026-09-12T09:19:17.490257-04:00,odds_api,401868241,Arkansas State Red Wolves,West Georgia Wolves,betrivers,-31.5,,57.0,,,,2026-09-12T23:00:00Z,-113.0,-110.0
2026-09-12T09:19:17.490257-04:00,odds_api,401858441,Nebraska Cornhuskers,Bowling Green Falcons,fanduel,-30.5,,50.5,,-10000.0,3500.0,2026-09-12T23:00:00Z,-110.0,-108.0
2026-09-12T09:19:17.490257-04:00,odds_api,401858441,Nebraska Cornhuskers,Bowling Green Falcons,draftkings,-30.5,,49.5,,-6500.0,2000.0,2026-09-12T23:00:00Z,-110.0,-112.0
2026-09-12T09:19:17.490257-04:00,odds_api,401858441,Nebraska Cornhuskers,Bowling Green Falcons,betonlineag,-30.5,,50.0,,-10000.0,1787.0,2026-09-12T23:00:00Z,-110.0,-105.0
2026-09-12T09:19:17.490257-04:00,odds_api,401858441,Nebraska Cornhuskers,Bowling Green Falcons,lowvig,-30.5,,50.0,,-10000.0,1787.0,2026-09-12T23:00:00Z,-106.0,-103.0
2026-09-12T09:19:17.490257-04:00,odds_api,401858441,Nebraska Cornhuskers,Bowling Green Falcons,betmgm,-30.0,,49.5,,-10000.0,2500.0,2026-09-12T23:00:00Z,-110.0,-110.0
2026-09-12T09:19:17.490257-04:00,odds_api,401858441,Nebraska Cornhuskers,Bowling Green Falcons,betrivers,-30.5,,50.5,,,,2026-09-12T23:00:00Z,-110.0,-114.0
2026-09-12T09:19:17.490257-04:00,odds_api,401858441,Nebraska Cornhuskers,Bowling Green Falcons,betus,-30.5,,50.0,,,,2026-09-12T23:00:00Z,-110.0,-110.0
2026-09-12T09:19:17.490257-04:00,odds_api,401858441,Nebraska Cornhuskers,Bowling Green Falcons,mybookieag,-30.5,,49.5,,-10000.0,1600.0,2026-09-12T23:00:00Z,-110.0,-110.0
2026-09-12T09:19:17.490257-04:00,odds_api,401858441,Nebraska Cornhuskers,Bowling Green Falcons,bovada,-30.0,,50.0,,-10000.0,1600.0,2026-09-12T23:00:00Z,-110.0,-110.0
2026-09-12T09:19:17.490257-04:00,odds_api,401856786,Cincinnati Bearcats,Western Carolina Catamounts,fanduel,-37.5,,61.5,,-10000.0,2400.0,2026-09-12T23:00:00Z,-110.0,-110.0
2026-09-12T09:19:17.490257-04:00,odds_api,401856786,Cincinnati Bearcats,Western Carolina Catamounts,betrivers,-37.0,,61.0,,,,2026-09-12T23:00:00Z,-112.0,-114.0
2026-09-12T09:19:17.490257-04:00,odds_api,401856786,Cincinnati Bearcats,Western Carolina Catamounts,draftkings,-36.5,,60.5,,,,2026-09-12T23:00:00Z,-112.0,-108.0
2026-09-12T09:19:17.490257-04:00,odds_api,401856786,Cincinnati Bearcats,Western Carolina Catamounts,lowvig,-36.5,,60.5,,,,2026-09-12T23:00:00Z,-110.0,-110.0
2026-09-12T09:19:17.490257-04:00,odds_api,401856786,Cincinnati Bearcats,Western Carolina Catamounts,betonlineag,-36.5,,60.5,,,,2026-09-12T23:00:00Z,-110.0,-110.0
2026-09-12T09:19:17.490257-04:00,odds_api,401856786,Cincinnati Bearcats,Western Carolina Catamounts,bovada,-36.5,,60.5,,,,2026-09-12T23:00:00Z,-110.0,-110.0
2026-09-12T09:19:17.490257-04:00,odds_api,401860882,Colorado State Rams,Southern Utah Thunderbirds,fanduel,-20.5,,55.5,,-2000.0,980.0,2026-09-12T23:00:00Z,-112.0,-115.0
2026-09-12T09:19:17.490257-04:00,odds_api,401860882,Colorado State Rams,Southern Utah Thunderbirds,betrivers,-20.5,,56.5,,-3335.0,1000.0,2026-09-12T23:00:00Z,-113.0,-112.0
2026-09-12T09:19:17.490257-04:00,odds_api,401860882,Colorado State Rams,Southern Utah Thunderbirds,draftkings,-20.5,,56.5,,-1450.0,850.0,2026-09-12T23:00:00Z,-108.0,-108.0
2026-09-12T09:19:17.490257-04:00,odds_api,401860882,Colorado State Rams,Southern Utah Thunderbirds,betonlineag,-20.5,,56.5,,,,2026-09-12T23:00:00Z,-110.0,-110.0
2026-09-12T09:19:17.490257-04:00,odds_api,401860882,Colorado State Rams,Southern Utah Thunderbirds,lowvig,-20.5,,56.5,,,,2026-09-12T23:00:00Z,-110.0,-110.0
2026-09-12T09:19:17.490257-04:00,odds_api,401860882,Colorado State Rams,Southern Utah Thunderbirds,bovada,-20.0,,56.0,,-1400.0,750.0,2026-09-12T23:00:00Z,-110.0,-105.0
2026-09-12T09:19:17.490257-04:00,odds_api,401860882,Colorado State Rams,Southern Utah Thunderbirds,betmgm,-20.0,,56.5,,-1400.0,900.0,2026-09-12T23:00:00Z,-110.0,-105.0
2026-09-12T09:19:17.490257-04:00,odds_api,401869955,Kennesaw State Owls,Georgia State Panthers,draftkings,-8.5,,54.5,,-340.0,270.0,2026-09-12T23:00:00Z,-112.0,-108.0
2026-09-12T09:19:17.490257-04:00,odds_api,401869955,Kennesaw State Owls,Georgia State Panthers,betonlineag,-8.5,,54.5,,-315.0,256.0,2026-09-12T23:00:00Z,-105.0,-115.0
2026-09-12T09:19:17.490257-04:00,odds_api,401869955,Kennesaw State Owls,Georgia State Panthers,lowvig,-8.5,,54.5,,-315.0,256.0,2026-09-12T23:00:00Z,-101.0,-114.0
2026-09-12T09:19:17.490257-04:00,odds_api,401869955,Kennesaw State Owls,Georgia State Panthers,betmgm,-8.0,,54.5,,-325.0,260.0,2026-09-12T23:00:00Z,-110.0,-110.0
2026-09-12T09:19:17.490257-04:00,odds_api,401869955,Kennesaw State Owls,Georgia State Panthers,betus,-8.5,,54.5,,-325.0,265.0,2026-09-12T23:00:00Z,-110.0,-110.0
2026-09-12T09:19:17.490257-04:00,odds_api,401869955,Kennesaw State Owls,Georgia State Panthers,betrivers,-8.0,,54.5,,-335.0,255.0,2026-09-12T23:00:00Z,-113.0,-115.0
2026-09-12T09:19:17.490257-04:00,odds_api,401869955,Kennesaw State Owls,Georgia State Panthers,mybookieag,-8.5,,54.5,,-330.0,255.0,2026-09-12T23:00:00Z,-110.0,-110.0
2026-09-12T09:19:17.490257-04:00,odds_api,401869955,Kennesaw State Owls,Georgia State Panthers,bovada,-8.0,,54.5,,-340.0,270.0,2026-09-12T23:00:00Z,-110.0,-110.0
2026-09-12T09:19:17.490257-04:00,odds_api,401869955,Kennesaw State Owls,Georgia State Panthers,fanduel,-8.5,,54.5,,-320.0,250.0,2026-09-12T23:00:00Z,-105.0,-110.0
2026-09-12T09:19:17.490257-04:00,odds_api,401856681,Georgia Tech Yellow Jackets,Tennessee Volunteers,draftkings,11.5,,55.5,,360.0,-470.0,2026-09-12T23:00:00Z,-108.0,-110.0
2026-09-12T09:19:17.490257-04:00,odds_api,401856681,Georgia Tech Yellow Jackets,Tennessee Volunteers,fanduel,11.5,,55.5,,375.0,-500.0,2026-09-12T23:00:00Z,-104.0,-110.0
2026-09-12T09:19:17.490257-04:00,odds_api,401856681,Georgia Tech Yellow Jackets,Tennessee Volunteers,betrivers,12.0,,55.5,,390.0,-560.0,2026-09-12T23:00:00Z,-112.0,-110.0
2026-09-12T09:19:17.490257-04:00,odds_api,401856681,Georgia Tech Yellow Jackets,Tennessee Volunteers,betonlineag,12.0,,55.5,,370.0,-480.0,2026-09-12T23:00:00Z,-110.0,-110.0
2026-09-12T09:19:17.490257-04:00,odds_api,401856681,Georgia Tech Yellow Jackets,Tennessee Volunteers,lowvig,12.0,,55.5,,370.0,-480.0,2026-09-12T23:00:00Z,-106.0,-108.0
2026-09-12T09:19:17.490257-04:00,odds_api,401856681,Georgia Tech Yellow Jackets,Tennessee Volunteers,betmgm,12.0,,55.5,,360.0,-475.0,2026-09-12T23:00:00Z,-110.0,-110.0
2026-09-12T09:19:17.490257-04:00,odds_api,401856681,Georgia Tech Yellow Jackets,Tennessee Volunteers,betus,12.0,,56.0,,378.0,-480.0,2026-09-12T23:00:00Z,-110.0,-110.0
2026-09-12T09:19:17.490257-04:00,odds_api,401856681,Georgia Tech Yellow Jackets,Tennessee Volunteers,mybookieag,12.0,,55.5,,360.0,-500.0,2026-09-12T23:00:00Z,-110.0,-110.0
2026-09-12T09:19:17.490257-04:00,odds_api,401856681,Georgia Tech Yellow Jackets,Tennessee Volunteers,bovada,12.0,,55.5,,370.0,-510.0,2026-09-12T23:00:00Z,-110.0,-110.0
2026-09-12T09:19:17.490257-04:00,odds_api,401856787,Houston Cougars,Southern University Jaguars,fanduel,-51.5,,61.5,,,,2026-09-12T23:00:00Z,-108.0,-110.0
2026-09-12T09:19:17.490257-04:00,odds_api,401856787,Houston Cougars,Southern University Jaguars,betrivers,-51.0,,61.0,,,,2026-09-12T23:00:00Z,-113.0,-108.0
2026-09-12T09:19:17.490257-04:00,odds_api,401856787,Houston Cougars,Southern University Jaguars,draftkings,-51.5,,60.5,,,,2026-09-12T23:00:00Z,100.0,-112.0
2026-09-12T09:19:17.490257-04:00,odds_api,401856787,Houston Cougars,Southern University Jaguars,lowvig,-51.5,,61.5,,,,2026-09-12T23:00:00Z,-105.0,-110.0
2026-09-12T09:19:17.490257-04:00,odds_api,401856787,Houston Cougars,Southern University Jaguars,betonlineag,-51.5,,61.5,,,,2026-09-12T23:00:00Z,-105.0,-110.0
2026-09-12T09:19:17.490257-04:00,odds_api,401856787,Houston Cougars,Southern University Jaguars,bovada,-51.5,,60.5,,,,2026-09-12T23:00:00Z,-105.0,-110.0
2026-09-12T09:19:17.490257-04:00,odds_api,401864503,Northern Illinois Huskies,Illinois State Redbirds,fanduel,4.5,,47.5,,160.0,-194.0,2026-09-12T23:00:00Z,-110.0,-115.0
2026-09-12T09:19:17.490257-04:00,odds_api,401864503,Northern Illinois Huskies,Illinois State Redbirds,betrivers,5.0,,47.5,,163.0,-210.0,2026-09-12T23:00:00Z,-109.0,-117.0
2026-09-12T09:19:17.490257-04:00,odds_api,401864503,Northern Illinois Huskies,Illinois State Redbirds,draftkings,4.5,,48.5,,164.0,-198.0,2026-09-12T23:00:00Z,-105.0,-102.0
2026-09-12T09:19:17.490257-04:00,odds_api,401864503,Northern Illinois Huskies,Illinois State Redbirds,lowvig,5.5,,49.0,,,,2026-09-12T23:00:00Z,-110.0,-105.0
2026-09-12T09:19:17.490257-04:00,odds_api,401864503,Northern Illinois Huskies,Illinois State Redbirds,betonlineag,5.5,,49.0,,,,2026-09-12T23:00:00Z,-110.0,-105.0
2026-09-12T09:19:17.490257-04:00,odds_api,401864503,Northern Illinois Huskies,Illinois State Redbirds,bovada,5.0,,48.0,,170.0,-200.0,2026-09-12T23:00:00Z,-115.0,-110.0
2026-09-12T09:19:17.490257-04:00,odds_api,401864503,Northern Illinois Huskies,Illinois State Redbirds,betmgm,5.0,,48.5,,160.0,-200.0,2026-09-12T23:00:00Z,-108.0,-102.0
2026-09-12T09:19:17.490257-04:00,odds_api,401871046,Missouri State Bears,Lindenwood Lions,fanduel,-16.5,,53.5,,-1000.0,640.0,2026-09-12T23:00:00Z,-110.0,-110.0
2026-09-12T09:19:17.490257-04:00,odds_api,401871046,Missouri State Bears,Lindenwood Lions,betrivers,-17.0,,53.5,,-1430.0,750.0,2026-09-12T23:00:00Z,-113.0,-112.0
2026-09-12T09:19:17.490257-04:00,odds_api,401871046,Missouri State Bears,Lindenwood Lions,draftkings,-16.5,,52.5,,-850.0,575.0,2026-09-12T23:00:00Z,-112.0,-108.0
2026-09-12T09:19:17.490257-04:00,odds_api,401871046,Missouri State Bears,Lindenwood Lions,betonlineag,-16.5,,52.5,,,,2026-09-12T23:00:00Z,-105.0,-110.0
2026-09-12T09:19:17.490257-04:00,odds_api,401871046,Missouri State Bears,Lindenwood Lions,bovada,-17.0,,52.5,,-850.0,550.0,2026-09-12T23:00:00Z,-105.0,-110.0
2026-09-12T09:19:17.490257-04:00,odds_api,401871045,Marshall Thundering Herd,Middle Tennessee Blue Raiders,draftkings,-12.5,,56.5,,-520.0,390.0,2026-09-12T23:00:00Z,-115.0,-112.0
2026-09-12T09:19:17.490257-04:00,odds_api,401871045,Marshall Thundering Herd,Middle Tennessee Blue Raiders,lowvig,-13.0,,57.0,,-500.0,383.0,2026-09-12T23:00:00Z,-106.0,-103.0
2026-09-12T09:19:17.490257-04:00,odds_api,401871045,Marshall Thundering Herd,Middle Tennessee Blue Raiders,betonlineag,-13.0,,57.0,,-500.0,383.0,2026-09-12T23:00:00Z,-110.0,-105.0
2026-09-12T09:19:17.490257-04:00,odds_api,401871045,Marshall Thundering Herd,Middle Tennessee Blue Raiders,betmgm,-13.0,,57.5,,-525.0,400.0,2026-09-12T23:00:00Z,-108.0,-110.0
2026-09-12T09:19:17.490257-04:00,odds_api,401871045,Marshall Thundering Herd,Middle Tennessee Blue Raiders,betus,-13.0,,57.0,,-500.0,390.0,2026-09-12T23:00:00Z,-110.0,-110.0
2026-09-12T09:19:17.490257-04:00,odds_api,401871045,Marshall Thundering Herd,Middle Tennessee Blue Raiders,betrivers,-13.5,,56.5,,-625.0,420.0,2026-09-12T23:00:00Z,-110.0,-112.0
2026-09-12T09:19:17.490257-04:00,odds_api,401871045,Marshall Thundering Herd,Middle Tennessee Blue Raiders,mybookieag,-13.5,,57.0,,-594.0,411.0,2026-09-12T23:00:00Z,-110.0,-110.0
2026-09-12T09:19:17.490257-04:00,odds_api,401871045,Marshall Thundering Herd,Middle Tennessee Blue Raiders,bovada,-13.0,,57.0,,-600.0,425.0,2026-09-12T23:00:00Z,-110.0,-105.0
2026-09-12T09:19:17.490257-04:00,odds_api,401871045,Marshall Thundering Herd,Middle Tennessee Blue Raiders,fanduel,-13.5,,56.5,,-530.0,390.0,2026-09-12T23:00:00Z,-105.0,-110.0
2026-09-12T09:19:17.490257-04:00,odds_api,401862707,Sam Houston State Bearkats,Tulsa Golden Hurricane,fanduel,13.5,,51.5,,440.0,-610.0,2026-09-12T23:00:00Z,-110.0,-108.0
2026-09-12T09:19:17.490257-04:00,odds_api,401862707,Sam Houston State Bearkats,Tulsa Golden Hurricane,draftkings,12.5,,51.5,,390.0,-520.0,2026-09-12T23:00:00Z,-108.0,-105.0
2026-09-12T09:19:17.490257-04:00,odds_api,401862707,Sam Houston State Bearkats,Tulsa Golden Hurricane,betonlineag,13.0,,50.5,,383.0,-500.0,2026-09-12T23:00:00Z,-113.0,-115.0
2026-09-12T09:19:17.490257-04:00,odds_api,401862707,Sam Houston State Bearkats,Tulsa Golden Hurricane,lowvig,13.0,,50.5,,383.0,-500.0,2026-09-12T23:00:00Z,-109.0,-114.0
2026-09-12T09:19:17.490257-04:00,odds_api,401862707,Sam Houston State Bearkats,Tulsa Golden Hurricane,betmgm,13.0,,51.5,,400.0,-525.0,2026-09-12T23:00:00Z,-108.0,-102.0
2026-09-12T09:19:17.490257-04:00,odds_api,401862707,Sam Houston State Bearkats,Tulsa Golden Hurricane,betrivers,13.5,,51.5,,460.0,-715.0,2026-09-12T23:00:00Z,-113.0,-109.0
2026-09-12T09:19:17.490257-04:00,odds_api,401862707,Sam Houston State Bearkats,Tulsa Golden Hurricane,betus,13.5,,51.0,,390.0,-500.0,2026-09-12T23:00:00Z,-110.0,-110.0
2026-09-12T09:19:17.490257-04:00,odds_api,401862707,Sam Houston State Bearkats,Tulsa Golden Hurricane,mybookieag,13.5,,51.0,,400.0,-575.0,2026-09-12T23:00:00Z,-110.0,-110.0
2026-09-12T09:19:17.490257-04:00,odds_api,401862707,Sam Houston State Bearkats,Tulsa Golden Hurricane,bovada,12.5,,51.5,,375.0,-525.0,2026-09-12T23:00:00Z,-110.0,-110.0
2026-09-12T09:19:17.490257-04:00,odds_api,401864575,Tulane Green Wave,South Alabama Jaguars,draftkings,-9.5,,49.5,,-375.0,295.0,2026-09-12T23:00:00Z,-115.0,-112.0
2026-09-12T09:19:17.490257-04:00,odds_api,401864575,Tulane Green Wave,South Alabama Jaguars,fanduel,-9.5,,48.5,,-400.0,310.0,2026-09-12T23:00:00Z,-120.0,-110.0
2026-09-12T09:19:17.490257-04:00,odds_api,401864575,Tulane Green Wave,South Alabama Jaguars,lowvig,-9.5,,49.5,,-370.0,296.0,2026-09-12T23:00:00Z,-101.0,-103.0
2026-09-12T09:19:17.490257-04:00,odds_api,401864575,Tulane Green Wave,South Alabama Jaguars,betonlineag,-9.5,,49.5,,-370.0,296.0,2026-09-12T23:00:00Z,-105.0,-105.0
2026-09-12T09:19:17.490257-04:00,odds_api,401864575,Tulane Green Wave,South Alabama Jaguars,betmgm,-9.5,,49.5,,-375.0,300.0,2026-09-12T23:00:00Z,-110.0,-105.0
2026-09-12T09:19:17.490257-04:00,odds_api,401864575,Tulane Green Wave,South Alabama Jaguars,betrivers,-10.0,,49.5,,-420.0,300.0,2026-09-12T23:00:00Z,-109.0,-109.0
2026-09-12T09:19:17.490257-04:00,odds_api,401864575,Tulane Green Wave,South Alabama Jaguars,betus,-9.5,,49.5,,-370.0,295.0,2026-09-12T23:00:00Z,-110.0,-110.0
2026-09-12T09:19:17.490257-04:00,odds_api,401864575,Tulane Green Wave,South Alabama Jaguars,mybookieag,-9.5,,49.5,,-400.0,300.0,2026-09-12T23:00:00Z,-110.0,-110.0
2026-09-12T09:19:17.490257-04:00,odds_api,401864575,Tulane Green Wave,South Alabama Jaguars,bovada,-9.5,,49.5,,-400.0,300.0,2026-09-12T23:00:00Z,-115.0,-110.0
2026-09-12T09:19:17.490257-04:00,odds_api,401856680,South Carolina Gamecocks,Towson Tigers,fanduel,-43.5,,55.5,,,,2026-09-12T23:00:00Z,-115.0,-115.0
2026-09-12T09:19:17.490257-04:00,odds_api,401856680,South Carolina Gamecocks,Towson Tigers,betrivers,-43.0,,55.0,,,,2026-09-12T23:00:00Z,-112.0,-113.0
2026-09-12T09:19:17.490257-04:00,odds_api,401856680,South Carolina Gamecocks,Towson Tigers,draftkings,-43.5,,56.5,,,,2026-09-12T23:00:00Z,-118.0,-105.0
2026-09-12T09:19:17.490257-04:00,odds_api,401856680,South Carolina Gamecocks,Towson Tigers,lowvig,-44.0,,56.0,,,,2026-09-12T23:00:00Z,-110.0,-115.0
2026-09-12T09:19:17.490257-04:00,odds_api,401856680,South Carolina Gamecocks,Towson Tigers,betonlineag,-44.0,,56.0,,,,2026-09-12T23:00:00Z,-110.0,-115.0
2026-09-12T09:19:17.490257-04:00,odds_api,401856680,South Carolina Gamecocks,Towson Tigers,bovada,-43.5,,56.0,,,,2026-09-12T23:00:00Z,-110.0,-110.0
2026-09-12T09:19:17.490257-04:00,odds_api,401856680,South Carolina Gamecocks,Towson Tigers,betmgm,-43.0,,55.5,,,,2026-09-12T23:00:00Z,-110.0,-115.0
2026-09-12T09:19:17.490257-04:00,odds_api,401858443,UCLA Bruins,San Diego State Aztecs,draftkings,-12.5,,54.5,,-485.0,370.0,2026-09-12T23:15:00Z,-110.0,-112.0
2026-09-12T09:19:17.490257-04:00,odds_api,401858443,UCLA Bruins,San Diego State Aztecs,fanduel,-12.5,,54.5,,-550.0,400.0,2026-09-12T23:15:00Z,-110.0,-106.0
2026-09-12T09:19:17.490257-04:00,odds_api,401858443,UCLA Bruins,San Diego State Aztecs,betonlineag,-12.5,,54.5,,-500.0,383.0,2026-09-12T23:15:00Z,-113.0,-110.0
2026-09-12T09:19:17.490257-04:00,odds_api,401858443,UCLA Bruins,San Diego State Aztecs,lowvig,-12.5,,54.5,,-500.0,383.0,2026-09-12T23:15:00Z,-109.0,-108.0
2026-09-12T09:19:17.490257-04:00,odds_api,401858443,UCLA Bruins,San Diego State Aztecs,betrivers,-12.5,,54.5,,-590.0,375.0,2026-09-12T23:15:00Z,-110.0,-110.0
2026-09-12T09:19:17.490257-04:00,odds_api,401858443,UCLA Bruins,San Diego State Aztecs,betmgm,-12.5,,54.5,,-500.0,380.0,2026-09-12T23:15:00Z,-110.0,-108.0
2026-09-12T09:19:17.490257-04:00,odds_api,401858443,UCLA Bruins,San Diego State Aztecs,betus,-12.5,,54.5,,-500.0,390.0,2026-09-12T23:15:00Z,-115.0,-110.0
2026-09-12T09:19:17.490257-04:00,odds_api,401858443,UCLA Bruins,San Diego State Aztecs,mybookieag,-12.5,,54.0,,-500.0,360.0,2026-09-12T23:15:00Z,-110.0,-110.0
2026-09-12T09:19:17.490257-04:00,odds_api,401858443,UCLA Bruins,San Diego State Aztecs,bovada,-13.0,,54.0,,-550.0,390.0,2026-09-12T23:15:00Z,-110.0,-110.0
2026-09-12T09:19:17.490257-04:00,odds_api,401858447,Wisconsin Badgers,Western Illinois Leathernecks,fanduel,-40.5,,50.5,,,,2026-09-12T23:15:00Z,-110.0,-108.0
2026-09-12T09:19:17.490257-04:00,odds_api,401858447,Wisconsin Badgers,Western Illinois Leathernecks,betrivers,-40.5,,50.5,,,,2026-09-12T23:15:00Z,-110.0,-110.0
2026-09-12T09:19:17.490257-04:00,odds_api,401858447,Wisconsin Badgers,Western Illinois Leathernecks,draftkings,-40.5,,50.5,,,,2026-09-12T23:15:00Z,-112.0,-105.0
2026-09-12T09:19:17.490257-04:00,odds_api,401858447,Wisconsin Badgers,Western Illinois Leathernecks,betonlineag,-41.5,,50.5,,,,2026-09-12T23:15:00Z,-110.0,-115.0
2026-09-12T09:19:17.490257-04:00,odds_api,401858447,Wisconsin Badgers,Western Illinois Leathernecks,lowvig,-41.5,,50.5,,,,2026-09-12T23:15:00Z,-110.0,-115.0
2026-09-12T09:19:17.490257-04:00,odds_api,401858447,Wisconsin Badgers,Western Illinois Leathernecks,bovada,-40.0,,50.0,,,,2026-09-12T23:15:00Z,-115.0,-105.0
2026-09-12T09:19:17.490257-04:00,odds_api,401858219,Clemson Tigers,Georgia Southern Eagles,draftkings,-19.5,,55.5,,-1200.0,750.0,2026-09-12T23:30:00Z,-115.0,-102.0
2026-09-12T09:19:17.490257-04:00,odds_api,401858219,Clemson Tigers,Georgia Southern Eagles,lowvig,-20.0,,55.5,,-1350.0,817.0,2026-09-12T23:30:00Z,-106.0,-103.0
2026-09-12T09:19:17.490257-04:00,odds_api,401858219,Clemson Tigers,Georgia Southern Eagles,betonlineag,-20.0,,55.5,,-1350.0,817.0,2026-09-12T23:30:00Z,-110.0,-105.0
2026-09-12T09:19:17.490257-04:00,odds_api,401858219,Clemson Tigers,Georgia Southern Eagles,betmgm,-19.5,,55.5,,-1200.0,825.0,2026-09-12T23:30:00Z,-110.0,-105.0
2026-09-12T09:19:17.490257-04:00,odds_api,401858219,Clemson Tigers,Georgia Southern Eagles,betus,-20.0,,55.0,,-1350.0,830.0,2026-09-12T23:30:00Z,-110.0,-110.0
2026-09-12T09:19:17.490257-04:00,odds_api,401858219,Clemson Tigers,Georgia Southern Eagles,mybookieag,-20.0,,55.0,,-1442.0,752.0,2026-09-12T23:30:00Z,-110.0,-110.0
2026-09-12T09:19:17.490257-04:00,odds_api,401858219,Clemson Tigers,Georgia Southern Eagles,betrivers,-20.5,,55.5,,-2500.0,950.0,2026-09-12T23:30:00Z,-113.0,-110.0
2026-09-12T09:19:17.490257-04:00,odds_api,401858219,Clemson Tigers,Georgia Southern Eagles,bovada,-19.5,,55.0,,-1400.0,750.0,2026-09-12T23:30:00Z,-115.0,-110.0
2026-09-12T09:19:17.490257-04:00,odds_api,401858219,Clemson Tigers,Georgia Southern Eagles,fanduel,-19.5,,54.5,,-1400.0,800.0,2026-09-12T23:30:00Z,-110.0,-115.0
2026-09-12T09:19:17.490257-04:00,odds_api,401868008,Coastal Carolina Chanticleers,Fordham Rams,fanduel,-35.5,,53.5,,-10000.0,3000.0,2026-09-12T23:30:00Z,-102.0,-110.0
2026-09-12T09:19:17.490257-04:00,odds_api,401868008,Coastal Carolina Chanticleers,Fordham Rams,betrivers,-34.5,,53.5,,,,2026-09-12T23:30:00Z,-112.0,-113.0
2026-09-12T09:19:17.490257-04:00,odds_api,401868008,Coastal Carolina Chanticleers,Fordham Rams,draftkings,-34.5,,53.5,,,,2026-09-12T23:30:00Z,-115.0,-110.0
2026-09-12T09:19:17.490257-04:00,odds_api,401868008,Coastal Carolina Chanticleers,Fordham Rams,betonlineag,-35.0,,53.0,,,,2026-09-12T23:30:00Z,-110.0,-110.0
2026-09-12T09:19:17.490257-04:00,odds_api,401868008,Coastal Carolina Chanticleers,Fordham Rams,lowvig,-35.0,,53.0,,,,2026-09-12T23:30:00Z,-110.0,-110.0
2026-09-12T09:19:17.490257-04:00,odds_api,401868008,Coastal Carolina Chanticleers,Fordham Rams,bovada,-34.5,,53.0,,,,2026-09-12T23:30:00Z,-110.0,-110.0
2026-09-12T09:19:17.490257-04:00,odds_api,401862703,Florida Atlantic Owls,Navy Midshipmen,draftkings,4.5,,58.5,,164.0,-198.0,2026-09-12T23:30:00Z,-112.0,-115.0
2026-09-12T09:19:17.490257-04:00,odds_api,401862703,Florida Atlantic Owls,Navy Midshipmen,betonlineag,4.0,,58.5,,165.0,-190.0,2026-09-12T23:30:00Z,-110.0,-107.0
2026-09-12T09:19:17.490257-04:00,odds_api,401862703,Florida Atlantic Owls,Navy Midshipmen,lowvig,4.0,,58.5,,165.0,-190.0,2026-09-12T23:30:00Z,-106.0,-105.0
2026-09-12T09:19:17.490257-04:00,odds_api,401862703,Florida Atlantic Owls,Navy Midshipmen,betmgm,4.0,,58.5,,160.0,-200.0,2026-09-12T23:30:00Z,-105.0,-110.0
2026-09-12T09:19:17.490257-04:00,odds_api,401862703,Florida Atlantic Owls,Navy Midshipmen,betus,4.0,,59.0,,163.0,-190.0,2026-09-12T23:30:00Z,-110.0,-110.0
2026-09-12T09:19:17.490257-04:00,odds_api,401862703,Florida Atlantic Owls,Navy Midshipmen,mybookieag,4.5,,59.0,,166.0,-208.0,2026-09-12T23:30:00Z,-110.0,-110.0
2026-09-12T09:19:17.490257-04:00,odds_api,401862703,Florida Atlantic Owls,Navy Midshipmen,betrivers,4.5,,58.5,,150.0,-195.0,2026-09-12T23:30:00Z,-113.0,-114.0
2026-09-12T09:19:17.490257-04:00,odds_api,401862703,Florida Atlantic Owls,Navy Midshipmen,bovada,4.0,,59.0,,165.0,-195.0,2026-09-12T23:30:00Z,-105.0,-105.0
2026-09-12T09:19:17.490257-04:00,odds_api,401862703,Florida Atlantic Owls,Navy Midshipmen,fanduel,4.5,,58.5,,160.0,-194.0,2026-09-12T23:30:00Z,-110.0,-115.0
2026-09-12T09:19:17.490257-04:00,odds_api,401856788,Iowa Hawkeyes,Iowa State Cyclones,fanduel,-13.5,,41.5,,-690.0,480.0,2026-09-12T23:30:00Z,-122.0,-104.0
2026-09-12T09:19:17.490257-04:00,odds_api,401856788,Iowa Hawkeyes,Iowa State Cyclones,mybookieag,-14.0,,41.5,,-752.0,500.0,2026-09-12T23:30:00Z,-110.0,-110.0
2026-09-12T09:19:17.490257-04:00,odds_api,401856788,Iowa Hawkeyes,Iowa State Cyclones,draftkings,-14.0,,41.5,,-625.0,455.0,2026-09-12T23:30:00Z,-112.0,-102.0
2026-09-12T09:19:17.490257-04:00,odds_api,401856788,Iowa Hawkeyes,Iowa State Cyclones,betrivers,-14.5,,41.5,,-715.0,460.0,2026-09-12T23:30:00Z,-110.0,-108.0
2026-09-12T09:19:17.490257-04:00,odds_api,401856788,Iowa Hawkeyes,Iowa State Cyclones,betmgm,-14.0,,41.5,,-625.0,475.0,2026-09-12T23:30:00Z,-108.0,-102.0
2026-09-12T09:19:17.490257-04:00,odds_api,401856788,Iowa Hawkeyes,Iowa State Cyclones,betonlineag,-14.0,,41.0,,-600.0,446.0,2026-09-12T23:30:00Z,-110.0,-110.0
2026-09-12T09:19:17.490257-04:00,odds_api,401856788,Iowa Hawkeyes,Iowa State Cyclones,lowvig,-14.0,,41.0,,-600.0,446.0,2026-09-12T23:30:00Z,-106.0,-108.0
2026-09-12T09:19:17.490257-04:00,odds_api,401856788,Iowa Hawkeyes,Iowa State Cyclones,betus,-14.0,,41.0,,-600.0,450.0,2026-09-12T23:30:00Z,-110.0,-110.0
2026-09-12T09:19:17.490257-04:00,odds_api,401856788,Iowa Hawkeyes,Iowa State Cyclones,bovada,-14.0,,41.5,,-625.0,430.0,2026-09-12T23:30:00Z,-115.0,-105.0
2026-09-12T09:19:17.490257-04:00,odds_api,401867796,LSU Tigers,Louisiana Tech Bulldogs,draftkings,-35.5,,55.5,,-20000.0,3500.0,2026-09-12T23:30:00Z,-102.0,-112.0
2026-09-12T09:19:17.490257-04:00,odds_api,401867796,LSU Tigers,Louisiana Tech Bulldogs,betonlineag,-35.0,,55.5,,,,2026-09-12T23:30:00Z,-110.0,-110.0
2026-09-12T09:19:17.490257-04:00,odds_api,401867796,LSU Tigers,Louisiana Tech Bulldogs,lowvig,-35.0,,55.5,,,,2026-09-12T23:30:00Z,-106.0,-108.0
2026-09-12T09:19:17.490257-04:00,odds_api,401867796,LSU Tigers,Louisiana Tech Bulldogs,betmgm,-35.5,,55.5,,-50000.0,5000.0,2026-09-12T23:30:00Z,-110.0,-115.0
2026-09-12T09:19:17.490257-04:00,odds_api,401867796,LSU Tigers,Louisiana Tech Bulldogs,betus,-35.0,,55.5,,,,2026-09-12T23:30:00Z,-110.0,-110.0
2026-09-12T09:19:17.490257-04:00,odds_api,401867796,LSU Tigers,Louisiana Tech Bulldogs,betrivers,-35.5,,55.5,,,,2026-09-12T23:30:00Z,-109.0,-112.0
2026-09-12T09:19:17.490257-04:00,odds_api,401867796,LSU Tigers,Louisiana Tech Bulldogs,mybookieag,-35.0,,55.5,,,,2026-09-12T23:30:00Z,-110.0,-110.0
2026-09-12T09:19:17.490257-04:00,odds_api,401867796,LSU Tigers,Louisiana Tech Bulldogs,bovada,-35.0,,56.0,,,,2026-09-12T23:30:00Z,-110.0,-110.0
2026-09-12T09:19:17.490257-04:00,odds_api,401867796,LSU Tigers,Louisiana Tech Bulldogs,fanduel,-35.5,,55.5,,,,2026-09-12T23:30:00Z,100.0,-114.0
2026-09-12T09:19:17.490257-04:00,odds_api,401856682,Texas Longhorns,Ohio State Buckeyes,fanduel,-1.5,,49.5,,-118.0,100.0,2026-09-12T23:30:00Z,-112.0,-115.0
2026-09-12T09:19:17.490257-04:00,odds_api,401856682,Texas Longhorns,Ohio State Buckeyes,bovada,-1.5,,50.0,,-120.0,100.0,2026-09-12T23:30:00Z,-110.0,-110.0
2026-09-12T09:19:17.490257-04:00,odds_api,401856682,Texas Longhorns,Ohio State Buckeyes,betmgm,-1.5,,49.5,,-125.0,105.0,2026-09-12T23:30:00Z,-110.0,-110.0
2026-09-12T09:19:17.490257-04:00,odds_api,401856682,Texas Longhorns,Ohio State Buckeyes,betrivers,-1.0,,49.5,,-124.0,100.0,2026-09-12T23:30:00Z,-115.0,-113.0
2026-09-12T09:19:17.490257-04:00,odds_api,401856682,Texas Longhorns,Ohio State Buckeyes,mybookieag,-1.5,,50.0,,-126.0,103.0,2026-09-12T23:30:00Z,-110.0,-110.0
2026-09-12T09:19:17.490257-04:00,odds_api,401856682,Texas Longhorns,Ohio State Buckeyes,draftkings,-1.5,,49.5,,-122.0,102.0,2026-09-12T23:30:00Z,-112.0,-110.0
2026-09-12T09:19:17.490257-04:00,odds_api,401856682,Texas Longhorns,Ohio State Buckeyes,lowvig,-1.0,,49.5,,-130.0,110.0,2026-09-12T23:30:00Z,-111.0,-108.0
2026-09-12T09:19:17.490257-04:00,odds_api,401856682,Texas Longhorns,Ohio State Buckeyes,betonlineag,-1.0,,49.5,,-130.0,110.0,2026-09-12T23:30:00Z,-115.0,-110.0
2026-09-12T09:19:17.490257-04:00,odds_api,401856682,Texas Longhorns,Ohio State Buckeyes,betus,-1.0,,50.0,,-125.0,105.0,2026-09-12T23:30:00Z,-115.0,-110.0
2026-09-12T09:19:17.490257-04:00,odds_api,401856783,Oregon State Beavers,Texas Tech Red Raiders,fanduel,26.5,,53.5,,1600.0,-4500.0,2026-09-12T23:30:00Z,-120.0,-110.0
2026-09-12T09:19:17.490257-04:00,odds_api,401856783,Oregon State Beavers,Texas Tech Red Raiders,draftkings,25.5,,53.5,,1500.0,-3600.0,2026-09-12T23:30:00Z,-108.0,-108.0
2026-09-12T09:19:17.490257-04:00,odds_api,401856783,Oregon State Beavers,Texas Tech Red Raiders,lowvig,25.5,,53.0,,1256.0,-3000.0,2026-09-12T23:30:00Z,-106.0,-108.0
2026-09-12T09:19:17.490257-04:00,odds_api,401856783,Oregon State Beavers,Texas Tech Red Raiders,betonlineag,25.5,,53.0,,1256.0,-3000.0,2026-09-12T23:30:00Z,-110.0,-110.0
2026-09-12T09:19:17.490257-04:00,odds_api,401856783,Oregon State Beavers,Texas Tech Red Raiders,betmgm,25.5,,53.5,,1550.0,-3000.0,2026-09-12T23:30:00Z,-110.0,-108.0
2026-09-12T09:19:17.490257-04:00,odds_api,401856783,Oregon State Beavers,Texas Tech Red Raiders,betus,25.5,,53.0,,1300.0,-3000.0,2026-09-12T23:30:00Z,-110.0,-110.0
2026-09-12T09:19:17.490257-04:00,odds_api,401856783,Oregon State Beavers,Texas Tech Red Raiders,betrivers,26.5,,53.5,,1700.0,-10000.0,2026-09-12T23:30:00Z,-114.0,-110.0
2026-09-12T09:19:17.490257-04:00,odds_api,401856783,Oregon State Beavers,Texas Tech Red Raiders,mybookieag,26.0,,53.0,,1075.0,-3030.0,2026-09-12T23:30:00Z,-110.0,-110.0
2026-09-12T09:19:17.490257-04:00,odds_api,401856783,Oregon State Beavers,Texas Tech Red Raiders,bovada,25.5,,53.5,,1100.0,-3500.0,2026-09-12T23:30:00Z,-110.0,-105.0
2026-09-12T09:19:17.490257-04:00,odds_api,401856671,Auburn Tigers,Southern Mississippi Golden Eagles,draftkings,-32.5,,56.5,,-8000.0,2200.0,2026-09-12T23:45:00Z,-110.0,-112.0
2026-09-12T09:19:17.490257-04:00,odds_api,401856671,Auburn Tigers,Southern Mississippi Golden Eagles,lowvig,-33.0,,57.0,,,,2026-09-12T23:45:00Z,-101.0,-114.0
2026-09-12T09:19:17.490257-04:00,odds_api,401856671,Auburn Tigers,Southern Mississippi Golden Eagles,betonlineag,-33.0,,57.0,,,,2026-09-12T23:45:00Z,-105.0,-115.0
2026-09-12T09:19:17.490257-04:00,odds_api,401856671,Auburn Tigers,Southern Mississippi Golden Eagles,betmgm,-32.5,,57.5,,-12500.0,3300.0,2026-09-12T23:45:00Z,-110.0,-108.0
2026-09-12T09:19:17.490257-04:00,odds_api,401856671,Auburn Tigers,Southern Mississippi Golden Eagles,betus,-33.0,,57.0,,,,2026-09-12T23:45:00Z,-110.0,-110.0
2026-09-12T09:19:17.490257-04:00,odds_api,401856671,Auburn Tigers,Southern Mississippi Golden Eagles,betrivers,-33.5,,56.5,,,,2026-09-12T23:45:00Z,-113.0,-112.0
2026-09-12T09:19:17.490257-04:00,odds_api,401856671,Auburn Tigers,Southern Mississippi Golden Eagles,mybookieag,-33.0,,57.0,,-8105.0,1582.0,2026-09-12T23:45:00Z,-110.0,-110.0
2026-09-12T09:19:17.490257-04:00,odds_api,401856671,Auburn Tigers,Southern Mississippi Golden Eagles,bovada,-33.0,,57.0,,,,2026-09-12T23:45:00Z,-105.0,-110.0
2026-09-12T09:19:17.490257-04:00,odds_api,401856671,Auburn Tigers,Southern Mississippi Golden Eagles,fanduel,-32.5,,56.5,,-10000.0,2400.0,2026-09-12T23:45:00Z,-115.0,-115.0
2026-09-12T09:19:17.490257-04:00,odds_api,401856676,Ole Miss Rebels,Charlotte 49ers,draftkings,-44.5,,59.5,,,,2026-09-12T23:45:00Z,-118.0,-112.0
2026-09-12T09:19:17.490257-04:00,odds_api,401856676,Ole Miss Rebels,Charlotte 49ers,betonlineag,-45.5,,60.0,,,,2026-09-12T23:45:00Z,-105.0,-110.0
2026-09-12T09:19:17.490257-04:00,odds_api,401856676,Ole Miss Rebels,Charlotte 49ers,fanduel,-45.5,,59.5,,,,2026-09-12T23:45:00Z,-104.0,-105.0
2026-09-12T09:19:17.490257-04:00,odds_api,401856676,Ole Miss Rebels,Charlotte 49ers,betrivers,-45.0,,59.5,,,,2026-09-12T23:45:00Z,-113.0,-109.0
2026-09-12T09:19:17.490257-04:00,odds_api,401856676,Ole Miss Rebels,Charlotte 49ers,betmgm,-45.5,,60.5,,,,2026-09-12T23:45:00Z,-108.0,-108.0
2026-09-12T09:19:17.490257-04:00,odds_api,401856676,Ole Miss Rebels,Charlotte 49ers,betus,-45.0,,60.0,,,,2026-09-12T23:45:00Z,-110.0,-110.0
2026-09-12T09:19:17.490257-04:00,odds_api,401856676,Ole Miss Rebels,Charlotte 49ers,bovada,-45.5,,59.5,,,,2026-09-12T23:45:00Z,100.0,-110.0
2026-09-12T09:19:17.490257-04:00,odds_api,401856784,Baylor Bears,Prairie View A&M Panthers,fanduel,-37.5,,55.5,,,,2026-09-13T00:00:00Z,-118.0,-115.0
2026-09-12T09:19:17.490257-04:00,odds_api,401856784,Baylor Bears,Prairie View A&M Panthers,betrivers,-37.5,,55.0,,,,2026-09-13T00:00:00Z,-114.0,-110.0
2026-09-12T09:19:17.490257-04:00,odds_api,401856784,Baylor Bears,Prairie View A&M Panthers,draftkings,-37.5,,55.5,,,,2026-09-13T00:00:00Z,-105.0,-110.0
2026-09-12T09:19:17.490257-04:00,odds_api,401856784,Baylor Bears,Prairie View A&M Panthers,lowvig,-37.5,,55.5,,,,2026-09-13T00:00:00Z,-105.0,-110.0
2026-09-12T09:19:17.490257-04:00,odds_api,401856784,Baylor Bears,Prairie View A&M Panthers,betonlineag,-37.5,,55.5,,,,2026-09-13T00:00:00Z,-105.0,-110.0
2026-09-12T09:19:17.490257-04:00,odds_api,401856784,Baylor Bears,Prairie View A&M Panthers,bovada,-37.5,,55.5,,,,2026-09-13T00:00:00Z,-110.0,-110.0
2026-09-12T09:19:17.490257-04:00,odds_api,401856789,TCU Horned Frogs,Grambling State Tigers,fanduel,-44.5,,55.5,,,,2026-09-13T00:00:00Z,-110.0,-108.0
2026-09-12T09:19:17.490257-04:00,odds_api,401856789,TCU Horned Frogs,Grambling State Tigers,betrivers,-43.5,,54.5,,,,2026-09-13T00:00:00Z,-114.0,-114.0
2026-09-12T09:19:17.490257-04:00,odds_api,401856789,TCU Horned Frogs,Grambling State Tigers,draftkings,-43.5,,55.5,,,,2026-09-13T00:00:00Z,-112.0,100.0
2026-09-12T09:19:17.490257-04:00,odds_api,401856789,TCU Horned Frogs,Grambling State Tigers,lowvig,-43.5,,54.5,,,,2026-09-13T00:00:00Z,-110.0,-115.0
2026-09-12T09:19:17.490257-04:00,odds_api,401856789,TCU Horned Frogs,Grambling State Tigers,betonlineag,-43.5,,54.5,,,,2026-09-13T00:00:00Z,-110.0,-115.0
2026-09-12T09:19:17.490257-04:00,odds_api,401856789,TCU Horned Frogs,Grambling State Tigers,bovada,-44.0,,55.5,,,,2026-09-13T00:00:00Z,-115.0,-105.0
2026-09-12T09:19:17.490257-04:00,odds_api,401864504,San Jose State Spartans,Cal Poly Mustangs,fanduel,-20.5,,57.5,,-2100.0,1000.0,2026-09-13T01:00:00Z,-120.0,-110.0
2026-09-12T09:19:17.490257-04:00,odds_api,401864504,San Jose State Spartans,Cal Poly Mustangs,draftkings,-20.5,,56.5,,-1650.0,950.0,2026-09-13T01:00:00Z,-110.0,-112.0
2026-09-12T09:19:17.490257-04:00,odds_api,401864504,San Jose State Spartans,Cal Poly Mustangs,betrivers,-20.0,,57.5,,-3335.0,1100.0,2026-09-13T01:00:00Z,-110.0,-110.0
2026-09-12T09:19:17.490257-04:00,odds_api,401864504,San Jose State Spartans,Cal Poly Mustangs,lowvig,-20.5,,56.5,,,,2026-09-13T01:00:00Z,-118.0,-110.0
2026-09-12T09:19:17.490257-04:00,odds_api,401864504,San Jose State Spartans,Cal Poly Mustangs,betonlineag,-20.5,,56.5,,,,2026-09-13T01:00:00Z,-118.0,-110.0
2026-09-12T09:19:17.490257-04:00,odds_api,401864504,San Jose State Spartans,Cal Poly Mustangs,bovada,-20.5,,56.5,,-1500.0,775.0,2026-09-13T01:00:00Z,-110.0,-110.0
2026-09-12T09:19:17.490257-04:00,odds_api,401864505,UTEP Miners,Texas Southern Tigers,fanduel,-25.5,,53.5,,-7000.0,2000.0,2026-09-13T01:00:00Z,-114.0,-110.0
2026-09-12T09:19:17.490257-04:00,odds_api,401864505,UTEP Miners,Texas Southern Tigers,betrivers,-25.5,,53.5,,,,2026-09-13T01:00:00Z,-113.0,-114.0
2026-09-12T09:19:17.490257-04:00,odds_api,401864505,UTEP Miners,Texas Southern Tigers,draftkings,-25.5,,52.5,,-4500.0,1700.0,2026-09-13T01:00:00Z,-108.0,-110.0
2026-09-12T09:19:17.490257-04:00,odds_api,401864505,UTEP Miners,Texas Southern Tigers,lowvig,-25.5,,52.5,,,,2026-09-13T01:00:00Z,-110.0,-110.0
2026-09-12T09:19:17.490257-04:00,odds_api,401864505,UTEP Miners,Texas Southern Tigers,betonlineag,-25.5,,52.5,,,,2026-09-13T01:00:00Z,-110.0,-110.0
2026-09-12T09:19:17.490257-04:00,odds_api,401864505,UTEP Miners,Texas Southern Tigers,bovada,-25.5,,53.0,,-4000.0,1200.0,2026-09-13T01:00:00Z,-110.0,-110.0
2026-09-12T09:19:17.490257-04:00,odds_api,401864502,Air Force Falcons,North Dakota State Bison,draftkings,1.5,,47.5,,105.0,-125.0,2026-09-13T02:00:00Z,-105.0,-108.0
2026-09-12T09:19:17.490257-04:00,odds_api,401864502,Air Force Falcons,North Dakota State Bison,lowvig,2.0,,47.0,,108.0,-128.0,2026-09-13T02:00:00Z,-106.0,-108.0
2026-09-12T09:19:17.490257-04:00,odds_api,401864502,Air Force Falcons,North Dakota State Bison,betonlineag,2.0,,47.0,,108.0,-128.0,2026-09-13T02:00:00Z,-110.0,-110.0
2026-09-12T09:19:17.490257-04:00,odds_api,401864502,Air Force Falcons,North Dakota State Bison,betus,2.0,,47.0,,110.0,-130.0,2026-09-13T02:00:00Z,-110.0,-110.0
2026-09-12T09:19:17.490257-04:00,odds_api,401864502,Air Force Falcons,North Dakota State Bison,mybookieag,2.0,,47.0,,105.0,-128.0,2026-09-13T02:00:00Z,-110.0,-110.0
2026-09-12T09:19:17.490257-04:00,odds_api,401864502,Air Force Falcons,North Dakota State Bison,betrivers,2.5,,47.5,,110.0,-136.0,2026-09-13T02:00:00Z,-113.0,-112.0
2026-09-12T09:19:17.490257-04:00,odds_api,401864502,Air Force Falcons,North Dakota State Bison,bovada,2.0,,47.0,,100.0,-120.0,2026-09-13T02:00:00Z,-115.0,-110.0
2026-09-12T09:19:17.490257-04:00,odds_api,401864502,Air Force Falcons,North Dakota State Bison,betmgm,2.0,,47.5,,105.0,-130.0,2026-09-13T02:00:00Z,-110.0,-105.0
2026-09-12T09:19:17.490257-04:00,odds_api,401864502,Air Force Falcons,North Dakota State Bison,fanduel,2.5,,47.5,,106.0,-128.0,2026-09-13T02:00:00Z,-115.0,-110.0
2026-09-12T09:19:17.490257-04:00,odds_api,401856670,Utah Utes,Arkansas Razorbacks,draftkings,-12.5,,55.5,,-520.0,390.0,2026-09-13T02:15:00Z,-110.0,-112.0
2026-09-12T09:19:17.490257-04:00,odds_api,401856670,Utah Utes,Arkansas Razorbacks,fanduel,-12.5,,55.5,,-500.0,385.0,2026-09-13T02:15:00Z,-110.0,-110.0
2026-09-12T09:19:17.490257-04:00,odds_api,401856670,Utah Utes,Arkansas Razorbacks,mybookieag,-12.5,,55.5,,-526.0,380.0,2026-09-13T02:15:00Z,-110.0,-110.0
2026-09-12T09:19:17.490257-04:00,odds_api,401856670,Utah Utes,Arkansas Razorbacks,betrivers,-12.5,,55.5,,-590.0,400.0,2026-09-13T02:15:00Z,-109.0,-109.0
2026-09-12T09:19:17.490257-04:00,odds_api,401856670,Utah Utes,Arkansas Razorbacks,betmgm,-12.5,,55.5,,-500.0,380.0,2026-09-13T02:15:00Z,-108.0,-108.0
2026-09-12T09:19:17.490257-04:00,odds_api,401856670,Utah Utes,Arkansas Razorbacks,betonlineag,-11.5,,55.5,,-470.0,364.0,2026-09-13T02:15:00Z,-117.0,-110.0
2026-09-12T09:19:17.490257-04:00,odds_api,401856670,Utah Utes,Arkansas Razorbacks,betus,-11.5,,55.5,,-470.0,370.0,2026-09-13T02:15:00Z,-115.0,-110.0
2026-09-12T09:19:17.490257-04:00,odds_api,401856670,Utah Utes,Arkansas Razorbacks,bovada,-12.5,,55.5,,-525.0,375.0,2026-09-13T02:15:00Z,-115.0,-110.0
2026-09-12T09:19:17.490257-04:00,odds_api,401860883,Fresno State Bulldogs,Sacramento State Hornets,draftkings,-17.5,,44.5,,-950.0,625.0,2026-09-13T02:30:00Z,-110.0,-118.0
2026-09-12T09:19:17.490257-04:00,odds_api,401860883,Fresno State Bulldogs,Sacramento State Hornets,lowvig,-17.5,,44.5,,-1100.0,709.0,2026-09-13T02:30:00Z,-106.0,-108.0
2026-09-12T09:19:17.490257-04:00,odds_api,401860883,Fresno State Bulldogs,Sacramento State Hornets,betonlineag,-17.5,,44.5,,-1100.0,709.0,2026-09-13T02:30:00Z,-110.0,-110.0
2026-09-12T09:19:17.490257-04:00,odds_api,401860883,Fresno State Bulldogs,Sacramento State Hornets,betmgm,-17.5,,44.5,,-1000.0,700.0,2026-09-13T02:30:00Z,-108.0,-112.0
2026-09-12T09:19:17.490257-04:00,odds_api,401860883,Fresno State Bulldogs,Sacramento State Hornets,betus,-17.5,,44.5,,-1100.0,700.0,2026-09-13T02:30:00Z,-110.0,-110.0
2026-09-12T09:19:17.490257-04:00,odds_api,401860883,Fresno State Bulldogs,Sacramento State Hornets,mybookieag,-18.0,,44.5,,-1205.0,700.0,2026-09-13T02:30:00Z,-110.0,-110.0
2026-09-12T09:19:17.490257-04:00,odds_api,401860883,Fresno State Bulldogs,Sacramento State Hornets,bovada,-17.5,,45.0,,-1000.0,625.0,2026-09-13T02:30:00Z,-110.0,-105.0
2026-09-12T09:19:17.490257-04:00,odds_api,401860883,Fresno State Bulldogs,Sacramento State Hornets,betrivers,-18.0,,44.5,,-1250.0,700.0,2026-09-13T02:30:00Z,-112.0,-113.0
2026-09-12T09:19:17.490257-04:00,odds_api,401860883,Fresno State Bulldogs,Sacramento State Hornets,fanduel,-17.5,,44.5,,-1100.0,680.0,2026-09-13T02:30:00Z,-112.0,-115.0
2026-09-12T09:19:17.490257-04:00,odds_api,401864500,Nevada Wolf Pack,Montana State Bobcats,fanduel,3.5,,50.5,,134.0,-162.0,2026-09-13T02:30:00Z,-122.0,-108.0
2026-09-12T09:19:17.490257-04:00,odds_api,401864500,Nevada Wolf Pack,Montana State Bobcats,betrivers,3.0,,50.5,,135.0,-167.0,2026-09-13T02:30:00Z,-106.0,-109.0
2026-09-12T09:19:17.490257-04:00,odds_api,401864500,Nevada Wolf Pack,Montana State Bobcats,draftkings,3.5,,49.5,,140.0,-166.0,2026-09-13T02:30:00Z,-112.0,-112.0
2026-09-12T09:19:17.490257-04:00,odds_api,401864500,Nevada Wolf Pack,Montana State Bobcats,betonlineag,3.5,,50.5,,,,2026-09-13T02:30:00Z,-118.0,-105.0
2026-09-12T09:19:17.490257-04:00,odds_api,401864500,Nevada Wolf Pack,Montana State Bobcats,lowvig,3.5,,50.5,,,,2026-09-13T02:30:00Z,-118.0,-105.0
2026-09-12T09:19:17.490257-04:00,odds_api,401864500,Nevada Wolf Pack,Montana State Bobcats,bovada,3.5,,50.0,,150.0,-175.0,2026-09-13T02:30:00Z,-110.0,-110.0
2026-09-12T09:19:17.490257-04:00,odds_api,401858445,USC Trojans,Louisiana Ragin Cajuns,draftkings,-31.5,,59.5,,-9000.0,2500.0,2026-09-13T03:00:00Z,-105.0,-105.0
2026-09-12T09:19:17.490257-04:00,odds_api,401858445,USC Trojans,Louisiana Ragin Cajuns,lowvig,-31.0,,59.5,,-10000.0,1787.0,2026-09-13T03:00:00Z,-101.0,-103.0
2026-09-12T09:19:17.490257-04:00,odds_api,401858445,USC Trojans,Louisiana Ragin Cajuns,betonlineag,-31.0,,59.5,,-10000.0,1787.0,2026-09-13T03:00:00Z,-105.0,-105.0
2026-09-12T09:19:17.490257-04:00,odds_api,401858445,USC Trojans,Louisiana Ragin Cajuns,betmgm,-31.5,,59.5,,-10000.0,3000.0,2026-09-13T03:00:00Z,-110.0,-110.0
2026-09-12T09:19:17.490257-04:00,odds_api,401858445,USC Trojans,Louisiana Ragin Cajuns,betus,-31.0,,59.5,,,,2026-09-13T03:00:00Z,-110.0,-110.0
2026-09-12T09:19:17.490257-04:00,odds_api,401858445,USC Trojans,Louisiana Ragin Cajuns,betrivers,-31.0,,59.0,,,,2026-09-13T03:00:00Z,-110.0,-109.0
2026-09-12T09:19:17.490257-04:00,odds_api,401858445,USC Trojans,Louisiana Ragin Cajuns,bovada,-31.0,,59.5,,-10000.0,1600.0,2026-09-13T03:00:00Z,-110.0,-105.0
2026-09-12T09:19:17.490257-04:00,odds_api,401858445,USC Trojans,Louisiana Ragin Cajuns,mybookieag,-31.0,,59.0,,-18149.0,1559.0,2026-09-13T03:00:00Z,-110.0,-110.0
2026-09-12T09:19:17.490257-04:00,odds_api,401858445,USC Trojans,Louisiana Ragin Cajuns,fanduel,-31.5,,59.5,,-10000.0,3000.0,2026-09-13T03:00:00Z,-104.0,-105.0
2026-09-12T12:35:16.756754-04:00,cfbd,401856670,Utah,Arkansas,DraftKings,-12.5,-9.5,55.5,54.5,-500.0,380.0,,,
2026-09-12T12:35:16.756754-04:00,cfbd,401856670,Utah,Arkansas,Bovada,-12.5,-13.0,55.5,57.0,-525.0,375.0,,,
2026-09-12T12:35:16.756754-04:00,cfbd,401856788,Iowa,Iowa State,DraftKings,-14.0,-11.5,41.5,41.5,-600.0,455.0,,,
2026-09-12T12:35:16.756754-04:00,cfbd,401856788,Iowa,Iowa State,Bovada,-14.0,-14.0,41.5,41.0,-650.0,450.0,,,
2026-09-12T12:35:16.756754-04:00,cfbd,401856682,Texas,Ohio State,DraftKings,-1.5,-1.5,49.5,,-122.0,102.0,,,
2026-09-12T12:35:16.756754-04:00,cfbd,401856682,Texas,Ohio State,Bovada,-2.0,-2.5,50.0,47.5,-110.0,-110.0,,,
2026-09-12T12:35:16.756754-04:00,cfbd,401858443,UCLA,San Diego State,DraftKings,-13.5,-8.5,54.5,,-500.0,380.0,,,
2026-09-12T12:35:16.756754-04:00,cfbd,401858443,UCLA,San Diego State,Bovada,-13.5,-11.5,54.0,53.0,-490.0,355.0,,,
2026-09-12T12:35:16.756754-04:00,cfbd,401856810,BYU,Arizona,DraftKings,-7.0,-6.5,48.5,,-270.0,220.0,,,
2026-09-12T12:35:16.756754-04:00,cfbd,401856810,BYU,Arizona,Bovada,-7.0,-7.5,49.0,50.5,-310.0,255.0,,,
2026-09-12T12:35:16.756754-04:00,cfbd,401856674,Kentucky,Alabama,DraftKings,8.5,10.5,46.5,,285.0,-360.0,,,
2026-09-12T12:35:16.756754-04:00,cfbd,401856674,Kentucky,Alabama,Bovada,8.5,10.5,47.0,49.0,320.0,-430.0,,,
2026-09-12T12:35:16.756754-04:00,cfbd,401856681,Georgia Tech,Tennessee,DraftKings,12.5,8.5,55.5,,360.0,-470.0,,,
2026-09-12T12:35:16.756754-04:00,cfbd,401856681,Georgia Tech,Tennessee,Bovada,12.0,13.5,55.5,55.0,390.0,-550.0,,,
2026-09-12T12:35:16.756754-04:00,cfbd,401860881,Boise State,Memphis,DraftKings,-9.5,-6.5,55.5,,-375.0,295.0,,,
2026-09-12T12:35:16.756754-04:00,cfbd,401860881,Boise State,Memphis,Bovada,-9.0,-7.5,55.0,55.5,-330.0,265.0,,,
2026-09-12T12:35:16.756754-04:00,cfbd,401858217,Illinois,Duke,DraftKings,-6.0,-8.5,51.5,,-245.0,200.0,,,
2026-09-12T12:35:16.756754-04:00,cfbd,401858217,Illinois,Duke,Bovada,-6.0,-6.0,51.5,53.5,-235.0,195.0,,,
2026-09-12T12:35:16.756754-04:00,cfbd,401860884,Texas State,UTSA,DraftKings,-2.5,-1.5,65.5,,-142.0,120.0,,,
2026-09-12T12:35:16.756754-04:00,cfbd,401860884,Texas State,UTSA,Bovada,-2.5,1.0,65.5,64.5,-110.0,-110.0,,,
2026-09-12T12:35:16.756754-04:00,cfbd,401858216,Syracuse,California,DraftKings,-3.5,1.5,56.5,52.5,-192.0,160.0,,,
2026-09-12T12:35:16.756754-04:00,cfbd,401858216,Syracuse,California,Bovada,-3.5,-3.0,57.0,56.0,-165.0,140.0,,,
2026-09-12T12:35:16.756754-04:00,cfbd,401856790,Pittsburgh,UCF,DraftKings,-7.0,-8.5,55.5,51.5,-298.0,240.0,,,
2026-09-12T12:35:16.756754-04:00,cfbd,401856790,Pittsburgh,UCF,Bovada,-7.0,-7.5,55.0,57.0,-300.0,250.0,,,
2026-09-12T12:35:16.756754-04:00,cfbd,401858446,Washington,Utah State,DraftKings,-28.5,-24.5,55.5,56.5,-6500.0,2000.0,,,
2026-09-12T12:35:16.756754-04:00,cfbd,401858446,Washington,Utah State,Bovada,-28.0,-26.5,55.5,55.5,-5000.0,1300.0,,,
2026-09-12T12:35:16.756754-04:00,cfbd,401856783,Oregon State,Texas Tech,DraftKings,25.5,27.5,53.5,49.5,1400.0,-3200.0,,,
2026-09-12T12:35:16.756754-04:00,cfbd,401856783,Oregon State,Texas Tech,Bovada,25.5,26.5,53.5,51.5,1300.0,-5000.0,,,
2026-09-12T12:35:16.756754-04:00,cfbd,401864575,Tulane,South Alabama,DraftKings,-9.5,-10.0,48.5,55.5,-375.0,295.0,,,
2026-09-12T12:35:16.756754-04:00,cfbd,401864575,Tulane,South Alabama,Bovada,-9.5,-10.0,48.5,50.5,-420.0,315.0,,,
2026-09-12T12:35:16.756754-04:00,cfbd,401856673,Georgia,Western Kentucky,DraftKings,-40.5,-35.5,55.5,52.5,,,,,
2026-09-12T12:35:16.756754-04:00,cfbd,401856673,Georgia,Western Kentucky,Bovada,-40.0,-39.5,56.0,54.0,,,,,
2026-09-12T12:35:16.756754-04:00,cfbd,401858444,UConn,Maryland,DraftKings,11.5,12.5,52.5,53.5,360.0,-470.0,,,
2026-09-12T12:35:16.756754-04:00,cfbd,401858444,UConn,Maryland,Bovada,11.5,12.5,52.5,53.5,360.0,-500.0,,,
2026-09-12T12:35:16.756754-04:00,cfbd,401862705,North Texas,UNLV,DraftKings,3.0,6.5,57.5,61.5,136.0,-162.0,,,
2026-09-12T12:35:16.756754-04:00,cfbd,401862705,North Texas,UNLV,Bovada,3.0,4.5,58.0,57.0,160.0,-185.0,,,
2026-09-12T12:35:16.756754-04:00,cfbd,401871045,Marshall,Middle Tennessee,DraftKings,-13.5,-17.5,56.5,57.5,-520.0,390.0,,,
2026-09-12T12:35:16.756754-04:00,cfbd,401871045,Marshall,Middle Tennessee,Bovada,-13.0,-14.0,56.0,57.5,-750.0,500.0,,,
2026-09-12T12:35:16.756754-04:00,cfbd,401859184,Notre Dame,Rice,DraftKings,-44.5,-44.5,54.5,52.5,,,,,
2026-09-12T12:35:16.756754-04:00,cfbd,401859184,Notre Dame,Rice,Bovada,-45.0,-44.5,54.5,54.5,,,,,
2026-09-12T12:35:16.756754-04:00,cfbd,401858440,Michigan State,Eastern Michigan,DraftKings,-17.5,-15.5,49.5,51.5,-850.0,575.0,,,
2026-09-12T12:35:16.756754-04:00,cfbd,401858440,Michigan State,Eastern Michigan,Bovada,-17.0,-17.0,50.0,51.0,-1000.0,625.0,,,
2026-09-12T12:35:16.756754-04:00,cfbd,401866418,Ohio,Jacksonville State,DraftKings,-2.5,-2.5,50.5,48.5,-130.0,110.0,,,
2026-09-12T12:35:16.756754-04:00,cfbd,401866418,Ohio,Jacksonville State,Bovada,-1.5,-2.0,50.0,51.5,-125.0,105.0,,,
2026-09-12T12:35:16.756754-04:00,cfbd,401864578,Hawai'i,New Mexico State,DraftKings,-7.5,-11.5,50.5,51.5,-298.0,240.0,,,
2026-09-12T12:35:16.756754-04:00,cfbd,401864578,Hawai'i,New Mexico State,Bovada,-7.5,-10.0,50.0,50.5,-410.0,305.0,,,
2026-09-12T12:35:16.756754-04:00,cfbd,401858441,Nebraska,Bowling Green,DraftKings,-30.5,-25.5,49.5,48.5,-6500.0,2000.0,,,
2026-09-12T12:35:16.756754-04:00,cfbd,401858441,Nebraska,Bowling Green,Bovada,-30.0,-29.0,50.0,52.0,-10000.0,1600.0,,,
2026-09-12T12:35:16.756754-04:00,cfbd,401858445,USC,Louisiana,DraftKings,-30.5,-28.5,59.5,63.5,-5000.0,1800.0,,,
2026-09-12T12:35:16.756754-04:00,cfbd,401858445,USC,Louisiana,Bovada,-31.0,-31.0,59.5,60.0,-10000.0,1600.0,,,
2026-09-12T12:35:16.756754-04:00,cfbd,401858219,Clemson,Georgia Southern,DraftKings,-19.5,-26.5,55.5,57.5,-1200.0,750.0,,,
2026-09-12T12:35:16.756754-04:00,cfbd,401858219,Clemson,Georgia Southern,Bovada,-19.5,-21.0,55.0,55.5,-1800.0,850.0,,,
2026-09-12T12:35:16.756754-04:00,cfbd,401862708,UAB,UL Monroe,DraftKings,-9.5,-7.5,54.5,54.5,-360.0,285.0,,,
2026-09-12T12:35:16.756754-04:00,cfbd,401862708,UAB,UL Monroe,Bovada,-9.5,-10.5,54.0,56.0,-435.0,325.0,,,
2026-09-12T12:35:16.756754-04:00,cfbd,401856677,Minnesota,Mississippi State,DraftKings,1.5,-2.5,54.5,,-105.0,-115.0,,,
2026-09-12T12:35:16.756754-04:00,cfbd,401856677,Minnesota,Mississippi State,Bovada,1.0,1.0,55.0,55.5,-115.0,-105.0,,,
2026-09-12T12:35:16.756754-04:00,cfbd,401856676,Ole Miss,Charlotte,DraftKings,-45.5,-46.5,59.5,61.5,,,,,
2026-09-12T12:35:16.756754-04:00,cfbd,401856676,Ole Miss,Charlotte,Bovada,-45.5,-47.5,59.5,61.5,,,,,
2026-09-12T12:35:16.756754-04:00,cfbd,401866414,Florida International,Buffalo,DraftKings,-10.0,-10.5,47.5,51.5,-410.0,320.0,,,
2026-09-12T12:35:16.756754-04:00,cfbd,401866414,Florida International,Buffalo,Bovada,-10.0,-10.0,47.5,48.5,-415.0,310.0,,,
2026-09-12T12:35:16.756754-04:00,cfbd,401860883,Fresno State,Sacramento State,DraftKings,-17.5,-18.5,44.5,48.5,-900.0,600.0,,,
2026-09-12T12:35:16.756754-04:00,cfbd,401860883,Fresno State,Sacramento State,Bovada,-17.5,-18.0,44.5,46.0,-1100.0,650.0,,,
2026-09-12T12:35:16.756754-04:00,cfbd,401862707,Sam Houston,Tulsa,DraftKings,12.5,10.5,51.5,53.5,380.0,-500.0,,,
2026-09-12T12:35:16.756754-04:00,cfbd,401862707,Sam Houston,Tulsa,Bovada,12.5,13.5,52.0,52.0,425.0,-600.0,,,
2026-09-12T12:35:16.756754-04:00,cfbd,401864502,Air Force,North Dakota State,DraftKings,1.5,6.5,47.5,49.5,105.0,-125.0,,,
2026-09-12T12:35:16.756754-04:00,cfbd,401864502,Air Force,North Dakota State,Bovada,2.0,3.5,47.5,47.5,140.0,-165.0,,,
2026-09-12T12:35:16.756754-04:00,cfbd,401867796,LSU,Louisiana Tech,DraftKings,-35.5,-31.5,55.5,55.5,-20000.0,3500.0,,,
2026-09-12T12:35:16.756754-04:00,cfbd,401867796,LSU,Louisiana Tech,Bovada,-35.0,-33.5,56.0,55.5,,,,,
2026-09-12T12:35:16.756754-04:00,cfbd,401856684,Vanderbilt,Delaware,DraftKings,-21.0,-21.5,54.5,55.5,-1350.0,800.0,,,
2026-09-12T12:35:16.756754-04:00,cfbd,401856684,Vanderbilt,Delaware,Bovada,-21.0,-21.0,55.0,53.5,-1800.0,850.0,,,
2026-09-12T12:35:16.756754-04:00,cfbd,401869955,Kennesaw State,Georgia State,DraftKings,-8.5,-9.5,54.5,50.5,-340.0,270.0,,,
2026-09-12T12:35:16.756754-04:00,cfbd,401869955,Kennesaw State,Georgia State,Bovada,-8.0,-9.0,54.5,51.0,-360.0,280.0,,,
2026-09-12T12:35:16.756754-04:00,cfbd,401856671,Auburn,Southern Miss,DraftKings,-32.5,-29.5,57.5,52.5,-10000.0,3000.0,,,
2026-09-12T12:35:16.756754-04:00,cfbd,401856671,Auburn,Southern Miss,Bovada,-33.0,-30.0,57.0,53.0,,,,,
2026-09-12T12:35:16.756754-04:00,cfbd,401862703,Florida Atlantic,Navy,DraftKings,4.0,6.5,59.5,57.5,164.0,-198.0,,,
2026-09-12T12:35:16.756754-04:00,cfbd,401862703,Florida Atlantic,Navy,Bovada,4.0,5.5,59.5,59.0,185.0,-225.0,,,
2026-09-12T12:35:16.756754-04:00,cfbd,401856791,West Virginia,UT Martin,Bovada,-41.5,-42.0,57.5,55.5,,,,,
2026-09-12T12:35:16.756754-04:00,cfbd,401856791,West Virginia,UT Martin,DraftKings,-41.5,-40.5,56.5,55.5,,,,,
2026-09-12T12:35:16.756754-04:00,cfbd,401866412,Akron,Robert Morris,DraftKings,-27.5,-27.5,46.5,41.5,-3600.0,1500.0,,,
2026-09-12T12:35:16.756754-04:00,cfbd,401866412,Akron,Robert Morris,Bovada,-28.0,-27.5,46.5,44.0,-6500.0,1300.0,,,
2026-09-12T12:35:16.756754-04:00,cfbd,401866630,Maine,Merrimack,DraftKings,-10.0,-10.0,47.5,47.5,-431.0,314.0,,,
2026-09-12T12:35:16.756754-04:00,cfbd,401866629,Hampton,Bryant,DraftKings,3.5,3.5,48.5,48.5,132.0,-165.0,,,
2026-09-12T12:35:16.756754-04:00,cfbd,401866631,New Hampshire,Stonehill,DraftKings,-13.5,-13.5,43.5,43.5,-589.0,405.0,,,
2026-09-12T12:35:16.756754-04:00,cfbd,401868093,Idaho,Lamar,DraftKings,-3.5,-1.5,51.5,49.5,-175.0,139.0,,,
2026-09-12T12:35:16.756754-04:00,cfbd,401856785,Colorado,Weber State,DraftKings,-38.5,-33.5,57.5,53.5,-8000.0,2200.0,,,
2026-09-12T12:35:16.756754-04:00,cfbd,401856785,Colorado,Weber State,Bovada,-38.0,-34.5,57.0,55.5,,,,,
2026-09-12T12:35:16.756754-04:00,cfbd,401872616,South Dakota State,New Haven,DraftKings,-43.5,-44.5,55.5,55.5,,,,,
2026-09-12T12:35:16.756754-04:00,cfbd,401856786,Cincinnati,Western Carolina,DraftKings,-36.5,-36.5,60.5,60.5,,,,,
2026-09-12T12:35:16.756754-04:00,cfbd,401856786,Cincinnati,Western Carolina,Bovada,-36.5,-36.5,60.5,60.5,,,,,
2026-09-12T12:35:16.756754-04:00,cfbd,401866415,Central Michigan,Colgate,DraftKings,-18.5,-23.5,49.5,49.5,-1600.0,900.0,,,
2026-09-12T12:35:16.756754-04:00,cfbd,401866415,Central Michigan,Colgate,Bovada,-18.5,-22.0,49.0,49.5,-1600.0,850.0,,,
2026-09-12T12:35:16.756754-04:00,cfbd,401866417,Miami (OH),Holy Cross,DraftKings,-30.5,-30.5,47.5,49.5,-6500.0,2000.0,,,
2026-09-12T12:35:16.756754-04:00,cfbd,401866417,Miami (OH),Holy Cross,Bovada,-30.5,-30.5,47.0,50.0,,,,,
2026-09-12T12:35:16.756754-04:00,cfbd,401868195,Alabama A&M,Tennessee State,DraftKings,2.5,1.5,49.5,49.5,121.0,-150.0,,,
2026-09-12T12:35:16.756754-04:00,cfbd,401866419,Toledo,Central Connecticut,Bovada,-36.5,-36.0,52.5,54.5,,,,,
2026-09-12T12:35:16.756754-04:00,cfbd,401866419,Toledo,Central Connecticut,DraftKings,-36.5,-33.5,52.5,55.5,-20000.0,3500.0,,,
2026-09-12T12:35:16.756754-04:00,cfbd,401868123,Northern Arizona,Incarnate Word,DraftKings,-4.5,-4.5,54.5,54.5,-186.0,148.0,,,
2026-09-12T12:35:16.756754-04:00,cfbd,401864504,San José State,Cal Poly,DraftKings,-21.5,-20.5,58.5,56.5,-1800.0,1000.0,,,
2026-09-12T12:35:16.756754-04:00,cfbd,401864504,San José State,Cal Poly,Bovada,-21.0,-20.5,58.0,56.5,-1500.0,775.0,,,
2026-09-12T12:35:16.756754-04:00,cfbd,401866420,Massachusetts,Sacred Heart,DraftKings,-23.5,-23.5,53.5,53.5,-2400.0,1200.0,,,
2026-09-12T12:35:16.756754-04:00,cfbd,401866420,Massachusetts,Sacred Heart,Bovada,-23.5,-23.5,53.5,53.5,-2500.0,1000.0,,,
2026-09-12T12:35:16.756754-04:00,cfbd,401869130,East Texas A&M,Northwestern State,DraftKings,-20.5,-20.5,51.5,51.5,-1480.0,760.0,,,
2026-09-12T12:35:16.756754-04:00,cfbd,401868150,SE Louisiana,North Alabama,DraftKings,-6.5,-6.5,49.5,49.5,-212.0,167.0,,,
2026-09-12T12:35:16.756754-04:00,cfbd,401868008,Coastal Carolina,Fordham,DraftKings,-35.5,-31.5,53.5,52.5,-100000.0,5000.0,,,
2026-09-12T12:35:16.756754-04:00,cfbd,401868008,Coastal Carolina,Fordham,Bovada,-35.5,-34.5,53.5,53.0,,,,,
2026-09-12T12:35:16.756754-04:00,cfbd,401856789,TCU,Grambling,DraftKings,-44.5,-43.5,56.5,53.5,,,,,
2026-09-12T12:35:16.756754-04:00,cfbd,401856789,TCU,Grambling,Bovada,-44.5,-44.0,56.0,54.5,,,,,
2026-09-12T12:35:16.756754-04:00,cfbd,401866413,Ball State,Stony Brook,Bovada,-14.0,-14.0,53.0,54.5,-625.0,430.0,,,
2026-09-12T12:35:16.756754-04:00,cfbd,401866413,Ball State,Stony Brook,DraftKings,-13.5,-14.5,53.5,57.5,-550.0,410.0,,,
2026-09-12T12:35:16.756754-04:00,cfbd,401868246,Nicholls,UT Rio Grande Valley,DraftKings,5.5,5.5,50.5,50.5,177.0,-225.0,,,
2026-09-12T12:35:16.756754-04:00,cfbd,401856784,Baylor,Prairie View A&M,DraftKings,-37.5,-37.5,55.5,56.5,,,,,
2026-09-12T12:35:16.756754-04:00,cfbd,401856784,Baylor,Prairie View A&M,Bovada,-37.5,-37.5,55.5,55.5,,,,,
2026-09-12T12:35:16.756754-04:00,cfbd,401868241,Arkansas State,West Georgia,DraftKings,-31.5,-31.5,56.5,56.5,-10000.0,3000.0,,,
2026-09-12T12:35:16.756754-04:00,cfbd,401868241,Arkansas State,West Georgia,Bovada,-31.5,-31.5,56.0,56.5,,,,,
2026-09-12T12:35:16.756754-04:00,cfbd,401867876,Portland State,North Dakota,DraftKings,25.5,25.5,60.5,58.5,1240.0,-4600.0,,,
2026-09-12T12:35:16.756754-04:00,cfbd,401868355,Alcorn State,Arkansas-Pine Bluff,DraftKings,-8.5,-8.5,49.5,49.5,-346.0,261.0,,,
2026-09-12T12:35:16.756754-04:00,cfbd,401860882,Colorado State,Southern Utah,DraftKings,-20.5,-20.5,57.5,56.5,-1350.0,800.0,,,
2026-09-12T12:35:16.756754-04:00,cfbd,401860882,Colorado State,Southern Utah,Bovada,-20.5,-20.0,57.0,56.5,-1400.0,750.0,,,
2026-09-12T12:35:16.756754-04:00,cfbd,401864506,Wyoming,Northern Colorado,DraftKings,-23.5,-22.5,44.5,47.5,-1800.0,1000.0,,,
2026-09-12T12:35:16.756754-04:00,cfbd,401864506,Wyoming,Northern Colorado,Bovada,-22.5,-22.5,44.0,47.5,-2000.0,950.0,,,
2026-09-12T12:35:16.756754-04:00,cfbd,401868112,Montana,Utah Tech,Bovada,-38.5,-38.5,56.5,56.5,,,,,
2026-09-12T12:35:16.756754-04:00,cfbd,401868112,Montana,Utah Tech,DraftKings,-36.5,-38.5,57.5,56.5,,,,,
2026-09-12T12:35:16.756754-04:00,cfbd,401858223,SMU,UC Davis,DraftKings,-32.5,-24.5,58.5,58.5,-3600.0,1500.0,,,
2026-09-12T12:35:16.756754-04:00,cfbd,401858223,SMU,UC Davis,Bovada,-32.5,-29.5,59.0,58.5,,,,,
2026-09-12T12:35:16.756754-04:00,cfbd,401868374,Mercer,Furman,DraftKings,-15.5,-15.5,54.5,54.5,-670.0,447.0,,,
2026-09-12T12:35:16.756754-04:00,cfbd,401868236,McNeese,Tarleton State,DraftKings,20.5,20.5,56.5,56.5,690.0,-1280.0,,,
2026-09-12T12:35:16.756754-04:00,cfbd,401868326,Troy,Alabama State,DraftKings,-23.5,,51.5,51.5,-2100.0,1100.0,,,
2026-09-12T12:35:16.756754-04:00,cfbd,401868326,Troy,Alabama State,Bovada,-23.5,-22.5,52.0,51.5,-2000.0,950.0,,,
2026-09-12T12:35:16.756754-04:00,cfbd,401868171,The Citadel,Charleston Southern,DraftKings,-1.5,1.5,45.5,45.5,-136.0,109.0,,,
2026-09-12T12:35:16.756754-04:00,cfbd,401868061,Austin Peay,Morehead State,DraftKings,-36.5,-34.5,63.5,62.5,,,,,
2026-09-12T12:35:16.756754-04:00,cfbd,401867856,Eastern Illinois,Indiana State,DraftKings,1.5,1.5,49.5,49.5,-103.0,-121.0,,,
2026-09-12T12:35:16.756754-04:00,cfbd,401868033,Lehigh,William & Mary,DraftKings,-13.5,-11.5,47.5,47.5,-449.0,325.0,,,
2026-09-12T12:35:16.756754-04:00,cfbd,401856787,Houston,Southern,DraftKings,-51.5,-51.5,61.5,60.5,,,,,
2026-09-12T12:35:16.756754-04:00,cfbd,401856787,Houston,Southern,Bovada,-51.5,-51.5,61.5,60.5,,,,,
2026-09-12T12:35:16.756754-04:00,cfbd,401867867,Murray State,Valparaiso,DraftKings,-14.0,-10.5,51.5,51.5,-690.0,456.0,,,
2026-09-12T12:35:16.756754-04:00,cfbd,401868102,Idaho State,San Diego,DraftKings,-25.5,-25.5,58.5,58.5,-2300.0,950.0,,,
2026-09-12T12:35:16.756754-04:00,cfbd,401864505,UTEP,Texas Southern,DraftKings,-27.5,-25.5,52.5,52.5,-4500.0,1700.0,,,
2026-09-12T12:35:16.756754-04:00,cfbd,401864505,UTEP,Texas Southern,Bovada,-27.0,-25.5,53.5,53.0,-4000.0,1200.0,,,
2026-09-12T12:35:16.756754-04:00,cfbd,401866421,Western Michigan,Monmouth,DraftKings,-29.5,-25.5,53.5,52.5,-5000.0,1800.0,,,
2026-09-12T12:35:16.756754-04:00,cfbd,401866421,Western Michigan,Monmouth,Bovada,-28.5,-27.5,53.5,52.5,,,,,
2026-09-12T12:35:16.756754-04:00,cfbd,401868285,Bethune-Cookman,Stetson,DraftKings,-14.5,-14.5,56.5,56.5,-760.0,488.0,,,
2026-09-12T12:35:16.756754-04:00,cfbd,401868386,Tennessee Tech,Samford,DraftKings,-26.5,-26.5,48.5,48.5,-4900.0,1260.0,,,
2026-09-12T12:35:16.756754-04:00,cfbd,401867890,Southern Illinois,Southeast Missouri State,DraftKings,-7.5,-7.5,53.5,53.5,-355.0,266.0,,,
2026-09-12T12:35:16.756754-04:00,cfbd,401856680,South Carolina,Towson,Bovada,-44.0,-43.5,57.0,56.0,,,,,
2026-09-12T12:35:16.756754-04:00,cfbd,401856680,South Carolina,Towson,DraftKings,-43.5,-43.5,57.5,54.5,,,,,
2026-09-12T12:35:16.756754-04:00,cfbd,401867990,VMI,Bucknell,DraftKings,8.5,10.5,47.5,47.5,248.0,-327.0,,,
2026-09-12T12:35:16.756754-04:00,cfbd,401865252,New Mexico,Mercyhurst,Bovada,-42.0,-41.5,54.5,52.5,,,,,
2026-09-12T12:35:16.756754-04:00,cfbd,401865252,New Mexico,Mercyhurst,DraftKings,-42.5,-40.5,54.5,51.5,,,,,
2026-09-12T12:35:16.756754-04:00,cfbd,401867884,South Dakota,Eastern Washington,DraftKings,-16.5,-16.5,61.5,58.5,-770.0,495.0,,,
2026-09-12T12:35:16.756754-04:00,cfbd,401867895,Youngstown State,Duquesne,DraftKings,-22.5,-22.5,54.5,53.5,-2500.0,980.0,,,
2026-09-12T12:35:16.756754-04:00,cfbd,401856672,Florida,Campbell,DraftKings,-50.5,-49.5,65.5,65.5,,,,,
2026-09-12T12:35:16.756754-04:00,cfbd,401856672,Florida,Campbell,Bovada,-51.0,-50.5,67.0,66.0,,,,,
2026-09-12T12:35:16.756754-04:00,cfbd,401871046,Missouri State,Lindenwood,Bovada,-17.0,-17.0,52.5,52.5,-850.0,550.0,,,
2026-09-12T12:35:16.756754-04:00,cfbd,401871046,Missouri State,Lindenwood,DraftKings,-16.5,-19.5,52.5,52.5,-850.0,575.0,,,
2026-09-12T12:35:16.756754-04:00,cfbd,401864503,Northern Illinois,Illinois State,Bovada,3.0,5.0,48.0,48.0,175.0,-210.0,,,
2026-09-12T12:35:16.756754-04:00,cfbd,401864503,Northern Illinois,Illinois State,DraftKings,3.0,4.5,47.5,48.5,142.0,-170.0,,,
2026-09-12T12:35:16.756754-04:00,cfbd,401864500,Nevada,Montana State,Bovada,4.0,3.5,51.5,49.5,155.0,-180.0,,,
2026-09-12T12:35:16.756754-04:00,cfbd,401864500,Nevada,Montana State,DraftKings,3.5,4.5,51.5,49.5,142.0,-170.0,,,
2026-09-12T12:35:16.756754-04:00,cfbd,401868050,Abilene Christian,Stephen F. Austin,DraftKings,3.0,3.0,50.5,50.5,106.0,-131.0,,,
2026-09-12T12:35:16.756754-04:00,cfbd,401858447,Wisconsin,Western Illinois,Bovada,-43.0,-40.0,51.5,49.5,,,,,
2026-09-12T12:35:16.756754-04:00,cfbd,401858447,Wisconsin,Western Illinois,DraftKings,-42.5,-38.5,51.5,48.5,,,,,
2026-09-12T12:35:16.756754-04:00,cfbd,401868255,Northern Iowa,Drake,DraftKings,-11.5,-10.5,58.5,54.5,-542.0,379.0,,,
2026-09-12T12:35:16.756754-04:00,cfbd,401868141,Eastern Kentucky,Chattanooga,DraftKings,3.0,3.0,48.5,48.5,135.0,-169.0,,,
2026-09-12T12:35:17.013701-04:00,odds_api,401856673,Georgia Bulldogs,Western Kentucky Hilltoppers,draftkings,-40.5,,55.5,,,,2026-09-12T16:45:00Z,-105.0,-112.0
2026-09-12T12:35:17.013701-04:00,odds_api,401856673,Georgia Bulldogs,Western Kentucky Hilltoppers,betonlineag,-40.5,,55.5,,,,2026-09-12T16:45:00Z,-114.0,-115.0
2026-09-12T12:35:17.013701-04:00,odds_api,401856673,Georgia Bulldogs,Western Kentucky Hilltoppers,lowvig,-40.5,,55.5,,,,2026-09-12T16:45:00Z,-110.0,-114.0
2026-09-12T12:35:17.013701-04:00,odds_api,401856673,Georgia Bulldogs,Western Kentucky Hilltoppers,betrivers,-41.0,,55.5,,,,2026-09-12T16:45:00Z,-112.0,-114.0
2026-09-12T12:35:17.013701-04:00,odds_api,401856673,Georgia Bulldogs,Western Kentucky Hilltoppers,betus,-40.5,,55.5,,,,2026-09-12T16:45:00Z,-110.0,-115.0
2026-09-12T12:35:17.013701-04:00,odds_api,401856673,Georgia Bulldogs,Western Kentucky Hilltoppers,bovada,-40.0,,56.0,,,,2026-09-12T16:45:00Z,-110.0,-105.0
2026-09-12T12:35:17.013701-04:00,odds_api,401856673,Georgia Bulldogs,Western Kentucky Hilltoppers,betmgm,-40.5,,55.5,,,,2026-09-12T16:45:00Z,-110.0,-110.0
2026-09-12T12:35:17.013701-04:00,odds_api,401856673,Georgia Bulldogs,Western Kentucky Hilltoppers,fanduel,-40.5,,55.5,,,,2026-09-12T16:45:00Z,-110.0,-112.0
2026-09-12T12:35:17.013701-04:00,odds_api,401866415,Central Michigan Chippewas,Colgate Raiders,fanduel,-19.5,,49.5,,-1800.0,920.0,2026-09-12T17:00:00Z,-110.0,-105.0
2026-09-12T12:35:17.013701-04:00,odds_api,401866415,Central Michigan Chippewas,Colgate Raiders,betrivers,-19.5,,48.5,,-2000.0,900.0,2026-09-12T17:00:00Z,-112.0,-110.0
2026-09-12T12:35:17.013701-04:00,odds_api,401866415,Central Michigan Chippewas,Colgate Raiders,draftkings,-18.5,,49.5,,-1600.0,900.0,2026-09-12T17:00:00Z,-108.0,-105.0
2026-09-12T12:35:17.013701-04:00,odds_api,401866415,Central Michigan Chippewas,Colgate Raiders,betonlineag,-18.5,,49.5,,,,2026-09-12T17:00:00Z,-110.0,-110.0
2026-09-12T12:35:17.013701-04:00,odds_api,401866415,Central Michigan Chippewas,Colgate Raiders,lowvig,-18.5,,49.5,,,,2026-09-12T17:00:00Z,-110.0,-110.0
2026-09-12T12:35:17.013701-04:00,odds_api,401866415,Central Michigan Chippewas,Colgate Raiders,bovada,-18.5,,49.0,,-1400.0,750.0,2026-09-12T17:00:00Z,-110.0,-110.0
2026-09-12T12:35:17.013701-04:00,odds_api,401866415,Central Michigan Chippewas,Colgate Raiders,betmgm,-18.0,,49.5,,-1400.0,900.0,2026-09-12T17:00:00Z,-112.0,-105.0
2026-09-12T12:35:17.013701-04:00,odds_api,401866415,Central Michigan Chippewas,Colgate Raiders,mybookieag,-18.5,,49.0,,-2000.0,820.0,2026-09-12T17:00:00Z,-110.0,-110.0
2026-09-12T12:35:17.013701-04:00,odds_api,401866417,Miami (OH) RedHawks,Holy Cross Crusaders,fanduel,-31.5,,47.5,,-8000.0,2200.0,2026-09-12T17:00:00Z,-104.0,-108.0
2026-09-12T12:35:17.013701-04:00,odds_api,401866417,Miami (OH) RedHawks,Holy Cross Crusaders,betrivers,-30.5,,48.5,,,,2026-09-12T17:00:00Z,-114.0,-107.0
2026-09-12T12:35:17.013701-04:00,odds_api,401866417,Miami (OH) RedHawks,Holy Cross Crusaders,draftkings,-30.5,,47.5,,-6500.0,2000.0,2026-09-12T17:00:00Z,-112.0,-105.0
2026-09-12T12:35:17.013701-04:00,odds_api,401866417,Miami (OH) RedHawks,Holy Cross Crusaders,betonlineag,-30.5,,47.0,,,,2026-09-12T17:00:00Z,-110.0,-115.0
2026-09-12T12:35:17.013701-04:00,odds_api,401866417,Miami (OH) RedHawks,Holy Cross Crusaders,lowvig,-30.5,,47.0,,,,2026-09-12T17:00:00Z,-110.0,-115.0
2026-09-12T12:35:17.013701-04:00,odds_api,401866417,Miami (OH) RedHawks,Holy Cross Crusaders,bovada,-30.5,,47.0,,,,2026-09-12T17:00:00Z,-110.0,-115.0
2026-09-12T12:35:17.013701-04:00,odds_api,401866417,Miami (OH) RedHawks,Holy Cross Crusaders,betmgm,-31.0,,46.5,,-12500.0,3500.0,2026-09-12T17:00:00Z,-108.0,-112.0
2026-09-12T12:35:17.013701-04:00,odds_api,401856791,West Virginia Mountaineers,UT Martin Skyhawks,fanduel,-41.5,,56.5,,,,2026-09-12T17:00:00Z,-110.0,-110.0
2026-09-12T12:35:17.013701-04:00,odds_api,401856791,West Virginia Mountaineers,UT Martin Skyhawks,betrivers,-41.0,,55.5,,,,2026-09-12T17:00:00Z,-114.0,-117.0
2026-09-12T12:35:17.013701-04:00,odds_api,401856791,West Virginia Mountaineers,UT Martin Skyhawks,draftkings,-41.5,,56.5,,,,2026-09-12T17:00:00Z,-108.0,-115.0
2026-09-12T12:35:17.013701-04:00,odds_api,401856791,West Virginia Mountaineers,UT Martin Skyhawks,betonlineag,-41.0,,57.0,,,,2026-09-12T17:00:00Z,-108.0,-115.0
2026-09-12T12:35:17.013701-04:00,odds_api,401856791,West Virginia Mountaineers,UT Martin Skyhawks,bovada,-41.5,,57.5,,,,2026-09-12T17:00:00Z,-110.0,-105.0
2026-09-12T12:35:17.013701-04:00,odds_api,401856791,West Virginia Mountaineers,UT Martin Skyhawks,betmgm,-41.5,,55.5,,,,2026-09-12T17:00:00Z,-110.0,-112.0
2026-09-12T12:35:17.013701-04:00,odds_api,401856782,Oklahoma State Cowboys,Oregon Ducks,fanduel,23.5,,56.5,,1160.0,-2800.0,2026-09-12T17:30:00Z,-105.0,-108.0
2026-09-12T12:35:17.013701-04:00,odds_api,401856782,Oklahoma State Cowboys,Oregon Ducks,mybookieag,23.5,,54.5,,950.0,-2000.0,2026-09-12T17:30:00Z,-111.0,-118.0
2026-09-12T12:35:17.013701-04:00,odds_api,401856782,Oklahoma State Cowboys,Oregon Ducks,draftkings,23.5,,55.5,,1100.0,-2100.0,2026-09-12T17:30:00Z,-105.0,-105.0
2026-09-12T12:35:17.013701-04:00,odds_api,401856782,Oklahoma State Cowboys,Oregon Ducks,betmgm,24.0,,54.5,,1300.0,-2500.0,2026-09-12T17:30:00Z,-110.0,-125.0
2026-09-12T12:35:17.013701-04:00,odds_api,401856782,Oklahoma State Cowboys,Oregon Ducks,lowvig,24.0,,55.0,,1196.0,-2700.0,2026-09-12T17:30:00Z,-106.0,-114.0
2026-09-12T12:35:17.013701-04:00,odds_api,401856782,Oklahoma State Cowboys,Oregon Ducks,betonlineag,24.0,,55.0,,1196.0,-2700.0,2026-09-12T17:30:00Z,-106.0,-115.0
2026-09-12T12:35:17.013701-04:00,odds_api,401856782,Oklahoma State Cowboys,Oregon Ducks,bovada,23.5,,55.5,,1000.0,-2200.0,2026-09-12T17:30:00Z,-105.0,-110.0
2026-09-12T12:35:17.013701-04:00,odds_api,401856782,Oklahoma State Cowboys,Oregon Ducks,betus,24.0,,55.5,,1225.0,-2700.0,2026-09-12T17:30:00Z,-105.0,-110.0
2026-09-12T12:35:17.013701-04:00,odds_api,401866413,Ball State Cardinals,Stony Brook Seawolves,fanduel,-14.5,,52.5,,-630.0,450.0,2026-09-12T18:00:00Z,-105.0,-110.0
2026-09-12T12:35:17.013701-04:00,odds_api,401866413,Ball State Cardinals,Stony Brook Seawolves,mybookieag,,,,,-676.0,420.0,2026-09-12T18:00:00Z,,
2026-09-12T12:35:17.013701-04:00,odds_api,401866413,Ball State Cardinals,Stony Brook Seawolves,betrivers,-14.0,,53.5,,-835.0,525.0,2026-09-12T18:00:00Z,-113.0,-109.0
2026-09-12T12:35:17.013701-04:00,odds_api,401866413,Ball State Cardinals,Stony Brook Seawolves,draftkings,-13.5,,52.5,,-550.0,410.0,2026-09-12T18:00:00Z,-115.0,-115.0
2026-09-12T12:35:17.013701-04:00,odds_api,401866413,Ball State Cardinals,Stony Brook Seawolves,betonlineag,-13.5,,52.0,,,,2026-09-12T18:00:00Z,-115.0,-110.0
2026-09-12T12:35:17.013701-04:00,odds_api,401866413,Ball State Cardinals,Stony Brook Seawolves,lowvig,-13.5,,52.0,,,,2026-09-12T18:00:00Z,-115.0,-110.0
2026-09-12T12:35:17.013701-04:00,odds_api,401866413,Ball State Cardinals,Stony Brook Seawolves,bovada,-14.0,,53.0,,-625.0,430.0,2026-09-12T18:00:00Z,-110.0,-110.0
2026-09-12T12:35:17.013701-04:00,odds_api,401866413,Ball State Cardinals,Stony Brook Seawolves,betmgm,-14.0,,53.5,,-600.0,425.0,2026-09-12T18:00:00Z,-108.0,-110.0
2026-09-12T12:35:17.013701-04:00,odds_api,401866412,Akron Zips,Robert Morris Colonials,fanduel,-27.5,,46.5,,-8000.0,2200.0,2026-09-12T19:30:00Z,-114.0,-110.0
2026-09-12T12:35:17.013701-04:00,odds_api,401866412,Akron Zips,Robert Morris Colonials,betrivers,-27.5,,46.5,,,,2026-09-12T19:30:00Z,-113.0,-110.0
2026-09-12T12:35:17.013701-04:00,odds_api,401866412,Akron Zips,Robert Morris Colonials,draftkings,-27.5,,46.5,,-3600.0,1500.0,2026-09-12T19:30:00Z,-110.0,-110.0
2026-09-12T12:35:17.013701-04:00,odds_api,401866412,Akron Zips,Robert Morris Colonials,betonlineag,-27.5,,46.5,,,,2026-09-12T19:30:00Z,-110.0,-112.0
2026-09-12T12:35:17.013701-04:00,odds_api,401866412,Akron Zips,Robert Morris Colonials,lowvig,-27.5,,46.5,,,,2026-09-12T19:30:00Z,-110.0,-112.0
2026-09-12T12:35:17.013701-04:00,odds_api,401866412,Akron Zips,Robert Morris Colonials,bovada,-28.0,,46.5,,,,2026-09-12T19:30:00Z,-110.0,-110.0
2026-09-12T12:35:17.013701-04:00,odds_api,401866412,Akron Zips,Robert Morris Colonials,betmgm,-27.5,,45.5,,-5000.0,1900.0,2026-09-12T19:30:00Z,-108.0,-120.0
2026-09-12T12:35:17.013701-04:00,odds_api,401856674,Kentucky Wildcats,Alabama Crimson Tide,draftkings,8.5,,46.5,,285.0,-360.0,2026-09-12T19:30:00Z,-108.0,-115.0
2026-09-12T12:35:17.013701-04:00,odds_api,401856674,Kentucky Wildcats,Alabama Crimson Tide,fanduel,9.5,,47.5,,275.0,-350.0,2026-09-12T19:30:00Z,-115.0,-105.0
2026-09-12T12:35:17.013701-04:00,odds_api,401856674,Kentucky Wildcats,Alabama Crimson Tide,betrivers,10.0,,48.0,,310.0,-455.0,2026-09-12T19:30:00Z,-115.0,-109.0
2026-09-12T12:35:17.013701-04:00,odds_api,401856674,Kentucky Wildcats,Alabama Crimson Tide,betmgm,8.5,,47.5,,290.0,-375.0,2026-09-12T19:30:00Z,-110.0,-105.0
2026-09-12T12:35:17.013701-04:00,odds_api,401856674,Kentucky Wildcats,Alabama Crimson Tide,betonlineag,9.5,,47.0,,303.0,-380.0,2026-09-12T19:30:00Z,-110.0,-110.0
2026-09-12T12:35:17.013701-04:00,odds_api,401856674,Kentucky Wildcats,Alabama Crimson Tide,lowvig,9.5,,47.0,,303.0,-380.0,2026-09-12T19:30:00Z,-106.0,-108.0
2026-09-12T12:35:17.013701-04:00,odds_api,401856674,Kentucky Wildcats,Alabama Crimson Tide,betus,9.0,,47.0,,305.0,-380.0,2026-09-12T19:30:00Z,-110.0,-110.0
2026-09-12T12:35:17.013701-04:00,odds_api,401856674,Kentucky Wildcats,Alabama Crimson Tide,mybookieag,9.0,,47.0,,290.0,-380.0,2026-09-12T19:30:00Z,-110.0,-110.0
2026-09-12T12:35:17.013701-04:00,odds_api,401856674,Kentucky Wildcats,Alabama Crimson Tide,bovada,8.5,,47.0,,285.0,-370.0,2026-09-12T19:30:00Z,-110.0,-115.0
2026-09-12T12:35:17.013701-04:00,odds_api,401856810,BYU Cougars,Arizona Wildcats,draftkings,-7.0,,48.5,,-270.0,220.0,2026-09-12T19:30:00Z,-108.0,-115.0
2026-09-12T12:35:17.013701-04:00,odds_api,401856810,BYU Cougars,Arizona Wildcats,fanduel,-6.5,,48.5,,-275.0,220.0,2026-09-12T19:30:00Z,-122.0,-106.0
2026-09-12T12:35:17.013701-04:00,odds_api,401856810,BYU Cougars,Arizona Wildcats,betrivers,-7.5,,48.5,,-335.0,250.0,2026-09-12T19:30:00Z,-109.0,-109.0
2026-09-12T12:35:17.013701-04:00,odds_api,401856810,BYU Cougars,Arizona Wildcats,betmgm,-7.0,,48.5,,-275.0,220.0,2026-09-12T19:30:00Z,-110.0,-110.0
2026-09-12T12:35:17.013701-04:00,odds_api,401856810,BYU Cougars,Arizona Wildcats,lowvig,-6.5,,49.0,,-265.0,219.0,2026-09-12T19:30:00Z,-122.0,-108.0
2026-09-12T12:35:17.013701-04:00,odds_api,401856810,BYU Cougars,Arizona Wildcats,betonlineag,-6.5,,49.0,,-265.0,219.0,2026-09-12T19:30:00Z,-125.0,-110.0
2026-09-12T12:35:17.013701-04:00,odds_api,401856810,BYU Cougars,Arizona Wildcats,betus,-7.0,,48.5,,-265.0,223.0,2026-09-12T19:30:00Z,-110.0,-110.0
2026-09-12T12:35:17.013701-04:00,odds_api,401856810,BYU Cougars,Arizona Wildcats,mybookieag,-7.0,,48.5,,-271.0,210.0,2026-09-12T19:30:00Z,-110.0,-110.0
2026-09-12T12:35:17.013701-04:00,odds_api,401856810,BYU Cougars,Arizona Wildcats,bovada,-7.0,,49.0,,-280.0,230.0,2026-09-12T19:30:00Z,-110.0,-110.0
2026-09-12T12:35:17.013701-04:00,odds_api,401858216,Syracuse Orange,California Golden Bears,fanduel,-3.5,,56.5,,-170.0,140.0,2026-09-12T19:30:00Z,-108.0,-114.0
2026-09-12T12:35:17.013701-04:00,odds_api,401858216,Syracuse Orange,California Golden Bears,draftkings,-3.5,,56.5,,-192.0,160.0,2026-09-12T19:30:00Z,-108.0,-115.0
2026-09-12T12:35:17.013701-04:00,odds_api,401858216,Syracuse Orange,California Golden Bears,lowvig,-3.5,,56.5,,-180.0,157.0,2026-09-12T19:30:00Z,-106.0,-114.0
2026-09-12T12:35:17.013701-04:00,odds_api,401858216,Syracuse Orange,California Golden Bears,betonlineag,-3.5,,56.5,,-180.0,157.0,2026-09-12T19:30:00Z,-114.0,-115.0
2026-09-12T12:35:17.013701-04:00,odds_api,401858216,Syracuse Orange,California Golden Bears,betrivers,-3.5,,57.0,,-190.0,150.0,2026-09-12T19:30:00Z,-114.0,-112.0
2026-09-12T12:35:17.013701-04:00,odds_api,401858216,Syracuse Orange,California Golden Bears,betmgm,-3.5,,56.5,,-185.0,150.0,2026-09-12T19:30:00Z,-110.0,-112.0
2026-09-12T12:35:17.013701-04:00,odds_api,401858216,Syracuse Orange,California Golden Bears,betus,-3.5,,57.0,,-180.0,155.0,2026-09-12T19:30:00Z,-115.0,-115.0
2026-09-12T12:35:17.013701-04:00,odds_api,401858216,Syracuse Orange,California Golden Bears,mybookieag,-3.5,,57.0,,-186.0,150.0,2026-09-12T19:30:00Z,-110.0,-110.0
2026-09-12T12:35:17.013701-04:00,odds_api,401858216,Syracuse Orange,California Golden Bears,bovada,-3.5,,57.0,,-180.0,155.0,2026-09-12T19:30:00Z,-115.0,-105.0
2026-09-12T12:35:17.013701-04:00,odds_api,401866419,Toledo Rockets,Central Connecticut Blue Devils,fanduel,-35.5,,52.5,,,,2026-09-12T19:30:00Z,-112.0,-112.0
2026-09-12T12:35:17.013701-04:00,odds_api,401866419,Toledo Rockets,Central Connecticut Blue Devils,betrivers,-36.0,,52.5,,,,2026-09-12T19:30:00Z,-112.0,-110.0
2026-09-12T12:35:17.013701-04:00,odds_api,401866419,Toledo Rockets,Central Connecticut Blue Devils,draftkings,-36.5,,52.5,,-20000.0,3500.0,2026-09-12T19:30:00Z,-108.0,-108.0
2026-09-12T12:35:17.013701-04:00,odds_api,401866419,Toledo Rockets,Central Connecticut Blue Devils,bovada,-36.5,,52.0,,,,2026-09-12T19:30:00Z,-105.0,-110.0
2026-09-12T12:35:17.013701-04:00,odds_api,401866419,Toledo Rockets,Central Connecticut Blue Devils,betmgm,-35.5,,,,,,2026-09-12T19:30:00Z,-110.0,
2026-09-12T12:35:17.013701-04:00,odds_api,401856785,Colorado Buffaloes,Weber State Wildcats,fanduel,-36.5,,56.5,,,,2026-09-12T19:30:00Z,-115.0,-115.0
2026-09-12T12:35:17.013701-04:00,odds_api,401856785,Colorado Buffaloes,Weber State Wildcats,betrivers,-38.5,,57.5,,,,2026-09-12T19:30:00Z,-108.0,-115.0
2026-09-12T12:35:17.013701-04:00,odds_api,401856785,Colorado Buffaloes,Weber State Wildcats,draftkings,-38.5,,57.5,,-8000.0,2200.0,2026-09-12T19:30:00Z,-102.0,-108.0
2026-09-12T12:35:17.013701-04:00,odds_api,401856785,Colorado Buffaloes,Weber State Wildcats,lowvig,-39.0,,57.0,,,,2026-09-12T19:30:00Z,-105.0,-105.0
2026-09-12T12:35:17.013701-04:00,odds_api,401856785,Colorado Buffaloes,Weber State Wildcats,bovada,-38.0,,57.0,,,,2026-09-12T19:30:00Z,-115.0,-115.0
2026-09-12T12:35:17.013701-04:00,odds_api,401856785,Colorado Buffaloes,Weber State Wildcats,betmgm,-37.5,,57.5,,,,2026-09-12T19:30:00Z,-112.0,-110.0
2026-09-12T12:35:17.013701-04:00,odds_api,401858217,Illinois Fighting Illini,Duke Blue Devils,draftkings,-6.0,,51.5,,-230.0,190.0,2026-09-12T19:30:00Z,-108.0,-105.0
2026-09-12T12:35:17.013701-04:00,odds_api,401858217,Illinois Fighting Illini,Duke Blue Devils,fanduel,-5.5,,51.5,,-235.0,190.0,2026-09-12T19:30:00Z,-115.0,-110.0
2026-09-12T12:35:17.013701-04:00,odds_api,401858217,Illinois Fighting Illini,Duke Blue Devils,betrivers,-5.5,,51.5,,-215.0,165.0,2026-09-12T19:30:00Z,-113.0,-112.0
2026-09-12T12:35:17.013701-04:00,odds_api,401858217,Illinois Fighting Illini,Duke Blue Devils,betonlineag,-6.0,,51.0,,-245.0,203.0,2026-09-12T19:30:00Z,-115.0,-112.0
2026-09-12T12:35:17.013701-04:00,odds_api,401858217,Illinois Fighting Illini,Duke Blue Devils,lowvig,-6.0,,51.5,,-245.0,203.0,2026-09-12T19:30:00Z,-106.0,-108.0
2026-09-12T12:35:17.013701-04:00,odds_api,401858217,Illinois Fighting Illini,Duke Blue Devils,betmgm,-6.5,,51.5,,-235.0,195.0,2026-09-12T19:30:00Z,-112.0,-108.0
2026-09-12T12:35:17.013701-04:00,odds_api,401858217,Illinois Fighting Illini,Duke Blue Devils,betus,-6.0,,51.5,,-225.0,190.0,2026-09-12T19:30:00Z,-115.0,-110.0
2026-09-12T12:35:17.013701-04:00,odds_api,401858217,Illinois Fighting Illini,Duke Blue Devils,mybookieag,-6.0,,51.5,,-244.0,194.0,2026-09-12T19:30:00Z,-110.0,-110.0
2026-09-12T12:35:17.013701-04:00,odds_api,401858217,Illinois Fighting Illini,Duke Blue Devils,bovada,-6.0,,51.5,,-230.0,190.0,2026-09-12T19:30:00Z,-105.0,-115.0
2026-09-12T12:35:17.013701-04:00,odds_api,401858440,Michigan State Spartans,Eastern Michigan Eagles,fanduel,-17.5,,49.5,,-1000.0,640.0,2026-09-12T19:30:00Z,-106.0,-110.0
2026-09-12T12:35:17.013701-04:00,odds_api,401858440,Michigan State Spartans,Eastern Michigan Eagles,draftkings,-17.5,,49.5,,-850.0,575.0,2026-09-12T19:30:00Z,-108.0,-110.0
2026-09-12T12:35:17.013701-04:00,odds_api,401858440,Michigan State Spartans,Eastern Michigan Eagles,lowvig,-17.5,,50.0,,-925.0,624.0,2026-09-12T19:30:00Z,100.0,-103.0
2026-09-12T12:35:17.013701-04:00,odds_api,401858440,Michigan State Spartans,Eastern Michigan Eagles,betonlineag,-17.5,,50.0,,-925.0,624.0,2026-09-12T19:30:00Z,-104.0,-105.0
2026-09-12T12:35:17.013701-04:00,odds_api,401858440,Michigan State Spartans,Eastern Michigan Eagles,betmgm,-17.0,,49.5,,-900.0,650.0,2026-09-12T19:30:00Z,-112.0,-110.0
2026-09-12T12:35:17.013701-04:00,odds_api,401858440,Michigan State Spartans,Eastern Michigan Eagles,betrivers,-17.5,,49.5,,-1250.0,650.0,2026-09-12T19:30:00Z,-109.0,-114.0
2026-09-12T12:35:17.013701-04:00,odds_api,401858440,Michigan State Spartans,Eastern Michigan Eagles,betus,-17.5,,50.0,,-925.0,615.0,2026-09-12T19:30:00Z,-105.0,-110.0
2026-09-12T12:35:17.013701-04:00,odds_api,401858440,Michigan State Spartans,Eastern Michigan Eagles,mybookieag,-17.5,,49.5,,-1000.0,620.0,2026-09-12T19:30:00Z,-110.0,-110.0
2026-09-12T12:35:17.013701-04:00,odds_api,401858440,Michigan State Spartans,Eastern Michigan Eagles,bovada,-17.0,,50.0,,-1000.0,625.0,2026-09-12T19:30:00Z,-115.0,-110.0
2026-09-12T12:35:17.013701-04:00,odds_api,401858444,UConn Huskies,Maryland Terrapins,fanduel,11.5,,52.5,,350.0,-465.0,2026-09-12T19:30:00Z,-110.0,-105.0
2026-09-12T12:35:17.013701-04:00,odds_api,401858444,UConn Huskies,Maryland Terrapins,draftkings,11.5,,52.5,,360.0,-470.0,2026-09-12T19:30:00Z,-108.0,-112.0
2026-09-12T12:35:17.013701-04:00,odds_api,401858444,UConn Huskies,Maryland Terrapins,lowvig,11.0,,52.5,,350.0,-450.0,2026-09-12T19:30:00Z,-101.0,-114.0
2026-09-12T12:35:17.013701-04:00,odds_api,401858444,UConn Huskies,Maryland Terrapins,betonlineag,11.0,,52.5,,350.0,-450.0,2026-09-12T19:30:00Z,-105.0,-115.0
2026-09-12T12:35:17.013701-04:00,odds_api,401858444,UConn Huskies,Maryland Terrapins,betmgm,11.5,,52.5,,350.0,-450.0,2026-09-12T19:30:00Z,-110.0,-108.0
2026-09-12T12:35:17.013701-04:00,odds_api,401858444,UConn Huskies,Maryland Terrapins,betrivers,12.0,,52.5,,410.0,-590.0,2026-09-12T19:30:00Z,-113.0,-115.0
2026-09-12T12:35:17.013701-04:00,odds_api,401858444,UConn Huskies,Maryland Terrapins,betus,11.5,,52.5,,355.0,-450.0,2026-09-12T19:30:00Z,-110.0,-115.0
2026-09-12T12:35:17.013701-04:00,odds_api,401858444,UConn Huskies,Maryland Terrapins,mybookieag,11.5,,52.0,,360.0,-490.0,2026-09-12T19:30:00Z,-110.0,-110.0
2026-09-12T12:35:17.013701-04:00,odds_api,401858444,UConn Huskies,Maryland Terrapins,bovada,11.5,,52.5,,345.0,-470.0,2026-09-12T19:30:00Z,-110.0,-110.0
2026-09-12T12:35:17.013701-04:00,odds_api,401856677,Minnesota Golden Gophers,Mississippi State Bulldogs,draftkings,1.5,,54.5,,-105.0,-115.0,2026-09-12T19:30:00Z,-115.0,-112.0
2026-09-12T12:35:17.013701-04:00,odds_api,401856677,Minnesota Golden Gophers,Mississippi State Bulldogs,fanduel,1.5,,54.5,,-110.0,-110.0,2026-09-12T19:30:00Z,-122.0,-115.0
2026-09-12T12:35:17.013701-04:00,odds_api,401856677,Minnesota Golden Gophers,Mississippi State Bulldogs,betrivers,-0.5,,55.5,,-114.0,-109.0,2026-09-12T19:30:00Z,-114.0,-108.0
2026-09-12T12:35:17.013701-04:00,odds_api,401856677,Minnesota Golden Gophers,Mississippi State Bulldogs,betonlineag,0.0,,54.5,,,,2026-09-12T19:30:00Z,-106.0,-110.0
2026-09-12T12:35:17.013701-04:00,odds_api,401856677,Minnesota Golden Gophers,Mississippi State Bulldogs,lowvig,0.0,,54.5,,,,2026-09-12T19:30:00Z,-102.0,-108.0
2026-09-12T12:35:17.013701-04:00,odds_api,401856677,Minnesota Golden Gophers,Mississippi State Bulldogs,betmgm,-1.0,,54.5,,-110.0,-108.0,2026-09-12T19:30:00Z,-105.0,-112.0
2026-09-12T12:35:17.013701-04:00,odds_api,401856677,Minnesota Golden Gophers,Mississippi State Bulldogs,betus,1.0,,54.5,,100.0,-120.0,2026-09-12T19:30:00Z,-110.0,-110.0
2026-09-12T12:35:17.013701-04:00,odds_api,401856677,Minnesota Golden Gophers,Mississippi State Bulldogs,mybookieag,1.5,,54.5,,-106.0,-115.0,2026-09-12T19:30:00Z,-110.0,-110.0
2026-09-12T12:35:17.013701-04:00,odds_api,401856677,Minnesota Golden Gophers,Mississippi State Bulldogs,bovada,1.0,,55.0,,-110.0,-110.0,2026-09-12T19:30:00Z,-115.0,-110.0
2026-09-12T12:35:17.013701-04:00,odds_api,401859184,Notre Dame Fighting Irish,Rice Owls,draftkings,-44.5,,54.5,,,,2026-09-12T19:30:00Z,-118.0,-108.0
2026-09-12T12:35:17.013701-04:00,odds_api,401859184,Notre Dame Fighting Irish,Rice Owls,lowvig,-44.5,,54.0,,,,2026-09-12T19:30:00Z,-106.0,-108.0
2026-09-12T12:35:17.013701-04:00,odds_api,401859184,Notre Dame Fighting Irish,Rice Owls,betonlineag,-44.5,,54.0,,,,2026-09-12T19:30:00Z,-104.0,-110.0
2026-09-12T12:35:17.013701-04:00,odds_api,401859184,Notre Dame Fighting Irish,Rice Owls,fanduel,-44.5,,55.5,,,,2026-09-12T19:30:00Z,-115.0,-104.0
2026-09-12T12:35:17.013701-04:00,odds_api,401859184,Notre Dame Fighting Irish,Rice Owls,betrivers,-44.5,,55.0,,,,2026-09-12T19:30:00Z,-114.0,-108.0
2026-09-12T12:35:17.013701-04:00,odds_api,401859184,Notre Dame Fighting Irish,Rice Owls,betmgm,-44.5,,54.5,,,,2026-09-12T19:30:00Z,-110.0,-108.0
2026-09-12T12:35:17.013701-04:00,odds_api,401859184,Notre Dame Fighting Irish,Rice Owls,betus,-44.5,,54.0,,,,2026-09-12T19:30:00Z,-105.0,-110.0
2026-09-12T12:35:17.013701-04:00,odds_api,401859184,Notre Dame Fighting Irish,Rice Owls,bovada,-45.0,,54.5,,,,2026-09-12T19:30:00Z,-110.0,-110.0
2026-09-12T12:35:17.013701-04:00,odds_api,401856790,Pittsburgh Panthers,UCF Knights,fanduel,-7.5,,55.5,,-280.0,225.0,2026-09-12T19:30:00Z,100.0,-110.0
2026-09-12T12:35:17.013701-04:00,odds_api,401856790,Pittsburgh Panthers,UCF Knights,draftkings,-7.0,,55.5,,-290.0,235.0,2026-09-12T19:30:00Z,-118.0,-108.0
2026-09-12T12:35:17.013701-04:00,odds_api,401856790,Pittsburgh Panthers,UCF Knights,betrivers,-7.0,,56.0,,-315.0,235.0,2026-09-12T19:30:00Z,-114.0,-110.0
2026-09-12T12:35:17.013701-04:00,odds_api,401856790,Pittsburgh Panthers,UCF Knights,lowvig,-7.0,,55.5,,-280.0,230.0,2026-09-12T19:30:00Z,-111.0,-108.0
2026-09-12T12:35:17.013701-04:00,odds_api,401856790,Pittsburgh Panthers,UCF Knights,betonlineag,-7.0,,55.5,,-280.0,230.0,2026-09-12T19:30:00Z,-115.0,-110.0
2026-09-12T12:35:17.013701-04:00,odds_api,401856790,Pittsburgh Panthers,UCF Knights,betmgm,-7.0,,55.5,,-275.0,230.0,2026-09-12T19:30:00Z,-115.0,-105.0
2026-09-12T12:35:17.013701-04:00,odds_api,401856790,Pittsburgh Panthers,UCF Knights,betus,-7.0,,55.0,,-280.0,235.0,2026-09-12T19:30:00Z,-115.0,-110.0
2026-09-12T12:35:17.013701-04:00,odds_api,401856790,Pittsburgh Panthers,UCF Knights,mybookieag,-7.0,,55.5,,-300.0,234.0,2026-09-12T19:30:00Z,-110.0,-110.0
2026-09-12T12:35:17.013701-04:00,odds_api,401856790,Pittsburgh Panthers,UCF Knights,bovada,-7.0,,55.0,,-280.0,230.0,2026-09-12T19:30:00Z,-115.0,-115.0
2026-09-12T12:35:17.013701-04:00,odds_api,401860884,Texas State Bobcats,UTSA Roadrunners,draftkings,-2.5,,65.5,,-142.0,120.0,2026-09-12T19:30:00Z,-115.0,-110.0
2026-09-12T12:35:17.013701-04:00,odds_api,401860884,Texas State Bobcats,UTSA Roadrunners,fanduel,-2.5,,65.5,,-134.0,112.0,2026-09-12T19:30:00Z,-110.0,-105.0
2026-09-12T12:35:17.013701-04:00,odds_api,401860884,Texas State Bobcats,UTSA Roadrunners,lowvig,-2.5,,65.0,,-135.0,115.0,2026-09-12T19:30:00Z,-106.0,-108.0
2026-09-12T12:35:17.013701-04:00,odds_api,401860884,Texas State Bobcats,UTSA Roadrunners,betonlineag,-2.5,,65.0,,-135.0,115.0,2026-09-12T19:30:00Z,-110.0,-110.0
2026-09-12T12:35:17.013701-04:00,odds_api,401860884,Texas State Bobcats,UTSA Roadrunners,betmgm,-2.5,,65.5,,-140.0,115.0,2026-09-12T19:30:00Z,-110.0,-108.0
2026-09-12T12:35:17.013701-04:00,odds_api,401860884,Texas State Bobcats,UTSA Roadrunners,betrivers,-2.0,,65.5,,-129.0,104.0,2026-09-12T19:30:00Z,-113.0,-118.0
2026-09-12T12:35:17.013701-04:00,odds_api,401860884,Texas State Bobcats,UTSA Roadrunners,betus,-2.5,,65.0,,-135.0,115.0,2026-09-12T19:30:00Z,-110.0,-110.0
2026-09-12T12:35:17.013701-04:00,odds_api,401860884,Texas State Bobcats,UTSA Roadrunners,mybookieag,-2.0,,65.5,,-129.0,105.0,2026-09-12T19:30:00Z,-110.0,-110.0
2026-09-12T12:35:17.013701-04:00,odds_api,401860884,Texas State Bobcats,UTSA Roadrunners,bovada,-2.5,,65.5,,-130.0,110.0,2026-09-12T19:30:00Z,-110.0,-110.0
2026-09-12T12:35:17.013701-04:00,odds_api,401862708,UAB Blazers,UL Monroe Warhawks,fanduel,-8.5,,54.5,,-360.0,280.0,2026-09-12T19:30:00Z,-110.0,-105.0
2026-09-12T12:35:17.013701-04:00,odds_api,401862708,UAB Blazers,UL Monroe Warhawks,draftkings,-9.5,,54.5,,-360.0,285.0,2026-09-12T19:30:00Z,-112.0,-110.0
2026-09-12T12:35:17.013701-04:00,odds_api,401862708,UAB Blazers,UL Monroe Warhawks,lowvig,-9.0,,53.5,,-350.0,280.0,2026-09-12T19:30:00Z,-106.0,-114.0
2026-09-12T12:35:17.013701-04:00,odds_api,401862708,UAB Blazers,UL Monroe Warhawks,betonlineag,-9.0,,53.5,,-350.0,280.0,2026-09-12T19:30:00Z,-114.0,-115.0
2026-09-12T12:35:17.013701-04:00,odds_api,401862708,UAB Blazers,UL Monroe Warhawks,betmgm,-8.5,,54.5,,-350.0,290.0,2026-09-12T19:30:00Z,-118.0,-105.0
2026-09-12T12:35:17.013701-04:00,odds_api,401862708,UAB Blazers,UL Monroe Warhawks,betrivers,-9.5,,54.5,,-335.0,245.0,2026-09-12T19:30:00Z,-110.0,-108.0
2026-09-12T12:35:17.013701-04:00,odds_api,401862708,UAB Blazers,UL Monroe Warhawks,betus,-9.0,,54.0,,-350.0,280.0,2026-09-12T19:30:00Z,-115.0,-110.0
2026-09-12T12:35:17.013701-04:00,odds_api,401862708,UAB Blazers,UL Monroe Warhawks,mybookieag,-9.5,,54.5,,-380.0,290.0,2026-09-12T19:30:00Z,-110.0,-110.0
2026-09-12T12:35:17.013701-04:00,odds_api,401862708,UAB Blazers,UL Monroe Warhawks,bovada,-9.5,,54.0,,-390.0,295.0,2026-09-12T19:30:00Z,-110.0,-115.0
2026-09-12T12:35:17.013701-04:00,odds_api,401858446,Washington Huskies,Utah State Aggies,fanduel,-27.5,,55.5,,-7000.0,2000.0,2026-09-12T19:30:00Z,-115.0,-110.0
2026-09-12T12:35:17.013701-04:00,odds_api,401858446,Washington Huskies,Utah State Aggies,draftkings,-28.5,,55.5,,-6500.0,2000.0,2026-09-12T19:30:00Z,-102.0,-105.0
2026-09-12T12:35:17.013701-04:00,odds_api,401858446,Washington Huskies,Utah State Aggies,betonlineag,-28.0,,55.5,,-6500.0,1617.0,2026-09-12T19:30:00Z,-115.0,-110.0
2026-09-12T12:35:17.013701-04:00,odds_api,401858446,Washington Huskies,Utah State Aggies,lowvig,-28.0,,55.5,,-6500.0,1617.0,2026-09-12T19:30:00Z,-111.0,-108.0
2026-09-12T12:35:17.013701-04:00,odds_api,401858446,Washington Huskies,Utah State Aggies,betmgm,-28.0,,55.5,,-5000.0,1900.0,2026-09-12T19:30:00Z,-108.0,-108.0
2026-09-12T12:35:17.013701-04:00,odds_api,401858446,Washington Huskies,Utah State Aggies,betrivers,-27.0,,55.5,,-10000.0,1900.0,2026-09-12T19:30:00Z,-114.0,-113.0
2026-09-12T12:35:17.013701-04:00,odds_api,401858446,Washington Huskies,Utah State Aggies,betus,-28.0,,55.5,,,,2026-09-12T19:30:00Z,-115.0,-110.0
2026-09-12T12:35:17.013701-04:00,odds_api,401858446,Washington Huskies,Utah State Aggies,mybookieag,-28.0,,55.5,,-5000.0,1300.0,2026-09-12T19:30:00Z,-110.0,-110.0
2026-09-12T12:35:17.013701-04:00,odds_api,401858446,Washington Huskies,Utah State Aggies,bovada,-28.0,,55.5,,-5000.0,1300.0,2026-09-12T19:30:00Z,-110.0,-110.0
2026-09-12T12:35:17.013701-04:00,odds_api,401862705,North Texas Mean Green,UNLV Rebels,fanduel,3.5,,58.5,,134.0,-162.0,2026-09-12T19:45:00Z,-122.0,-105.0
2026-09-12T12:35:17.013701-04:00,odds_api,401862705,North Texas Mean Green,UNLV Rebels,draftkings,3.0,,57.5,,136.0,-162.0,2026-09-12T19:45:00Z,-105.0,-120.0
2026-09-12T12:35:17.013701-04:00,odds_api,401862705,North Texas Mean Green,UNLV Rebels,betonlineag,3.0,,57.5,,135.0,-155.0,2026-09-12T19:45:00Z,-107.0,-120.0
2026-09-12T12:35:17.013701-04:00,odds_api,401862705,North Texas Mean Green,UNLV Rebels,lowvig,3.0,,57.5,,135.0,-155.0,2026-09-12T19:45:00Z,-103.0,-119.0
2026-09-12T12:35:17.013701-04:00,odds_api,401862705,North Texas Mean Green,UNLV Rebels,betmgm,3.0,,58.5,,135.0,-165.0,2026-09-12T19:45:00Z,-105.0,-102.0
2026-09-12T12:35:17.013701-04:00,odds_api,401862705,North Texas Mean Green,UNLV Rebels,betrivers,3.0,,57.5,,133.0,-165.0,2026-09-12T19:45:00Z,-107.0,-120.0
2026-09-12T12:35:17.013701-04:00,odds_api,401862705,North Texas Mean Green,UNLV Rebels,betus,3.0,,57.5,,129.0,-150.0,2026-09-12T19:45:00Z,-110.0,-110.0
2026-09-12T12:35:17.013701-04:00,odds_api,401862705,North Texas Mean Green,UNLV Rebels,mybookieag,3.0,,58.0,,132.0,-163.0,2026-09-12T19:45:00Z,-110.0,-110.0
2026-09-12T12:35:17.013701-04:00,odds_api,401862705,North Texas Mean Green,UNLV Rebels,bovada,3.0,,58.0,,135.0,-160.0,2026-09-12T19:45:00Z,-105.0,-115.0
2026-09-12T12:35:17.013701-04:00,odds_api,401868326,Troy Trojans,Alabama State Hornets,fanduel,-23.5,,51.5,,-2100.0,1000.0,2026-09-12T20:00:00Z,-105.0,-110.0
2026-09-12T12:35:17.013701-04:00,odds_api,401868326,Troy Trojans,Alabama State Hornets,betrivers,-23.0,,52.5,,-3335.0,1050.0,2026-09-12T20:00:00Z,-110.0,-108.0
2026-09-12T12:35:17.013701-04:00,odds_api,401868326,Troy Trojans,Alabama State Hornets,draftkings,-23.5,,51.5,,-2100.0,1100.0,2026-09-12T20:00:00Z,-115.0,-115.0
2026-09-12T12:35:17.013701-04:00,odds_api,401868326,Troy Trojans,Alabama State Hornets,betonlineag,-23.5,,51.5,,,,2026-09-12T20:00:00Z,-112.0,-105.0
2026-09-12T12:35:17.013701-04:00,odds_api,401868326,Troy Trojans,Alabama State Hornets,lowvig,-23.5,,51.5,,,,2026-09-12T20:00:00Z,-112.0,-105.0
2026-09-12T12:35:17.013701-04:00,odds_api,401868326,Troy Trojans,Alabama State Hornets,bovada,-23.5,,52.0,,-2200.0,1000.0,2026-09-12T20:00:00Z,-115.0,-105.0
2026-09-12T12:35:17.013701-04:00,odds_api,401868326,Troy Trojans,Alabama State Hornets,betmgm,-23.0,,51.5,,-1600.0,1050.0,2026-09-12T20:00:00Z,-108.0,-110.0
2026-09-12T12:35:17.013701-04:00,odds_api,401868326,Troy Trojans,Alabama State Hornets,mybookieag,-24.0,,51.5,,-2273.0,890.0,2026-09-12T20:00:00Z,-110.0,-110.0
2026-09-12T12:35:17.013701-04:00,odds_api,401865252,New Mexico Lobos,Mercyhurst Lakers,fanduel,-42.5,,54.5,,,,2026-09-12T20:00:00Z,-104.0,-110.0
2026-09-12T12:35:17.013701-04:00,odds_api,401865252,New Mexico Lobos,Mercyhurst Lakers,betrivers,-41.5,,53.5,,,,2026-09-12T20:00:00Z,-113.0,-115.0
2026-09-12T12:35:17.013701-04:00,odds_api,401865252,New Mexico Lobos,Mercyhurst Lakers,draftkings,-42.5,,54.5,,,,2026-09-12T20:00:00Z,-105.0,-108.0
2026-09-12T12:35:17.013701-04:00,odds_api,401865252,New Mexico Lobos,Mercyhurst Lakers,betonlineag,-41.5,,53.5,,,,2026-09-12T20:00:00Z,-110.0,-115.0
2026-09-12T12:35:17.013701-04:00,odds_api,401865252,New Mexico Lobos,Mercyhurst Lakers,lowvig,-41.5,,53.5,,,,2026-09-12T20:00:00Z,-110.0,-115.0
2026-09-12T12:35:17.013701-04:00,odds_api,401865252,New Mexico Lobos,Mercyhurst Lakers,bovada,-42.0,,54.5,,,,2026-09-12T20:00:00Z,-115.0,-110.0
2026-09-12T12:35:17.013701-04:00,odds_api,401865252,New Mexico Lobos,Mercyhurst Lakers,betmgm,-42.0,,54.5,,,,2026-09-12T20:00:00Z,-110.0,-115.0
2026-09-12T12:35:17.013701-04:00,odds_api,401864506,Wyoming Cowboys,Northern Colorado Bears,fanduel,-21.5,,43.5,,-2800.0,1160.0,2026-09-12T20:00:00Z,-115.0,-114.0
2026-09-12T12:35:17.013701-04:00,odds_api,401864506,Wyoming Cowboys,Northern Colorado Bears,betrivers,-21.5,,44.5,,-3335.0,1150.0,2026-09-12T20:00:00Z,-113.0,-113.0
2026-09-12T12:35:17.013701-04:00,odds_api,401864506,Wyoming Cowboys,Northern Colorado Bears,draftkings,-23.5,,44.5,,-1800.0,1000.0,2026-09-12T20:00:00Z,-108.0,-102.0
2026-09-12T12:35:17.013701-04:00,odds_api,401864506,Wyoming Cowboys,Northern Colorado Bears,betonlineag,-23.5,,44.0,,,,2026-09-12T20:00:00Z,-105.0,-115.0
2026-09-12T12:35:17.013701-04:00,odds_api,401864506,Wyoming Cowboys,Northern Colorado Bears,lowvig,-23.5,,44.0,,,,2026-09-12T20:00:00Z,-105.0,-115.0
2026-09-12T12:35:17.013701-04:00,odds_api,401864506,Wyoming Cowboys,Northern Colorado Bears,bovada,-22.5,,44.0,,-2000.0,950.0,2026-09-12T20:00:00Z,-110.0,-110.0
2026-09-12T12:35:17.013701-04:00,odds_api,401864506,Wyoming Cowboys,Northern Colorado Bears,betmgm,-22.5,,44.5,,-2000.0,1150.0,2026-09-12T20:00:00Z,-110.0,-105.0
2026-09-12T12:35:17.013701-04:00,odds_api,401864506,Wyoming Cowboys,Northern Colorado Bears,mybookieag,-23.5,,44.5,,,,2026-09-12T20:00:00Z,-110.0,-110.0
2026-09-12T12:35:17.013701-04:00,odds_api,401858223,SMU Mustangs,UC Davis Aggies,draftkings,-32.5,,58.5,,-3600.0,1500.0,2026-09-12T20:00:00Z,-108.0,-115.0
2026-09-12T12:35:17.013701-04:00,odds_api,401858223,SMU Mustangs,UC Davis Aggies,fanduel,-31.5,,59.5,,-10000.0,2800.0,2026-09-12T20:00:00Z,-106.0,-105.0
2026-09-12T12:35:17.013701-04:00,odds_api,401858223,SMU Mustangs,UC Davis Aggies,betrivers,-32.5,,59.5,,,,2026-09-12T20:00:00Z,-109.0,-109.0
2026-09-12T12:35:17.013701-04:00,odds_api,401858223,SMU Mustangs,UC Davis Aggies,betonlineag,-32.5,,58.5,,,,2026-09-12T20:00:00Z,-110.0,-110.0
2026-09-12T12:35:17.013701-04:00,odds_api,401858223,SMU Mustangs,UC Davis Aggies,lowvig,-32.5,,58.5,,,,2026-09-12T20:00:00Z,-110.0,-110.0
2026-09-12T12:35:17.013701-04:00,odds_api,401858223,SMU Mustangs,UC Davis Aggies,bovada,-32.5,,59.0,,,,2026-09-12T20:00:00Z,-105.0,-115.0
2026-09-12T12:35:17.013701-04:00,odds_api,401858223,SMU Mustangs,UC Davis Aggies,betmgm,-31.5,,58.5,,-10000.0,2800.0,2026-09-12T20:00:00Z,-110.0,-120.0
2026-09-12T12:35:17.013701-04:00,odds_api,401856684,Vanderbilt Commodores,Delaware Blue Hens,fanduel,-20.5,,54.5,,-1800.0,920.0,2026-09-12T20:15:00Z,-118.0,-114.0
2026-09-12T12:35:17.013701-04:00,odds_api,401856684,Vanderbilt Commodores,Delaware Blue Hens,draftkings,-21.0,,54.5,,-1350.0,800.0,2026-09-12T20:15:00Z,-108.0,-115.0
2026-09-12T12:35:17.013701-04:00,odds_api,401856684,Vanderbilt Commodores,Delaware Blue Hens,betonlineag,-20.5,,55.0,,-1400.0,836.0,2026-09-12T20:15:00Z,-115.0,-105.0
2026-09-12T12:35:17.013701-04:00,odds_api,401856684,Vanderbilt Commodores,Delaware Blue Hens,lowvig,-21.0,,55.0,,-1400.0,836.0,2026-09-12T20:15:00Z,-103.0,-103.0
2026-09-12T12:35:17.013701-04:00,odds_api,401856684,Vanderbilt Commodores,Delaware Blue Hens,betmgm,-20.5,,54.5,,-1400.0,950.0,2026-09-12T20:15:00Z,-115.0,-115.0
2026-09-12T12:35:17.013701-04:00,odds_api,401856684,Vanderbilt Commodores,Delaware Blue Hens,betrivers,-21.0,,54.5,,-2500.0,950.0,2026-09-12T20:15:00Z,-114.0,-112.0
2026-09-12T12:35:17.013701-04:00,odds_api,401856684,Vanderbilt Commodores,Delaware Blue Hens,betus,-21.0,,55.0,,-1400.0,825.0,2026-09-12T20:15:00Z,-110.0,-110.0
2026-09-12T12:35:17.013701-04:00,odds_api,401856684,Vanderbilt Commodores,Delaware Blue Hens,mybookieag,-21.0,,55.0,,-1493.0,780.0,2026-09-12T20:15:00Z,-110.0,-110.0
2026-09-12T12:35:17.013701-04:00,odds_api,401856684,Vanderbilt Commodores,Delaware Blue Hens,bovada,-21.0,,55.0,,-1600.0,800.0,2026-09-12T20:15:00Z,-110.0,-110.0
2026-09-12T12:35:17.013701-04:00,odds_api,401856672,Florida Gators,Campbell Fighting Camels,fanduel,-50.5,,66.5,,,,2026-09-12T21:30:00Z,-115.0,-110.0
2026-09-12T12:35:17.013701-04:00,odds_api,401856672,Florida Gators,Campbell Fighting Camels,betrivers,-51.0,,66.5,,,,2026-09-12T21:30:00Z,-110.0,-107.0
2026-09-12T12:35:17.013701-04:00,odds_api,401856672,Florida Gators,Campbell Fighting Camels,draftkings,-50.5,,65.5,,,,2026-09-12T21:30:00Z,-112.0,-118.0
2026-09-12T12:35:17.013701-04:00,odds_api,401856672,Florida Gators,Campbell Fighting Camels,betonlineag,-51.0,,66.0,,,,2026-09-12T21:30:00Z,-110.0,-115.0
2026-09-12T12:35:17.013701-04:00,odds_api,401856672,Florida Gators,Campbell Fighting Camels,lowvig,-51.0,,66.0,,,,2026-09-12T21:30:00Z,-110.0,-115.0
2026-09-12T12:35:17.013701-04:00,odds_api,401856672,Florida Gators,Campbell Fighting Camels,bovada,-51.0,,67.0,,,,2026-09-12T21:30:00Z,-120.0,-110.0
2026-09-12T12:35:17.013701-04:00,odds_api,401856672,Florida Gators,Campbell Fighting Camels,betmgm,-51.0,,66.5,,,,2026-09-12T21:30:00Z,-108.0,-105.0
2026-09-12T12:35:17.013701-04:00,odds_api,401860881,Boise State Broncos,Memphis Tigers,draftkings,-9.5,,55.5,,-375.0,295.0,2026-09-12T22:00:00Z,-108.0,-110.0
2026-09-12T12:35:17.013701-04:00,odds_api,401860881,Boise State Broncos,Memphis Tigers,fanduel,-9.5,,55.5,,-335.0,265.0,2026-09-12T22:00:00Z,-105.0,-106.0
2026-09-12T12:35:17.013701-04:00,odds_api,401860881,Boise State Broncos,Memphis Tigers,betrivers,-8.5,,56.0,,-345.0,265.0,2026-09-12T22:00:00Z,-109.0,-110.0
2026-09-12T12:35:17.013701-04:00,odds_api,401860881,Boise State Broncos,Memphis Tigers,betonlineag,-9.0,,55.0,,-360.0,289.0,2026-09-12T22:00:00Z,-115.0,-110.0
2026-09-12T12:35:17.013701-04:00,odds_api,401860881,Boise State Broncos,Memphis Tigers,lowvig,-9.0,,55.0,,-360.0,289.0,2026-09-12T22:00:00Z,-111.0,-108.0
2026-09-12T12:35:17.013701-04:00,odds_api,401860881,Boise State Broncos,Memphis Tigers,betmgm,-8.5,,55.5,,-350.0,280.0,2026-09-12T22:00:00Z,-118.0,-112.0
2026-09-12T12:35:17.013701-04:00,odds_api,401860881,Boise State Broncos,Memphis Tigers,betus,-9.0,,55.0,,-360.0,290.0,2026-09-12T22:00:00Z,-115.0,-110.0
2026-09-12T12:35:17.013701-04:00,odds_api,401860881,Boise State Broncos,Memphis Tigers,mybookieag,-9.0,,55.5,,-350.0,265.0,2026-09-12T22:00:00Z,-110.0,-110.0
2026-09-12T12:35:17.013701-04:00,odds_api,401860881,Boise State Broncos,Memphis Tigers,bovada,-9.0,,55.0,,-360.0,280.0,2026-09-12T22:00:00Z,-110.0,-110.0
2026-09-12T12:35:17.013701-04:00,odds_api,401866414,Florida International Panthers,Buffalo Bulls,fanduel,-10.5,,47.5,,-450.0,340.0,2026-09-12T22:00:00Z,-106.0,-108.0
2026-09-12T12:35:17.013701-04:00,odds_api,401866414,Florida International Panthers,Buffalo Bulls,lowvig,-10.0,,48.0,,-400.0,316.0,2026-09-12T22:00:00Z,-111.0,-105.0
2026-09-12T12:35:17.013701-04:00,odds_api,401866414,Florida International Panthers,Buffalo Bulls,betonlineag,-10.0,,48.0,,-400.0,316.0,2026-09-12T22:00:00Z,-115.0,-107.0
2026-09-12T12:35:17.013701-04:00,odds_api,401866414,Florida International Panthers,Buffalo Bulls,draftkings,-10.0,,47.5,,-410.0,320.0,2026-09-12T22:00:00Z,-112.0,-105.0
2026-09-12T12:35:17.013701-04:00,odds_api,401866414,Florida International Panthers,Buffalo Bulls,betmgm,-10.0,,47.5,,-425.0,320.0,2026-09-12T22:00:00Z,-120.0,-105.0
2026-09-12T12:35:17.013701-04:00,odds_api,401866414,Florida International Panthers,Buffalo Bulls,betrivers,-10.0,,47.5,,-480.0,320.0,2026-09-12T22:00:00Z,-110.0,-110.0
2026-09-12T12:35:17.013701-04:00,odds_api,401866414,Florida International Panthers,Buffalo Bulls,betus,-10.0,,47.0,,-370.0,295.0,2026-09-12T22:00:00Z,-110.0,-110.0
2026-09-12T12:35:17.013701-04:00,odds_api,401866414,Florida International Panthers,Buffalo Bulls,mybookieag,-10.0,,47.5,,-420.0,310.0,2026-09-12T22:00:00Z,-110.0,-110.0
2026-09-12T12:35:17.013701-04:00,odds_api,401866414,Florida International Panthers,Buffalo Bulls,bovada,-10.0,,47.5,,-415.0,310.0,2026-09-12T22:00:00Z,-110.0,-110.0
2026-09-12T12:35:17.013701-04:00,odds_api,401866418,Ohio Bobcats,Jacksonville State Gamecocks,fanduel,-2.5,,50.5,,-128.0,106.0,2026-09-12T22:00:00Z,-105.0,-108.0
2026-09-12T12:35:17.013701-04:00,odds_api,401866418,Ohio Bobcats,Jacksonville State Gamecocks,draftkings,-2.5,,50.5,,-130.0,110.0,2026-09-12T22:00:00Z,-105.0,-108.0
2026-09-12T12:35:17.013701-04:00,odds_api,401866418,Ohio Bobcats,Jacksonville State Gamecocks,lowvig,-2.0,,50.5,,-125.0,105.0,2026-09-12T22:00:00Z,-106.0,-103.0
2026-09-12T12:35:17.013701-04:00,odds_api,401866418,Ohio Bobcats,Jacksonville State Gamecocks,betonlineag,-2.0,,50.5,,-125.0,105.0,2026-09-12T22:00:00Z,-105.0,-105.0
2026-09-12T12:35:17.013701-04:00,odds_api,401866418,Ohio Bobcats,Jacksonville State Gamecocks,betrivers,-2.0,,50.5,,-130.0,105.0,2026-09-12T22:00:00Z,-112.0,-109.0
2026-09-12T12:35:17.013701-04:00,odds_api,401866418,Ohio Bobcats,Jacksonville State Gamecocks,betmgm,-2.0,,50.5,,-130.0,105.0,2026-09-12T22:00:00Z,-108.0,-108.0
2026-09-12T12:35:17.013701-04:00,odds_api,401866418,Ohio Bobcats,Jacksonville State Gamecocks,betus,-1.5,,50.5,,-125.0,105.0,2026-09-12T22:00:00Z,-110.0,-105.0
2026-09-12T12:35:17.013701-04:00,odds_api,401866418,Ohio Bobcats,Jacksonville State Gamecocks,mybookieag,-2.0,,50.0,,-127.0,104.0,2026-09-12T22:00:00Z,-110.0,-110.0
2026-09-12T12:35:17.013701-04:00,odds_api,401866418,Ohio Bobcats,Jacksonville State Gamecocks,bovada,-1.5,,50.0,,-120.0,100.0,2026-09-12T22:00:00Z,-105.0,-110.0
2026-09-12T12:35:17.013701-04:00,odds_api,401866421,Western Michigan Broncos,Monmouth Hawks,fanduel,-28.5,,53.5,,-10000.0,2500.0,2026-09-12T22:30:00Z,-115.0,-110.0
2026-09-12T12:35:17.013701-04:00,odds_api,401866421,Western Michigan Broncos,Monmouth Hawks,betrivers,-29.5,,54.5,,-10000.0,1500.0,2026-09-12T22:30:00Z,-110.0,-108.0
2026-09-12T12:35:17.013701-04:00,odds_api,401866421,Western Michigan Broncos,Monmouth Hawks,draftkings,-29.5,,53.5,,-5000.0,1800.0,2026-09-12T22:30:00Z,-110.0,-112.0
2026-09-12T12:35:17.013701-04:00,odds_api,401866421,Western Michigan Broncos,Monmouth Hawks,lowvig,-29.0,,53.5,,,,2026-09-12T22:30:00Z,-115.0,-115.0
2026-09-12T12:35:17.013701-04:00,odds_api,401866421,Western Michigan Broncos,Monmouth Hawks,betonlineag,-29.0,,53.5,,,,2026-09-12T22:30:00Z,-115.0,-115.0
2026-09-12T12:35:17.013701-04:00,odds_api,401866421,Western Michigan Broncos,Monmouth Hawks,bovada,-28.5,,53.5,,,,2026-09-12T22:30:00Z,-105.0,-110.0
2026-09-12T12:35:17.013701-04:00,odds_api,401866421,Western Michigan Broncos,Monmouth Hawks,betmgm,-29.0,,53.5,,-5000.0,2200.0,2026-09-12T22:30:00Z,-108.0,-112.0
2026-09-12T12:35:17.013701-04:00,odds_api,401868241,Arkansas State Red Wolves,West Georgia Wolves,fanduel,-31.5,,56.5,,-20000.0,3500.0,2026-09-12T23:00:00Z,-115.0,-110.0
2026-09-12T12:35:17.013701-04:00,odds_api,401868241,Arkansas State Red Wolves,West Georgia Wolves,mybookieag,,,56.5,,,,2026-09-12T23:00:00Z,,-110.0
2026-09-12T12:35:17.013701-04:00,odds_api,401868241,Arkansas State Red Wolves,West Georgia Wolves,draftkings,-31.5,,56.5,,-10000.0,3000.0,2026-09-12T23:00:00Z,-112.0,-108.0
2026-09-12T12:35:17.013701-04:00,odds_api,401868241,Arkansas State Red Wolves,West Georgia Wolves,betonlineag,-32.5,,56.0,,,,2026-09-12T23:00:00Z,-115.0,-105.0
2026-09-12T12:35:17.013701-04:00,odds_api,401868241,Arkansas State Red Wolves,West Georgia Wolves,lowvig,-32.5,,56.0,,,,2026-09-12T23:00:00Z,-115.0,-105.0
2026-09-12T12:35:17.013701-04:00,odds_api,401868241,Arkansas State Red Wolves,West Georgia Wolves,bovada,-31.5,,56.0,,,,2026-09-12T23:00:00Z,-110.0,-110.0
2026-09-12T12:35:17.013701-04:00,odds_api,401868241,Arkansas State Red Wolves,West Georgia Wolves,betrivers,-31.5,,56.5,,,,2026-09-12T23:00:00Z,-113.0,-114.0
2026-09-12T12:35:17.013701-04:00,odds_api,401868241,Arkansas State Red Wolves,West Georgia Wolves,betmgm,-33.0,,56.5,,,,2026-09-12T23:00:00Z,-108.0,-108.0
2026-09-12T12:35:17.013701-04:00,odds_api,401858441,Nebraska Cornhuskers,Bowling Green Falcons,fanduel,-30.5,,50.5,,-10000.0,3500.0,2026-09-12T23:00:00Z,-110.0,-108.0
2026-09-12T12:35:17.013701-04:00,odds_api,401858441,Nebraska Cornhuskers,Bowling Green Falcons,draftkings,-30.5,,49.5,,-6500.0,2000.0,2026-09-12T23:00:00Z,-110.0,-112.0
2026-09-12T12:35:17.013701-04:00,odds_api,401858441,Nebraska Cornhuskers,Bowling Green Falcons,betonlineag,-30.5,,50.0,,-10000.0,1787.0,2026-09-12T23:00:00Z,-110.0,-105.0
2026-09-12T12:35:17.013701-04:00,odds_api,401858441,Nebraska Cornhuskers,Bowling Green Falcons,lowvig,-30.5,,50.0,,-10000.0,1787.0,2026-09-12T23:00:00Z,-106.0,-103.0
2026-09-12T12:35:17.013701-04:00,odds_api,401858441,Nebraska Cornhuskers,Bowling Green Falcons,betmgm,-30.0,,49.5,,-10000.0,2500.0,2026-09-12T23:00:00Z,-110.0,-110.0
2026-09-12T12:35:17.013701-04:00,odds_api,401858441,Nebraska Cornhuskers,Bowling Green Falcons,betrivers,-30.5,,50.5,,,,2026-09-12T23:00:00Z,-110.0,-114.0
2026-09-12T12:35:17.013701-04:00,odds_api,401858441,Nebraska Cornhuskers,Bowling Green Falcons,betus,-30.5,,50.0,,,,2026-09-12T23:00:00Z,-110.0,-110.0
2026-09-12T12:35:17.013701-04:00,odds_api,401858441,Nebraska Cornhuskers,Bowling Green Falcons,mybookieag,-30.5,,49.5,,-10000.0,1600.0,2026-09-12T23:00:00Z,-110.0,-110.0
2026-09-12T12:35:17.013701-04:00,odds_api,401858441,Nebraska Cornhuskers,Bowling Green Falcons,bovada,-30.0,,50.0,,-10000.0,1600.0,2026-09-12T23:00:00Z,-110.0,-110.0
2026-09-12T12:35:17.013701-04:00,odds_api,401856786,Cincinnati Bearcats,Western Carolina Catamounts,fanduel,-35.5,,61.5,,-10000.0,2400.0,2026-09-12T23:00:00Z,-110.0,-106.0
2026-09-12T12:35:17.013701-04:00,odds_api,401856786,Cincinnati Bearcats,Western Carolina Catamounts,betrivers,-37.0,,61.0,,,,2026-09-12T23:00:00Z,-112.0,-113.0
2026-09-12T12:35:17.013701-04:00,odds_api,401856786,Cincinnati Bearcats,Western Carolina Catamounts,draftkings,-36.5,,60.5,,,,2026-09-12T23:00:00Z,-112.0,-108.0
2026-09-12T12:35:17.013701-04:00,odds_api,401856786,Cincinnati Bearcats,Western Carolina Catamounts,lowvig,-35.5,,60.5,,,,2026-09-12T23:00:00Z,-115.0,-110.0
2026-09-12T12:35:17.013701-04:00,odds_api,401856786,Cincinnati Bearcats,Western Carolina Catamounts,betonlineag,-35.5,,60.5,,,,2026-09-12T23:00:00Z,-115.0,-110.0
2026-09-12T12:35:17.013701-04:00,odds_api,401856786,Cincinnati Bearcats,Western Carolina Catamounts,bovada,-36.5,,60.5,,,,2026-09-12T23:00:00Z,-110.0,-110.0
2026-09-12T12:35:17.013701-04:00,odds_api,401856786,Cincinnati Bearcats,Western Carolina Catamounts,betmgm,-35.0,,60.5,,,,2026-09-12T23:00:00Z,-112.0,-112.0
2026-09-12T12:35:17.013701-04:00,odds_api,401860882,Colorado State Rams,Southern Utah Thunderbirds,fanduel,-20.5,,57.5,,-1700.0,890.0,2026-09-12T23:00:00Z,-112.0,-110.0
2026-09-12T12:35:17.013701-04:00,odds_api,401860882,Colorado State Rams,Southern Utah Thunderbirds,betrivers,-20.5,,56.5,,-3335.0,1000.0,2026-09-12T23:00:00Z,-113.0,-112.0
2026-09-12T12:35:17.013701-04:00,odds_api,401860882,Colorado State Rams,Southern Utah Thunderbirds,draftkings,-20.5,,57.5,,-1350.0,800.0,2026-09-12T23:00:00Z,-102.0,-105.0
2026-09-12T12:35:17.013701-04:00,odds_api,401860882,Colorado State Rams,Southern Utah Thunderbirds,betonlineag,-20.5,,57.5,,,,2026-09-12T23:00:00Z,-110.0,-112.0
2026-09-12T12:35:17.013701-04:00,odds_api,401860882,Colorado State Rams,Southern Utah Thunderbirds,lowvig,-20.5,,57.5,,,,2026-09-12T23:00:00Z,-110.0,-112.0
2026-09-12T12:35:17.013701-04:00,odds_api,401860882,Colorado State Rams,Southern Utah Thunderbirds,bovada,-20.5,,57.0,,-1500.0,775.0,2026-09-12T23:00:00Z,-110.0,-115.0
2026-09-12T12:35:17.013701-04:00,odds_api,401860882,Colorado State Rams,Southern Utah Thunderbirds,betmgm,-20.0,,57.5,,-1400.0,950.0,2026-09-12T23:00:00Z,-110.0,-110.0
2026-09-12T12:35:17.013701-04:00,odds_api,401860882,Colorado State Rams,Southern Utah Thunderbirds,mybookieag,-20.5,,57.5,,-1205.0,630.0,2026-09-12T23:00:00Z,-110.0,-110.0
2026-09-12T12:35:17.013701-04:00,odds_api,401869955,Kennesaw State Owls,Georgia State Panthers,draftkings,-8.5,,55.5,,-310.0,250.0,2026-09-12T23:00:00Z,-105.0,-105.0
2026-09-12T12:35:17.013701-04:00,odds_api,401869955,Kennesaw State Owls,Georgia State Panthers,betonlineag,-8.5,,55.5,,-315.0,256.0,2026-09-12T23:00:00Z,-105.0,-112.0
2026-09-12T12:35:17.013701-04:00,odds_api,401869955,Kennesaw State Owls,Georgia State Panthers,lowvig,-8.5,,55.5,,-315.0,256.0,2026-09-12T23:00:00Z,-101.0,-110.0
2026-09-12T12:35:17.013701-04:00,odds_api,401869955,Kennesaw State Owls,Georgia State Panthers,betmgm,-8.0,,55.5,,-300.0,260.0,2026-09-12T23:00:00Z,-108.0,-105.0
2026-09-12T12:35:17.013701-04:00,odds_api,401869955,Kennesaw State Owls,Georgia State Panthers,betus,,,55.5,,,,2026-09-12T23:00:00Z,,-110.0
2026-09-12T12:35:17.013701-04:00,odds_api,401869955,Kennesaw State Owls,Georgia State Panthers,betrivers,-8.0,,54.5,,-335.0,255.0,2026-09-12T23:00:00Z,-113.0,-115.0
2026-09-12T12:35:17.013701-04:00,odds_api,401869955,Kennesaw State Owls,Georgia State Panthers,mybookieag,-8.5,,55.0,,-330.0,255.0,2026-09-12T23:00:00Z,-110.0,-110.0
2026-09-12T12:35:17.013701-04:00,odds_api,401869955,Kennesaw State Owls,Georgia State Panthers,bovada,-8.0,,55.5,,-340.0,270.0,2026-09-12T23:00:00Z,-110.0,-105.0
2026-09-12T12:35:17.013701-04:00,odds_api,401869955,Kennesaw State Owls,Georgia State Panthers,fanduel,-7.5,,55.5,,-310.0,245.0,2026-09-12T23:00:00Z,-110.0,-106.0
2026-09-12T12:35:17.013701-04:00,odds_api,401856681,Georgia Tech Yellow Jackets,Tennessee Volunteers,draftkings,12.5,,55.5,,380.0,-500.0,2026-09-12T23:00:00Z,-112.0,-110.0
2026-09-12T12:35:17.013701-04:00,odds_api,401856681,Georgia Tech Yellow Jackets,Tennessee Volunteers,fanduel,11.5,,55.5,,375.0,-500.0,2026-09-12T23:00:00Z,-104.0,-110.0
2026-09-12T12:35:17.013701-04:00,odds_api,401856681,Georgia Tech Yellow Jackets,Tennessee Volunteers,betrivers,12.0,,55.5,,390.0,-560.0,2026-09-12T23:00:00Z,-112.0,-110.0
2026-09-12T12:35:17.013701-04:00,odds_api,401856681,Georgia Tech Yellow Jackets,Tennessee Volunteers,betonlineag,12.0,,55.5,,370.0,-480.0,2026-09-12T23:00:00Z,-110.0,-110.0
2026-09-12T12:35:17.013701-04:00,odds_api,401856681,Georgia Tech Yellow Jackets,Tennessee Volunteers,lowvig,12.0,,55.5,,370.0,-480.0,2026-09-12T23:00:00Z,-106.0,-108.0
2026-09-12T12:35:17.013701-04:00,odds_api,401856681,Georgia Tech Yellow Jackets,Tennessee Volunteers,betmgm,12.0,,55.5,,360.0,-475.0,2026-09-12T23:00:00Z,-110.0,-110.0
2026-09-12T12:35:17.013701-04:00,odds_api,401856681,Georgia Tech Yellow Jackets,Tennessee Volunteers,betus,12.0,,55.5,,378.0,-480.0,2026-09-12T23:00:00Z,-110.0,-110.0
2026-09-12T12:35:17.013701-04:00,odds_api,401856681,Georgia Tech Yellow Jackets,Tennessee Volunteers,mybookieag,12.0,,55.5,,360.0,-500.0,2026-09-12T23:00:00Z,-110.0,-110.0
2026-09-12T12:35:17.013701-04:00,odds_api,401856681,Georgia Tech Yellow Jackets,Tennessee Volunteers,bovada,12.0,,55.5,,370.0,-510.0,2026-09-12T23:00:00Z,-110.0,-110.0
2026-09-12T12:35:17.013701-04:00,odds_api,401856787,Houston Cougars,Southern University Jaguars,fanduel,-51.5,,61.5,,,,2026-09-12T23:00:00Z,-110.0,-105.0
2026-09-12T12:35:17.013701-04:00,odds_api,401856787,Houston Cougars,Southern University Jaguars,betrivers,-51.5,,61.0,,,,2026-09-12T23:00:00Z,-108.0,-114.0
2026-09-12T12:35:17.013701-04:00,odds_api,401856787,Houston Cougars,Southern University Jaguars,draftkings,-51.5,,61.5,,,,2026-09-12T23:00:00Z,-115.0,-105.0
2026-09-12T12:35:17.013701-04:00,odds_api,401856787,Houston Cougars,Southern University Jaguars,lowvig,-51.5,,61.5,,,,2026-09-12T23:00:00Z,-105.0,-110.0
2026-09-12T12:35:17.013701-04:00,odds_api,401856787,Houston Cougars,Southern University Jaguars,betonlineag,-51.5,,61.5,,,,2026-09-12T23:00:00Z,-105.0,-110.0
2026-09-12T12:35:17.013701-04:00,odds_api,401856787,Houston Cougars,Southern University Jaguars,bovada,-51.5,,61.5,,,,2026-09-12T23:00:00Z,-120.0,-110.0
2026-09-12T12:35:17.013701-04:00,odds_api,401856787,Houston Cougars,Southern University Jaguars,betmgm,-52.0,,61.5,,,,2026-09-12T23:00:00Z,-105.0,-112.0
2026-09-12T12:35:17.013701-04:00,odds_api,401864503,Northern Illinois Huskies,Illinois State Redbirds,fanduel,3.5,,47.5,,140.0,-170.0,2026-09-12T23:00:00Z,-110.0,-115.0
2026-09-12T12:35:17.013701-04:00,odds_api,401864503,Northern Illinois Huskies,Illinois State Redbirds,mybookieag,,,,,134.0,-172.0,2026-09-12T23:00:00Z,,
2026-09-12T12:35:17.013701-04:00,odds_api,401864503,Northern Illinois Huskies,Illinois State Redbirds,betrivers,3.5,,47.5,,133.0,-165.0,2026-09-12T23:00:00Z,-115.0,-115.0
2026-09-12T12:35:17.013701-04:00,odds_api,401864503,Northern Illinois Huskies,Illinois State Redbirds,draftkings,3.0,,47.5,,142.0,-170.0,2026-09-12T23:00:00Z,-105.0,-115.0
2026-09-12T12:35:17.013701-04:00,odds_api,401864503,Northern Illinois Huskies,Illinois State Redbirds,lowvig,3.0,,49.0,,,,2026-09-12T23:00:00Z,-110.0,-105.0
2026-09-12T12:35:17.013701-04:00,odds_api,401864503,Northern Illinois Huskies,Illinois State Redbirds,betonlineag,3.0,,49.0,,,,2026-09-12T23:00:00Z,-110.0,-105.0
2026-09-12T12:35:17.013701-04:00,odds_api,401864503,Northern Illinois Huskies,Illinois State Redbirds,bovada,3.0,,48.0,,135.0,-160.0,2026-09-12T23:00:00Z,-110.0,-110.0
2026-09-12T12:35:17.013701-04:00,odds_api,401864503,Northern Illinois Huskies,Illinois State Redbirds,betmgm,3.0,,48.5,,140.0,-165.0,2026-09-12T23:00:00Z,-108.0,-102.0
2026-09-12T12:35:17.013701-04:00,odds_api,401871046,Missouri State Bears,Lindenwood Lions,fanduel,-16.5,,53.5,,-1000.0,640.0,2026-09-12T23:00:00Z,-110.0,-110.0
2026-09-12T12:35:17.013701-04:00,odds_api,401871046,Missouri State Bears,Lindenwood Lions,betrivers,-17.0,,53.5,,-1430.0,750.0,2026-09-12T23:00:00Z,-113.0,-112.0
2026-09-12T12:35:17.013701-04:00,odds_api,401871046,Missouri State Bears,Lindenwood Lions,draftkings,-16.5,,52.5,,-850.0,575.0,2026-09-12T23:00:00Z,-112.0,-115.0
2026-09-12T12:35:17.013701-04:00,odds_api,401871046,Missouri State Bears,Lindenwood Lions,betonlineag,-16.5,,53.5,,,,2026-09-12T23:00:00Z,-105.0,-105.0
2026-09-12T12:35:17.013701-04:00,odds_api,401871046,Missouri State Bears,Lindenwood Lions,bovada,-17.0,,52.5,,-850.0,550.0,2026-09-12T23:00:00Z,100.0,-110.0
2026-09-12T12:35:17.013701-04:00,odds_api,401871046,Missouri State Bears,Lindenwood Lions,betmgm,-16.5,,52.5,,-800.0,625.0,2026-09-12T23:00:00Z,-108.0,-110.0
2026-09-12T12:35:17.013701-04:00,odds_api,401871046,Missouri State Bears,Lindenwood Lions,mybookieag,-17.0,,53.5,,-901.0,520.0,2026-09-12T23:00:00Z,-110.0,-110.0
2026-09-12T12:35:17.013701-04:00,odds_api,401871045,Marshall Thundering Herd,Middle Tennessee Blue Raiders,draftkings,-12.5,,55.5,,-535.0,400.0,2026-09-12T23:00:00Z,-112.0,-112.0
2026-09-12T12:35:17.013701-04:00,odds_api,401871045,Marshall Thundering Herd,Middle Tennessee Blue Raiders,lowvig,-13.0,,56.0,,-500.0,383.0,2026-09-12T23:00:00Z,-106.0,-108.0
2026-09-12T12:35:17.013701-04:00,odds_api,401871045,Marshall Thundering Herd,Middle Tennessee Blue Raiders,betonlineag,-13.0,,56.0,,-500.0,383.0,2026-09-12T23:00:00Z,-110.0,-110.0
2026-09-12T12:35:17.013701-04:00,odds_api,401871045,Marshall Thundering Herd,Middle Tennessee Blue Raiders,betmgm,-13.0,,57.5,,-525.0,400.0,2026-09-12T23:00:00Z,-108.0,-110.0
2026-09-12T12:35:17.013701-04:00,odds_api,401871045,Marshall Thundering Herd,Middle Tennessee Blue Raiders,betus,-13.0,,55.5,,-500.0,390.0,2026-09-12T23:00:00Z,-110.0,-110.0
2026-09-12T12:35:17.013701-04:00,odds_api,401871045,Marshall Thundering Herd,Middle Tennessee Blue Raiders,betrivers,-13.5,,56.5,,-625.0,420.0,2026-09-12T23:00:00Z,-110.0,-112.0
2026-09-12T12:35:17.013701-04:00,odds_api,401871045,Marshall Thundering Herd,Middle Tennessee Blue Raiders,mybookieag,-13.5,,56.0,,-561.0,400.0,2026-09-12T23:00:00Z,-110.0,-110.0
2026-09-12T12:35:17.013701-04:00,odds_api,401871045,Marshall Thundering Herd,Middle Tennessee Blue Raiders,bovada,-13.0,,56.0,,-600.0,425.0,2026-09-12T23:00:00Z,-110.0,-105.0
2026-09-12T12:35:17.013701-04:00,odds_api,401871045,Marshall Thundering Herd,Middle Tennessee Blue Raiders,fanduel,-13.5,,56.5,,-520.0,385.0,2026-09-12T23:00:00Z,-105.0,-108.0
2026-09-12T12:35:17.013701-04:00,odds_api,401862707,Sam Houston State Bearkats,Tulsa Golden Hurricane,fanduel,11.5,,51.5,,365.0,-490.0,2026-09-12T23:00:00Z,-110.0,-108.0
2026-09-12T12:35:17.013701-04:00,odds_api,401862707,Sam Houston State Bearkats,Tulsa Golden Hurricane,draftkings,12.5,,51.5,,380.0,-500.0,2026-09-12T23:00:00Z,-112.0,-112.0
2026-09-12T12:35:17.013701-04:00,odds_api,401862707,Sam Houston State Bearkats,Tulsa Golden Hurricane,betonlineag,13.0,,51.5,,383.0,-500.0,2026-09-12T23:00:00Z,-113.0,-110.0
2026-09-12T12:35:17.013701-04:00,odds_api,401862707,Sam Houston State Bearkats,Tulsa Golden Hurricane,lowvig,13.0,,51.5,,383.0,-500.0,2026-09-12T23:00:00Z,-109.0,-108.0
2026-09-12T12:35:17.013701-04:00,odds_api,401862707,Sam Houston State Bearkats,Tulsa Golden Hurricane,betmgm,12.0,,51.5,,380.0,-500.0,2026-09-12T23:00:00Z,-108.0,-102.0
2026-09-12T12:35:17.013701-04:00,odds_api,401862707,Sam Houston State Bearkats,Tulsa Golden Hurricane,betrivers,13.5,,51.5,,460.0,-715.0,2026-09-12T23:00:00Z,-113.0,-109.0
2026-09-12T12:35:17.013701-04:00,odds_api,401862707,Sam Houston State Bearkats,Tulsa Golden Hurricane,betus,12.5,,52.0,,390.0,-500.0,2026-09-12T23:00:00Z,-110.0,-110.0
2026-09-12T12:35:17.013701-04:00,odds_api,401862707,Sam Houston State Bearkats,Tulsa Golden Hurricane,mybookieag,12.5,,52.0,,390.0,-549.0,2026-09-12T23:00:00Z,-110.0,-110.0
2026-09-12T12:35:17.013701-04:00,odds_api,401862707,Sam Houston State Bearkats,Tulsa Golden Hurricane,bovada,12.5,,52.0,,390.0,-550.0,2026-09-12T23:00:00Z,-110.0,-110.0
2026-09-12T12:35:17.013701-04:00,odds_api,401864575,Tulane Green Wave,South Alabama Jaguars,draftkings,-9.5,,48.5,,-375.0,295.0,2026-09-12T23:00:00Z,-115.0,-112.0
2026-09-12T12:35:17.013701-04:00,odds_api,401864575,Tulane Green Wave,South Alabama Jaguars,fanduel,-9.5,,48.5,,-350.0,275.0,2026-09-12T23:00:00Z,-108.0,-110.0
2026-09-12T12:35:17.013701-04:00,odds_api,401864575,Tulane Green Wave,South Alabama Jaguars,lowvig,-9.5,,48.5,,-370.0,296.0,2026-09-12T23:00:00Z,-101.0,-108.0
2026-09-12T12:35:17.013701-04:00,odds_api,401864575,Tulane Green Wave,South Alabama Jaguars,betonlineag,-9.5,,48.5,,-370.0,296.0,2026-09-12T23:00:00Z,-105.0,-110.0
2026-09-12T12:35:17.013701-04:00,odds_api,401864575,Tulane Green Wave,South Alabama Jaguars,betmgm,-9.5,,48.5,,-375.0,290.0,2026-09-12T23:00:00Z,-112.0,-108.0
2026-09-12T12:35:17.013701-04:00,odds_api,401864575,Tulane Green Wave,South Alabama Jaguars,betrivers,-10.0,,49.5,,-420.0,300.0,2026-09-12T23:00:00Z,-109.0,-109.0
2026-09-12T12:35:17.013701-04:00,odds_api,401864575,Tulane Green Wave,South Alabama Jaguars,betus,-9.5,,48.5,,-360.0,290.0,2026-09-12T23:00:00Z,-110.0,-110.0
2026-09-12T12:35:17.013701-04:00,odds_api,401864575,Tulane Green Wave,South Alabama Jaguars,mybookieag,-9.5,,48.5,,-391.0,295.0,2026-09-12T23:00:00Z,-110.0,-110.0
2026-09-12T12:35:17.013701-04:00,odds_api,401864575,Tulane Green Wave,South Alabama Jaguars,bovada,-9.5,,48.5,,-390.0,295.0,2026-09-12T23:00:00Z,-105.0,-110.0
2026-09-12T12:35:17.013701-04:00,odds_api,401856680,South Carolina Gamecocks,Towson Tigers,fanduel,-43.5,,57.5,,,,2026-09-12T23:00:00Z,-115.0,-110.0
2026-09-12T12:35:17.013701-04:00,odds_api,401856680,South Carolina Gamecocks,Towson Tigers,betrivers,-44.0,,57.0,,,,2026-09-12T23:00:00Z,-110.0,-110.0
2026-09-12T12:35:17.013701-04:00,odds_api,401856680,South Carolina Gamecocks,Towson Tigers,draftkings,-43.5,,57.5,,,,2026-09-12T23:00:00Z,-112.0,-108.0
2026-09-12T12:35:17.013701-04:00,odds_api,401856680,South Carolina Gamecocks,Towson Tigers,lowvig,-44.0,,57.5,,,,2026-09-12T23:00:00Z,-110.0,-115.0
2026-09-12T12:35:17.013701-04:00,odds_api,401856680,South Carolina Gamecocks,Towson Tigers,betonlineag,-44.0,,57.5,,,,2026-09-12T23:00:00Z,-110.0,-115.0
2026-09-12T12:35:17.013701-04:00,odds_api,401856680,South Carolina Gamecocks,Towson Tigers,bovada,-44.0,,57.0,,,,2026-09-12T23:00:00Z,-115.0,-105.0
2026-09-12T12:35:17.013701-04:00,odds_api,401856680,South Carolina Gamecocks,Towson Tigers,betmgm,-44.0,,56.5,,,,2026-09-12T23:00:00Z,-108.0,-110.0
2026-09-12T12:35:17.013701-04:00,odds_api,401858443,UCLA Bruins,San Diego State Aztecs,draftkings,-13.5,,54.5,,-500.0,380.0,2026-09-12T23:15:00Z,-108.0,-108.0
2026-09-12T12:35:17.013701-04:00,odds_api,401858443,UCLA Bruins,San Diego State Aztecs,fanduel,-13.5,,54.5,,-630.0,450.0,2026-09-12T23:15:00Z,-110.0,-106.0
2026-09-12T12:35:17.013701-04:00,odds_api,401858443,UCLA Bruins,San Diego State Aztecs,betonlineag,-13.0,,54.5,,-510.0,390.0,2026-09-12T23:15:00Z,-113.0,-110.0
2026-09-12T12:35:17.013701-04:00,odds_api,401858443,UCLA Bruins,San Diego State Aztecs,lowvig,-13.0,,54.5,,-510.0,390.0,2026-09-12T23:15:00Z,-109.0,-108.0
2026-09-12T12:35:17.013701-04:00,odds_api,401858443,UCLA Bruins,San Diego State Aztecs,betrivers,-12.5,,54.5,,-590.0,375.0,2026-09-12T23:15:00Z,-110.0,-110.0
2026-09-12T12:35:17.013701-04:00,odds_api,401858443,UCLA Bruins,San Diego State Aztecs,betmgm,-13.0,,54.5,,-525.0,400.0,2026-09-12T23:15:00Z,-108.0,-108.0
2026-09-12T12:35:17.013701-04:00,odds_api,401858443,UCLA Bruins,San Diego State Aztecs,betus,-13.0,,54.5,,-510.0,395.0,2026-09-12T23:15:00Z,-115.0,-110.0
2026-09-12T12:35:17.013701-04:00,odds_api,401858443,UCLA Bruins,San Diego State Aztecs,mybookieag,-13.0,,54.0,,-549.0,390.0,2026-09-12T23:15:00Z,-110.0,-110.0
2026-09-12T12:35:17.013701-04:00,odds_api,401858443,UCLA Bruins,San Diego State Aztecs,bovada,-13.5,,54.0,,-575.0,400.0,2026-09-12T23:15:00Z,-110.0,-110.0
2026-09-12T12:35:17.013701-04:00,odds_api,401858447,Wisconsin Badgers,Western Illinois Leathernecks,fanduel,-42.5,,51.5,,,,2026-09-12T23:15:00Z,-102.0,-115.0
2026-09-12T12:35:17.013701-04:00,odds_api,401858447,Wisconsin Badgers,Western Illinois Leathernecks,betrivers,-42.5,,52.0,,,,2026-09-12T23:15:00Z,-112.0,-114.0
2026-09-12T12:35:17.013701-04:00,odds_api,401858447,Wisconsin Badgers,Western Illinois Leathernecks,draftkings,-42.5,,51.5,,,,2026-09-12T23:15:00Z,-105.0,-110.0
2026-09-12T12:35:17.013701-04:00,odds_api,401858447,Wisconsin Badgers,Western Illinois Leathernecks,betonlineag,-42.0,,52.0,,,,2026-09-12T23:15:00Z,-115.0,-105.0
2026-09-12T12:35:17.013701-04:00,odds_api,401858447,Wisconsin Badgers,Western Illinois Leathernecks,lowvig,-42.0,,52.0,,,,2026-09-12T23:15:00Z,-115.0,-105.0
2026-09-12T12:35:17.013701-04:00,odds_api,401858447,Wisconsin Badgers,Western Illinois Leathernecks,bovada,-43.0,,51.5,,,,2026-09-12T23:15:00Z,-105.0,-115.0
2026-09-12T12:35:17.013701-04:00,odds_api,401858447,Wisconsin Badgers,Western Illinois Leathernecks,betmgm,-42.5,,51.5,,,,2026-09-12T23:15:00Z,-110.0,-112.0
2026-09-12T12:35:17.013701-04:00,odds_api,401858219,Clemson Tigers,Georgia Southern Eagles,draftkings,-19.5,,55.5,,-1200.0,750.0,2026-09-12T23:30:00Z,-115.0,-102.0
2026-09-12T12:35:17.013701-04:00,odds_api,401858219,Clemson Tigers,Georgia Southern Eagles,lowvig,-20.0,,55.5,,-1350.0,817.0,2026-09-12T23:30:00Z,-106.0,-103.0
2026-09-12T12:35:17.013701-04:00,odds_api,401858219,Clemson Tigers,Georgia Southern Eagles,betonlineag,-20.0,,55.5,,-1350.0,817.0,2026-09-12T23:30:00Z,-110.0,-105.0
2026-09-12T12:35:17.013701-04:00,odds_api,401858219,Clemson Tigers,Georgia Southern Eagles,betmgm,-19.5,,55.5,,-1200.0,825.0,2026-09-12T23:30:00Z,-110.0,-102.0
2026-09-12T12:35:17.013701-04:00,odds_api,401858219,Clemson Tigers,Georgia Southern Eagles,betus,-20.0,,55.0,,-1400.0,825.0,2026-09-12T23:30:00Z,-110.0,-110.0
2026-09-12T12:35:17.013701-04:00,odds_api,401858219,Clemson Tigers,Georgia Southern Eagles,mybookieag,-20.0,,55.0,,-1442.0,752.0,2026-09-12T23:30:00Z,-110.0,-110.0
2026-09-12T12:35:17.013701-04:00,odds_api,401858219,Clemson Tigers,Georgia Southern Eagles,betrivers,-20.5,,55.5,,-2500.0,950.0,2026-09-12T23:30:00Z,-113.0,-110.0
2026-09-12T12:35:17.013701-04:00,odds_api,401858219,Clemson Tigers,Georgia Southern Eagles,bovada,-19.5,,55.0,,-1400.0,750.0,2026-09-12T23:30:00Z,-115.0,-110.0
2026-09-12T12:35:17.013701-04:00,odds_api,401858219,Clemson Tigers,Georgia Southern Eagles,fanduel,-19.5,,54.5,,-1400.0,800.0,2026-09-12T23:30:00Z,-110.0,-115.0
2026-09-12T12:35:17.013701-04:00,odds_api,401868008,Coastal Carolina Chanticleers,Fordham Rams,fanduel,-35.5,,53.5,,-10000.0,3000.0,2026-09-12T23:30:00Z,-106.0,-110.0
2026-09-12T12:35:17.013701-04:00,odds_api,401868008,Coastal Carolina Chanticleers,Fordham Rams,betrivers,-34.5,,54.0,,,,2026-09-12T23:30:00Z,-117.0,-109.0
2026-09-12T12:35:17.013701-04:00,odds_api,401868008,Coastal Carolina Chanticleers,Fordham Rams,draftkings,-35.5,,53.5,,,,2026-09-12T23:30:00Z,-112.0,-110.0
2026-09-12T12:35:17.013701-04:00,odds_api,401868008,Coastal Carolina Chanticleers,Fordham Rams,betonlineag,-35.0,,54.0,,,,2026-09-12T23:30:00Z,-115.0,-110.0
2026-09-12T12:35:17.013701-04:00,odds_api,401868008,Coastal Carolina Chanticleers,Fordham Rams,lowvig,-35.0,,54.0,,,,2026-09-12T23:30:00Z,-115.0,-110.0
2026-09-12T12:35:17.013701-04:00,odds_api,401868008,Coastal Carolina Chanticleers,Fordham Rams,bovada,-35.5,,53.5,,,,2026-09-12T23:30:00Z,-110.0,-110.0
2026-09-12T12:35:17.013701-04:00,odds_api,401868008,Coastal Carolina Chanticleers,Fordham Rams,betmgm,-34.5,,53.5,,-25000.0,4500.0,2026-09-12T23:30:00Z,-110.0,-108.0
2026-09-12T12:35:17.013701-04:00,odds_api,401862703,Florida Atlantic Owls,Navy Midshipmen,draftkings,4.0,,59.5,,164.0,-198.0,2026-09-12T23:30:00Z,-108.0,-110.0
2026-09-12T12:35:17.013701-04:00,odds_api,401862703,Florida Atlantic Owls,Navy Midshipmen,betonlineag,4.0,,59.5,,165.0,-190.0,2026-09-12T23:30:00Z,-110.0,-107.0
2026-09-12T12:35:17.013701-04:00,odds_api,401862703,Florida Atlantic Owls,Navy Midshipmen,lowvig,4.0,,59.5,,165.0,-190.0,2026-09-12T23:30:00Z,-106.0,-105.0
2026-09-12T12:35:17.013701-04:00,odds_api,401862703,Florida Atlantic Owls,Navy Midshipmen,betmgm,4.5,,58.5,,160.0,-200.0,2026-09-12T23:30:00Z,-120.0,-110.0
2026-09-12T12:35:17.013701-04:00,odds_api,401862703,Florida Atlantic Owls,Navy Midshipmen,betus,4.5,,59.5,,167.0,-195.0,2026-09-12T23:30:00Z,-110.0,-110.0
2026-09-12T12:35:17.013701-04:00,odds_api,401862703,Florida Atlantic Owls,Navy Midshipmen,mybookieag,5.0,,59.5,,166.0,-208.0,2026-09-12T23:30:00Z,-110.0,-110.0
2026-09-12T12:35:17.013701-04:00,odds_api,401862703,Florida Atlantic Owls,Navy Midshipmen,betrivers,4.5,,58.5,,150.0,-195.0,2026-09-12T23:30:00Z,-113.0,-114.0
2026-09-12T12:35:17.013701-04:00,odds_api,401862703,Florida Atlantic Owls,Navy Midshipmen,bovada,4.0,,59.5,,165.0,-195.0,2026-09-12T23:30:00Z,-105.0,-110.0
2026-09-12T12:35:17.013701-04:00,odds_api,401862703,Florida Atlantic Owls,Navy Midshipmen,fanduel,4.5,,58.5,,160.0,-194.0,2026-09-12T23:30:00Z,-110.0,-115.0
2026-09-12T12:35:17.013701-04:00,odds_api,401856788,Iowa Hawkeyes,Iowa State Cyclones,fanduel,-14.5,,41.5,,-690.0,480.0,2026-09-12T23:30:00Z,-102.0,-104.0
2026-09-12T12:35:17.013701-04:00,odds_api,401856788,Iowa Hawkeyes,Iowa State Cyclones,mybookieag,-14.0,,41.5,,-752.0,500.0,2026-09-12T23:30:00Z,-110.0,-110.0
2026-09-12T12:35:17.013701-04:00,odds_api,401856788,Iowa Hawkeyes,Iowa State Cyclones,draftkings,-14.0,,41.5,,-625.0,455.0,2026-09-12T23:30:00Z,-110.0,-108.0
2026-09-12T12:35:17.013701-04:00,odds_api,401856788,Iowa Hawkeyes,Iowa State Cyclones,betrivers,-14.5,,41.5,,-715.0,460.0,2026-09-12T23:30:00Z,-110.0,-108.0
2026-09-12T12:35:17.013701-04:00,odds_api,401856788,Iowa Hawkeyes,Iowa State Cyclones,betmgm,-14.0,,41.5,,-600.0,450.0,2026-09-12T23:30:00Z,-110.0,100.0
2026-09-12T12:35:17.013701-04:00,odds_api,401856788,Iowa Hawkeyes,Iowa State Cyclones,betonlineag,-14.0,,41.0,,-600.0,446.0,2026-09-12T23:30:00Z,-110.0,-115.0
2026-09-12T12:35:17.013701-04:00,odds_api,401856788,Iowa Hawkeyes,Iowa State Cyclones,lowvig,-14.0,,41.0,,-600.0,446.0,2026-09-12T23:30:00Z,-106.0,-114.0
2026-09-12T12:35:17.013701-04:00,odds_api,401856788,Iowa Hawkeyes,Iowa State Cyclones,betus,-14.0,,41.0,,-600.0,450.0,2026-09-12T23:30:00Z,-110.0,-115.0
2026-09-12T12:35:17.013701-04:00,odds_api,401856788,Iowa Hawkeyes,Iowa State Cyclones,bovada,-14.0,,41.5,,-625.0,430.0,2026-09-12T23:30:00Z,-115.0,-110.0
2026-09-12T12:35:17.013701-04:00,odds_api,401867796,LSU Tigers,Louisiana Tech Bulldogs,draftkings,-34.5,,55.5,,-20000.0,3500.0,2026-09-12T23:30:00Z,-118.0,-108.0
2026-09-12T12:35:17.013701-04:00,odds_api,401867796,LSU Tigers,Louisiana Tech Bulldogs,betonlineag,-35.0,,55.5,,,,2026-09-12T23:30:00Z,-110.0,-110.0
2026-09-12T12:35:17.013701-04:00,odds_api,401867796,LSU Tigers,Louisiana Tech Bulldogs,lowvig,-35.0,,55.5,,,,2026-09-12T23:30:00Z,-106.0,-108.0
2026-09-12T12:35:17.013701-04:00,odds_api,401867796,LSU Tigers,Louisiana Tech Bulldogs,betmgm,-35.5,,55.5,,-50000.0,5000.0,2026-09-12T23:30:00Z,-110.0,-115.0
2026-09-12T12:35:17.013701-04:00,odds_api,401867796,LSU Tigers,Louisiana Tech Bulldogs,betus,-35.0,,55.5,,,,2026-09-12T23:30:00Z,-110.0,-110.0
2026-09-12T12:35:17.013701-04:00,odds_api,401867796,LSU Tigers,Louisiana Tech Bulldogs,betrivers,-35.5,,55.5,,,,2026-09-12T23:30:00Z,-109.0,-112.0
2026-09-12T12:35:17.013701-04:00,odds_api,401867796,LSU Tigers,Louisiana Tech Bulldogs,mybookieag,-35.0,,55.5,,,,2026-09-12T23:30:00Z,-110.0,-110.0
2026-09-12T12:35:17.013701-04:00,odds_api,401867796,LSU Tigers,Louisiana Tech Bulldogs,bovada,-35.0,,56.0,,,,2026-09-12T23:30:00Z,-110.0,-110.0
2026-09-12T12:35:17.013701-04:00,odds_api,401867796,LSU Tigers,Louisiana Tech Bulldogs,fanduel,-35.5,,55.5,,,,2026-09-12T23:30:00Z,100.0,-114.0
2026-09-12T12:35:17.013701-04:00,odds_api,401856682,Texas Longhorns,Ohio State Buckeyes,fanduel,-1.5,,49.5,,-120.0,102.0,2026-09-12T23:30:00Z,-110.0,-112.0
2026-09-12T12:35:17.013701-04:00,odds_api,401856682,Texas Longhorns,Ohio State Buckeyes,bovada,-2.0,,50.0,,-125.0,105.0,2026-09-12T23:30:00Z,-110.0,-110.0
2026-09-12T12:35:17.013701-04:00,odds_api,401856682,Texas Longhorns,Ohio State Buckeyes,betmgm,-1.5,,49.5,,-125.0,105.0,2026-09-12T23:30:00Z,-110.0,-110.0
2026-09-12T12:35:17.013701-04:00,odds_api,401856682,Texas Longhorns,Ohio State Buckeyes,betrivers,-1.0,,49.5,,-124.0,100.0,2026-09-12T23:30:00Z,-115.0,-113.0
2026-09-12T12:35:17.013701-04:00,odds_api,401856682,Texas Longhorns,Ohio State Buckeyes,mybookieag,-1.5,,50.0,,-126.0,103.0,2026-09-12T23:30:00Z,-110.0,-110.0
2026-09-12T12:35:17.013701-04:00,odds_api,401856682,Texas Longhorns,Ohio State Buckeyes,draftkings,-1.5,,49.5,,-122.0,102.0,2026-09-12T23:30:00Z,-112.0,-112.0
2026-09-12T12:35:17.013701-04:00,odds_api,401856682,Texas Longhorns,Ohio State Buckeyes,lowvig,-1.0,,49.5,,-127.0,107.0,2026-09-12T23:30:00Z,-111.0,-108.0
2026-09-12T12:35:17.013701-04:00,odds_api,401856682,Texas Longhorns,Ohio State Buckeyes,betonlineag,-1.0,,49.5,,-127.0,107.0,2026-09-12T23:30:00Z,-115.0,-110.0
2026-09-12T12:35:17.013701-04:00,odds_api,401856682,Texas Longhorns,Ohio State Buckeyes,betus,-1.0,,50.0,,-125.0,105.0,2026-09-12T23:30:00Z,-115.0,-110.0
2026-09-12T12:35:17.013701-04:00,odds_api,401856783,Oregon State Beavers,Texas Tech Red Raiders,fanduel,26.5,,53.5,,1400.0,-4000.0,2026-09-12T23:30:00Z,-120.0,-110.0
2026-09-12T12:35:17.013701-04:00,odds_api,401856783,Oregon State Beavers,Texas Tech Red Raiders,draftkings,25.5,,53.5,,1400.0,-3200.0,2026-09-12T23:30:00Z,-112.0,-105.0
2026-09-12T12:35:17.013701-04:00,odds_api,401856783,Oregon State Beavers,Texas Tech Red Raiders,lowvig,26.0,,53.0,,1256.0,-3000.0,2026-09-12T23:30:00Z,-106.0,-108.0
2026-09-12T12:35:17.013701-04:00,odds_api,401856783,Oregon State Beavers,Texas Tech Red Raiders,betonlineag,26.0,,53.0,,1256.0,-3000.0,2026-09-12T23:30:00Z,-110.0,-110.0
2026-09-12T12:35:17.013701-04:00,odds_api,401856783,Oregon State Beavers,Texas Tech Red Raiders,betmgm,25.5,,53.5,,1550.0,-3000.0,2026-09-12T23:30:00Z,-110.0,-108.0
2026-09-12T12:35:17.013701-04:00,odds_api,401856783,Oregon State Beavers,Texas Tech Red Raiders,betus,25.5,,53.0,,1300.0,-3000.0,2026-09-12T23:30:00Z,-110.0,-110.0
2026-09-12T12:35:17.013701-04:00,odds_api,401856783,Oregon State Beavers,Texas Tech Red Raiders,betrivers,26.5,,53.5,,1700.0,-10000.0,2026-09-12T23:30:00Z,-114.0,-110.0
2026-09-12T12:35:17.013701-04:00,odds_api,401856783,Oregon State Beavers,Texas Tech Red Raiders,mybookieag,26.0,,53.0,,1075.0,-3030.0,2026-09-12T23:30:00Z,-110.0,-110.0
2026-09-12T12:35:17.013701-04:00,odds_api,401856783,Oregon State Beavers,Texas Tech Red Raiders,bovada,25.5,,53.5,,1100.0,-3500.0,2026-09-12T23:30:00Z,-110.0,-105.0
2026-09-12T12:35:17.013701-04:00,odds_api,401856671,Auburn Tigers,Southern Mississippi Golden Eagles,draftkings,-32.5,,57.5,,-10000.0,3000.0,2026-09-12T23:45:00Z,-112.0,-105.0
2026-09-12T12:35:17.013701-04:00,odds_api,401856671,Auburn Tigers,Southern Mississippi Golden Eagles,lowvig,-33.0,,57.0,,,,2026-09-12T23:45:00Z,-101.0,-114.0
2026-09-12T12:35:17.013701-04:00,odds_api,401856671,Auburn Tigers,Southern Mississippi Golden Eagles,betonlineag,-33.0,,57.0,,,,2026-09-12T23:45:00Z,-105.0,-115.0
2026-09-12T12:35:17.013701-04:00,odds_api,401856671,Auburn Tigers,Southern Mississippi Golden Eagles,betmgm,-32.5,,57.5,,-12500.0,3500.0,2026-09-12T23:45:00Z,-110.0,-108.0
2026-09-12T12:35:17.013701-04:00,odds_api,401856671,Auburn Tigers,Southern Mississippi Golden Eagles,betus,-33.0,,57.0,,,,2026-09-12T23:45:00Z,-110.0,-110.0
2026-09-12T12:35:17.013701-04:00,odds_api,401856671,Auburn Tigers,Southern Mississippi Golden Eagles,betrivers,-33.5,,56.5,,,,2026-09-12T23:45:00Z,-113.0,-112.0
2026-09-12T12:35:17.013701-04:00,odds_api,401856671,Auburn Tigers,Southern Mississippi Golden Eagles,mybookieag,-33.0,,57.0,,-8105.0,1582.0,2026-09-12T23:45:00Z,-110.0,-110.0
2026-09-12T12:35:17.013701-04:00,odds_api,401856671,Auburn Tigers,Southern Mississippi Golden Eagles,bovada,-33.0,,57.0,,,,2026-09-12T23:45:00Z,-105.0,-110.0
2026-09-12T12:35:17.013701-04:00,odds_api,401856671,Auburn Tigers,Southern Mississippi Golden Eagles,fanduel,-32.5,,56.5,,-10000.0,2400.0,2026-09-12T23:45:00Z,-115.0,-115.0
2026-09-12T12:35:17.013701-04:00,odds_api,401856676,Ole Miss Rebels,Charlotte 49ers,draftkings,-45.5,,59.5,,,,2026-09-12T23:45:00Z,-105.0,-112.0
2026-09-12T12:35:17.013701-04:00,odds_api,401856676,Ole Miss Rebels,Charlotte 49ers,betonlineag,-45.0,,60.0,,,,2026-09-12T23:45:00Z,-112.0,-110.0
2026-09-12T12:35:17.013701-04:00,odds_api,401856676,Ole Miss Rebels,Charlotte 49ers,fanduel,-45.5,,59.5,,,,2026-09-12T23:45:00Z,-104.0,-105.0
2026-09-12T12:35:17.013701-04:00,odds_api,401856676,Ole Miss Rebels,Charlotte 49ers,betrivers,-45.5,,59.5,,,,2026-09-12T23:45:00Z,-110.0,-113.0
2026-09-12T12:35:17.013701-04:00,odds_api,401856676,Ole Miss Rebels,Charlotte 49ers,betmgm,-45.5,,60.5,,,,2026-09-12T23:45:00Z,-108.0,-108.0
2026-09-12T12:35:17.013701-04:00,odds_api,401856676,Ole Miss Rebels,Charlotte 49ers,betus,-45.0,,60.0,,,,2026-09-12T23:45:00Z,-110.0,-110.0
2026-09-12T12:35:17.013701-04:00,odds_api,401856676,Ole Miss Rebels,Charlotte 49ers,bovada,-45.5,,59.5,,,,2026-09-12T23:45:00Z,100.0,-110.0
2026-09-12T12:35:17.013701-04:00,odds_api,401856784,Baylor Bears,Prairie View A&M Panthers,fanduel,-37.5,,55.5,,,,2026-09-13T00:00:00Z,-118.0,-115.0
2026-09-12T12:35:17.013701-04:00,odds_api,401856784,Baylor Bears,Prairie View A&M Panthers,betrivers,-37.5,,55.0,,,,2026-09-13T00:00:00Z,-114.0,-110.0
2026-09-12T12:35:17.013701-04:00,odds_api,401856784,Baylor Bears,Prairie View A&M Panthers,draftkings,-37.5,,55.5,,,,2026-09-13T00:00:00Z,-105.0,-110.0
2026-09-12T12:35:17.013701-04:00,odds_api,401856784,Baylor Bears,Prairie View A&M Panthers,lowvig,-37.5,,55.5,,,,2026-09-13T00:00:00Z,-105.0,-110.0
2026-09-12T12:35:17.013701-04:00,odds_api,401856784,Baylor Bears,Prairie View A&M Panthers,betonlineag,-37.5,,55.5,,,,2026-09-13T00:00:00Z,-105.0,-110.0
2026-09-12T12:35:17.013701-04:00,odds_api,401856784,Baylor Bears,Prairie View A&M Panthers,bovada,-37.5,,55.5,,,,2026-09-13T00:00:00Z,-110.0,-110.0
2026-09-12T12:35:17.013701-04:00,odds_api,401856784,Baylor Bears,Prairie View A&M Panthers,betmgm,-37.0,,55.5,,-100000.0,5500.0,2026-09-13T00:00:00Z,-110.0,-110.0
2026-09-12T12:35:17.013701-04:00,odds_api,401856789,TCU Horned Frogs,Grambling State Tigers,fanduel,-44.5,,55.5,,,,2026-09-13T00:00:00Z,-110.0,-115.0
2026-09-12T12:35:17.013701-04:00,odds_api,401856789,TCU Horned Frogs,Grambling State Tigers,betrivers,-44.0,,55.0,,,,2026-09-13T00:00:00Z,-113.0,-112.0
2026-09-12T12:35:17.013701-04:00,odds_api,401856789,TCU Horned Frogs,Grambling State Tigers,draftkings,-44.5,,56.5,,,,2026-09-13T00:00:00Z,-105.0,-105.0
2026-09-12T12:35:17.013701-04:00,odds_api,401856789,TCU Horned Frogs,Grambling State Tigers,lowvig,-44.0,,56.0,,,,2026-09-13T00:00:00Z,-115.0,-115.0
2026-09-12T12:35:17.013701-04:00,odds_api,401856789,TCU Horned Frogs,Grambling State Tigers,betonlineag,-44.0,,56.0,,,,2026-09-13T00:00:00Z,-115.0,-115.0
2026-09-12T12:35:17.013701-04:00,odds_api,401856789,TCU Horned Frogs,Grambling State Tigers,bovada,-44.5,,56.0,,,,2026-09-13T00:00:00Z,-115.0,-110.0
2026-09-12T12:35:17.013701-04:00,odds_api,401856789,TCU Horned Frogs,Grambling State Tigers,betmgm,-44.0,,55.5,,,,2026-09-13T00:00:00Z,-108.0,-102.0
2026-09-12T12:35:17.013701-04:00,odds_api,401864504,San Jose State Spartans,Cal Poly Mustangs,fanduel,-21.5,,58.5,,-2800.0,1160.0,2026-09-13T01:00:00Z,-114.0,-105.0
2026-09-12T12:35:17.013701-04:00,odds_api,401864504,San Jose State Spartans,Cal Poly Mustangs,draftkings,-21.5,,58.5,,-1800.0,1000.0,2026-09-13T01:00:00Z,-105.0,-108.0
2026-09-12T12:35:17.013701-04:00,odds_api,401864504,San Jose State Spartans,Cal Poly Mustangs,betrivers,-21.5,,58.0,,-10000.0,1400.0,2026-09-13T01:00:00Z,-113.0,-108.0
2026-09-12T12:35:17.013701-04:00,odds_api,401864504,San Jose State Spartans,Cal Poly Mustangs,lowvig,-21.5,,59.0,,,,2026-09-13T01:00:00Z,-110.0,-105.0
2026-09-12T12:35:17.013701-04:00,odds_api,401864504,San Jose State Spartans,Cal Poly Mustangs,betonlineag,-21.5,,59.0,,,,2026-09-13T01:00:00Z,-110.0,-105.0
2026-09-12T12:35:17.013701-04:00,odds_api,401864504,San Jose State Spartans,Cal Poly Mustangs,bovada,-21.0,,58.0,,-1600.0,800.0,2026-09-13T01:00:00Z,-115.0,-110.0
2026-09-12T12:35:17.013701-04:00,odds_api,401864504,San Jose State Spartans,Cal Poly Mustangs,betmgm,-21.5,,58.5,,-1600.0,1050.0,2026-09-13T01:00:00Z,-108.0,-108.0
2026-09-12T12:35:17.013701-04:00,odds_api,401864504,San Jose State Spartans,Cal Poly Mustangs,mybookieag,-21.5,,58.0,,,,2026-09-13T01:00:00Z,-110.0,-110.0
2026-09-12T12:35:17.013701-04:00,odds_api,401864505,UTEP Miners,Texas Southern Tigers,fanduel,-25.5,,53.5,,-7000.0,2000.0,2026-09-13T01:00:00Z,-114.0,-110.0
2026-09-12T12:35:17.013701-04:00,odds_api,401864505,UTEP Miners,Texas Southern Tigers,betrivers,-26.5,,52.5,,,,2026-09-13T01:00:00Z,-113.0,-114.0
2026-09-12T12:35:17.013701-04:00,odds_api,401864505,UTEP Miners,Texas Southern Tigers,draftkings,-27.5,,52.5,,-4500.0,1700.0,2026-09-13T01:00:00Z,-108.0,-112.0
2026-09-12T12:35:17.013701-04:00,odds_api,401864505,UTEP Miners,Texas Southern Tigers,lowvig,-27.0,,52.5,,,,2026-09-13T01:00:00Z,-115.0,-110.0
2026-09-12T12:35:17.013701-04:00,odds_api,401864505,UTEP Miners,Texas Southern Tigers,betonlineag,-27.0,,52.5,,,,2026-09-13T01:00:00Z,-115.0,-110.0
2026-09-12T12:35:17.013701-04:00,odds_api,401864505,UTEP Miners,Texas Southern Tigers,bovada,-27.0,,53.5,,-5000.0,1200.0,2026-09-13T01:00:00Z,-110.0,-105.0
2026-09-12T12:35:17.013701-04:00,odds_api,401864505,UTEP Miners,Texas Southern Tigers,betmgm,-25.5,,52.5,,-3000.0,1700.0,2026-09-13T01:00:00Z,-110.0,-110.0
2026-09-12T12:35:17.013701-04:00,odds_api,401864502,Air Force Falcons,North Dakota State Bison,draftkings,1.5,,47.5,,105.0,-125.0,2026-09-13T02:00:00Z,-105.0,-112.0
2026-09-12T12:35:17.013701-04:00,odds_api,401864502,Air Force Falcons,North Dakota State Bison,lowvig,2.0,,47.5,,108.0,-128.0,2026-09-13T02:00:00Z,-106.0,-108.0
2026-09-12T12:35:17.013701-04:00,odds_api,401864502,Air Force Falcons,North Dakota State Bison,betonlineag,2.0,,47.5,,108.0,-128.0,2026-09-13T02:00:00Z,-110.0,-115.0
2026-09-12T12:35:17.013701-04:00,odds_api,401864502,Air Force Falcons,North Dakota State Bison,betus,2.0,,47.5,,110.0,-130.0,2026-09-13T02:00:00Z,-110.0,-110.0
2026-09-12T12:35:17.013701-04:00,odds_api,401864502,Air Force Falcons,North Dakota State Bison,mybookieag,1.5,,47.5,,103.0,-125.0,2026-09-13T02:00:00Z,-110.0,-110.0
2026-09-12T12:35:17.013701-04:00,odds_api,401864502,Air Force Falcons,North Dakota State Bison,betrivers,2.5,,47.5,,110.0,-136.0,2026-09-13T02:00:00Z,-113.0,-112.0
2026-09-12T12:35:17.013701-04:00,odds_api,401864502,Air Force Falcons,North Dakota State Bison,bovada,2.0,,47.5,,100.0,-120.0,2026-09-13T02:00:00Z,-115.0,-115.0
2026-09-12T12:35:17.013701-04:00,odds_api,401864502,Air Force Falcons,North Dakota State Bison,betmgm,2.0,,47.5,,105.0,-130.0,2026-09-13T02:00:00Z,-110.0,-105.0
2026-09-12T12:35:17.013701-04:00,odds_api,401864502,Air Force Falcons,North Dakota State Bison,fanduel,2.5,,47.5,,-102.0,-118.0,2026-09-13T02:00:00Z,-120.0,-110.0
2026-09-12T12:35:17.013701-04:00,odds_api,401856670,Utah Utes,Arkansas Razorbacks,draftkings,-12.5,,55.5,,-500.0,380.0,2026-09-13T02:15:00Z,-110.0,-108.0
2026-09-12T12:35:17.013701-04:00,odds_api,401856670,Utah Utes,Arkansas Razorbacks,fanduel,-12.5,,55.5,,-520.0,390.0,2026-09-13T02:15:00Z,-110.0,-110.0
2026-09-12T12:35:17.013701-04:00,odds_api,401856670,Utah Utes,Arkansas Razorbacks,mybookieag,-12.5,,55.5,,-526.0,370.0,2026-09-13T02:15:00Z,-110.0,-110.0
2026-09-12T12:35:17.013701-04:00,odds_api,401856670,Utah Utes,Arkansas Razorbacks,betrivers,-12.5,,55.5,,-590.0,400.0,2026-09-13T02:15:00Z,-109.0,-109.0
2026-09-12T12:35:17.013701-04:00,odds_api,401856670,Utah Utes,Arkansas Razorbacks,betmgm,-12.5,,55.5,,-500.0,380.0,2026-09-13T02:15:00Z,-108.0,-108.0
2026-09-12T12:35:17.013701-04:00,odds_api,401856670,Utah Utes,Arkansas Razorbacks,betonlineag,-11.5,,55.5,,-470.0,364.0,2026-09-13T02:15:00Z,-117.0,-110.0
2026-09-12T12:35:17.013701-04:00,odds_api,401856670,Utah Utes,Arkansas Razorbacks,betus,-11.5,,55.5,,-470.0,370.0,2026-09-13T02:15:00Z,-115.0,-110.0
2026-09-12T12:35:17.013701-04:00,odds_api,401856670,Utah Utes,Arkansas Razorbacks,bovada,-12.5,,55.5,,-525.0,375.0,2026-09-13T02:15:00Z,-115.0,-110.0
2026-09-12T12:35:17.013701-04:00,odds_api,401860883,Fresno State Bulldogs,Sacramento State Hornets,draftkings,-17.5,,44.5,,-900.0,600.0,2026-09-13T02:30:00Z,-110.0,-112.0
2026-09-12T12:35:17.013701-04:00,odds_api,401860883,Fresno State Bulldogs,Sacramento State Hornets,lowvig,-17.5,,44.5,,-1100.0,709.0,2026-09-13T02:30:00Z,-106.0,-108.0
2026-09-12T12:35:17.013701-04:00,odds_api,401860883,Fresno State Bulldogs,Sacramento State Hornets,betonlineag,-17.5,,44.5,,-1100.0,709.0,2026-09-13T02:30:00Z,-110.0,-110.0
2026-09-12T12:35:17.013701-04:00,odds_api,401860883,Fresno State Bulldogs,Sacramento State Hornets,betmgm,-17.5,,44.5,,-1000.0,700.0,2026-09-13T02:30:00Z,-108.0,-110.0
2026-09-12T12:35:17.013701-04:00,odds_api,401860883,Fresno State Bulldogs,Sacramento State Hornets,betus,-17.5,,44.5,,-1100.0,700.0,2026-09-13T02:30:00Z,-110.0,-110.0
2026-09-12T12:35:17.013701-04:00,odds_api,401860883,Fresno State Bulldogs,Sacramento State Hornets,mybookieag,-18.0,,44.5,,-1205.0,690.0,2026-09-13T02:30:00Z,-110.0,-110.0
2026-09-12T12:35:17.013701-04:00,odds_api,401860883,Fresno State Bulldogs,Sacramento State Hornets,bovada,-17.5,,44.5,,-1000.0,625.0,2026-09-13T02:30:00Z,-110.0,-110.0
2026-09-12T12:35:17.013701-04:00,odds_api,401860883,Fresno State Bulldogs,Sacramento State Hornets,betrivers,-18.0,,44.5,,-1250.0,700.0,2026-09-13T02:30:00Z,-109.0,-108.0
2026-09-12T12:35:17.013701-04:00,odds_api,401860883,Fresno State Bulldogs,Sacramento State Hornets,fanduel,-17.5,,44.5,,-1250.0,740.0,2026-09-13T02:30:00Z,-105.0,-115.0
2026-09-12T12:35:17.013701-04:00,odds_api,401864500,Nevada Wolf Pack,Montana State Bobcats,fanduel,3.5,,51.5,,150.0,-182.0,2026-09-13T02:30:00Z,-110.0,-112.0
2026-09-12T12:35:17.013701-04:00,odds_api,401864500,Nevada Wolf Pack,Montana State Bobcats,betrivers,3.5,,50.5,,143.0,-180.0,2026-09-13T02:30:00Z,-112.0,-115.0
2026-09-12T12:35:17.013701-04:00,odds_api,401864500,Nevada Wolf Pack,Montana State Bobcats,draftkings,3.5,,51.5,,142.0,-170.0,2026-09-13T02:30:00Z,-108.0,-115.0
2026-09-12T12:35:17.013701-04:00,odds_api,401864500,Nevada Wolf Pack,Montana State Bobcats,betonlineag,4.5,,51.5,,,,2026-09-13T02:30:00Z,-110.0,-110.0
2026-09-12T12:35:17.013701-04:00,odds_api,401864500,Nevada Wolf Pack,Montana State Bobcats,lowvig,4.5,,51.5,,,,2026-09-13T02:30:00Z,-110.0,-110.0
2026-09-12T12:35:17.013701-04:00,odds_api,401864500,Nevada Wolf Pack,Montana State Bobcats,bovada,4.0,,51.5,,160.0,-185.0,2026-09-13T02:30:00Z,-105.0,-110.0
2026-09-12T12:35:17.013701-04:00,odds_api,401864500,Nevada Wolf Pack,Montana State Bobcats,betmgm,3.5,,51.5,,138.0,-165.0,2026-09-13T02:30:00Z,-110.0,-102.0
2026-09-12T12:35:17.013701-04:00,odds_api,401864500,Nevada Wolf Pack,Montana State Bobcats,mybookieag,4.0,,51.5,,154.0,-199.0,2026-09-13T02:30:00Z,-110.0,-110.0
2026-09-12T12:35:17.013701-04:00,odds_api,401858445,USC Trojans,Louisiana Ragin Cajuns,draftkings,-30.5,,59.5,,-6500.0,2000.0,2026-09-13T03:00:00Z,-118.0,-105.0
2026-09-12T12:35:17.013701-04:00,odds_api,401858445,USC Trojans,Louisiana Ragin Cajuns,lowvig,-31.0,,59.5,,-10000.0,1787.0,2026-09-13T03:00:00Z,-101.0,-103.0
2026-09-12T12:35:17.013701-04:00,odds_api,401858445,USC Trojans,Louisiana Ragin Cajuns,betonlineag,-31.0,,59.5,,-10000.0,1787.0,2026-09-13T03:00:00Z,-105.0,-105.0
2026-09-12T12:35:17.013701-04:00,odds_api,401858445,USC Trojans,Louisiana Ragin Cajuns,betmgm,-31.5,,59.5,,-10000.0,3000.0,2026-09-13T03:00:00Z,-110.0,-110.0
2026-09-12T12:35:17.013701-04:00,odds_api,401858445,USC Trojans,Louisiana Ragin Cajuns,betus,-31.0,,59.5,,,,2026-09-13T03:00:00Z,-110.0,-110.0
2026-09-12T12:35:17.013701-04:00,odds_api,401858445,USC Trojans,Louisiana Ragin Cajuns,betrivers,-31.0,,59.0,,,,2026-09-13T03:00:00Z,-117.0,-112.0
2026-09-12T12:35:17.013701-04:00,odds_api,401858445,USC Trojans,Louisiana Ragin Cajuns,bovada,-31.0,,59.5,,-10000.0,1600.0,2026-09-13T03:00:00Z,-110.0,-105.0
2026-09-12T12:35:17.013701-04:00,odds_api,401858445,USC Trojans,Louisiana Ragin Cajuns,mybookieag,-31.0,,59.0,,-18149.0,1559.0,2026-09-13T03:00:00Z,-110.0,-110.0
2026-09-12T12:35:17.013701-04:00,odds_api,401858445,USC Trojans,Louisiana Ragin Cajuns,fanduel,-30.5,,59.5,,-10000.0,3000.0,2026-09-13T03:00:00Z,-115.0,-105.0
