game_id,home_team,away_team,home_points,away_points,total_points,margin,provider,closing_spread,ats_result,closing_ou,ou_result,home_ml,ml_result
401907643,Slippery Rock,Minnesota Duluth,45,43,88,2,none,,,,,,
401896383,Morehead State,Ohio Dominican,40,42,82,-2,none,,,,,,
401867894,Youngstown State,Mercyhurst,43,10,53,33,Draft Kings,-30.5,home_cover,57.5,under,,home_win
401906048,Tusculum,Bluefield State,42,7,49,35,none,,,,,,
401907195,Indianapolis,Marian (IN),39,7,46,32,none,,,,,,
401907002,Charleston (WV),Grand Valley State,10,38,48,-28,none,,,,,,
401906839,Kentucky Christian,Kentucky Wesleyan,44,24,68,20,none,,,,,,
401866615,Delaware State,Stony Brook,41,34,75,7,Draft Kings,4.5,home_cover,50.5,over,,home_win
401866532,Towson,Maine,18,21,39,-3,Draft Kings,-2.5,away_cover,46.5,under,,away_win
401906193,UNC Pembroke,Wingate,21,13,34,8,none,,,,,,
401906139,Virginia State,Barton,44,17,61,27,none,,,,,,
401868962,Nicholls,Mississippi Valley State,44,10,54,34,Draft Kings,-28.5,home_cover,51.5,over,,home_win
401906993,Bemidji State,Michigan Tech,29,31,60,-2,none,,,,,,
401907381,Nebraska Kearney,Wayne State (NE),20,21,41,-1,none,,,,,,
401874035,West Florida,Southern Illinois,34,31,65,3,Draft Kings,19.5,home_cover,55.5,over,,home_win
401907239,Southwest Baptist,William Woods,63,6,69,57,none,,,,,,
401907110,Sioux Falls,Black Hills State,21,24,45,-3,none,,,,,,
401896384,Davidson,Concord,35,41,76,-6,none,,,,,,
401906620,West Liberty,Walsh,27,30,57,-3,none,,,,,,
401906902,Saginaw Valley State,McKendree,48,24,72,24,none,,,,,,
401906631,Carson Newman,Tiffin,41,38,79,3,none,,,,,,
401906602,Valdosta State,Emory & Henry,38,10,48,28,none,,,,,,
401907356,Minot State,Emporia State,30,36,66,-6,none,,,,,,
401868060,Austin Peay,Gardner-Webb,35,17,52,18,Draft Kings,-14.5,home_cover,59.5,under,,home_win
401868279,St. Thomas (MN),Winona State,15,9,24,6,none,,,,,,
401907346,Texas Wesleyan,Central Oklahoma,7,59,66,-52,none,,,,,,
401907120,Northern State,Chadron State,42,17,59,25,none,,,,,,
401868169,Lindenwood,Charleston Southern,20,17,37,3,Draft Kings,-7.5,away_cover,45.5,under,,home_win
401868240,West Georgia,Chattanooga,10,24,34,-14,Draft Kings,3.5,away_cover,50.5,under,,away_win
401868204,Western Illinois,Northwestern (IA),65,14,79,51,none,,,,,,
401868273,Presbyterian,UVA Wise,47,37,84,10,none,,,,,,
401868315,SE Louisiana,Houston Christian,28,34,62,-6,Draft Kings,-24.5,away_cover,51.5,over,,away_win
401866614,Elon,Glenville State,42,7,49,35,none,,,,,,
401907536,Seton Hill,East Stroudsburg,20,27,47,-7,none,,,,,,
401868373,Furman,Anderson (SC),20,3,23,17,none,,,,,,
401906943,Minnesota St Moorhead,Northern Michigan,41,19,60,22,none,,,,,,
401867865,Murray State,Eastern Illinois,14,28,42,-14,Draft Kings,-4.5,away_cover,49.5,under,,away_win
401868254,Drake,South Dakota Mines,35,38,73,-3,none,,,,,,
401868070,UT Martin,Central Arkansas,24,36,60,-12,Draft Kings,-3.0,away_cover,50.5,over,,away_win
401907234,Concordia St. Paul,Quincy,38,21,59,17,none,,,,,,
401907155,New Mexico Highlands,Eastern New Mexico,35,34,69,1,none,,,,,,
401907099,Adams State,Western New Mexico,45,62,107,-17,none,,,,,,
401907161,West Texas,Western Colorado,21,52,73,-31,none,,,,,,
401907129,Colorado Mesa,Minnesota State,14,38,52,-24,none,,,,,,
401869128,Northwestern State,Louisiana Christian,37,42,79,-5,none,,,,,,
401867874,North Dakota,Long Island University,42,21,63,21,Draft Kings,-27.5,away_cover,44.5,over,,home_win
401907275,Angelo State,Fort Hays,14,35,49,-21,none,,,,,,
401907007,Pittsburg State,Ferris State,14,42,56,-28,none,,,,,,
401907144,CSU Pueblo,Central Missouri,44,25,69,19,none,,,,,,
401907376,Missouri Western,Augustana (SD),58,63,121,-5,none,,,,,,
401907724,Southwest Minnesota State,Valley City State,10,7,17,3,none,,,,,,
401907702,University of Mary,Rocky Mountain,10,23,33,-13,none,,,,,,
401866617,Merrimack,Rhode Island,7,34,41,-27,Draft Kings,21.0,away_cover,47.5,under,,away_win
401866617,Merrimack,Rhode Island,7,34,41,-27,DraftKings,20.5,away_cover,47.5,under,890.0,away_win
401868007,Fordham,Colgate,14,24,38,-10,Draft Kings,8.5,away_cover,55.5,under,,away_win
401868007,Fordham,Colgate,14,24,38,-10,DraftKings,8.5,away_cover,55.5,under,242.0,away_win
401906145,Lenoir Rhyne,Virginia Union,45,3,48,42,none,,,,,,
401868040,Villanova,William & Mary,32,35,67,-3,Draft Kings,-12.5,away_cover,47.5,over,,away_win
401868040,Villanova,William & Mary,32,35,67,-3,DraftKings,-12.5,away_cover,47.5,over,-700.0,away_win
401868261,New Haven,Marist,22,21,43,1,Draft Kings,-2.5,away_cover,46.5,under,,home_win
401868261,New Haven,Marist,22,21,43,1,DraftKings,-2.5,away_cover,46.5,under,-145.0,home_win
401866616,UAlbany,New Hampshire,28,14,42,14,Draft Kings,10.0,home_cover,46.5,under,,home_win
401866616,UAlbany,New Hampshire,28,14,42,14,DraftKings,10.0,home_cover,46.5,under,268.0,home_win
401868129,Northern Colorado,Weber State,29,30,59,-1,Draft Kings,-3.0,away_cover,50.5,over,,away_win
401868129,Northern Colorado,Weber State,29,30,59,-1,DraftKings,-3.0,away_cover,50.5,over,-161.0,away_win
401868073,Cal Poly,Idaho,38,34,72,4,Draft Kings,5.5,home_cover,53.5,over,,home_win
401868073,Cal Poly,Idaho,38,34,72,4,DraftKings,5.5,home_cover,53.5,over,172.0,home_win
401867916,Wagner,Robert Morris,7,28,35,-21,Draft Kings,-5.5,away_cover,40.5,under,,away_win
401867916,Wagner,Robert Morris,7,28,35,-21,DraftKings,-5.5,away_cover,40.5,under,-223.0,away_win
401856766,TCU,North Carolina,10,15,25,-5,Bovada,-7.5,away_cover,46.0,under,-235.0,away_win
401856766,TCU,North Carolina,10,15,25,-5,Draft Kings,-7.5,away_cover,46.5,under,,away_win
401856766,TCU,North Carolina,10,15,25,-5,DraftKings,-7.5,away_cover,46.5,under,-310.0,away_win
401906177,West Virginia State,Chowan,56,24,80,32,none,,,,,,
401907012,Davenport,Gannon,32,20,52,12,none,,,,,,
401906641,Wheeling,Thomas More,27,10,37,17,none,,,,,,
401868792,Dayton,Fairmont State,43,20,63,23,none,,,,,,
401907150,William Jewell,Fort Lewis,0,0,0,0,none,,,,,,
401906588,Northeastern State,Delta State,52,0,52,52,none,,,,,,
401907454,American International,Monroe,17,3,20,14,none,,,,,,
401906126,Elizabeth City State,Fort Valley State,14,17,31,-3,none,,,,,,
401906205,Shorter,Andrew,20,24,44,-4,none,,,,,,
401907631,Shippensburg,Lock Haven,16,24,40,-8,none,,,,,,
401868209,Butler,Georgetown College Kentucky,27,23,50,4,none,,,,,,
401907576,West Virginia Wesleyan,Post,31,13,44,18,none,,,,,,
401869156,Chicago State,Roosevelt,28,44,72,-16,none,,,,,,
401906185,BLUEFIELD,Erskine,20,37,57,-17,none,,,,,,
401907137,Colorado School of Mines,Western Oregon,20,22,42,-2,none,,,,,,
401868288,Valparaiso,Lawrence Tech,59,13,72,46,none,,,,,,
401867882,South Dakota,Central Connecticut,59,20,79,39,Draft Kings,-20.5,home_cover,49.5,over,,home_win
401867882,South Dakota,Central Connecticut,59,20,79,39,DraftKings,-21.5,home_cover,49.5,over,-3900.0,home_win
401906949,Central State,Kentucky State,14,41,55,-27,none,,,,,,
401868324,Alabama State,Southern,30,17,47,13,DraftKings,-19.5,away_cover,56.5,under,-1760.0,home_win
401868154,Portland State,UC Davis,24,31,55,-7,DraftKings,25.5,home_cover,60.5,under,1300.0,away_win
401907246,Upper Iowa,Jamestown,30,13,43,17,none,,,,,,
401864494,USC,San José State,42,26,68,16,Bovada,-37.0,away_cover,60.5,over,-100000.0,home_win
401864494,USC,San José State,42,26,68,16,DraftKings,-37.5,away_cover,61.5,over,-100000.0,home_win
401858202,Virginia,NC State,34,8,42,26,Bovada,-4.0,home_cover,50.5,under,-145.0,home_win
401858202,Virginia,NC State,34,8,42,26,DraftKings,-4.0,home_cover,50.5,under,-185.0,home_win
401868022,Holy Cross,Lehigh,10,35,45,-25,DraftKings,14.0,away_cover,47.5,under,509.0,away_win
401906157,Benedict,Johnson C. Smith,32,10,42,22,none,,,,,,
401868084,Northern Arizona,Eastern Washington,34,27,61,7,DraftKings,-5.5,home_cover,55.5,over,-242.0,home_win
401866620,East Tennessee State,Campbell,37,49,86,-12,DraftKings,-7.0,away_cover,56.5,over,-267.0,away_win
401864577,North Dakota State,Jacksonville State,33,7,40,26,Bovada,-7.0,home_cover,46.5,under,-330.0,home_win
401864577,North Dakota State,Jacksonville State,33,7,40,26,DraftKings,-6.5,home_cover,46.5,under,-265.0,home_win
401868101,Idaho State,VMI,38,10,48,28,DraftKings,-34.5,away_cover,53.5,under,,home_win
401906956,Edward Waters,Florida Memorial University,42,28,70,14,none,,,,,,
401906162,Livingstone,Allen,16,37,53,-21,none,,,,,,
401867988,Richmond,Bucknell,35,14,49,21,DraftKings,-12.5,home_cover,48.5,over,-620.0,home_win
401907403,Ferrum,Catawba,7,13,20,-6,none,,,,,,
401866613,Hampton,Virginia Lynchburg,45,0,45,45,none,,,,,,
401866619,Stonehill,Bryant,6,24,30,-18,DraftKings,4.5,away_cover,45.5,under,153.0,away_win
401866618,North Carolina A&T,Morgan State,7,17,24,-10,DraftKings,7.0,away_cover,49.5,under,210.0,away_win
401867972,Norfolk State,Winston-Salem State,56,0,56,56,none,,,,,,
401867982,South Carolina State,Savannah State,87,0,87,87,none,,,,,,
401867855,Indiana State,Southeast Missouri State,21,23,44,-2,DraftKings,-2.5,away_cover,52.5,under,-143.0,away_win
401906151,Fayetteville State,Shaw,33,20,53,13,none,,,,,,
401868394,Wofford,The Citadel,42,14,56,28,DraftKings,-7.5,home_cover,45.5,over,-415.0,home_win
401866408,Eastern Michigan,Sacramento State,28,17,45,11,Bovada,-9.0,home_cover,53.0,under,-330.0,home_win
401866408,Eastern Michigan,Sacramento State,28,17,45,11,DraftKings,-8.5,home_cover,52.5,under,-355.0,home_win
401896385,Alcorn State,Miles,56,7,63,49,none,,,,,,
401868139,Western Carolina,Eastern Kentucky,45,21,66,24,DraftKings,-3.0,home_cover,54.5,over,-152.0,home_win
401868305,McNeese,Stephen F. Austin,27,38,65,-11,DraftKings,12.5,home_cover,49.5,over,328.0,away_win
401907243,Truman State,Washburn,21,27,48,-6,none,,,,,,
401874042,Mercer,East Texas A&M,23,15,38,8,DraftKings,-22.5,away_cover,57.5,under,-3200.0,home_win
401858201,Stanford,Hawai'i,37,27,64,10,Bovada,-4.5,home_cover,48.5,over,-170.0,home_win
401858201,Stanford,Hawai'i,37,27,64,10,DraftKings,-4.5,home_cover,48.5,over,-198.0,home_win
401864570,Florida State,New Mexico State,34,17,51,17,Bovada,-31.0,away_cover,53.5,under,-100000.0,home_win
401864570,Florida State,New Mexico State,34,17,51,17,DraftKings,-30.5,away_cover,53.5,under,-6500.0,home_win
401872615,South Dakota State,Stetson,70,7,77,63,DraftKings,-50.5,home_cover,58.5,over,,home_win
401868149,North Alabama,Samford,22,10,32,12,DraftKings,-7.0,home_cover,55.5,under,-313.0,home_win
401868049,Lamar,Abilene Christian,21,14,35,7,DraftKings,7.5,home_cover,49.5,under,232.0,home_win
401868934,Arkansas-Pine Bluff,Morehouse,35,15,50,20,none,,,,,,
401913104,Incarnate Word,Oklahoma Panhandle,76,14,90,62,none,,,,,,
401868948,Florida A&M,Albany State,20,7,27,13,none,,,,,,
401891332,Illinois State,St. Francis (IL),76,0,76,76,none,,,,,,
401867977,Texas Southern,North Carolina Central,42,30,72,12,DraftKings,10.5,home_cover,51.5,over,328.0,home_win
401868952,Grambling,Clark Atlanta,49,7,56,42,none,,,,,,
401866621,Tennessee Tech,Monmouth,38,14,52,24,DraftKings,-8.5,home_cover,58.5,under,-340.0,home_win
401907297,Midwestern State,Missouri Southern State,30,23,53,7,none,,,,,,
401907204,Lincoln (MO),Central Methodist,27,11,38,16,none,,,,,,
401867935,Howard,Alabama A&M,31,24,55,7,DraftKings,-1.5,home_cover,46.5,over,-124.0,home_win
401868245,UT Rio Grande Valley,UT Permian Basin,44,0,44,44,none,,,,,,
401907334,Sul Ross State,Wayland Baptist,20,34,54,-14,none,,,,,,
401907308,Texas A&M-Kingsville,Northwest Missouri State,3,48,51,-45,none,,,,,,
401907324,Bethel University Tennessee,Lane College,16,3,19,13,none,,,,,,
401868194,Tennessee State,Jackson State,24,26,50,-2,DraftKings,12.5,home_cover,49.5,over,435.0,away_win
401868110,Montana,Southern Utah,28,21,49,7,DraftKings,-15.5,away_cover,59.5,under,-1080.0,home_win
401868235,Tarleton State,Prairie View A&M,49,30,79,19,DraftKings,-19.5,away_cover,54.5,over,-1540.0,home_win
401862693,UNLV,Memphis,21,27,48,-6,Bovada,-4.0,away_cover,56.0,under,-170.0,away_win
401862693,UNLV,Memphis,21,27,48,-6,DraftKings,-4.0,away_cover,55.5,under,-198.0,away_win
401868118,Utah Tech,Montana State,0,54,54,-54,DraftKings,32.5,away_cover,57.5,under,,away_win
401906596,Tuskegee,West Alabama,17,27,44,-10,none,,,,,,
401908891,Montclair State,Merchant Marine,24,41,65,-17,none,,,,,,
401906880,Wayne State (MI),Northwood,0,52,52,-52,none,,,,,,
401907484,Assumption,Kutztown,35,56,91,-21,none,,,,,,
401907412,Carson Newman,Thomas,44,0,44,44,none,,,,,,
401907516,California (PA),Charleston (WV),49,24,73,25,none,,,,,,
401907610,Glenville State,Millersville,24,21,45,3,none,,,,,,
401907838,Olivet,Millikin,39,19,58,20,none,,,,,,
401907526,Clarion,West Virginia Wesleyan,52,14,66,38,none,,,,,,
401868269,Morehead State,Kentucky Christian,75,24,99,51,none,,,,,,
401907493,Fairmont State,Bloomsburg,13,35,48,-22,none,,,,,,
401858423,Rutgers,Massachusetts,21,37,58,-16,Bovada,-29.0,away_cover,53.0,over,,away_win
401858423,Rutgers,Massachusetts,21,37,58,-16,DraftKings,-29.5,away_cover,53.5,over,-6500.0,away_win
401906553,Southern Nazarene,Henderson State,21,57,78,-36,none,,,,,,
401906526,Arkansas Monticello,Southeastern Oklahoma State,12,21,33,-9,none,,,,,,
401908346,Juniata,Gettysburg,7,24,31,-17,none,,,,,,
401907003,Grand Valley State,West Texas,56,14,70,42,none,,,,,,
401907677,Minnesota St Moorhead,Concordia St. Paul,48,30,78,18,none,,,,,,
401858204,Wake Forest,Akron,38,16,54,22,Bovada,-27.5,away_cover,50.5,over,-3500.0,home_win
401858204,Wake Forest,Akron,38,16,54,22,DraftKings,-27.5,away_cover,50.5,over,-2800.0,home_win
401908201,King's,Wilkes,0,7,7,-7,none,,,,,,
401908854,Wooster,Wilmington (OH),19,22,41,-3,none,,,,,,
401907644,Minnesota Duluth,Augustana (SD),30,23,53,7,none,,,,,,
401907995,Wisconsin River Falls,Southern Virginia,73,7,80,66,none,,,,,,
401906649,Edinboro,Ohio Dominican,38,36,74,2,none,,,,,,
401856767,UCF,Bethune-Cookman,73,6,79,67,DraftKings,-43.5,home_cover,58.5,over,,home_win
401908216,Ohio Wesleyan,Bluffton,54,9,63,45,none,,,,,,
401864424,Delaware,Merrimack,42,7,49,35,DraftKings,-31.5,home_cover,56.5,under,-8000.0,home_win
401866409,Buffalo,UAlbany,21,17,38,4,DraftKings,-18.5,away_cover,47.5,under,-1000.0,home_win
401906603,Valdosta State,Warner,59,10,69,49,none,,,,,,
401907871,Brockport,Buffalo State,68,0,68,68,none,,,,,,
401907697,Northern State,Winona State,31,16,47,15,none,,,,,,
401908789,Marietta,Westminster (PA),34,24,58,10,none,,,,,,
401867889,Samford,Southern Illinois,18,22,40,-4,DraftKings,20.5,home_cover,54.5,under,730.0,away_win
401907666,Trine,Chicago,48,34,82,14,none,,,,,,
401907727,Minot State,Wayne State (NE),28,35,63,-7,none,,,,,,
401864425,Kennesaw State,West Georgia,47,0,47,47,DraftKings,-22.5,home_cover,50.5,under,-3600.0,home_win
401866622,Stony Brook,Lindenwood,36,32,68,4,DraftKings,-4.0,push,50.5,over,-189.0,home_win
401906877,Ashland,IU Pennsylvania,24,34,58,-10,none,,,,,,
401906545,Harding,Northwestern (OK),76,0,76,76,none,,,,,,
401908386,Millsaps,Belhaven,36,20,56,16,none,,,,,,
401907337,Central Missouri,Missouri Western,49,10,59,39,none,,,,,,
401858422,Minnesota,Eastern Illinois,59,7,66,52,DraftKings,-42.5,home_cover,52.5,over,,home_win
401907121,Chadron State,Nebraska Kearney,24,21,45,3,none,,,,,,
401906536,Ouachita Baptist,East Central,17,27,44,-10,none,,,,,,
401907156,Western New Mexico,New Mexico Highlands,32,55,87,-23,none,,,,,,
401856663,Missouri,Arkansas-Pine Bluff,54,14,68,40,DraftKings,-55.5,away_cover,61.5,over,,home_win
401906515,Arkansas Tech,Southwestern Oklahoma State,26,20,46,6,none,,,,,,
401873393,Beloit,Rockford,14,12,26,2,none,,,,,,
401907162,Western Colorado,Angelo State,23,21,44,2,none,,,,,,
401906566,Oklahoma Baptist,Southern Arkansas,38,20,58,18,none,,,,,,
401907145,Fort Hays,CSU Pueblo,17,35,52,-18,none,,,,,,
401856776,Georgia Tech,Colorado,13,14,27,-1,Bovada,-6.5,away_cover,52.5,under,-290.0,away_win
401856776,Georgia Tech,Colorado,13,14,27,-1,DraftKings,-6.5,away_cover,52.5,under,-238.0,away_win
401856768,Utah,Idaho,66,14,80,52,DraftKings,-37.5,home_cover,59.5,over,-100000.0,home_win
401858424,Illinois,UAB,42,23,65,19,Bovada,-26.5,away_cover,54.5,over,-8000.0,home_win
401858424,Illinois,UAB,42,23,65,19,DraftKings,-26.5,away_cover,54.5,over,-4500.0,home_win
401908331,Dickinson,Randolph Macon,27,14,41,13,none,,,,,,
401908318,Rowan,Mary Hardin Baylor,14,35,49,-21,none,,,,,,
401908537,Nichols,MIT,7,35,42,-28,none,,,,,,
401908162,Albright,Gallaudet,44,7,51,37,none,,,,,,
401908094,Methodist,Shenandoah,3,30,33,-27,none,,,,,,
401907008,Ferris State,Bentley,38,3,41,35,none,,,,,,
401906610,Keystone,Alvernia,25,21,46,4,none,,,,,,
401864495,Eastern Michigan,San José State,21,27,48,-6,Bovada,-3.0,away_cover,56.0,under,-170.0,away_win
401864495,Eastern Michigan,San José State,21,27,48,-6,DraftKings,-1.5,away_cover,55.5,under,-115.0,away_win
401907862,Hobart,Alfred,24,17,41,7,none,,,,,,
401908263,Franklin & Marshall,Lebanon Valley,31,7,38,24,none,,,,,,
401858435,Purdue,Indiana State,44,19,63,25,Bovada,-35.5,away_cover,56.0,over,,home_win
401858435,Purdue,Indiana State,44,19,63,25,DraftKings,-34.5,away_cover,55.5,over,,home_win
401907736,Rochester (NY),Case Western Reserve,20,38,58,-18,none,,,,,,
401908309,Stevenson,Bridgewater,17,0,17,17,none,,,,,,
401868262,Marist,Franklin Pierce,27,18,45,9,none,,,,,,
401907537,Pace,East Stroudsburg,26,37,63,-11,none,,,,,,
401907966,Misericordia,Hartwick,42,14,56,28,none,,,,,,
401908181,Ursinus,Delaware Valley,17,14,31,3,none,,,,,,
401908690,Norwich,St. Lawrence,10,18,28,-8,none,,,,,,
401866623,Georgia State,North Carolina A&T,59,10,69,49,Bovada,-28.0,home_cover,61.0,over,,home_win
401866623,Georgia State,North Carolina A&T,59,10,69,49,DraftKings,-28.5,home_cover,58.5,over,-4000.0,home_win
401908606,UMass Dartmouth,Salve Regina,13,21,34,-8,none,,,,,,
401908517,Springfield,Western New England,42,28,70,14,none,,,,,,
401908359,McDaniel,Catholic,13,7,20,6,none,,,,,,
401856769,Kansas,Long Island University,51,6,57,45,Bovada,-42.0,home_cover,54.5,over,,home_win
401856769,Kansas,Long Island University,51,6,57,45,DraftKings,-43.5,home_cover,56.5,over,,home_win
401856664,Oklahoma,UTEP,51,0,51,51,Bovada,-41.5,home_cover,51.5,under,,home_win
401856664,Oklahoma,UTEP,51,0,51,51,DraftKings,-40.5,home_cover,51.5,under,,home_win
401858429,Michigan State,Toledo,30,20,50,10,Bovada,-10.5,away_cover,47.5,over,-410.0,home_win
401858429,Michigan State,Toledo,30,20,50,10,DraftKings,-10.0,push,48.5,over,-395.0,home_win
401907818,Carthage,Lakeland,23,14,37,9,none,,,,,,
401858206,Stanford,Miami,6,45,51,-39,Bovada,23.5,away_cover,48.0,over,1100.0,away_win
401858206,Stanford,Miami,6,45,51,-39,DraftKings,24.5,away_cover,46.5,over,1600.0,away_win
401858436,USC,Fresno State,39,0,39,39,Bovada,-21.5,home_cover,51.5,under,-3500.0,home_win
401858436,USC,Fresno State,39,0,39,39,DraftKings,-22.5,home_cover,51.5,under,-2400.0,home_win
401908292,Pacific (OR),Howard Payne,0,49,49,-49,none,,,,,,
401907138,Washburn,Colorado School of Mines,16,16,32,0,none,,,,,,
401868284,Stetson,Webber International,45,10,55,35,none,,,,,,
401908514,Minnesota Morris,Concordia Chicago,19,52,71,-33,none,,,,,,
401908508,Martin Luther,Macalester,21,34,55,-13,none,,,,,,
401908141,Gustavus Adolphus,Central College,29,3,32,26,none,,,,,,
401908470,Crown,Hamline,21,31,52,-10,none,,,,,,
401909005,Wabash,Hampden Sydney,29,20,49,9,none,,,,,,
401906844,Hillsdale,McKendree,55,24,79,31,none,,,,,,
401856778,Houston,Oregon State,33,20,53,13,Bovada,-21.0,away_cover,49.5,over,-1300.0,home_win
401856778,Houston,Oregon State,33,20,53,13,DraftKings,-21.0,away_cover,50.5,over,-1800.0,home_win
401866410,Bowling Green,Tarleton State,13,20,33,-7,DraftKings,-2.5,away_cover,48.5,under,-135.0,away_win
401867924,New Haven,Stonehill,3,21,24,-18,DraftKings,-7.0,away_cover,41.5,under,-273.0,away_win
401908353,Johns Hopkins,Ithaca,30,21,51,9,none,,,,,,
401867928,Wagner,Southern Connecticut State,31,7,38,24,none,,,,,,
401858430,Nebraska,Ohio,49,21,70,28,Bovada,-23.5,home_cover,46.0,over,-2800.0,home_win
401858430,Nebraska,Ohio,49,21,70,28,DraftKings,-23.5,home_cover,46.5,over,-2800.0,home_win
401908568,Dean,Fitchburg State,26,35,61,-9,none,,,,,,
401907832,Albion,Illinois Wesleyan,10,24,34,-14,none,,,,,,
401869960,James Madison,Liberty,20,13,33,7,Bovada,-6.5,home_cover,50.5,under,-250.0,home_win
401869960,James Madison,Liberty,20,13,33,7,DraftKings,-6.0,home_cover,50.5,under,-225.0,home_win
401856780,West Virginia,Coastal Carolina,31,24,55,7,Bovada,-21.0,away_cover,56.0,under,-1725.0,home_win
401856780,West Virginia,Coastal Carolina,31,24,55,7,DraftKings,-21.0,away_cover,54.5,over,-1450.0,home_win
401908091,Utica,Washington & Jefferson,26,11,37,15,none,,,,,,
401908738,Otterbein,Calvin,21,53,74,-32,none,,,,,,
401908557,Plymouth State,New England College,28,14,42,14,none,,,,,,
401908101,Heidelberg,Maryville (TN),40,14,54,26,none,,,,,,
401861962,UConn,Lafayette,56,7,63,49,DraftKings,-19.5,home_cover,51.5,over,-1350.0,home_win
401906994,Michigan Tech,Midwestern State,48,27,75,21,none,,,,,,
401862701,Army,Bryant,59,3,62,56,DraftKings,-36.5,home_cover,50.5,over,,home_win
401858425,Indiana,North Texas,52,16,68,36,Bovada,-41.0,away_cover,57.0,over,,home_win
401858425,Indiana,North Texas,52,16,68,36,DraftKings,-40.5,away_cover,56.5,over,,home_win
401908530,Coast Guard,New England,49,35,84,14,none,,,,,,
401907843,North Central College,Bethel (MN),44,21,65,23,none,,,,,,
401907013,Davenport,Truman State,28,14,42,14,none,,,,,,
401908364,Moravian,Muhlenberg,7,34,41,-27,none,,,,,,
401908189,Endicott,Eastern,24,14,38,10,none,,,,,,
401908563,Mass Maritime,Maine Maritime,49,0,49,49,none,,,,,,
401907879,Grove City,SUNY Cortland,18,28,46,-10,none,,,,,,
401908624,Rensselaer,WPI,35,7,42,28,none,,,,,,
401856634,Alabama,East Carolina,48,10,58,38,Bovada,-28.0,home_cover,52.5,over,-7500.0,home_win
401856634,Alabama,East Carolina,48,10,58,38,DraftKings,-27.5,home_cover,52.5,over,-6500.0,home_win
401858208,Syracuse,New Hampshire,66,3,69,63,DraftKings,-34.5,home_cover,55.5,over,-100000.0,home_win
401907826,Elmhurst,Illinois College,13,28,41,-15,none,,,,,,
401858432,Ohio State,Ball State,56,3,59,53,Bovada,-51.0,home_cover,56.5,over,,home_win
401858432,Ohio State,Ball State,56,3,59,53,DraftKings,-49.5,home_cover,55.5,over,,home_win
401868017,Georgetown,Lehigh,14,45,59,-31,DraftKings,22.5,away_cover,46.5,over,870.0,away_win
401908150,Coe,Cornell (IA),49,7,56,42,none,,,,,,
401908759,Luther,Lawrence,30,7,37,23,none,,,,,,
401858207,Pittsburgh,Miami (OH),59,14,73,45,Bovada,-16.0,home_cover,47.0,over,-800.0,home_win
401858207,Pittsburgh,Miami (OH),59,14,73,45,DraftKings,-16.5,home_cover,47.5,over,-850.0,home_win
401908771,Grinnell,Mount Mercy,16,13,29,3,none,,,,,,
401856665,South Carolina,Kent State,57,0,57,57,Bovada,-36.5,home_cover,53.5,over,-100000.0,home_win
401856665,South Carolina,Kent State,57,0,57,57,DraftKings,-35.5,home_cover,53.5,over,-50000.0,home_win
401908257,Manchester,Westminster (MO),17,10,27,7,none,,,,,,
401864496,Air Force,Duquesne,34,0,34,34,Bovada,-28.5,home_cover,57.5,under,,home_win
401864496,Air Force,Duquesne,34,0,34,34,DraftKings,-31.5,home_cover,55.5,under,-6500.0,home_win
401856659,Kentucky,Youngstown State,45,13,58,32,Bovada,-22.0,home_cover,62.5,under,-2200.0,home_win
401856659,Kentucky,Youngstown State,45,13,58,32,DraftKings,-22.5,home_cover,61.5,under,-1600.0,home_win
401908744,Denison,Hope,14,28,42,-14,none,,,,,,
401907604,Shepherd,Frostburg State,34,26,60,8,none,,,,,,
401908617,Vermont State Castleton,Westfield State,29,7,36,22,none,,,,,,
401908069,Saint Vincent,Hilbert,60,6,66,54,none,,,,,,
401908965,Washington and Lee,Wittenberg,13,7,20,6,none,,,,,,
401868000,Colgate,Holy Cross,35,10,45,25,DraftKings,-4.5,home_cover,49.5,under,-185.0,home_win
401908650,Adrian,Ohio Northern,17,10,27,7,none,,,,,,
401908644,The College of New Jersey,Lycoming,7,17,24,-10,none,,,,,,
401908662,Waynesburg,Capital,12,35,47,-23,none,,,,,,
401908684,Union,Susquehanna,17,17,34,0,none,,,,,,
401908049,Wisconsin Eau Claire,Alma,23,15,38,8,none,,,,,,
401908247,Nebraska Wesleyan,Concordia (MN),0,28,28,-28,none,,,,,,
401873403,Kean,SUNY Morrisville,30,33,63,-3,none,,,,,,
401908623,SUNY Maritime,Worcester State,42,41,83,1,none,,,,,,
401908576,Husson,Framingham State,21,33,54,-12,none,,,,,,
401856779,Iowa State,Southeast Missouri State,38,10,48,28,DraftKings,-29.5,away_cover,52.5,under,-9000.0,home_win
401908805,Kalamazoo,Kenyon,10,40,50,-30,none,,,,,,
401908285,Hardin Simmons,Chapman,44,24,68,20,none,,,,,,
401906118,Virginia State,Bowie State,42,13,55,29,none,,,,,,
401907850,Wheaton (IL),Mount Union,24,23,47,1,none,,,,,,
401908609,William Paterson,Western Connecticut State,17,27,44,-10,none,,,,,,
401907250,Morehouse,Clark Atlanta,21,31,52,-10,none,,,,,,
401908206,Anderson (IN),Allegheny,12,28,40,-16,none,,,,,,
401868186,Wofford,Gardner-Webb,17,13,30,4,DraftKings,-8.5,away_cover,50.5,under,-300.0,home_win
401908921,St. Scholastica,Wisconsin Lutheran,14,37,51,-23,none,,,,,,
401908088,St. John Fisher,FDU Florham,38,8,46,30,none,,,,,,
401908499,Lake Forest,Greenville,77,14,91,63,none,,,,,,
401907420,Ferrum,Emory & Henry,16,55,71,-39,none,,,,,,
401909047,Oberlin,Hiram,2,33,35,-31,none,,,,,,
401908018,Wisconsin Oshkosh,Linfield,15,41,56,-26,none,,,,,,
401907758,Buena Vista,Benedictine (IL),14,41,55,-27,none,,,,,,
401907655,Carnegie Mellon,John Carroll,7,17,24,-10,none,,,,,,
401862698,Temple,Rhode Island,38,14,52,24,Bovada,-14.5,home_cover,51.0,over,-700.0,home_win
401862698,Temple,Rhode Island,38,14,52,24,DraftKings,-14.5,home_cover,51.5,over,-700.0,home_win
401906049,Concord,Bluefield State,26,16,42,10,none,,,,,,
401907886,Wisconsin Whitewater,Carleton,69,7,76,62,none,,,,,,
401908412,Sewanee,Bethany (WV),37,40,77,-3,none,,,,,,
401907691,Jamestown,Sioux Falls,0,31,31,-31,none,,,,,,
401908039,Saint John's (MN),Wisconsin La Crosse,24,21,45,3,none,,,,,,
401908460,Pomona Pitzer,Willamette,42,23,65,19,none,,,,,,
401866624,Monmouth,Sacred Heart,31,24,55,7,DraftKings,-12.5,away_cover,58.5,under,-640.0,home_win
401908448,Claremont Mudd Scripps,Northwestern (MN),19,14,33,5,none,,,,,,
401907789,St. Norbert,Carroll (WI),10,40,50,-30,none,,,,,,
401908765,Ripon,Concordia (WI),14,38,52,-24,none,,,,,,
401906860,Indianapolis,Findlay,10,30,40,-20,none,,,,,,
401908722,Geneva,Widener,21,14,35,7,none,,,,,,
401906597,Lenoir Rhyne,West Alabama,23,34,57,-11,none,,,,,,
401868111,Montana,Drake,45,10,55,35,DraftKings,-35.5,away_cover,60.5,under,,home_win
401907159,South Dakota Mines,Southwest Baptist,38,17,55,21,none,,,,,,
401907475,American International,Lock Haven,21,14,35,7,none,,,,,,
401856658,Georgia,Tennessee State,63,3,66,60,Bovada,-46.5,home_cover,54.5,over,,home_win
401856658,Georgia,Tennessee State,63,3,66,60,DraftKings,-48.5,home_cover,55.5,over,,home_win
401906682,Lake Erie,Saint Anselm,35,7,42,28,none,,,,,,
401907111,Black Hills State,Dakota State University,44,31,75,13,none,,,,,,
401856777,Cincinnati,Boston College,34,15,49,19,Bovada,-7.5,home_cover,50.0,under,-270.0,home_win
401856777,Cincinnati,Boston College,34,15,49,19,DraftKings,-7.0,home_cover,51.5,under,-285.0,home_win
401856667,Texas,Texas State,59,7,66,52,Bovada,-29.5,home_cover,60.0,over,-10000.0,home_win
401856667,Texas,Texas State,59,7,66,52,DraftKings,-29.5,home_cover,59.5,over,-9000.0,home_win
401862696,Navy,Towson,42,15,57,27,Bovada,-30.5,away_cover,50.5,over,,home_win
401862696,Navy,Towson,42,15,57,27,DraftKings,-31.5,away_cover,50.5,over,-100000.0,home_win
401864499,North Dakota State,Fordham,38,0,38,38,Bovada,-41.5,away_cover,56.0,under,,home_win
401864499,North Dakota State,Fordham,38,0,38,38,DraftKings,-41.5,away_cover,54.5,under,,home_win
401862700,UTSA,UT Rio Grande Valley,45,16,61,29,Bovada,-28.5,home_cover,59.5,over,,home_win
401862700,UTSA,UT Rio Grande Valley,45,16,61,29,DraftKings,-28.5,home_cover,59.5,over,-6500.0,home_win
401866627,App State,Maine,55,3,58,52,Bovada,-19.5,home_cover,53.5,over,-1300.0,home_win
401866627,App State,Maine,55,3,58,52,DraftKings,-21.0,home_cover,53.5,over,-1600.0,home_win
401862694,Charlotte,The Citadel,41,43,84,-2,Bovada,-20.0,away_cover,46.5,over,-1400.0,away_win
401862694,Charlotte,The Citadel,41,43,84,-2,DraftKings,-20.5,away_cover,48.5,over,-1650.0,away_win
401858209,Duke,Tulane,17,3,20,14,Bovada,-7.5,home_cover,50.5,under,-480.0,home_win
401858209,Duke,Tulane,17,3,20,14,DraftKings,-7.5,home_cover,50.5,under,-345.0,home_win
401858434,Penn State,Marshall,45,0,45,45,Bovada,-23.0,home_cover,52.0,under,-3500.0,home_win
401858434,Penn State,Marshall,45,0,45,45,DraftKings,-23.5,home_cover,52.5,under,-1800.0,home_win
401858433,Oregon,Boise State,34,27,61,7,Bovada,-25.0,away_cover,51.5,over,-3300.0,home_win
401858433,Oregon,Boise State,34,27,61,7,DraftKings,-24.5,away_cover,51.5,over,-2800.0,home_win
401856636,Auburn,Baylor,17,16,33,1,Bovada,-7.5,away_cover,59.5,under,-270.0,home_win
401856636,Auburn,Baylor,17,16,33,1,DraftKings,-7.5,away_cover,58.5,under,-285.0,home_win
401866625,Campbell,Western Carolina,0,0,0,0,DraftKings,4.0,home_cover,68.5,under,147.0,tie
401856666,Tennessee,Furman,56,9,65,47,Bovada,-48.0,away_cover,67.0,under,,home_win
401856666,Tennessee,Furman,56,9,65,47,DraftKings,-49.5,away_cover,66.5,under,,home_win
401856772,Tulsa,Oklahoma State,24,10,34,14,Bovada,13.5,home_cover,59.0,under,390.0,home_win
401856772,Tulsa,Oklahoma State,24,10,34,14,DraftKings,13.5,home_cover,57.5,under,410.0,home_win
401907615,Seton Hill,West Liberty,24,28,52,-4,none,,,,,,
401907130,Eastern New Mexico,Colorado Mesa,23,42,65,-19,none,,,,,,
401908429,Pacific Lutheran,Cal Lutheran,37,30,67,7,none,,,,,,
401873228,Puget Sound,Lewis & Clark,21,42,63,-21,none,,,,,,
401907634,Bemidji State,Southwest Minnesota State,38,0,38,38,none,,,,,,
401907852,Alfred State,Thiel,74,13,87,61,none,,,,,,
401907332,Southern Oregon,Western Oregon,35,65,100,-30,none,,,,,,
401867875,North Dakota,St. Thomas (MN),62,26,88,36,DraftKings,-28.5,home_cover,53.5,over,,home_win
401906921,Allen,Florida Memorial University,31,38,69,-7,none,,,,,,
401856635,Arkansas,North Alabama,31,14,45,17,Bovada,-40.5,away_cover,63.0,under,,home_win
401856635,Arkansas,North Alabama,31,14,45,17,DraftKings,-40.5,away_cover,63.5,under,,home_win
401858426,Iowa,Northern Illinois,40,0,40,40,Bovada,-32.0,home_cover,44.5,under,-100000.0,home_win
401858426,Iowa,Northern Illinois,40,0,40,40,DraftKings,-31.5,home_cover,44.5,under,-50000.0,home_win
401906206,Shorter,Benedict,20,24,44,-4,none,,,,,,
401908275,Lyon,East Texas Baptist,7,58,65,-51,none,,,,,,
401868356,Southern Miss,Alcorn State,49,3,52,46,Bovada,-20.0,home_cover,50.5,over,-1400.0,home_win
401868356,Southern Miss,Alcorn State,49,3,52,46,DraftKings,-19.5,home_cover,50.5,over,-1600.0,home_win
401906973,Fort Valley State,Tuskegee,23,24,47,-1,none,,,,,,
401868345,East Tennessee State,Tusculum,48,14,62,34,none,,,,,,
401906621,Walsh,Wheeling,23,21,44,2,none,,,,,,
401869127,Howard,Richmond,21,28,49,-7,DraftKings,14.0,home_cover,43.5,over,453.0,away_win
401908304,Greensboro,Guilford,48,7,55,41,none,,,,,,
401908076,Averett,North Carolina Wesleyan,13,27,40,-14,none,,,,,,
401906199,Catawba,North Greenville,38,40,78,-2,none,,,,,,
401907847,Franklin,North Park,34,31,65,3,none,,,,,,
401907273,Anderson (SC),Keiser (Fl),21,14,35,7,none,,,,,,
401906903,Saginaw Valley State,Texas A&M-Kingsville,41,24,65,17,none,,,,,,
401868336,Chattanooga,Tennessee Tech,9,24,33,-15,DraftKings,10.5,away_cover,48.5,under,358.0,away_win
401868274,Mercer,Presbyterian,62,3,65,59,DraftKings,-22.5,home_cover,54.5,over,-2100.0,home_win
401868325,Alabama State,Lane College,34,0,34,34,none,,,,,,
401866626,Davidson,Elon,0,38,38,-38,DraftKings,32.5,away_cover,58.5,under,,away_win
401906146,Virginia Union,Livingstone,49,20,69,29,none,,,,,,
401867978,North Carolina Central,Elizabeth City State,27,6,33,21,none,,,,,,
401860878,Colorado State,Wyoming,35,13,48,22,Bovada,-3.0,home_cover,46.5,over,-180.0,home_win
401860878,Colorado State,Wyoming,35,13,48,22,DraftKings,-2.5,home_cover,46.5,over,-142.0,home_win
401867989,Bucknell,Villanova,16,17,33,-1,DraftKings,22.5,home_cover,54.5,under,1160.0,away_win
401867917,Robert Morris,West Virginia State,29,9,38,20,none,,,,,,
401906178,UVA Wise,Chowan,20,24,44,-4,none,,,,,,
401906632,Northern Michigan,Tiffin,7,35,42,-28,none,,,,,,
401867973,Old Dominion,Norfolk State,31,10,41,21,Bovada,-41.0,away_cover,52.0,under,,home_win
401867973,Old Dominion,Norfolk State,31,10,41,21,DraftKings,-41.5,away_cover,52.5,under,,home_win
401906133,Lincoln (PA),West Chester,13,21,34,-8,none,,,,,,
401906152,Fayetteville State,UNC Pembroke,10,7,17,3,none,,,,,,
401867692,William & Mary,Delaware State,22,15,37,7,DraftKings,-9.5,away_cover,54.5,under,-348.0,home_win
401907703,University of Mary,Minnesota State,7,48,55,-41,none,,,,,,
401868316,South Alabama,SE Louisiana,39,14,53,25,Bovada,-14.0,home_cover,53.5,under,-510.0,home_win
401868316,South Alabama,SE Louisiana,39,14,53,25,DraftKings,-13.5,home_cover,53.5,under,-575.0,home_win
401856668,Texas A&M,Missouri State,50,0,50,50,Bovada,-40.5,home_cover,53.5,under,,home_win
401856668,Texas A&M,Missouri State,50,0,50,50,DraftKings,-40.5,home_cover,53.5,under,,home_win
401907779,Augustana (IL),Simpson (IA),42,14,56,28,none,,,,,,
401906166,Barton,Shaw,13,23,36,-10,none,,,,,,
401870763,Troy,Sam Houston,24,21,45,3,Bovada,-16.5,away_cover,53.0,under,-1300.0,home_win
401870763,Troy,Sam Houston,24,21,45,3,DraftKings,-16.5,away_cover,52.5,under,-850.0,home_win
401907956,Dubuque,Wisconsin Stout,20,34,54,-14,none,,,,,,
401868085,Eastern Washington,Northern Iowa,34,24,58,10,DraftKings,-7.0,home_cover,52.5,over,-280.0,home_win
401908298,Huntingdon,Berry,20,50,70,-30,none,,,,,,
401856771,Kansas State,Nicholls,71,3,74,68,Bovada,-41.0,home_cover,55.0,over,,home_win
401856771,Kansas State,Nicholls,71,3,74,68,DraftKings,-41.5,home_cover,54.5,over,,home_win
401868297,Alabama A&M,Miles,38,23,61,15,none,,,,,,
401868970,Southern,Kentucky State,34,15,49,19,none,,,,,,
401862697,Rice,Houston Christian,31,3,34,28,Bovada,-23.0,home_cover,47.5,under,-2000.0,home_win
401862697,Rice,Houston Christian,31,3,34,28,DraftKings,-22.5,home_cover,47.5,under,-3600.0,home_win
401862699,South Florida,Florida International,19,9,28,10,Bovada,-14.5,away_cover,53.0,under,-460.0,home_win
401862699,South Florida,Florida International,19,9,28,10,DraftKings,-14.5,away_cover,53.5,under,-650.0,home_win
401868958,Jackson State,Edward Waters,66,14,80,52,none,,,,,,
401868140,Jacksonville State,Eastern Kentucky,49,7,56,42,Bovada,-22.0,home_cover,53.0,over,-1600.0,home_win
401868140,Jacksonville State,Eastern Kentucky,49,7,56,42,DraftKings,-22.5,home_cover,51.5,over,-2100.0,home_win
401867684,UT Martin,Chicago State,42,7,49,35,DraftKings,-45.5,away_cover,61.5,under,,home_win
401868170,Georgia Southern,Charleston Southern,31,0,31,31,Bovada,-28.0,home_cover,52.5,under,-4000.0,home_win
401868170,Georgia Southern,Charleston Southern,31,0,31,31,DraftKings,-28.5,home_cover,51.5,under,-5000.0,home_win
401868953,Grambling,Central State,48,26,74,22,none,,,,,,
401907456,Newberry,Reinhardt,38,3,41,35,none,,,,,,
401856669,Vanderbilt,Austin Peay,28,9,37,19,Bovada,-29.0,away_cover,59.0,under,-6000.0,home_win
401856669,Vanderbilt,Austin Peay,28,9,37,19,DraftKings,-28.5,away_cover,58.5,under,-6500.0,home_win
401908325,Schreiner,Austin,33,27,60,6,none,,,,,,
401862695,Memphis,Arkansas State,42,24,66,18,Bovada,-10.5,home_cover,52.0,over,-340.0,home_win
401862695,Memphis,Arkansas State,42,24,66,18,DraftKings,-10.5,home_cover,52.5,over,-425.0,home_win
401856770,Texas Tech,Abilene Christian,33,10,43,23,Bovada,-44.5,away_cover,60.5,under,,home_win
401856770,Texas Tech,Abilene Christian,33,10,43,23,DraftKings,-44.5,away_cover,60.5,under,,home_win
401906605,Delta State,Wingate,13,36,49,-23,none,,,,,,
401908267,Mount St Joseph,Muskingum,34,0,34,34,none,,,,,,
401908933,Christopher Newport,Apprentice School,43,14,57,29,none,,,,,,
401860880,Utah State,Idaho State,17,29,46,-12,Bovada,-14.5,away_cover,60.0,under,-600.0,away_win
401860880,Utah State,Idaho State,17,29,46,-12,DraftKings,-15.5,away_cover,59.5,under,-650.0,away_win
401869136,McNeese,Texas Wesleyan,52,0,52,52,none,,,,,,
401868071,Central Arkansas,West Florida,14,42,56,-28,DraftKings,-7.5,away_cover,55.5,over,-296.0,away_win
401908781,Eureka,Knox,0,16,16,-16,none,,,,,,
401908426,Southwestern U,McMurry,26,36,62,-10,none,,,,,,
401906589,Missouri S&T,Northeastern State,7,27,34,-20,none,,,,,,
401907977,Wisconsin Stevens Point,Augsburg,17,12,29,5,none,,,,,,
401867866,Middle Tennessee,Murray State,38,14,52,24,Bovada,-22.5,home_cover,56.0,under,-1800.0,home_win
401867866,Middle Tennessee,Murray State,38,14,52,24,DraftKings,-22.5,home_cover,55.5,under,-1800.0,home_win
401908272,Rose Hulman,DePauw,23,31,54,-8,none,,,,,,
401858428,Michigan,Western Michigan,13,12,25,1,Bovada,-27.5,away_cover,49.5,under,-7000.0,home_win
401858428,Michigan,Western Michigan,13,12,25,1,DraftKings,-27.5,away_cover,49.5,under,-6500.0,home_win
401856662,Mississippi State,UL Monroe,62,13,75,49,Bovada,-28.5,home_cover,55.0,over,-100000.0,home_win
401856662,Mississippi State,UL Monroe,62,13,75,49,DraftKings,-28.5,home_cover,54.5,over,-4000.0,home_win
401908231,Hanover,Centre,17,0,17,17,none,,,,,,
401906929,Quincy,Roosevelt,28,41,69,-13,none,,,,,,
401869129,Louisiana Tech,Northwestern State,80,6,86,74,Bovada,-44.5,home_cover,56.5,over,,home_win
401869129,Louisiana Tech,Northwestern State,80,6,86,74,DraftKings,-44.5,home_cover,56.5,over,,home_win
401856660,LSU,Clemson,51,10,61,41,Bovada,-10.0,home_cover,50.0,over,-480.0,home_win
401856660,LSU,Clemson,51,10,61,41,DraftKings,-10.0,home_cover,49.5,over,-360.0,home_win
401908008,Wisconsin Platteville,Aurora,44,7,51,37,none,,,,,,
401908111,LaGrange,Point University,31,7,38,24,none,,,,,,
401858211,Virginia Tech,VMI,73,3,76,70,Bovada,-54.5,home_cover,62.0,over,,home_win
401858211,Virginia Tech,VMI,73,3,76,70,DraftKings,-53.5,home_cover,59.5,over,,home_win
401856637,Florida,Florida Atlantic,66,21,87,45,Bovada,-26.5,home_cover,59.5,over,-6500.0,home_win
401856637,Florida,Florida Atlantic,66,21,87,45,DraftKings,-25.5,home_cover,59.5,over,-2400.0,home_win
401908454,La Verne,Azusa Pacific,30,3,33,27,none,,,,,,
401858431,Northwestern,South Dakota State,34,18,52,16,Bovada,-12.5,home_cover,48.5,over,-525.0,home_win
401858431,Northwestern,South Dakota State,34,18,52,16,DraftKings,-14.0,home_cover,49.5,over,-575.0,home_win
401908475,Bridgewater State,Curry,63,35,98,28,none,,,,,,
401908433,Trinity (TX),Texas Lutheran,36,14,50,22,none,,,,,,
401907100,Sul Ross State,Adams State,52,26,78,26,none,,,,,,
401907465,Rhodes,Washington St. Louis,0,73,73,-73,none,,,,,,
401907247,Missouri Southern State,Upper Iowa,21,19,40,2,none,,,,,,
401856775,BYU,Utah Tech,63,7,70,56,Bovada,-49.5,home_cover,61.0,over,,home_win
401856775,BYU,Utah Tech,63,7,70,56,DraftKings,-50.5,home_cover,61.5,over,,home_win
401908241,Loras,St. Olaf,31,16,47,15,none,,,,,,
401908254,Monmouth (IL),Wartburg,21,36,57,-15,none,,,,,,
401907151,Fort Lewis,Phoenix,27,9,36,18,none,,,,,,
401908467,Whittier,Simpson (CA),14,56,70,-42,none,,,,,,
401858427,Maryland,Hampton,62,0,62,62,Bovada,-45.5,home_cover,56.0,over,,home_win
401858427,Maryland,Hampton,62,0,62,62,DraftKings,-45.5,home_cover,56.5,over,,home_win
401867845,Western Illinois,Illinois State,10,41,51,-31,DraftKings,20.5,away_cover,58.5,under,990.0,away_win
401868158,Southern Utah,Weber State,47,42,89,5,DraftKings,-14.5,away_cover,58.5,over,-820.0,home_win
401907357,Pittsburg State,Emporia State,10,21,31,-11,none,,,,,,
401869142,Louisiana,Lamar,38,7,45,31,Bovada,-20.0,home_cover,48.5,under,-1400.0,home_win
401869142,Louisiana,Lamar,38,7,45,31,DraftKings,-20.5,home_cover,48.5,under,-1200.0,home_win
401906168,Winston-Salem State,Mars Hill,0,17,17,-17,none,,,,,,
401868306,Stephen F. Austin,East Texas A&M,44,7,51,37,DraftKings,-23.5,home_cover,55.5,under,-3300.0,home_win
401867883,Northern Colorado,South Dakota,23,38,61,-15,DraftKings,20.5,home_cover,56.5,over,920.0,away_win
401868074,Cal Poly,Central Washington,24,17,41,7,none,,,,,,
401868119,Montana State,Butler,51,24,75,27,DraftKings,-45.5,away_cover,59.5,over,,home_win
401870790,New Mexico State,Mercyhurst,51,14,65,37,Bovada,-28.5,home_cover,52.0,over,,home_win
401870790,New Mexico State,Mercyhurst,51,14,65,37,DraftKings,-29.5,home_cover,52.5,over,-8000.0,home_win
401860879,San Diego State,Portland State,53,20,73,33,Bovada,-40.5,away_cover,62.0,over,,home_win
401860879,San Diego State,Portland State,53,20,73,33,DraftKings,-39.5,away_cover,62.5,over,,home_win
401856773,Arizona,Northern Arizona,35,7,42,28,Bovada,-31.5,away_cover,58.5,under,-10000.0,home_win
401856773,Arizona,Northern Arizona,35,7,42,28,DraftKings,-31.5,away_cover,58.5,under,-6500.0,home_win
401856774,Arizona State,Morgan State,70,7,77,63,Bovada,-45.0,home_cover,52.5,over,,home_win
401856774,Arizona State,Morgan State,70,7,77,63,DraftKings,-43.5,home_cover,52.5,over,,home_win
401866411,Sacramento State,Mississippi Valley State,52,0,52,52,DraftKings,-37.5,home_cover,56.5,under,,home_win
401864498,New Mexico,Central Michigan,38,7,45,31,Bovada,-11.0,home_cover,47.0,under,-575.0,home_win
401864498,New Mexico,Central Michigan,38,7,45,31,DraftKings,-10.5,home_cover,47.5,under,-440.0,home_win
401864497,Hawai'i,UNLV,6,21,27,-15,Bovada,3.0,away_cover,55.5,under,130.0,away_win
401864497,Hawai'i,UNLV,6,21,27,-15,DraftKings,3.0,away_cover,55.5,under,130.0,away_win
401868163,San Diego,UC Davis,17,49,66,-32,DraftKings,14.5,away_cover,54.5,over,509.0,away_win
401908393,George Fox,Redlands,27,0,27,27,none,,,,,,
401864432,Nevada,Western Kentucky,49,14,63,35,Bovada,-1.0,home_cover,51.5,over,120.0,home_win
401864432,Nevada,Western Kentucky,49,14,63,35,DraftKings,1.5,home_cover,51.5,over,-108.0,home_win
401858210,California,UCLA,24,45,69,-21,Bovada,2.5,away_cover,53.5,over,110.0,away_win
401858210,California,UCLA,24,45,69,-21,DraftKings,2.5,away_cover,53.5,over,120.0,away_win
401917058,Campbell,Western Carolina,28,19,47,9,none,,,,,,
401868967,Prairie View A&M,Texas Southern,52,14,66,38,DraftKings,-10.5,home_cover,54.5,over,-483.0,home_win
401867939,Florida A&M,South Carolina State,13,31,44,-18,DraftKings,19.5,home_cover,55.5,under,740.0,away_win
401858437,Washington,Washington State,24,10,34,14,Bovada,-23.0,away_cover,51.0,under,-2200.0,home_win
401858437,Washington,Washington State,24,10,34,14,DraftKings,-23.5,away_cover,51.5,under,-2400.0,home_win
401906158,Johnson C. Smith,Albany State,7,27,34,-20,none,,,,,,
401858438,Notre Dame,Wisconsin,41,13,54,28,Bovada,-20.5,home_cover,47.5,over,-2500.0,home_win
401858438,Notre Dame,Wisconsin,41,13,54,28,DraftKings,-20.5,home_cover,47.5,over,-1800.0,home_win
401856661,Ole Miss,Louisville,41,38,79,3,Bovada,-6.5,away_cover,55.5,over,-270.0,home_win
401856661,Ole Miss,Louisville,41,38,79,3,DraftKings,-6.5,away_cover,55.5,over,-258.0,home_win
401906516,Northwestern (OK),Arkansas Tech,29,34,63,-5,none,,,,,,
401907622,West Virginia Wesleyan,Shippensburg,14,24,38,-10,none,,,,,,
401909126,Denison,Oberlin,50,0,50,50,none,,,,,,
401906527,East Central,Arkansas Monticello,42,37,79,5,none,,,,,,
401906546,Southwestern Oklahoma State,Harding,14,37,51,-23,none,,,,,,
401858213,Miami,Florida A&M,77,7,84,70,none,,,,,,
401858222,NC State,Richmond,73,0,73,73,none,,,,,,
401858215,Louisville,Villanova,59,13,72,46,none,,,,,,
401908202,King's,Stevenson,21,26,47,-5,none,,,,,,
401906200,North Greenville,Charleston (WV),42,31,73,11,none,,,,,,
401858220,Virginia,Norfolk State,59,3,62,56,none,,,,,,
401908691,St. Lawrence,St. John Fisher,10,30,40,-20,none,,,,,,
401858214,Boston College,Rutgers,28,21,49,7,Bovada,-3.0,home_cover,53.5,under,-170.0,home_win
401858214,Boston College,Rutgers,28,21,49,7,DraftKings,-3.0,home_cover,53.5,under,-148.0,home_win
401856678,Kansas,Missouri,21,38,59,-17,Bovada,4.5,away_cover,52.0,over,175.0,away_win
401856678,Kansas,Missouri,21,38,59,-17,DraftKings,4.0,away_cover,51.5,over,160.0,away_win
401906159,Winston-Salem State,Johnson C. Smith,6,31,37,-25,none,,,,,,
401906153,Fayetteville State,Valdosta State,9,38,47,-29,none,,,,,,
401906167,Shaw,Ferrum,34,28,62,6,none,,,,,,
401858442,Temple,Penn State,9,27,36,-18,Bovada,24.0,home_cover,51.0,under,1100.0,away_win
401858442,Temple,Penn State,9,27,36,-18,DraftKings,24.5,home_cover,51.5,under,1300.0,away_win
401858442,Temple,Penn State,9,27,36,-18,betmgm,24.0,home_cover,50.5,under,1400.0,away_win
401858442,Temple,Penn State,9,27,36,-18,betonlineag,24.0,home_cover,51.0,under,1256.0,away_win
401858442,Temple,Penn State,9,27,36,-18,betrivers,24.0,home_cover,51.0,under,1400.0,away_win
401858442,Temple,Penn State,9,27,36,-18,betus,24.0,home_cover,51.0,under,1300.0,away_win
401858442,Temple,Penn State,9,27,36,-18,bovada,24.0,home_cover,51.0,under,1000.0,away_win
401858442,Temple,Penn State,9,27,36,-18,draftkings,24.5,home_cover,50.5,under,1300.0,away_win
401858442,Temple,Penn State,9,27,36,-18,fanduel,23.5,home_cover,50.5,under,1400.0,away_win
401858442,Temple,Penn State,9,27,36,-18,lowvig,24.0,home_cover,51.0,under,1256.0,away_win
401858442,Temple,Penn State,9,27,36,-18,mybookieag,24.0,home_cover,50.5,under,1130.0,away_win
401856683,Texas A&M,Arizona State,48,20,68,28,Bovada,-14.5,home_cover,50.5,over,-650.0,home_win
401856683,Texas A&M,Arizona State,48,20,68,28,DraftKings,-14.5,home_cover,50.5,over,-675.0,home_win
401856683,Texas A&M,Arizona State,48,20,68,28,betmgm,-14.5,home_cover,50.5,over,-700.0,home_win
401856683,Texas A&M,Arizona State,48,20,68,28,betonlineag,-14.5,home_cover,51.0,over,-700.0,home_win
401856683,Texas A&M,Arizona State,48,20,68,28,betrivers,-14.5,home_cover,51.0,over,-910.0,home_win
401856683,Texas A&M,Arizona State,48,20,68,28,betus,-14.5,home_cover,51.0,over,-700.0,home_win
401856683,Texas A&M,Arizona State,48,20,68,28,bovada,-14.5,home_cover,50.5,over,-700.0,home_win
401856683,Texas A&M,Arizona State,48,20,68,28,draftkings,-14.5,home_cover,50.5,over,-675.0,home_win
401856683,Texas A&M,Arizona State,48,20,68,28,fanduel,-14.5,home_cover,50.5,over,-780.0,home_win
401856683,Texas A&M,Arizona State,48,20,68,28,lowvig,-14.5,home_cover,51.0,over,-700.0,home_win
401856683,Texas A&M,Arizona State,48,20,68,28,mybookieag,-14.5,home_cover,50.5,over,-752.0,home_win
401908703,Bridgewater,Susquehanna,14,41,55,-27,none,,,,,,
401908531,WPI,New England,22,21,43,1,none,,,,,,
401866632,Long Island University,UAlbany,13,35,48,-22,DraftKings,4.0,away_cover,44.5,over,166.0,away_win
401866633,North Carolina Central,North Carolina A&T,30,22,52,8,DraftKings,-24.5,away_cover,55.5,under,-3900.0,home_win
401908787,Hampden Sydney,Monmouth (IL),31,19,50,12,none,,,,,,
401907656,Catholic,Carnegie Mellon,35,38,73,-3,none,,,,,,
401868187,Liberty,Gardner-Webb,24,23,47,1,Bovada,-27.5,away_cover,55.0,under,,home_win
401868187,Liberty,Gardner-Webb,24,23,47,1,DraftKings,-27.5,away_cover,55.5,under,-3600.0,home_win
401868187,Liberty,Gardner-Webb,24,23,47,1,betmgm,-28.0,away_cover,55.5,under,-5000.0,home_win
401868187,Liberty,Gardner-Webb,24,23,47,1,betonlineag,-29.0,away_cover,55.5,under,,home_win
401868187,Liberty,Gardner-Webb,24,23,47,1,betrivers,-28.0,away_cover,54.5,under,,home_win
401868187,Liberty,Gardner-Webb,24,23,47,1,bovada,-28.5,away_cover,55.0,under,,home_win
401868187,Liberty,Gardner-Webb,24,23,47,1,draftkings,-27.5,away_cover,55.5,under,-4500.0,home_win
401868187,Liberty,Gardner-Webb,24,23,47,1,fanduel,-27.5,away_cover,54.5,under,-4500.0,home_win
401868187,Liberty,Gardner-Webb,24,23,47,1,lowvig,-29.0,away_cover,55.5,under,,home_win
401908579,Westfield State,Bridgewater State,28,34,62,-6,none,,,,,,
401908569,Fitchburg State,UMass Dartmouth,22,56,78,-34,none,,,,,,
401908019,Alma,Wisconsin Oshkosh,21,23,44,-2,none,,,,,,
401858218,North Carolina,East Tennessee State,35,3,38,32,Bovada,-35.5,away_cover,55.0,under,,home_win
401858218,North Carolina,East Tennessee State,35,3,38,32,DraftKings,-35.5,away_cover,54.5,under,-100000.0,home_win
401858218,North Carolina,East Tennessee State,35,3,38,32,betmgm,-35.5,away_cover,54.5,under,-50000.0,home_win
401858218,North Carolina,East Tennessee State,35,3,38,32,betonlineag,-36.0,away_cover,54.5,under,,home_win
401858218,North Carolina,East Tennessee State,35,3,38,32,betrivers,-35.5,away_cover,54.5,under,,home_win
401858218,North Carolina,East Tennessee State,35,3,38,32,bovada,-35.5,away_cover,54.0,under,,home_win
401858218,North Carolina,East Tennessee State,35,3,38,32,draftkings,-35.5,away_cover,54.5,under,,home_win
401858218,North Carolina,East Tennessee State,35,3,38,32,fanduel,-36.5,away_cover,54.5,under,-30000.0,home_win
401858218,North Carolina,East Tennessee State,35,3,38,32,lowvig,-36.0,away_cover,54.5,under,,home_win
401866628,Rhode Island,Elon,31,10,41,21,DraftKings,-8.5,home_cover,48.5,under,-288.0,home_win
401858224,Purdue,Wake Forest,36,38,74,-2,Bovada,3.0,home_cover,50.0,over,160.0,away_win
401858224,Purdue,Wake Forest,36,38,74,-2,DraftKings,3.0,home_cover,50.5,over,130.0,away_win
401858224,Purdue,Wake Forest,36,38,74,-2,betmgm,3.0,home_cover,50.5,over,125.0,away_win
401858224,Purdue,Wake Forest,36,38,74,-2,betonlineag,3.0,home_cover,50.5,over,125.0,away_win
401858224,Purdue,Wake Forest,36,38,74,-2,betrivers,3.0,home_cover,50.5,over,117.0,away_win
401858224,Purdue,Wake Forest,36,38,74,-2,betus,3.0,home_cover,50.5,over,125.0,away_win
401858224,Purdue,Wake Forest,36,38,74,-2,bovada,3.0,home_cover,50.0,over,130.0,away_win
401858224,Purdue,Wake Forest,36,38,74,-2,draftkings,3.0,home_cover,50.5,over,130.0,away_win
401858224,Purdue,Wake Forest,36,38,74,-2,fanduel,2.5,home_cover,49.5,over,126.0,away_win
401858224,Purdue,Wake Forest,36,38,74,-2,lowvig,3.0,home_cover,50.5,over,125.0,away_win
401858224,Purdue,Wake Forest,36,38,74,-2,mybookieag,3.0,home_cover,50.5,over,126.0,away_win
401862702,Army,South Florida,24,28,52,-4,Bovada,-3.5,away_cover,45.5,over,-175.0,away_win
401862702,Army,South Florida,24,28,52,-4,DraftKings,-3.5,away_cover,45.5,over,-166.0,away_win
401862702,Army,South Florida,24,28,52,-4,betmgm,-3.0,away_cover,45.5,over,-165.0,away_win
401862702,Army,South Florida,24,28,52,-4,betonlineag,-3.5,away_cover,45.5,over,-165.0,away_win
401862702,Army,South Florida,24,28,52,-4,betrivers,-3.5,away_cover,45.5,over,-175.0,away_win
401862702,Army,South Florida,24,28,52,-4,betus,-3.0,away_cover,45.5,over,-165.0,away_win
401862702,Army,South Florida,24,28,52,-4,bovada,-3.5,away_cover,45.5,over,-170.0,away_win
401862702,Army,South Florida,24,28,52,-4,draftkings,-3.5,away_cover,45.5,over,-166.0,away_win
401862702,Army,South Florida,24,28,52,-4,fanduel,-3.5,away_cover,45.5,over,-164.0,away_win
401862702,Army,South Florida,24,28,52,-4,lowvig,-3.5,away_cover,45.5,over,-165.0,away_win
401862702,Army,South Florida,24,28,52,-4,mybookieag,-3.0,away_cover,46.0,over,-177.0,away_win
401856679,Michigan,Oklahoma,17,10,27,7,Bovada,4.5,home_cover,43.5,under,175.0,home_win
401856679,Michigan,Oklahoma,17,10,27,7,DraftKings,5.5,home_cover,43.5,under,170.0,home_win
401856679,Michigan,Oklahoma,17,10,27,7,betmgm,4.5,home_cover,43.5,under,170.0,home_win
401856679,Michigan,Oklahoma,17,10,27,7,betonlineag,4.5,home_cover,43.5,under,183.0,home_win
401856679,Michigan,Oklahoma,17,10,27,7,betrivers,5.5,home_cover,43.5,under,165.0,home_win
401856679,Michigan,Oklahoma,17,10,27,7,betus,4.5,home_cover,43.0,under,183.0,home_win
401856679,Michigan,Oklahoma,17,10,27,7,bovada,4.5,home_cover,43.5,under,175.0,home_win
401856679,Michigan,Oklahoma,17,10,27,7,draftkings,5.5,home_cover,43.5,under,170.0,home_win
401856679,Michigan,Oklahoma,17,10,27,7,fanduel,4.5,home_cover,43.5,under,172.0,home_win
401856679,Michigan,Oklahoma,17,10,27,7,lowvig,4.5,home_cover,43.5,under,183.0,home_win
401856679,Michigan,Oklahoma,17,10,27,7,mybookieag,4.5,home_cover,43.5,under,180.0,home_win
401907559,Pace,Monroe,59,3,62,56,none,,,,,,
401908207,Anderson (IN),Gallaudet,49,28,77,21,none,,,,,,
401856782,Oklahoma State,Oregon,39,31,70,8,Bovada,23.5,home_cover,54.5,over,1000.0,home_win
401856782,Oklahoma State,Oregon,39,31,70,8,DraftKings,23.5,home_cover,54.5,over,1100.0,home_win
401856782,Oklahoma State,Oregon,39,31,70,8,betmgm,24.0,home_cover,54.5,over,1300.0,home_win
401856782,Oklahoma State,Oregon,39,31,70,8,betonlineag,24.0,home_cover,55.0,over,1196.0,home_win
401856782,Oklahoma State,Oregon,39,31,70,8,betrivers,23.5,home_cover,55.0,over,1050.0,home_win
401856782,Oklahoma State,Oregon,39,31,70,8,betus,24.0,home_cover,55.5,over,1225.0,home_win
401856782,Oklahoma State,Oregon,39,31,70,8,bovada,23.5,home_cover,55.5,over,1000.0,home_win
401856782,Oklahoma State,Oregon,39,31,70,8,draftkings,23.5,home_cover,55.5,over,1100.0,home_win
401856782,Oklahoma State,Oregon,39,31,70,8,fanduel,23.5,home_cover,56.5,over,1160.0,home_win
401856782,Oklahoma State,Oregon,39,31,70,8,lowvig,24.0,home_cover,55.0,over,1196.0,home_win
401856782,Oklahoma State,Oregon,39,31,70,8,mybookieag,23.5,home_cover,54.5,over,950.0,home_win
401907485,Frostburg State,Assumption,24,19,43,5,none,,,,,,
401856781,Kansas State,Washington State,34,7,41,27,Bovada,-17.5,home_cover,49.0,under,-1100.0,home_win
401856781,Kansas State,Washington State,34,7,41,27,DraftKings,-17.5,home_cover,49.5,under,-1000.0,home_win
401856781,Kansas State,Washington State,34,7,41,27,betmgm,-17.5,home_cover,49.5,under,-1000.0,home_win
401856781,Kansas State,Washington State,34,7,41,27,betonlineag,-17.5,home_cover,49.0,under,-900.0,home_win
401856781,Kansas State,Washington State,34,7,41,27,betrivers,-17.5,home_cover,49.0,under,-1115.0,home_win
401856781,Kansas State,Washington State,34,7,41,27,betus,-17.0,home_cover,49.0,under,-900.0,home_win
401856781,Kansas State,Washington State,34,7,41,27,bovada,-17.5,home_cover,49.0,under,-1000.0,home_win
401856781,Kansas State,Washington State,34,7,41,27,draftkings,-17.5,home_cover,49.5,under,-1000.0,home_win
401856781,Kansas State,Washington State,34,7,41,27,fanduel,-17.5,home_cover,49.5,under,-1200.0,home_win
401856781,Kansas State,Washington State,34,7,41,27,lowvig,-17.5,home_cover,49.0,under,-900.0,home_win
401856781,Kansas State,Washington State,34,7,41,27,mybookieag,-17.5,home_cover,49.0,under,-1099.0,home_win
401908699,Moravian,Rowan,0,34,34,-34,none,,,,,,
401858221,Virginia Tech,Old Dominion,44,21,65,23,Bovada,-19.5,home_cover,48.0,over,-1200.0,home_win
401858221,Virginia Tech,Old Dominion,44,21,65,23,DraftKings,-19.5,home_cover,47.5,over,-1200.0,home_win
401858221,Virginia Tech,Old Dominion,44,21,65,23,betmgm,-19.5,home_cover,47.5,over,-1200.0,home_win
401858221,Virginia Tech,Old Dominion,44,21,65,23,betonlineag,-19.5,home_cover,47.5,over,-1350.0,home_win
401858221,Virginia Tech,Old Dominion,44,21,65,23,betrivers,-20.0,home_cover,47.5,over,-2000.0,home_win
401858221,Virginia Tech,Old Dominion,44,21,65,23,betus,-19.5,home_cover,48.0,over,-1350.0,home_win
401858221,Virginia Tech,Old Dominion,44,21,65,23,bovada,-19.5,home_cover,48.0,over,-1300.0,home_win
401858221,Virginia Tech,Old Dominion,44,21,65,23,draftkings,-19.5,home_cover,47.5,over,-1200.0,home_win
401858221,Virginia Tech,Old Dominion,44,21,65,23,fanduel,-18.5,home_cover,47.5,over,-1400.0,home_win
401858221,Virginia Tech,Old Dominion,44,21,65,23,lowvig,-19.5,home_cover,47.5,over,-1350.0,home_win
401858221,Virginia Tech,Old Dominion,44,21,65,23,mybookieag,-19.0,home_cover,48.5,over,-1205.0,home_win
401864571,East Carolina,App State,24,27,51,-3,Bovada,-6.5,away_cover,56.5,under,-350.0,away_win
401864571,East Carolina,App State,24,27,51,-3,DraftKings,-6.5,away_cover,56.5,under,-265.0,away_win
401906861,Findlay,Fairmont State,37,17,54,20,none,,,,,,
401908163,FDU Florham,Albright,17,30,47,-13,none,,,,,,
401907014,Davenport,Indianapolis,19,12,31,7,none,,,,,,
401906845,Hillsdale,Wayne State (MI),49,0,49,49,none,,,,,,
401907553,Shepherd,Gannon,45,28,73,17,none,,,,,,
401907527,Kutztown,Clarion,45,14,59,31,none,,,,,,
401906676,Northwood,Saginaw Valley State,35,28,63,7,none,,,,,,
401907517,Millersville,California (PA),17,40,57,-23,none,,,,,,
401908586,Mass Maritime,Dean,70,0,70,70,none,,,,,,
401908925,Norwich,Vermont State Castleton,17,10,27,7,none,,,,,,
401908092,Rensselaer,Utica,14,38,52,-24,none,,,,,,
401908577,Husson,Springfield,0,48,48,-48,none,,,,,,
401908476,Curry,Coast Guard,41,35,76,6,none,,,,,,
401908558,MIT,New England College,70,0,70,70,none,,,,,,
401907967,Hartwick,Buffalo State,47,13,60,34,none,,,,,,
401907880,Union,SUNY Cortland,0,26,26,-26,none,,,,,,
401907746,Rochester (NY),SUNY Morrisville,21,10,31,11,none,,,,,,
401908538,Merchant Marine,Nichols,63,14,77,49,none,,,,,,
401908365,Muhlenberg,Endicott,21,49,70,-28,none,,,,,,
401908368,Waynesburg,Ursinus,10,46,56,-36,none,,,,,,
401908354,Randolph Macon,Johns Hopkins,28,21,49,7,none,,,,,,
401866416,Kent State,Wofford,36,15,51,21,Bovada,-11.0,home_cover,47.0,over,,home_win
401866416,Kent State,Wofford,36,15,51,21,DraftKings,-10.5,home_cover,47.5,over,-470.0,home_win
401866416,Kent State,Wofford,36,15,51,21,betonlineag,-10.5,home_cover,47.5,over,,home_win
401866416,Kent State,Wofford,36,15,51,21,betrivers,-10.5,home_cover,46.5,over,-530.0,home_win
401866416,Kent State,Wofford,36,15,51,21,bovada,-11.0,home_cover,47.0,over,,home_win
401866416,Kent State,Wofford,36,15,51,21,draftkings,-10.5,home_cover,47.5,over,-470.0,home_win
401866416,Kent State,Wofford,36,15,51,21,fanduel,-11.5,home_cover,46.5,over,-480.0,home_win
401866416,Kent State,Wofford,36,15,51,21,lowvig,-10.5,home_cover,47.5,over,,home_win
401866416,Kent State,Wofford,36,15,51,21,mybookieag,,,47.0,over,-500.0,home_win
401868227,Dayton,Thomas More,30,7,37,23,none,,,,,,
401907851,Albion,Wheaton (IL),3,45,48,-42,none,,,,,,
401870822,Davidson,Dickinson,28,14,42,14,none,,,,,,
401867929,James Madison,Wagner,87,3,90,84,Bovada,-46.5,home_cover,56.5,over,,home_win
401867929,James Madison,Wagner,87,3,90,84,DraftKings,-46.5,home_cover,56.5,over,,home_win
401867929,James Madison,Wagner,87,3,90,84,betmgm,-46.0,home_cover,56.5,over,,home_win
401867929,James Madison,Wagner,87,3,90,84,betonlineag,-47.0,home_cover,55.5,over,,home_win
401867929,James Madison,Wagner,87,3,90,84,betrivers,-46.0,home_cover,56.5,over,,home_win
401867929,James Madison,Wagner,87,3,90,84,bovada,-46.5,home_cover,56.5,over,,home_win
401867929,James Madison,Wagner,87,3,90,84,draftkings,-46.5,home_cover,56.5,over,,home_win
401867929,James Madison,Wagner,87,3,90,84,fanduel,-46.5,home_cover,56.5,over,,home_win
401867929,James Madison,Wagner,87,3,90,84,lowvig,-47.0,home_cover,55.5,over,,home_win
401858439,Indiana,Howard,55,0,55,55,Bovada,-56.5,away_cover,66.5,under,,home_win
401858439,Indiana,Howard,55,0,55,55,DraftKings,-57.5,away_cover,66.5,under,,home_win
401858439,Indiana,Howard,55,0,55,55,betmgm,-56.0,away_cover,67.5,under,,home_win
401858439,Indiana,Howard,55,0,55,55,betonlineag,-58.0,away_cover,67.0,under,,home_win
401858439,Indiana,Howard,55,0,55,55,betrivers,-58.0,away_cover,67.0,under,,home_win
401858439,Indiana,Howard,55,0,55,55,bovada,-57.0,away_cover,66.5,under,,home_win
401858439,Indiana,Howard,55,0,55,55,draftkings,-57.5,away_cover,66.5,under,,home_win
401858439,Indiana,Howard,55,0,55,55,fanduel,-58.5,away_cover,66.5,under,,home_win
401858439,Indiana,Howard,55,0,55,55,lowvig,-58.0,away_cover,67.0,under,,home_win
401868028,Lafayette,Marist,13,9,22,4,DraftKings,-12.5,away_cover,47.5,under,-485.0,home_win
401856673,Georgia,Western Kentucky,70,20,90,50,Bovada,-40.0,home_cover,56.0,over,,home_win
401856673,Georgia,Western Kentucky,70,20,90,50,DraftKings,-40.5,home_cover,55.5,over,,home_win
401856673,Georgia,Western Kentucky,70,20,90,50,betmgm,-40.5,home_cover,55.5,over,,home_win
401856673,Georgia,Western Kentucky,70,20,90,50,betonlineag,-40.5,home_cover,55.5,over,,home_win
401856673,Georgia,Western Kentucky,70,20,90,50,betrivers,-41.0,home_cover,55.5,over,,home_win
401856673,Georgia,Western Kentucky,70,20,90,50,betus,-40.5,home_cover,55.5,over,,home_win
401856673,Georgia,Western Kentucky,70,20,90,50,bovada,-40.0,home_cover,56.0,over,,home_win
401856673,Georgia,Western Kentucky,70,20,90,50,draftkings,-40.5,home_cover,55.5,over,,home_win
401856673,Georgia,Western Kentucky,70,20,90,50,fanduel,-40.5,home_cover,55.5,over,,home_win
401856673,Georgia,Western Kentucky,70,20,90,50,lowvig,-40.5,home_cover,55.5,over,,home_win
401908377,Brevard,Sewanee,39,14,53,25,none,,,,,,
401907978,Hope,Wisconsin Stevens Point,38,10,48,28,none,,,,,,
401906147,Chowan,Virginia Union,19,34,53,-15,none,,,,,,
401908651,Thiel,Adrian,7,48,55,-41,none,,,,,,
401908610,Western Connecticut State,Christopher Newport,7,37,44,-30,none,,,,,,
401906950,Morehouse,Central State,21,49,70,-28,none,,,,,,
401907625,Lackawanna,Seton Hill,10,20,30,-10,none,,,,,,
401866417,Miami (OH),Holy Cross,45,7,52,38,Bovada,-30.5,home_cover,47.0,over,,home_win
401866417,Miami (OH),Holy Cross,45,7,52,38,DraftKings,-30.5,home_cover,47.5,over,-6500.0,home_win
401866417,Miami (OH),Holy Cross,45,7,52,38,betmgm,-31.0,home_cover,46.5,over,-12500.0,home_win
401866417,Miami (OH),Holy Cross,45,7,52,38,betonlineag,-30.5,home_cover,47.0,over,,home_win
401866417,Miami (OH),Holy Cross,45,7,52,38,betrivers,-30.5,home_cover,48.5,over,,home_win
401866417,Miami (OH),Holy Cross,45,7,52,38,bovada,-30.5,home_cover,47.0,over,,home_win
401866417,Miami (OH),Holy Cross,45,7,52,38,draftkings,-30.5,home_cover,47.5,over,-6500.0,home_win
401866417,Miami (OH),Holy Cross,45,7,52,38,fanduel,-31.5,home_cover,47.5,over,-8000.0,home_win
401866417,Miami (OH),Holy Cross,45,7,52,38,lowvig,-30.5,home_cover,47.0,over,,home_win
401908360,Salisbury,McDaniel,31,0,31,31,none,,,,,,
401906590,Truman State,Northeastern State,24,31,55,-7,none,,,,,,
401866415,Central Michigan,Colgate,13,10,23,3,Bovada,-18.5,away_cover,49.0,under,-1600.0,home_win
401866415,Central Michigan,Colgate,13,10,23,3,DraftKings,-18.5,away_cover,49.5,under,-1600.0,home_win
401866415,Central Michigan,Colgate,13,10,23,3,betmgm,-18.0,away_cover,49.5,under,-1400.0,home_win
401866415,Central Michigan,Colgate,13,10,23,3,betonlineag,-18.5,away_cover,49.5,under,,home_win
401866415,Central Michigan,Colgate,13,10,23,3,betrivers,-19.5,away_cover,48.5,under,-2000.0,home_win
401866415,Central Michigan,Colgate,13,10,23,3,bovada,-18.5,away_cover,49.0,under,-1400.0,home_win
401866415,Central Michigan,Colgate,13,10,23,3,draftkings,-18.5,away_cover,49.5,under,-1600.0,home_win
401866415,Central Michigan,Colgate,13,10,23,3,fanduel,-19.5,away_cover,49.5,under,-1800.0,home_win
401866415,Central Michigan,Colgate,13,10,23,3,lowvig,-18.5,away_cover,49.5,under,,home_win
401866415,Central Michigan,Colgate,13,10,23,3,mybookieag,-18.5,away_cover,49.0,under,-2000.0,home_win
401908102,Maryville (TN),Hanover,26,43,69,-17,none,,,,,,
401907413,Carson Newman,Wingate,24,23,47,1,none,,,,,,
401867685,Chicago State,Kentucky Christian,78,7,85,71,none,,,,,,
401908339,Westminster (PA),Franklin & Marshall,8,45,53,-37,none,,,,,,
401907872,Hobart,Brockport,27,14,41,13,none,,,,,,
401906611,Washington & Jefferson,Keystone,42,0,42,42,none,,,,,,
401908676,Ohio Wesleyan,John Carroll,7,44,51,-37,none,,,,,,
401856791,West Virginia,UT Martin,52,7,59,45,Bovada,-41.5,home_cover,57.5,over,,home_win
401856791,West Virginia,UT Martin,52,7,59,45,DraftKings,-41.5,home_cover,56.5,over,,home_win
401856791,West Virginia,UT Martin,52,7,59,45,betmgm,-41.5,home_cover,55.5,over,,home_win
401856791,West Virginia,UT Martin,52,7,59,45,betonlineag,-41.0,home_cover,57.0,over,,home_win
401856791,West Virginia,UT Martin,52,7,59,45,betrivers,-41.0,home_cover,55.5,over,,home_win
401856791,West Virginia,UT Martin,52,7,59,45,bovada,-41.5,home_cover,57.5,over,,home_win
401856791,West Virginia,UT Martin,52,7,59,45,draftkings,-41.5,home_cover,56.5,over,,home_win
401856791,West Virginia,UT Martin,52,7,59,45,fanduel,-41.5,home_cover,56.5,over,,home_win
401909137,Kenyon,Wooster,19,26,45,-7,none,,,,,,
401908966,Wabash,Wittenberg,31,0,31,31,none,,,,,,
401908518,Western New England,Salve Regina,21,24,45,-3,none,,,,,,
401907759,Lawrence,Buena Vista,14,26,40,-12,none,,,,,,
401907404,Mars Hill,Catawba,22,16,38,6,none,,,,,,
401908645,Lycoming,Montclair State,28,30,58,-2,none,,,,,,
401908712,Wilkes,The College of New Jersey,28,8,36,20,none,,,,,,
401907578,Post,West Liberty,14,35,49,-21,none,,,,,,
401908739,Calvin,St. Norbert,49,7,56,42,none,,,,,,
401908172,Widener,Alvernia,14,10,24,4,none,,,,,,
401908638,Allegheny,Juniata,27,0,27,27,none,,,,,,
401908190,Eastern,Misericordia,27,21,48,6,none,,,,,,
401908182,Lebanon Valley,Delaware Valley,17,18,35,-1,none,,,,,,
401873404,Kean,SUNY Maritime,51,17,68,34,none,,,,,,
401907848,Olivet,North Park,43,41,84,2,none,,,,,,
401906598,West Alabama,Pittsburg State,24,23,47,1,none,,,,,,
401908077,North Carolina Wesleyan,Apprentice School,42,0,42,42,none,,,,,,
401907704,Concordia St. Paul,University of Mary,10,13,23,-3,none,,,,,,
401908273,Kalamazoo,Rose Hulman,7,27,34,-20,none,,,,,,
401908258,Hiram,Manchester,20,11,31,9,none,,,,,,
401907421,Emory & Henry,Tusculum,26,28,54,-2,none,,,,,,
401906194,Shorter,UNC Pembroke,24,31,55,-7,none,,,,,,
401908836,Mount Union,Grove City,21,17,38,4,none,,,,,,
401908663,Capital,Wilmington (OH),44,19,63,25,none,,,,,,
401867990,VMI,Bucknell,3,14,17,-11,DraftKings,8.5,away_cover,47.5,under,248.0,away_win
401908492,Baldwin Wallace,Bethany (WV),84,26,110,58,none,,,,,,
401906169,Barton,BLUEFIELD,36,21,57,15,none,,,,,,
401907728,Wayne State (NE),Minnesota Duluth,13,20,33,-7,none,,,,,,
401907685,Augustana (SD),Minot State,38,33,71,5,none,,,,,,
401907678,Sioux Falls,Minnesota St Moorhead,29,28,57,1,none,,,,,,
401907274,UVA Wise,Anderson (SC),21,39,60,-18,none,,,,,,
401868033,Lehigh,William & Mary,44,20,64,24,DraftKings,-13.5,home_cover,47.5,over,-449.0,home_win
401907839,Millikin,Luther,37,14,51,23,none,,,,,,
401907692,Winona State,Jamestown,28,0,28,28,none,,,,,,
401907494,Bloomsburg,Edinboro,6,9,15,-3,none,,,,,,
401908500,Greenville,Lakeland,20,41,61,-21,none,,,,,,
401908009,Wisconsin Platteville,Dubuque,59,0,59,59,none,,,,,,
401908040,Wisconsin La Crosse,Hardin Simmons,20,28,48,-8,none,,,,,,
401907780,Wisconsin Stout,Augustana (IL),37,34,71,3,none,,,,,,
401873394,Rockford,Elmhurst,14,28,42,-14,none,,,,,,
401907844,Wartburg,North Central College,20,26,46,-6,none,,,,,,
401908724,Cornell (IA),Beloit,10,0,10,10,none,,,,,,
401908772,Concordia Chicago,Grinnell,42,7,49,35,none,,,,,,
401908782,Knox,Lake Forest,12,68,80,-56,none,,,,,,
401867895,Youngstown State,Duquesne,70,13,83,57,DraftKings,-22.5,home_cover,54.5,over,-2500.0,home_win
401907833,Illinois Wesleyan,Trine,45,35,80,10,none,,,,,,
401908401,Austin,Rhodes,23,17,40,6,none,,,,,,
401908305,Roanoke College,Greensboro,28,14,42,14,none,,,,,,
401908299,Hendrix,Huntingdon,20,26,46,-6,none,,,,,,
401907790,Carroll (WI),Wisconsin Eau Claire,17,34,51,-17,none,,,,,,
401907996,Coe,Wisconsin River Falls,6,38,44,-32,none,,,,,,
401906995,Emporia State,Michigan Tech,34,20,54,14,none,,,,,,
401868280,St. Thomas (MN),Northern Michigan,56,14,70,42,none,,,,,,
401908268,Aurora,Mount St Joseph,21,49,70,-28,none,,,,,,
401907466,Washington St. Louis,DePauw,37,27,64,10,none,,,,,,
401908790,Marietta,Ohio Northern,13,20,33,-7,none,,,,,,
401868255,Northern Iowa,Drake,56,14,70,42,DraftKings,-11.5,home_cover,58.5,over,-542.0,home_win
401867884,South Dakota,Eastern Washington,41,23,64,18,DraftKings,-16.5,home_cover,61.5,over,-770.0,home_win
401866413,Ball State,Stony Brook,41,17,58,24,Bovada,-14.0,home_cover,53.0,over,-625.0,home_win
401866413,Ball State,Stony Brook,41,17,58,24,DraftKings,-13.5,home_cover,53.5,over,-550.0,home_win
401866413,Ball State,Stony Brook,41,17,58,24,betmgm,-14.0,home_cover,53.5,over,-600.0,home_win
401866413,Ball State,Stony Brook,41,17,58,24,betonlineag,-13.5,home_cover,52.0,over,,home_win
401866413,Ball State,Stony Brook,41,17,58,24,betrivers,-14.0,home_cover,53.5,over,-835.0,home_win
401866413,Ball State,Stony Brook,41,17,58,24,bovada,-14.0,home_cover,53.0,over,-625.0,home_win
401866413,Ball State,Stony Brook,41,17,58,24,draftkings,-13.5,home_cover,52.5,over,-550.0,home_win
401866413,Ball State,Stony Brook,41,17,58,24,fanduel,-14.5,home_cover,52.5,over,-630.0,home_win
401866413,Ball State,Stony Brook,41,17,58,24,lowvig,-13.5,home_cover,52.0,over,,home_win
401866413,Ball State,Stony Brook,41,17,58,24,mybookieag,,,,,-676.0,home_win
401907887,Wisconsin Whitewater,Saint Xavier,49,14,63,35,none,,,,,,
401906930,Southwest Baptist,Roosevelt,56,59,115,-3,none,,,,,,
401908603,Worcester State,Plymouth State,28,6,34,22,none,,,,,,
401907385,Northwest Missouri State,Washburn,31,24,55,7,none,,,,,,
401907101,Black Hills State,Adams State,44,8,52,36,none,,,,,,
401906957,Miles,Edward Waters,20,36,56,-16,none,,,,,,
401868112,Montana,Utah Tech,35,14,49,21,Bovada,-38.5,away_cover,56.5,under,,home_win
401868112,Montana,Utah Tech,35,14,49,21,DraftKings,-36.5,away_cover,57.5,under,,home_win
401908319,Pacific Lutheran,Mary Hardin Baylor,6,29,35,-23,none,,,,,,
401867953,Delaware State,Bowie State,21,6,27,15,none,,,,,,
401908509,Concordia (WI),Martin Luther,48,13,61,35,none,,,,,,
401907131,South Dakota Mines,Colorado Mesa,24,30,54,-6,none,,,,,,
401856785,Colorado,Weber State,52,21,73,31,Bovada,-38.0,away_cover,57.0,over,,home_win
401856785,Colorado,Weber State,52,21,73,31,DraftKings,-38.5,away_cover,57.5,over,-8000.0,home_win
401856785,Colorado,Weber State,52,21,73,31,betmgm,-37.5,away_cover,57.5,over,-25000.0,home_win
401856785,Colorado,Weber State,52,21,73,31,betrivers,-38.5,away_cover,57.5,over,,home_win
401856785,Colorado,Weber State,52,21,73,31,bovada,-38.0,away_cover,57.0,over,,home_win
401856785,Colorado,Weber State,52,21,73,31,draftkings,-38.5,away_cover,57.5,over,-8000.0,home_win
401856785,Colorado,Weber State,52,21,73,31,fanduel,-36.5,away_cover,56.5,over,,home_win
401856785,Colorado,Weber State,52,21,73,31,lowvig,-39.0,away_cover,57.0,over,,home_win
401858216,Syracuse,California,18,21,39,-3,Bovada,-3.5,away_cover,57.0,under,-165.0,away_win
401858216,Syracuse,California,18,21,39,-3,DraftKings,-3.5,away_cover,56.5,under,-192.0,away_win
401858216,Syracuse,California,18,21,39,-3,betmgm,-3.5,away_cover,56.5,under,-185.0,away_win
401858216,Syracuse,California,18,21,39,-3,betonlineag,-3.5,away_cover,56.5,under,-180.0,away_win
401858216,Syracuse,California,18,21,39,-3,betrivers,-3.5,away_cover,57.0,under,-190.0,away_win
401858216,Syracuse,California,18,21,39,-3,betus,-3.5,away_cover,57.0,under,-180.0,away_win
401858216,Syracuse,California,18,21,39,-3,bovada,-3.5,away_cover,57.0,under,-180.0,away_win
401858216,Syracuse,California,18,21,39,-3,draftkings,-3.5,away_cover,56.5,under,-192.0,away_win
401858216,Syracuse,California,18,21,39,-3,fanduel,-3.5,away_cover,56.5,under,-170.0,away_win
401858216,Syracuse,California,18,21,39,-3,lowvig,-3.5,away_cover,56.5,under,-180.0,away_win
401858216,Syracuse,California,18,21,39,-3,mybookieag,-3.5,away_cover,57.0,under,-186.0,away_win
401856810,BYU,Arizona,28,17,45,11,Bovada,-7.0,home_cover,49.0,under,-310.0,home_win
401856810,BYU,Arizona,28,17,45,11,DraftKings,-7.0,home_cover,48.5,under,-270.0,home_win
401856810,BYU,Arizona,28,17,45,11,betmgm,-7.0,home_cover,48.5,under,-275.0,home_win
401856810,BYU,Arizona,28,17,45,11,betonlineag,-6.5,home_cover,49.0,under,-265.0,home_win
401856810,BYU,Arizona,28,17,45,11,betrivers,-7.5,home_cover,48.5,under,-335.0,home_win
401856810,BYU,Arizona,28,17,45,11,betus,-7.0,home_cover,48.5,under,-265.0,home_win
401856810,BYU,Arizona,28,17,45,11,bovada,-7.0,home_cover,49.0,under,-280.0,home_win
401856810,BYU,Arizona,28,17,45,11,draftkings,-7.0,home_cover,48.5,under,-270.0,home_win
401856810,BYU,Arizona,28,17,45,11,fanduel,-6.5,home_cover,48.5,under,-275.0,home_win
401856810,BYU,Arizona,28,17,45,11,lowvig,-6.5,home_cover,49.0,under,-265.0,home_win
401856810,BYU,Arizona,28,17,45,11,mybookieag,-7.0,home_cover,48.5,under,-271.0,home_win
401858444,UConn,Maryland,14,38,52,-24,Bovada,11.5,away_cover,52.5,under,360.0,away_win
401858444,UConn,Maryland,14,38,52,-24,DraftKings,11.5,away_cover,52.5,under,360.0,away_win
401858444,UConn,Maryland,14,38,52,-24,betmgm,11.5,away_cover,52.5,under,350.0,away_win
401858444,UConn,Maryland,14,38,52,-24,betonlineag,11.0,away_cover,52.5,under,350.0,away_win
401858444,UConn,Maryland,14,38,52,-24,betrivers,12.0,away_cover,52.5,under,410.0,away_win
401858444,UConn,Maryland,14,38,52,-24,betus,11.5,away_cover,52.5,under,355.0,away_win
401858444,UConn,Maryland,14,38,52,-24,bovada,11.5,away_cover,52.5,under,345.0,away_win
401858444,UConn,Maryland,14,38,52,-24,draftkings,11.5,away_cover,52.5,under,360.0,away_win
401858444,UConn,Maryland,14,38,52,-24,fanduel,11.5,away_cover,52.5,under,350.0,away_win
401858444,UConn,Maryland,14,38,52,-24,lowvig,11.0,away_cover,52.5,under,350.0,away_win
401858444,UConn,Maryland,14,38,52,-24,mybookieag,11.5,away_cover,52.0,push,360.0,away_win
401860884,Texas State,UTSA,26,31,57,-5,Bovada,-2.5,away_cover,65.5,under,-110.0,away_win
401860884,Texas State,UTSA,26,31,57,-5,DraftKings,-2.5,away_cover,65.5,under,-142.0,away_win
401860884,Texas State,UTSA,26,31,57,-5,betmgm,-2.5,away_cover,65.5,under,-140.0,away_win
401860884,Texas State,UTSA,26,31,57,-5,betonlineag,-2.5,away_cover,65.0,under,-135.0,away_win
401860884,Texas State,UTSA,26,31,57,-5,betrivers,-2.0,away_cover,65.5,under,-129.0,away_win
401860884,Texas State,UTSA,26,31,57,-5,betus,-2.5,away_cover,65.0,under,-135.0,away_win
401860884,Texas State,UTSA,26,31,57,-5,bovada,-2.5,away_cover,65.5,under,-130.0,away_win
401860884,Texas State,UTSA,26,31,57,-5,draftkings,-2.5,away_cover,65.5,under,-142.0,away_win
401860884,Texas State,UTSA,26,31,57,-5,fanduel,-2.5,away_cover,65.5,under,-134.0,away_win
401860884,Texas State,UTSA,26,31,57,-5,lowvig,-2.5,away_cover,65.0,under,-135.0,away_win
401860884,Texas State,UTSA,26,31,57,-5,mybookieag,-2.0,away_cover,65.5,under,-129.0,away_win
401866420,Massachusetts,Sacred Heart,37,10,47,27,Bovada,-23.5,home_cover,53.5,under,-2500.0,home_win
401866420,Massachusetts,Sacred Heart,37,10,47,27,DraftKings,-23.5,home_cover,53.5,under,-2400.0,home_win
401858440,Michigan State,Eastern Michigan,35,7,42,28,Bovada,-17.0,home_cover,50.0,under,-1000.0,home_win
401858440,Michigan State,Eastern Michigan,35,7,42,28,DraftKings,-17.5,home_cover,49.5,under,-850.0,home_win
401858440,Michigan State,Eastern Michigan,35,7,42,28,betmgm,-17.0,home_cover,49.5,under,-900.0,home_win
401858440,Michigan State,Eastern Michigan,35,7,42,28,betonlineag,-17.5,home_cover,50.0,under,-925.0,home_win
401858440,Michigan State,Eastern Michigan,35,7,42,28,betrivers,-17.5,home_cover,49.5,under,-1250.0,home_win
401858440,Michigan State,Eastern Michigan,35,7,42,28,betus,-17.5,home_cover,50.0,under,-925.0,home_win
401858440,Michigan State,Eastern Michigan,35,7,42,28,bovada,-17.0,home_cover,50.0,under,-1000.0,home_win
401858440,Michigan State,Eastern Michigan,35,7,42,28,draftkings,-17.5,home_cover,49.5,under,-850.0,home_win
401858440,Michigan State,Eastern Michigan,35,7,42,28,fanduel,-17.5,home_cover,49.5,under,-1000.0,home_win
401858440,Michigan State,Eastern Michigan,35,7,42,28,lowvig,-17.5,home_cover,50.0,under,-925.0,home_win
401858440,Michigan State,Eastern Michigan,35,7,42,28,mybookieag,-17.5,home_cover,49.5,under,-1000.0,home_win
401862708,UAB,UL Monroe,26,20,46,6,Bovada,-9.5,away_cover,54.0,under,-435.0,home_win
401862708,UAB,UL Monroe,26,20,46,6,DraftKings,-9.5,away_cover,54.5,under,-360.0,home_win
401862708,UAB,UL Monroe,26,20,46,6,betmgm,-8.5,away_cover,54.5,under,-350.0,home_win
401862708,UAB,UL Monroe,26,20,46,6,betonlineag,-9.0,away_cover,53.5,under,-350.0,home_win
401862708,UAB,UL Monroe,26,20,46,6,betrivers,-9.5,away_cover,54.5,under,-335.0,home_win
401862708,UAB,UL Monroe,26,20,46,6,betus,-9.0,away_cover,54.0,under,-350.0,home_win
401862708,UAB,UL Monroe,26,20,46,6,bovada,-9.5,away_cover,54.0,under,-390.0,home_win
401862708,UAB,UL Monroe,26,20,46,6,draftkings,-9.5,away_cover,54.5,under,-360.0,home_win
401862708,UAB,UL Monroe,26,20,46,6,fanduel,-8.5,away_cover,54.5,under,-360.0,home_win
401862708,UAB,UL Monroe,26,20,46,6,lowvig,-9.0,away_cover,53.5,under,-350.0,home_win
401862708,UAB,UL Monroe,26,20,46,6,mybookieag,-9.5,away_cover,54.5,under,-380.0,home_win
401856674,Kentucky,Alabama,17,45,62,-28,Bovada,8.5,away_cover,47.0,over,320.0,away_win
401856674,Kentucky,Alabama,17,45,62,-28,DraftKings,8.5,away_cover,46.5,over,285.0,away_win
401856674,Kentucky,Alabama,17,45,62,-28,betmgm,8.5,away_cover,47.5,over,290.0,away_win
401856674,Kentucky,Alabama,17,45,62,-28,betonlineag,9.5,away_cover,47.0,over,303.0,away_win
401856674,Kentucky,Alabama,17,45,62,-28,betrivers,10.0,away_cover,48.0,over,310.0,away_win
401856674,Kentucky,Alabama,17,45,62,-28,betus,9.0,away_cover,47.0,over,305.0,away_win
401856674,Kentucky,Alabama,17,45,62,-28,bovada,8.5,away_cover,47.0,over,285.0,away_win
401856674,Kentucky,Alabama,17,45,62,-28,draftkings,8.5,away_cover,46.5,over,285.0,away_win
401856674,Kentucky,Alabama,17,45,62,-28,fanduel,9.5,away_cover,47.5,over,275.0,away_win
401856674,Kentucky,Alabama,17,45,62,-28,lowvig,9.5,away_cover,47.0,over,303.0,away_win
401856674,Kentucky,Alabama,17,45,62,-28,mybookieag,9.0,away_cover,47.0,over,290.0,away_win
401856677,Minnesota,Mississippi State,13,38,51,-25,Bovada,1.0,away_cover,55.0,under,-115.0,away_win
401856677,Minnesota,Mississippi State,13,38,51,-25,DraftKings,1.5,away_cover,54.5,under,-105.0,away_win
401856677,Minnesota,Mississippi State,13,38,51,-25,betmgm,-1.0,away_cover,54.5,under,-110.0,away_win
401856677,Minnesota,Mississippi State,13,38,51,-25,betonlineag,0.0,away_cover,54.5,under,,away_win
401856677,Minnesota,Mississippi State,13,38,51,-25,betrivers,-0.5,away_cover,55.5,under,-114.0,away_win
401856677,Minnesota,Mississippi State,13,38,51,-25,betus,1.0,away_cover,54.5,under,100.0,away_win
401856677,Minnesota,Mississippi State,13,38,51,-25,bovada,1.0,away_cover,55.0,under,-110.0,away_win
401856677,Minnesota,Mississippi State,13,38,51,-25,draftkings,1.5,away_cover,54.5,under,-105.0,away_win
401856677,Minnesota,Mississippi State,13,38,51,-25,fanduel,1.5,away_cover,54.5,under,-110.0,away_win
401856677,Minnesota,Mississippi State,13,38,51,-25,lowvig,0.0,away_cover,54.5,under,,away_win
401856677,Minnesota,Mississippi State,13,38,51,-25,mybookieag,1.5,away_cover,54.5,under,-106.0,away_win
401866412,Akron,Robert Morris,45,10,55,35,Bovada,-28.0,home_cover,46.5,over,-6500.0,home_win
401866412,Akron,Robert Morris,45,10,55,35,DraftKings,-27.5,home_cover,46.5,over,-3600.0,home_win
401866412,Akron,Robert Morris,45,10,55,35,betmgm,-27.5,home_cover,45.5,over,-5000.0,home_win
401866412,Akron,Robert Morris,45,10,55,35,betonlineag,-27.5,home_cover,46.5,over,,home_win
401866412,Akron,Robert Morris,45,10,55,35,betrivers,-27.5,home_cover,46.5,over,,home_win
401866412,Akron,Robert Morris,45,10,55,35,bovada,-28.0,home_cover,46.5,over,-6500.0,home_win
401866412,Akron,Robert Morris,45,10,55,35,draftkings,-27.5,home_cover,46.5,over,-3600.0,home_win
401866412,Akron,Robert Morris,45,10,55,35,fanduel,-27.5,home_cover,46.5,over,-8000.0,home_win
401866412,Akron,Robert Morris,45,10,55,35,lowvig,-27.5,home_cover,46.5,over,,home_win
401859184,Notre Dame,Rice,52,0,52,52,Bovada,-45.0,home_cover,54.5,under,,home_win
401859184,Notre Dame,Rice,52,0,52,52,DraftKings,-44.5,home_cover,54.5,under,,home_win
401859184,Notre Dame,Rice,52,0,52,52,betmgm,-44.5,home_cover,54.5,under,,home_win
401859184,Notre Dame,Rice,52,0,52,52,betonlineag,-44.5,home_cover,54.0,under,,home_win
401859184,Notre Dame,Rice,52,0,52,52,betrivers,-44.5,home_cover,55.0,under,,home_win
401859184,Notre Dame,Rice,52,0,52,52,betus,-44.5,home_cover,54.0,under,,home_win
401859184,Notre Dame,Rice,52,0,52,52,bovada,-45.0,home_cover,54.5,under,,home_win
401859184,Notre Dame,Rice,52,0,52,52,draftkings,-44.5,home_cover,54.5,under,,home_win
401859184,Notre Dame,Rice,52,0,52,52,fanduel,-44.5,home_cover,55.5,under,,home_win
401859184,Notre Dame,Rice,52,0,52,52,lowvig,-44.5,home_cover,54.0,under,,home_win
401856790,Pittsburgh,UCF,12,7,19,5,Bovada,-7.0,away_cover,55.0,under,-300.0,home_win
401856790,Pittsburgh,UCF,12,7,19,5,DraftKings,-7.0,away_cover,55.5,under,-298.0,home_win
401856790,Pittsburgh,UCF,12,7,19,5,betmgm,-7.0,away_cover,55.5,under,-275.0,home_win
401856790,Pittsburgh,UCF,12,7,19,5,betonlineag,-7.0,away_cover,55.5,under,-280.0,home_win
401856790,Pittsburgh,UCF,12,7,19,5,betrivers,-7.0,away_cover,56.0,under,-315.0,home_win
401856790,Pittsburgh,UCF,12,7,19,5,betus,-7.0,away_cover,55.0,under,-280.0,home_win
401856790,Pittsburgh,UCF,12,7,19,5,bovada,-7.0,away_cover,55.0,under,-280.0,home_win
401856790,Pittsburgh,UCF,12,7,19,5,draftkings,-7.0,away_cover,55.5,under,-290.0,home_win
401856790,Pittsburgh,UCF,12,7,19,5,fanduel,-7.5,away_cover,55.5,under,-280.0,home_win
401856790,Pittsburgh,UCF,12,7,19,5,lowvig,-7.0,away_cover,55.5,under,-280.0,home_win
401856790,Pittsburgh,UCF,12,7,19,5,mybookieag,-7.0,away_cover,55.5,under,-300.0,home_win
401858217,Illinois,Duke,27,31,58,-4,Bovada,-6.0,away_cover,51.5,over,-235.0,away_win
401858217,Illinois,Duke,27,31,58,-4,DraftKings,-6.0,away_cover,51.5,over,-245.0,away_win
401858217,Illinois,Duke,27,31,58,-4,betmgm,-6.5,away_cover,51.5,over,-235.0,away_win
401858217,Illinois,Duke,27,31,58,-4,betonlineag,-6.0,away_cover,51.0,over,-245.0,away_win
401858217,Illinois,Duke,27,31,58,-4,betrivers,-5.5,away_cover,51.5,over,-215.0,away_win
401858217,Illinois,Duke,27,31,58,-4,betus,-6.0,away_cover,51.5,over,-225.0,away_win
401858217,Illinois,Duke,27,31,58,-4,bovada,-6.0,away_cover,51.5,over,-230.0,away_win
401858217,Illinois,Duke,27,31,58,-4,draftkings,-6.0,away_cover,51.5,over,-230.0,away_win
401858217,Illinois,Duke,27,31,58,-4,fanduel,-5.5,away_cover,51.5,over,-235.0,away_win
401858217,Illinois,Duke,27,31,58,-4,lowvig,-6.0,away_cover,51.5,over,-245.0,away_win
401858217,Illinois,Duke,27,31,58,-4,mybookieag,-6.0,away_cover,51.5,over,-244.0,away_win
401858446,Washington,Utah State,16,14,30,2,Bovada,-28.0,away_cover,55.5,under,-5000.0,home_win
401858446,Washington,Utah State,16,14,30,2,DraftKings,-28.5,away_cover,55.5,under,-6500.0,home_win
401858446,Washington,Utah State,16,14,30,2,betmgm,-28.0,away_cover,55.5,under,-5000.0,home_win
401858446,Washington,Utah State,16,14,30,2,betonlineag,-28.0,away_cover,55.5,under,-6500.0,home_win
401858446,Washington,Utah State,16,14,30,2,betrivers,-27.0,away_cover,55.5,under,-10000.0,home_win
401858446,Washington,Utah State,16,14,30,2,betus,-28.0,away_cover,55.5,under,,home_win
401858446,Washington,Utah State,16,14,30,2,bovada,-28.0,away_cover,55.5,under,-5000.0,home_win
401858446,Washington,Utah State,16,14,30,2,draftkings,-28.5,away_cover,55.5,under,-6500.0,home_win
401858446,Washington,Utah State,16,14,30,2,fanduel,-27.5,away_cover,55.5,under,-7000.0,home_win
401858446,Washington,Utah State,16,14,30,2,lowvig,-28.0,away_cover,55.5,under,-6500.0,home_win
401858446,Washington,Utah State,16,14,30,2,mybookieag,-28.0,away_cover,55.5,under,-5000.0,home_win
401866419,Toledo,Central Connecticut,63,10,73,53,Bovada,-36.5,home_cover,52.5,over,,home_win
401866419,Toledo,Central Connecticut,63,10,73,53,DraftKings,-36.5,home_cover,52.5,over,-20000.0,home_win
401866419,Toledo,Central Connecticut,63,10,73,53,betmgm,-35.5,home_cover,54.5,over,,home_win
401866419,Toledo,Central Connecticut,63,10,73,53,betrivers,-36.0,home_cover,52.5,over,,home_win
401866419,Toledo,Central Connecticut,63,10,73,53,bovada,-36.5,home_cover,52.0,over,,home_win
401866419,Toledo,Central Connecticut,63,10,73,53,draftkings,-36.5,home_cover,52.5,over,-20000.0,home_win
401866419,Toledo,Central Connecticut,63,10,73,53,fanduel,-35.5,home_cover,52.5,over,,home_win
401862705,North Texas,UNLV,44,6,50,38,Bovada,3.0,home_cover,58.0,under,160.0,home_win
401862705,North Texas,UNLV,44,6,50,38,DraftKings,3.0,home_cover,57.5,under,136.0,home_win
401862705,North Texas,UNLV,44,6,50,38,betmgm,3.0,home_cover,58.5,under,135.0,home_win
401862705,North Texas,UNLV,44,6,50,38,betonlineag,3.0,home_cover,57.5,under,135.0,home_win
401862705,North Texas,UNLV,44,6,50,38,betrivers,3.0,home_cover,57.5,under,133.0,home_win
401862705,North Texas,UNLV,44,6,50,38,betus,3.0,home_cover,57.5,under,129.0,home_win
401862705,North Texas,UNLV,44,6,50,38,bovada,3.0,home_cover,58.0,under,135.0,home_win
401862705,North Texas,UNLV,44,6,50,38,draftkings,3.0,home_cover,57.5,under,136.0,home_win
401862705,North Texas,UNLV,44,6,50,38,fanduel,3.5,home_cover,58.5,under,134.0,home_win
401862705,North Texas,UNLV,44,6,50,38,lowvig,3.0,home_cover,57.5,under,135.0,home_win
401862705,North Texas,UNLV,44,6,50,38,mybookieag,3.0,home_cover,58.0,under,132.0,home_win
401909074,Whitworth,Eastern Oregon,17,51,68,-34,none,,,,,,
401906683,Wheeling,Lake Erie,7,23,30,-16,none,,,,,,
401907139,CSU Pueblo,Colorado School of Mines,45,17,62,28,none,,,,,,
401868326,Troy,Alabama State,34,17,51,17,Bovada,-23.5,away_cover,52.0,under,-2000.0,home_win
401868326,Troy,Alabama State,34,17,51,17,DraftKings,-23.5,away_cover,51.5,under,-2100.0,home_win
401868326,Troy,Alabama State,34,17,51,17,betmgm,-23.0,away_cover,51.5,under,-1600.0,home_win
401868326,Troy,Alabama State,34,17,51,17,betonlineag,-23.5,away_cover,51.5,under,,home_win
401868326,Troy,Alabama State,34,17,51,17,betrivers,-23.0,away_cover,52.5,under,-3335.0,home_win
401868326,Troy,Alabama State,34,17,51,17,bovada,-23.5,away_cover,52.0,under,-2200.0,home_win
401868326,Troy,Alabama State,34,17,51,17,draftkings,-23.5,away_cover,51.5,under,-2100.0,home_win
401868326,Troy,Alabama State,34,17,51,17,fanduel,-23.5,away_cover,51.5,under,-2100.0,home_win
401868326,Troy,Alabama State,34,17,51,17,lowvig,-23.5,away_cover,51.5,under,,home_win
401868326,Troy,Alabama State,34,17,51,17,mybookieag,-24.0,away_cover,51.5,under,-2273.0,home_win
401907504,Saint Anselm,Bentley,14,48,62,-34,none,,,,,,
401868285,Bethune-Cookman,Stetson,43,18,61,25,DraftKings,-14.5,home_cover,56.5,over,-760.0,home_win
401868093,Idaho,Lamar,17,23,40,-6,DraftKings,-3.5,away_cover,51.5,under,-175.0,away_win
401858223,SMU,UC Davis,56,10,66,46,Bovada,-32.5,home_cover,59.0,over,,home_win
401858223,SMU,UC Davis,56,10,66,46,DraftKings,-32.5,home_cover,58.5,over,-3600.0,home_win
401858223,SMU,UC Davis,56,10,66,46,betmgm,-31.5,home_cover,58.5,over,-10000.0,home_win
401858223,SMU,UC Davis,56,10,66,46,betonlineag,-32.5,home_cover,58.5,over,,home_win
401858223,SMU,UC Davis,56,10,66,46,betrivers,-32.5,home_cover,59.5,over,,home_win
401858223,SMU,UC Davis,56,10,66,46,bovada,-32.5,home_cover,59.0,over,,home_win
401858223,SMU,UC Davis,56,10,66,46,draftkings,-32.5,home_cover,58.5,over,-3600.0,home_win
401858223,SMU,UC Davis,56,10,66,46,fanduel,-31.5,home_cover,59.5,over,-10000.0,home_win
401858223,SMU,UC Davis,56,10,66,46,lowvig,-32.5,home_cover,58.5,over,,home_win
401864506,Wyoming,Northern Colorado,21,13,34,8,Bovada,-22.5,away_cover,44.0,under,-2000.0,home_win
401864506,Wyoming,Northern Colorado,21,13,34,8,DraftKings,-23.5,away_cover,44.5,under,-1800.0,home_win
401864506,Wyoming,Northern Colorado,21,13,34,8,betmgm,-22.5,away_cover,44.5,under,-2000.0,home_win
401864506,Wyoming,Northern Colorado,21,13,34,8,betonlineag,-23.5,away_cover,44.0,under,,home_win
401864506,Wyoming,Northern Colorado,21,13,34,8,betrivers,-21.5,away_cover,44.5,under,-3335.0,home_win
401864506,Wyoming,Northern Colorado,21,13,34,8,bovada,-22.5,away_cover,44.0,under,-2000.0,home_win
401864506,Wyoming,Northern Colorado,21,13,34,8,draftkings,-23.5,away_cover,44.5,under,-1800.0,home_win
401864506,Wyoming,Northern Colorado,21,13,34,8,fanduel,-21.5,away_cover,43.5,under,-2800.0,home_win
401864506,Wyoming,Northern Colorado,21,13,34,8,lowvig,-23.5,away_cover,44.0,under,,home_win
401864506,Wyoming,Northern Colorado,21,13,34,8,mybookieag,-23.5,away_cover,44.5,under,,home_win
401865252,New Mexico,Mercyhurst,70,7,77,63,Bovada,-42.0,home_cover,54.5,over,,home_win
401865252,New Mexico,Mercyhurst,70,7,77,63,DraftKings,-42.5,home_cover,54.5,over,,home_win
401865252,New Mexico,Mercyhurst,70,7,77,63,betmgm,-42.0,home_cover,54.5,over,,home_win
401865252,New Mexico,Mercyhurst,70,7,77,63,betonlineag,-41.5,home_cover,53.5,over,,home_win
401865252,New Mexico,Mercyhurst,70,7,77,63,betrivers,-41.5,home_cover,53.5,over,,home_win
401865252,New Mexico,Mercyhurst,70,7,77,63,bovada,-42.0,home_cover,54.5,over,,home_win
401865252,New Mexico,Mercyhurst,70,7,77,63,draftkings,-42.5,home_cover,54.5,over,,home_win
401865252,New Mexico,Mercyhurst,70,7,77,63,fanduel,-42.5,home_cover,54.5,over,,home_win
401865252,New Mexico,Mercyhurst,70,7,77,63,lowvig,-41.5,home_cover,53.5,over,,home_win
401868963,Mississippi Valley State,Lincoln (PA),31,20,51,11,none,,,,,,
401856684,Vanderbilt,Delaware,35,26,61,9,Bovada,-21.0,away_cover,55.0,over,-1800.0,home_win
401856684,Vanderbilt,Delaware,35,26,61,9,DraftKings,-21.0,away_cover,54.5,over,-1350.0,home_win
401856684,Vanderbilt,Delaware,35,26,61,9,betmgm,-20.5,away_cover,54.5,over,-1400.0,home_win
401856684,Vanderbilt,Delaware,35,26,61,9,betonlineag,-20.5,away_cover,55.0,over,-1400.0,home_win
401856684,Vanderbilt,Delaware,35,26,61,9,betrivers,-21.0,away_cover,54.5,over,-2500.0,home_win
401856684,Vanderbilt,Delaware,35,26,61,9,betus,-21.0,away_cover,55.0,over,-1400.0,home_win
401856684,Vanderbilt,Delaware,35,26,61,9,bovada,-21.0,away_cover,55.0,over,-1600.0,home_win
401856684,Vanderbilt,Delaware,35,26,61,9,draftkings,-21.0,away_cover,54.5,over,-1350.0,home_win
401856684,Vanderbilt,Delaware,35,26,61,9,fanduel,-20.5,away_cover,54.5,over,-1800.0,home_win
401856684,Vanderbilt,Delaware,35,26,61,9,lowvig,-21.0,away_cover,55.0,over,-1400.0,home_win
401856684,Vanderbilt,Delaware,35,26,61,9,mybookieag,-21.0,away_cover,55.0,over,-1493.0,home_win
401906922,Lane College,Allen,7,43,50,-36,none,,,,,,
401866630,Maine,Merrimack,14,23,37,-9,DraftKings,-10.0,away_cover,47.5,under,-431.0,away_win
401868123,Northern Arizona,Incarnate Word,38,28,66,10,DraftKings,-4.5,home_cover,54.5,over,-186.0,home_win
401908347,Gettysburg,Washington and Lee,23,27,50,-4,none,,,,,,
401868061,Austin Peay,Morehead State,63,7,70,56,DraftKings,-36.5,home_cover,63.5,over,,home_win
401856672,Florida,Campbell,52,3,55,49,Bovada,-51.0,away_cover,67.0,under,,home_win
401856672,Florida,Campbell,52,3,55,49,DraftKings,-50.5,away_cover,65.5,under,,home_win
401856672,Florida,Campbell,52,3,55,49,betmgm,-51.0,away_cover,66.5,under,,home_win
401856672,Florida,Campbell,52,3,55,49,betonlineag,-51.0,away_cover,66.0,under,,home_win
401856672,Florida,Campbell,52,3,55,49,betrivers,-51.0,away_cover,66.5,under,,home_win
401856672,Florida,Campbell,52,3,55,49,bovada,-51.0,away_cover,67.0,under,,home_win
401856672,Florida,Campbell,52,3,55,49,draftkings,-50.5,away_cover,65.5,under,,home_win
401856672,Florida,Campbell,52,3,55,49,fanduel,-50.5,away_cover,66.5,under,,home_win
401856672,Florida,Campbell,52,3,55,49,lowvig,-51.0,away_cover,66.0,under,,home_win
401868171,The Citadel,Charleston Southern,20,26,46,-6,DraftKings,-3.0,away_cover,45.5,over,-156.0,away_win
401860881,Boise State,Memphis,38,20,58,18,Bovada,-9.0,home_cover,54.5,over,-330.0,home_win
401860881,Boise State,Memphis,38,20,58,18,DraftKings,-9.5,home_cover,54.5,over,-360.0,home_win
401860881,Boise State,Memphis,38,20,58,18,betmgm,-8.5,home_cover,55.5,over,-350.0,home_win
401860881,Boise State,Memphis,38,20,58,18,betonlineag,-8.0,home_cover,54.5,over,-330.0,home_win
401860881,Boise State,Memphis,38,20,58,18,betrivers,-8.5,home_cover,55.0,over,-360.0,home_win
401860881,Boise State,Memphis,38,20,58,18,betus,-8.0,home_cover,54.5,over,-330.0,home_win
401860881,Boise State,Memphis,38,20,58,18,bovada,-9.0,home_cover,55.0,over,-360.0,home_win
401860881,Boise State,Memphis,38,20,58,18,draftkings,-9.5,home_cover,54.5,over,-360.0,home_win
401860881,Boise State,Memphis,38,20,58,18,fanduel,-9.5,home_cover,55.5,over,-335.0,home_win
401860881,Boise State,Memphis,38,20,58,18,lowvig,-8.5,home_cover,54.5,over,-330.0,home_win
401860881,Boise State,Memphis,38,20,58,18,mybookieag,-9.0,home_cover,55.0,over,-360.0,home_win
401866629,Hampton,Bryant,3,31,34,-28,DraftKings,3.5,away_cover,51.5,under,133.0,away_win
401908528,Eureka,Westminster (MO),0,41,41,-41,none,,,,,,
401868141,Eastern Kentucky,Chattanooga,22,17,39,5,DraftKings,3.0,home_cover,48.5,under,135.0,home_win
401906050,Bluefield State,Livingstone,30,44,74,-14,none,,,,,,
401867966,Morgan State,Virginia Lynchburg,55,0,55,55,none,,,,,,
401907251,Clark Atlanta,Kentucky State,3,30,33,-27,none,,,,,,
401867983,South Carolina State,Virginia State,66,0,66,66,none,,,,,,
401868210,Butler,Franklin,52,0,52,52,none,,,,,,
401908112,Berry,LaGrange,20,17,37,3,none,,,,,,
401907698,Southwest Minnesota State,Northern State,3,30,33,-27,none,,,,,,
401906911,Savannah State,Albany State,17,49,66,-32,none,,,,,,
401866414,Florida International,Buffalo,33,20,53,13,Bovada,-9.0,home_cover,47.5,over,-415.0,home_win
401866414,Florida International,Buffalo,33,20,53,13,DraftKings,-8.5,home_cover,47.5,over,-345.0,home_win
401866414,Florida International,Buffalo,33,20,53,13,betmgm,-8.0,home_cover,47.5,over,-350.0,home_win
401866414,Florida International,Buffalo,33,20,53,13,betonlineag,-8.0,home_cover,48.0,over,-340.0,home_win
401866414,Florida International,Buffalo,33,20,53,13,betrivers,-9.0,home_cover,47.5,over,-400.0,home_win
401866414,Florida International,Buffalo,33,20,53,13,betus,-8.0,home_cover,48.0,over,-330.0,home_win
401866414,Florida International,Buffalo,33,20,53,13,bovada,-8.5,home_cover,47.5,over,-370.0,home_win
401866414,Florida International,Buffalo,33,20,53,13,draftkings,-8.5,home_cover,47.5,over,-345.0,home_win
401866414,Florida International,Buffalo,33,20,53,13,fanduel,-8.5,home_cover,47.5,over,-335.0,home_win
401866414,Florida International,Buffalo,33,20,53,13,lowvig,-8.0,home_cover,48.0,over,-340.0,home_win
401866414,Florida International,Buffalo,33,20,53,13,mybookieag,-8.5,home_cover,47.5,over,-360.0,home_win
401907863,Ithaca,Alfred,27,3,30,24,none,,,,,,
401868102,Idaho State,San Diego,59,17,76,42,DraftKings,-22.5,home_cover,58.5,over,-1860.0,home_win
401907563,West Chester,IU Pennsylvania,21,27,48,-6,none,,,,,,
401866631,New Hampshire,Stonehill,42,35,77,7,DraftKings,-13.5,away_cover,43.5,over,-479.0,home_win
401908050,Southern Virginia,Averett,34,41,75,-7,none,,,,,,
401908217,Bluffton,Madonna,18,27,45,-9,none,,,,,,
401868374,Mercer,Furman,13,20,33,-7,DraftKings,-15.5,away_cover,54.5,under,-590.0,away_win
401866418,Ohio,Jacksonville State,29,27,56,2,Bovada,-2.0,push,50.0,over,-125.0,home_win
401866418,Ohio,Jacksonville State,29,27,56,2,DraftKings,-1.5,home_cover,49.5,over,-125.0,home_win
401866418,Ohio,Jacksonville State,29,27,56,2,betmgm,-2.0,push,49.5,over,-120.0,home_win
401866418,Ohio,Jacksonville State,29,27,56,2,betonlineag,1.0,home_cover,50.0,over,-125.0,home_win
401866418,Ohio,Jacksonville State,29,27,56,2,betrivers,-2.0,push,50.0,over,-130.0,home_win
401866418,Ohio,Jacksonville State,29,27,56,2,betus,-1.0,home_cover,50.0,over,-125.0,home_win
401866418,Ohio,Jacksonville State,29,27,56,2,bovada,-2.0,push,49.5,over,-125.0,home_win
401866418,Ohio,Jacksonville State,29,27,56,2,draftkings,-1.5,home_cover,49.5,over,-125.0,home_win
401866418,Ohio,Jacksonville State,29,27,56,2,fanduel,-1.5,home_cover,49.5,over,-120.0,home_win
401866418,Ohio,Jacksonville State,29,27,56,2,lowvig,1.0,home_cover,48.5,over,-125.0,home_win
401866418,Ohio,Jacksonville State,29,27,56,2,mybookieag,-2.0,push,50.0,over,-127.0,home_win
401907853,Alfred State,Hilbert,57,12,69,45,none,,,,,,
401866421,Western Michigan,Monmouth,49,14,63,35,Bovada,-28.5,home_cover,54.5,over,,home_win
401866421,Western Michigan,Monmouth,49,14,63,35,DraftKings,-29.5,home_cover,54.5,over,-5000.0,home_win
401866421,Western Michigan,Monmouth,49,14,63,35,betmgm,-29.5,home_cover,54.5,over,-5000.0,home_win
401866421,Western Michigan,Monmouth,49,14,63,35,betonlineag,-29.0,home_cover,53.5,over,,home_win
401866421,Western Michigan,Monmouth,49,14,63,35,betrivers,-29.5,home_cover,54.5,over,-10000.0,home_win
401866421,Western Michigan,Monmouth,49,14,63,35,bovada,-28.5,home_cover,54.5,over,,home_win
401866421,Western Michigan,Monmouth,49,14,63,35,draftkings,-29.5,home_cover,54.5,over,-5000.0,home_win
401866421,Western Michigan,Monmouth,49,14,63,35,fanduel,-29.5,home_cover,54.5,over,-10000.0,home_win
401866421,Western Michigan,Monmouth,49,14,63,35,lowvig,-29.0,home_cover,53.5,over,,home_win
401907538,East Stroudsburg,Slippery Rock,35,59,94,-24,none,,,,,,
401868236,McNeese,Tarleton State,24,27,51,-3,DraftKings,19.5,home_cover,56.5,under,690.0,away_win
401907635,Minnesota State,Bemidji State,30,13,43,17,none,,,,,,
401908766,Wisconsin Lutheran,Ripon,25,24,49,1,none,,,,,,
401909018,Shenandoah,Geneva,48,14,62,34,none,,,,,,
401907315,UT Permian Basin,Western New Mexico,69,14,83,55,none,,,,,,
401864503,Northern Illinois,Illinois State,24,28,52,-4,Bovada,2.5,away_cover,48.0,over,175.0,away_win
401864503,Northern Illinois,Illinois State,24,28,52,-4,DraftKings,2.5,away_cover,47.5,over,124.0,away_win
401864503,Northern Illinois,Illinois State,24,28,52,-4,betmgm,3.0,away_cover,48.5,over,120.0,away_win
401864503,Northern Illinois,Illinois State,24,28,52,-4,betonlineag,2.5,away_cover,49.0,over,,away_win
401864503,Northern Illinois,Illinois State,24,28,52,-4,betrivers,3.0,away_cover,47.5,over,120.0,away_win
401864503,Northern Illinois,Illinois State,24,28,52,-4,bovada,2.5,away_cover,48.0,over,120.0,away_win
401864503,Northern Illinois,Illinois State,24,28,52,-4,draftkings,2.5,away_cover,47.5,over,124.0,away_win
401864503,Northern Illinois,Illinois State,24,28,52,-4,fanduel,3.5,away_cover,47.5,over,122.0,away_win
401864503,Northern Illinois,Illinois State,24,28,52,-4,lowvig,2.5,away_cover,49.0,over,,away_win
401864503,Northern Illinois,Illinois State,24,28,52,-4,mybookieag,3.0,away_cover,,,119.0,away_win
401908276,Belhaven,East Texas Baptist,45,44,89,1,none,,,,,,
401908242,Benedictine (IL),Loras,28,25,53,3,none,,,,,,
401908142,Northwestern (MN),Central College,27,51,78,-24,none,,,,,,
401906878,Ashland,Grand Valley State,10,20,30,-10,none,,,,,,
401908326,Oklahoma Panhandle,Schreiner,47,29,76,18,none,,,,,,
401906554,Henderson State,Oklahoma Baptist,66,9,75,57,none,,,,,,
401906571,Southeastern Oklahoma State,Ouachita Baptist,17,23,40,-6,none,,,,,,
401906579,Southern Arkansas,Southern Nazarene,27,21,48,6,none,,,,,,
401906840,Kentucky Wesleyan,William Jewell,14,35,49,-21,none,,,,,,
401872616,South Dakota State,New Haven,57,14,71,43,DraftKings,-42.5,home_cover,54.5,over,,home_win
401868246,Nicholls,UT Rio Grande Valley,31,28,59,3,DraftKings,5.5,home_cover,50.5,over,184.0,home_win
401868072,Central Arkansas,Central Oklahoma,59,20,79,39,none,,,,,,
401907220,Missouri S&T,Missouri Western,30,42,72,-12,none,,,,,,
401908427,Texas Lutheran,Southwestern U,19,10,29,9,none,,,,,,
401864575,Tulane,South Alabama,28,24,52,4,Bovada,-10.0,away_cover,48.0,over,-420.0,home_win
401864575,Tulane,South Alabama,28,24,52,4,DraftKings,-9.5,away_cover,48.5,over,-360.0,home_win
401864575,Tulane,South Alabama,28,24,52,4,betmgm,-9.5,away_cover,47.5,over,-350.0,home_win
401864575,Tulane,South Alabama,28,24,52,4,betonlineag,-9.0,away_cover,48.0,over,-360.0,home_win
401864575,Tulane,South Alabama,28,24,52,4,betrivers,-9.5,away_cover,48.5,over,-385.0,home_win
401864575,Tulane,South Alabama,28,24,52,4,betus,-9.0,away_cover,48.0,over,-360.0,home_win
401864575,Tulane,South Alabama,28,24,52,4,bovada,-10.0,away_cover,48.0,over,-400.0,home_win
401864575,Tulane,South Alabama,28,24,52,4,draftkings,-9.5,away_cover,48.5,over,-360.0,home_win
401864575,Tulane,South Alabama,28,24,52,4,fanduel,-9.5,away_cover,48.5,over,-350.0,home_win
401864575,Tulane,South Alabama,28,24,52,4,lowvig,-9.0,away_cover,48.0,over,-360.0,home_win
401864575,Tulane,South Alabama,28,24,52,4,mybookieag,-9.5,away_cover,48.0,over,-391.0,home_win
401869955,Kennesaw State,Georgia State,17,31,48,-14,Bovada,-7.5,away_cover,55.5,under,-360.0,away_win
401869955,Kennesaw State,Georgia State,17,31,48,-14,DraftKings,-7.5,away_cover,55.5,under,-298.0,away_win
401869955,Kennesaw State,Georgia State,17,31,48,-14,betmgm,-7.5,away_cover,55.5,under,-300.0,away_win
401869955,Kennesaw State,Georgia State,17,31,48,-14,betonlineag,-7.0,away_cover,55.5,under,-300.0,away_win
401869955,Kennesaw State,Georgia State,17,31,48,-14,betrivers,-8.0,away_cover,55.5,under,-335.0,away_win
401869955,Kennesaw State,Georgia State,17,31,48,-14,betus,-7.0,away_cover,55.5,under,-300.0,away_win
401869955,Kennesaw State,Georgia State,17,31,48,-14,bovada,-7.5,away_cover,55.5,under,-310.0,away_win
401869955,Kennesaw State,Georgia State,17,31,48,-14,draftkings,-7.0,away_cover,55.5,under,-298.0,away_win
401869955,Kennesaw State,Georgia State,17,31,48,-14,fanduel,-7.5,away_cover,55.5,under,-310.0,away_win
401869955,Kennesaw State,Georgia State,17,31,48,-14,lowvig,-7.0,away_cover,55.5,under,-300.0,away_win
401869955,Kennesaw State,Georgia State,17,31,48,-14,mybookieag,-7.5,away_cover,55.5,under,-300.0,away_win
401856787,Houston,Southern,77,6,83,71,Bovada,-52.0,home_cover,62.0,over,,home_win
401856787,Houston,Southern,77,6,83,71,DraftKings,-51.5,home_cover,61.5,over,,home_win
401856787,Houston,Southern,77,6,83,71,betmgm,-52.0,home_cover,61.5,over,,home_win
401856787,Houston,Southern,77,6,83,71,betonlineag,-52.0,home_cover,62.0,over,,home_win
401856787,Houston,Southern,77,6,83,71,betrivers,-51.5,home_cover,61.5,over,,home_win
401856787,Houston,Southern,77,6,83,71,bovada,-52.0,home_cover,62.0,over,,home_win
401856787,Houston,Southern,77,6,83,71,draftkings,-51.5,home_cover,61.5,over,,home_win
401856787,Houston,Southern,77,6,83,71,fanduel,-51.5,home_cover,61.5,over,,home_win
401856787,Houston,Southern,77,6,83,71,lowvig,-52.0,home_cover,62.0,over,,home_win
401869150,Houston Christian,Arkansas Baptist,88,0,88,88,none,,,,,,
401868355,Alcorn State,Arkansas-Pine Bluff,53,51,104,2,DraftKings,-8.5,away_cover,49.5,over,-346.0,home_win
401871045,Marshall,Middle Tennessee,28,26,54,2,Bovada,-13.0,away_cover,56.0,under,-750.0,home_win
401871045,Marshall,Middle Tennessee,28,26,54,2,DraftKings,-12.5,away_cover,55.5,under,-535.0,home_win
401871045,Marshall,Middle Tennessee,28,26,54,2,betmgm,-13.0,away_cover,55.5,under,-525.0,home_win
401871045,Marshall,Middle Tennessee,28,26,54,2,betonlineag,-13.0,away_cover,56.0,under,-500.0,home_win
401871045,Marshall,Middle Tennessee,28,26,54,2,betrivers,-13.5,away_cover,56.0,under,-625.0,home_win
401871045,Marshall,Middle Tennessee,28,26,54,2,betus,-13.0,away_cover,55.5,under,-500.0,home_win
401871045,Marshall,Middle Tennessee,28,26,54,2,bovada,-13.0,away_cover,56.0,under,-600.0,home_win
401871045,Marshall,Middle Tennessee,28,26,54,2,draftkings,-12.5,away_cover,55.5,under,-535.0,home_win
401871045,Marshall,Middle Tennessee,28,26,54,2,fanduel,-12.5,away_cover,55.5,under,-490.0,home_win
401871045,Marshall,Middle Tennessee,28,26,54,2,lowvig,-13.0,away_cover,56.0,under,-500.0,home_win
401871045,Marshall,Middle Tennessee,28,26,54,2,mybookieag,-12.5,away_cover,55.5,under,-561.0,home_win
401908670,Otterbein,Heidelberg,0,38,38,-38,none,,,,,,
401908567,Illinois College,Lyon,14,21,35,-7,none,,,,,,
401868150,SE Louisiana,North Alabama,30,25,55,5,DraftKings,-6.5,away_cover,51.5,over,-204.0,home_win
401858441,Nebraska,Bowling Green,56,7,63,49,Bovada,-30.5,home_cover,49.5,over,-10000.0,home_win
401858441,Nebraska,Bowling Green,56,7,63,49,DraftKings,-30.5,home_cover,49.5,over,-6500.0,home_win
401858441,Nebraska,Bowling Green,56,7,63,49,betmgm,-30.5,home_cover,49.5,over,-10000.0,home_win
401858441,Nebraska,Bowling Green,56,7,63,49,betonlineag,-31.5,home_cover,49.5,over,-10000.0,home_win
401858441,Nebraska,Bowling Green,56,7,63,49,betrivers,-30.5,home_cover,50.5,over,,home_win
401858441,Nebraska,Bowling Green,56,7,63,49,betus,-31.0,home_cover,49.0,over,,home_win
401858441,Nebraska,Bowling Green,56,7,63,49,bovada,-30.5,home_cover,49.5,over,-10000.0,home_win
401858441,Nebraska,Bowling Green,56,7,63,49,draftkings,-30.5,home_cover,49.5,over,-6500.0,home_win
401858441,Nebraska,Bowling Green,56,7,63,49,fanduel,-30.5,home_cover,50.5,over,-20000.0,home_win
401858441,Nebraska,Bowling Green,56,7,63,49,lowvig,-31.0,home_cover,49.5,over,-10000.0,home_win
401858441,Nebraska,Bowling Green,56,7,63,49,mybookieag,-30.5,home_cover,49.5,over,-10000.0,home_win
401908434,Trinity (TX),McMurry,31,17,48,14,none,,,,,,
401856681,Georgia Tech,Tennessee,24,45,69,-21,Bovada,12.0,away_cover,55.5,over,390.0,away_win
401856681,Georgia Tech,Tennessee,24,45,69,-21,DraftKings,12.5,away_cover,55.5,over,380.0,away_win
401856681,Georgia Tech,Tennessee,24,45,69,-21,betmgm,12.0,away_cover,55.5,over,380.0,away_win
401856681,Georgia Tech,Tennessee,24,45,69,-21,betonlineag,12.5,away_cover,55.5,over,377.0,away_win
401856681,Georgia Tech,Tennessee,24,45,69,-21,betrivers,12.0,away_cover,55.5,over,390.0,away_win
401856681,Georgia Tech,Tennessee,24,45,69,-21,betus,12.5,away_cover,55.5,over,382.0,away_win
401856681,Georgia Tech,Tennessee,24,45,69,-21,bovada,12.0,away_cover,55.5,over,370.0,away_win
401856681,Georgia Tech,Tennessee,24,45,69,-21,draftkings,12.5,away_cover,55.5,over,380.0,away_win
401856681,Georgia Tech,Tennessee,24,45,69,-21,fanduel,11.5,away_cover,55.5,over,375.0,away_win
401856681,Georgia Tech,Tennessee,24,45,69,-21,lowvig,12.0,away_cover,55.5,over,377.0,away_win
401856681,Georgia Tech,Tennessee,24,45,69,-21,mybookieag,12.0,away_cover,55.5,over,360.0,away_win
401868241,Arkansas State,West Georgia,52,7,59,45,Bovada,-31.5,home_cover,56.0,over,,home_win
401868241,Arkansas State,West Georgia,52,7,59,45,DraftKings,-31.5,home_cover,56.5,over,-10000.0,home_win
401868241,Arkansas State,West Georgia,52,7,59,45,betmgm,-32.0,home_cover,56.5,over,,home_win
401868241,Arkansas State,West Georgia,52,7,59,45,betonlineag,-32.5,home_cover,56.0,over,,home_win
401868241,Arkansas State,West Georgia,52,7,59,45,betrivers,-31.5,home_cover,57.0,over,,home_win
401868241,Arkansas State,West Georgia,52,7,59,45,bovada,-31.5,home_cover,56.5,over,,home_win
401868241,Arkansas State,West Georgia,52,7,59,45,draftkings,-31.5,home_cover,56.5,over,-10000.0,home_win
401868241,Arkansas State,West Georgia,52,7,59,45,fanduel,-31.5,home_cover,56.5,over,-20000.0,home_win
401868241,Arkansas State,West Georgia,52,7,59,45,lowvig,-32.5,home_cover,56.0,over,,home_win
401868241,Arkansas State,West Georgia,52,7,59,45,mybookieag,,,56.5,over,,home_win
401860882,Colorado State,Southern Utah,58,24,82,34,Bovada,-20.5,home_cover,57.0,over,-1400.0,home_win
401860882,Colorado State,Southern Utah,58,24,82,34,DraftKings,-19.5,home_cover,57.5,over,-1350.0,home_win
401860882,Colorado State,Southern Utah,58,24,82,34,betmgm,-20.0,home_cover,57.5,over,-1400.0,home_win
401860882,Colorado State,Southern Utah,58,24,82,34,betonlineag,-20.0,home_cover,57.5,over,,home_win
401860882,Colorado State,Southern Utah,58,24,82,34,betrivers,-20.5,home_cover,56.5,over,-3335.0,home_win
401860882,Colorado State,Southern Utah,58,24,82,34,bovada,-20.5,home_cover,57.0,over,-1500.0,home_win
401860882,Colorado State,Southern Utah,58,24,82,34,draftkings,-19.5,home_cover,57.5,over,-1350.0,home_win
401860882,Colorado State,Southern Utah,58,24,82,34,fanduel,-20.5,home_cover,57.5,over,-1700.0,home_win
401860882,Colorado State,Southern Utah,58,24,82,34,lowvig,-20.0,home_cover,57.5,over,,home_win
401860882,Colorado State,Southern Utah,58,24,82,34,mybookieag,-20.5,home_cover,57.5,over,-1205.0,home_win
401862707,Sam Houston,Tulsa,17,23,40,-6,Bovada,11.5,home_cover,52.0,under,425.0,away_win
401862707,Sam Houston,Tulsa,17,23,40,-6,DraftKings,12.5,home_cover,51.5,under,380.0,away_win
401862707,Sam Houston,Tulsa,17,23,40,-6,betmgm,12.0,home_cover,51.5,under,380.0,away_win
401862707,Sam Houston,Tulsa,17,23,40,-6,betonlineag,13.0,home_cover,52.0,under,393.0,away_win
401862707,Sam Houston,Tulsa,17,23,40,-6,betrivers,11.5,home_cover,51.0,under,350.0,away_win
401862707,Sam Houston,Tulsa,17,23,40,-6,betus,12.5,home_cover,52.0,under,400.0,away_win
401862707,Sam Houston,Tulsa,17,23,40,-6,bovada,12.0,home_cover,52.0,under,375.0,away_win
401862707,Sam Houston,Tulsa,17,23,40,-6,draftkings,12.5,home_cover,51.5,under,380.0,away_win
401862707,Sam Houston,Tulsa,17,23,40,-6,fanduel,12.5,home_cover,51.5,under,420.0,away_win
401862707,Sam Houston,Tulsa,17,23,40,-6,lowvig,13.0,home_cover,52.0,under,393.0,away_win
401862707,Sam Houston,Tulsa,17,23,40,-6,mybookieag,12.5,home_cover,51.5,under,390.0,away_win
401867856,Eastern Illinois,Indiana State,35,42,77,-7,DraftKings,3.0,away_cover,49.5,over,124.0,away_win
401871046,Missouri State,Lindenwood,48,14,62,34,Bovada,-17.0,home_cover,52.5,over,-850.0,home_win
401871046,Missouri State,Lindenwood,48,14,62,34,DraftKings,-16.5,home_cover,52.5,over,-900.0,home_win
401871046,Missouri State,Lindenwood,48,14,62,34,betmgm,-16.5,home_cover,53.5,over,-900.0,home_win
401871046,Missouri State,Lindenwood,48,14,62,34,betonlineag,-16.5,home_cover,53.5,over,,home_win
401871046,Missouri State,Lindenwood,48,14,62,34,betrivers,-16.0,home_cover,53.5,over,-1250.0,home_win
401871046,Missouri State,Lindenwood,48,14,62,34,bovada,-17.0,home_cover,52.5,over,-850.0,home_win
401871046,Missouri State,Lindenwood,48,14,62,34,draftkings,-16.5,home_cover,53.5,over,-850.0,home_win
401871046,Missouri State,Lindenwood,48,14,62,34,fanduel,-16.5,home_cover,53.5,over,-1000.0,home_win
401871046,Missouri State,Lindenwood,48,14,62,34,mybookieag,-17.0,home_cover,53.5,over,-901.0,home_win
401869130,East Texas A&M,Northwestern State,38,14,52,24,DraftKings,-20.5,home_cover,53.5,under,-1320.0,home_win
401867890,Southern Illinois,Southeast Missouri State,34,20,54,14,DraftKings,-7.5,home_cover,53.5,over,-355.0,home_win
401868195,Alabama A&M,Tennessee State,30,3,33,27,DraftKings,3.5,home_cover,49.5,under,118.0,home_win
401856680,South Carolina,Towson,45,9,54,36,Bovada,-44.5,away_cover,57.0,under,,home_win
401856680,South Carolina,Towson,45,9,54,36,DraftKings,-44.5,away_cover,57.5,under,,home_win
401856680,South Carolina,Towson,45,9,54,36,betmgm,-44.5,away_cover,57.5,under,,home_win
401856680,South Carolina,Towson,45,9,54,36,betonlineag,-44.5,away_cover,57.0,under,,home_win
401856680,South Carolina,Towson,45,9,54,36,betrivers,-44.0,away_cover,57.0,under,,home_win
401856680,South Carolina,Towson,45,9,54,36,bovada,-44.5,away_cover,57.0,under,,home_win
401856680,South Carolina,Towson,45,9,54,36,draftkings,-44.5,away_cover,57.5,under,,home_win
401856680,South Carolina,Towson,45,9,54,36,fanduel,-43.5,away_cover,57.5,under,,home_win
401856680,South Carolina,Towson,45,9,54,36,lowvig,-44.5,away_cover,57.0,under,,home_win
401867867,Murray State,Valparaiso,27,18,45,9,DraftKings,-14.5,away_cover,48.5,under,-720.0,home_win
401868386,Tennessee Tech,Samford,45,19,64,26,DraftKings,-26.5,away_cover,48.5,over,-5900.0,home_win
401907427,Newberry,Lenoir Rhyne,14,21,35,-7,none,,,,,,
401908387,Centenary (LA),Millsaps,0,57,57,-57,none,,,,,,
401856786,Cincinnati,Western Carolina,62,10,72,52,Bovada,-36.5,home_cover,61.5,over,,home_win
401856786,Cincinnati,Western Carolina,62,10,72,52,DraftKings,-35.5,home_cover,61.5,over,,home_win
401856786,Cincinnati,Western Carolina,62,10,72,52,betmgm,-36.0,home_cover,61.5,over,-50000.0,home_win
401856786,Cincinnati,Western Carolina,62,10,72,52,betonlineag,-36.0,home_cover,61.5,over,,home_win
401856786,Cincinnati,Western Carolina,62,10,72,52,betrivers,-37.0,home_cover,61.0,over,,home_win
401856786,Cincinnati,Western Carolina,62,10,72,52,bovada,-36.5,home_cover,61.5,over,,home_win
401856786,Cincinnati,Western Carolina,62,10,72,52,draftkings,-36.5,home_cover,61.5,over,,home_win
401856786,Cincinnati,Western Carolina,62,10,72,52,fanduel,-35.5,home_cover,61.5,over,-10000.0,home_win
401856786,Cincinnati,Western Carolina,62,10,72,52,lowvig,-36.0,home_cover,61.5,over,,home_win
401908095,Guilford,Methodist,20,17,37,3,none,,,,,,
401908251,Simpson (IA),Crown,52,0,52,52,none,,,,,,
401907205,Lincoln (MO),Langston,14,19,33,-5,none,,,,,,
401858447,Wisconsin,Western Illinois,36,9,45,27,Bovada,-43.0,away_cover,52.0,under,,home_win
401858447,Wisconsin,Western Illinois,36,9,45,27,DraftKings,-42.5,away_cover,51.5,under,,home_win
401858447,Wisconsin,Western Illinois,36,9,45,27,betmgm,-42.5,away_cover,51.5,under,,home_win
401858447,Wisconsin,Western Illinois,36,9,45,27,betonlineag,-42.5,away_cover,52.0,under,,home_win
401858447,Wisconsin,Western Illinois,36,9,45,27,betrivers,-42.5,away_cover,52.0,under,,home_win
401858447,Wisconsin,Western Illinois,36,9,45,27,bovada,-43.0,away_cover,52.5,under,,home_win
401858447,Wisconsin,Western Illinois,36,9,45,27,draftkings,-42.5,away_cover,51.5,under,,home_win
401858447,Wisconsin,Western Illinois,36,9,45,27,fanduel,-42.5,away_cover,51.5,under,,home_win
401858447,Wisconsin,Western Illinois,36,9,45,27,lowvig,-42.5,away_cover,52.0,under,,home_win
401858443,UCLA,San Diego State,28,10,38,18,Bovada,-13.5,home_cover,54.0,under,-490.0,home_win
401858443,UCLA,San Diego State,28,10,38,18,DraftKings,-13.5,home_cover,54.5,under,-535.0,home_win
401858443,UCLA,San Diego State,28,10,38,18,betmgm,-13.5,home_cover,53.5,under,-550.0,home_win
401858443,UCLA,San Diego State,28,10,38,18,betonlineag,-13.5,home_cover,54.5,under,-550.0,home_win
401858443,UCLA,San Diego State,28,10,38,18,betrivers,-13.5,home_cover,54.5,under,-715.0,home_win
401858443,UCLA,San Diego State,28,10,38,18,betus,-13.5,home_cover,54.5,under,-550.0,home_win
401858443,UCLA,San Diego State,28,10,38,18,bovada,-13.5,home_cover,54.0,under,-575.0,home_win
401858443,UCLA,San Diego State,28,10,38,18,draftkings,-13.5,home_cover,53.5,under,-535.0,home_win
401858443,UCLA,San Diego State,28,10,38,18,fanduel,-13.5,home_cover,54.5,under,-610.0,home_win
401858443,UCLA,San Diego State,28,10,38,18,lowvig,-13.5,home_cover,54.5,under,-550.0,home_win
401858443,UCLA,San Diego State,28,10,38,18,mybookieag,-14.0,home_cover,54.0,under,-575.0,home_win
401858219,Clemson,Georgia Southern,22,7,29,15,Bovada,-19.5,away_cover,55.0,under,-1800.0,home_win
401858219,Clemson,Georgia Southern,22,7,29,15,DraftKings,-19.5,away_cover,54.5,under,-1200.0,home_win
401858219,Clemson,Georgia Southern,22,7,29,15,betmgm,-19.5,away_cover,54.5,under,-1200.0,home_win
401858219,Clemson,Georgia Southern,22,7,29,15,betonlineag,-19.5,away_cover,55.5,under,-1350.0,home_win
401858219,Clemson,Georgia Southern,22,7,29,15,betrivers,-20.5,away_cover,55.0,under,-1667.0,home_win
401858219,Clemson,Georgia Southern,22,7,29,15,betus,-19.5,away_cover,55.0,under,-1400.0,home_win
401858219,Clemson,Georgia Southern,22,7,29,15,bovada,-19.5,away_cover,55.0,under,-1400.0,home_win
401858219,Clemson,Georgia Southern,22,7,29,15,draftkings,-19.5,away_cover,54.5,under,-1200.0,home_win
401858219,Clemson,Georgia Southern,22,7,29,15,fanduel,-19.5,away_cover,54.5,under,-1400.0,home_win
401858219,Clemson,Georgia Southern,22,7,29,15,lowvig,-19.5,away_cover,55.5,under,-1350.0,home_win
401858219,Clemson,Georgia Southern,22,7,29,15,mybookieag,-20.0,away_cover,55.0,under,-1442.0,home_win
401856788,Iowa,Iowa State,16,13,29,3,Bovada,-14.0,away_cover,42.5,under,-650.0,home_win
401856788,Iowa,Iowa State,16,13,29,3,DraftKings,-14.0,away_cover,42.5,under,-650.0,home_win
401856788,Iowa,Iowa State,16,13,29,3,betmgm,-14.0,away_cover,42.5,under,-600.0,home_win
401856788,Iowa,Iowa State,16,13,29,3,betonlineag,-14.0,away_cover,42.5,under,-600.0,home_win
401856788,Iowa,Iowa State,16,13,29,3,betrivers,-14.5,away_cover,42.0,under,-715.0,home_win
401856788,Iowa,Iowa State,16,13,29,3,betus,-14.0,away_cover,42.5,under,-600.0,home_win
401856788,Iowa,Iowa State,16,13,29,3,bovada,-14.0,away_cover,42.5,under,-600.0,home_win
401856788,Iowa,Iowa State,16,13,29,3,draftkings,-14.0,away_cover,42.5,under,-600.0,home_win
401856788,Iowa,Iowa State,16,13,29,3,fanduel,-14.5,away_cover,42.5,under,-650.0,home_win
401856788,Iowa,Iowa State,16,13,29,3,lowvig,-14.0,away_cover,42.5,under,-600.0,home_win
401856788,Iowa,Iowa State,16,13,29,3,mybookieag,-14.0,away_cover,42.5,under,-752.0,home_win
401856783,Oregon State,Texas Tech,24,35,59,-11,Bovada,25.0,home_cover,52.5,over,1300.0,away_win
401856783,Oregon State,Texas Tech,24,35,59,-11,DraftKings,25.5,home_cover,52.5,over,1500.0,away_win
401856783,Oregon State,Texas Tech,24,35,59,-11,betmgm,25.5,home_cover,52.5,over,1500.0,away_win
401856783,Oregon State,Texas Tech,24,35,59,-11,betonlineag,25.5,home_cover,52.0,over,1256.0,away_win
401856783,Oregon State,Texas Tech,24,35,59,-11,betrivers,26.0,home_cover,52.5,over,1700.0,away_win
401856783,Oregon State,Texas Tech,24,35,59,-11,betus,25.5,home_cover,52.0,over,1300.0,away_win
401856783,Oregon State,Texas Tech,24,35,59,-11,bovada,25.0,home_cover,52.5,over,1100.0,away_win
401856783,Oregon State,Texas Tech,24,35,59,-11,draftkings,25.5,home_cover,52.5,over,1500.0,away_win
401856783,Oregon State,Texas Tech,24,35,59,-11,fanduel,26.5,home_cover,52.5,over,1600.0,away_win
401856783,Oregon State,Texas Tech,24,35,59,-11,lowvig,25.5,home_cover,52.0,over,1256.0,away_win
401856783,Oregon State,Texas Tech,24,35,59,-11,mybookieag,25.5,home_cover,52.0,over,1075.0,away_win
401856682,Texas,Ohio State,24,23,47,1,Bovada,-2.5,away_cover,51.0,under,-110.0,home_win
401856682,Texas,Ohio State,24,23,47,1,DraftKings,-1.5,away_cover,50.5,under,-125.0,home_win
401856682,Texas,Ohio State,24,23,47,1,betmgm,-2.0,away_cover,50.5,under,-125.0,home_win
401856682,Texas,Ohio State,24,23,47,1,betonlineag,-1.5,away_cover,51.0,under,-129.0,home_win
401856682,Texas,Ohio State,24,23,47,1,betrivers,-1.5,away_cover,50.5,under,-130.0,home_win
401856682,Texas,Ohio State,24,23,47,1,betus,-1.5,away_cover,50.5,under,-130.0,home_win
401856682,Texas,Ohio State,24,23,47,1,bovada,-2.5,away_cover,51.0,under,-130.0,home_win
401856682,Texas,Ohio State,24,23,47,1,draftkings,-1.5,away_cover,50.5,under,-125.0,home_win
401856682,Texas,Ohio State,24,23,47,1,fanduel,-1.5,away_cover,50.5,under,-120.0,home_win
401856682,Texas,Ohio State,24,23,47,1,lowvig,-1.5,away_cover,51.0,under,-129.0,home_win
401856682,Texas,Ohio State,24,23,47,1,mybookieag,-2.0,away_cover,50.5,under,-128.0,home_win
401867796,LSU,Louisiana Tech,45,14,59,31,Bovada,-35.0,away_cover,55.0,over,,home_win
401867796,LSU,Louisiana Tech,45,14,59,31,DraftKings,-34.5,away_cover,55.5,over,-20000.0,home_win
401867796,LSU,Louisiana Tech,45,14,59,31,betmgm,-34.5,away_cover,55.5,over,-15000.0,home_win
401867796,LSU,Louisiana Tech,45,14,59,31,betonlineag,-35.0,away_cover,55.0,over,,home_win
401867796,LSU,Louisiana Tech,45,14,59,31,betrivers,-35.5,away_cover,55.5,over,,home_win
401867796,LSU,Louisiana Tech,45,14,59,31,betus,-35.0,away_cover,55.0,over,,home_win
401867796,LSU,Louisiana Tech,45,14,59,31,bovada,-35.0,away_cover,55.0,over,,home_win
401867796,LSU,Louisiana Tech,45,14,59,31,draftkings,-34.5,away_cover,55.5,over,-20000.0,home_win
401867796,LSU,Louisiana Tech,45,14,59,31,fanduel,-35.5,away_cover,55.5,over,-20000.0,home_win
401867796,LSU,Louisiana Tech,45,14,59,31,lowvig,-35.0,away_cover,55.0,over,,home_win
401867796,LSU,Louisiana Tech,45,14,59,31,mybookieag,-35.0,away_cover,55.0,over,,home_win
401868008,Coastal Carolina,Fordham,45,7,52,38,Bovada,-37.5,home_cover,54.0,under,,home_win
401868008,Coastal Carolina,Fordham,45,7,52,38,DraftKings,-36.5,home_cover,53.5,under,-100000.0,home_win
401868008,Coastal Carolina,Fordham,45,7,52,38,betmgm,-35.5,home_cover,53.5,under,-100000.0,home_win
401868008,Coastal Carolina,Fordham,45,7,52,38,betonlineag,-36.0,home_cover,54.0,under,,home_win
401868008,Coastal Carolina,Fordham,45,7,52,38,betrivers,-36.0,home_cover,54.5,under,,home_win
401868008,Coastal Carolina,Fordham,45,7,52,38,bovada,-37.5,home_cover,54.0,under,,home_win
401868008,Coastal Carolina,Fordham,45,7,52,38,draftkings,-36.5,home_cover,53.5,under,,home_win
401868008,Coastal Carolina,Fordham,45,7,52,38,fanduel,-35.5,home_cover,53.5,under,-10000.0,home_win
401868008,Coastal Carolina,Fordham,45,7,52,38,lowvig,-36.0,home_cover,54.0,under,,home_win
401862703,Florida Atlantic,Navy,38,30,68,8,Bovada,4.0,home_cover,59.5,over,185.0,home_win
401862703,Florida Atlantic,Navy,38,30,68,8,DraftKings,4.0,home_cover,59.5,over,164.0,home_win
401862703,Florida Atlantic,Navy,38,30,68,8,betmgm,4.5,home_cover,59.5,over,160.0,home_win
401862703,Florida Atlantic,Navy,38,30,68,8,betonlineag,4.0,home_cover,59.5,over,165.0,home_win
401862703,Florida Atlantic,Navy,38,30,68,8,betrivers,4.5,home_cover,59.0,over,150.0,home_win
401862703,Florida Atlantic,Navy,38,30,68,8,betus,4.0,home_cover,59.5,over,163.0,home_win
401862703,Florida Atlantic,Navy,38,30,68,8,bovada,4.0,home_cover,59.5,over,160.0,home_win
401862703,Florida Atlantic,Navy,38,30,68,8,draftkings,4.0,home_cover,59.5,over,164.0,home_win
401862703,Florida Atlantic,Navy,38,30,68,8,fanduel,4.5,home_cover,59.5,over,160.0,home_win
401862703,Florida Atlantic,Navy,38,30,68,8,lowvig,4.0,home_cover,59.5,over,165.0,home_win
401862703,Florida Atlantic,Navy,38,30,68,8,mybookieag,4.5,home_cover,59.5,over,163.0,home_win
401856671,Auburn,Southern Miss,43,8,51,35,Bovada,-33.0,home_cover,56.5,under,,home_win
401856671,Auburn,Southern Miss,43,8,51,35,DraftKings,-32.5,home_cover,56.5,under,-10000.0,home_win
401856671,Auburn,Southern Miss,43,8,51,35,betmgm,-32.5,home_cover,56.5,under,-10000.0,home_win
401856671,Auburn,Southern Miss,43,8,51,35,betonlineag,-33.0,home_cover,56.0,under,,home_win
401856671,Auburn,Southern Miss,43,8,51,35,betrivers,-33.5,home_cover,57.0,under,,home_win
401856671,Auburn,Southern Miss,43,8,51,35,betus,-33.0,home_cover,56.5,under,,home_win
401856671,Auburn,Southern Miss,43,8,51,35,bovada,-33.0,home_cover,56.5,under,,home_win
401856671,Auburn,Southern Miss,43,8,51,35,draftkings,-32.5,home_cover,56.5,under,-10000.0,home_win
401856671,Auburn,Southern Miss,43,8,51,35,fanduel,-32.5,home_cover,56.5,under,-10000.0,home_win
401856671,Auburn,Southern Miss,43,8,51,35,lowvig,-33.0,home_cover,56.0,under,,home_win
401856671,Auburn,Southern Miss,43,8,51,35,mybookieag,-33.0,home_cover,56.0,under,-44275.0,home_win
401856676,Ole Miss,Charlotte,41,9,50,32,Bovada,-44.5,away_cover,59.5,under,,home_win
401856676,Ole Miss,Charlotte,41,9,50,32,DraftKings,-45.5,away_cover,59.5,under,,home_win
401856676,Ole Miss,Charlotte,41,9,50,32,betmgm,-45.5,away_cover,60.5,under,,home_win
401856676,Ole Miss,Charlotte,41,9,50,32,betonlineag,-45.0,away_cover,59.0,under,,home_win
401856676,Ole Miss,Charlotte,41,9,50,32,betrivers,-45.5,away_cover,59.5,under,,home_win
401856676,Ole Miss,Charlotte,41,9,50,32,betus,-45.0,away_cover,59.0,under,,home_win
401856676,Ole Miss,Charlotte,41,9,50,32,bovada,-44.5,away_cover,59.5,under,,home_win
401856676,Ole Miss,Charlotte,41,9,50,32,draftkings,-45.5,away_cover,59.5,under,,home_win
401856676,Ole Miss,Charlotte,41,9,50,32,fanduel,-45.5,away_cover,59.5,under,,home_win
401856789,TCU,Grambling,63,7,70,56,Bovada,-44.5,home_cover,56.0,over,,home_win
401856789,TCU,Grambling,63,7,70,56,DraftKings,-44.5,home_cover,55.5,over,,home_win
401856789,TCU,Grambling,63,7,70,56,betmgm,-43.5,home_cover,55.5,over,,home_win
401856789,TCU,Grambling,63,7,70,56,betonlineag,-44.0,home_cover,55.5,over,,home_win
401856789,TCU,Grambling,63,7,70,56,betrivers,-44.5,home_cover,55.5,over,,home_win
401856789,TCU,Grambling,63,7,70,56,bovada,-44.5,home_cover,56.5,over,,home_win
401856789,TCU,Grambling,63,7,70,56,draftkings,-44.5,home_cover,55.5,over,,home_win
401856789,TCU,Grambling,63,7,70,56,fanduel,-44.5,home_cover,55.5,over,,home_win
401856789,TCU,Grambling,63,7,70,56,lowvig,-44.0,home_cover,55.5,over,,home_win
401907122,Western Colorado,Chadron State,30,9,39,21,none,,,,,,
401908817,Concordia (MN),St. Olaf,51,0,51,51,none,,,,,,
401906606,Central Missouri,Delta State,59,10,69,49,none,,,,,,
401868050,Abilene Christian,Stephen F. Austin,7,26,33,-19,DraftKings,3.0,away_cover,50.5,under,128.0,away_win
401908468,Whittier,Cetys University,56,20,76,36,none,,,,,,
401907152,Fort Lewis,New Mexico Highlands,31,28,59,3,none,,,,,,
401856784,Baylor,Prairie View A&M,44,3,47,41,Bovada,-37.5,home_cover,55.5,under,,home_win
401856784,Baylor,Prairie View A&M,44,3,47,41,DraftKings,-37.5,home_cover,55.5,under,,home_win
401856784,Baylor,Prairie View A&M,44,3,47,41,betmgm,-37.0,home_cover,55.5,under,-100000.0,home_win
401856784,Baylor,Prairie View A&M,44,3,47,41,betonlineag,-37.0,home_cover,55.5,under,,home_win
401856784,Baylor,Prairie View A&M,44,3,47,41,betrivers,-37.5,home_cover,55.0,under,,home_win
401856784,Baylor,Prairie View A&M,44,3,47,41,bovada,-37.5,home_cover,55.5,under,,home_win
401856784,Baylor,Prairie View A&M,44,3,47,41,draftkings,-37.5,home_cover,55.5,under,,home_win
401856784,Baylor,Prairie View A&M,44,3,47,41,fanduel,-37.5,home_cover,55.5,under,,home_win
401856784,Baylor,Prairie View A&M,44,3,47,41,lowvig,-37.0,home_cover,55.5,under,,home_win
401864504,San José State,Cal Poly,30,20,50,10,Bovada,-21.0,away_cover,58.0,under,-1500.0,home_win
401864504,San José State,Cal Poly,30,20,50,10,DraftKings,-21.5,away_cover,58.5,under,-1800.0,home_win
401864504,San José State,Cal Poly,30,20,50,10,betmgm,-21.5,away_cover,58.5,under,-1600.0,home_win
401864504,San José State,Cal Poly,30,20,50,10,betonlineag,-21.5,away_cover,59.0,under,,home_win
401864504,San José State,Cal Poly,30,20,50,10,betrivers,-21.5,away_cover,58.0,under,-10000.0,home_win
401864504,San José State,Cal Poly,30,20,50,10,bovada,-21.0,away_cover,58.0,under,-1600.0,home_win
401864504,San José State,Cal Poly,30,20,50,10,draftkings,-21.5,away_cover,58.5,under,-1800.0,home_win
401864504,San José State,Cal Poly,30,20,50,10,fanduel,-21.5,away_cover,58.5,under,-2800.0,home_win
401864504,San José State,Cal Poly,30,20,50,10,lowvig,-21.5,away_cover,59.0,under,,home_win
401864504,San José State,Cal Poly,30,20,50,10,mybookieag,-21.5,away_cover,58.0,under,,home_win
401864505,UTEP,Texas Southern,51,10,61,41,Bovada,-27.0,home_cover,53.5,over,-4000.0,home_win
401864505,UTEP,Texas Southern,51,10,61,41,DraftKings,-27.5,home_cover,53.5,over,-4500.0,home_win
401864505,UTEP,Texas Southern,51,10,61,41,betmgm,-27.0,home_cover,52.5,over,-3000.0,home_win
401864505,UTEP,Texas Southern,51,10,61,41,betonlineag,-27.0,home_cover,52.5,over,,home_win
401864505,UTEP,Texas Southern,51,10,61,41,betrivers,-26.5,home_cover,52.5,over,,home_win
401864505,UTEP,Texas Southern,51,10,61,41,bovada,-27.0,home_cover,53.5,over,-5000.0,home_win
401864505,UTEP,Texas Southern,51,10,61,41,draftkings,-27.5,home_cover,53.5,over,-4500.0,home_win
401864505,UTEP,Texas Southern,51,10,61,41,fanduel,-25.5,home_cover,53.5,over,-7000.0,home_win
401864505,UTEP,Texas Southern,51,10,61,41,lowvig,-27.0,home_cover,52.5,over,,home_win
401907009,Central Washington,Ferris State,14,28,42,-14,none,,,,,,
401908422,Pacific (OR),Willamette,3,6,9,-3,none,,,,,,
401864502,Air Force,North Dakota State,32,38,70,-6,Bovada,2.0,away_cover,47.5,over,140.0,away_win
401864502,Air Force,North Dakota State,32,38,70,-6,DraftKings,1.5,away_cover,47.5,over,105.0,away_win
401864502,Air Force,North Dakota State,32,38,70,-6,betmgm,2.0,away_cover,47.5,over,105.0,away_win
401864502,Air Force,North Dakota State,32,38,70,-6,betonlineag,2.0,away_cover,47.5,over,108.0,away_win
401864502,Air Force,North Dakota State,32,38,70,-6,betrivers,1.5,away_cover,47.5,over,102.0,away_win
401864502,Air Force,North Dakota State,32,38,70,-6,betus,2.0,away_cover,47.5,over,110.0,away_win
401864502,Air Force,North Dakota State,32,38,70,-6,bovada,2.0,away_cover,47.5,over,100.0,away_win
401864502,Air Force,North Dakota State,32,38,70,-6,draftkings,1.5,away_cover,47.5,over,105.0,away_win
401864502,Air Force,North Dakota State,32,38,70,-6,fanduel,2.5,away_cover,47.5,over,-102.0,away_win
401864502,Air Force,North Dakota State,32,38,70,-6,lowvig,2.0,away_cover,47.5,over,108.0,away_win
401864502,Air Force,North Dakota State,32,38,70,-6,mybookieag,1.5,away_cover,47.5,over,103.0,away_win
401867876,Portland State,North Dakota,23,47,70,-24,DraftKings,25.5,home_cover,60.5,over,1240.0,away_win
401856670,Utah,Arkansas,43,10,53,33,Bovada,-12.5,home_cover,55.5,under,-525.0,home_win
401856670,Utah,Arkansas,43,10,53,33,DraftKings,-12.5,home_cover,55.5,under,-500.0,home_win
401856670,Utah,Arkansas,43,10,53,33,betmgm,-12.0,home_cover,55.5,under,-500.0,home_win
401856670,Utah,Arkansas,43,10,53,33,betonlineag,-12.0,home_cover,55.5,under,-470.0,home_win
401856670,Utah,Arkansas,43,10,53,33,betrivers,-12.5,home_cover,55.5,under,-590.0,home_win
401856670,Utah,Arkansas,43,10,53,33,betus,-12.0,home_cover,55.5,under,-470.0,home_win
401856670,Utah,Arkansas,43,10,53,33,bovada,-12.5,home_cover,55.5,under,-525.0,home_win
401856670,Utah,Arkansas,43,10,53,33,draftkings,-12.5,home_cover,55.5,under,-500.0,home_win
401856670,Utah,Arkansas,43,10,53,33,fanduel,-12.5,home_cover,55.5,under,-500.0,home_win
401856670,Utah,Arkansas,43,10,53,33,mybookieag,-12.5,home_cover,55.5,under,-526.0,home_win
401860883,Fresno State,Sacramento State,49,3,52,46,Bovada,-17.5,home_cover,44.5,over,-1100.0,home_win
401860883,Fresno State,Sacramento State,49,3,52,46,DraftKings,-17.5,home_cover,44.5,over,-900.0,home_win
401860883,Fresno State,Sacramento State,49,3,52,46,betmgm,-17.5,home_cover,44.5,over,-1000.0,home_win
401860883,Fresno State,Sacramento State,49,3,52,46,betonlineag,-17.5,home_cover,44.5,over,-1100.0,home_win
401860883,Fresno State,Sacramento State,49,3,52,46,betrivers,-18.0,home_cover,44.5,over,-1250.0,home_win
401860883,Fresno State,Sacramento State,49,3,52,46,betus,-17.5,home_cover,44.5,over,-1100.0,home_win
401860883,Fresno State,Sacramento State,49,3,52,46,bovada,-17.5,home_cover,44.5,over,-1000.0,home_win
401860883,Fresno State,Sacramento State,49,3,52,46,draftkings,-17.5,home_cover,44.5,over,-900.0,home_win
401860883,Fresno State,Sacramento State,49,3,52,46,fanduel,-17.5,home_cover,44.5,over,-1050.0,home_win
401860883,Fresno State,Sacramento State,49,3,52,46,lowvig,-17.5,home_cover,44.5,over,-1100.0,home_win
401860883,Fresno State,Sacramento State,49,3,52,46,mybookieag,-18.0,home_cover,44.5,over,-1205.0,home_win
401864500,Nevada,Montana State,7,20,27,-13,Bovada,4.0,away_cover,51.5,under,155.0,away_win
401864500,Nevada,Montana State,7,20,27,-13,DraftKings,4.0,away_cover,51.5,under,154.0,away_win
401864500,Nevada,Montana State,7,20,27,-13,betmgm,4.0,away_cover,51.5,under,155.0,away_win
401864500,Nevada,Montana State,7,20,27,-13,betonlineag,4.5,away_cover,51.5,under,,away_win
401864500,Nevada,Montana State,7,20,27,-13,betrivers,4.5,away_cover,51.0,under,160.0,away_win
401864500,Nevada,Montana State,7,20,27,-13,bovada,4.0,away_cover,51.5,under,165.0,away_win
401864500,Nevada,Montana State,7,20,27,-13,draftkings,4.0,away_cover,51.5,under,154.0,away_win
401864500,Nevada,Montana State,7,20,27,-13,fanduel,3.5,away_cover,51.5,under,158.0,away_win
401864500,Nevada,Montana State,7,20,27,-13,lowvig,4.5,away_cover,51.5,under,,away_win
401864500,Nevada,Montana State,7,20,27,-13,mybookieag,4.5,away_cover,51.5,under,160.0,away_win
401858445,USC,Louisiana,49,30,79,19,Bovada,-31.0,away_cover,59.0,over,-10000.0,home_win
401858445,USC,Louisiana,49,30,79,19,DraftKings,-30.5,away_cover,58.5,over,-5000.0,home_win
401858445,USC,Louisiana,49,30,79,19,betmgm,-30.5,away_cover,59.5,over,-10000.0,home_win
401858445,USC,Louisiana,49,30,79,19,betonlineag,-31.0,away_cover,59.0,over,-10000.0,home_win
401858445,USC,Louisiana,49,30,79,19,betrivers,-31.0,away_cover,59.0,over,,home_win
401858445,USC,Louisiana,49,30,79,19,betus,-31.0,away_cover,58.5,over,,home_win
401858445,USC,Louisiana,49,30,79,19,bovada,-31.0,away_cover,59.0,over,-10000.0,home_win
401858445,USC,Louisiana,49,30,79,19,draftkings,-30.5,away_cover,58.5,over,-5000.0,home_win
401858445,USC,Louisiana,49,30,79,19,fanduel,-30.5,away_cover,59.5,over,-10000.0,home_win
401858445,USC,Louisiana,49,30,79,19,lowvig,-31.0,away_cover,59.5,over,-10000.0,home_win
401858445,USC,Louisiana,49,30,79,19,mybookieag,-31.0,away_cover,59.0,over,-18149.0,home_win
401864578,Hawai'i,New Mexico State,29,19,48,10,Bovada,-7.5,home_cover,50.0,under,-410.0,home_win
401864578,Hawai'i,New Mexico State,29,19,48,10,DraftKings,-7.5,home_cover,50.5,under,-298.0,home_win
