snapshot_date,team,conference,games,off_plays,off_drives,off_ppa,off_success_rate,off_explosiveness,off_power_success,off_stuff_rate,off_line_yards,off_pace,def_plays,def_drives,def_ppa,def_success_rate,def_explosiveness,def_power_success,def_stuff_rate,def_line_yards,def_havoc_total
2026-08-29,North Carolina,ACC,2026,58,10,0.1071523441641766,0.4655172413793103,0.9192743541669988,0.0,0.1481481481481481,3.425925925925926,,72,10,-0.0458685004165221,0.3333333333333333,1.216164722081157,0.8,0.1944444444444444,2.4472222222222224,0.153
2026-08-29,TCU,Big 12,2026,72,10,-0.0458685004165221,0.3333333333333333,1.216164722081157,0.8,0.1944444444444444,2.4472222222222224,,58,10,0.1071523441641766,0.4655172413793103,0.9192743541669988,0.0,0.1481481481481481,3.425925925925926,0.155
2026-09-01,Eastern Michigan,Mid-American,2026,70,14,0.0553514992622974,0.4142857142857143,1.2595736989694382,0.75,0.2068965517241379,2.627586206896552,,64,13,-0.076724785747493,0.34375,1.032446670964897,0.6666666666666666,0.4375,0.6125,0.219
2026-09-01,Florida State,ACC,2026,67,10,0.2906623399155658,0.4477611940298507,1.3213901556467058,1.0,0.1578947368421052,3.442105263157895,,67,10,0.1626567161900515,0.3432835820895522,1.6364900147680257,1.0,0.1,2.965,0.164
2026-09-01,Hawai'i,Mountain West,2026,76,14,0.0489474439856068,0.3552631578947368,1.2645184587928842,1.0,0.0952380952380952,2.9761904761904763,,73,13,0.3263404896512631,0.4520547945205479,1.2060565569259865,0.8333333333333334,0.1351351351351351,3.027027027027027,0.082
2026-09-01,Jacksonville State,Conference USA,2026,55,11,-0.323923778153237,0.3090909090909091,0.9822393646403388,0.4,0.2142857142857142,2.289285714285714,,69,10,0.2185941394571993,0.4202898550724637,1.1052351273516188,1.0,0.0952380952380952,3.342857142857143,0.101
2026-09-01,Memphis,American Athletic,2026,59,12,0.2880707494141955,0.4745762711864407,1.08802993636074,1.0,0.0606060606060606,4.03030303030303,,81,13,0.09147047509478,0.3333333333333333,1.4614148789186645,1.0,0.1764705882352941,2.752941176470588,0.185
2026-09-01,NC State,ACC,2026,51,12,-0.1438403681738571,0.3137254901960784,0.533800638173952,1.0,0.1363636363636363,3.140909090909091,,71,12,0.2726220404086543,0.4788732394366197,1.0612371845133193,0.8333333333333334,0.1428571428571428,3.305357142857143,0.056
2026-09-01,New Mexico State,Conference USA,2026,67,10,0.1626567161900515,0.3432835820895522,1.6364900147680257,1.0,0.1,2.965,,67,10,0.2906623399155658,0.4477611940298507,1.3213901556467058,1.0,0.1578947368421052,3.442105263157895,0.09
2026-09-01,North Carolina,ACC,2026,58,10,0.1071523441641766,0.4655172413793103,0.9192743541669988,0.0,0.1481481481481481,3.425925925925926,,72,10,-0.0458685004165221,0.3333333333333333,1.216164722081157,0.8,0.1944444444444444,2.4472222222222224,0.153
2026-09-01,North Dakota State,Mountain West,2026,69,10,0.2185941394571993,0.4202898550724637,1.1052351273516188,1.0,0.0952380952380952,3.342857142857143,,55,11,-0.323923778153237,0.3090909090909091,0.9822393646403388,0.4,0.2142857142857142,2.289285714285714,0.182
2026-09-01,Sacramento State,Mid-American,2026,64,13,-0.076724785747493,0.34375,1.032446670964897,0.6666666666666666,0.4375,0.6125,,70,14,0.0553514992622974,0.4142857142857143,1.2595736989694382,0.75,0.2068965517241379,2.627586206896552,0.157
2026-09-01,San José State,Mountain West,2026,57,10,0.2163991968944515,0.4385964912280701,1.221946227557394,0.0,0.217391304347826,2.6956521739130435,,77,10,0.3906446780300172,0.6623376623376623,0.8805544125995661,0.9,0.1052631578947368,3.697368421052632,0.065
2026-09-01,Stanford,ACC,2026,73,13,0.3263404896512631,0.4520547945205479,1.2060565569259865,0.8333333333333334,0.1351351351351351,3.027027027027027,,76,14,0.0489474439856068,0.3552631578947368,1.2645184587928842,1.0,0.0952380952380952,2.9761904761904763,0.184
2026-09-01,TCU,Big 12,2026,72,10,-0.0458685004165221,0.3333333333333333,1.216164722081157,0.8,0.1944444444444444,2.4472222222222224,,58,10,0.1071523441641766,0.4655172413793103,0.9192743541669988,0.0,0.1481481481481481,3.425925925925926,0.155
2026-09-01,UNLV,Mountain West,2026,81,13,0.09147047509478,0.3333333333333333,1.4614148789186645,1.0,0.1764705882352941,2.752941176470588,,59,12,0.2880707494141955,0.4745762711864407,1.08802993636074,1.0,0.0606060606060606,4.03030303030303,0.119
2026-09-01,USC,Big Ten,2026,77,10,0.3906446780300172,0.6623376623376623,0.8805544125995661,0.9,0.1052631578947368,3.697368421052632,,57,10,0.2163991968944515,0.4385964912280701,1.221946227557394,0.0,0.217391304347826,2.6956521739130435,0.123
2026-09-01,Virginia,ACC,2026,71,12,0.2726220404086543,0.4788732394366197,1.0612371845133193,0.8333333333333334,0.1428571428571428,3.305357142857143,,51,12,-0.1438403681738571,0.3137254901960784,0.533800638173952,1.0,0.1363636363636363,3.140909090909091,0.255
2026-09-02,Eastern Michigan,Mid-American,2026,70,14,0.0553514992622974,0.4142857142857143,1.2595736989694382,0.75,0.2068965517241379,2.627586206896552,,64,13,-0.076724785747493,0.34375,1.032446670964897,0.6666666666666666,0.4375,0.6125,0.219
2026-09-02,Florida State,ACC,2026,67,10,0.2906623399155658,0.4477611940298507,1.3213901556467058,1.0,0.1578947368421052,3.442105263157895,,67,10,0.1626567161900515,0.3432835820895522,1.6364900147680257,1.0,0.1,2.965,0.164
2026-09-02,Hawai'i,Mountain West,2026,76,14,0.0489474439856068,0.3552631578947368,1.2645184587928842,1.0,0.0952380952380952,2.9761904761904763,,73,13,0.3263404896512631,0.4520547945205479,1.2060565569259865,0.8333333333333334,0.1351351351351351,3.027027027027027,0.082
2026-09-02,Jacksonville State,Conference USA,2026,55,11,-0.323923778153237,0.3090909090909091,0.9822393646403388,0.4,0.2142857142857142,2.289285714285714,,69,10,0.2185941394571993,0.4202898550724637,1.1052351273516188,1.0,0.0952380952380952,3.342857142857143,0.101
2026-09-02,Memphis,American Athletic,2026,59,12,0.2880707494141955,0.4745762711864407,1.08802993636074,1.0,0.0606060606060606,4.03030303030303,,81,13,0.09147047509478,0.3333333333333333,1.4614148789186645,1.0,0.1764705882352941,2.752941176470588,0.185
2026-09-02,NC State,ACC,2026,51,12,-0.1438403681738571,0.3137254901960784,0.533800638173952,1.0,0.1363636363636363,3.140909090909091,,71,12,0.2726220404086543,0.4788732394366197,1.0612371845133193,0.8333333333333334,0.1428571428571428,3.305357142857143,0.056
2026-09-02,New Mexico State,Conference USA,2026,67,10,0.1626567161900515,0.3432835820895522,1.6364900147680257,1.0,0.1,2.965,,67,10,0.2906623399155658,0.4477611940298507,1.3213901556467058,1.0,0.1578947368421052,3.442105263157895,0.09
2026-09-02,North Carolina,ACC,2026,58,10,0.1071523441641766,0.4655172413793103,0.9192743541669988,0.0,0.1481481481481481,3.425925925925926,,72,10,-0.0458685004165221,0.3333333333333333,1.216164722081157,0.8,0.1944444444444444,2.4472222222222224,0.153
2026-09-02,North Dakota State,Mountain West,2026,69,10,0.2185941394571993,0.4202898550724637,1.1052351273516188,1.0,0.0952380952380952,3.342857142857143,,55,11,-0.323923778153237,0.3090909090909091,0.9822393646403388,0.4,0.2142857142857142,2.289285714285714,0.182
2026-09-02,Sacramento State,Mid-American,2026,64,13,-0.076724785747493,0.34375,1.032446670964897,0.6666666666666666,0.4375,0.6125,,70,14,0.0553514992622974,0.4142857142857143,1.2595736989694382,0.75,0.2068965517241379,2.627586206896552,0.157
2026-09-02,San José State,Mountain West,2026,57,10,0.2163991968944515,0.4385964912280701,1.221946227557394,0.0,0.217391304347826,2.6956521739130435,,77,10,0.3906446780300172,0.6623376623376623,0.8805544125995661,0.9,0.1052631578947368,3.697368421052632,0.065
2026-09-02,Stanford,ACC,2026,73,13,0.3263404896512631,0.4520547945205479,1.2060565569259865,0.8333333333333334,0.1351351351351351,3.027027027027027,,76,14,0.0489474439856068,0.3552631578947368,1.2645184587928842,1.0,0.0952380952380952,2.9761904761904763,0.184
2026-09-02,TCU,Big 12,2026,72,10,-0.0458685004165221,0.3333333333333333,1.216164722081157,0.8,0.1944444444444444,2.4472222222222224,,58,10,0.1071523441641766,0.4655172413793103,0.9192743541669988,0.0,0.1481481481481481,3.425925925925926,0.155
2026-09-02,UNLV,Mountain West,2026,81,13,0.09147047509478,0.3333333333333333,1.4614148789186645,1.0,0.1764705882352941,2.752941176470588,,59,12,0.2880707494141955,0.4745762711864407,1.08802993636074,1.0,0.0606060606060606,4.03030303030303,0.119
2026-09-02,USC,Big Ten,2026,77,10,0.3906446780300172,0.6623376623376623,0.8805544125995661,0.9,0.1052631578947368,3.697368421052632,,57,10,0.2163991968944515,0.4385964912280701,1.221946227557394,0.0,0.217391304347826,2.6956521739130435,0.123
2026-09-02,Virginia,ACC,2026,71,12,0.2726220404086543,0.4788732394366197,1.0612371845133193,0.8333333333333334,0.1428571428571428,3.305357142857143,,51,12,-0.1438403681738571,0.3137254901960784,0.533800638173952,1.0,0.1363636363636363,3.140909090909091,0.255
2026-09-03,Eastern Michigan,Mid-American,2026,70,14,0.0553514992622974,0.4142857142857143,1.2595736989694382,0.75,0.2068965517241379,2.627586206896552,,64,13,-0.076724785747493,0.34375,1.032446670964897,0.6666666666666666,0.4375,0.6125,0.219
2026-09-03,Florida State,ACC,2026,67,10,0.2906623399155658,0.4477611940298507,1.3213901556467058,1.0,0.1578947368421052,3.442105263157895,,67,10,0.1626567161900515,0.3432835820895522,1.6364900147680257,1.0,0.1,2.965,0.164
2026-09-03,Hawai'i,Mountain West,2026,76,14,0.0489474439856068,0.3552631578947368,1.2645184587928842,1.0,0.0952380952380952,2.9761904761904763,,73,13,0.3263404896512631,0.4520547945205479,1.2060565569259865,0.8333333333333334,0.1351351351351351,3.027027027027027,0.082
2026-09-03,Jacksonville State,Conference USA,2026,55,11,-0.323923778153237,0.3090909090909091,0.9822393646403388,0.4,0.2142857142857142,2.289285714285714,,69,10,0.2185941394571993,0.4202898550724637,1.1052351273516188,1.0,0.0952380952380952,3.342857142857143,0.101
2026-09-03,Memphis,American Athletic,2026,59,12,0.2880707494141955,0.4745762711864407,1.08802993636074,1.0,0.0606060606060606,4.03030303030303,,81,13,0.09147047509478,0.3333333333333333,1.4614148789186645,1.0,0.1764705882352941,2.752941176470588,0.185
2026-09-03,NC State,ACC,2026,51,12,-0.1438403681738571,0.3137254901960784,0.533800638173952,1.0,0.1363636363636363,3.140909090909091,,71,12,0.2726220404086543,0.4788732394366197,1.0612371845133193,0.8333333333333334,0.1428571428571428,3.305357142857143,0.056
2026-09-03,New Mexico State,Conference USA,2026,67,10,0.1626567161900515,0.3432835820895522,1.6364900147680257,1.0,0.1,2.965,,67,10,0.2906623399155658,0.4477611940298507,1.3213901556467058,1.0,0.1578947368421052,3.442105263157895,0.09
2026-09-03,North Carolina,ACC,2026,58,10,0.1071523441641766,0.4655172413793103,0.9192743541669988,0.0,0.1481481481481481,3.425925925925926,,72,10,-0.0458685004165221,0.3333333333333333,1.216164722081157,0.8,0.1944444444444444,2.4472222222222224,0.153
2026-09-03,North Dakota State,Mountain West,2026,69,10,0.2185941394571993,0.4202898550724637,1.1052351273516188,1.0,0.0952380952380952,3.342857142857143,,55,11,-0.323923778153237,0.3090909090909091,0.9822393646403388,0.4,0.2142857142857142,2.289285714285714,0.182
2026-09-03,Sacramento State,Mid-American,2026,64,13,-0.076724785747493,0.34375,1.032446670964897,0.6666666666666666,0.4375,0.6125,,70,14,0.0553514992622974,0.4142857142857143,1.2595736989694382,0.75,0.2068965517241379,2.627586206896552,0.157
2026-09-03,San José State,Mountain West,2026,57,10,0.2163991968944515,0.4385964912280701,1.221946227557394,0.0,0.217391304347826,2.6956521739130435,,77,10,0.3906446780300172,0.6623376623376623,0.8805544125995661,0.9,0.1052631578947368,3.697368421052632,0.065
2026-09-03,Stanford,ACC,2026,73,13,0.3263404896512631,0.4520547945205479,1.2060565569259865,0.8333333333333334,0.1351351351351351,3.027027027027027,,76,14,0.0489474439856068,0.3552631578947368,1.2645184587928842,1.0,0.0952380952380952,2.9761904761904763,0.184
2026-09-03,TCU,Big 12,2026,72,10,-0.0458685004165221,0.3333333333333333,1.216164722081157,0.8,0.1944444444444444,2.4472222222222224,,58,10,0.1071523441641766,0.4655172413793103,0.9192743541669988,0.0,0.1481481481481481,3.425925925925926,0.155
2026-09-03,UNLV,Mountain West,2026,81,13,0.09147047509478,0.3333333333333333,1.4614148789186645,1.0,0.1764705882352941,2.752941176470588,,59,12,0.2880707494141955,0.4745762711864407,1.08802993636074,1.0,0.0606060606060606,4.03030303030303,0.119
2026-09-03,USC,Big Ten,2026,77,10,0.3906446780300172,0.6623376623376623,0.8805544125995661,0.9,0.1052631578947368,3.697368421052632,,57,10,0.2163991968944515,0.4385964912280701,1.221946227557394,0.0,0.217391304347826,2.6956521739130435,0.123
2026-09-03,Virginia,ACC,2026,71,12,0.2726220404086543,0.4788732394366197,1.0612371845133193,0.8333333333333334,0.1428571428571428,3.305357142857143,,51,12,-0.1438403681738571,0.3137254901960784,0.533800638173952,1.0,0.1363636363636363,3.140909090909091,0.255
2026-09-04,Akron,Mid-American,2026,70,11,0.0219793074667645,0.5,0.7212615614875549,0.6,0.1818181818181818,3.1333333333333333,,68,11,0.4775889473352314,0.4264705882352941,1.5275719114401596,0.8,0.15625,3.265625,0.147
2026-09-04,Buffalo,Mid-American,2026,83,15,0.1523137913791646,0.3975903614457831,1.1454912933763308,1.0,0.1818181818181818,2.9909090909090907,,72,14,-0.0495205233949304,0.2916666666666667,1.290213068638229,0.6666666666666666,0.2857142857142857,2.35,0.194
2026-09-04,Colorado,Big 12,2026,77,10,0.052210909874857,0.3766233766233766,1.1248231734306042,1.0,0.108695652173913,2.730434782608696,,54,9,0.0740220685733517,0.3703703703703703,1.2001545717095805,0.3333333333333333,0.4444444444444444,1.903703703703704,0.204
2026-09-04,Delaware,Conference USA,2026,54,10,0.4689137120562205,0.5185185185185185,1.4645620498490888,0.6,0.2857142857142857,2.657142857142857,,49,11,-0.2154470846774114,0.2040816326530612,1.2383291176076328,0.0,0.25,1.46875,0.653
2026-09-04,Eastern Michigan,Mid-American,2026,70,14,0.0553514992622974,0.4142857142857143,1.2595736989694382,0.75,0.2068965517241379,2.627586206896552,,64,13,-0.076724785747493,0.34375,1.032446670964897,0.6666666666666666,0.4375,0.6125,0.219
2026-09-04,Florida State,ACC,2026,67,10,0.2906623399155658,0.4477611940298507,1.3213901556467058,1.0,0.1578947368421052,3.442105263157895,,67,10,0.1626567161900515,0.3432835820895522,1.6364900147680257,1.0,0.1,2.965,0.164
2026-09-04,Georgia Tech,ACC,2026,54,9,0.0740220685733517,0.3703703703703703,1.2001545717095805,0.3333333333333333,0.4444444444444444,1.903703703703704,,77,10,0.052210909874857,0.3766233766233766,1.1248231734306042,1.0,0.108695652173913,2.730434782608696,0.143
2026-09-04,Hawai'i,Mountain West,2026,76,14,0.0489474439856068,0.3552631578947368,1.2645184587928842,1.0,0.0952380952380952,2.9761904761904763,,73,13,0.3263404896512631,0.4520547945205479,1.2060565569259865,0.8333333333333334,0.1351351351351351,3.027027027027027,0.082
2026-09-04,Illinois,Big Ten,2026,44,8,0.5293505291335725,0.5681818181818182,1.3542485462010816,0.6,0.2307692307692307,2.976923076923077,,79,8,0.140459461201907,0.4430379746835443,1.2101487372066866,0.75,0.1304347826086956,3.273913043478261,0.139
2026-09-04,Jacksonville State,Conference USA,2026,55,11,-0.323923778153237,0.3090909090909091,0.9822393646403388,0.4,0.2142857142857142,2.289285714285714,,69,10,0.2185941394571993,0.4202898550724637,1.1052351273516188,1.0,0.0952380952380952,3.342857142857143,0.101
2026-09-04,Kennesaw State,Conference USA,2026,82,14,0.2889238382699472,0.573170731707317,1.1398710550423496,0.7777777777777778,0.1521739130434782,3.265217391304348,,53,14,-0.2481023479251471,0.1509433962264151,0.8919515753149165,1.0,0.25,1.8333333333333333,0.17
2026-09-04,Massachusetts,Mid-American,2026,65,12,0.3299726417466155,0.5230769230769231,1.040597861761411,0.7142857142857143,0.175,3.375,,63,12,0.2030959004306255,0.3968253968253968,1.561455323235606,0.6,0.25,1.93,0.27
2026-09-04,Memphis,American Athletic,2026,59,12,0.2880707494141955,0.4745762711864407,1.08802993636074,1.0,0.0606060606060606,4.03030303030303,,81,13,0.09147047509478,0.3333333333333333,1.4614148789186645,1.0,0.1764705882352941,2.752941176470588,0.185
2026-09-04,Minnesota,Big Ten,2026,73,10,0.3421457792096198,0.6027397260273972,0.9752231854912968,0.6666666666666666,0.2307692307692307,2.4615384615384617,,46,13,-0.3840088027265944,0.108695652173913,1.6579740660748787,0.0,0.4444444444444444,1.325925925925926,0.283
2026-09-04,Missouri,SEC,2026,79,12,0.3784876683810738,0.569620253164557,1.188936592060183,0.5714285714285714,0.1590909090909091,3.5454545454545454,,54,11,0.0889215944571755,0.2962962962962963,1.612562339274506,1.0,0.25,3.0642857142857145,0.167
2026-09-04,NC State,ACC,2026,51,12,-0.1438403681738571,0.3137254901960784,0.533800638173952,1.0,0.1363636363636363,3.140909090909091,,71,12,0.2726220404086543,0.4788732394366197,1.0612371845133193,0.8333333333333334,0.1428571428571428,3.305357142857143,0.056
2026-09-04,New Mexico State,Conference USA,2026,67,10,0.1626567161900515,0.3432835820895522,1.6364900147680257,1.0,0.1,2.965,,67,10,0.2906623399155658,0.4477611940298507,1.3213901556467058,1.0,0.1578947368421052,3.442105263157895,0.09
2026-09-04,North Carolina,ACC,2026,58,10,0.1071523441641766,0.4655172413793103,0.9192743541669988,0.0,0.1481481481481481,3.425925925925926,,72,10,-0.0458685004165221,0.3333333333333333,1.216164722081157,0.8,0.1944444444444444,2.4472222222222224,0.153
2026-09-04,North Dakota State,Mountain West,2026,69,10,0.2185941394571993,0.4202898550724637,1.1052351273516188,1.0,0.0952380952380952,3.342857142857143,,55,11,-0.323923778153237,0.3090909090909091,0.9822393646403388,0.4,0.2142857142857142,2.289285714285714,0.182
2026-09-04,Rutgers,Big Ten,2026,63,12,0.2030959004306255,0.3968253968253968,1.561455323235606,0.6,0.25,1.93,,65,12,0.3299726417466155,0.5230769230769231,1.040597861761411,0.7142857142857143,0.175,3.375,0.092
2026-09-04,Sacramento State,Mid-American,2026,64,13,-0.076724785747493,0.34375,1.032446670964897,0.6666666666666666,0.4375,0.6125,,70,14,0.0553514992622974,0.4142857142857143,1.2595736989694382,0.75,0.2068965517241379,2.627586206896552,0.157
2026-09-04,San José State,Mountain West,2026,57,10,0.2163991968944515,0.4385964912280701,1.221946227557394,0.0,0.217391304347826,2.6956521739130435,,77,10,0.3906446780300172,0.6623376623376623,0.8805544125995661,0.9,0.1052631578947368,3.697368421052632,0.065
2026-09-04,Stanford,ACC,2026,73,13,0.3263404896512631,0.4520547945205479,1.2060565569259865,0.8333333333333334,0.1351351351351351,3.027027027027027,,76,14,0.0489474439856068,0.3552631578947368,1.2645184587928842,1.0,0.0952380952380952,2.9761904761904763,0.184
2026-09-04,TCU,Big 12,2026,72,10,-0.0458685004165221,0.3333333333333333,1.216164722081157,0.8,0.1944444444444444,2.4472222222222224,,58,10,0.1071523441641766,0.4655172413793103,0.9192743541669988,0.0,0.1481481481481481,3.425925925925926,0.155
2026-09-04,UAB,American Athletic,2026,79,8,0.140459461201907,0.4430379746835443,1.2101487372066866,0.75,0.1304347826086956,3.273913043478261,,44,8,0.5293505291335725,0.5681818181818182,1.3542485462010816,0.6,0.2307692307692307,2.976923076923077,0.045
2026-09-04,UCF,Big 12,2026,62,13,0.5473526104058046,0.5645161290322581,1.4073587444433089,1.0,0.081081081081081,4.386486486486486,,62,15,-0.1629071620565535,0.2096774193548387,1.219168347266829,1.0,0.3157894736842105,1.923684210526316,0.226
2026-09-04,UNLV,Mountain West,2026,81,13,0.09147047509478,0.3333333333333333,1.4614148789186645,1.0,0.1764705882352941,2.752941176470588,,59,12,0.2880707494141955,0.4745762711864407,1.08802993636074,1.0,0.0606060606060606,4.03030303030303,0.119
2026-09-04,USC,Big Ten,2026,77,10,0.3906446780300172,0.6623376623376623,0.8805544125995661,0.9,0.1052631578947368,3.697368421052632,,57,10,0.2163991968944515,0.4385964912280701,1.221946227557394,0.0,0.217391304347826,2.6956521739130435,0.123
2026-09-04,Utah,Big 12,2026,77,13,0.5107474991645495,0.5714285714285714,1.3617321828088478,0.75,0.1428571428571428,4.116326530612245,,62,13,0.0631970574978194,0.3225806451612903,1.2942375293797448,1.0,0.2333333333333333,0.9433333333333334,0.129
2026-09-04,Virginia,ACC,2026,71,12,0.2726220404086543,0.4788732394366197,1.0612371845133193,0.8333333333333334,0.1428571428571428,3.305357142857143,,51,12,-0.1438403681738571,0.3137254901960784,0.533800638173952,1.0,0.1363636363636363,3.140909090909091,0.255
2026-09-04,Wake Forest,ACC,2026,68,11,0.4775889473352314,0.4264705882352941,1.5275719114401596,0.8,0.15625,3.265625,,70,11,0.0219793074667645,0.5,0.7212615614875549,0.6,0.1818181818181818,3.1333333333333333,0.143
2026-09-05,Air Force,Mountain West,2026,79,9,0.398894580108972,0.5443037974683544,0.9961783497840124,1.0,0.0422535211267605,4.357746478873239,,45,9,-0.248118563368299,0.2222222222222222,1.1005872277594584,1.0,0.25,2.47,0.178
2026-09-05,Akron,Mid-American,2026,70,11,0.0219793074667645,0.5,0.7212615614875549,0.6,0.1818181818181818,3.1333333333333333,,68,11,0.4775889473352314,0.4264705882352941,1.5275719114401596,0.8,0.15625,3.265625,0.147
2026-09-05,Alabama,SEC,2026,80,11,0.2921555691005923,0.525,1.1065101966937536,0.8333333333333334,0.1666666666666666,3.25,,41,12,-0.1985433161778543,0.2195121951219512,1.548265437530798,0.0,0.3684210526315789,0.131578947368421,0.122
2026-09-05,Army,American Athletic,2026,72,12,0.68581428710163,0.6527777777777778,1.287193457096531,0.8333333333333334,0.0526315789473684,4.65438596491228,,54,11,-0.1061496906379418,0.3148148148148148,0.8508825653985219,0.6666666666666666,0.2413793103448276,2.317241379310345,0.204
2026-09-05,Ball State,Mid-American,2026,62,13,-0.2423253831274824,0.2096774193548387,1.3049899715616444,0.0,0.3181818181818182,1.2,,73,12,0.6666069358406588,0.5616438356164384,1.448948844124814,0.75,0.1818181818181818,3.3181818181818183,0.11
2026-09-05,Bowling Green,Mid-American,2026,66,10,0.0370259021073696,0.4090909090909091,0.943386812281437,0.5,0.25,2.4055555555555554,,59,10,0.147050749791919,0.4067796610169492,1.1689379926880317,0.5,0.25,-0.578125,0.085
2026-09-05,Buffalo,Mid-American,2026,83,15,0.1523137913791646,0.3975903614457831,1.1454912933763308,1.0,0.1818181818181818,2.9909090909090907,,72,14,-0.0495205233949304,0.2916666666666667,1.290213068638229,0.6666666666666666,0.2857142857142857,2.35,0.194
2026-09-05,Coastal Carolina,Sun Belt,2026,65,13,0.2190866513645281,0.4307692307692308,1.513683842396193,0.6666666666666666,0.32,1.944,,77,14,0.1253120460127239,0.4155844155844156,1.017712015705272,0.75,0.15,2.725,0.117
2026-09-05,Colorado,Big 12,2026,77,10,0.052210909874857,0.3766233766233766,1.1248231734306042,1.0,0.108695652173913,2.730434782608696,,54,9,0.0740220685733517,0.3703703703703703,1.2001545717095805,0.3333333333333333,0.4444444444444444,1.903703703703704,0.204
2026-09-05,Delaware,Conference USA,2026,54,10,0.4689137120562205,0.5185185185185185,1.4645620498490888,0.6,0.2857142857142857,2.657142857142857,,49,11,-0.2154470846774114,0.2040816326530612,1.2383291176076328,0.0,0.25,1.46875,0.653
2026-09-05,East Carolina,American Athletic,2026,41,12,-0.1985433161778543,0.2195121951219512,1.548265437530798,0.0,0.3684210526315789,0.131578947368421,,80,11,0.2921555691005923,0.525,1.1065101966937536,0.8333333333333334,0.1666666666666666,3.25,0.025
2026-09-05,Eastern Michigan,Mid-American,2026,139,28,0.0137872737547518,0.3525179856115107,1.1963855437894064,0.8888888888888888,0.1851851851851851,2.401851851851852,,142,29,0.0358449996397635,0.3380281690140845,1.3282440556423494,0.6666666666666666,0.2941176470588235,2.268627450980392,0.211
2026-09-05,Florida State,ACC,2026,67,10,0.2906623399155658,0.4477611940298507,1.3213901556467058,1.0,0.1578947368421052,3.442105263157895,,67,10,0.1626567161900515,0.3432835820895522,1.6364900147680257,1.0,0.1,2.965,0.164
2026-09-05,Fresno State,Pac-12,2026,45,10,-0.3361342907596831,0.2222222222222222,1.0430569433281442,0.0,0.25,2.0458333333333334,,69,10,0.3329910433772204,0.5362318840579711,1.2523425346671877,0.6,0.2564102564102564,2.67948717948718,0.116
2026-09-05,Georgia State,Sun Belt,2026,71,12,0.506821618296269,0.5915492957746479,1.1174212531004228,0.8,0.0526315789473684,4.339473684210526,,55,12,-0.0651855131693598,0.2909090909090909,1.342072137645949,,0.2,2.852,0.2
2026-09-05,Georgia Tech,ACC,2026,54,9,0.0740220685733517,0.3703703703703703,1.2001545717095805,0.3333333333333333,0.4444444444444444,1.903703703703704,,77,10,0.052210909874857,0.3766233766233766,1.1248231734306042,1.0,0.108695652173913,2.730434782608696,0.143
2026-09-05,Hawai'i,Mountain West,2026,76,14,0.0489474439856068,0.3552631578947368,1.2645184587928842,1.0,0.0952380952380952,2.9761904761904763,,73,13,0.3263404896512631,0.4520547945205479,1.2060565569259865,0.8333333333333334,0.1351351351351351,3.027027027027027,0.082
2026-09-05,Houston,Big 12,2026,74,11,0.3122472695613982,0.5,1.2537336272714703,0.8571428571428571,0.15,3.3325,,74,12,0.1828788459074729,0.4054054054054054,1.341138665590374,0.5,0.0476190476190476,2.833333333333333,0.216
2026-09-05,Illinois,Big Ten,2026,44,8,0.5293505291335725,0.5681818181818182,1.3542485462010816,0.6,0.2307692307692307,2.976923076923077,,79,8,0.140459461201907,0.4430379746835443,1.2101487372066866,0.75,0.1304347826086956,3.273913043478261,0.139
2026-09-05,Indiana,Big Ten,2026,46,9,0.6535582337217621,0.5217391304347826,1.639593578555076,0.8,0.1333333333333333,2.4966666666666666,,69,10,0.1345556840920811,0.3478260869565217,1.5483256457053565,0.0,0.1351351351351351,2.983783783783784,0.13
2026-09-05,Iowa State,Big 12,2026,48,12,0.2446671684503538,0.3541666666666667,1.764868764741519,0.0,0.2,2.543333333333333,,69,13,-0.0746308834548494,0.2753623188405797,1.501212442308454,0.6666666666666666,0.1707317073170731,1.4048780487804875,0.246
2026-09-05,Jacksonville State,Conference USA,2026,55,11,-0.323923778153237,0.3090909090909091,0.9822393646403388,0.4,0.2142857142857142,2.289285714285714,,69,10,0.2185941394571993,0.4202898550724637,1.1052351273516188,1.0,0.0952380952380952,3.342857142857143,0.101
2026-09-05,James Madison,Sun Belt,2026,50,9,0.2797625024195963,0.38,1.2501062601953608,0.6666666666666666,0.2258064516129032,3.07741935483871,,69,9,0.028036219506202,0.3768115942028985,1.183714063723734,0.8,0.1351351351351351,2.310810810810811,0.13
2026-09-05,Kansas,Big 12,2026,78,10,0.5690429634370339,0.5897435897435898,1.298893771602378,0.5,0.0196078431372549,3.931372549019608,,54,11,-0.1761484717280324,0.2222222222222222,1.0166439202905828,1.0,0.3666666666666666,1.22,0.296
2026-09-05,Kennesaw State,Conference USA,2026,82,14,0.2889238382699472,0.573170731707317,1.1398710550423496,0.7777777777777778,0.1521739130434782,3.265217391304348,,53,14,-0.2481023479251471,0.1509433962264151,0.8919515753149165,1.0,0.25,1.8333333333333333,0.17
2026-09-05,Kent State,Mid-American,2026,49,10,-0.0389172286738203,0.2653061224489796,1.461049533469705,0.5,0.2083333333333333,2.691666666666667,,74,10,0.6786532858802291,0.6891891891891891,1.2023203723410176,0.8333333333333334,0.0769230769230769,4.033333333333333,0.068
2026-09-05,Kentucky,SEC,2026,61,11,0.5623068202509097,0.6065573770491803,1.1980918561404976,0.8,0.1818181818181818,4.121212121212121,,67,9,0.0772411219735421,0.417910447761194,1.1461380400647427,1.0,0.1923076923076923,2.0346153846153845,0.164
2026-09-05,Liberty,Conference USA,2026,69,9,0.028036219506202,0.3768115942028985,1.183714063723734,0.8,0.1351351351351351,2.310810810810811,,50,9,0.2797625024195963,0.38,1.2501062601953608,0.6666666666666666,0.2258064516129032,3.07741935483871,0.14
2026-09-05,Massachusetts,Mid-American,2026,65,12,0.3299726417466155,0.5230769230769231,1.040597861761411,0.7142857142857143,0.175,3.375,,63,12,0.2030959004306255,0.3968253968253968,1.561455323235606,0.6,0.25,1.93,0.27
2026-09-05,Memphis,American Athletic,2026,59,12,0.2880707494141955,0.4745762711864407,1.08802993636074,1.0,0.0606060606060606,4.03030303030303,,81,13,0.09147047509478,0.3333333333333333,1.4614148789186645,1.0,0.1764705882352941,2.752941176470588,0.185
2026-09-05,Miami,ACC,2026,68,11,0.4788987606391638,0.5588235294117647,1.3550002672176362,1.0,0.1875,3.0125,,66,11,0.0232269428623787,0.3333333333333333,1.0651883155299746,1.0,0.2272727272727272,2.65,0.106
2026-09-05,Miami (OH),Mid-American,2026,59,12,0.1206427203515677,0.3220338983050847,1.5498898323535988,1.0,0.1578947368421052,2.294736842105263,,77,12,0.470806382833933,0.5454545454545454,1.419127062707264,0.6,0.2,3.2466666666666666,0.078
2026-09-05,Michigan State,Big Ten,2026,85,11,0.022631845773767,0.3764705882352941,1.097389911197236,0.3333333333333333,0.2127659574468085,2.797872340425532,,42,10,0.2841846990486799,0.2857142857142857,2.3449878397908352,0.0,0.4444444444444444,1.1388888888888888,0.262
2026-09-05,Minnesota,Big Ten,2026,73,10,0.3421457792096198,0.6027397260273972,0.9752231854912968,0.6666666666666666,0.2307692307692307,2.4615384615384617,,46,13,-0.3840088027265944,0.108695652173913,1.6579740660748787,0.0,0.4444444444444444,1.325925925925926,0.283
2026-09-05,Missouri,SEC,2026,79,12,0.3784876683810738,0.569620253164557,1.188936592060183,0.5714285714285714,0.1590909090909091,3.5454545454545454,,54,11,0.0889215944571755,0.2962962962962963,1.612562339274506,1.0,0.25,3.0642857142857145,0.167
2026-09-05,NC State,ACC,2026,51,12,-0.1438403681738571,0.3137254901960784,0.533800638173952,1.0,0.1363636363636363,3.140909090909091,,71,12,0.2726220404086543,0.4788732394366197,1.0612371845133193,0.8333333333333334,0.1428571428571428,3.305357142857143,0.056
2026-09-05,Nebraska,Big Ten,2026,74,11,0.4925288347703889,0.5135135135135135,1.5427897743871417,0.8333333333333334,0.15,3.675,,68,12,0.1275262112846398,0.3529411764705882,1.3292957874323883,1.0,0.1290322580645161,3.396774193548388,0.206
2026-09-05,New Mexico State,Conference USA,2026,67,10,0.1626567161900515,0.3432835820895522,1.6364900147680257,1.0,0.1,2.965,,67,10,0.2906623399155658,0.4477611940298507,1.3213901556467058,1.0,0.1578947368421052,3.442105263157895,0.09
2026-09-05,North Carolina,ACC,2026,58,10,0.1071523441641766,0.4655172413793103,0.9192743541669988,0.0,0.1481481481481481,3.425925925925926,,72,10,-0.0458685004165221,0.3333333333333333,1.216164722081157,0.8,0.1944444444444444,2.4472222222222224,0.153
2026-09-05,North Dakota State,Mountain West,2026,69,10,0.2185941394571993,0.4202898550724637,1.1052351273516188,1.0,0.0952380952380952,3.342857142857143,,55,11,-0.323923778153237,0.3090909090909091,0.9822393646403388,0.4,0.2142857142857142,2.289285714285714,0.182
2026-09-05,North Texas,American Athletic,2026,69,10,0.1345556840920811,0.3478260869565217,1.5483256457053565,0.0,0.1351351351351351,2.983783783783784,,46,9,0.6535582337217621,0.5217391304347826,1.639593578555076,0.8,0.1333333333333333,2.4966666666666666,0.043
2026-09-05,Ohio,Mid-American,2026,68,12,0.1275262112846398,0.3529411764705882,1.3292957874323883,1.0,0.1290322580645161,3.396774193548388,,74,11,0.4925288347703889,0.5135135135135135,1.5427897743871417,0.8333333333333334,0.15,3.675,0.149
2026-09-05,Ohio State,Big Ten,2026,73,12,0.6666069358406588,0.5616438356164384,1.448948844124814,0.75,0.1818181818181818,3.3181818181818183,,62,13,-0.2423253831274824,0.2096774193548387,1.3049899715616444,,0.3181818181818182,1.2,0.226
2026-09-05,Oklahoma,SEC,2026,60,11,0.3871905835315659,0.55,1.1941828089991482,0.5714285714285714,0.2368421052631578,2.876315789473684,,59,13,-0.2514996479882435,0.3389830508474576,0.9392952091081728,0.0,0.2941176470588235,1.5676470588235294,0.263
2026-09-05,Oregon State,Pac-12,2026,74,12,0.1828788459074729,0.4054054054054054,1.341138665590374,0.5,0.0476190476190476,2.833333333333333,,74,11,0.3122472695613982,0.5,1.2537336272714703,0.8571428571428571,0.15,3.3325,0.135
2026-09-05,Pittsburgh,ACC,2026,77,12,0.470806382833933,0.5454545454545454,1.419127062707264,0.6,0.2,3.2466666666666666,,59,12,0.1206427203515677,0.3220338983050847,1.5498898323535988,1.0,0.1578947368421052,2.294736842105263,0.102
2026-09-05,Purdue,Big Ten,2026,74,10,0.3720946010569115,0.5,1.1765932198339826,1.0,0.0526315789473684,3.713157894736842,,48,10,0.0076184507009966,0.2708333333333333,2.3625129116735217,1.0,0.3809523809523809,1.7857142857142858,0.292
2026-09-05,Rutgers,Big Ten,2026,63,12,0.2030959004306255,0.3968253968253968,1.561455323235606,0.6,0.25,1.93,,65,12,0.3299726417466155,0.5230769230769231,1.040597861761411,0.7142857142857143,0.175,3.375,0.092
2026-09-05,Sacramento State,Mid-American,2026,64,13,-0.076724785747493,0.34375,1.032446670964897,0.6666666666666666,0.4375,0.6125,,70,14,0.0553514992622974,0.4142857142857143,1.2595736989694382,0.75,0.2068965517241379,2.627586206896552,0.157
2026-09-05,San José State,Mountain West,2026,135,26,0.1654454108123683,0.3777777777777777,1.403736148990978,0.5,0.2241379310344827,2.8948275862068966,,146,24,0.1926127829579521,0.4863013698630137,0.9437116819457052,0.9333333333333332,0.1269841269841269,3.0793650793650795,0.116
2026-09-05,South Carolina,SEC,2026,74,10,0.6786532858802291,0.6891891891891891,1.2023203723410176,0.8333333333333334,0.0769230769230769,4.033333333333333,,49,10,-0.0389172286738203,0.2653061224489796,1.461049533469705,0.5,0.2083333333333333,2.691666666666667,0.143
2026-09-05,Stanford,ACC,2026,139,24,0.1824160717515051,0.39568345323741,1.1497092603675816,0.8571428571428571,0.1694915254237288,2.886440677966102,,144,25,0.2519800101831199,0.4513888888888889,1.317415516025816,1.0,0.1509433962264151,2.9981132075471697,0.125
2026-09-05,Syracuse,ACC,2026,67,12,0.3873862041665926,0.5373134328358209,1.372496073651548,0.875,0.1875,3.453125,,62,13,-0.272504560301929,0.2580645161290322,0.938385892121699,0.75,0.3103448275862069,1.110344827586207,0.274
2026-09-05,TCU,Big 12,2026,72,10,-0.0458685004165221,0.3333333333333333,1.216164722081157,0.8,0.1944444444444444,2.4472222222222224,,58,10,0.1071523441641766,0.4655172413793103,0.9192743541669988,0.0,0.1481481481481481,3.425925925925926,0.155
2026-09-05,Temple,American Athletic,2026,63,10,0.1721070795898456,0.4603174603174603,1.1404891870145504,0.8571428571428571,0.1860465116279069,2.958139534883721,,62,12,-0.0383656964400792,0.3870967741935484,1.1767906357894466,0.8,0.3214285714285714,2.175,0.226
2026-09-05,Toledo,Mid-American,2026,42,10,0.2841846990486799,0.2857142857142857,2.3449878397908352,0.0,0.4444444444444444,1.1388888888888888,,85,11,0.022631845773767,0.3764705882352941,1.097389911197236,0.3333333333333333,0.2127659574468085,2.797872340425532,0.106
2026-09-05,UAB,American Athletic,2026,79,8,0.140459461201907,0.4430379746835443,1.2101487372066866,0.75,0.1304347826086956,3.273913043478261,,44,8,0.5293505291335725,0.5681818181818182,1.3542485462010816,0.6,0.2307692307692307,2.976923076923077,0.045
2026-09-05,UCF,Big 12,2026,62,13,0.5473526104058046,0.5645161290322581,1.4073587444433089,1.0,0.081081081081081,4.386486486486486,,62,15,-0.1629071620565535,0.2096774193548387,1.219168347266829,1.0,0.3157894736842105,1.923684210526316,0.226
2026-09-05,UConn,FBS Independents,2026,74,14,0.5732783853066649,0.5135135135135135,1.5911999117333786,0.3333333333333333,0.15,3.855,,72,13,-0.1583014250977013,0.2777777777777778,0.8956382174474538,0.6666666666666666,0.2142857142857142,2.3857142857142857,0.153
2026-09-05,UNLV,Mountain West,2026,81,13,0.09147047509478,0.3333333333333333,1.4614148789186645,1.0,0.1764705882352941,2.752941176470588,,59,12,0.2880707494141955,0.4745762711864407,1.08802993636074,1.0,0.0606060606060606,4.03030303030303,0.119
2026-09-05,USC,Big Ten,2026,146,20,0.363397412337942,0.6027397260273972,1.036874418468907,0.8,0.1818181818181818,3.1818181818181817,,102,20,-0.0273655770706078,0.3431372549019608,1.1708350034918942,0.0,0.2340425531914893,2.363829787234043,0.157
2026-09-05,Utah,Big 12,2026,77,13,0.5107474991645495,0.5714285714285714,1.3617321828088478,0.75,0.1428571428571428,4.116326530612245,,62,13,0.0631970574978194,0.3225806451612903,1.2942375293797448,1.0,0.2333333333333333,0.9433333333333334,0.129
2026-09-05,UTEP,Mountain West,2026,59,13,-0.2514996479882435,0.3389830508474576,0.9392952091081728,0.0,0.2941176470588235,1.5676470588235294,,60,11,0.3871905835315659,0.55,1.1941828089991482,0.5714285714285714,0.2368421052631578,2.876315789473684,0.117
2026-09-05,Virginia,ACC,2026,71,12,0.2726220404086543,0.4788732394366197,1.0612371845133193,0.8333333333333334,0.1428571428571428,3.305357142857143,,51,12,-0.1438403681738571,0.3137254901960784,0.533800638173952,1.0,0.1363636363636363,3.140909090909091,0.255
2026-09-05,Wake Forest,ACC,2026,68,11,0.4775889473352314,0.4264705882352941,1.5275719114401596,0.8,0.15625,3.265625,,70,11,0.0219793074667645,0.5,0.7212615614875549,0.6,0.1818181818181818,3.1333333333333333,0.143
2026-09-05,West Virginia,Big 12,2026,77,14,0.1253120460127239,0.4155844155844156,1.017712015705272,0.75,0.15,2.725,,65,13,0.2190866513645281,0.4307692307692308,1.513683842396193,0.6666666666666666,0.32,1.944,0.262
2026-09-08,Air Force,Mountain West,2026,79,9,0.398894580108972,0.5443037974683544,0.9961783497840124,1.0,0.0422535211267605,4.357746478873239,,45,9,-0.248118563368299,0.2222222222222222,1.1005872277594584,1.0,0.25,2.47,0.178
2026-09-08,Akron,Mid-American,2026,70,11,0.0219793074667645,0.5,0.7212615614875549,0.6,0.1818181818181818,3.103030303030303,,68,11,0.4775889473352314,0.4264705882352941,1.5275719114401596,0.8,0.15625,3.265625,0.132
2026-09-08,Alabama,SEC,2026,80,11,0.2921555691005923,0.525,1.1065101966937536,0.8333333333333334,0.1666666666666666,3.25,,41,12,-0.1985433161778543,0.2195121951219512,1.548265437530798,0.0,0.3684210526315789,0.131578947368421,0.195
2026-09-08,App State,Sun Belt,2026,74,10,0.607856950791685,0.6486486486486487,1.2037359766532605,1.0,0.1025641025641025,3.587179487179488,,61,11,-0.070753508433127,0.3114754098360656,1.2470294348667017,0.0,0.3076923076923077,1.696153846153846,0.213
2026-09-08,Arizona,Big 12,2026,74,13,0.2162055092878395,0.6081081081081081,0.9333031860410906,1.0,0.0303030303030303,4.409090909090909,,53,11,-0.2286260997681982,0.1698113207547169,1.7768342308359768,,0.4375,1.33125,0.34
2026-09-08,Arizona State,Big 12,2026,71,12,0.6811056989560571,0.5774647887323944,1.6060940675308155,1.0,0.1428571428571428,3.145714285714286,,52,12,-0.0543715412788205,0.3076923076923077,0.9935711179315884,0.6666666666666666,0.0869565217391304,3.0217391304347827,0.115
2026-09-08,Arkansas,SEC,2026,84,13,0.1762496985985374,0.5238095238095238,0.9434584968366112,0.7777777777777778,0.217391304347826,2.5804347826086955,,45,13,-0.0746171455673535,0.2666666666666666,1.053617978511065,,0.2631578947368421,1.8473684210526315,0.222
2026-09-08,Arkansas State,Sun Belt,2026,60,12,0.1251568147001252,0.5,1.25818527156254,0.8333333333333334,0.1153846153846153,3.2192307692307693,,65,12,0.4907125992882863,0.4923076923076923,1.4906452469735614,0.6,0.1276595744680851,3.546808510638298,0.092
2026-09-08,Army,American Athletic,2026,72,12,0.68581428710163,0.6527777777777778,1.287193457096531,0.8333333333333334,0.0526315789473684,4.65438596491228,,54,11,-0.1061496906379418,0.3148148148148148,0.8508825653985219,0.6666666666666666,0.2413793103448276,2.317241379310345,0.204
2026-09-08,Auburn,SEC,2026,75,13,0.028237977212608,0.3866666666666666,1.1601768480225931,1.0,0.2285714285714285,2.6742857142857144,,101,13,0.0541744150425169,0.3861386138613861,1.2316141474915536,0.4,0.2325581395348837,2.097674418604651,0.198
2026-09-08,Ball State,Mid-American,2026,62,13,-0.2423253831274824,0.2096774193548387,1.3049899715616444,0.0,0.3181818181818182,1.2,,73,12,0.6666069358406588,0.5616438356164384,1.448948844124814,0.75,0.1818181818181818,3.3181818181818183,0.11
2026-09-08,Baylor,Big 12,2026,101,13,0.0541744150425169,0.3861386138613861,1.2316141474915536,0.4,0.2325581395348837,2.097674418604651,,75,13,0.028237977212608,0.3866666666666666,1.1601768480225931,1.0,0.2285714285714285,2.6742857142857144,0.24
2026-09-08,Boise State,Pac-12,2026,67,13,0.112630052976283,0.3582089552238806,1.0180962329024892,1.0,0.1212121212121212,2.9212121212121214,,64,13,0.2770903671236243,0.453125,1.5147413609415246,0.6666666666666666,0.125,3.2375,0.156
2026-09-08,Boston College,ACC,2026,73,11,0.1148708905860701,0.3972602739726027,1.321991243096292,1.0,0.2,3.182857142857143,,62,12,0.2410406579313317,0.3870967741935484,1.255243118893256,1.0,0.0909090909090909,3.5568181818181817,0.113
2026-09-08,Bowling Green,Mid-American,2026,66,10,0.0252616008758181,0.3939393939393939,0.9845141517309268,0.5,0.25,2.308333333333333,,59,10,0.147050749791919,0.3898305084745763,1.3986920519909742,0.5,0.25,2.909375,0.085
2026-09-08,Buffalo,Mid-American,2026,83,15,0.1523137913791646,0.3975903614457831,1.1454912933763308,1.0,0.1818181818181818,2.9909090909090907,,72,14,-0.0495205233949304,0.2916666666666667,1.290213068638229,0.6666666666666666,0.2857142857142857,2.35,0.194
2026-09-08,BYU,Big 12,2026,70,11,0.5424702666968887,0.6571428571428571,1.0634948151667478,0.8333333333333334,0.0666666666666666,4.348888888888889,,57,12,-0.1092276625777366,0.3157894736842105,1.1129858127235353,1.0,0.25,1.5375,0.193
2026-09-08,California,ACC,2026,89,14,0.1330628286155295,0.3370786516853932,1.4836215579250065,0.6666666666666666,0.2051282051282051,2.528205128205128,,53,14,0.4197846779080366,0.5660377358490566,1.2513254603824528,1.0,0.0344827586206896,4.813793103448276,0.17
2026-09-08,Central Michigan,Mid-American,2026,49,10,-0.0521819579954481,0.2653061224489796,1.2713447189179048,0.6666666666666666,0.0333333333333333,2.8266666666666667,,71,10,0.2187107716098358,0.4929577464788732,0.9281654236514942,1.0,0.0714285714285714,3.657142857142857,0.085
2026-09-08,Charlotte,American Athletic,2026,78,13,0.2859972664636527,0.4615384615384615,1.4901022812832403,0.5714285714285714,0.15625,3.43125,,64,13,0.3753893366264918,0.484375,1.3295321578112234,0.8888888888888888,0.1875,3.1395833333333334,0.109
2026-09-08,Cincinnati,Big 12,2026,62,12,0.2410406579313317,0.3870967741935484,1.255243118893256,1.0,0.0909090909090909,3.5568181818181817,,73,11,0.1148708905860701,0.3972602739726027,1.321991243096292,1.0,0.2,3.182857142857143,0.233
2026-09-08,Clemson,ACC,2026,50,13,-0.2678767676397615,0.24,0.9456595506388836,0.6666666666666666,0.3181818181818182,1.9363636363636365,,95,12,0.4186847892890937,0.5368421052631579,1.335477872163365,0.7777777777777778,0.0862068965517241,3.532758620689655,0.105
2026-09-08,Coastal Carolina,Sun Belt,2026,65,13,0.2190866513645281,0.4307692307692308,1.513683842396193,0.6666666666666666,0.32,1.944,,77,14,0.1253120460127239,0.4155844155844156,1.017712015705272,0.75,0.15,2.725,0.117
2026-09-08,Colorado,Big 12,2026,77,10,0.052210909874857,0.3766233766233766,1.1248231734306042,1.0,0.108695652173913,2.730434782608696,,54,9,0.0740220685733517,0.3703703703703703,1.2001545717095805,0.3333333333333333,0.4444444444444444,1.903703703703704,0.204
2026-09-08,Colorado State,Pac-12,2026,68,11,0.3012418203750481,0.4852941176470588,1.2087905981747544,1.0,0.2121212121212121,2.4939393939393937,,55,11,-0.0251076991146114,0.4181818181818181,0.899961606833427,1.0,0.1212121212121212,3.3545454545454545,0.255
2026-09-08,Delaware,Conference USA,2026,72,15,0.395766923303369,0.4722222222222222,1.4629954002722116,0.6,0.25,2.9035714285714285,,72,14,-0.1228539521929541,0.25,1.4441213197823703,0.0,0.1818181818181818,2.0454545454545454,0.222
2026-09-08,Duke,ACC,2026,78,13,-0.0505656875484706,0.2948717948717949,1.239953895912352,1.0,0.1836734693877551,3.0408163265306123,,55,12,0.0040917519043523,0.3090909090909091,0.7971508910071232,1.0,0.1304347826086956,2.9565217391304346,0.255
2026-09-08,East Carolina,American Athletic,2026,41,12,-0.1985433161778543,0.2195121951219512,1.548265437530798,0.0,0.3684210526315789,0.131578947368421,,80,11,0.2921555691005923,0.525,1.1065101966937536,0.8333333333333334,0.1666666666666666,3.25,0.1
2026-09-08,Eastern Michigan,Mid-American,2026,139,28,0.0137872737547518,0.3525179856115107,1.1963855437894064,0.8888888888888888,0.1851851851851851,2.401851851851852,,142,29,0.0358449996397635,0.3380281690140845,1.3282440556423494,0.6666666666666666,0.2941176470588235,2.268627450980392,0.211
2026-09-08,Florida,SEC,2026,68,11,0.6214577657732879,0.5441176470588235,1.5513849234480332,1.0,0.1,3.415,,92,12,0.1079005807865989,0.4021739130434782,1.123977189197295,0.8,0.1111111111111111,2.6666666666666665,0.185
2026-09-08,Florida Atlantic,American Athletic,2026,92,12,0.1079005807865989,0.4021739130434782,1.123977189197295,0.8,0.1111111111111111,2.6666666666666665,,68,11,0.6214577657732879,0.5441176470588235,1.5513849234480332,1.0,0.1,3.415,0.103
2026-09-08,Florida International,Conference USA,2026,76,10,0.1106554334008039,0.3815789473684211,1.1286561605558318,0.5,0.25,2.4875,,58,9,-0.0627460596868576,0.4310344827586206,0.6493252074099518,0.8,0.2432432432432432,2.216216216216216,0.155
2026-09-08,Florida State,ACC,2026,134,22,0.2424691694189232,0.4104477611940298,1.3738286847147458,0.5,0.1392405063291139,3.312658227848101,,134,21,0.2678980507336072,0.4477611940298507,1.420966285728235,0.8333333333333334,0.1176470588235294,3.1549019607843136,0.127
2026-09-08,Fresno State,Pac-12,2026,45,10,-0.3361342907596831,0.2222222222222222,1.0430569433281442,0.0,0.25,2.0458333333333334,,69,10,0.3329910433772204,0.5362318840579711,1.2523425346671877,0.6,0.2564102564102564,2.67948717948718,0.116
2026-09-08,Georgia,SEC,2026,61,12,0.7432765199543512,0.7049180327868853,1.3166694327058304,1.0,0.074074074074074,4.692592592592592,,59,12,-0.098492900176064,0.3050847457627119,0.9076081443193394,0.5,0.3448275862068966,1.3448275862068966,0.169
2026-09-08,Georgia Southern,Sun Belt,2026,80,13,0.2672860733180602,0.4625,1.301211044217893,0.5,0.1212121212121212,3.4393939393939394,,63,13,-0.3198180179468932,0.1746031746031746,1.3742976064793733,1.0,0.3461538461538461,0.7115384615384616,0.651
2026-09-08,Georgia State,Sun Belt,2026,71,12,0.506821618296269,0.5915492957746479,1.1174212531004228,0.8,0.0526315789473684,4.339473684210526,,55,12,-0.0651855131693598,0.2909090909090909,1.342072137645949,,0.2,2.852,0.2
2026-09-08,Georgia Tech,ACC,2026,54,9,0.0740220685733517,0.3703703703703703,1.2001545717095805,0.3333333333333333,0.4444444444444444,1.903703703703704,,77,10,0.052210909874857,0.3766233766233766,1.1248231734306042,1.0,0.108695652173913,2.730434782608696,0.143
2026-09-08,Hawai'i,Mountain West,2026,154,25,-0.0067799020486064,0.3441558441558441,1.257467947844597,0.7777777777777778,0.14,3.396,,137,25,0.246843337573555,0.4160583941605839,1.295609264698933,0.6666666666666666,0.125,3.40875,0.102
2026-09-08,Houston,Big 12,2026,74,11,0.3122472695613982,0.5,1.2537336272714703,0.8571428571428571,0.15,3.3325,,74,12,0.1828788459074729,0.4054054054054054,1.341138665590374,0.5,0.0476190476190476,2.833333333333333,0.216
2026-09-08,Illinois,Big Ten,2026,44,8,0.5293505291335725,0.5681818181818182,1.3542485462010816,0.6,0.2307692307692307,2.976923076923077,,79,8,0.1391305222352757,0.430379746835443,1.246176627641464,0.75,0.1304347826086956,3.252173913043478,0.139
2026-09-08,Indiana,Big Ten,2026,46,9,0.6535582337217621,0.5217391304347826,1.639593578555076,0.8,0.1333333333333333,2.4966666666666666,,69,10,0.1345556840920811,0.3478260869565217,1.5483256457053565,0.0,0.1351351351351351,2.983783783783784,0.13
2026-09-08,Iowa,Big Ten,2026,79,13,0.0613173930418565,0.4177215189873418,1.2457000747090123,0.2857142857142857,0.2105263157894736,3.294736842105263,,58,15,-0.3317320736505182,0.1724137931034483,1.3677541941329785,1.0,0.28,1.668,0.207
2026-09-08,Iowa State,Big 12,2026,48,12,0.2446671684503538,0.3541666666666667,1.764868764741519,0.0,0.2,2.543333333333333,,69,13,-0.0595235618745478,0.2753623188405797,1.3903288614258686,0.6666666666666666,0.1463414634146341,2.1463414634146343,0.246
2026-09-08,Jacksonville State,Conference USA,2026,118,20,0.1409216220392592,0.4661016949152542,1.2756491209849268,0.7272727272727273,0.1551724137931034,2.9517241379310346,,127,20,0.0544449670414666,0.4015748031496063,1.1417088748135955,0.625,0.2125,2.80125,0.15
2026-09-08,James Madison,Sun Belt,2026,50,9,0.2797625024195963,0.38,1.2501062601953608,0.6666666666666666,0.2258064516129032,3.07741935483871,,69,9,0.028036219506202,0.3768115942028985,1.183714063723734,0.8,0.1351351351351351,2.310810810810811,0.13
2026-09-08,Kansas,Big 12,2026,78,10,0.5690429634370339,0.5897435897435898,1.298893771602378,0.5,0.0196078431372549,3.931372549019608,,54,11,-0.1761484717280324,0.2222222222222222,1.0166439202905828,1.0,0.3666666666666666,1.22,0.296
2026-09-08,Kansas State,Big 12,2026,72,12,0.5878935481737257,0.6527777777777778,1.2411157855790529,1.0,0.1136363636363636,3.788636363636364,,61,14,-0.2760781802900377,0.2295081967213114,1.3872082973968078,0.5,0.4102564102564102,1.2461538461538462,0.295
2026-09-08,Kennesaw State,Conference USA,2026,82,14,0.2889238382699472,0.573170731707317,1.1398710550423496,0.7777777777777778,0.1521739130434782,3.265217391304348,,53,14,-0.2481023479251471,0.1509433962264151,0.8919515753149165,1.0,0.25,1.8333333333333333,0.17
2026-09-08,Kent State,Mid-American,2026,49,10,-0.0380765202042578,0.2653061224489796,1.461049533469705,0.5,0.2083333333333333,2.7333333333333334,,74,10,0.6831768049116431,0.6891891891891891,1.208883909759148,0.8333333333333334,0.0769230769230769,4.058974358974359,0.068
2026-09-08,Kentucky,SEC,2026,61,11,0.5623068202509097,0.6065573770491803,1.1980918561404976,0.8,0.1818181818181818,4.121212121212121,,67,9,0.0772411219735421,0.417910447761194,1.1461380400647427,1.0,0.1923076923076923,2.0346153846153845,0.164
2026-09-08,Liberty,Conference USA,2026,69,9,0.028036219506202,0.3768115942028985,1.183714063723734,0.8,0.1351351351351351,2.310810810810811,,50,9,0.2797625024195963,0.38,1.2501062601953608,0.6666666666666666,0.2258064516129032,3.07741935483871,0.14
2026-09-08,Louisiana,Sun Belt,2026,68,11,0.3053660874098186,0.5441176470588235,1.155678147450766,0.75,0.1794871794871795,3.607692307692308,,62,11,-0.1221986707464751,0.4032258064516129,0.9773658675896196,0.5,0.2962962962962963,2.05925925925926,0.242
2026-09-08,Louisiana Tech,Sun Belt,2026,60,14,0.5986198567843053,0.4666666666666667,1.8154251680408937,1.0,0.1351351351351351,3.3378378378378377,,63,15,-0.2386179520556736,0.1746031746031746,1.0281713988788377,1.0,0.3181818181818182,1.3227272727272728,0.333
2026-09-08,Louisville,ACC,2026,68,13,0.3886189696343456,0.4558823529411764,1.5103542544262112,0.8,0.25,2.325,,80,13,0.2976736148603684,0.4625,1.3097367268750522,0.6363636363636364,0.1428571428571428,3.083333333333333,0.113
2026-09-08,LSU,SEC,2026,95,12,0.4186847892890937,0.5368421052631579,1.335477872163365,0.7777777777777778,0.0862068965517241,3.532758620689655,,50,13,-0.2678767676397615,0.24,0.9456595506388836,0.6666666666666666,0.3181818181818182,1.9363636363636365,0.28
2026-09-08,Marshall,Sun Belt,2026,55,12,-0.1678505565616108,0.2909090909090909,0.8874228649697032,0.5,0.4166666666666667,1.0458333333333334,,74,12,0.4220959538823401,0.5135135135135135,1.2946795341133903,0.8571428571428571,0.1363636363636363,3.1204545454545456,0.095
2026-09-08,Maryland,Big Ten,2026,79,13,0.5036550588589878,0.5949367088607594,1.2417666249097736,0.8333333333333334,0.125,4.405,,52,13,-0.2430595105951239,0.2307692307692307,0.9748639489021425,0.3333333333333333,0.3076923076923077,1.3115384615384615,0.269
2026-09-08,Massachusetts,Mid-American,2026,65,12,0.3299726417466155,0.5230769230769231,1.040597861761411,0.7142857142857143,0.175,3.375,,63,12,0.2030959004306255,0.3968253968253968,1.561455323235606,0.6,0.25,1.93,0.27
2026-09-08,Memphis,American Athletic,2026,124,24,0.3942942997514205,0.4838709677419355,1.3027581020209116,0.7142857142857143,0.1,3.74625,,141,25,0.1058050876927993,0.4042553191489361,1.354451927678599,0.8888888888888888,0.15,2.955,0.177
2026-09-08,Miami,ACC,2026,69,11,0.4612526864487724,0.5507246376811594,1.3520221510306736,1.0,0.1875,2.8875,,66,11,0.0199037664025885,0.3333333333333333,1.055218786150604,1.0,0.2272727272727272,2.65,0.106
2026-09-08,Miami (OH),Mid-American,2026,59,12,0.1140105096966495,0.3220338983050847,1.5292950729514845,1.0,0.1578947368421052,2.1894736842105265,,77,12,0.4266562668926378,0.5454545454545454,1.338185183481556,0.6,0.2,3.2466666666666666,0.078
2026-09-08,Michigan,Big Ten,2026,48,10,0.2355175415917992,0.4375,1.0790058466360366,0.75,0.0833333333333333,3.395833333333333,,70,11,-0.0368689615872864,0.3285714285714285,1.0681220061704584,0.6666666666666666,0.1818181818181818,2.6613636363636366,0.157
2026-09-08,Michigan State,Big Ten,2026,85,11,0.022631845773767,0.3764705882352941,1.097389911197236,0.3333333333333333,0.2127659574468085,2.797872340425532,,42,10,0.2841846990486799,0.2857142857142857,2.3449878397908352,0.0,0.4444444444444444,1.1388888888888888,0.262
2026-09-08,Middle Tennessee,Conference USA,2026,50,8,0.401691514611645,0.5,1.3001270636879156,0.5,0.0909090909090909,4.445454545454545,,50,9,0.1356520793081277,0.44,1.1883566697542824,0.8333333333333334,0.1481481481481481,3.1259259259259258,0.1
2026-09-08,Minnesota,Big Ten,2026,73,10,0.3421457792096198,0.6027397260273972,0.9752231854912968,0.6666666666666666,0.2307692307692307,2.4615384615384617,,46,13,-0.3840088027265944,0.108695652173913,1.6579740660748787,0.0,0.4444444444444444,1.325925925925926,0.283
2026-09-08,Mississippi State,SEC,2026,79,13,0.6380275101586687,0.5822784810126582,1.4780996639334054,1.0,0.1351351351351351,4.127027027027027,,71,13,-0.0252092266627155,0.2957746478873239,1.0528206054479607,0.4,0.1052631578947368,2.860526315789474,0.155
2026-09-08,Missouri,SEC,2026,79,12,0.3784876683810738,0.569620253164557,1.188936592060183,0.5714285714285714,0.1590909090909091,3.5454545454545454,,54,11,0.0165177642353872,0.2777777777777778,1.51228387460059,1.0,0.25,2.8321428571428573,0.167
2026-09-08,Missouri State,Conference USA,2026,41,11,-0.2441222919654586,0.1707317073170731,0.9332823449213844,0.5,0.2608695652173913,1.6434782608695653,,89,12,0.3513233344986824,0.5842696629213483,1.0755940232268968,1.0,0.1041666666666666,3.925,0.124
2026-09-08,Navy,American Athletic,2026,79,9,0.4802728873687856,0.6329113924050633,1.0216068152464193,1.0,0.0547945205479452,4.2753424657534245,,42,9,0.0528506485666738,0.2857142857142857,1.901970348855324,,0.1764705882352941,3.264705882352941,0.119
2026-09-08,NC State,ACC,2026,51,12,-0.1438403681738571,0.3137254901960784,0.533800638173952,1.0,0.1363636363636363,3.140909090909091,,71,12,0.2726220404086543,0.4788732394366197,1.0612371845133193,0.8333333333333334,0.1428571428571428,3.305357142857143,0.056
2026-09-08,Nebraska,Big Ten,2026,74,11,0.4925288347703889,0.5135135135135135,1.5427897743871417,0.8333333333333334,0.15,3.675,,68,12,0.1275262112846398,0.3529411764705882,1.3292957874323883,1.0,0.1290322580645161,3.396774193548388,0.206
2026-09-08,Nevada,Mountain West,2026,59,12,0.556278847672138,0.5084745762711864,1.6496693482013214,0.8571428571428571,0.1904761904761904,3.530952380952381,,84,12,0.0656228862120106,0.4404761904761904,0.9007840660809396,0.6666666666666666,0.1951219512195122,2.995121951219512,0.119
2026-09-08,New Mexico,Mountain West,2026,71,10,0.2187107716098358,0.4929577464788732,0.9281654236514942,1.0,0.0714285714285714,3.657142857142857,,49,10,-0.0521819579954481,0.2653061224489796,1.2713447189179048,0.6666666666666666,0.0333333333333333,2.8266666666666667,0.204
2026-09-08,New Mexico State,Conference USA,2026,133,22,0.288950842507434,0.4210526315789473,1.5581760293115774,0.6666666666666666,0.15,3.341666666666667,,126,23,0.1326270064301136,0.4047619047619047,1.2608012888937177,0.8,0.2063492063492063,3.13015873015873,0.135
2026-09-08,North Carolina,ACC,2026,58,10,0.1071523441641766,0.4655172413793103,0.9192743541669988,0.0,0.1481481481481481,3.425925925925926,,72,10,-0.0458685004165221,0.3333333333333333,1.216164722081157,0.8,0.1944444444444444,2.4472222222222224,0.153
2026-09-08,North Dakota State,Mountain West,2026,138,19,0.2389024157458295,0.4565217391304347,1.159685581066689,0.6666666666666666,0.1728395061728395,3.011111111111111,,105,21,-0.3131041177462083,0.3047619047619048,0.9891098805419768,0.5,0.2115384615384615,1.7596153846153846,0.21
2026-09-08,Northern Illinois,Mountain West,2026,58,15,-0.3317320736505182,0.1724137931034483,1.3677541941329785,1.0,0.28,1.668,,79,13,0.0613173930418565,0.4177215189873418,1.2457000747090123,0.2857142857142857,0.2105263157894736,3.294736842105263,0.114
2026-09-08,North Texas,American Athletic,2026,69,10,0.1345556840920811,0.3478260869565217,1.5483256457053565,0.0,0.1351351351351351,2.983783783783784,,46,9,0.6535582337217621,0.5217391304347826,1.639593578555076,0.8,0.1333333333333333,2.4966666666666666,0.043
2026-09-08,Northwestern,Big Ten,2026,55,11,0.4796492784465596,0.509090909090909,1.4850398029259404,1.0,0.1071428571428571,3.95,,90,12,0.1283813331936487,0.4222222222222222,1.0576414342835372,0.7777777777777778,0.131578947368421,3.305263157894737,0.189
2026-09-08,Notre Dame,FBS Independents,2026,63,10,0.34906816757153,0.4603174603174603,1.111044132357502,0.75,0.032258064516129,2.770967741935484,,61,10,0.0717450532807693,0.3770491803278688,1.2644111837126035,0.75,0.2068965517241379,2.358620689655172,0.213
2026-09-08,Ohio,Mid-American,2026,68,12,0.1275262112846398,0.3529411764705882,1.3292957874323883,1.0,0.1290322580645161,3.396774193548388,,74,11,0.4925288347703889,0.5135135135135135,1.5427897743871417,0.8333333333333334,0.15,3.675,0.149
2026-09-08,Ohio State,Big Ten,2026,73,12,0.6666069358406588,0.5616438356164384,1.448948844124814,0.75,0.1818181818181818,3.3181818181818183,,62,13,-0.2423253831274824,0.2096774193548387,1.3049899715616444,,0.3181818181818182,1.2,0.226
2026-09-08,Oklahoma,SEC,2026,60,11,0.3871905835315659,0.55,1.1941828089991482,0.5714285714285714,0.2368421052631578,2.876315789473684,,59,13,-0.2513514097581535,0.3389830508474576,0.9392952091081728,0.0,0.2941176470588235,1.5676470588235294,0.271
2026-09-08,Oklahoma State,Big 12,2026,88,12,-0.070655818794617,0.3636363636363636,1.0309825186683157,0.5,0.2222222222222222,2.7916666666666665,,58,12,0.1864318063964714,0.4137931034482758,1.0851431714647468,1.0,0.1515151515151515,2.763636363636364,0.121
2026-09-08,Old Dominion,Sun Belt,2026,57,12,0.2183864577720761,0.4210526315789473,1.403199988382679,0.3333333333333333,0.25,2.7475,,61,11,-0.2098210149796944,0.2622950819672131,1.0102859391372834,0.5,0.2368421052631578,2.281578947368421,0.246
2026-09-08,Ole Miss,SEC,2026,80,13,0.2976736148603684,0.4625,1.3097367268750522,0.6363636363636364,0.1428571428571428,3.083333333333333,,68,13,0.3886189696343456,0.4558823529411764,1.5103542544262112,0.8,0.25,2.325,0.162
2026-09-08,Oregon,Big Ten,2026,64,13,0.2770903671236243,0.453125,1.5147413609415246,0.6666666666666666,0.125,3.2375,,67,13,0.112630052976283,0.3582089552238806,1.0180962329024892,1.0,0.1212121212121212,2.9212121212121214,0.134
2026-09-08,Oregon State,Pac-12,2026,74,12,0.1828788459074729,0.4054054054054054,1.341138665590374,0.5,0.0476190476190476,2.833333333333333,,74,11,0.3122472695613982,0.5,1.2537336272714703,0.8571428571428571,0.15,3.3325,0.135
2026-09-08,Penn State,Big Ten,2026,74,12,0.4220959538823401,0.5135135135135135,1.2946795341133903,0.8571428571428571,0.1363636363636363,3.1204545454545456,,55,12,-0.1678505565616108,0.2909090909090909,0.8874228649697032,0.5,0.4166666666666667,1.0458333333333334,0.255
2026-09-08,Pittsburgh,ACC,2026,77,12,0.4266562668926378,0.5454545454545454,1.338185183481556,0.6,0.2,3.2466666666666666,,59,12,0.1140105096966495,0.3220338983050847,1.5292950729514845,1.0,0.1578947368421052,2.1894736842105265,0.102
2026-09-08,Purdue,Big Ten,2026,74,10,0.3720946010569115,0.5,1.1765932198339826,1.0,0.0526315789473684,3.713157894736842,,48,10,0.0076184507009966,0.2708333333333333,2.3625129116735217,1.0,0.3809523809523809,1.7857142857142858,0.292
2026-09-08,Rice,American Athletic,2026,82,10,0.2330716591590226,0.5365853658536586,0.9398508399655154,0.7142857142857143,0.0714285714285714,4.098571428571429,,59,9,-0.1237149255808005,0.3050847457627119,1.1672615609152817,0.3333333333333333,0.1818181818181818,2.8151515151515154,0.22
2026-09-08,Rutgers,Big Ten,2026,63,12,0.2030959004306255,0.3968253968253968,1.561455323235606,0.6,0.25,1.93,,65,12,0.3299726417466155,0.5230769230769231,1.040597861761411,0.7142857142857143,0.175,3.375,0.092
2026-09-08,Sacramento State,Mid-American,2026,136,28,0.1433571306032177,0.4117647058823529,1.2100326346283852,0.7142857142857143,0.2758620689655172,2.3344827586206898,,123,28,-0.0377164501393858,0.3170731707317073,1.249205121713904,0.8,0.1724137931034483,2.446551724137931,0.179
2026-09-08,Sam Houston,Conference USA,2026,70,12,0.1679615358354406,0.4714285714285714,1.2051346981627544,0.5,0.4,1.775,,69,14,0.1569078614264043,0.3333333333333333,1.656527031513981,0.0,0.282051282051282,2.6666666666666665,0.217
2026-09-08,San Diego State,Pac-12,2026,64,12,0.2275570300504772,0.46875,1.1621448616114909,0.5454545454545454,0.225,3.11,,81,14,0.0271101214147896,0.419753086419753,0.8928353503546071,0.8333333333333334,0.1034482758620689,3.213793103448276,0.099
2026-09-08,San José State,Mountain West,2026,135,26,0.1654454108123683,0.3777777777777777,1.403736148990978,0.5,0.2241379310344827,2.8948275862068966,,146,24,0.1926127829579521,0.4863013698630137,0.9437116819457052,0.9333333333333332,0.1269841269841269,3.0793650793650795,0.116
2026-09-08,SMU,ACC,2026,67,11,0.3731393852771628,0.5522388059701493,1.2869920757845814,0.6666666666666666,0.1290322580645161,3.2774193548387096,,67,12,0.1942759989222807,0.373134328358209,1.4367549195963938,0.3333333333333333,0.1219512195121951,3.1926829268292685,0.06
2026-09-08,South Alabama,Sun Belt,2026,88,11,0.1679081659755002,0.4204545454545454,1.1090388260054005,0.8,0.1403508771929824,3.333333333333333,,37,10,0.1680093831906549,0.4054054054054054,1.3108139148186486,0.25,0.3125,1.46875,0.297
2026-09-08,South Carolina,SEC,2026,74,10,0.6831768049116431,0.6891891891891891,1.208883909759148,0.8333333333333334,0.0769230769230769,4.058974358974359,,49,10,-0.0380765202042578,0.2653061224489796,1.461049533469705,0.5,0.2083333333333333,2.7333333333333334,0.143
2026-09-08,Southern Miss,Sun Belt,2026,85,12,0.4021821758857622,0.5882352941176471,1.0704689502182791,0.8461538461538461,0.0701754385964912,4.026315789473684,,61,13,-0.1276766015263514,0.2131147540983606,1.646759392614464,,0.3142857142857143,2.037142857142857,0.213
2026-09-08,South Florida,American Athletic,2026,58,9,-0.0627460596868576,0.4310344827586206,0.6493252074099518,0.8,0.2432432432432432,2.216216216216216,,76,10,0.1106554334008039,0.3815789473684211,1.1286561605558318,0.5,0.25,2.4875,0.158
2026-09-08,Stanford,ACC,2026,139,24,0.1808381606267126,0.39568345323741,1.1457214486158334,0.8571428571428571,0.1694915254237288,2.886440677966102,,145,25,0.245147869709458,0.4482758620689655,1.3156744634857456,1.0,0.1509433962264151,2.922641509433962,0.124
2026-09-08,Syracuse,ACC,2026,78,13,0.35126503570932,0.5256410256410257,1.3123860866084411,0.875,0.15,3.5125,,63,14,-0.2563055947546812,0.2698412698412698,0.8887481994400394,0.75,0.2333333333333333,1.6033333333333333,0.254
2026-09-08,TCU,Big 12,2026,72,10,-0.0458685004165221,0.3333333333333333,1.216164722081157,0.8,0.1944444444444444,2.4472222222222224,,58,10,0.1071523441641766,0.4655172413793103,0.9192743541669988,0.0,0.1481481481481481,3.425925925925926,0.155
2026-09-08,Temple,American Athletic,2026,63,10,0.1701631807567049,0.4603174603174603,1.1362662343770378,0.8571428571428571,0.1860465116279069,2.9465116279069767,,62,12,-0.0226790900205711,0.3870967741935484,1.1767906357894466,0.8,0.2857142857142857,2.317857142857143,0.226
2026-09-08,Tennessee,SEC,2026,74,13,0.5691980477008708,0.581081081081081,1.2840787312058908,0.8333333333333334,0.108695652173913,3.771739130434783,,60,14,-0.1261539060436249,0.25,1.167568813131016,0.0,0.2758620689655172,2.996551724137931,0.267
2026-09-08,Texas,SEC,2026,70,9,0.4586510146705653,0.5,1.579697637253443,0.8,0.2857142857142857,2.5342857142857143,,73,11,0.1390521539854218,0.410958904109589,1.1274872950767767,0.6,0.2051282051282051,2.6256410256410256,0.205
2026-09-08,Texas A&M,SEC,2026,89,12,0.3513233344986824,0.5842696629213483,1.0755940232268968,1.0,0.1041666666666666,3.925,,41,11,-0.2441222919654586,0.1707317073170731,0.9332823449213844,0.5,0.2608695652173913,1.6434782608695653,0.293
2026-09-08,Texas State,Pac-12,2026,73,11,0.1390521539854218,0.410958904109589,1.1274872950767767,0.6,0.2051282051282051,2.6256410256410256,,70,9,0.4586510146705653,0.5,1.579697637253443,0.8,0.2857142857142857,2.5342857142857143,0.171
2026-09-08,Texas Tech,Big 12,2026,74,11,0.2785300204187715,0.5,1.0471550507298784,0.7777777777777778,0.1538461538461538,3.3461538461538463,,63,10,-0.1380251385043791,0.2698412698412698,1.2673339554332412,0.5,0.1923076923076923,2.8384615384615386,0.238
2026-09-08,Toledo,Mid-American,2026,42,10,0.2841846990486799,0.2857142857142857,2.3449878397908352,0.0,0.4444444444444444,1.1388888888888888,,85,11,0.022631845773767,0.3764705882352941,1.097389911197236,0.3333333333333333,0.2127659574468085,2.797872340425532,0.106
2026-09-08,Troy,Sun Belt,2026,69,14,0.1569078614264043,0.3333333333333333,1.656527031513981,0.0,0.282051282051282,2.6666666666666665,,70,12,0.1679615358354406,0.4714285714285714,1.2051346981627544,0.5,0.4,1.775,0.229
2026-09-08,Tulane,American Athletic,2026,55,12,0.0040917519043523,0.3090909090909091,0.7971508910071232,1.0,0.1304347826086956,2.9565217391304346,,78,13,-0.0505656875484706,0.2948717948717949,1.239953895912352,1.0,0.1836734693877551,3.0408163265306123,0.09
2026-09-08,Tulsa,American Athletic,2026,58,12,0.1864318063964714,0.4137931034482758,1.0851431714647468,1.0,0.1515151515151515,2.763636363636364,,88,12,-0.070655818794617,0.3636363636363636,1.0309825186683157,0.5,0.2222222222222222,2.7916666666666665,0.102
2026-09-08,UAB,American Athletic,2026,79,8,0.1391305222352757,0.430379746835443,1.246176627641464,0.75,0.1304347826086956,3.252173913043478,,44,8,0.5293505291335725,0.5681818181818182,1.3542485462010816,0.6,0.2307692307692307,2.976923076923077,0.045
2026-09-08,UCF,Big 12,2026,62,13,0.5493339803795543,0.5645161290322581,1.4108685998253796,1.0,0.081081081081081,4.386486486486486,,62,15,-0.1629071620565535,0.2096774193548387,1.219168347266829,1.0,0.3157894736842105,1.923684210526316,0.226
2026-09-08,UCLA,Big Ten,2026,53,14,0.4197846779080366,0.5660377358490566,1.2513254603824528,1.0,0.0344827586206896,4.813793103448276,,89,14,0.1330628286155295,0.3370786516853932,1.4836215579250065,0.6666666666666666,0.2051282051282051,2.528205128205128,0.191
2026-09-08,UConn,FBS Independents,2026,74,14,0.5732783853066649,0.5135135135135135,1.5911999117333786,0.3333333333333333,0.15,3.855,,72,13,-0.1583014250977013,0.2777777777777778,0.8956382174474538,0.6666666666666666,0.2142857142857142,2.3857142857142857,0.153
2026-09-08,UL Monroe,Sun Belt,2026,71,13,-0.0252092266627155,0.2957746478873239,1.0528206054479607,0.4,0.1052631578947368,2.860526315789474,,79,13,0.6380275101586687,0.5822784810126582,1.4780996639334054,1.0,0.1351351351351351,4.127027027027027,0.101
2026-09-08,UNLV,Mountain West,2026,145,25,0.1200261378324966,0.3517241379310344,1.4413345772565798,0.6666666666666666,0.1428571428571428,3.3025974025974025,,137,23,0.0892851354528906,0.3941605839416058,1.1660859456751205,0.7142857142857143,0.1129032258064516,3.875806451612904,0.168
2026-09-08,USC,Big Ten,2026,146,20,0.363397412337942,0.6027397260273972,1.036874418468907,0.8,0.1818181818181818,3.1818181818181817,,102,20,-0.0273655770706078,0.3431372549019608,1.1708350034918942,0.0,0.2340425531914893,2.363829787234043,0.157
2026-09-08,Utah,Big 12,2026,77,13,0.5107474991645495,0.5714285714285714,1.3617321828088478,0.75,0.1428571428571428,4.116326530612245,,62,13,0.1373547685990896,0.3387096774193548,1.262352149239576,1.0,0.2,2.256666666666667,0.129
2026-09-08,Utah State,Pac-12,2026,89,12,0.0953408762518156,0.4269662921348314,1.1945320367732557,0.25,0.1627906976744186,3.4511627906976745,,65,13,0.0339441781809636,0.3538461538461538,1.0966029950577263,0.6666666666666666,0.1785714285714285,2.242857142857143,0.092
2026-09-08,UTEP,Mountain West,2026,59,13,-0.2513514097581535,0.3389830508474576,0.9392952091081728,0.0,0.2941176470588235,1.5676470588235294,,60,11,0.3871905835315659,0.55,1.1941828089991482,0.5714285714285714,0.2368421052631578,2.876315789473684,0.117
2026-09-08,UTSA,American Athletic,2026,60,12,0.5144231919895464,0.6333333333333333,1.0998644890074278,1.0,0.1034482758620689,3.7655172413793103,,82,13,-0.0637788059466083,0.3780487804878049,1.0540254394047484,0.3333333333333333,0.1818181818181818,3.118181818181818,0.183
2026-09-08,Vanderbilt,SEC,2026,63,8,0.2825170243631735,0.4761904761904761,1.061975081924216,0.75,0.081081081081081,3.5,,47,10,0.0290448960751272,0.3404255319148936,1.186345828828299,1.0,0.2105263157894736,3.226315789473684,0.128
2026-09-08,Virginia,ACC,2026,71,12,0.2726220404086543,0.4788732394366197,1.0612371845133193,0.8333333333333334,0.1428571428571428,3.305357142857143,,51,12,-0.1438403681738571,0.3137254901960784,0.533800638173952,1.0,0.1363636363636363,3.140909090909091,0.255
2026-09-08,Virginia Tech,ACC,2026,74,14,0.5374711897037322,0.6486486486486487,1.1019539523073911,0.9,0.024390243902439,4.102439024390244,,57,15,-0.4448745270780552,0.087719298245614,1.8471598449248687,,0.5897435897435898,-0.2461538461538461,0.386
2026-09-08,Wake Forest,ACC,2026,68,11,0.4775889473352314,0.4264705882352941,1.5275719114401596,0.8,0.15625,3.265625,,70,11,0.0219793074667645,0.5,0.7212615614875549,0.6,0.1818181818181818,3.103030303030303,0.143
2026-09-08,Washington,Big Ten,2026,64,12,0.0779716429331925,0.46875,1.0665805293728612,0.5,0.25,2.753571428571429,,58,11,-0.0327383497923566,0.3103448275862069,1.0264346254160943,,0.3103448275862069,2.310344827586207,0.293
2026-09-08,Washington State,Pac-12,2026,58,11,-0.0327383497923566,0.3103448275862069,1.0264346254160943,0.0,0.3103448275862069,2.310344827586207,,64,12,0.0779716429331925,0.46875,1.0665805293728612,0.5,0.25,2.753571428571429,0.078
2026-09-08,Western Kentucky,Conference USA,2026,84,12,0.0656228862120106,0.4404761904761904,0.9007840660809396,0.6666666666666666,0.1951219512195122,2.995121951219512,,59,12,0.556278847672138,0.5084745762711864,1.6496693482013214,0.8571428571428571,0.1904761904761904,3.530952380952381,0.068
2026-09-08,Western Michigan,Mid-American,2026,70,11,-0.0368689615872864,0.3285714285714285,1.0681220061704584,0.6666666666666666,0.1818181818181818,2.6613636363636366,,48,10,0.2355175415917992,0.4375,1.0790058466360366,0.75,0.0833333333333333,3.395833333333333,0.167
2026-09-08,West Virginia,Big 12,2026,77,14,0.1253120460127239,0.4155844155844156,1.017712015705272,0.75,0.15,2.725,,65,13,0.2190866513645281,0.4307692307692308,1.513683842396193,0.6666666666666666,0.32,1.944,0.262
2026-09-08,Wisconsin,Big Ten,2026,61,10,0.0717450532807693,0.3770491803278688,1.2644111837126035,0.75,0.2068965517241379,2.358620689655172,,63,10,0.34906816757153,0.4603174603174603,1.111044132357502,0.75,0.032258064516129,2.770967741935484,0.111
2026-09-08,Wyoming,Mountain West,2026,55,11,-0.0251076991146114,0.4181818181818181,0.899961606833427,1.0,0.1212121212121212,3.3545454545454545,,68,11,0.3012418203750481,0.4852941176470588,1.2087905981747544,1.0,0.2121212121212121,2.4939393939393937,0.118
2026-09-09,Air Force,Mountain West,2026,79,9,0.398894580108972,0.5443037974683544,0.9961783497840124,1.0,0.0422535211267605,4.357746478873239,,45,9,-0.248118563368299,0.2222222222222222,1.1005872277594584,1.0,0.25,2.47,0.178
2026-09-09,Akron,Mid-American,2026,70,11,0.0219793074667645,0.5,0.7212615614875549,0.6,0.1818181818181818,3.103030303030303,,68,11,0.4775889473352314,0.4264705882352941,1.5275719114401596,0.8,0.15625,3.265625,0.132
2026-09-09,Alabama,SEC,2026,80,11,0.2921555691005923,0.525,1.1065101966937536,0.8333333333333334,0.1666666666666666,3.25,,41,12,-0.1985433161778543,0.2195121951219512,1.548265437530798,0.0,0.3684210526315789,0.131578947368421,0.195
2026-09-09,App State,Sun Belt,2026,74,10,0.607856950791685,0.6486486486486487,1.2037359766532605,1.0,0.1025641025641025,3.587179487179488,,61,11,-0.070753508433127,0.3114754098360656,1.2470294348667017,0.0,0.3076923076923077,1.696153846153846,0.213
2026-09-09,Arizona,Big 12,2026,74,13,0.2162055092878395,0.6081081081081081,0.9333031860410906,1.0,0.0303030303030303,4.409090909090909,,53,11,-0.2286260997681982,0.1698113207547169,1.7768342308359768,,0.4375,1.33125,0.34
2026-09-09,Arizona State,Big 12,2026,71,12,0.6811056989560571,0.5774647887323944,1.6060940675308155,1.0,0.1428571428571428,3.145714285714286,,52,12,-0.0543715412788205,0.3076923076923077,0.9935711179315884,0.6666666666666666,0.0869565217391304,3.0217391304347827,0.115
2026-09-09,Arkansas,SEC,2026,84,13,0.1762496985985374,0.5238095238095238,0.9434584968366112,0.7777777777777778,0.217391304347826,2.5804347826086955,,45,13,-0.0746171455673535,0.2666666666666666,1.053617978511065,,0.2631578947368421,1.8473684210526315,0.222
2026-09-09,Arkansas State,Sun Belt,2026,60,12,0.1251568147001252,0.5,1.25818527156254,0.8333333333333334,0.1153846153846153,3.2192307692307693,,65,12,0.4907125992882863,0.4923076923076923,1.4906452469735614,0.6,0.1276595744680851,3.546808510638298,0.092
2026-09-09,Army,American Athletic,2026,72,12,0.68581428710163,0.6527777777777778,1.287193457096531,0.8333333333333334,0.0526315789473684,4.65438596491228,,54,11,-0.1061496906379418,0.3148148148148148,0.8508825653985219,0.6666666666666666,0.2413793103448276,2.317241379310345,0.204
2026-09-09,Auburn,SEC,2026,75,13,0.028237977212608,0.3866666666666666,1.1601768480225931,1.0,0.2285714285714285,2.6742857142857144,,101,13,0.0541744150425169,0.3861386138613861,1.2316141474915536,0.4,0.2325581395348837,2.097674418604651,0.198
2026-09-09,Ball State,Mid-American,2026,62,13,-0.2423253831274824,0.2096774193548387,1.3049899715616444,0.0,0.3181818181818182,1.2,,73,12,0.6666069358406588,0.5616438356164384,1.448948844124814,0.75,0.1818181818181818,3.3181818181818183,0.11
2026-09-09,Baylor,Big 12,2026,101,13,0.0541744150425169,0.3861386138613861,1.2316141474915536,0.4,0.2325581395348837,2.097674418604651,,75,13,0.028237977212608,0.3866666666666666,1.1601768480225931,1.0,0.2285714285714285,2.6742857142857144,0.24
2026-09-09,Boise State,Pac-12,2026,67,13,0.112630052976283,0.3582089552238806,1.0180962329024892,1.0,0.1212121212121212,2.9212121212121214,,64,13,0.2770903671236243,0.453125,1.5147413609415246,0.6666666666666666,0.125,3.2375,0.156
2026-09-09,Boston College,ACC,2026,73,11,0.1148708905860701,0.3972602739726027,1.321991243096292,1.0,0.2,3.182857142857143,,62,12,0.2410406579313317,0.3870967741935484,1.255243118893256,1.0,0.0909090909090909,3.5568181818181817,0.113
2026-09-09,Bowling Green,Mid-American,2026,66,10,0.0252616008758181,0.3939393939393939,0.9845141517309268,0.5,0.25,2.308333333333333,,59,10,0.147050749791919,0.3898305084745763,1.3986920519909742,0.5,0.25,2.909375,0.085
2026-09-09,Buffalo,Mid-American,2026,83,15,0.1523137913791646,0.3975903614457831,1.1454912933763308,1.0,0.1818181818181818,2.9909090909090907,,72,14,-0.0495205233949304,0.2916666666666667,1.290213068638229,0.6666666666666666,0.2857142857142857,2.35,0.194
2026-09-09,BYU,Big 12,2026,70,11,0.5424702666968887,0.6571428571428571,1.0634948151667478,0.8333333333333334,0.0666666666666666,4.348888888888889,,57,12,-0.1092276625777366,0.3157894736842105,1.1129858127235353,1.0,0.25,1.5375,0.193
2026-09-09,California,ACC,2026,89,14,0.1330628286155295,0.3370786516853932,1.4836215579250065,0.6666666666666666,0.2051282051282051,2.528205128205128,,53,14,0.4197846779080366,0.5660377358490566,1.2513254603824528,1.0,0.0344827586206896,4.813793103448276,0.17
2026-09-09,Central Michigan,Mid-American,2026,49,10,-0.0521819579954481,0.2653061224489796,1.2713447189179048,0.6666666666666666,0.0333333333333333,2.8266666666666667,,71,10,0.2187107716098358,0.4929577464788732,0.9281654236514942,1.0,0.0714285714285714,3.657142857142857,0.085
2026-09-09,Charlotte,American Athletic,2026,78,13,0.2859972664636527,0.4615384615384615,1.4901022812832403,0.5714285714285714,0.15625,3.43125,,64,13,0.3753893366264918,0.484375,1.3295321578112234,0.8888888888888888,0.1875,3.1395833333333334,0.109
2026-09-09,Cincinnati,Big 12,2026,62,12,0.2410406579313317,0.3870967741935484,1.255243118893256,1.0,0.0909090909090909,3.5568181818181817,,73,11,0.1148708905860701,0.3972602739726027,1.321991243096292,1.0,0.2,3.182857142857143,0.233
2026-09-09,Clemson,ACC,2026,50,13,-0.2678767676397615,0.24,0.9456595506388836,0.6666666666666666,0.3181818181818182,1.9363636363636365,,95,12,0.4186847892890937,0.5368421052631579,1.335477872163365,0.7777777777777778,0.0862068965517241,3.532758620689655,0.105
2026-09-09,Coastal Carolina,Sun Belt,2026,65,13,0.2190866513645281,0.4307692307692308,1.513683842396193,0.6666666666666666,0.32,1.944,,77,14,0.1253120460127239,0.4155844155844156,1.017712015705272,0.75,0.15,2.725,0.117
2026-09-09,Colorado,Big 12,2026,77,10,0.052210909874857,0.3766233766233766,1.1248231734306042,1.0,0.108695652173913,2.730434782608696,,54,9,0.0740220685733517,0.3703703703703703,1.2001545717095805,0.3333333333333333,0.4444444444444444,1.903703703703704,0.204
2026-09-09,Colorado State,Pac-12,2026,68,11,0.3012418203750481,0.4852941176470588,1.2087905981747544,1.0,0.2121212121212121,2.4939393939393937,,55,11,-0.0251076991146114,0.4181818181818181,0.899961606833427,1.0,0.1212121212121212,3.3545454545454545,0.255
2026-09-09,Delaware,Conference USA,2026,72,15,0.395766923303369,0.4722222222222222,1.4629954002722116,0.6,0.25,2.9035714285714285,,72,14,-0.1228539521929541,0.25,1.4441213197823703,0.0,0.1818181818181818,2.0454545454545454,0.222
2026-09-09,Duke,ACC,2026,78,13,-0.0505656875484706,0.2948717948717949,1.239953895912352,1.0,0.1836734693877551,3.0408163265306123,,55,12,0.0040917519043523,0.3090909090909091,0.7971508910071232,1.0,0.1304347826086956,2.9565217391304346,0.255
2026-09-09,East Carolina,American Athletic,2026,41,12,-0.1985433161778543,0.2195121951219512,1.548265437530798,0.0,0.3684210526315789,0.131578947368421,,80,11,0.2921555691005923,0.525,1.1065101966937536,0.8333333333333334,0.1666666666666666,3.25,0.1
2026-09-09,Eastern Michigan,Mid-American,2026,139,28,0.0137872737547518,0.3525179856115107,1.1963855437894064,0.8888888888888888,0.1851851851851851,2.401851851851852,,142,29,0.0358449996397635,0.3380281690140845,1.3282440556423494,0.6666666666666666,0.2941176470588235,2.268627450980392,0.211
2026-09-09,Florida,SEC,2026,68,11,0.6214577657732879,0.5441176470588235,1.5513849234480332,1.0,0.1,3.415,,92,12,0.1079005807865989,0.4021739130434782,1.123977189197295,0.8,0.1111111111111111,2.6666666666666665,0.185
2026-09-09,Florida Atlantic,American Athletic,2026,92,12,0.1079005807865989,0.4021739130434782,1.123977189197295,0.8,0.1111111111111111,2.6666666666666665,,68,11,0.6214577657732879,0.5441176470588235,1.5513849234480332,1.0,0.1,3.415,0.103
2026-09-09,Florida International,Conference USA,2026,76,10,0.1106554334008039,0.3815789473684211,1.1286561605558318,0.5,0.25,2.4875,,58,9,-0.0627460596868576,0.4310344827586206,0.6493252074099518,0.8,0.2432432432432432,2.216216216216216,0.155
2026-09-09,Florida State,ACC,2026,134,22,0.2424691694189232,0.4104477611940298,1.3738286847147458,0.5,0.1392405063291139,3.312658227848101,,134,21,0.2678980507336072,0.4477611940298507,1.420966285728235,0.8333333333333334,0.1176470588235294,3.1549019607843136,0.127
2026-09-09,Fresno State,Pac-12,2026,45,10,-0.3361342907596831,0.2222222222222222,1.0430569433281442,0.0,0.25,2.0458333333333334,,69,10,0.3329910433772204,0.5362318840579711,1.2523425346671877,0.6,0.2564102564102564,2.67948717948718,0.116
2026-09-09,Georgia,SEC,2026,61,12,0.7432765199543512,0.7049180327868853,1.3166694327058304,1.0,0.074074074074074,4.692592592592592,,59,12,-0.098492900176064,0.3050847457627119,0.9076081443193394,0.5,0.3448275862068966,1.3448275862068966,0.169
2026-09-09,Georgia Southern,Sun Belt,2026,80,13,0.2672860733180602,0.4625,1.301211044217893,0.5,0.1212121212121212,3.4393939393939394,,63,13,-0.3198180179468932,0.1746031746031746,1.3742976064793733,1.0,0.3461538461538461,0.7115384615384616,0.651
2026-09-09,Georgia State,Sun Belt,2026,71,12,0.506821618296269,0.5915492957746479,1.1174212531004228,0.8,0.0526315789473684,4.339473684210526,,55,12,-0.0651855131693598,0.2909090909090909,1.342072137645949,,0.2,2.852,0.2
2026-09-09,Georgia Tech,ACC,2026,54,9,0.0740220685733517,0.3703703703703703,1.2001545717095805,0.3333333333333333,0.4444444444444444,1.903703703703704,,77,10,0.052210909874857,0.3766233766233766,1.1248231734306042,1.0,0.108695652173913,2.730434782608696,0.143
2026-09-09,Hawai'i,Mountain West,2026,154,25,-0.0067799020486064,0.3441558441558441,1.257467947844597,0.7777777777777778,0.14,3.396,,137,25,0.246843337573555,0.4160583941605839,1.295609264698933,0.6666666666666666,0.125,3.40875,0.102
2026-09-09,Houston,Big 12,2026,74,11,0.3122472695613982,0.5,1.2537336272714703,0.8571428571428571,0.15,3.3325,,74,12,0.1828788459074729,0.4054054054054054,1.341138665590374,0.5,0.0476190476190476,2.833333333333333,0.216
2026-09-09,Illinois,Big Ten,2026,44,8,0.5293505291335725,0.5681818181818182,1.3542485462010816,0.6,0.2307692307692307,2.976923076923077,,79,8,0.1391305222352757,0.430379746835443,1.246176627641464,0.75,0.1304347826086956,3.252173913043478,0.139
2026-09-09,Indiana,Big Ten,2026,46,9,0.6535582337217621,0.5217391304347826,1.639593578555076,0.8,0.1333333333333333,2.4966666666666666,,69,10,0.1345556840920811,0.3478260869565217,1.5483256457053565,0.0,0.1351351351351351,2.983783783783784,0.13
2026-09-09,Iowa,Big Ten,2026,79,13,0.0613173930418565,0.4177215189873418,1.2457000747090123,0.2857142857142857,0.2105263157894736,3.294736842105263,,58,15,-0.3317320736505182,0.1724137931034483,1.3677541941329785,1.0,0.28,1.668,0.207
2026-09-09,Iowa State,Big 12,2026,48,12,0.2446671684503538,0.3541666666666667,1.764868764741519,0.0,0.2,2.543333333333333,,69,13,-0.0595235618745478,0.2753623188405797,1.3903288614258686,0.6666666666666666,0.1463414634146341,2.1463414634146343,0.246
2026-09-09,Jacksonville State,Conference USA,2026,118,20,0.1409216220392592,0.4661016949152542,1.2756491209849268,0.7272727272727273,0.1551724137931034,2.9517241379310346,,127,20,0.0544449670414666,0.4015748031496063,1.1417088748135955,0.625,0.2125,2.80125,0.15
2026-09-09,James Madison,Sun Belt,2026,50,9,0.2797625024195963,0.38,1.2501062601953608,0.6666666666666666,0.2258064516129032,3.07741935483871,,69,9,0.028036219506202,0.3768115942028985,1.183714063723734,0.8,0.1351351351351351,2.310810810810811,0.13
2026-09-09,Kansas,Big 12,2026,78,10,0.5690429634370339,0.5897435897435898,1.298893771602378,0.5,0.0196078431372549,3.931372549019608,,54,11,-0.1761484717280324,0.2222222222222222,1.0166439202905828,1.0,0.3666666666666666,1.22,0.296
2026-09-09,Kansas State,Big 12,2026,72,12,0.5878935481737257,0.6527777777777778,1.2411157855790529,1.0,0.1136363636363636,3.788636363636364,,61,14,-0.2760781802900377,0.2295081967213114,1.3872082973968078,0.5,0.4102564102564102,1.2461538461538462,0.295
2026-09-09,Kennesaw State,Conference USA,2026,82,14,0.2889238382699472,0.573170731707317,1.1398710550423496,0.7777777777777778,0.1521739130434782,3.265217391304348,,53,14,-0.2481023479251471,0.1509433962264151,0.8919515753149165,1.0,0.25,1.8333333333333333,0.17
2026-09-09,Kent State,Mid-American,2026,49,10,-0.0380765202042578,0.2653061224489796,1.461049533469705,0.5,0.2083333333333333,2.7333333333333334,,74,10,0.6831768049116431,0.6891891891891891,1.208883909759148,0.8333333333333334,0.0769230769230769,4.058974358974359,0.068
2026-09-09,Kentucky,SEC,2026,61,11,0.5623068202509097,0.6065573770491803,1.1980918561404976,0.8,0.1818181818181818,4.121212121212121,,67,9,0.0772411219735421,0.417910447761194,1.1461380400647427,1.0,0.1923076923076923,2.0346153846153845,0.164
2026-09-09,Liberty,Conference USA,2026,69,9,0.028036219506202,0.3768115942028985,1.183714063723734,0.8,0.1351351351351351,2.310810810810811,,50,9,0.2797625024195963,0.38,1.2501062601953608,0.6666666666666666,0.2258064516129032,3.07741935483871,0.14
2026-09-09,Louisiana,Sun Belt,2026,68,11,0.3053660874098186,0.5441176470588235,1.155678147450766,0.75,0.1794871794871795,3.607692307692308,,62,11,-0.1221986707464751,0.4032258064516129,0.9773658675896196,0.5,0.2962962962962963,2.05925925925926,0.242
2026-09-09,Louisiana Tech,Sun Belt,2026,60,14,0.5986198567843053,0.4666666666666667,1.8154251680408937,1.0,0.1351351351351351,3.3378378378378377,,63,15,-0.2386179520556736,0.1746031746031746,1.0281713988788377,1.0,0.3181818181818182,1.3227272727272728,0.333
2026-09-09,Louisville,ACC,2026,68,13,0.3886189696343456,0.4558823529411764,1.5103542544262112,0.8,0.25,2.325,,80,13,0.2976736148603684,0.4625,1.3097367268750522,0.6363636363636364,0.1428571428571428,3.083333333333333,0.113
2026-09-09,LSU,SEC,2026,95,12,0.4186847892890937,0.5368421052631579,1.335477872163365,0.7777777777777778,0.0862068965517241,3.532758620689655,,50,13,-0.2678767676397615,0.24,0.9456595506388836,0.6666666666666666,0.3181818181818182,1.9363636363636365,0.28
2026-09-09,Marshall,Sun Belt,2026,55,12,-0.1678505565616108,0.2909090909090909,0.8874228649697032,0.5,0.4166666666666667,1.0458333333333334,,74,12,0.4220959538823401,0.5135135135135135,1.2946795341133903,0.8571428571428571,0.1363636363636363,3.1204545454545456,0.095
2026-09-09,Maryland,Big Ten,2026,79,13,0.5036550588589878,0.5949367088607594,1.2417666249097736,0.8333333333333334,0.125,4.405,,52,13,-0.2430595105951239,0.2307692307692307,0.9748639489021425,0.3333333333333333,0.3076923076923077,1.3115384615384615,0.269
2026-09-09,Massachusetts,Mid-American,2026,65,12,0.3299726417466155,0.5230769230769231,1.040597861761411,0.7142857142857143,0.175,3.375,,63,12,0.2030959004306255,0.3968253968253968,1.561455323235606,0.6,0.25,1.93,0.27
2026-09-09,Memphis,American Athletic,2026,124,24,0.3942942997514205,0.4838709677419355,1.3027581020209116,0.7142857142857143,0.1,3.74625,,141,25,0.1058050876927993,0.4042553191489361,1.354451927678599,0.8888888888888888,0.15,2.955,0.177
2026-09-09,Miami,ACC,2026,69,11,0.4612526864487724,0.5507246376811594,1.3520221510306736,1.0,0.1875,2.8875,,66,11,0.0199037664025885,0.3333333333333333,1.055218786150604,1.0,0.2272727272727272,2.65,0.106
2026-09-09,Miami (OH),Mid-American,2026,59,12,0.1140105096966495,0.3220338983050847,1.5292950729514845,1.0,0.1578947368421052,2.1894736842105265,,77,12,0.4266562668926378,0.5454545454545454,1.338185183481556,0.6,0.2,3.2466666666666666,0.078
2026-09-09,Michigan,Big Ten,2026,48,10,0.2355175415917992,0.4375,1.0790058466360366,0.75,0.0833333333333333,3.395833333333333,,70,11,-0.0368689615872864,0.3285714285714285,1.0681220061704584,0.6666666666666666,0.1818181818181818,2.6613636363636366,0.157
2026-09-09,Michigan State,Big Ten,2026,85,11,0.022631845773767,0.3764705882352941,1.097389911197236,0.3333333333333333,0.2127659574468085,2.797872340425532,,42,10,0.2841846990486799,0.2857142857142857,2.3449878397908352,0.0,0.4444444444444444,1.1388888888888888,0.262
2026-09-09,Middle Tennessee,Conference USA,2026,50,8,0.401691514611645,0.5,1.3001270636879156,0.5,0.0909090909090909,4.445454545454545,,50,9,0.1356520793081277,0.44,1.1883566697542824,0.8333333333333334,0.1481481481481481,3.1259259259259258,0.1
2026-09-09,Minnesota,Big Ten,2026,73,10,0.3421457792096198,0.6027397260273972,0.9752231854912968,0.6666666666666666,0.2307692307692307,2.4615384615384617,,46,13,-0.3840088027265944,0.108695652173913,1.6579740660748787,0.0,0.4444444444444444,1.325925925925926,0.283
2026-09-09,Mississippi State,SEC,2026,79,13,0.6380275101586687,0.5822784810126582,1.4780996639334054,1.0,0.1351351351351351,4.127027027027027,,71,13,-0.0252092266627155,0.2957746478873239,1.0528206054479607,0.4,0.1052631578947368,2.860526315789474,0.155
2026-09-09,Missouri,SEC,2026,79,12,0.3784876683810738,0.569620253164557,1.188936592060183,0.5714285714285714,0.1590909090909091,3.5454545454545454,,54,11,0.0165177642353872,0.2777777777777778,1.51228387460059,1.0,0.25,2.8321428571428573,0.167
2026-09-09,Missouri State,Conference USA,2026,41,11,-0.2441222919654586,0.1707317073170731,0.9332823449213844,0.5,0.2608695652173913,1.6434782608695653,,89,12,0.3513233344986824,0.5842696629213483,1.0755940232268968,1.0,0.1041666666666666,3.925,0.124
2026-09-09,Navy,American Athletic,2026,79,9,0.4802728873687856,0.6329113924050633,1.0216068152464193,1.0,0.0547945205479452,4.2753424657534245,,42,9,0.0528506485666738,0.2857142857142857,1.901970348855324,,0.1764705882352941,3.264705882352941,0.119
2026-09-09,NC State,ACC,2026,51,12,-0.1438403681738571,0.3137254901960784,0.533800638173952,1.0,0.1363636363636363,3.140909090909091,,71,12,0.2726220404086543,0.4788732394366197,1.0612371845133193,0.8333333333333334,0.1428571428571428,3.305357142857143,0.056
2026-09-09,Nebraska,Big Ten,2026,74,11,0.4925288347703889,0.5135135135135135,1.5427897743871417,0.8333333333333334,0.15,3.675,,68,12,0.1275262112846398,0.3529411764705882,1.3292957874323883,1.0,0.1290322580645161,3.396774193548388,0.206
2026-09-09,Nevada,Mountain West,2026,59,12,0.556278847672138,0.5084745762711864,1.6496693482013214,0.8571428571428571,0.1904761904761904,3.530952380952381,,84,12,0.0656228862120106,0.4404761904761904,0.9007840660809396,0.6666666666666666,0.1951219512195122,2.995121951219512,0.119
2026-09-09,New Mexico,Mountain West,2026,71,10,0.2187107716098358,0.4929577464788732,0.9281654236514942,1.0,0.0714285714285714,3.657142857142857,,49,10,-0.0521819579954481,0.2653061224489796,1.2713447189179048,0.6666666666666666,0.0333333333333333,2.8266666666666667,0.204
2026-09-09,New Mexico State,Conference USA,2026,133,22,0.288950842507434,0.4210526315789473,1.5581760293115774,0.6666666666666666,0.15,3.341666666666667,,126,23,0.1326270064301136,0.4047619047619047,1.2608012888937177,0.8,0.2063492063492063,3.13015873015873,0.135
2026-09-09,North Carolina,ACC,2026,58,10,0.1071523441641766,0.4655172413793103,0.9192743541669988,0.0,0.1481481481481481,3.425925925925926,,72,10,-0.0458685004165221,0.3333333333333333,1.216164722081157,0.8,0.1944444444444444,2.4472222222222224,0.153
2026-09-09,North Dakota State,Mountain West,2026,138,19,0.2389024157458295,0.4565217391304347,1.159685581066689,0.6666666666666666,0.1728395061728395,3.011111111111111,,105,21,-0.3131041177462083,0.3047619047619048,0.9891098805419768,0.5,0.2115384615384615,1.7596153846153846,0.21
2026-09-09,Northern Illinois,Mountain West,2026,58,15,-0.3317320736505182,0.1724137931034483,1.3677541941329785,1.0,0.28,1.668,,79,13,0.0613173930418565,0.4177215189873418,1.2457000747090123,0.2857142857142857,0.2105263157894736,3.294736842105263,0.114
2026-09-09,North Texas,American Athletic,2026,69,10,0.1345556840920811,0.3478260869565217,1.5483256457053565,0.0,0.1351351351351351,2.983783783783784,,46,9,0.6535582337217621,0.5217391304347826,1.639593578555076,0.8,0.1333333333333333,2.4966666666666666,0.043
2026-09-09,Northwestern,Big Ten,2026,55,11,0.4796492784465596,0.509090909090909,1.4850398029259404,1.0,0.1071428571428571,3.95,,90,12,0.1283813331936487,0.4222222222222222,1.0576414342835372,0.7777777777777778,0.131578947368421,3.305263157894737,0.189
2026-09-09,Notre Dame,FBS Independents,2026,63,10,0.34906816757153,0.4603174603174603,1.111044132357502,0.75,0.032258064516129,2.770967741935484,,61,10,0.0717450532807693,0.3770491803278688,1.2644111837126035,0.75,0.2068965517241379,2.358620689655172,0.213
2026-09-09,Ohio,Mid-American,2026,68,12,0.1275262112846398,0.3529411764705882,1.3292957874323883,1.0,0.1290322580645161,3.396774193548388,,74,11,0.4925288347703889,0.5135135135135135,1.5427897743871417,0.8333333333333334,0.15,3.675,0.149
2026-09-09,Ohio State,Big Ten,2026,73,12,0.6666069358406588,0.5616438356164384,1.448948844124814,0.75,0.1818181818181818,3.3181818181818183,,62,13,-0.2423253831274824,0.2096774193548387,1.3049899715616444,,0.3181818181818182,1.2,0.226
2026-09-09,Oklahoma,SEC,2026,60,11,0.3871905835315659,0.55,1.1941828089991482,0.5714285714285714,0.2368421052631578,2.876315789473684,,59,13,-0.2513514097581535,0.3389830508474576,0.9392952091081728,0.0,0.2941176470588235,1.5676470588235294,0.271
2026-09-09,Oklahoma State,Big 12,2026,88,12,-0.070655818794617,0.3636363636363636,1.0309825186683157,0.5,0.2222222222222222,2.7916666666666665,,58,12,0.1864318063964714,0.4137931034482758,1.0851431714647468,1.0,0.1515151515151515,2.763636363636364,0.121
2026-09-09,Old Dominion,Sun Belt,2026,57,12,0.2183864577720761,0.4210526315789473,1.403199988382679,0.3333333333333333,0.25,2.7475,,61,11,-0.2098210149796944,0.2622950819672131,1.0102859391372834,0.5,0.2368421052631578,2.281578947368421,0.246
2026-09-09,Ole Miss,SEC,2026,80,13,0.2976736148603684,0.4625,1.3097367268750522,0.6363636363636364,0.1428571428571428,3.083333333333333,,68,13,0.3886189696343456,0.4558823529411764,1.5103542544262112,0.8,0.25,2.325,0.162
2026-09-09,Oregon,Big Ten,2026,64,13,0.2770903671236243,0.453125,1.5147413609415246,0.6666666666666666,0.125,3.2375,,67,13,0.112630052976283,0.3582089552238806,1.0180962329024892,1.0,0.1212121212121212,2.9212121212121214,0.134
2026-09-09,Oregon State,Pac-12,2026,74,12,0.1828788459074729,0.4054054054054054,1.341138665590374,0.5,0.0476190476190476,2.833333333333333,,74,11,0.3122472695613982,0.5,1.2537336272714703,0.8571428571428571,0.15,3.3325,0.135
2026-09-09,Penn State,Big Ten,2026,74,12,0.4220959538823401,0.5135135135135135,1.2946795341133903,0.8571428571428571,0.1363636363636363,3.1204545454545456,,55,12,-0.1678505565616108,0.2909090909090909,0.8874228649697032,0.5,0.4166666666666667,1.0458333333333334,0.255
2026-09-09,Pittsburgh,ACC,2026,77,12,0.4266562668926378,0.5454545454545454,1.338185183481556,0.6,0.2,3.2466666666666666,,59,12,0.1140105096966495,0.3220338983050847,1.5292950729514845,1.0,0.1578947368421052,2.1894736842105265,0.102
2026-09-09,Purdue,Big Ten,2026,74,10,0.3720946010569115,0.5,1.1765932198339826,1.0,0.0526315789473684,3.713157894736842,,48,10,0.0076184507009966,0.2708333333333333,2.3625129116735217,1.0,0.3809523809523809,1.7857142857142858,0.292
2026-09-09,Rice,American Athletic,2026,82,10,0.2330716591590226,0.5365853658536586,0.9398508399655154,0.7142857142857143,0.0714285714285714,4.098571428571429,,59,9,-0.1237149255808005,0.3050847457627119,1.1672615609152817,0.3333333333333333,0.1818181818181818,2.8151515151515154,0.22
2026-09-09,Rutgers,Big Ten,2026,63,12,0.2030959004306255,0.3968253968253968,1.561455323235606,0.6,0.25,1.93,,65,12,0.3299726417466155,0.5230769230769231,1.040597861761411,0.7142857142857143,0.175,3.375,0.092
2026-09-09,Sacramento State,Mid-American,2026,136,28,0.1433571306032177,0.4117647058823529,1.2100326346283852,0.7142857142857143,0.2758620689655172,2.3344827586206898,,123,28,-0.0377164501393858,0.3170731707317073,1.249205121713904,0.8,0.1724137931034483,2.446551724137931,0.179
2026-09-09,Sam Houston,Conference USA,2026,70,12,0.1679615358354406,0.4714285714285714,1.2051346981627544,0.5,0.4,1.775,,69,14,0.1569078614264043,0.3333333333333333,1.656527031513981,0.0,0.282051282051282,2.6666666666666665,0.217
2026-09-09,San Diego State,Pac-12,2026,64,12,0.2275570300504772,0.46875,1.1621448616114909,0.5454545454545454,0.225,3.11,,81,14,0.0271101214147896,0.419753086419753,0.8928353503546071,0.8333333333333334,0.1034482758620689,3.213793103448276,0.099
2026-09-09,San José State,Mountain West,2026,135,26,0.1654454108123683,0.3777777777777777,1.403736148990978,0.5,0.2241379310344827,2.8948275862068966,,146,24,0.1926127829579521,0.4863013698630137,0.9437116819457052,0.9333333333333332,0.1269841269841269,3.0793650793650795,0.116
2026-09-09,SMU,ACC,2026,67,11,0.3731393852771628,0.5522388059701493,1.2869920757845814,0.6666666666666666,0.1290322580645161,3.2774193548387096,,67,12,0.1942759989222807,0.373134328358209,1.4367549195963938,0.3333333333333333,0.1219512195121951,3.1926829268292685,0.06
2026-09-09,South Alabama,Sun Belt,2026,88,11,0.1679081659755002,0.4204545454545454,1.1090388260054005,0.8,0.1403508771929824,3.333333333333333,,37,10,0.1680093831906549,0.4054054054054054,1.3108139148186486,0.25,0.3125,1.46875,0.297
2026-09-09,South Carolina,SEC,2026,74,10,0.6831768049116431,0.6891891891891891,1.208883909759148,0.8333333333333334,0.0769230769230769,4.058974358974359,,49,10,-0.0380765202042578,0.2653061224489796,1.461049533469705,0.5,0.2083333333333333,2.7333333333333334,0.143
2026-09-09,Southern Miss,Sun Belt,2026,85,12,0.4021821758857622,0.5882352941176471,1.0704689502182791,0.8461538461538461,0.0701754385964912,4.026315789473684,,61,13,-0.1276766015263514,0.2131147540983606,1.646759392614464,,0.3142857142857143,2.037142857142857,0.213
2026-09-09,South Florida,American Athletic,2026,58,9,-0.0627460596868576,0.4310344827586206,0.6493252074099518,0.8,0.2432432432432432,2.216216216216216,,76,10,0.1106554334008039,0.3815789473684211,1.1286561605558318,0.5,0.25,2.4875,0.158
2026-09-09,Stanford,ACC,2026,139,24,0.1808381606267126,0.39568345323741,1.1457214486158334,0.8571428571428571,0.1694915254237288,2.886440677966102,,145,25,0.245147869709458,0.4482758620689655,1.3156744634857456,1.0,0.1509433962264151,2.922641509433962,0.124
2026-09-09,Syracuse,ACC,2026,78,13,0.35126503570932,0.5256410256410257,1.3123860866084411,0.875,0.15,3.5125,,63,14,-0.2563055947546812,0.2698412698412698,0.8887481994400394,0.75,0.2333333333333333,1.6033333333333333,0.254
2026-09-09,TCU,Big 12,2026,72,10,-0.0458685004165221,0.3333333333333333,1.216164722081157,0.8,0.1944444444444444,2.4472222222222224,,58,10,0.1071523441641766,0.4655172413793103,0.9192743541669988,0.0,0.1481481481481481,3.425925925925926,0.155
2026-09-09,Temple,American Athletic,2026,63,10,0.1701631807567049,0.4603174603174603,1.1362662343770378,0.8571428571428571,0.1860465116279069,2.9465116279069767,,62,12,-0.0226790900205711,0.3870967741935484,1.1767906357894466,0.8,0.2857142857142857,2.317857142857143,0.226
2026-09-09,Tennessee,SEC,2026,74,13,0.5691980477008708,0.581081081081081,1.2840787312058908,0.8333333333333334,0.108695652173913,3.771739130434783,,60,14,-0.1261539060436249,0.25,1.167568813131016,0.0,0.2758620689655172,2.996551724137931,0.267
2026-09-09,Texas,SEC,2026,70,9,0.4586510146705653,0.5,1.579697637253443,0.8,0.2857142857142857,2.5342857142857143,,73,11,0.1390521539854218,0.410958904109589,1.1274872950767767,0.6,0.2051282051282051,2.6256410256410256,0.205
2026-09-09,Texas A&M,SEC,2026,89,12,0.3513233344986824,0.5842696629213483,1.0755940232268968,1.0,0.1041666666666666,3.925,,41,11,-0.2441222919654586,0.1707317073170731,0.9332823449213844,0.5,0.2608695652173913,1.6434782608695653,0.293
2026-09-09,Texas State,Pac-12,2026,73,11,0.1390521539854218,0.410958904109589,1.1274872950767767,0.6,0.2051282051282051,2.6256410256410256,,70,9,0.4586510146705653,0.5,1.579697637253443,0.8,0.2857142857142857,2.5342857142857143,0.171
2026-09-09,Texas Tech,Big 12,2026,74,11,0.2785300204187715,0.5,1.0471550507298784,0.7777777777777778,0.1538461538461538,3.3461538461538463,,63,10,-0.1380251385043791,0.2698412698412698,1.2673339554332412,0.5,0.1923076923076923,2.8384615384615386,0.238
2026-09-09,Toledo,Mid-American,2026,42,10,0.2841846990486799,0.2857142857142857,2.3449878397908352,0.0,0.4444444444444444,1.1388888888888888,,85,11,0.022631845773767,0.3764705882352941,1.097389911197236,0.3333333333333333,0.2127659574468085,2.797872340425532,0.106
2026-09-09,Troy,Sun Belt,2026,69,14,0.1569078614264043,0.3333333333333333,1.656527031513981,0.0,0.282051282051282,2.6666666666666665,,70,12,0.1679615358354406,0.4714285714285714,1.2051346981627544,0.5,0.4,1.775,0.229
2026-09-09,Tulane,American Athletic,2026,55,12,0.0040917519043523,0.3090909090909091,0.7971508910071232,1.0,0.1304347826086956,2.9565217391304346,,78,13,-0.0505656875484706,0.2948717948717949,1.239953895912352,1.0,0.1836734693877551,3.0408163265306123,0.09
2026-09-09,Tulsa,American Athletic,2026,58,12,0.1864318063964714,0.4137931034482758,1.0851431714647468,1.0,0.1515151515151515,2.763636363636364,,88,12,-0.070655818794617,0.3636363636363636,1.0309825186683157,0.5,0.2222222222222222,2.7916666666666665,0.102
2026-09-09,UAB,American Athletic,2026,79,8,0.1391305222352757,0.430379746835443,1.246176627641464,0.75,0.1304347826086956,3.252173913043478,,44,8,0.5293505291335725,0.5681818181818182,1.3542485462010816,0.6,0.2307692307692307,2.976923076923077,0.045
2026-09-09,UCF,Big 12,2026,62,13,0.5493339803795543,0.5645161290322581,1.4108685998253796,1.0,0.081081081081081,4.386486486486486,,62,15,-0.1629071620565535,0.2096774193548387,1.219168347266829,1.0,0.3157894736842105,1.923684210526316,0.226
2026-09-09,UCLA,Big Ten,2026,53,14,0.4197846779080366,0.5660377358490566,1.2513254603824528,1.0,0.0344827586206896,4.813793103448276,,89,14,0.1330628286155295,0.3370786516853932,1.4836215579250065,0.6666666666666666,0.2051282051282051,2.528205128205128,0.191
2026-09-09,UConn,FBS Independents,2026,74,14,0.5732783853066649,0.5135135135135135,1.5911999117333786,0.3333333333333333,0.15,3.855,,72,13,-0.1583014250977013,0.2777777777777778,0.8956382174474538,0.6666666666666666,0.2142857142857142,2.3857142857142857,0.153
2026-09-09,UL Monroe,Sun Belt,2026,71,13,-0.0252092266627155,0.2957746478873239,1.0528206054479607,0.4,0.1052631578947368,2.860526315789474,,79,13,0.6380275101586687,0.5822784810126582,1.4780996639334054,1.0,0.1351351351351351,4.127027027027027,0.101
2026-09-09,UNLV,Mountain West,2026,145,25,0.1200261378324966,0.3517241379310344,1.4413345772565798,0.6666666666666666,0.1428571428571428,3.3025974025974025,,137,23,0.0892851354528906,0.3941605839416058,1.1660859456751205,0.7142857142857143,0.1129032258064516,3.875806451612904,0.168
2026-09-09,USC,Big Ten,2026,146,20,0.363397412337942,0.6027397260273972,1.036874418468907,0.8,0.1818181818181818,3.1818181818181817,,102,20,-0.0273655770706078,0.3431372549019608,1.1708350034918942,0.0,0.2340425531914893,2.363829787234043,0.157
2026-09-09,Utah,Big 12,2026,77,13,0.5107474991645495,0.5714285714285714,1.3617321828088478,0.75,0.1428571428571428,4.116326530612245,,62,13,0.1373547685990896,0.3387096774193548,1.262352149239576,1.0,0.2,2.256666666666667,0.129
2026-09-09,Utah State,Pac-12,2026,89,12,0.0953408762518156,0.4269662921348314,1.1945320367732557,0.25,0.1627906976744186,3.4511627906976745,,65,13,0.0339441781809636,0.3538461538461538,1.0966029950577263,0.6666666666666666,0.1785714285714285,2.242857142857143,0.092
2026-09-09,UTEP,Mountain West,2026,59,13,-0.2513514097581535,0.3389830508474576,0.9392952091081728,0.0,0.2941176470588235,1.5676470588235294,,60,11,0.3871905835315659,0.55,1.1941828089991482,0.5714285714285714,0.2368421052631578,2.876315789473684,0.117
2026-09-09,UTSA,American Athletic,2026,60,12,0.5144231919895464,0.6333333333333333,1.0998644890074278,1.0,0.1034482758620689,3.7655172413793103,,82,13,-0.0637788059466083,0.3780487804878049,1.0540254394047484,0.3333333333333333,0.1818181818181818,3.118181818181818,0.183
2026-09-09,Vanderbilt,SEC,2026,63,8,0.2825170243631735,0.4761904761904761,1.061975081924216,0.75,0.081081081081081,3.5,,47,10,0.0290448960751272,0.3404255319148936,1.186345828828299,1.0,0.2105263157894736,3.226315789473684,0.128
2026-09-09,Virginia,ACC,2026,71,12,0.2726220404086543,0.4788732394366197,1.0612371845133193,0.8333333333333334,0.1428571428571428,3.305357142857143,,51,12,-0.1438403681738571,0.3137254901960784,0.533800638173952,1.0,0.1363636363636363,3.140909090909091,0.255
2026-09-09,Virginia Tech,ACC,2026,74,14,0.5374711897037322,0.6486486486486487,1.1019539523073911,0.9,0.024390243902439,4.102439024390244,,57,15,-0.4448745270780552,0.087719298245614,1.8471598449248687,,0.5897435897435898,-0.2461538461538461,0.386
2026-09-09,Wake Forest,ACC,2026,68,11,0.4775889473352314,0.4264705882352941,1.5275719114401596,0.8,0.15625,3.265625,,70,11,0.0219793074667645,0.5,0.7212615614875549,0.6,0.1818181818181818,3.103030303030303,0.143
2026-09-09,Washington,Big Ten,2026,64,12,0.0779716429331925,0.46875,1.0665805293728612,0.5,0.25,2.753571428571429,,58,11,-0.0327383497923566,0.3103448275862069,1.0264346254160943,,0.3103448275862069,2.310344827586207,0.293
2026-09-09,Washington State,Pac-12,2026,58,11,-0.0327383497923566,0.3103448275862069,1.0264346254160943,0.0,0.3103448275862069,2.310344827586207,,64,12,0.0779716429331925,0.46875,1.0665805293728612,0.5,0.25,2.753571428571429,0.078
2026-09-09,Western Kentucky,Conference USA,2026,84,12,0.0656228862120106,0.4404761904761904,0.9007840660809396,0.6666666666666666,0.1951219512195122,2.995121951219512,,59,12,0.556278847672138,0.5084745762711864,1.6496693482013214,0.8571428571428571,0.1904761904761904,3.530952380952381,0.068
2026-09-09,Western Michigan,Mid-American,2026,70,11,-0.0368689615872864,0.3285714285714285,1.0681220061704584,0.6666666666666666,0.1818181818181818,2.6613636363636366,,48,10,0.2355175415917992,0.4375,1.0790058466360366,0.75,0.0833333333333333,3.395833333333333,0.167
2026-09-09,West Virginia,Big 12,2026,77,14,0.1253120460127239,0.4155844155844156,1.017712015705272,0.75,0.15,2.725,,65,13,0.2190866513645281,0.4307692307692308,1.513683842396193,0.6666666666666666,0.32,1.944,0.262
2026-09-09,Wisconsin,Big Ten,2026,61,10,0.0717450532807693,0.3770491803278688,1.2644111837126035,0.75,0.2068965517241379,2.358620689655172,,63,10,0.34906816757153,0.4603174603174603,1.111044132357502,0.75,0.032258064516129,2.770967741935484,0.111
2026-09-09,Wyoming,Mountain West,2026,55,11,-0.0251076991146114,0.4181818181818181,0.899961606833427,1.0,0.1212121212121212,3.3545454545454545,,68,11,0.3012418203750481,0.4852941176470588,1.2087905981747544,1.0,0.2121212121212121,2.4939393939393937,0.118
2026-09-10,Air Force,Mountain West,2026,79,9,0.398894580108972,0.5443037974683544,0.9961783497840124,1.0,0.0422535211267605,4.357746478873239,,45,9,-0.248118563368299,0.2222222222222222,1.1005872277594584,1.0,0.25,2.47,0.178
2026-09-10,Akron,Mid-American,2026,70,11,0.0219793074667645,0.5,0.7212615614875549,0.6,0.1818181818181818,3.103030303030303,,68,11,0.4775889473352314,0.4264705882352941,1.5275719114401596,0.8,0.15625,3.265625,0.132
2026-09-10,Alabama,SEC,2026,80,11,0.2921555691005923,0.525,1.1065101966937536,0.8333333333333334,0.1666666666666666,3.25,,41,12,-0.1985433161778543,0.2195121951219512,1.548265437530798,0.0,0.3684210526315789,0.131578947368421,0.195
2026-09-10,App State,Sun Belt,2026,74,10,0.607856950791685,0.6486486486486487,1.2037359766532605,1.0,0.1025641025641025,3.587179487179488,,61,11,-0.070753508433127,0.3114754098360656,1.2470294348667017,0.0,0.3076923076923077,1.696153846153846,0.213
2026-09-10,Arizona,Big 12,2026,74,13,0.2162055092878395,0.6081081081081081,0.9333031860410906,1.0,0.0303030303030303,4.409090909090909,,53,11,-0.2286260997681982,0.1698113207547169,1.7768342308359768,,0.4375,1.33125,0.34
2026-09-10,Arizona State,Big 12,2026,71,12,0.6811056989560571,0.5774647887323944,1.6060940675308155,1.0,0.1428571428571428,3.145714285714286,,52,12,-0.0543715412788205,0.3076923076923077,0.9935711179315884,0.6666666666666666,0.0869565217391304,3.0217391304347827,0.115
2026-09-10,Arkansas,SEC,2026,84,13,0.1762496985985374,0.5238095238095238,0.9434584968366112,0.7777777777777778,0.217391304347826,2.5804347826086955,,45,13,-0.0746171455673535,0.2666666666666666,1.053617978511065,,0.2631578947368421,1.8473684210526315,0.222
2026-09-10,Arkansas State,Sun Belt,2026,60,12,0.1251568147001252,0.5,1.25818527156254,0.8333333333333334,0.1153846153846153,3.2192307692307693,,65,12,0.4907125992882863,0.4923076923076923,1.4906452469735614,0.6,0.1276595744680851,3.546808510638298,0.092
2026-09-10,Army,American Athletic,2026,72,12,0.68581428710163,0.6527777777777778,1.287193457096531,0.8333333333333334,0.0526315789473684,4.65438596491228,,54,11,-0.1061496906379418,0.3148148148148148,0.8508825653985219,0.6666666666666666,0.2413793103448276,2.317241379310345,0.204
2026-09-10,Auburn,SEC,2026,75,13,0.028237977212608,0.3866666666666666,1.1601768480225931,1.0,0.2285714285714285,2.6742857142857144,,101,13,0.0541744150425169,0.3861386138613861,1.2316141474915536,0.4,0.2325581395348837,2.097674418604651,0.198
2026-09-10,Ball State,Mid-American,2026,62,13,-0.2423253831274824,0.2096774193548387,1.3049899715616444,0.0,0.3181818181818182,1.2,,73,12,0.6666069358406588,0.5616438356164384,1.448948844124814,0.75,0.1818181818181818,3.3181818181818183,0.11
2026-09-10,Baylor,Big 12,2026,101,13,0.0541744150425169,0.3861386138613861,1.2316141474915536,0.4,0.2325581395348837,2.097674418604651,,75,13,0.028237977212608,0.3866666666666666,1.1601768480225931,1.0,0.2285714285714285,2.6742857142857144,0.24
2026-09-10,Boise State,Pac-12,2026,67,13,0.112630052976283,0.3582089552238806,1.0180962329024892,1.0,0.1212121212121212,2.9212121212121214,,64,13,0.2770903671236243,0.453125,1.5147413609415246,0.6666666666666666,0.125,3.2375,0.156
2026-09-10,Boston College,ACC,2026,73,11,0.1148708905860701,0.3972602739726027,1.321991243096292,1.0,0.2,3.182857142857143,,62,12,0.2410406579313317,0.3870967741935484,1.255243118893256,1.0,0.0909090909090909,3.5568181818181817,0.113
2026-09-10,Bowling Green,Mid-American,2026,66,10,0.0252616008758181,0.3939393939393939,0.9845141517309268,0.5,0.25,2.308333333333333,,59,10,0.147050749791919,0.3898305084745763,1.3986920519909742,0.5,0.25,2.909375,0.085
2026-09-10,Buffalo,Mid-American,2026,83,15,0.1523137913791646,0.3975903614457831,1.1454912933763308,1.0,0.1818181818181818,2.9909090909090907,,72,14,-0.0495205233949304,0.2916666666666667,1.290213068638229,0.6666666666666666,0.2857142857142857,2.35,0.194
2026-09-10,BYU,Big 12,2026,70,11,0.5424702666968887,0.6571428571428571,1.0634948151667478,0.8333333333333334,0.0666666666666666,4.348888888888889,,57,12,-0.1092276625777366,0.3157894736842105,1.1129858127235353,1.0,0.25,1.5375,0.193
2026-09-10,California,ACC,2026,89,14,0.1330628286155295,0.3370786516853932,1.4836215579250065,0.6666666666666666,0.2051282051282051,2.528205128205128,,53,14,0.4197846779080366,0.5660377358490566,1.2513254603824528,1.0,0.0344827586206896,4.813793103448276,0.17
2026-09-10,Central Michigan,Mid-American,2026,49,10,-0.0521819579954481,0.2653061224489796,1.2713447189179048,0.6666666666666666,0.0333333333333333,2.8266666666666667,,71,10,0.2187107716098358,0.4929577464788732,0.9281654236514942,1.0,0.0714285714285714,3.657142857142857,0.085
2026-09-10,Charlotte,American Athletic,2026,78,13,0.2859972664636527,0.4615384615384615,1.4901022812832403,0.5714285714285714,0.15625,3.43125,,64,13,0.3753893366264918,0.484375,1.3295321578112234,0.8888888888888888,0.1875,3.1395833333333334,0.109
2026-09-10,Cincinnati,Big 12,2026,62,12,0.2410406579313317,0.3870967741935484,1.255243118893256,1.0,0.0909090909090909,3.5568181818181817,,73,11,0.1148708905860701,0.3972602739726027,1.321991243096292,1.0,0.2,3.182857142857143,0.233
2026-09-10,Clemson,ACC,2026,50,13,-0.2678767676397615,0.24,0.9456595506388836,0.6666666666666666,0.3181818181818182,1.9363636363636365,,95,12,0.4186847892890937,0.5368421052631579,1.335477872163365,0.7777777777777778,0.0862068965517241,3.532758620689655,0.105
2026-09-10,Coastal Carolina,Sun Belt,2026,65,13,0.2190866513645281,0.4307692307692308,1.513683842396193,0.6666666666666666,0.32,1.944,,77,14,0.1253120460127239,0.4155844155844156,1.017712015705272,0.75,0.15,2.725,0.117
2026-09-10,Colorado,Big 12,2026,77,10,0.052210909874857,0.3766233766233766,1.1248231734306042,1.0,0.108695652173913,2.730434782608696,,54,9,0.0740220685733517,0.3703703703703703,1.2001545717095805,0.3333333333333333,0.4444444444444444,1.903703703703704,0.204
2026-09-10,Colorado State,Pac-12,2026,68,11,0.3012418203750481,0.4852941176470588,1.2087905981747544,1.0,0.2121212121212121,2.4939393939393937,,55,11,-0.0251076991146114,0.4181818181818181,0.899961606833427,1.0,0.1212121212121212,3.3545454545454545,0.255
2026-09-10,Delaware,Conference USA,2026,72,15,0.395766923303369,0.4722222222222222,1.4629954002722116,0.6,0.25,2.9035714285714285,,72,14,-0.1228539521929541,0.25,1.4441213197823703,0.0,0.1818181818181818,2.0454545454545454,0.222
2026-09-10,Duke,ACC,2026,78,13,-0.0505656875484706,0.2948717948717949,1.239953895912352,1.0,0.1836734693877551,3.0408163265306123,,55,12,0.0040917519043523,0.3090909090909091,0.7971508910071232,1.0,0.1304347826086956,2.9565217391304346,0.255
2026-09-10,East Carolina,American Athletic,2026,41,12,-0.1985433161778543,0.2195121951219512,1.548265437530798,0.0,0.3684210526315789,0.131578947368421,,80,11,0.2921555691005923,0.525,1.1065101966937536,0.8333333333333334,0.1666666666666666,3.25,0.1
2026-09-10,Eastern Michigan,Mid-American,2026,139,28,0.0137872737547518,0.3525179856115107,1.1963855437894064,0.8888888888888888,0.1851851851851851,2.401851851851852,,142,29,0.0358449996397635,0.3380281690140845,1.3282440556423494,0.6666666666666666,0.2941176470588235,2.268627450980392,0.211
2026-09-10,Florida,SEC,2026,68,11,0.6214577657732879,0.5441176470588235,1.5513849234480332,1.0,0.1,3.415,,92,12,0.1079005807865989,0.4021739130434782,1.123977189197295,0.8,0.1111111111111111,2.6666666666666665,0.185
2026-09-10,Florida Atlantic,American Athletic,2026,92,12,0.1079005807865989,0.4021739130434782,1.123977189197295,0.8,0.1111111111111111,2.6666666666666665,,68,11,0.6214577657732879,0.5441176470588235,1.5513849234480332,1.0,0.1,3.415,0.103
2026-09-10,Florida International,Conference USA,2026,76,10,0.1106554334008039,0.3815789473684211,1.1286561605558318,0.5,0.25,2.4875,,58,9,-0.0627460596868576,0.4310344827586206,0.6493252074099518,0.8,0.2432432432432432,2.216216216216216,0.155
2026-09-10,Florida State,ACC,2026,134,22,0.2424691694189232,0.4104477611940298,1.3738286847147458,0.5,0.1392405063291139,3.312658227848101,,134,21,0.2678980507336072,0.4477611940298507,1.420966285728235,0.8333333333333334,0.1176470588235294,3.1549019607843136,0.127
2026-09-10,Fresno State,Pac-12,2026,45,10,-0.3361342907596831,0.2222222222222222,1.0430569433281442,0.0,0.25,2.0458333333333334,,69,10,0.3329910433772204,0.5362318840579711,1.2523425346671877,0.6,0.2564102564102564,2.67948717948718,0.116
2026-09-10,Georgia,SEC,2026,61,12,0.7432765199543512,0.7049180327868853,1.3166694327058304,1.0,0.074074074074074,4.692592592592592,,59,12,-0.098492900176064,0.3050847457627119,0.9076081443193394,0.5,0.3448275862068966,1.3448275862068966,0.169
2026-09-10,Georgia Southern,Sun Belt,2026,80,13,0.2672860733180602,0.4625,1.301211044217893,0.5,0.1212121212121212,3.4393939393939394,,63,13,-0.3198180179468932,0.1746031746031746,1.3742976064793733,1.0,0.3461538461538461,0.7115384615384616,0.651
2026-09-10,Georgia State,Sun Belt,2026,71,12,0.506821618296269,0.5915492957746479,1.1174212531004228,0.8,0.0526315789473684,4.339473684210526,,55,12,-0.0651855131693598,0.2909090909090909,1.342072137645949,,0.2,2.852,0.2
2026-09-10,Georgia Tech,ACC,2026,54,9,0.0740220685733517,0.3703703703703703,1.2001545717095805,0.3333333333333333,0.4444444444444444,1.903703703703704,,77,10,0.052210909874857,0.3766233766233766,1.1248231734306042,1.0,0.108695652173913,2.730434782608696,0.143
2026-09-10,Hawai'i,Mountain West,2026,154,25,-0.0067799020486064,0.3441558441558441,1.257467947844597,0.7777777777777778,0.14,3.396,,137,25,0.246843337573555,0.4160583941605839,1.295609264698933,0.6666666666666666,0.125,3.40875,0.102
2026-09-10,Houston,Big 12,2026,74,11,0.3122472695613982,0.5,1.2537336272714703,0.8571428571428571,0.15,3.3325,,74,12,0.1828788459074729,0.4054054054054054,1.341138665590374,0.5,0.0476190476190476,2.833333333333333,0.216
2026-09-10,Illinois,Big Ten,2026,44,8,0.5293505291335725,0.5681818181818182,1.3542485462010816,0.6,0.2307692307692307,2.976923076923077,,79,8,0.1391305222352757,0.430379746835443,1.246176627641464,0.75,0.1304347826086956,3.252173913043478,0.139
2026-09-10,Indiana,Big Ten,2026,46,9,0.6535582337217621,0.5217391304347826,1.639593578555076,0.8,0.1333333333333333,2.4966666666666666,,69,10,0.1345556840920811,0.3478260869565217,1.5483256457053565,0.0,0.1351351351351351,2.983783783783784,0.13
2026-09-10,Iowa,Big Ten,2026,79,13,0.0613173930418565,0.4177215189873418,1.2457000747090123,0.2857142857142857,0.2105263157894736,3.294736842105263,,58,15,-0.3317320736505182,0.1724137931034483,1.3677541941329785,1.0,0.28,1.668,0.207
2026-09-10,Iowa State,Big 12,2026,48,12,0.2446671684503538,0.3541666666666667,1.764868764741519,0.0,0.2,2.543333333333333,,69,13,-0.0595235618745478,0.2753623188405797,1.3903288614258686,0.6666666666666666,0.1463414634146341,2.1463414634146343,0.246
2026-09-10,Jacksonville State,Conference USA,2026,118,20,0.1409216220392592,0.4661016949152542,1.2756491209849268,0.7272727272727273,0.1551724137931034,2.9517241379310346,,127,20,0.0544449670414666,0.4015748031496063,1.1417088748135955,0.625,0.2125,2.80125,0.15
2026-09-10,James Madison,Sun Belt,2026,50,9,0.2797625024195963,0.38,1.2501062601953608,0.6666666666666666,0.2258064516129032,3.07741935483871,,69,9,0.028036219506202,0.3768115942028985,1.183714063723734,0.8,0.1351351351351351,2.310810810810811,0.13
2026-09-10,Kansas,Big 12,2026,78,10,0.5690429634370339,0.5897435897435898,1.298893771602378,0.5,0.0196078431372549,3.931372549019608,,54,11,-0.1761484717280324,0.2222222222222222,1.0166439202905828,1.0,0.3666666666666666,1.22,0.296
2026-09-10,Kansas State,Big 12,2026,72,12,0.5878935481737257,0.6527777777777778,1.2411157855790529,1.0,0.1136363636363636,3.788636363636364,,61,14,-0.2760781802900377,0.2295081967213114,1.3872082973968078,0.5,0.4102564102564102,1.2461538461538462,0.295
2026-09-10,Kennesaw State,Conference USA,2026,82,14,0.2889238382699472,0.573170731707317,1.1398710550423496,0.7777777777777778,0.1521739130434782,3.265217391304348,,53,14,-0.2481023479251471,0.1509433962264151,0.8919515753149165,1.0,0.25,1.8333333333333333,0.17
2026-09-10,Kent State,Mid-American,2026,49,10,-0.0380765202042578,0.2653061224489796,1.461049533469705,0.5,0.2083333333333333,2.7333333333333334,,74,10,0.6831768049116431,0.6891891891891891,1.208883909759148,0.8333333333333334,0.0769230769230769,4.058974358974359,0.068
2026-09-10,Kentucky,SEC,2026,61,11,0.5623068202509097,0.6065573770491803,1.1980918561404976,0.8,0.1818181818181818,4.121212121212121,,67,9,0.0772411219735421,0.417910447761194,1.1461380400647427,1.0,0.1923076923076923,2.0346153846153845,0.164
2026-09-10,Liberty,Conference USA,2026,69,9,0.028036219506202,0.3768115942028985,1.183714063723734,0.8,0.1351351351351351,2.310810810810811,,50,9,0.2797625024195963,0.38,1.2501062601953608,0.6666666666666666,0.2258064516129032,3.07741935483871,0.14
2026-09-10,Louisiana,Sun Belt,2026,68,11,0.3053660874098186,0.5441176470588235,1.155678147450766,0.75,0.1794871794871795,3.607692307692308,,62,11,-0.1221986707464751,0.4032258064516129,0.9773658675896196,0.5,0.2962962962962963,2.05925925925926,0.242
2026-09-10,Louisiana Tech,Sun Belt,2026,60,14,0.5986198567843053,0.4666666666666667,1.8154251680408937,1.0,0.1351351351351351,3.3378378378378377,,63,15,-0.2386179520556736,0.1746031746031746,1.0281713988788377,1.0,0.3181818181818182,1.3227272727272728,0.333
2026-09-10,Louisville,ACC,2026,68,13,0.3886189696343456,0.4558823529411764,1.5103542544262112,0.8,0.25,2.325,,80,13,0.2976736148603684,0.4625,1.3097367268750522,0.6363636363636364,0.1428571428571428,3.083333333333333,0.113
2026-09-10,LSU,SEC,2026,95,12,0.4186847892890937,0.5368421052631579,1.335477872163365,0.7777777777777778,0.0862068965517241,3.532758620689655,,50,13,-0.2678767676397615,0.24,0.9456595506388836,0.6666666666666666,0.3181818181818182,1.9363636363636365,0.28
2026-09-10,Marshall,Sun Belt,2026,55,12,-0.1678505565616108,0.2909090909090909,0.8874228649697032,0.5,0.4166666666666667,1.0458333333333334,,74,12,0.4220959538823401,0.5135135135135135,1.2946795341133903,0.8571428571428571,0.1363636363636363,3.1204545454545456,0.095
2026-09-10,Maryland,Big Ten,2026,79,13,0.5036550588589878,0.5949367088607594,1.2417666249097736,0.8333333333333334,0.125,4.405,,52,13,-0.2430595105951239,0.2307692307692307,0.9748639489021425,0.3333333333333333,0.3076923076923077,1.3115384615384615,0.269
2026-09-10,Massachusetts,Mid-American,2026,65,12,0.3299726417466155,0.5230769230769231,1.040597861761411,0.7142857142857143,0.175,3.375,,63,12,0.2030959004306255,0.3968253968253968,1.561455323235606,0.6,0.25,1.93,0.27
2026-09-10,Memphis,American Athletic,2026,124,24,0.3942942997514205,0.4838709677419355,1.3027581020209116,0.7142857142857143,0.1,3.74625,,141,25,0.1058050876927993,0.4042553191489361,1.354451927678599,0.8888888888888888,0.15,2.955,0.177
2026-09-10,Miami,ACC,2026,69,11,0.4612526864487724,0.5507246376811594,1.3520221510306736,1.0,0.1875,2.8875,,66,11,0.0199037664025885,0.3333333333333333,1.055218786150604,1.0,0.2272727272727272,2.65,0.106
2026-09-10,Miami (OH),Mid-American,2026,59,12,0.1140105096966495,0.3220338983050847,1.5292950729514845,1.0,0.1578947368421052,2.1894736842105265,,77,12,0.4266562668926378,0.5454545454545454,1.338185183481556,0.6,0.2,3.2466666666666666,0.078
2026-09-10,Michigan,Big Ten,2026,48,10,0.2355175415917992,0.4375,1.0790058466360366,0.75,0.0833333333333333,3.395833333333333,,70,11,-0.0368689615872864,0.3285714285714285,1.0681220061704584,0.6666666666666666,0.1818181818181818,2.6613636363636366,0.157
2026-09-10,Michigan State,Big Ten,2026,85,11,0.022631845773767,0.3764705882352941,1.097389911197236,0.3333333333333333,0.2127659574468085,2.797872340425532,,42,10,0.2841846990486799,0.2857142857142857,2.3449878397908352,0.0,0.4444444444444444,1.1388888888888888,0.262
2026-09-10,Middle Tennessee,Conference USA,2026,50,8,0.401691514611645,0.5,1.3001270636879156,0.5,0.0909090909090909,4.445454545454545,,50,9,0.1356520793081277,0.44,1.1883566697542824,0.8333333333333334,0.1481481481481481,3.1259259259259258,0.1
2026-09-10,Minnesota,Big Ten,2026,73,10,0.3421457792096198,0.6027397260273972,0.9752231854912968,0.6666666666666666,0.2307692307692307,2.4615384615384617,,46,13,-0.3840088027265944,0.108695652173913,1.6579740660748787,0.0,0.4444444444444444,1.325925925925926,0.283
2026-09-10,Mississippi State,SEC,2026,79,13,0.6380275101586687,0.5822784810126582,1.4780996639334054,1.0,0.1351351351351351,4.127027027027027,,71,13,-0.0252092266627155,0.2957746478873239,1.0528206054479607,0.4,0.1052631578947368,2.860526315789474,0.155
2026-09-10,Missouri,SEC,2026,79,12,0.3784876683810738,0.569620253164557,1.188936592060183,0.5714285714285714,0.1590909090909091,3.5454545454545454,,54,11,0.0165177642353872,0.2777777777777778,1.51228387460059,1.0,0.25,2.8321428571428573,0.167
2026-09-10,Missouri State,Conference USA,2026,41,11,-0.2441222919654586,0.1707317073170731,0.9332823449213844,0.5,0.2608695652173913,1.6434782608695653,,89,12,0.3513233344986824,0.5842696629213483,1.0755940232268968,1.0,0.1041666666666666,3.925,0.124
2026-09-10,Navy,American Athletic,2026,79,9,0.4802728873687856,0.6329113924050633,1.0216068152464193,1.0,0.0547945205479452,4.2753424657534245,,42,9,0.0528506485666738,0.2857142857142857,1.901970348855324,,0.1764705882352941,3.264705882352941,0.119
2026-09-10,NC State,ACC,2026,51,12,-0.1438403681738571,0.3137254901960784,0.533800638173952,1.0,0.1363636363636363,3.140909090909091,,71,12,0.2726220404086543,0.4788732394366197,1.0612371845133193,0.8333333333333334,0.1428571428571428,3.305357142857143,0.056
2026-09-10,Nebraska,Big Ten,2026,74,11,0.4925288347703889,0.5135135135135135,1.5427897743871417,0.8333333333333334,0.15,3.675,,68,12,0.1275262112846398,0.3529411764705882,1.3292957874323883,1.0,0.1290322580645161,3.396774193548388,0.206
2026-09-10,Nevada,Mountain West,2026,59,12,0.556278847672138,0.5084745762711864,1.6496693482013214,0.8571428571428571,0.1904761904761904,3.530952380952381,,84,12,0.0656228862120106,0.4404761904761904,0.9007840660809396,0.6666666666666666,0.1951219512195122,2.995121951219512,0.119
2026-09-10,New Mexico,Mountain West,2026,71,10,0.2187107716098358,0.4929577464788732,0.9281654236514942,1.0,0.0714285714285714,3.657142857142857,,49,10,-0.0521819579954481,0.2653061224489796,1.2713447189179048,0.6666666666666666,0.0333333333333333,2.8266666666666667,0.204
2026-09-10,New Mexico State,Conference USA,2026,133,22,0.288950842507434,0.4210526315789473,1.5581760293115774,0.6666666666666666,0.15,3.341666666666667,,126,23,0.1326270064301136,0.4047619047619047,1.2608012888937177,0.8,0.2063492063492063,3.13015873015873,0.135
2026-09-10,North Carolina,ACC,2026,58,10,0.1071523441641766,0.4655172413793103,0.9192743541669988,0.0,0.1481481481481481,3.425925925925926,,72,10,-0.0458685004165221,0.3333333333333333,1.216164722081157,0.8,0.1944444444444444,2.4472222222222224,0.153
2026-09-10,North Dakota State,Mountain West,2026,138,19,0.2389024157458295,0.4565217391304347,1.159685581066689,0.6666666666666666,0.1728395061728395,3.011111111111111,,105,21,-0.3131041177462083,0.3047619047619048,0.9891098805419768,0.5,0.2115384615384615,1.7596153846153846,0.21
2026-09-10,Northern Illinois,Mountain West,2026,58,15,-0.3317320736505182,0.1724137931034483,1.3677541941329785,1.0,0.28,1.668,,79,13,0.0613173930418565,0.4177215189873418,1.2457000747090123,0.2857142857142857,0.2105263157894736,3.294736842105263,0.114
2026-09-10,North Texas,American Athletic,2026,69,10,0.1345556840920811,0.3478260869565217,1.5483256457053565,0.0,0.1351351351351351,2.983783783783784,,46,9,0.6535582337217621,0.5217391304347826,1.639593578555076,0.8,0.1333333333333333,2.4966666666666666,0.043
2026-09-10,Northwestern,Big Ten,2026,55,11,0.4796492784465596,0.509090909090909,1.4850398029259404,1.0,0.1071428571428571,3.95,,90,12,0.1283813331936487,0.4222222222222222,1.0576414342835372,0.7777777777777778,0.131578947368421,3.305263157894737,0.189
2026-09-10,Notre Dame,FBS Independents,2026,63,10,0.34906816757153,0.4603174603174603,1.111044132357502,0.75,0.032258064516129,2.770967741935484,,61,10,0.0717450532807693,0.3770491803278688,1.2644111837126035,0.75,0.2068965517241379,2.358620689655172,0.213
2026-09-10,Ohio,Mid-American,2026,68,12,0.1275262112846398,0.3529411764705882,1.3292957874323883,1.0,0.1290322580645161,3.396774193548388,,74,11,0.4925288347703889,0.5135135135135135,1.5427897743871417,0.8333333333333334,0.15,3.675,0.149
2026-09-10,Ohio State,Big Ten,2026,73,12,0.6666069358406588,0.5616438356164384,1.448948844124814,0.75,0.1818181818181818,3.3181818181818183,,62,13,-0.2423253831274824,0.2096774193548387,1.3049899715616444,,0.3181818181818182,1.2,0.226
2026-09-10,Oklahoma,SEC,2026,60,11,0.3871905835315659,0.55,1.1941828089991482,0.5714285714285714,0.2368421052631578,2.876315789473684,,59,13,-0.2513514097581535,0.3389830508474576,0.9392952091081728,0.0,0.2941176470588235,1.5676470588235294,0.271
2026-09-10,Oklahoma State,Big 12,2026,88,12,-0.070655818794617,0.3636363636363636,1.0309825186683157,0.5,0.2222222222222222,2.7916666666666665,,58,12,0.1864318063964714,0.4137931034482758,1.0851431714647468,1.0,0.1515151515151515,2.763636363636364,0.121
2026-09-10,Old Dominion,Sun Belt,2026,57,12,0.2183864577720761,0.4210526315789473,1.403199988382679,0.3333333333333333,0.25,2.7475,,61,11,-0.2098210149796944,0.2622950819672131,1.0102859391372834,0.5,0.2368421052631578,2.281578947368421,0.246
2026-09-10,Ole Miss,SEC,2026,80,13,0.2976736148603684,0.4625,1.3097367268750522,0.6363636363636364,0.1428571428571428,3.083333333333333,,68,13,0.3886189696343456,0.4558823529411764,1.5103542544262112,0.8,0.25,2.325,0.162
2026-09-10,Oregon,Big Ten,2026,64,13,0.2770903671236243,0.453125,1.5147413609415246,0.6666666666666666,0.125,3.2375,,67,13,0.112630052976283,0.3582089552238806,1.0180962329024892,1.0,0.1212121212121212,2.9212121212121214,0.134
2026-09-10,Oregon State,Pac-12,2026,74,12,0.1828788459074729,0.4054054054054054,1.341138665590374,0.5,0.0476190476190476,2.833333333333333,,74,11,0.3122472695613982,0.5,1.2537336272714703,0.8571428571428571,0.15,3.3325,0.135
2026-09-10,Penn State,Big Ten,2026,74,12,0.4220959538823401,0.5135135135135135,1.2946795341133903,0.8571428571428571,0.1363636363636363,3.1204545454545456,,55,12,-0.1678505565616108,0.2909090909090909,0.8874228649697032,0.5,0.4166666666666667,1.0458333333333334,0.255
2026-09-10,Pittsburgh,ACC,2026,77,12,0.4266562668926378,0.5454545454545454,1.338185183481556,0.6,0.2,3.2466666666666666,,59,12,0.1140105096966495,0.3220338983050847,1.5292950729514845,1.0,0.1578947368421052,2.1894736842105265,0.102
2026-09-10,Purdue,Big Ten,2026,74,10,0.3720946010569115,0.5,1.1765932198339826,1.0,0.0526315789473684,3.713157894736842,,48,10,0.0076184507009966,0.2708333333333333,2.3625129116735217,1.0,0.3809523809523809,1.7857142857142858,0.292
2026-09-10,Rice,American Athletic,2026,82,10,0.2330716591590226,0.5365853658536586,0.9398508399655154,0.7142857142857143,0.0714285714285714,4.098571428571429,,59,9,-0.1237149255808005,0.3050847457627119,1.1672615609152817,0.3333333333333333,0.1818181818181818,2.8151515151515154,0.22
2026-09-10,Rutgers,Big Ten,2026,63,12,0.2030959004306255,0.3968253968253968,1.561455323235606,0.6,0.25,1.93,,65,12,0.3299726417466155,0.5230769230769231,1.040597861761411,0.7142857142857143,0.175,3.375,0.092
2026-09-10,Sacramento State,Mid-American,2026,136,28,0.1433571306032177,0.4117647058823529,1.2100326346283852,0.7142857142857143,0.2758620689655172,2.3344827586206898,,123,28,-0.0377164501393858,0.3170731707317073,1.249205121713904,0.8,0.1724137931034483,2.446551724137931,0.179
2026-09-10,Sam Houston,Conference USA,2026,70,12,0.1679615358354406,0.4714285714285714,1.2051346981627544,0.5,0.4,1.775,,69,14,0.1569078614264043,0.3333333333333333,1.656527031513981,0.0,0.282051282051282,2.6666666666666665,0.217
2026-09-10,San Diego State,Pac-12,2026,64,12,0.2275570300504772,0.46875,1.1621448616114909,0.5454545454545454,0.225,3.11,,81,14,0.0271101214147896,0.419753086419753,0.8928353503546071,0.8333333333333334,0.1034482758620689,3.213793103448276,0.099
2026-09-10,San José State,Mountain West,2026,135,26,0.1654454108123683,0.3777777777777777,1.403736148990978,0.5,0.2241379310344827,2.8948275862068966,,146,24,0.1926127829579521,0.4863013698630137,0.9437116819457052,0.9333333333333332,0.1269841269841269,3.0793650793650795,0.116
2026-09-10,SMU,ACC,2026,67,11,0.3731393852771628,0.5522388059701493,1.2869920757845814,0.6666666666666666,0.1290322580645161,3.2774193548387096,,67,12,0.1942759989222807,0.373134328358209,1.4367549195963938,0.3333333333333333,0.1219512195121951,3.1926829268292685,0.06
2026-09-10,South Alabama,Sun Belt,2026,88,11,0.1679081659755002,0.4204545454545454,1.1090388260054005,0.8,0.1403508771929824,3.333333333333333,,37,10,0.1680093831906549,0.4054054054054054,1.3108139148186486,0.25,0.3125,1.46875,0.297
2026-09-10,South Carolina,SEC,2026,74,10,0.6831768049116431,0.6891891891891891,1.208883909759148,0.8333333333333334,0.0769230769230769,4.058974358974359,,49,10,-0.0380765202042578,0.2653061224489796,1.461049533469705,0.5,0.2083333333333333,2.7333333333333334,0.143
2026-09-10,Southern Miss,Sun Belt,2026,85,12,0.4021821758857622,0.5882352941176471,1.0704689502182791,0.8461538461538461,0.0701754385964912,4.026315789473684,,61,13,-0.1276766015263514,0.2131147540983606,1.646759392614464,,0.3142857142857143,2.037142857142857,0.213
2026-09-10,South Florida,American Athletic,2026,58,9,-0.0627460596868576,0.4310344827586206,0.6493252074099518,0.8,0.2432432432432432,2.216216216216216,,76,10,0.1106554334008039,0.3815789473684211,1.1286561605558318,0.5,0.25,2.4875,0.158
2026-09-10,Stanford,ACC,2026,139,24,0.1808381606267126,0.39568345323741,1.1457214486158334,0.8571428571428571,0.1694915254237288,2.886440677966102,,145,25,0.245147869709458,0.4482758620689655,1.3156744634857456,1.0,0.1509433962264151,2.922641509433962,0.124
2026-09-10,Syracuse,ACC,2026,78,13,0.35126503570932,0.5256410256410257,1.3123860866084411,0.875,0.15,3.5125,,63,14,-0.2563055947546812,0.2698412698412698,0.8887481994400394,0.75,0.2333333333333333,1.6033333333333333,0.254
2026-09-10,TCU,Big 12,2026,72,10,-0.0458685004165221,0.3333333333333333,1.216164722081157,0.8,0.1944444444444444,2.4472222222222224,,58,10,0.1071523441641766,0.4655172413793103,0.9192743541669988,0.0,0.1481481481481481,3.425925925925926,0.155
2026-09-10,Temple,American Athletic,2026,63,10,0.1701631807567049,0.4603174603174603,1.1362662343770378,0.8571428571428571,0.1860465116279069,2.9465116279069767,,62,12,-0.0226790900205711,0.3870967741935484,1.1767906357894466,0.8,0.2857142857142857,2.317857142857143,0.226
2026-09-10,Tennessee,SEC,2026,74,13,0.5691980477008708,0.581081081081081,1.2840787312058908,0.8333333333333334,0.108695652173913,3.771739130434783,,60,14,-0.1261539060436249,0.25,1.167568813131016,0.0,0.2758620689655172,2.996551724137931,0.267
2026-09-10,Texas,SEC,2026,70,9,0.4586510146705653,0.5,1.579697637253443,0.8,0.2857142857142857,2.5342857142857143,,73,11,0.1390521539854218,0.410958904109589,1.1274872950767767,0.6,0.2051282051282051,2.6256410256410256,0.205
2026-09-10,Texas A&M,SEC,2026,89,12,0.3513233344986824,0.5842696629213483,1.0755940232268968,1.0,0.1041666666666666,3.925,,41,11,-0.2441222919654586,0.1707317073170731,0.9332823449213844,0.5,0.2608695652173913,1.6434782608695653,0.293
2026-09-10,Texas State,Pac-12,2026,73,11,0.1390521539854218,0.410958904109589,1.1274872950767767,0.6,0.2051282051282051,2.6256410256410256,,70,9,0.4586510146705653,0.5,1.579697637253443,0.8,0.2857142857142857,2.5342857142857143,0.171
2026-09-10,Texas Tech,Big 12,2026,74,11,0.2785300204187715,0.5,1.0471550507298784,0.7777777777777778,0.1538461538461538,3.3461538461538463,,63,10,-0.1380251385043791,0.2698412698412698,1.2673339554332412,0.5,0.1923076923076923,2.8384615384615386,0.238
2026-09-10,Toledo,Mid-American,2026,42,10,0.2841846990486799,0.2857142857142857,2.3449878397908352,0.0,0.4444444444444444,1.1388888888888888,,85,11,0.022631845773767,0.3764705882352941,1.097389911197236,0.3333333333333333,0.2127659574468085,2.797872340425532,0.106
2026-09-10,Troy,Sun Belt,2026,69,14,0.1569078614264043,0.3333333333333333,1.656527031513981,0.0,0.282051282051282,2.6666666666666665,,70,12,0.1679615358354406,0.4714285714285714,1.2051346981627544,0.5,0.4,1.775,0.229
2026-09-10,Tulane,American Athletic,2026,55,12,0.0040917519043523,0.3090909090909091,0.7971508910071232,1.0,0.1304347826086956,2.9565217391304346,,78,13,-0.0505656875484706,0.2948717948717949,1.239953895912352,1.0,0.1836734693877551,3.0408163265306123,0.09
2026-09-10,Tulsa,American Athletic,2026,58,12,0.1864318063964714,0.4137931034482758,1.0851431714647468,1.0,0.1515151515151515,2.763636363636364,,88,12,-0.070655818794617,0.3636363636363636,1.0309825186683157,0.5,0.2222222222222222,2.7916666666666665,0.102
2026-09-10,UAB,American Athletic,2026,79,8,0.1391305222352757,0.430379746835443,1.246176627641464,0.75,0.1304347826086956,3.252173913043478,,44,8,0.5293505291335725,0.5681818181818182,1.3542485462010816,0.6,0.2307692307692307,2.976923076923077,0.045
2026-09-10,UCF,Big 12,2026,62,13,0.5493339803795543,0.5645161290322581,1.4108685998253796,1.0,0.081081081081081,4.386486486486486,,62,15,-0.1629071620565535,0.2096774193548387,1.219168347266829,1.0,0.3157894736842105,1.923684210526316,0.226
2026-09-10,UCLA,Big Ten,2026,53,14,0.4197846779080366,0.5660377358490566,1.2513254603824528,1.0,0.0344827586206896,4.813793103448276,,89,14,0.1330628286155295,0.3370786516853932,1.4836215579250065,0.6666666666666666,0.2051282051282051,2.528205128205128,0.191
2026-09-10,UConn,FBS Independents,2026,74,14,0.5732783853066649,0.5135135135135135,1.5911999117333786,0.3333333333333333,0.15,3.855,,72,13,-0.1583014250977013,0.2777777777777778,0.8956382174474538,0.6666666666666666,0.2142857142857142,2.3857142857142857,0.153
2026-09-10,UL Monroe,Sun Belt,2026,71,13,-0.0252092266627155,0.2957746478873239,1.0528206054479607,0.4,0.1052631578947368,2.860526315789474,,79,13,0.6380275101586687,0.5822784810126582,1.4780996639334054,1.0,0.1351351351351351,4.127027027027027,0.101
2026-09-10,UNLV,Mountain West,2026,145,25,0.1200261378324966,0.3517241379310344,1.4413345772565798,0.6666666666666666,0.1428571428571428,3.3025974025974025,,137,23,0.0892851354528906,0.3941605839416058,1.1660859456751205,0.7142857142857143,0.1129032258064516,3.875806451612904,0.168
2026-09-10,USC,Big Ten,2026,146,20,0.363397412337942,0.6027397260273972,1.036874418468907,0.8,0.1818181818181818,3.1818181818181817,,102,20,-0.0273655770706078,0.3431372549019608,1.1708350034918942,0.0,0.2340425531914893,2.363829787234043,0.157
2026-09-10,Utah,Big 12,2026,77,13,0.5107474991645495,0.5714285714285714,1.3617321828088478,0.75,0.1428571428571428,4.116326530612245,,62,13,0.1373547685990896,0.3387096774193548,1.262352149239576,1.0,0.2,2.256666666666667,0.129
2026-09-10,Utah State,Pac-12,2026,89,12,0.0953408762518156,0.4269662921348314,1.1945320367732557,0.25,0.1627906976744186,3.4511627906976745,,65,13,0.0339441781809636,0.3538461538461538,1.0966029950577263,0.6666666666666666,0.1785714285714285,2.242857142857143,0.092
2026-09-10,UTEP,Mountain West,2026,59,13,-0.2513514097581535,0.3389830508474576,0.9392952091081728,0.0,0.2941176470588235,1.5676470588235294,,60,11,0.3871905835315659,0.55,1.1941828089991482,0.5714285714285714,0.2368421052631578,2.876315789473684,0.117
2026-09-10,UTSA,American Athletic,2026,60,12,0.5144231919895464,0.6333333333333333,1.0998644890074278,1.0,0.1034482758620689,3.7655172413793103,,82,13,-0.0637788059466083,0.3780487804878049,1.0540254394047484,0.3333333333333333,0.1818181818181818,3.118181818181818,0.183
2026-09-10,Vanderbilt,SEC,2026,63,8,0.2825170243631735,0.4761904761904761,1.061975081924216,0.75,0.081081081081081,3.5,,47,10,0.0290448960751272,0.3404255319148936,1.186345828828299,1.0,0.2105263157894736,3.226315789473684,0.128
2026-09-10,Virginia,ACC,2026,71,12,0.2726220404086543,0.4788732394366197,1.0612371845133193,0.8333333333333334,0.1428571428571428,3.305357142857143,,51,12,-0.1438403681738571,0.3137254901960784,0.533800638173952,1.0,0.1363636363636363,3.140909090909091,0.255
2026-09-10,Virginia Tech,ACC,2026,74,14,0.5374711897037322,0.6486486486486487,1.1019539523073911,0.9,0.024390243902439,4.102439024390244,,57,15,-0.4448745270780552,0.087719298245614,1.8471598449248687,,0.5897435897435898,-0.2461538461538461,0.386
2026-09-10,Wake Forest,ACC,2026,68,11,0.4775889473352314,0.4264705882352941,1.5275719114401596,0.8,0.15625,3.265625,,70,11,0.0219793074667645,0.5,0.7212615614875549,0.6,0.1818181818181818,3.103030303030303,0.143
2026-09-10,Washington,Big Ten,2026,64,12,0.0779716429331925,0.46875,1.0665805293728612,0.5,0.25,2.753571428571429,,58,11,-0.0327383497923566,0.3103448275862069,1.0264346254160943,,0.3103448275862069,2.310344827586207,0.293
2026-09-10,Washington State,Pac-12,2026,58,11,-0.0327383497923566,0.3103448275862069,1.0264346254160943,0.0,0.3103448275862069,2.310344827586207,,64,12,0.0779716429331925,0.46875,1.0665805293728612,0.5,0.25,2.753571428571429,0.078
2026-09-10,Western Kentucky,Conference USA,2026,84,12,0.0656228862120106,0.4404761904761904,0.9007840660809396,0.6666666666666666,0.1951219512195122,2.995121951219512,,59,12,0.556278847672138,0.5084745762711864,1.6496693482013214,0.8571428571428571,0.1904761904761904,3.530952380952381,0.068
2026-09-10,Western Michigan,Mid-American,2026,70,11,-0.0368689615872864,0.3285714285714285,1.0681220061704584,0.6666666666666666,0.1818181818181818,2.6613636363636366,,48,10,0.2355175415917992,0.4375,1.0790058466360366,0.75,0.0833333333333333,3.395833333333333,0.167
2026-09-10,West Virginia,Big 12,2026,77,14,0.1253120460127239,0.4155844155844156,1.017712015705272,0.75,0.15,2.725,,65,13,0.2190866513645281,0.4307692307692308,1.513683842396193,0.6666666666666666,0.32,1.944,0.262
2026-09-10,Wisconsin,Big Ten,2026,61,10,0.0717450532807693,0.3770491803278688,1.2644111837126035,0.75,0.2068965517241379,2.358620689655172,,63,10,0.34906816757153,0.4603174603174603,1.111044132357502,0.75,0.032258064516129,2.770967741935484,0.111
2026-09-10,Wyoming,Mountain West,2026,55,11,-0.0251076991146114,0.4181818181818181,0.899961606833427,1.0,0.1212121212121212,3.3545454545454545,,68,11,0.3012418203750481,0.4852941176470588,1.2087905981747544,1.0,0.2121212121212121,2.4939393939393937,0.118
2026-09-11,Air Force,Mountain West,2026,79,9,0.398894580108972,0.5443037974683544,0.9961783497840124,1.0,0.0422535211267605,4.357746478873239,,45,9,-0.248118563368299,0.2222222222222222,1.1005872277594584,1.0,0.25,2.47,0.178
2026-09-11,Akron,Mid-American,2026,70,11,0.0219793074667645,0.5,0.7212615614875549,0.6,0.1818181818181818,3.103030303030303,,68,11,0.4775889473352314,0.4264705882352941,1.5275719114401596,0.8,0.15625,3.265625,0.132
2026-09-11,Alabama,SEC,2026,80,11,0.2921555691005923,0.525,1.1065101966937536,0.8333333333333334,0.1666666666666666,3.25,,41,12,-0.1985433161778543,0.2195121951219512,1.548265437530798,0.0,0.3684210526315789,0.131578947368421,0.195
2026-09-11,App State,Sun Belt,2026,74,10,0.607856950791685,0.6486486486486487,1.2037359766532605,1.0,0.1025641025641025,3.587179487179488,,61,11,-0.070753508433127,0.3114754098360656,1.2470294348667017,0.0,0.3076923076923077,1.696153846153846,0.213
2026-09-11,Arizona,Big 12,2026,74,13,0.2162055092878395,0.6081081081081081,0.9333031860410906,1.0,0.0303030303030303,4.409090909090909,,53,11,-0.2286260997681982,0.1698113207547169,1.7768342308359768,,0.4375,1.33125,0.34
2026-09-11,Arizona State,Big 12,2026,71,12,0.6811056989560571,0.5774647887323944,1.6060940675308155,1.0,0.1428571428571428,3.145714285714286,,52,12,-0.0543715412788205,0.3076923076923077,0.9935711179315884,0.6666666666666666,0.0869565217391304,3.0217391304347827,0.115
2026-09-11,Arkansas,SEC,2026,84,13,0.1762496985985374,0.5238095238095238,0.9434584968366112,0.7777777777777778,0.217391304347826,2.5804347826086955,,45,13,-0.0746171455673535,0.2666666666666666,1.053617978511065,,0.2631578947368421,1.8473684210526315,0.222
2026-09-11,Arkansas State,Sun Belt,2026,60,12,0.1251568147001252,0.5,1.25818527156254,0.8333333333333334,0.1153846153846153,3.2192307692307693,,65,12,0.4907125992882863,0.4923076923076923,1.4906452469735614,0.6,0.1276595744680851,3.546808510638298,0.092
2026-09-11,Army,American Athletic,2026,72,12,0.68581428710163,0.6527777777777778,1.287193457096531,0.8333333333333334,0.0526315789473684,4.65438596491228,,54,11,-0.1061496906379418,0.3148148148148148,0.8508825653985219,0.6666666666666666,0.2413793103448276,2.317241379310345,0.204
2026-09-11,Auburn,SEC,2026,75,13,0.028237977212608,0.3866666666666666,1.1601768480225931,1.0,0.2285714285714285,2.6742857142857144,,101,13,0.0541744150425169,0.3861386138613861,1.2316141474915536,0.4,0.2325581395348837,2.097674418604651,0.198
2026-09-11,Ball State,Mid-American,2026,62,13,-0.2423253831274824,0.2096774193548387,1.3049899715616444,0.0,0.3181818181818182,1.2,,73,12,0.6666069358406588,0.5616438356164384,1.448948844124814,0.75,0.1818181818181818,3.3181818181818183,0.11
2026-09-11,Baylor,Big 12,2026,101,13,0.0541744150425169,0.3861386138613861,1.2316141474915536,0.4,0.2325581395348837,2.097674418604651,,75,13,0.028237977212608,0.3866666666666666,1.1601768480225931,1.0,0.2285714285714285,2.6742857142857144,0.24
2026-09-11,Boise State,Pac-12,2026,67,13,0.112630052976283,0.3582089552238806,1.0180962329024892,1.0,0.1212121212121212,2.9212121212121214,,64,13,0.2770903671236243,0.453125,1.5147413609415246,0.6666666666666666,0.125,3.2375,0.156
2026-09-11,Boston College,ACC,2026,73,11,0.1148708905860701,0.3972602739726027,1.321991243096292,1.0,0.2,3.182857142857143,,62,12,0.2410406579313317,0.3870967741935484,1.255243118893256,1.0,0.0909090909090909,3.5568181818181817,0.113
2026-09-11,Bowling Green,Mid-American,2026,66,10,0.0252616008758181,0.3939393939393939,0.9845141517309268,0.5,0.25,2.308333333333333,,59,10,0.147050749791919,0.3898305084745763,1.3986920519909742,0.5,0.25,2.909375,0.085
2026-09-11,Buffalo,Mid-American,2026,83,15,0.1523137913791646,0.3975903614457831,1.1454912933763308,1.0,0.1818181818181818,2.9909090909090907,,72,14,-0.0495205233949304,0.2916666666666667,1.290213068638229,0.6666666666666666,0.2857142857142857,2.35,0.194
2026-09-11,BYU,Big 12,2026,70,11,0.5424702666968887,0.6571428571428571,1.0634948151667478,0.8333333333333334,0.0666666666666666,4.348888888888889,,57,12,-0.1092276625777366,0.3157894736842105,1.1129858127235353,1.0,0.25,1.5375,0.193
2026-09-11,California,ACC,2026,89,14,0.1330628286155295,0.3370786516853932,1.4836215579250065,0.6666666666666666,0.2051282051282051,2.528205128205128,,53,14,0.4197846779080366,0.5660377358490566,1.2513254603824528,1.0,0.0344827586206896,4.813793103448276,0.17
2026-09-11,Central Michigan,Mid-American,2026,49,10,-0.0521819579954481,0.2653061224489796,1.2713447189179048,0.6666666666666666,0.0333333333333333,2.8266666666666667,,71,10,0.2187107716098358,0.4929577464788732,0.9281654236514942,1.0,0.0714285714285714,3.657142857142857,0.085
2026-09-11,Charlotte,American Athletic,2026,78,13,0.2859972664636527,0.4615384615384615,1.4901022812832403,0.5714285714285714,0.15625,3.43125,,64,13,0.3753893366264918,0.484375,1.3295321578112234,0.8888888888888888,0.1875,3.1395833333333334,0.109
2026-09-11,Cincinnati,Big 12,2026,62,12,0.2410406579313317,0.3870967741935484,1.255243118893256,1.0,0.0909090909090909,3.5568181818181817,,73,11,0.1148708905860701,0.3972602739726027,1.321991243096292,1.0,0.2,3.182857142857143,0.233
2026-09-11,Clemson,ACC,2026,50,13,-0.2678767676397615,0.24,0.9456595506388836,0.6666666666666666,0.3181818181818182,1.9363636363636365,,95,12,0.4186847892890937,0.5368421052631579,1.335477872163365,0.7777777777777778,0.0862068965517241,3.532758620689655,0.105
2026-09-11,Coastal Carolina,Sun Belt,2026,65,13,0.2190866513645281,0.4307692307692308,1.513683842396193,0.6666666666666666,0.32,1.944,,77,14,0.1253120460127239,0.4155844155844156,1.017712015705272,0.75,0.15,2.725,0.117
2026-09-11,Colorado,Big 12,2026,77,10,0.052210909874857,0.3766233766233766,1.1248231734306042,1.0,0.108695652173913,2.730434782608696,,54,9,0.0740220685733517,0.3703703703703703,1.2001545717095805,0.3333333333333333,0.4444444444444444,1.903703703703704,0.204
2026-09-11,Colorado State,Pac-12,2026,68,11,0.3012418203750481,0.4852941176470588,1.2087905981747544,1.0,0.2121212121212121,2.4939393939393937,,55,11,-0.0251076991146114,0.4181818181818181,0.899961606833427,1.0,0.1212121212121212,3.3545454545454545,0.255
2026-09-11,Delaware,Conference USA,2026,72,15,0.395766923303369,0.4722222222222222,1.4629954002722116,0.6,0.25,2.9035714285714285,,72,14,-0.1228539521929541,0.25,1.4441213197823703,0.0,0.1818181818181818,2.0454545454545454,0.222
2026-09-11,Duke,ACC,2026,78,13,-0.0505656875484706,0.2948717948717949,1.239953895912352,1.0,0.1836734693877551,3.0408163265306123,,55,12,0.0040917519043523,0.3090909090909091,0.7971508910071232,1.0,0.1304347826086956,2.9565217391304346,0.255
2026-09-11,East Carolina,American Athletic,2026,41,12,-0.1985433161778543,0.2195121951219512,1.548265437530798,0.0,0.3684210526315789,0.131578947368421,,80,11,0.2921555691005923,0.525,1.1065101966937536,0.8333333333333334,0.1666666666666666,3.25,0.1
2026-09-11,Eastern Michigan,Mid-American,2026,139,28,0.0137872737547518,0.3525179856115107,1.1963855437894064,0.8888888888888888,0.1851851851851851,2.401851851851852,,142,29,0.0358449996397635,0.3380281690140845,1.3282440556423494,0.6666666666666666,0.2941176470588235,2.268627450980392,0.211
2026-09-11,Florida,SEC,2026,68,11,0.6214577657732879,0.5441176470588235,1.5513849234480332,1.0,0.1,3.415,,92,12,0.1079005807865989,0.4021739130434782,1.123977189197295,0.8,0.1111111111111111,2.6666666666666665,0.185
2026-09-11,Florida Atlantic,American Athletic,2026,92,12,0.1079005807865989,0.4021739130434782,1.123977189197295,0.8,0.1111111111111111,2.6666666666666665,,68,11,0.6214577657732879,0.5441176470588235,1.5513849234480332,1.0,0.1,3.415,0.103
2026-09-11,Florida International,Conference USA,2026,76,10,0.1106554334008039,0.3815789473684211,1.1286561605558318,0.5,0.25,2.4875,,58,9,-0.0627460596868576,0.4310344827586206,0.6493252074099518,0.8,0.2432432432432432,2.216216216216216,0.155
2026-09-11,Florida State,ACC,2026,134,22,0.2424691694189232,0.4104477611940298,1.3738286847147458,0.5,0.1392405063291139,3.3063291139240505,,134,21,0.2678980507336072,0.4477611940298507,1.420966285728235,0.8333333333333334,0.1176470588235294,3.1549019607843136,0.157
2026-09-11,Fresno State,Pac-12,2026,45,10,-0.3361342907596831,0.2222222222222222,1.0430569433281442,0.0,0.25,2.0458333333333334,,69,10,0.3329910433772204,0.5362318840579711,1.2523425346671877,0.6,0.2564102564102564,2.67948717948718,0.116
2026-09-11,Georgia,SEC,2026,61,12,0.7432765199543512,0.7049180327868853,1.3166694327058304,1.0,0.074074074074074,4.692592592592592,,59,12,-0.098492900176064,0.3050847457627119,0.9076081443193394,0.5,0.3448275862068966,1.3448275862068966,0.169
2026-09-11,Georgia Southern,Sun Belt,2026,79,13,0.2444179382415293,0.4556962025316455,1.276334833492634,0.5,0.125,3.375,,63,13,-0.2948176866643922,0.1746031746031746,1.535819015192187,1.0,0.3461538461538461,0.7115384615384616,0.333
2026-09-11,Georgia State,Sun Belt,2026,71,12,0.506821618296269,0.5915492957746479,1.1174212531004228,0.8,0.0526315789473684,4.339473684210526,,55,12,-0.0651855131693598,0.2909090909090909,1.342072137645949,,0.2,2.852,0.2
2026-09-11,Georgia Tech,ACC,2026,54,9,0.0740220685733517,0.3703703703703703,1.2001545717095805,0.3333333333333333,0.4444444444444444,1.903703703703704,,77,10,0.052210909874857,0.3766233766233766,1.1248231734306042,1.0,0.108695652173913,2.730434782608696,0.143
2026-09-11,Hawai'i,Mountain West,2026,154,25,-0.0067799020486064,0.3441558441558441,1.257467947844597,0.7777777777777778,0.14,3.396,,137,25,0.246843337573555,0.4160583941605839,1.295609264698933,0.6666666666666666,0.125,3.40875,0.102
2026-09-11,Houston,Big 12,2026,74,11,0.3122472695613982,0.5,1.2537336272714703,0.8571428571428571,0.15,3.3325,,74,12,0.1828788459074729,0.4054054054054054,1.341138665590374,0.5,0.0476190476190476,2.833333333333333,0.216
2026-09-11,Illinois,Big Ten,2026,44,8,0.5293505291335725,0.5681818181818182,1.3542485462010816,0.6,0.2307692307692307,2.976923076923077,,79,8,0.1391305222352757,0.430379746835443,1.246176627641464,0.75,0.1304347826086956,3.252173913043478,0.139
2026-09-11,Indiana,Big Ten,2026,46,9,0.6535582337217621,0.5217391304347826,1.639593578555076,0.8,0.1333333333333333,2.4966666666666666,,69,10,0.1345556840920811,0.3478260869565217,1.5483256457053565,0.0,0.1351351351351351,2.983783783783784,0.13
2026-09-11,Iowa,Big Ten,2026,79,13,0.0613173930418565,0.4177215189873418,1.2457000747090123,0.2857142857142857,0.2105263157894736,3.294736842105263,,58,15,-0.3317320736505182,0.1724137931034483,1.3677541941329785,1.0,0.28,1.668,0.207
2026-09-11,Iowa State,Big 12,2026,48,12,0.2446671684503538,0.3541666666666667,1.764868764741519,0.0,0.2,2.543333333333333,,69,13,-0.0595235618745478,0.2753623188405797,1.3903288614258686,0.6666666666666666,0.1463414634146341,2.1463414634146343,0.246
2026-09-11,Jacksonville State,Conference USA,2026,118,20,0.1409216220392592,0.4661016949152542,1.2756491209849268,0.7272727272727273,0.1551724137931034,2.9517241379310346,,127,20,0.0544449670414666,0.4015748031496063,1.1417088748135955,0.625,0.2125,2.80125,0.15
2026-09-11,James Madison,Sun Belt,2026,50,9,0.2797625024195963,0.38,1.2501062601953608,0.6666666666666666,0.2258064516129032,3.07741935483871,,69,9,0.028036219506202,0.3768115942028985,1.183714063723734,0.8,0.1351351351351351,2.310810810810811,0.13
2026-09-11,Kansas,Big 12,2026,78,10,0.5690429634370339,0.5897435897435898,1.298893771602378,0.5,0.0196078431372549,3.931372549019608,,54,11,-0.1761484717280324,0.2222222222222222,1.0166439202905828,1.0,0.3666666666666666,1.22,0.296
2026-09-11,Kansas State,Big 12,2026,72,12,0.5878935481737257,0.6527777777777778,1.2411157855790529,1.0,0.1136363636363636,3.788636363636364,,61,14,-0.2760781802900377,0.2295081967213114,1.3872082973968078,0.5,0.4102564102564102,1.2461538461538462,0.295
2026-09-11,Kennesaw State,Conference USA,2026,82,14,0.2889238382699472,0.573170731707317,1.1398710550423496,0.7777777777777778,0.1521739130434782,3.265217391304348,,53,14,-0.2481023479251471,0.1509433962264151,0.8919515753149165,1.0,0.25,1.8333333333333333,0.17
2026-09-11,Kent State,Mid-American,2026,49,10,-0.0380765202042578,0.2653061224489796,1.461049533469705,0.5,0.2083333333333333,2.7333333333333334,,74,10,0.6831768049116431,0.6891891891891891,1.208883909759148,0.8333333333333334,0.0769230769230769,4.058974358974359,0.068
2026-09-11,Kentucky,SEC,2026,61,11,0.5623068202509097,0.6065573770491803,1.1980918561404976,0.8,0.1818181818181818,4.121212121212121,,67,9,0.0772411219735421,0.417910447761194,1.1461380400647427,1.0,0.1923076923076923,2.0346153846153845,0.164
2026-09-11,Liberty,Conference USA,2026,69,9,0.028036219506202,0.3768115942028985,1.183714063723734,0.8,0.1351351351351351,2.310810810810811,,50,9,0.2797625024195963,0.38,1.2501062601953608,0.6666666666666666,0.2258064516129032,3.07741935483871,0.14
2026-09-11,Louisiana,Sun Belt,2026,68,11,0.3053660874098186,0.5441176470588235,1.155678147450766,0.75,0.1794871794871795,3.607692307692308,,62,11,-0.1221986707464751,0.4032258064516129,0.9773658675896196,0.5,0.2962962962962963,2.05925925925926,0.242
2026-09-11,Louisiana Tech,Sun Belt,2026,60,14,0.5986198567843053,0.4666666666666667,1.8154251680408937,1.0,0.1351351351351351,3.3378378378378377,,63,15,-0.2386179520556736,0.1746031746031746,1.0281713988788377,1.0,0.3181818181818182,1.3227272727272728,0.333
2026-09-11,Louisville,ACC,2026,68,13,0.3460803216656118,0.4411764705882353,1.4775386222518627,0.8,0.25,2.213888888888889,,79,13,0.2926298846039504,0.4683544303797468,1.3097367268750522,0.6363636363636364,0.1219512195121951,2.8365853658536584,0.114
2026-09-11,LSU,SEC,2026,95,12,0.4186847892890937,0.5368421052631579,1.335477872163365,0.7777777777777778,0.0862068965517241,3.532758620689655,,50,13,-0.2678767676397615,0.24,0.9456595506388836,0.6666666666666666,0.3181818181818182,1.9363636363636365,0.28
2026-09-11,Marshall,Sun Belt,2026,55,12,-0.1678505565616108,0.2909090909090909,0.8874228649697032,0.5,0.4166666666666667,1.0458333333333334,,74,12,0.4220959538823401,0.5135135135135135,1.2946795341133903,0.8571428571428571,0.1363636363636363,3.1204545454545456,0.095
2026-09-11,Maryland,Big Ten,2026,79,13,0.5036550588589878,0.5949367088607594,1.2417666249097736,0.8333333333333334,0.125,4.405,,52,13,-0.2430595105951239,0.2307692307692307,0.9748639489021425,0.3333333333333333,0.3076923076923077,1.3115384615384615,0.269
2026-09-11,Massachusetts,Mid-American,2026,65,12,0.3299726417466155,0.5230769230769231,1.040597861761411,0.7142857142857143,0.175,3.375,,63,12,0.2030959004306255,0.3968253968253968,1.561455323235606,0.6,0.25,1.93,0.27
2026-09-11,Memphis,American Athletic,2026,124,24,0.3942942997514205,0.4838709677419355,1.3027581020209116,0.7142857142857143,0.1,3.74625,,141,25,0.1058050876927993,0.4042553191489361,1.354451927678599,0.8888888888888888,0.15,2.955,0.177
2026-09-11,Miami,ACC,2026,143,26,0.6017197238170313,0.6293706293706294,1.2967522682152877,1.0,0.1184210526315789,3.931578947368421,,113,24,-0.0763543605265422,0.3008849557522124,0.9249723221683476,0.5,0.2682926829268293,2.3,0.159
2026-09-11,Miami (OH),Mid-American,2026,59,12,0.1140105096966495,0.3220338983050847,1.5292950729514845,1.0,0.1578947368421052,2.1894736842105265,,77,12,0.4266562668926378,0.5454545454545454,1.338185183481556,0.6,0.2,3.2466666666666666,0.078
2026-09-11,Michigan,Big Ten,2026,48,10,0.2355175415917992,0.4375,1.0790058466360366,0.75,0.0833333333333333,3.395833333333333,,70,11,-0.0368689615872864,0.3285714285714285,1.0681220061704584,0.6666666666666666,0.1818181818181818,2.6613636363636366,0.157
2026-09-11,Michigan State,Big Ten,2026,85,11,0.022631845773767,0.3764705882352941,1.097389911197236,0.3333333333333333,0.2127659574468085,2.797872340425532,,42,10,0.2841846990486799,0.2857142857142857,2.3449878397908352,0.0,0.4444444444444444,1.1388888888888888,0.262
2026-09-11,Middle Tennessee,Conference USA,2026,50,8,0.401691514611645,0.5,1.3001270636879156,0.5,0.0909090909090909,4.445454545454545,,50,9,0.1356520793081277,0.44,1.1883566697542824,0.8333333333333334,0.1481481481481481,3.1259259259259258,0.1
2026-09-11,Minnesota,Big Ten,2026,73,10,0.3421457792096198,0.6027397260273972,0.9752231854912968,0.6666666666666666,0.2307692307692307,2.4615384615384617,,46,13,-0.3840088027265944,0.108695652173913,1.6579740660748787,0.0,0.4444444444444444,1.325925925925926,0.283
2026-09-11,Mississippi State,SEC,2026,79,13,0.6380275101586687,0.5822784810126582,1.4780996639334054,1.0,0.1351351351351351,4.127027027027027,,71,13,-0.0252092266627155,0.2957746478873239,1.0528206054479607,0.4,0.1052631578947368,2.860526315789474,0.155
2026-09-11,Missouri,SEC,2026,79,12,0.3784876683810738,0.569620253164557,1.188936592060183,0.5714285714285714,0.1590909090909091,3.5454545454545454,,54,11,0.0165177642353872,0.2777777777777778,1.51228387460059,1.0,0.25,2.8321428571428573,0.167
2026-09-11,Missouri State,Conference USA,2026,41,11,-0.2441222919654586,0.1707317073170731,0.9332823449213844,0.5,0.2608695652173913,1.6434782608695653,,89,12,0.3513233344986824,0.5842696629213483,1.0755940232268968,1.0,0.1041666666666666,3.925,0.124
2026-09-11,Navy,American Athletic,2026,79,9,0.4802728873687856,0.6329113924050633,1.0216068152464193,1.0,0.0547945205479452,4.2753424657534245,,42,9,0.0528506485666738,0.2857142857142857,1.901970348855324,,0.1764705882352941,3.264705882352941,0.119
2026-09-11,NC State,ACC,2026,51,12,-0.1438403681738571,0.3137254901960784,0.533800638173952,1.0,0.1363636363636363,3.140909090909091,,71,12,0.2726220404086543,0.4788732394366197,1.0612371845133193,0.8333333333333334,0.1428571428571428,3.305357142857143,0.056
2026-09-11,Nebraska,Big Ten,2026,74,11,0.4925288347703889,0.5135135135135135,1.5427897743871417,0.8333333333333334,0.15,3.675,,68,12,0.1275262112846398,0.3529411764705882,1.3292957874323883,1.0,0.1290322580645161,3.396774193548388,0.206
2026-09-11,Nevada,Mountain West,2026,59,12,0.556278847672138,0.5084745762711864,1.6496693482013214,0.8571428571428571,0.1904761904761904,3.530952380952381,,84,12,0.0656228862120106,0.4404761904761904,0.9007840660809396,0.6666666666666666,0.1951219512195122,2.995121951219512,0.119
2026-09-11,New Mexico,Mountain West,2026,71,10,0.2187107716098358,0.4929577464788732,0.9281654236514942,1.0,0.0714285714285714,3.657142857142857,,49,10,-0.0521819579954481,0.2653061224489796,1.2713447189179048,0.6666666666666666,0.0333333333333333,2.8266666666666667,0.204
2026-09-11,New Mexico State,Conference USA,2026,133,22,0.288950842507434,0.4210526315789473,1.5581760293115774,0.6666666666666666,0.15,3.341666666666667,,126,23,0.1326270064301136,0.4047619047619047,1.2608012888937177,0.8,0.2063492063492063,3.13015873015873,0.135
2026-09-11,North Carolina,ACC,2026,58,10,0.1071523441641766,0.4655172413793103,0.9192743541669988,0.0,0.1481481481481481,3.425925925925926,,72,10,-0.0458685004165221,0.3333333333333333,1.216164722081157,0.8,0.1944444444444444,2.4472222222222224,0.153
2026-09-11,North Dakota State,Mountain West,2026,138,19,0.2389024157458295,0.4565217391304347,1.159685581066689,0.6666666666666666,0.1728395061728395,3.011111111111111,,105,21,-0.3131041177462083,0.3047619047619048,0.9891098805419768,0.5,0.2115384615384615,1.7596153846153846,0.21
2026-09-11,Northern Illinois,Mountain West,2026,58,15,-0.3317320736505182,0.1724137931034483,1.3677541941329785,1.0,0.28,1.668,,79,13,0.0613173930418565,0.4177215189873418,1.2457000747090123,0.2857142857142857,0.2105263157894736,3.294736842105263,0.114
2026-09-11,North Texas,American Athletic,2026,69,10,0.1345556840920811,0.3478260869565217,1.5483256457053565,0.0,0.1351351351351351,2.983783783783784,,46,9,0.6535582337217621,0.5217391304347826,1.639593578555076,0.8,0.1333333333333333,2.4966666666666666,0.043
2026-09-11,Northwestern,Big Ten,2026,55,11,0.4796492784465596,0.509090909090909,1.4850398029259404,1.0,0.1071428571428571,3.95,,90,12,0.1283813331936487,0.4222222222222222,1.0576414342835372,0.7777777777777778,0.131578947368421,3.305263157894737,0.189
2026-09-11,Notre Dame,FBS Independents,2026,63,10,0.34906816757153,0.4603174603174603,1.111044132357502,0.75,0.032258064516129,2.770967741935484,,61,10,-0.0430090450798864,0.3770491803278688,1.2644111837126035,0.75,0.2068965517241379,2.358620689655172,0.213
2026-09-11,Ohio,Mid-American,2026,68,12,0.1275262112846398,0.3529411764705882,1.3292957874323883,1.0,0.1290322580645161,3.396774193548388,,74,11,0.4925288347703889,0.5135135135135135,1.5427897743871417,0.8333333333333334,0.15,3.675,0.149
2026-09-11,Ohio State,Big Ten,2026,73,12,0.6666069358406588,0.5616438356164384,1.448948844124814,0.75,0.1818181818181818,3.3181818181818183,,62,13,-0.2423253831274824,0.2096774193548387,1.3049899715616444,,0.3181818181818182,1.2,0.226
2026-09-11,Oklahoma,SEC,2026,60,11,0.3871905835315659,0.55,1.1941828089991482,0.5714285714285714,0.2368421052631578,2.876315789473684,,59,13,-0.2513514097581535,0.3389830508474576,0.9392952091081728,0.0,0.2941176470588235,1.5676470588235294,0.271
2026-09-11,Oklahoma State,Big 12,2026,88,12,-0.070655818794617,0.3636363636363636,1.0309825186683157,0.5,0.2222222222222222,2.7916666666666665,,58,12,0.1864318063964714,0.4137931034482758,1.0851431714647468,1.0,0.1515151515151515,2.763636363636364,0.121
2026-09-11,Old Dominion,Sun Belt,2026,57,12,0.2183864577720761,0.4210526315789473,1.403199988382679,0.3333333333333333,0.25,2.7475,,61,11,-0.2098210149796944,0.2622950819672131,1.0102859391372834,0.5,0.2368421052631578,2.281578947368421,0.246
2026-09-11,Ole Miss,SEC,2026,79,13,0.2926298846039504,0.4683544303797468,1.3097367268750522,0.6363636363636364,0.1219512195121951,2.8365853658536584,,68,13,0.3460803216656118,0.4411764705882353,1.4775386222518627,0.8,0.25,2.213888888888889,0.162
2026-09-11,Oregon,Big Ten,2026,64,13,0.2770903671236243,0.453125,1.5147413609415246,0.6666666666666666,0.125,3.2375,,67,13,0.112630052976283,0.3582089552238806,1.0180962329024892,1.0,0.1212121212121212,2.9212121212121214,0.134
2026-09-11,Oregon State,Pac-12,2026,74,12,0.1828788459074729,0.4054054054054054,1.341138665590374,0.5,0.0476190476190476,2.833333333333333,,74,11,0.3122472695613982,0.5,1.2537336272714703,0.8571428571428571,0.15,3.3325,0.135
2026-09-11,Penn State,Big Ten,2026,74,12,0.4220959538823401,0.5135135135135135,1.2946795341133903,0.8571428571428571,0.1363636363636363,3.1204545454545456,,55,12,-0.1678505565616108,0.2909090909090909,0.8874228649697032,0.5,0.4166666666666667,1.0458333333333334,0.255
2026-09-11,Pittsburgh,ACC,2026,77,12,0.4266562668926378,0.5454545454545454,1.338185183481556,0.6,0.2,3.2466666666666666,,59,12,0.1140105096966495,0.3220338983050847,1.5292950729514845,1.0,0.1578947368421052,2.1894736842105265,0.102
2026-09-11,Purdue,Big Ten,2026,74,10,0.3720946010569115,0.5,1.1765932198339826,1.0,0.0526315789473684,3.713157894736842,,48,10,0.0076184507009966,0.2708333333333333,2.3625129116735217,1.0,0.3809523809523809,1.7857142857142858,0.292
2026-09-11,Rice,American Athletic,2026,82,10,0.2330716591590226,0.5365853658536586,0.9398508399655154,0.7142857142857143,0.0714285714285714,4.098571428571429,,59,9,-0.1237149255808005,0.3050847457627119,1.1672615609152817,0.3333333333333333,0.1818181818181818,2.8151515151515154,0.22
2026-09-11,Rutgers,Big Ten,2026,63,12,0.2030959004306255,0.3968253968253968,1.561455323235606,0.6,0.25,1.93,,65,12,0.3299726417466155,0.5230769230769231,1.040597861761411,0.7142857142857143,0.175,3.375,0.092
2026-09-11,Sacramento State,Mid-American,2026,136,28,0.1433571306032177,0.4117647058823529,1.2100326346283852,0.7142857142857143,0.2758620689655172,2.3344827586206898,,123,28,-0.0377164501393858,0.3170731707317073,1.249205121713904,0.8,0.1724137931034483,2.446551724137931,0.179
2026-09-11,Sam Houston,Conference USA,2026,70,12,0.1679615358354406,0.4714285714285714,1.2051346981627544,0.5,0.4,1.775,,69,14,0.1569078614264043,0.3333333333333333,1.656527031513981,0.0,0.282051282051282,2.6666666666666665,0.217
2026-09-11,San Diego State,Pac-12,2026,64,12,0.2275570300504772,0.46875,1.1621448616114909,0.5454545454545454,0.225,3.11,,81,14,0.0271101214147896,0.419753086419753,0.8928353503546071,0.8333333333333334,0.1034482758620689,3.213793103448276,0.099
2026-09-11,San José State,Mountain West,2026,135,26,0.1654454108123683,0.3777777777777777,1.403736148990978,0.5,0.2241379310344827,2.8948275862068966,,146,24,0.1926127829579521,0.4863013698630137,0.9437116819457052,0.9333333333333332,0.1269841269841269,3.0793650793650795,0.116
2026-09-11,SMU,ACC,2026,67,11,0.3731393852771628,0.5522388059701493,1.2869920757845814,0.6666666666666666,0.1290322580645161,3.2774193548387096,,67,12,0.1942759989222807,0.373134328358209,1.4367549195963938,0.3333333333333333,0.1219512195121951,3.180487804878049,0.179
2026-09-11,South Alabama,Sun Belt,2026,88,11,0.1679081659755002,0.4204545454545454,1.1090388260054005,0.8,0.1403508771929824,3.333333333333333,,37,10,0.1680093831906549,0.4054054054054054,1.3108139148186486,0.25,0.3125,1.46875,0.297
2026-09-11,South Carolina,SEC,2026,74,10,0.6831768049116431,0.6891891891891891,1.208883909759148,0.8333333333333334,0.0769230769230769,4.058974358974359,,49,10,-0.0380765202042578,0.2653061224489796,1.461049533469705,0.5,0.2083333333333333,2.7333333333333334,0.143
2026-09-11,Southern Miss,Sun Belt,2026,85,12,0.4021821758857622,0.5882352941176471,1.0704689502182791,0.8461538461538461,0.0701754385964912,4.026315789473684,,61,13,-0.1276766015263514,0.2131147540983606,1.646759392614464,,0.3142857142857143,2.037142857142857,0.213
2026-09-11,South Florida,American Athletic,2026,58,9,-0.0627460596868576,0.4310344827586206,0.6493252074099518,0.8,0.2432432432432432,2.216216216216216,,76,10,0.1106554334008039,0.3815789473684211,1.1286561605558318,0.5,0.25,2.4875,0.158
2026-09-11,Stanford,ACC,2026,139,24,0.1808381606267126,0.39568345323741,1.1457214486158334,0.8571428571428571,0.1694915254237288,2.886440677966102,,145,25,0.245147869709458,0.4482758620689655,1.3156744634857456,1.0,0.1509433962264151,2.922641509433962,0.124
2026-09-11,Syracuse,ACC,2026,78,13,0.35126503570932,0.5256410256410257,1.3123860866084411,0.875,0.15,3.5125,,63,14,-0.2563055947546812,0.2698412698412698,0.8887481994400394,0.75,0.2333333333333333,1.6033333333333333,0.254
2026-09-11,TCU,Big 12,2026,72,10,-0.0458685004165221,0.3333333333333333,1.216164722081157,0.8,0.1944444444444444,2.4472222222222224,,58,10,0.1071523441641766,0.4655172413793103,0.9192743541669988,0.0,0.1481481481481481,3.425925925925926,0.155
2026-09-11,Temple,American Athletic,2026,63,10,0.1701631807567049,0.4603174603174603,1.1362662343770378,0.8571428571428571,0.1860465116279069,2.9465116279069767,,62,12,-0.0226790900205711,0.3870967741935484,1.1767906357894466,0.8,0.2857142857142857,2.317857142857143,0.226
2026-09-11,Tennessee,SEC,2026,74,13,0.5691980477008708,0.581081081081081,1.2840787312058908,0.8333333333333334,0.108695652173913,3.771739130434783,,60,14,-0.1261539060436249,0.25,1.167568813131016,0.0,0.2758620689655172,2.996551724137931,0.267
2026-09-11,Texas,SEC,2026,70,9,0.4586510146705653,0.5,1.579697637253443,0.8,0.2857142857142857,2.5342857142857143,,73,11,0.1390521539854218,0.410958904109589,1.1274872950767767,0.6,0.2051282051282051,2.6256410256410256,0.205
2026-09-11,Texas A&M,SEC,2026,89,12,0.3513233344986824,0.5842696629213483,1.0755940232268968,1.0,0.1041666666666666,3.925,,41,11,-0.2441222919654586,0.1707317073170731,0.9332823449213844,0.5,0.2608695652173913,1.6434782608695653,0.293
2026-09-11,Texas State,Pac-12,2026,73,11,0.1390521539854218,0.410958904109589,1.1274872950767767,0.6,0.2051282051282051,2.6256410256410256,,70,9,0.4586510146705653,0.5,1.579697637253443,0.8,0.2857142857142857,2.5342857142857143,0.171
2026-09-11,Texas Tech,Big 12,2026,74,11,0.2785300204187715,0.5,1.0471550507298784,0.7777777777777778,0.1538461538461538,3.3461538461538463,,63,10,-0.1380251385043791,0.2698412698412698,1.2673339554332412,0.5,0.1923076923076923,2.8384615384615386,0.238
2026-09-11,Toledo,Mid-American,2026,42,10,0.2841846990486799,0.2857142857142857,2.3449878397908352,0.0,0.4444444444444444,1.1388888888888888,,85,11,0.022631845773767,0.3764705882352941,1.097389911197236,0.3333333333333333,0.2127659574468085,2.797872340425532,0.106
2026-09-11,Troy,Sun Belt,2026,69,14,0.1569078614264043,0.3333333333333333,1.656527031513981,0.0,0.282051282051282,2.6666666666666665,,70,12,0.1679615358354406,0.4714285714285714,1.2051346981627544,0.5,0.4,1.775,0.229
2026-09-11,Tulane,American Athletic,2026,55,12,0.0040917519043523,0.3090909090909091,0.7971508910071232,1.0,0.1304347826086956,2.9565217391304346,,78,13,-0.0505656875484706,0.2948717948717949,1.239953895912352,1.0,0.1836734693877551,3.0408163265306123,0.09
2026-09-11,Tulsa,American Athletic,2026,58,12,0.1864318063964714,0.4137931034482758,1.0851431714647468,1.0,0.1515151515151515,2.763636363636364,,88,12,-0.070655818794617,0.3636363636363636,1.0309825186683157,0.5,0.2222222222222222,2.7916666666666665,0.102
2026-09-11,UAB,American Athletic,2026,79,8,0.1391305222352757,0.430379746835443,1.246176627641464,0.75,0.1304347826086956,3.252173913043478,,44,8,0.5293505291335725,0.5681818181818182,1.3542485462010816,0.6,0.2307692307692307,2.976923076923077,0.045
2026-09-11,UCF,Big 12,2026,62,13,0.5493339803795543,0.5645161290322581,1.4108685998253796,1.0,0.081081081081081,4.386486486486486,,62,15,-0.1629071620565535,0.2096774193548387,1.219168347266829,1.0,0.3157894736842105,1.923684210526316,0.226
2026-09-11,UCLA,Big Ten,2026,53,14,0.4197846779080366,0.5660377358490566,1.2513254603824528,1.0,0.0344827586206896,4.813793103448276,,89,14,0.1330628286155295,0.3370786516853932,1.4836215579250065,0.6666666666666666,0.2051282051282051,2.528205128205128,0.191
2026-09-11,UConn,FBS Independents,2026,74,14,0.5732783853066649,0.5135135135135135,1.5911999117333786,0.3333333333333333,0.15,3.855,,72,13,-0.1583014250977013,0.2777777777777778,0.8956382174474538,0.6666666666666666,0.2142857142857142,2.3857142857142857,0.153
2026-09-11,UL Monroe,Sun Belt,2026,71,13,-0.0252092266627155,0.2957746478873239,1.0528206054479607,0.4,0.1052631578947368,2.860526315789474,,79,13,0.6380275101586687,0.5822784810126582,1.4780996639334054,1.0,0.1351351351351351,4.127027027027027,0.101
2026-09-11,UNLV,Mountain West,2026,145,25,0.1200261378324966,0.3517241379310344,1.4413345772565798,0.6666666666666666,0.1428571428571428,3.3025974025974025,,137,23,0.0892851354528906,0.3941605839416058,1.1660859456751205,0.7142857142857143,0.1129032258064516,3.875806451612904,0.168
2026-09-11,USC,Big Ten,2026,146,20,0.363397412337942,0.6027397260273972,1.036874418468907,0.8,0.1818181818181818,3.1818181818181817,,102,20,-0.0273655770706078,0.3431372549019608,1.1708350034918942,0.0,0.2340425531914893,2.363829787234043,0.157
2026-09-11,Utah,Big 12,2026,77,13,0.5107474991645495,0.5714285714285714,1.3617321828088478,0.75,0.1428571428571428,4.116326530612245,,62,13,0.1373547685990896,0.3387096774193548,1.262352149239576,1.0,0.2,2.256666666666667,0.129
2026-09-11,Utah State,Pac-12,2026,89,12,0.0953408762518156,0.4269662921348314,1.1945320367732557,0.25,0.1627906976744186,3.4511627906976745,,65,13,0.0339441781809636,0.3538461538461538,1.0966029950577263,0.6666666666666666,0.1785714285714285,2.242857142857143,0.092
2026-09-11,UTEP,Mountain West,2026,59,13,-0.2513514097581535,0.3389830508474576,0.9392952091081728,0.0,0.2941176470588235,1.5676470588235294,,60,11,0.3871905835315659,0.55,1.1941828089991482,0.5714285714285714,0.2368421052631578,2.876315789473684,0.117
2026-09-11,UTSA,American Athletic,2026,60,12,0.5144231919895464,0.6333333333333333,1.0998644890074278,1.0,0.1034482758620689,3.7655172413793103,,82,13,-0.0637788059466083,0.3780487804878049,1.0540254394047484,0.3333333333333333,0.1818181818181818,3.118181818181818,0.183
2026-09-11,Vanderbilt,SEC,2026,63,8,0.2825170243631735,0.4761904761904761,1.061975081924216,0.75,0.081081081081081,3.5,,47,10,0.0290448960751272,0.3404255319148936,1.186345828828299,1.0,0.2105263157894736,3.226315789473684,0.128
2026-09-11,Virginia,ACC,2026,71,12,0.2726220404086543,0.4788732394366197,1.0612371845133193,0.8333333333333334,0.1428571428571428,3.305357142857143,,51,12,-0.1438403681738571,0.3137254901960784,0.533800638173952,1.0,0.1363636363636363,3.140909090909091,0.255
2026-09-11,Virginia Tech,ACC,2026,74,14,0.5374711897037322,0.6486486486486487,1.1019539523073911,0.9,0.024390243902439,4.102439024390244,,57,15,-0.4448745270780552,0.087719298245614,1.8471598449248687,,0.5897435897435898,-0.2461538461538461,0.386
2026-09-11,Wake Forest,ACC,2026,68,11,0.4775889473352314,0.4264705882352941,1.5275719114401596,0.8,0.15625,3.265625,,70,11,0.0219793074667645,0.5,0.7212615614875549,0.6,0.1818181818181818,3.103030303030303,0.143
2026-09-11,Washington,Big Ten,2026,64,12,0.0779716429331925,0.46875,1.0665805293728612,0.5,0.25,2.753571428571429,,57,11,-0.0231405580611589,0.3157894736842105,1.0264346254160943,,0.2857142857142857,2.821428571428572,0.298
2026-09-11,Washington State,Pac-12,2026,57,11,-0.0231405580611589,0.3157894736842105,1.0264346254160943,0.0,0.2857142857142857,2.821428571428572,,64,12,0.0779716429331925,0.46875,1.0665805293728612,0.5,0.25,2.753571428571429,0.078
2026-09-11,Western Kentucky,Conference USA,2026,84,12,0.0656228862120106,0.4404761904761904,0.9007840660809396,0.6666666666666666,0.1951219512195122,2.995121951219512,,59,12,0.556278847672138,0.5084745762711864,1.6496693482013214,0.8571428571428571,0.1904761904761904,3.530952380952381,0.068
2026-09-11,Western Michigan,Mid-American,2026,70,11,-0.0368689615872864,0.3285714285714285,1.0681220061704584,0.6666666666666666,0.1818181818181818,2.6613636363636366,,48,10,0.2355175415917992,0.4375,1.0790058466360366,0.75,0.0833333333333333,3.395833333333333,0.167
2026-09-11,West Virginia,Big 12,2026,77,14,0.1253120460127239,0.4155844155844156,1.017712015705272,0.75,0.15,2.725,,65,13,0.2190866513645281,0.4307692307692308,1.513683842396193,0.6666666666666666,0.32,1.944,0.262
2026-09-11,Wisconsin,Big Ten,2026,61,10,-0.0430090450798864,0.3770491803278688,1.2644111837126035,0.75,0.2068965517241379,2.358620689655172,,63,10,0.34906816757153,0.4603174603174603,1.111044132357502,0.75,0.032258064516129,2.770967741935484,0.111
2026-09-11,Wyoming,Mountain West,2026,55,11,-0.0251076991146114,0.4181818181818181,0.899961606833427,1.0,0.1212121212121212,3.3545454545454545,,68,11,0.3012418203750481,0.4852941176470588,1.2087905981747544,1.0,0.2121212121212121,2.4939393939393937,0.118
2026-09-12,Air Force,Mountain West,2026,79,9,0.398894580108972,0.5443037974683544,0.9961783497840124,1.0,0.0422535211267605,4.357746478873239,,45,9,-0.248118563368299,0.2222222222222222,1.1005872277594584,1.0,0.25,2.47,0.178
2026-09-12,Akron,Mid-American,2026,70,11,0.0219793074667645,0.5,0.7212615614875549,0.6,0.1818181818181818,3.103030303030303,,68,11,0.4775889473352314,0.4264705882352941,1.5275719114401596,0.8,0.15625,3.265625,0.132
2026-09-12,Alabama,SEC,2026,80,11,0.2921555691005923,0.525,1.1065101966937536,0.8333333333333334,0.1666666666666666,3.25,,41,12,-0.1985433161778543,0.2195121951219512,1.548265437530798,0.0,0.3684210526315789,0.131578947368421,0.195
2026-09-12,App State,Sun Belt,2026,147,23,0.3906247499138722,0.5170068027210885,1.2754065166484962,0.8333333333333334,0.2,2.87625,,134,24,0.1266678446197469,0.4104477611940298,1.1852737956938326,0.6666666666666666,0.2333333333333333,2.788333333333333,0.194
2026-09-12,Arizona,Big 12,2026,74,13,0.2162055092878395,0.6081081081081081,0.9333031860410906,1.0,0.0303030303030303,4.409090909090909,,53,11,-0.2286260997681982,0.1698113207547169,1.7768342308359768,,0.4375,1.33125,0.34
2026-09-12,Arizona State,Big 12,2026,135,26,0.3443719358722384,0.4666666666666667,1.5358241497100589,0.9,0.1875,2.953125,,114,25,0.0318627776661782,0.3421052631578947,1.0129971750114235,0.75,0.1607142857142857,2.517857142857143,0.14
2026-09-12,Arkansas,SEC,2026,84,13,0.1762496985985374,0.5238095238095238,0.9434584968366112,0.7777777777777778,0.217391304347826,2.5804347826086955,,45,13,-0.0746171455673535,0.2666666666666666,1.053617978511065,,0.2631578947368421,1.8473684210526315,0.222
2026-09-12,Arkansas State,Sun Belt,2026,60,12,0.1251568147001252,0.5,1.25818527156254,0.8333333333333334,0.1153846153846153,3.2192307692307693,,65,12,0.4907125992882863,0.4923076923076923,1.4906452469735614,0.6,0.1276595744680851,3.546808510638298,0.092
2026-09-12,Army,American Athletic,2026,136,21,0.4513275862029694,0.5882352941176471,1.070770594060514,0.9090909090909092,0.1018518518518518,4.018518518518518,,110,21,0.12667434391741,0.4181818181818181,1.1406168896883957,0.8,0.2222222222222222,2.7444444444444445,0.155
2026-09-12,Auburn,SEC,2026,75,13,0.028237977212608,0.3866666666666666,1.1601768480225931,1.0,0.2285714285714285,2.6742857142857144,,101,13,0.0541744150425169,0.3861386138613861,1.2316141474915536,0.4,0.2325581395348837,2.097674418604651,0.198
2026-09-12,Ball State,Mid-American,2026,132,26,0.0359972484978828,0.3106060606060606,1.4686103990600792,0.6666666666666666,0.2407407407407407,2.2203703703703703,,138,24,0.4002794444277211,0.4710144927536231,1.40546812277467,0.8571428571428571,0.2033898305084746,3.1559322033898307,0.145
2026-09-12,Baylor,Big 12,2026,101,13,0.0541744150425169,0.3861386138613861,1.2316141474915536,0.4,0.2325581395348837,2.097674418604651,,75,13,0.028237977212608,0.3866666666666666,1.1601768480225931,1.0,0.2285714285714285,2.6742857142857144,0.24
2026-09-12,Boise State,Pac-12,2026,67,13,0.112630052976283,0.3582089552238806,1.0180962329024892,1.0,0.1212121212121212,2.9212121212121214,,64,13,0.2770903671236243,0.453125,1.5147413609415246,0.6666666666666666,0.125,3.2375,0.156
2026-09-12,Boston College,ACC,2026,137,23,0.1251831525881112,0.3795620437956204,1.3551483374073847,1.0,0.1969696969696969,3.0454545454545454,,130,23,0.1484332004121726,0.4,1.3266879736186803,0.5,0.1566265060240964,3.351807228915663,0.154
2026-09-12,Bowling Green,Mid-American,2026,66,10,0.0252616008758181,0.3939393939393939,0.9845141517309268,0.5,0.25,2.308333333333333,,59,10,0.147050749791919,0.3898305084745763,1.3986920519909742,0.5,0.25,2.909375,0.085
2026-09-12,Buffalo,Mid-American,2026,83,15,0.1523137913791646,0.3975903614457831,1.1454912933763308,1.0,0.1818181818181818,2.9909090909090907,,72,14,-0.0495205233949304,0.2916666666666667,1.290213068638229,0.6666666666666666,0.2857142857142857,2.35,0.194
2026-09-12,BYU,Big 12,2026,70,11,0.5424702666968887,0.6571428571428571,1.0634948151667478,0.8333333333333334,0.0666666666666666,4.348888888888889,,57,12,-0.1092276625777366,0.3157894736842105,1.1129858127235353,1.0,0.25,1.5375,0.193
2026-09-12,California,ACC,2026,89,14,0.1330628286155295,0.3370786516853932,1.4836215579250065,0.6666666666666666,0.2051282051282051,2.528205128205128,,53,14,0.4197846779080366,0.5660377358490566,1.2513254603824528,1.0,0.0344827586206896,4.813793103448276,0.17
2026-09-12,Central Michigan,Mid-American,2026,112,22,0.0010812402549899,0.3035714285714285,1.2574978566932482,0.875,0.1014492753623188,3.108695652173913,,135,21,0.103241744932611,0.437037037037037,0.9756839430395688,1.0,0.1506849315068493,3.089041095890411,0.141
2026-09-12,Charlotte,American Athletic,2026,78,13,0.2859972664636527,0.4615384615384615,1.4901022812832403,0.5714285714285714,0.15625,3.43125,,64,13,0.3753893366264918,0.484375,1.3295321578112234,0.8888888888888888,0.1875,3.1395833333333334,0.109
2026-09-12,Cincinnati,Big 12,2026,62,12,0.2410406579313317,0.3870967741935484,1.255243118893256,1.0,0.0909090909090909,3.5568181818181817,,73,11,0.1148708905860701,0.3972602739726027,1.321991243096292,1.0,0.2,3.182857142857143,0.233
2026-09-12,Clemson,ACC,2026,50,13,-0.2678767676397615,0.24,0.9456595506388836,0.6666666666666666,0.3181818181818182,1.9363636363636365,,95,12,0.4186847892890937,0.5368421052631579,1.335477872163365,0.7777777777777778,0.0862068965517241,3.532758620689655,0.105
2026-09-12,Coastal Carolina,Sun Belt,2026,65,13,0.2190866513645281,0.4307692307692308,1.513683842396193,0.6666666666666666,0.32,1.944,,77,14,0.1253120460127239,0.4155844155844156,1.017712015705272,0.75,0.15,2.725,0.117
2026-09-12,Colorado,Big 12,2026,77,10,0.052210909874857,0.3766233766233766,1.1248231734306042,1.0,0.108695652173913,2.730434782608696,,54,9,0.0740220685733517,0.3703703703703703,1.2001545717095805,0.3333333333333333,0.4444444444444444,1.903703703703704,0.204
2026-09-12,Colorado State,Pac-12,2026,68,11,0.3012418203750481,0.4852941176470588,1.2087905981747544,1.0,0.2121212121212121,2.4939393939393937,,55,11,-0.0251076991146114,0.4181818181818181,0.899961606833427,1.0,0.1212121212121212,3.3545454545454545,0.255
2026-09-12,Delaware,Conference USA,2026,72,15,0.395766923303369,0.4722222222222222,1.4629954002722116,0.6,0.25,2.9035714285714285,,72,14,-0.1228539521929541,0.25,1.4441213197823703,0.0,0.1818181818181818,2.0454545454545454,0.222
2026-09-12,Duke,ACC,2026,78,13,-0.0505656875484706,0.2948717948717949,1.239953895912352,1.0,0.1836734693877551,3.0408163265306123,,55,12,0.0040917519043523,0.3090909090909091,0.7971508910071232,1.0,0.1304347826086956,2.9565217391304346,0.255
2026-09-12,East Carolina,American Athletic,2026,114,25,0.1153436774576737,0.3947368421052631,1.231797520854903,0.6666666666666666,0.2452830188679245,2.371698113207547,,153,24,0.2340710418745223,0.457516339869281,1.223214237815241,0.7142857142857143,0.2247191011235955,2.7662921348314606,0.124
2026-09-12,Eastern Michigan,Mid-American,2026,139,28,0.0137872737547518,0.3525179856115107,1.1963855437894064,0.8888888888888888,0.1851851851851851,2.401851851851852,,142,29,0.0358449996397635,0.3380281690140845,1.3282440556423494,0.6666666666666666,0.2941176470588235,2.268627450980392,0.211
2026-09-12,Florida,SEC,2026,68,11,0.6214577657732879,0.5441176470588235,1.5513849234480332,1.0,0.1,3.415,,92,12,0.1079005807865989,0.4021739130434782,1.123977189197295,0.8,0.1111111111111111,2.6666666666666665,0.185
2026-09-12,Florida Atlantic,American Athletic,2026,92,12,0.1079005807865989,0.4021739130434782,1.123977189197295,0.8,0.1111111111111111,2.6666666666666665,,68,11,0.6214577657732879,0.5441176470588235,1.5513849234480332,1.0,0.1,3.415,0.103
2026-09-12,Florida International,Conference USA,2026,76,10,0.1106554334008039,0.3815789473684211,1.1286561605558318,0.5,0.25,2.4875,,58,9,-0.0627460596868576,0.4310344827586206,0.6493252074099518,0.8,0.2432432432432432,2.216216216216216,0.155
2026-09-12,Florida State,ACC,2026,134,22,0.2424691694189232,0.4104477611940298,1.3738286847147458,0.5,0.1392405063291139,3.3063291139240505,,134,21,0.2678980507336072,0.4477611940298507,1.420966285728235,0.8333333333333334,0.1176470588235294,3.1549019607843136,0.157
2026-09-12,Fresno State,Pac-12,2026,45,10,-0.3361342907596831,0.2222222222222222,1.0430569433281442,0.0,0.25,2.0458333333333334,,69,10,0.3329910433772204,0.5362318840579711,1.2523425346671877,0.6,0.2564102564102564,2.67948717948718,0.116
2026-09-12,Georgia,SEC,2026,123,27,0.6848002386715024,0.6016260162601627,1.4336402018226513,1.0,0.1147540983606557,4.119672131147541,,133,28,-0.1525639132205538,0.2781954887218045,1.2419607960784862,0.4,0.3230769230769231,0.6676923076923077,0.195
2026-09-12,Georgia Southern,Sun Belt,2026,79,13,0.2444179382415293,0.4556962025316455,1.276334833492634,0.5,0.125,3.375,,63,13,-0.2948176866643922,0.1746031746031746,1.535819015192187,1.0,0.3461538461538461,0.7115384615384616,0.333
2026-09-12,Georgia State,Sun Belt,2026,71,12,0.506821618296269,0.5915492957746479,1.1174212531004228,0.8,0.0526315789473684,4.339473684210526,,55,12,-0.0651855131693598,0.2909090909090909,1.342072137645949,,0.2,2.852,0.2
2026-09-12,Georgia Tech,ACC,2026,54,9,0.0740220685733517,0.3703703703703703,1.2001545717095805,0.3333333333333333,0.4444444444444444,1.903703703703704,,77,10,0.052210909874857,0.3766233766233766,1.1248231734306042,1.0,0.108695652173913,2.730434782608696,0.143
2026-09-12,Hawai'i,Mountain West,2026,154,25,-0.0067799020486064,0.3441558441558441,1.257467947844597,0.7777777777777778,0.14,3.396,,137,25,0.246843337573555,0.4160583941605839,1.295609264698933,0.6666666666666666,0.125,3.40875,0.102
2026-09-12,Houston,Big 12,2026,74,11,0.3122472695613982,0.5,1.2537336272714703,0.8571428571428571,0.15,3.3325,,74,12,0.1828788459074729,0.4054054054054054,1.341138665590374,0.5,0.0476190476190476,2.833333333333333,0.216
2026-09-12,Illinois,Big Ten,2026,44,8,0.5293505291335725,0.5681818181818182,1.3542485462010816,0.6,0.2307692307692307,2.976923076923077,,79,8,0.1391305222352757,0.430379746835443,1.246176627641464,0.75,0.1304347826086956,3.252173913043478,0.139
2026-09-12,Indiana,Big Ten,2026,108,20,0.6007955097069388,0.5370370370370371,1.573535957422751,0.7777777777777778,0.1216216216216216,3.3324324324324324,,118,22,-0.0560363172113174,0.2796610169491525,1.5187942275986206,0.3333333333333333,0.2166666666666666,2.44,0.212
2026-09-12,Iowa,Big Ten,2026,79,13,0.0613173930418565,0.4177215189873418,1.2457000747090123,0.2857142857142857,0.2105263157894736,3.294736842105263,,58,15,-0.3317320736505182,0.1724137931034483,1.3677541941329785,1.0,0.28,1.668,0.207
2026-09-12,Iowa State,Big 12,2026,48,12,0.2446671684503538,0.3541666666666667,1.764868764741519,0.0,0.2,2.543333333333333,,69,13,-0.0595235618745478,0.2753623188405797,1.3903288614258686,0.6666666666666666,0.1463414634146341,2.1463414634146343,0.246
2026-09-12,Jacksonville State,Conference USA,2026,118,20,0.1409216220392592,0.4661016949152542,1.2756491209849268,0.7272727272727273,0.1551724137931034,2.9517241379310346,,127,20,0.0544449670414666,0.4015748031496063,1.1417088748135955,0.625,0.2125,2.80125,0.15
2026-09-12,James Madison,Sun Belt,2026,113,21,0.4865274384861169,0.5398230088495575,1.3269502984625527,0.6666666666666666,0.171875,3.44375,,140,25,-0.2201886382270233,0.2571428571428571,1.277789131183439,0.8571428571428571,0.2207792207792207,2.038961038961039,0.143
2026-09-12,Kansas,Big 12,2026,145,23,0.3672239258581459,0.4551724137931034,1.4481149394863586,0.625,0.0843373493975903,3.1710843373493978,,128,25,0.0350496080021693,0.3046875,1.3661030485342882,1.0,0.2714285714285714,2.0385714285714287,0.219
2026-09-12,Kansas State,Big 12,2026,148,24,0.3779525191630457,0.5540540540540541,1.2937161276781035,0.8333333333333334,0.119047619047619,3.592857142857143,,113,25,-0.2147900458372759,0.2389380530973451,1.2854751137363396,0.3333333333333333,0.3134328358208955,1.8671641791044773,0.265
2026-09-12,Kennesaw State,Conference USA,2026,82,14,0.2889238382699472,0.573170731707317,1.1398710550423496,0.7777777777777778,0.1521739130434782,3.265217391304348,,53,14,-0.2481023479251471,0.1509433962264151,0.8919515753149165,1.0,0.25,1.8333333333333333,0.17
2026-09-12,Kent State,Mid-American,2026,123,22,0.1188523423566753,0.3495934959349593,1.357980564199588,0.6,0.208955223880597,3.034328358208956,,128,24,0.2575520801378305,0.5234375,1.1180399546611994,0.875,0.1,3.803333333333333,0.148
2026-09-12,Kentucky,SEC,2026,61,11,0.5623068202509097,0.6065573770491803,1.1980918561404976,0.8,0.1818181818181818,4.121212121212121,,67,9,0.0772411219735421,0.417910447761194,1.1461380400647427,1.0,0.1923076923076923,2.0346153846153845,0.164
2026-09-12,Liberty,Conference USA,2026,136,24,-0.0272960327389646,0.3823529411764705,1.2855722540651997,0.6666666666666666,0.141025641025641,2.9346153846153844,,123,22,0.0957871962635227,0.3495934959349593,1.3481465092740088,0.4,0.2698412698412698,2.688888888888889,0.211
2026-09-12,Louisiana,Sun Belt,2026,68,11,0.3053660874098186,0.5441176470588235,1.155678147450766,0.75,0.1794871794871795,3.607692307692308,,62,11,-0.1221986707464751,0.4032258064516129,0.9773658675896196,0.5,0.2962962962962963,2.05925925925926,0.242
2026-09-12,Louisiana Tech,Sun Belt,2026,60,14,0.5986198567843053,0.4666666666666667,1.8154251680408937,1.0,0.1351351351351351,3.3378378378378377,,63,15,-0.2386179520556736,0.1746031746031746,1.0281713988788377,1.0,0.3181818181818182,1.3227272727272728,0.333
2026-09-12,Louisville,ACC,2026,134,26,0.4846821774813961,0.5447761194029851,1.3397742698468325,0.75,0.1643835616438356,3.063013698630137,,142,25,0.1868252524104119,0.380281690140845,1.3302762449132386,0.5714285714285714,0.1176470588235294,2.6426470588235293,0.148
2026-09-12,LSU,SEC,2026,95,12,0.4186847892890937,0.5368421052631579,1.335477872163365,0.7777777777777778,0.0862068965517241,3.532758620689655,,50,13,-0.2678767676397615,0.24,0.9456595506388836,0.6666666666666666,0.3181818181818182,1.9363636363636365,0.28
2026-09-12,Marshall,Sun Belt,2026,55,12,-0.1678505565616108,0.2909090909090909,0.8874228649697032,0.5,0.4166666666666667,1.0458333333333334,,74,12,0.4220959538823401,0.5135135135135135,1.2946795341133903,0.8571428571428571,0.1363636363636363,3.1204545454545456,0.095
2026-09-12,Maryland,Big Ten,2026,79,13,0.5036550588589878,0.5949367088607594,1.2417666249097736,0.8333333333333334,0.125,4.405,,52,13,-0.2430595105951239,0.2307692307692307,0.9748639489021425,0.3333333333333333,0.3076923076923077,1.3115384615384615,0.269
2026-09-12,Massachusetts,Mid-American,2026,65,12,0.3299726417466155,0.5230769230769231,1.040597861761411,0.7142857142857143,0.175,3.375,,63,12,0.2030959004306255,0.3968253968253968,1.561455323235606,0.6,0.25,1.93,0.27
2026-09-12,Memphis,American Athletic,2026,124,24,0.3942942997514205,0.4838709677419355,1.3027581020209116,0.7142857142857143,0.1,3.74625,,141,25,0.1058050876927993,0.4042553191489361,1.354451927678599,0.8888888888888888,0.15,2.955,0.177
2026-09-12,Miami,ACC,2026,143,26,0.6017197238170313,0.6293706293706294,1.2967522682152877,1.0,0.1184210526315789,3.931578947368421,,113,24,-0.0763543605265422,0.3008849557522124,0.9249723221683476,0.5,0.2682926829268293,2.3,0.159
2026-09-12,Miami (OH),Mid-American,2026,115,20,0.296759579949529,0.4521739130434782,1.281499316052608,1.0,0.1896551724137931,3.1,,122,21,0.2432078481221485,0.4590163934426229,1.2875594636535663,0.5714285714285714,0.25,2.779166666666667,0.098
2026-09-12,Michigan,Big Ten,2026,106,21,0.1248399263642623,0.3490566037735849,1.3193032404170044,0.7142857142857143,0.1129032258064516,2.932258064516129,,134,22,-0.0179152062043794,0.3432835820895522,1.0392573521450663,0.6666666666666666,0.1971830985915492,2.907042253521127,0.164
2026-09-12,Michigan State,Big Ten,2026,85,11,0.022631845773767,0.3764705882352941,1.097389911197236,0.3333333333333333,0.2127659574468085,2.797872340425532,,42,10,0.2841846990486799,0.2857142857142857,2.3449878397908352,0.0,0.4444444444444444,1.1388888888888888,0.262
2026-09-12,Middle Tennessee,Conference USA,2026,50,8,0.401691514611645,0.5,1.3001270636879156,0.5,0.0909090909090909,4.445454545454545,,50,9,0.1356520793081277,0.44,1.1883566697542824,0.8333333333333334,0.1481481481481481,3.1259259259259258,0.1
2026-09-12,Minnesota,Big Ten,2026,73,10,0.3421457792096198,0.6027397260273972,0.9752231854912968,0.6666666666666666,0.2307692307692307,2.4615384615384617,,46,13,-0.3840088027265944,0.108695652173913,1.6579740660748787,0.0,0.4444444444444444,1.325925925925926,0.283
2026-09-12,Mississippi State,SEC,2026,79,13,0.6380275101586687,0.5822784810126582,1.4780996639334054,1.0,0.1351351351351351,4.127027027027027,,71,13,-0.0252092266627155,0.2957746478873239,1.0528206054479607,0.4,0.1052631578947368,2.860526315789474,0.155
2026-09-12,Missouri,SEC,2026,153,26,0.2869208699326553,0.4705882352941176,1.3136172012785905,0.7,0.1785714285714285,3.120238095238096,,121,24,0.080612209669863,0.2892561983471074,1.6717351608971178,0.8,0.2166666666666666,2.3666666666666667,0.231
2026-09-12,Missouri State,Conference USA,2026,41,11,-0.2441222919654586,0.1707317073170731,0.9332823449213844,0.5,0.2608695652173913,1.6434782608695653,,89,12,0.3513233344986824,0.5842696629213483,1.0755940232268968,1.0,0.1041666666666666,3.925,0.124
2026-09-12,Navy,American Athletic,2026,79,9,0.4802728873687856,0.6329113924050633,1.0216068152464193,1.0,0.0547945205479452,4.2753424657534245,,42,9,0.0528506485666738,0.2857142857142857,1.901970348855324,,0.1764705882352941,3.264705882352941,0.119
2026-09-12,NC State,ACC,2026,122,24,0.3810311390594967,0.5245901639344263,1.2170248009714977,0.8181818181818182,0.1076923076923077,3.727692307692308,,122,26,0.0690349480351146,0.3852459016393442,1.068971648909871,0.7692307692307693,0.1948051948051948,2.6246753246753247,0.156
2026-09-12,Nebraska,Big Ten,2026,74,11,0.4925288347703889,0.5135135135135135,1.5427897743871417,0.8333333333333334,0.15,3.675,,68,12,0.1275262112846398,0.3529411764705882,1.3292957874323883,1.0,0.1290322580645161,3.396774193548388,0.206
2026-09-12,Nevada,Mountain West,2026,59,12,0.556278847672138,0.5084745762711864,1.6496693482013214,0.8571428571428571,0.1904761904761904,3.530952380952381,,84,12,0.0656228862120106,0.4404761904761904,0.9007840660809396,0.6666666666666666,0.1951219512195122,2.995121951219512,0.119
2026-09-12,New Mexico,Mountain West,2026,71,10,0.2187107716098358,0.4929577464788732,0.9281654236514942,1.0,0.0714285714285714,3.657142857142857,,49,10,-0.0521819579954481,0.2653061224489796,1.2713447189179048,0.6666666666666666,0.0333333333333333,2.8266666666666667,0.204
2026-09-12,New Mexico State,Conference USA,2026,133,22,0.288950842507434,0.4210526315789473,1.5581760293115774,0.6666666666666666,0.15,3.341666666666667,,126,23,0.1326270064301136,0.4047619047619047,1.2608012888937177,0.8,0.2063492063492063,3.13015873015873,0.135
2026-09-12,North Carolina,ACC,2026,113,19,0.2983323082922951,0.5132743362831859,1.0793303943362842,0.6666666666666666,0.1320754716981132,3.826415094339623,,139,19,-0.0306534071222367,0.381294964028777,0.953314565601758,0.8333333333333334,0.1363636363636363,2.7590909090909093,0.137
2026-09-12,North Dakota State,Mountain West,2026,138,19,0.2389024157458295,0.4565217391304347,1.159685581066689,0.6666666666666666,0.1728395061728395,3.011111111111111,,105,21,-0.3131041177462083,0.3047619047619048,0.9891098805419768,0.5,0.2115384615384615,1.7596153846153846,0.21
2026-09-12,Northern Illinois,Mountain West,2026,58,15,-0.3317320736505182,0.1724137931034483,1.3677541941329785,1.0,0.28,1.668,,79,13,0.0613173930418565,0.4177215189873418,1.2457000747090123,0.2857142857142857,0.2105263157894736,3.294736842105263,0.114
2026-09-12,North Texas,American Athletic,2026,69,10,0.1345556840920811,0.3478260869565217,1.5483256457053565,0.0,0.1351351351351351,2.983783783783784,,46,9,0.6535582337217621,0.5217391304347826,1.639593578555076,0.8,0.1333333333333333,2.4966666666666666,0.043
2026-09-12,Northwestern,Big Ten,2026,55,11,0.4796492784465596,0.509090909090909,1.4850398029259404,1.0,0.1071428571428571,3.95,,90,12,0.1283813331936487,0.4222222222222222,1.0576414342835372,0.7777777777777778,0.131578947368421,3.305263157894737,0.189
2026-09-12,Notre Dame,FBS Independents,2026,63,10,0.34906816757153,0.4603174603174603,1.111044132357502,0.75,0.032258064516129,2.770967741935484,,61,10,-0.0430090450798864,0.3770491803278688,1.2644111837126035,0.75,0.2068965517241379,2.358620689655172,0.213
2026-09-12,Ohio,Mid-American,2026,68,12,0.1275262112846398,0.3529411764705882,1.3292957874323883,1.0,0.1290322580645161,3.396774193548388,,74,11,0.4925288347703889,0.5135135135135135,1.5427897743871417,0.8333333333333334,0.15,3.675,0.149
2026-09-12,Ohio State,Big Ten,2026,73,12,0.6666069358406588,0.5616438356164384,1.448948844124814,0.75,0.1818181818181818,3.3181818181818183,,62,13,-0.2423253831274824,0.2096774193548387,1.3049899715616444,,0.3181818181818182,1.2,0.226
2026-09-12,Oklahoma,SEC,2026,124,22,0.1888034249323964,0.4516129032258064,1.118697584887936,0.5714285714285714,0.2307692307692307,3.055384615384616,,117,24,-0.1102695980985095,0.3076923076923077,1.248361147173218,0.5,0.2083333333333333,2.1333333333333333,0.239
2026-09-12,Oklahoma State,Big 12,2026,175,27,-0.0177887684608995,0.4,1.087329844846974,0.5333333333333333,0.1842105263157894,2.876315789473684,,119,25,0.1692727067577451,0.361344537815126,1.3328402867977789,1.0,0.15,2.945,0.134
2026-09-12,Old Dominion,Sun Belt,2026,104,24,0.1761803789183712,0.3846153846153846,1.5014375318095114,0.3333333333333333,0.328125,1.3453125,,147,21,0.0452309313063979,0.3333333333333333,1.3658984795717426,0.5,0.2837837837837837,2.132432432432432,0.204
2026-09-12,Ole Miss,SEC,2026,79,13,0.2926298846039504,0.4683544303797468,1.3097367268750522,0.6363636363636364,0.1219512195121951,2.8365853658536584,,68,13,0.3460803216656118,0.4411764705882353,1.4775386222518627,0.8,0.25,2.213888888888889,0.162
2026-09-12,Oregon,Big Ten,2026,125,26,0.2165135266327063,0.384,1.566587410092808,0.8333333333333334,0.1372549019607843,3.2,,154,28,0.0691616306667522,0.4025974025974026,1.0896122279284166,0.7,0.136986301369863,2.9383561643835616,0.123
2026-09-12,Oregon State,Pac-12,2026,74,12,0.1828788459074729,0.4054054054054054,1.341138665590374,0.5,0.0476190476190476,2.833333333333333,,74,11,0.3122472695613982,0.5,1.2537336272714703,0.8571428571428571,0.15,3.3325,0.135
2026-09-12,Penn State,Big Ten,2026,133,21,0.3474097150496874,0.4962406015037593,1.259081558344281,0.8333333333333334,0.12,2.508,,113,21,0.0086810917278662,0.3539823008849557,1.037253531298312,0.6666666666666666,0.3035714285714285,2.258928571428572,0.177
2026-09-12,Pittsburgh,ACC,2026,77,12,0.4266562668926378,0.5454545454545454,1.338185183481556,0.6,0.2,3.2466666666666666,,59,12,0.1140105096966495,0.3220338983050847,1.5292950729514845,1.0,0.1578947368421052,2.1894736842105265,0.102
2026-09-12,Purdue,Big Ten,2026,158,20,0.3303896027718916,0.5,1.1304623389649444,0.8,0.16,3.196,,117,19,0.2136557537252784,0.4188034188034188,1.51055182193848,0.625,0.2166666666666666,2.5716666666666668,0.179
2026-09-12,Rice,American Athletic,2026,82,10,0.2330716591590226,0.5365853658536586,0.9398508399655154,0.7142857142857143,0.0714285714285714,4.098571428571429,,59,9,-0.1237149255808005,0.3050847457627119,1.1672615609152817,0.3333333333333333,0.1818181818181818,2.8151515151515154,0.22
2026-09-12,Rutgers,Big Ten,2026,131,23,0.1308918854119792,0.4045801526717557,1.469779676521196,0.3846153846153846,0.2372881355932203,2.716949152542373,,129,24,0.234207276010218,0.4418604651162791,1.1843911367592894,0.75,0.1830985915492957,3.1633802816901406,0.109
2026-09-12,Sacramento State,Mid-American,2026,136,28,0.1433571306032177,0.4117647058823529,1.2100326346283852,0.7142857142857143,0.2758620689655172,2.3344827586206898,,123,28,-0.0377164501393858,0.3170731707317073,1.249205121713904,0.8,0.1724137931034483,2.446551724137931,0.179
2026-09-12,Sam Houston,Conference USA,2026,70,12,0.1679615358354406,0.4714285714285714,1.2051346981627544,0.5,0.4,1.775,,69,14,0.1569078614264043,0.3333333333333333,1.656527031513981,0.0,0.282051282051282,2.6666666666666665,0.217
2026-09-12,San Diego State,Pac-12,2026,64,12,0.2275570300504772,0.46875,1.1621448616114909,0.5454545454545454,0.225,3.11,,81,14,0.0271101214147896,0.419753086419753,0.8928353503546071,0.8333333333333334,0.1034482758620689,3.213793103448276,0.099
2026-09-12,San José State,Mountain West,2026,135,26,0.1654454108123683,0.3777777777777777,1.403736148990978,0.5,0.2241379310344827,2.8948275862068966,,146,24,0.1926127829579521,0.4863013698630137,0.9437116819457052,0.9333333333333332,0.1269841269841269,3.0793650793650795,0.116
2026-09-12,SMU,ACC,2026,67,11,0.3731393852771628,0.5522388059701493,1.2869920757845814,0.6666666666666666,0.1290322580645161,3.2774193548387096,,67,12,0.1942759989222807,0.373134328358209,1.4367549195963938,0.3333333333333333,0.1219512195121951,3.180487804878049,0.179
2026-09-12,South Alabama,Sun Belt,2026,88,11,0.1679081659755002,0.4204545454545454,1.1090388260054005,0.8,0.1403508771929824,3.333333333333333,,37,10,0.1680093831906549,0.4054054054054054,1.3108139148186486,0.25,0.3125,1.46875,0.297
2026-09-12,South Carolina,SEC,2026,74,10,0.6831768049116431,0.6891891891891891,1.208883909759148,0.8333333333333334,0.0769230769230769,4.058974358974359,,49,10,-0.0380765202042578,0.2653061224489796,1.461049533469705,0.5,0.2083333333333333,2.7333333333333334,0.143
2026-09-12,Southern Miss,Sun Belt,2026,85,12,0.4021821758857622,0.5882352941176471,1.0704689502182791,0.8461538461538461,0.0701754385964912,4.026315789473684,,61,13,-0.1276766015263514,0.2131147540983606,1.646759392614464,,0.3142857142857143,2.037142857142857,0.213
2026-09-12,South Florida,American Athletic,2026,114,19,0.140587628627423,0.4736842105263157,1.0043796944285208,0.8571428571428571,0.2258064516129032,2.629032258064516,,140,19,0.1457981142196256,0.4428571428571428,0.933783608022956,0.7272727272727273,0.1866666666666666,3.045333333333333,0.136
2026-09-12,Stanford,ACC,2026,139,24,0.1808381606267126,0.39568345323741,1.1457214486158334,0.8571428571428571,0.1694915254237288,2.886440677966102,,145,25,0.245147869709458,0.4482758620689655,1.3156744634857456,1.0,0.1509433962264151,2.922641509433962,0.124
2026-09-12,Syracuse,ACC,2026,78,13,0.35126503570932,0.5256410256410257,1.3123860866084411,0.875,0.15,3.5125,,63,14,-0.2563055947546812,0.2698412698412698,0.8887481994400394,0.75,0.2333333333333333,1.6033333333333333,0.254
2026-09-12,TCU,Big 12,2026,72,10,-0.0458685004165221,0.3333333333333333,1.216164722081157,0.8,0.1944444444444444,2.4472222222222224,,58,10,0.1071523441641766,0.4655172413793103,0.9192743541669988,0.0,0.1481481481481481,3.425925925925926,0.155
2026-09-12,Temple,American Athletic,2026,121,19,0.1730002013538007,0.4380165289256198,1.1366621926292704,0.8333333333333334,0.2,3.041333333333333,,121,21,0.1121015531656186,0.4297520661157025,1.195087227180008,0.8,0.1864406779661017,1.9610169491525424,0.153
2026-09-12,Tennessee,SEC,2026,74,13,0.5691980477008708,0.581081081081081,1.2840787312058908,0.8333333333333334,0.108695652173913,3.771739130434783,,60,14,-0.1261539060436249,0.25,1.167568813131016,0.0,0.2758620689655172,2.996551724137931,0.267
2026-09-12,Texas,SEC,2026,70,9,0.4586510146705653,0.5,1.579697637253443,0.8,0.2857142857142857,2.5342857142857143,,73,11,0.1390521539854218,0.410958904109589,1.1274872950767767,0.6,0.2051282051282051,2.6256410256410256,0.205
2026-09-12,Texas A&M,SEC,2026,151,25,0.249850685899508,0.4966887417218543,1.0605418819511832,1.0,0.1481481481481481,3.208641975308642,,105,25,-0.1131172119401111,0.2761904761904762,1.2910358992213773,0.5,0.25,2.2442307692307693,0.248
2026-09-12,Texas State,Pac-12,2026,73,11,0.1390521539854218,0.410958904109589,1.1274872950767767,0.6,0.2051282051282051,2.6256410256410256,,70,9,0.4586510146705653,0.5,1.579697637253443,0.8,0.2857142857142857,2.5342857142857143,0.171
2026-09-12,Texas Tech,Big 12,2026,74,11,0.2785300204187715,0.5,1.0471550507298784,0.7777777777777778,0.1538461538461538,3.3461538461538463,,63,10,-0.1380251385043791,0.2698412698412698,1.2673339554332412,0.5,0.1923076923076923,2.8384615384615386,0.238
2026-09-12,Toledo,Mid-American,2026,42,10,0.2841846990486799,0.2857142857142857,2.3449878397908352,0.0,0.4444444444444444,1.1388888888888888,,85,11,0.022631845773767,0.3764705882352941,1.097389911197236,0.3333333333333333,0.2127659574468085,2.797872340425532,0.106
2026-09-12,Troy,Sun Belt,2026,69,14,0.1569078614264043,0.3333333333333333,1.656527031513981,0.0,0.282051282051282,2.6666666666666665,,70,12,0.1679615358354406,0.4714285714285714,1.2051346981627544,0.5,0.4,1.775,0.229
2026-09-12,Tulane,American Athletic,2026,55,12,0.0040917519043523,0.3090909090909091,0.7971508910071232,1.0,0.1304347826086956,2.9565217391304346,,78,13,-0.0505656875484706,0.2948717948717949,1.239953895912352,1.0,0.1836734693877551,3.0408163265306123,0.09
2026-09-12,Tulsa,American Athletic,2026,58,12,0.1864318063964714,0.4137931034482758,1.0851431714647468,1.0,0.1515151515151515,2.763636363636364,,88,12,-0.070655818794617,0.3636363636363636,1.0309825186683157,0.5,0.2222222222222222,2.7916666666666665,0.102
2026-09-12,UAB,American Athletic,2026,79,8,0.1391305222352757,0.430379746835443,1.246176627641464,0.75,0.1304347826086956,3.252173913043478,,44,8,0.5293505291335725,0.5681818181818182,1.3542485462010816,0.6,0.2307692307692307,2.976923076923077,0.045
2026-09-12,UCF,Big 12,2026,62,13,0.5493339803795543,0.5645161290322581,1.4108685998253796,1.0,0.081081081081081,4.386486486486486,,62,15,-0.1629071620565535,0.2096774193548387,1.219168347266829,1.0,0.3157894736842105,1.923684210526316,0.226
2026-09-12,UCLA,Big Ten,2026,53,14,0.4197846779080366,0.5660377358490566,1.2513254603824528,1.0,0.0344827586206896,4.813793103448276,,89,14,0.1330628286155295,0.3370786516853932,1.4836215579250065,0.6666666666666666,0.2051282051282051,2.528205128205128,0.191
2026-09-12,UConn,FBS Independents,2026,74,14,0.5732783853066649,0.5135135135135135,1.5911999117333786,0.3333333333333333,0.15,3.855,,72,13,-0.1583014250977013,0.2777777777777778,0.8956382174474538,0.6666666666666666,0.2142857142857142,2.3857142857142857,0.153
2026-09-12,UL Monroe,Sun Belt,2026,71,13,-0.0252092266627155,0.2957746478873239,1.0528206054479607,0.4,0.1052631578947368,2.860526315789474,,79,13,0.6380275101586687,0.5822784810126582,1.4780996639334054,1.0,0.1351351351351351,4.127027027027027,0.101
2026-09-12,UNLV,Mountain West,2026,145,25,0.1200261378324966,0.3517241379310344,1.4413345772565798,0.6666666666666666,0.1428571428571428,3.3025974025974025,,137,23,0.0892851354528906,0.3941605839416058,1.1660859456751205,0.7142857142857143,0.1129032258064516,3.875806451612904,0.168
2026-09-12,USC,Big Ten,2026,146,20,0.363397412337942,0.6027397260273972,1.036874418468907,0.8,0.1818181818181818,3.1818181818181817,,102,20,-0.0273655770706078,0.3431372549019608,1.1708350034918942,0.0,0.2340425531914893,2.363829787234043,0.157
2026-09-12,Utah,Big 12,2026,77,13,0.5107474991645495,0.5714285714285714,1.3617321828088478,0.75,0.1428571428571428,4.116326530612245,,62,13,0.1373547685990896,0.3387096774193548,1.262352149239576,1.0,0.2,2.256666666666667,0.129
2026-09-12,Utah State,Pac-12,2026,89,12,0.0953408762518156,0.4269662921348314,1.1945320367732557,0.25,0.1627906976744186,3.4511627906976745,,65,13,0.0339441781809636,0.3538461538461538,1.0966029950577263,0.6666666666666666,0.1785714285714285,2.242857142857143,0.092
2026-09-12,UTEP,Mountain West,2026,59,13,-0.2513514097581535,0.3389830508474576,0.9392952091081728,0.0,0.2941176470588235,1.5676470588235294,,60,11,0.3871905835315659,0.55,1.1941828089991482,0.5714285714285714,0.2368421052631578,2.876315789473684,0.117
2026-09-12,UTSA,American Athletic,2026,60,12,0.5144231919895464,0.6333333333333333,1.0998644890074278,1.0,0.1034482758620689,3.7655172413793103,,82,13,-0.0637788059466083,0.3780487804878049,1.0540254394047484,0.3333333333333333,0.1818181818181818,3.118181818181818,0.183
2026-09-12,Vanderbilt,SEC,2026,63,8,0.2825170243631735,0.4761904761904761,1.061975081924216,0.75,0.081081081081081,3.5,,47,10,0.0290448960751272,0.3404255319148936,1.186345828828299,1.0,0.2105263157894736,3.226315789473684,0.128
2026-09-12,Virginia,ACC,2026,135,24,0.3658858034844316,0.5407407407407407,1.133641635334511,0.8666666666666667,0.1612903225806451,3.4172043010752686,,117,25,-0.1898790399648036,0.3162393162393162,0.6463231630677735,0.7142857142857143,0.2156862745098039,2.4823529411764707,0.248
2026-09-12,Virginia Tech,ACC,2026,160,24,0.3701306053367378,0.50625,1.2797313602910323,0.7,0.1688311688311688,3.107792207792208,,104,27,-0.1873376608552584,0.2019230769230769,1.6960238464676431,0.3333333333333333,0.5396825396825397,-0.5301587301587302,0.394
2026-09-12,Wake Forest,ACC,2026,137,20,0.4168473428540545,0.4744525547445255,1.3477531823845286,0.6666666666666666,0.1408450704225352,3.1169014084507043,,154,21,0.1701630407949411,0.5,0.9222951986550348,0.6,0.2285714285714285,2.8714285714285714,0.143
2026-09-12,Washington,Big Ten,2026,64,12,0.0779716429331925,0.46875,1.0665805293728612,0.5,0.25,2.753571428571429,,57,11,-0.0231405580611589,0.3157894736842105,1.0264346254160943,,0.2857142857142857,2.821428571428572,0.298
2026-09-12,Washington State,Pac-12,2026,109,22,-0.0802708072606049,0.2844036697247706,1.0891204891875983,0.0,0.2321428571428571,2.7767857142857144,,140,24,0.1328487322524773,0.4642857142857143,1.226918406593459,0.6,0.1764705882352941,3.1205882352941177,0.1
2026-09-12,Western Kentucky,Conference USA,2026,158,28,-0.0567569424439049,0.3544303797468354,1.1240109518241188,0.6,0.2467532467532467,1.6519480519480518,,121,27,0.5926530053887233,0.5041322314049587,1.6223388487633628,0.9,0.1710526315789473,3.5907894736842105,0.107
2026-09-12,Western Michigan,Mid-American,2026,70,11,-0.0368689615872864,0.3285714285714285,1.0681220061704584,0.6666666666666666,0.1818181818181818,2.6613636363636366,,48,10,0.2355175415917992,0.4375,1.0790058466360366,0.75,0.0833333333333333,3.395833333333333,0.167
2026-09-12,West Virginia,Big 12,2026,140,26,0.2732739622138753,0.4785714285714286,1.1938167731825382,0.8461538461538461,0.1351351351351351,3.1135135135135137,,138,24,0.0294102069481878,0.4057971014492754,1.2363685365770676,0.5714285714285714,0.3,2.3,0.217
2026-09-12,Wisconsin,Big Ten,2026,61,10,-0.0430090450798864,0.3770491803278688,1.2644111837126035,0.75,0.2068965517241379,2.358620689655172,,63,10,0.34906816757153,0.4603174603174603,1.111044132357502,0.75,0.032258064516129,2.770967741935484,0.111
2026-09-12,Wyoming,Mountain West,2026,55,11,-0.0251076991146114,0.4181818181818181,0.899961606833427,1.0,0.1212121212121212,3.3545454545454545,,68,11,0.3012418203750481,0.4852941176470588,1.2087905981747544,1.0,0.2121212121212121,2.4939393939393937,0.118
2026-09-15,Air Force,Mountain West,2026,147,19,0.3168724868895267,0.5238095238095238,0.9836879949098816,1.0,0.0578512396694214,4.0239669421487605,,106,20,-0.0790044128664969,0.3113207547169811,1.5288427794559412,0.8,0.2280701754385964,2.526315789473684,0.142
2026-09-15,Akron,Mid-American,2026,141,22,0.1576861186861234,0.524822695035461,0.9553972675038448,0.7142857142857143,0.1323529411764706,3.85,,119,22,0.1598294917273902,0.361344537815126,1.5062647956317663,0.7142857142857143,0.2692307692307692,2.175,0.168
2026-09-15,Alabama,SEC,2026,143,23,0.1923818408232353,0.5034965034965035,1.1057735881546875,0.7272727272727273,0.1785714285714285,3.1476190476190475,,108,24,-0.2874867496232187,0.287037037037037,1.1316133221653442,0.4,0.2708333333333333,1.2354166666666666,0.204
2026-09-15,App State,Sun Belt,2026,147,23,0.3906247499138722,0.5170068027210885,1.2754065166484962,0.8333333333333334,0.2,2.87625,,134,24,0.0816137293730369,0.4104477611940298,1.1852737956938326,0.6666666666666666,0.2333333333333333,2.788333333333333,0.194
2026-09-15,Arizona,Big 12,2026,137,23,0.135802341014586,0.5182481751824818,0.9553421091947132,0.9090909090909092,0.0983606557377049,3.804918032786885,,111,22,0.0356799842903723,0.3513513513513513,1.3875185132111152,1.0,0.2444444444444444,2.8266666666666667,0.18
2026-09-15,Arizona State,Big 12,2026,135,26,0.1879252063943186,0.4666666666666667,1.4678876754625696,0.9,0.1875,2.953125,,114,25,-0.0545554602775555,0.3421052631578947,1.0129971750114235,0.75,0.1607142857142857,2.517857142857143,0.14
2026-09-15,Arkansas,SEC,2026,163,24,0.0272616532025924,0.4233128834355828,1.1170369441790664,0.75,0.1857142857142857,2.732857142857143,,108,24,0.1347806692878385,0.4074074074074074,1.273058299449057,0.7142857142857143,0.2307692307692307,2.8173076923076925,0.157
2026-09-15,Arkansas State,Sun Belt,2026,118,20,0.2677348692051451,0.559322033898305,1.1459291087845072,0.7857142857142857,0.123076923076923,3.666153846153846,,122,23,0.1840622775567135,0.4426229508196721,1.3669975298661934,0.75,0.1126760563380281,3.388732394366197,0.139
2026-09-15,Army,American Athletic,2026,136,21,0.4233058887319205,0.5882352941176471,1.023133708359731,0.9090909090909092,0.1018518518518518,4.018518518518518,,110,21,0.1123930409096023,0.4181818181818181,1.1406168896883957,0.8,0.2222222222222222,2.7444444444444445,0.155
2026-09-15,Auburn,SEC,2026,160,24,0.1350601071202175,0.45625,1.1762728788342502,0.7777777777777778,0.1666666666666666,3.4654761904761906,,161,24,-0.0938026930155785,0.3726708074534161,1.0994859841769764,0.5,0.1875,2.3328125,0.193
2026-09-15,Ball State,Mid-American,2026,132,26,-0.0165475090918305,0.3106060606060606,1.4686103990600792,0.6666666666666666,0.2407407407407407,2.2203703703703703,,138,24,0.3064487375002761,0.4710144927536231,1.40546812277467,0.8571428571428571,0.2033898305084746,3.1559322033898307,0.145
2026-09-15,Baylor,Big 12,2026,186,27,0.1129098582081574,0.4354838709677419,1.2376620302097634,0.6,0.1547619047619047,3.1666666666666665,,131,26,-0.1673171265798204,0.2671755725190839,1.287063470738749,0.6666666666666666,0.2631578947368421,2.285964912280702,0.214
2026-09-15,Boise State,Pac-12,2026,143,23,0.266399529110338,0.4335664335664335,1.274491848026884,0.875,0.1125,3.545,,117,24,0.1017919549297001,0.3931623931623931,1.7729801802597571,0.6666666666666666,0.2978723404255319,2.476595744680852,0.197
2026-09-15,Boston College,ACC,2026,137,23,-0.0296494496033857,0.3795620437956204,1.2850016083291318,1.0,0.1969696969696969,3.0454545454545454,,130,23,0.0712578374372898,0.4,1.3266879736186803,0.5,0.1566265060240964,3.351807228915663,0.154
2026-09-15,Bowling Green,Mid-American,2026,116,21,-0.0419415928925813,0.3620689655172414,0.9568633361381188,0.6666666666666666,0.208955223880597,2.491044776119403,,125,20,0.3277188774321643,0.504,1.379556003194474,0.6666666666666666,0.1846153846153846,3.4615384615384617,0.072
2026-09-15,Buffalo,Mid-American,2026,153,28,0.0688000492594795,0.326797385620915,1.3682648307042922,1.0,0.2241379310344827,2.406896551724138,,152,28,0.0286543584092586,0.3486842105263157,1.2916147778515,0.8,0.2205882352941176,2.677941176470588,0.171
2026-09-15,BYU,Big 12,2026,128,22,0.5050841780417508,0.59375,1.145295729412896,0.8888888888888888,0.0945945945945946,4.075675675675676,,120,22,-0.0845017673137549,0.3666666666666666,1.1347196556610346,0.8571428571428571,0.2115384615384615,2.375,0.158
2026-09-15,California,ACC,2026,149,26,-0.0808214238504401,0.3422818791946309,1.3277706209817297,0.7142857142857143,0.25,2.4140625,,140,27,0.0680250301071306,0.4142857142857143,1.3407269201878411,1.0,0.1290322580645161,3.446774193548387,0.15
2026-09-15,Central Michigan,Mid-American,2026,112,22,-0.1256244794203912,0.3035714285714285,1.2574978566932482,0.875,0.1014492753623188,3.108695652173913,,135,21,0.0645138542075979,0.437037037037037,0.9057096960156528,1.0,0.1506849315068493,3.102739726027397,0.141
2026-09-15,Charlotte,American Athletic,2026,139,23,0.1096877225836496,0.4172661870503597,1.3048280000711567,0.5,0.25,2.9359375,,125,23,0.3563215883954375,0.56,1.168448348521541,0.9285714285714286,0.2253521126760563,3.222535211267606,0.12
2026-09-15,Cincinnati,Big 12,2026,142,23,0.4287542479500776,0.528169014084507,1.2301502062163543,0.8571428571428571,0.0869565217391304,4.093478260869565,,131,23,-0.020274166991414,0.3893129770992366,1.1912608272935616,0.75,0.2363636363636363,2.9909090909090907,0.183
2026-09-15,Clemson,ACC,2026,127,29,-0.187053815183755,0.2913385826771653,0.981531881260497,0.6,0.3389830508474576,2.238983050847457,,161,26,0.1795888733506845,0.422360248447205,1.3364841405947374,0.7272727272727273,0.1095890410958904,3.3438356164383563,0.155
2026-09-15,Coastal Carolina,Sun Belt,2026,135,27,0.2042925244908535,0.4518518518518518,1.325197095526809,0.625,0.21875,3.334375,,134,28,-0.0118711875821386,0.3880597014925373,0.9869719373350112,0.75,0.146067415730337,2.8662921348314607,0.172
2026-09-15,Colorado,Big 12,2026,151,24,0.2555961011969566,0.4172185430463576,1.3777550783764778,0.9,0.1219512195121951,3.1390243902439026,,134,24,-0.0639601272461802,0.3432835820895522,1.3968928161860514,0.3333333333333333,0.3888888888888889,2.4,0.254
2026-09-15,Colorado State,Pac-12,2026,137,26,0.3945282894044396,0.4890510948905109,1.5102312020802011,0.9,0.234375,2.578125,,121,25,-0.0649478881821947,0.3801652892561983,1.0956779944706343,0.6666666666666666,0.1408450704225352,3.22112676056338,0.273
2026-09-15,Delaware,Conference USA,2026,141,28,0.0842242921527009,0.3971631205673759,1.449182058605098,0.6,0.2542372881355932,2.3983050847457625,,144,28,-0.1511994958469578,0.3125,1.2358513394279544,0.8,0.2068965517241379,2.282758620689655,0.188
2026-09-15,Duke,ACC,2026,135,22,0.0971002378932878,0.362962962962963,1.237928846463279,0.7142857142857143,0.2142857142857142,2.9095238095238094,,125,21,-0.0251186964537824,0.408,0.9843421861093068,0.7142857142857143,0.0909090909090909,2.923636363636364,0.144
2026-09-15,East Carolina,American Athletic,2026,114,25,0.1099582195243851,0.3947368421052631,1.231797520854903,0.6666666666666666,0.2452830188679245,2.371698113207547,,153,24,0.2068942194566984,0.457516339869281,1.223214237815241,0.7142857142857143,0.2247191011235955,2.7662921348314606,0.124
2026-09-15,Eastern Michigan,Mid-American,2026,192,37,-0.0301709585158481,0.375,1.085440572919383,0.8125,0.1688311688311688,2.8181818181818183,,215,38,0.0920605021217898,0.4093023255813953,1.253569042774504,0.7647058823529411,0.2127659574468085,2.9382978723404256,0.191
2026-09-15,Florida,SEC,2026,131,22,0.503300118145704,0.5419847328244275,1.3730229556476083,1.0,0.0857142857142857,3.5085714285714285,,159,26,-0.1857093179760124,0.3333333333333333,1.1043810135770198,0.6666666666666666,0.1186440677966101,2.672881355932204,0.233
2026-09-15,Florida Atlantic,American Athletic,2026,172,24,0.0855727551307359,0.4244186046511627,1.1542662089271607,0.9090909090909092,0.1842105263157894,2.506578947368421,,125,23,0.3739127473785921,0.472,1.5780936478404288,1.0,0.1486486486486486,3.245945945945946,0.16
2026-09-15,Florida International,Conference USA,2026,156,24,-0.0028031544189282,0.391025641025641,1.1492281235386823,0.6923076923076923,0.203125,2.75,,128,22,-0.0449602235125628,0.328125,1.1153609295010591,0.8,0.2580645161290322,1.982258064516129,0.172
2026-09-15,Florida State,ACC,2026,134,22,0.2041981306396151,0.4104477611940298,1.3738286847147458,0.5,0.1392405063291139,3.3063291139240505,,134,21,0.23409225215135,0.4477611940298507,1.420966285728235,0.8333333333333334,0.1176470588235294,3.1549019607843136,0.157
2026-09-15,Fresno State,Pac-12,2026,110,21,0.0859821480957696,0.3727272727272727,1.3500903325919285,0.4285714285714285,0.2456140350877192,2.524561403508772,,136,21,0.0224727252079994,0.4705882352941176,1.0596533979596976,0.6666666666666666,0.2777777777777778,2.708333333333333,0.118
2026-09-15,Georgia,SEC,2026,123,27,0.6411901102917171,0.6016260162601627,1.4336402018226513,1.0,0.1147540983606557,4.119672131147541,,133,28,-0.1617840856909806,0.2857142857142857,1.2165006262434912,0.4,0.296875,1.93125,0.195
2026-09-15,Georgia Southern,Sun Belt,2026,145,27,0.0586021891492423,0.3655172413793103,1.2246915703732584,0.5,0.1489361702127659,3.1319148936170214,,140,29,-0.1953851267707166,0.2571428571428571,1.1628548379468289,0.75,0.3492063492063492,1.7142857142857142,0.271
2026-09-15,Georgia State,Sun Belt,2026,141,23,0.3830140743836993,0.5460992907801419,1.131271493549282,0.8181818181818182,0.1309523809523809,3.710714285714286,,113,23,-0.0190748999974009,0.3451327433628318,1.2156387691318562,1.0,0.2666666666666666,2.8,0.168
2026-09-15,Georgia Tech,ACC,2026,126,20,-0.0061808484398078,0.4206349206349206,1.0854468425040311,0.6666666666666666,0.2592592592592592,2.9851851851851854,,146,21,0.1404522994766487,0.4041095890410959,1.2473707813431243,0.9,0.1222222222222222,3.1844444444444444,0.151
2026-09-15,Hawai'i,Mountain West,2026,230,37,0.032940963609442,0.3739130434782609,1.1626258762976511,0.8,0.1842105263157894,3.098684210526316,,205,37,0.1296644642024741,0.4341463414634146,1.2594556887364166,0.6875,0.1261261261261261,3.28018018018018,0.146
2026-09-15,Houston,Big 12,2026,139,23,0.5086322930089994,0.6115107913669064,1.1881458019412137,0.9411764705882352,0.0823529411764705,4.155294117647059,,118,24,-0.0798564380460941,0.3050847457627119,1.3508256488893162,0.4,0.2790697674418604,1.3325581395348838,0.254
2026-09-15,Illinois,Big Ten,2026,114,17,0.2124029547040394,0.5175438596491229,1.202896905371677,0.6363636363636364,0.1379310344827586,2.93448275862069,,136,17,0.2497294616119733,0.4411764705882353,1.282464599974784,0.6923076923076923,0.1851851851851851,3.0246913580246915,0.125
2026-09-15,Indiana,Big Ten,2026,108,20,0.5826354535033924,0.5370370370370371,1.5716878414761073,0.7777777777777778,0.1216216216216216,3.413513513513513,,118,22,-0.1447228374943157,0.2796610169491525,1.5187942275986206,0.3333333333333333,0.2166666666666666,2.44,0.203
2026-09-15,Iowa,Big Ten,2026,139,24,0.0016189629623103,0.4028776978417266,1.1033428121941584,0.4285714285714285,0.1940298507462686,3.1,,113,27,-0.1812106771568968,0.2300884955752212,1.2105292522630695,0.6666666666666666,0.2033898305084746,2.2847457627118644,0.177
2026-09-15,Iowa State,Big 12,2026,103,24,0.1542133120949058,0.3203883495145631,1.4484541702459348,0.5,0.171875,2.646875,,129,24,-0.1517244627149505,0.3255813953488372,1.121317699632547,0.6,0.1571428571428571,2.435714285714285,0.171
2026-09-15,Jacksonville State,Conference USA,2026,191,30,0.1418243185433885,0.4659685863874345,1.2159433070054493,0.7222222222222222,0.2019230769230769,2.808653846153846,,198,29,-0.0087568630137224,0.398989898989899,1.0830725637433674,0.75,0.1707317073170731,2.940650406504065,0.141
2026-09-15,James Madison,Sun Belt,2026,113,21,0.479539448169209,0.5398230088495575,1.3269502984625527,0.6666666666666666,0.171875,3.44375,,140,25,-0.2757064750034476,0.2571428571428571,1.277789131183439,0.8571428571428571,0.2207792207792207,1.8987012987012988,0.143
2026-09-15,Kansas,Big 12,2026,145,23,0.2338262741156263,0.4551724137931034,1.4481149394863586,0.625,0.0843373493975903,3.1710843373493978,,128,25,0.0035854578754268,0.3046875,1.2628360942721588,1.0,0.2714285714285714,2.0385714285714287,0.219
2026-09-15,Kansas State,Big 12,2026,148,24,0.3345188267214266,0.5540540540540541,1.2937161276781035,0.8333333333333334,0.119047619047619,3.592857142857143,,113,25,-0.2760040441125845,0.2389380530973451,1.2854751137363396,0.3333333333333333,0.3134328358208955,1.8671641791044773,0.257
2026-09-15,Kennesaw State,Conference USA,2026,140,25,0.1300394206984425,0.5,1.1358671054399665,0.8181818181818182,0.2121212121212121,3.1045454545454545,,123,25,-0.017088871082993,0.3495934959349593,1.100274999432472,0.8571428571428571,0.2142857142857142,2.725714285714285,0.106
2026-09-15,Kent State,Mid-American,2026,122,22,0.0419375764785998,0.3524590163934426,1.353213333625812,0.6,0.1969696969696969,3.1166666666666667,,128,24,0.2166310557846445,0.5234375,1.1180399546611994,0.875,0.1,3.803333333333333,0.141
2026-09-15,Kentucky,SEC,2026,128,23,0.0890033049944523,0.4609375,1.1097461479075743,0.6666666666666666,0.1935483870967742,3.109677419354839,,130,21,0.0797991204568392,0.4461538461538462,1.124726469100218,0.7777777777777778,0.1935483870967742,2.6016129032258064,0.208
2026-09-15,Liberty,Conference USA,2026,136,24,-0.1161019510407969,0.3823529411764705,1.2248301758367646,0.6666666666666666,0.141025641025641,2.9346153846153844,,123,22,0.0295082308777663,0.3495934959349593,1.3481465092740088,0.4,0.2698412698412698,2.673015873015873,0.211
2026-09-15,Louisiana,Sun Belt,2026,121,21,0.2872702915830525,0.4876033057851239,1.3131949696088556,0.8571428571428571,0.1884057971014492,3.1449275362318843,,137,21,0.0227366626479739,0.4598540145985401,1.1747564986988903,0.625,0.2205882352941176,2.8529411764705883,0.131
2026-09-15,Louisiana Tech,Sun Belt,2026,116,29,0.0153881373796306,0.3103448275862069,1.6505202743028289,1.0,0.1904761904761904,2.577777777777778,,150,30,-0.1153931444961112,0.34,1.201984888715524,0.6,0.2857142857142857,1.6488095238095235,0.273
2026-09-15,Louisville,ACC,2026,134,26,0.4513246740637537,0.5447761194029851,1.3397742698468325,0.75,0.1643835616438356,3.063013698630137,,142,25,0.1227723968190846,0.3732394366197183,1.2422274876914896,0.5714285714285714,0.1176470588235294,2.5544117647058826,0.148
2026-09-15,LSU,SEC,2026,182,27,0.2058175337268157,0.5,1.2978100595291884,0.625,0.1530612244897959,2.9102040816326533,,106,28,-0.4640494005969776,0.1886792452830188,0.9967369888711708,0.6666666666666666,0.2916666666666667,1.6979166666666667,0.302
2026-09-15,Marshall,Sun Belt,2026,118,25,-0.1170632261688768,0.3644067796610169,1.035413167758098,0.6153846153846154,0.3064516129032258,2.167741935483871,,144,23,0.2992968190495405,0.4722222222222222,1.181015937543059,0.8888888888888888,0.1076923076923077,3.3246153846153845,0.111
2026-09-15,Maryland,Big Ten,2026,158,25,0.3611516175193782,0.5316455696202531,1.2757908671423983,0.6428571428571429,0.1710526315789473,3.5723684210526314,,105,24,-0.2564575897215248,0.2666666666666666,1.2470561585759148,0.6666666666666666,0.2962962962962963,1.4,0.219
2026-09-15,Massachusetts,Mid-American,2026,105,20,0.3734987579677579,0.5047619047619047,1.165695439147868,0.5454545454545454,0.1818181818181818,3.4045454545454543,,134,23,-0.0902538163166447,0.3805970149253731,1.24901703536941,0.75,0.2096774193548387,2.570967741935484,0.157
2026-09-15,Memphis,American Athletic,2026,177,35,0.2350611635254864,0.4350282485875706,1.4482477541338634,0.7142857142857143,0.1844660194174757,3.2854368932038835,,217,35,0.192649272099052,0.4377880184331797,1.3872415249019707,0.8571428571428571,0.1308411214953271,3.4065420560747666,0.147
2026-09-15,Miami,ACC,2026,144,26,0.5489136509830088,0.625,1.3307103400736222,1.0,0.1038961038961039,4.062337662337662,,113,24,-0.0839152601423317,0.3008849557522124,0.9249723221683476,0.5,0.2682926829268293,2.3,0.142
2026-09-15,Miami (OH),Mid-American,2026,115,20,0.2764031655999502,0.4521739130434782,1.281499316052608,1.0,0.1896551724137931,3.1,,123,21,0.1785536741915797,0.4552845528455284,1.2875594636535663,0.5714285714285714,0.25,2.779166666666667,0.098
2026-09-15,Michigan,Big Ten,2026,106,21,0.084462587896415,0.3490566037735849,1.3193032404170044,0.7142857142857143,0.1129032258064516,2.932258064516129,,134,22,-0.0898403883058992,0.3432835820895522,1.0126403276397398,0.6666666666666666,0.1971830985915492,2.907042253521127,0.164
2026-09-15,Michigan State,Big Ten,2026,158,20,0.1426258389428377,0.4556962025316455,1.1343727534949324,0.6428571428571429,0.1666666666666666,3.2444444444444445,,95,19,0.0674856752091822,0.3684210526315789,1.3619623909144192,0.5555555555555556,0.2682926829268293,2.629268292682927,0.232
2026-09-15,Middle Tennessee,Conference USA,2026,120,19,0.2627298867802216,0.4583333333333333,1.1566261463421283,0.75,0.0697674418604651,4.106976744186047,,113,22,0.1179669362138989,0.4336283185840708,1.152405043034228,0.7333333333333333,0.2,2.98,0.142
2026-09-15,Minnesota,Big Ten,2026,138,19,0.1239484333584105,0.4927536231884058,1.0062979745380276,0.6428571428571429,0.25,2.2884615384615383,,115,22,0.1087202792925834,0.391304347826087,1.1374772297950968,0.5454545454545454,0.2876712328767123,2.710958904109589,0.178
2026-09-15,Mississippi State,SEC,2026,148,22,0.5444014212608463,0.581081081081081,1.2894091808295536,0.7,0.1686746987951807,3.792771084337349,,136,22,-0.1004668683090555,0.3308823529411764,1.059757060940559,0.5,0.1568627450980392,2.5823529411764707,0.14
2026-09-15,Missouri,SEC,2026,153,26,0.24529734792988,0.4705882352941176,1.2251672170226928,0.7,0.1785714285714285,3.120238095238096,,121,24,-0.0639320226478284,0.2892561983471074,1.6717351608971178,0.8,0.2166666666666666,2.3666666666666667,0.231
2026-09-15,Missouri State,Conference USA,2026,120,23,0.0668812857775394,0.3666666666666666,1.3335725530755398,0.7692307692307693,0.1733333333333333,2.7746666666666666,,145,23,0.1909938154661411,0.503448275862069,1.0068807445175092,0.9090909090909092,0.1645569620253164,3.469620253164557,0.179
2026-09-15,Navy,American Athletic,2026,136,21,0.3197706471886218,0.5294117647058824,1.205369775240681,1.0,0.102803738317757,3.885046728971963,,122,21,0.1470620016920992,0.3934426229508196,1.3645400299509731,1.0,0.2280701754385964,2.631578947368421,0.148
2026-09-15,NC State,ACC,2026,122,24,0.3125729539037016,0.5245901639344263,1.215048351157467,0.8181818181818182,0.1076923076923077,3.727692307692308,,122,26,0.0012091374092092,0.3852459016393442,1.068971648909871,0.7692307692307693,0.1948051948051948,2.6246753246753247,0.156
2026-09-15,Nebraska,Big Ten,2026,140,21,0.5175659052512254,0.5571428571428572,1.4534374670791137,0.8333333333333334,0.136986301369863,3.82054794520548,,118,23,0.0517344067502091,0.3389830508474576,1.2549763899900523,1.0,0.1451612903225806,3.05,0.212
2026-09-15,Nevada,Mountain West,2026,131,23,0.1253495981030349,0.4427480916030534,1.3284449769173483,0.7857142857142857,0.1666666666666666,3.619230769230769,,149,23,0.0804141153145403,0.4429530201342282,0.9720734947656507,0.6666666666666666,0.2025316455696202,2.9873417721518987,0.148
2026-09-15,New Mexico,Mountain West,2026,144,27,0.2352301586935282,0.4791666666666667,1.1024318664396169,0.9166666666666666,0.1276595744680851,3.401063829787234,,105,27,-0.298944742674818,0.2285714285714285,1.4412726077351177,0.5,0.2,1.6927272727272726,0.305
2026-09-15,New Mexico State,Conference USA,2026,201,34,0.1547919421257269,0.4378109452736318,1.4261327937630708,0.6875,0.1428571428571428,3.207692307692308,,202,35,0.0958815223181676,0.4158415841584158,1.162391545945404,0.8333333333333334,0.2247191011235955,2.953932584269663,0.129
2026-09-15,North Carolina,ACC,2026,113,19,0.2360141771942716,0.5132743362831859,1.0323754501520834,0.6666666666666666,0.1320754716981132,3.826415094339623,,139,19,-0.1212396737477295,0.381294964028777,0.8784887790699076,0.8333333333333334,0.1363636363636363,2.7515151515151515,0.137
2026-09-15,North Dakota State,Mountain West,2026,199,30,0.1779024536014308,0.4321608040201005,1.3082108261820105,0.6923076923076923,0.1864406779661017,2.8686440677966103,,173,31,-0.1642277760509774,0.3815028901734104,0.9781791324953276,0.7142857142857143,0.1470588235294117,2.6372549019607843,0.156
2026-09-15,Northern Illinois,Mountain West,2026,124,26,-0.2402103302415052,0.3306451612903225,0.933563925425936,0.6,0.2280701754385964,2.3789473684210525,,143,24,0.003955245944769,0.4125874125874126,1.150449449041141,0.5454545454545454,0.1690140845070422,3.087323943661972,0.119
2026-09-15,North Texas,American Athletic,2026,138,22,0.1985668326897479,0.3985507246376811,1.4371934204362449,0.5,0.1756756756756756,3.0297297297297296,,119,21,0.1031777351390133,0.4201680672268907,1.1068830125613625,0.75,0.1515151515151515,2.457575757575757,0.151
2026-09-15,Northwestern,Big Ten,2026,55,11,0.4796492784465596,0.509090909090909,1.4850398029259404,1.0,0.1071428571428571,3.95,,90,12,0.0899734155062539,0.4222222222222222,1.0576414342835372,0.7777777777777778,0.131578947368421,3.305263157894737,0.189
2026-09-15,Notre Dame,FBS Independents,2026,130,20,0.3882939958255484,0.5076923076923077,1.17940061549341,0.7272727272727273,0.0793650793650793,2.773015873015873,,108,21,-0.1619857880704867,0.3055555555555556,1.3646248574810422,0.6666666666666666,0.2258064516129032,2.1016129032258064,0.241
2026-09-15,Ohio,Mid-American,2026,139,21,0.0446763435394606,0.3741007194244604,1.1392053618963454,0.9090909090909092,0.1081081081081081,3.2824324324324325,,147,21,0.3286148354133413,0.4897959183673469,1.3428370013336863,0.7692307692307693,0.2093023255813953,3.115116279069768,0.15
2026-09-15,Ohio State,Big Ten,2026,137,23,0.3799475988897337,0.4817518248175182,1.406900457467487,0.7142857142857143,0.1935483870967742,3.117741935483871,,140,24,-0.1122477544900086,0.3642857142857142,1.097576491078469,0.7272727272727273,0.2096774193548387,2.361290322580645,0.186
2026-09-15,Oklahoma,SEC,2026,124,22,0.1156050868468605,0.4516129032258064,1.096833600472846,0.5714285714285714,0.2307692307692307,3.055384615384616,,117,24,-0.2290988755324868,0.3076923076923077,1.248361147173218,0.5,0.2083333333333333,2.1333333333333333,0.239
2026-09-15,Oklahoma State,Big 12,2026,175,27,-0.120539195500783,0.4,1.028802341611288,0.5333333333333333,0.1842105263157894,2.876315789473684,,119,25,0.0479456960149485,0.361344537815126,1.3328402867977789,1.0,0.15,2.945,0.134
2026-09-15,Old Dominion,Sun Belt,2026,106,24,0.033284008907971,0.3773584905660377,1.4024901016608096,0.3333333333333333,0.3181818181818182,1.4106060606060606,,150,22,0.0120509778170255,0.3266666666666666,1.3623687429640408,0.5,0.2857142857142857,2.18961038961039,0.2
2026-09-15,Ole Miss,SEC,2026,140,23,0.2768580376754948,0.5428571428571428,1.142013776353691,0.75,0.1875,3.0375,,129,23,0.1378585757061767,0.4031007751937984,1.2762019335670447,0.6,0.2941176470588235,2.3205882352941174,0.155
2026-09-15,Oregon,Big Ten,2026,125,26,0.0494282179027239,0.384,1.566587410092808,0.8333333333333334,0.1372549019607843,3.2,,154,28,0.0018153496237937,0.4025974025974026,1.0896122279284166,0.7,0.136986301369863,2.9383561643835616,0.123
2026-09-15,Oregon State,Pac-12,2026,145,26,0.11079361771673,0.3517241379310344,1.634882929376421,0.6,0.0789473684210526,2.857894736842105,,151,25,0.2374810550361736,0.4503311258278146,1.2130965561953595,0.8333333333333334,0.1585365853658536,3.0609756097560976,0.172
2026-09-15,Penn State,Big Ten,2026,138,21,0.3222167833457912,0.4782608695652174,1.2465262995318598,0.7692307692307693,0.1125,2.545,,113,21,-0.1350849176813743,0.3539823008849557,1.037253531298312,0.6666666666666666,0.3035714285714285,2.258928571428572,0.177
2026-09-15,Pittsburgh,ACC,2026,149,24,0.1978442895140391,0.4563758389261745,1.2308974355864892,0.5833333333333334,0.2253521126760563,2.636619718309859,,113,24,-0.0814023777817804,0.3008849557522124,1.4902418071661208,0.6666666666666666,0.2368421052631578,1.2605263157894735,0.186
2026-09-15,Purdue,Big Ten,2026,158,20,0.3108941299854006,0.5,1.1304623389649444,0.8,0.16,3.1826666666666665,,117,19,0.2136557537252784,0.4188034188034188,1.51055182193848,0.625,0.2166666666666666,2.5716666666666668,0.179
2026-09-15,Rice,American Athletic,2026,129,21,0.0039268670758448,0.4186046511627907,1.061196296851244,0.6666666666666666,0.1262135922330097,3.3864077669902914,,126,19,0.0841271372543652,0.4365079365079365,1.2114703432849558,0.6,0.1538461538461538,2.795384615384616,0.151
2026-09-15,Rutgers,Big Ten,2026,131,23,-0.0529169384087802,0.4045801526717557,1.469779676521196,0.3846153846153846,0.2372881355932203,2.716949152542373,,129,24,0.1558907367674346,0.4418604651162791,1.1203976295300062,0.75,0.1830985915492957,3.1633802816901406,0.109
2026-09-15,Sacramento State,Mid-American,2026,203,39,-0.0134863061624259,0.4088669950738916,1.1057548738363008,0.7222222222222222,0.2857142857142857,2.4824175824175825,,188,39,0.099234236960133,0.3723404255319149,1.3377447707118555,0.5833333333333334,0.1978021978021978,2.601098901098901,0.144
2026-09-15,Sam Houston,Conference USA,2026,135,23,0.0679276920034877,0.4518518518518518,1.1803148453958008,0.5555555555555556,0.2608695652173913,2.097826086956521,,143,25,0.0801298214744016,0.3286713286713286,1.5889012766547106,0.8,0.2297297297297297,2.918918918918919,0.203
2026-09-15,San Diego State,Pac-12,2026,121,23,-0.0413651342576204,0.3884297520661157,0.9233051483900416,0.6428571428571429,0.2266666666666666,3.1093333333333333,,148,26,0.0071288913535001,0.4256756756756756,0.9192161403297916,0.9,0.0985915492957746,3.511267605633803,0.101
2026-09-15,San José State,Mountain West,2026,213,37,0.1640411560777528,0.4178403755868544,1.2548924396738512,0.7142857142857143,0.196078431372549,3.226470588235294,,218,36,0.0756930654314693,0.4770642201834862,0.9896230258720576,0.9,0.1264367816091954,3.15287356321839,0.133
2026-09-15,SMU,ACC,2026,122,24,0.4587713273473277,0.5573770491803278,1.4281739344272315,0.3333333333333333,0.1886792452830188,2.9660377358490564,,131,26,-0.084622047764168,0.3282442748091603,1.2842625511359242,0.25,0.203125,2.9375,0.183
2026-09-15,South Alabama,Sun Belt,2026,162,21,0.1685310385380529,0.4382716049382716,1.2176774412969205,0.7857142857142857,0.1354166666666666,3.31875,,89,20,0.1632686372144404,0.3820224719101123,1.780175832903859,0.4285714285714285,0.3111111111111111,1.8,0.225
2026-09-15,South Carolina,SEC,2026,142,22,0.438343965195304,0.5915492957746479,1.2175363639723062,0.8333333333333334,0.0759493670886076,4.2025316455696204,,115,24,-0.0912429090065903,0.2695652173913043,1.4126566341430444,0.4,0.2448979591836734,2.091836734693877,0.139
2026-09-15,Southern Miss,Sun Belt,2026,145,23,0.1077642500321461,0.4896551724137931,1.006474011399464,0.8125,0.0769230769230769,3.7,,146,24,0.0608395926001343,0.3904109589041096,1.2299504868649154,0.7142857142857143,0.2023809523809523,3.2,0.137
2026-09-15,South Florida,American Athletic,2026,114,19,0.140587628627423,0.4736842105263157,1.0043796944285208,0.8571428571428571,0.2258064516129032,2.629032258064516,,140,19,-0.0058834549887592,0.4428571428571428,0.8079743699415228,0.7272727272727273,0.1866666666666666,3.045333333333333,0.136
2026-09-15,Stanford,ACC,2026,139,24,0.1652871164707423,0.39568345323741,1.1457214486158334,0.8571428571428571,0.1694915254237288,2.886440677966102,,145,25,0.2445848493510773,0.4482758620689655,1.3156744634857456,1.0,0.1509433962264151,2.922641509433962,0.124
2026-09-15,Syracuse,ACC,2026,165,26,0.0906180348680751,0.4181818181818181,1.3627569146430043,0.9285714285714286,0.1780821917808219,2.9397260273972603,,123,26,-0.25379058887179,0.3089430894308943,1.00832564007365,0.75,0.2727272727272727,1.8909090909090909,0.203
2026-09-15,TCU,Big 12,2026,143,24,0.2720895473907548,0.5104895104895105,1.1928228045964784,0.8181818181818182,0.1388888888888889,3.498611111111111,,112,24,-0.1211075290029854,0.3392857142857143,0.9668444329735346,0.0,0.2452830188679245,2.3358490566037737,0.232
2026-09-15,Temple,American Athletic,2026,121,19,0.1307173983832129,0.4380165289256198,1.1366621926292704,0.8333333333333334,0.2,3.041333333333333,,126,21,0.0889743629266326,0.4126984126984127,1.1673451255258795,0.7272727272727273,0.171875,2.05,0.143
2026-09-15,Tennessee,SEC,2026,143,24,0.3663306591413124,0.5104895104895105,1.3176765686521934,0.8181818181818182,0.1222222222222222,3.716666666666667,,132,25,-0.133299706225414,0.3636363636363636,1.0633150711559851,0.6,0.1785714285714285,3.5125,0.242
2026-09-15,Texas,SEC,2026,148,20,0.2502956329255999,0.4932432432432432,1.2917938180626174,0.75,0.2133333333333333,2.7826666666666666,,137,22,0.0500001383555945,0.4014598540145985,1.2231481170189105,0.625,0.2058823529411764,2.738235294117647,0.175
2026-09-15,Texas A&M,SEC,2026,151,25,0.2030153911456549,0.4966887417218543,1.0605418819511832,1.0,0.1481481481481481,3.208641975308642,,105,25,-0.3670736849201523,0.2761904761904762,1.1434497655113145,0.5,0.25,2.2442307692307693,0.248
2026-09-15,Texas State,Pac-12,2026,153,23,0.0713341660498197,0.4444444444444444,1.0653942023826526,0.7142857142857143,0.1348314606741573,3.2168539325842698,,144,20,0.3408355282669275,0.4791666666666667,1.3393729023888383,0.7,0.2424242424242424,2.6712121212121214,0.139
2026-09-15,Texas Tech,Big 12,2026,151,25,0.2360331407314352,0.4503311258278146,1.1224683496118188,0.7857142857142857,0.1604938271604938,3.064197530864197,,134,24,-0.0118944667262356,0.2835820895522388,1.7023564913908251,0.6666666666666666,0.1627906976744186,2.858139534883721,0.187
2026-09-15,Toledo,Mid-American,2026,118,23,0.2392459064623018,0.3898305084745763,1.849592332283392,0.5,0.2698412698412698,2.6333333333333333,,147,25,-0.1315716972417298,0.2993197278911564,1.159274640459017,0.3333333333333333,0.2253521126760563,2.5422535211267605,0.15
2026-09-15,Troy,Sun Belt,2026,139,27,0.1832232611952875,0.3669064748201439,1.5275409306952863,0.4545454545454545,0.2337662337662337,2.918181818181818,,131,25,-0.0730903667233353,0.366412213740458,1.258450956311019,0.6666666666666666,0.3518518518518518,1.4537037037037035,0.237
2026-09-15,Tulane,American Athletic,2026,107,22,0.1056401778804695,0.3364485981308411,1.4986254812812283,0.75,0.2307692307692307,2.4134615384615383,,152,23,0.0601189810986732,0.375,1.2544088524193848,0.8333333333333334,0.1590909090909091,3.1545454545454543,0.105
2026-09-15,Tulsa,American Athletic,2026,132,23,0.0855581218000294,0.3636363636363636,1.304618216522995,1.0,0.1617647058823529,2.988235294117647,,153,23,-0.0881200979720485,0.392156862745098,1.018737931677684,0.5384615384615384,0.1935483870967742,2.6048387096774195,0.15
2026-09-15,UAB,American Athletic,2026,148,17,0.125179646090532,0.4662162162162162,1.126405942245425,0.8333333333333334,0.1382978723404255,3.4340425531914893,,107,18,0.0832941743484347,0.4953271028037383,1.0527084819556491,0.5454545454545454,0.1515151515151515,3.351515151515152,0.112
2026-09-15,UCF,Big 12,2026,116,25,0.1461303427358404,0.4310344827586206,1.4198403210291637,0.6,0.1607142857142857,3.0107142857142857,,134,27,-0.099013594878991,0.291044776119403,1.1114470879006333,0.6666666666666666,0.2784810126582278,2.062025316455696,0.164
2026-09-15,UCLA,Big Ten,2026,120,26,0.2414210711755224,0.4916666666666666,1.1737632639003537,1.0,0.0704225352112676,4.164788732394366,,146,25,-0.1287180100332439,0.3219178082191781,1.2133801014622048,0.8333333333333334,0.2162162162162162,2.8027027027027027,0.192
2026-09-15,UConn,FBS Independents,2026,127,25,0.2841507501072622,0.4251968503937008,1.549718549984598,0.6666666666666666,0.2058823529411764,2.877941176470588,,151,25,0.0468040277609356,0.3774834437086092,1.1704590494412488,0.5454545454545454,0.21875,2.5328125,0.152
2026-09-15,UL Monroe,Sun Belt,2026,134,23,-0.1274140857526506,0.3656716417910448,0.8989095633271335,0.4545454545454545,0.1025641025641025,3.2371794871794872,,148,22,0.3914827680226134,0.5472972972972973,1.2758591261242125,0.9090909090909092,0.1411764705882353,3.834117647058824,0.128
2026-09-15,UNLV,Mountain West,2026,218,37,-0.0524893094452806,0.3532110091743119,1.1623632231536607,0.6875,0.1504424778761062,3.023008849557522,,206,35,0.1471056400027092,0.4126213592233009,1.1832290095991715,0.7777777777777778,0.1515151515151515,3.576767676767677,0.15
2026-09-15,USC,Big Ten,2026,221,30,0.3050545251396018,0.5701357466063348,1.097506176595752,0.7894736842105263,0.1779661016949152,3.2491525423728813,,155,30,0.0830802123434739,0.3677419354838709,1.3280287170782532,0.75,0.2207792207792207,2.433766233766234,0.135
2026-09-15,Utah,Big 12,2026,140,24,0.4085654273644835,0.5428571428571428,1.3590442825949345,0.7272727272727273,0.1707317073170731,3.818292682926829,,141,24,-0.0180149078203742,0.3262411347517731,1.4369604703869312,0.8,0.1666666666666666,2.598148148148148,0.206
2026-09-15,Utah State,Pac-12,2026,147,24,-0.125510359104815,0.3809523809523809,1.3459850217275189,0.1666666666666666,0.2753623188405797,2.9695652173913043,,142,25,0.0329839591211641,0.3873239436619718,0.9975056067009984,0.6363636363636364,0.2203389830508474,2.4067796610169494,0.099
2026-09-15,UTEP,Mountain West,2026,114,25,-0.134943446773656,0.4298245614035088,1.1795692615247384,0.4,0.2537313432835821,2.6373134328358208,,124,24,0.1797364798378444,0.4112903225806452,1.21273847936996,0.5833333333333334,0.2666666666666666,2.614666666666667,0.153
2026-09-15,UTSA,American Athletic,2026,134,23,0.3410086014875794,0.5373134328358209,1.0961411603228002,0.8,0.15,3.28,,162,25,-0.0122308165351195,0.4259259259259259,1.0332895004531055,0.5,0.1204819277108433,3.455421686746988,0.136
2026-09-15,Vanderbilt,SEC,2026,135,22,0.0770759026769088,0.4222222222222222,1.0785680522088028,0.875,0.1506849315068493,2.9712328767123286,,116,23,-0.1188975264171307,0.3275862068965517,1.3261548666811334,0.7777777777777778,0.24,2.43,0.259
2026-09-15,Virginia,ACC,2026,135,24,0.3363360115956449,0.5407407407407407,1.133641635334511,0.8666666666666667,0.1612903225806451,3.4172043010752686,,117,25,-0.3674973969331185,0.3162393162393162,0.6429044390651262,0.7142857142857143,0.2156862745098039,2.4823529411764707,0.248
2026-09-15,Virginia Tech,ACC,2026,163,25,0.3246569715301723,0.4969325153374233,1.2420419780551708,0.7,0.175,3.12625,,106,27,-0.2548073061433593,0.1981132075471698,1.6993340374331178,0.3333333333333333,0.5230769230769231,-0.4061538461538461,0.387
2026-09-15,Wake Forest,ACC,2026,137,20,0.4168473428540545,0.4744525547445255,1.3477531823845286,0.6666666666666666,0.1408450704225352,3.1169014084507043,,154,21,0.1471432253349311,0.5,0.9222951986550348,0.6,0.2285714285714285,2.857142857142857,0.143
2026-09-15,Washington,Big Ten,2026,141,24,0.0383845337142971,0.4397163120567376,0.994167021990533,0.5714285714285714,0.2542372881355932,2.649152542372881,,115,23,-0.1970220490833837,0.3130434782608696,1.346076863245751,0.0,0.3703703703703703,2.509259259259259,0.278
2026-09-15,Washington State,Pac-12,2026,109,22,-0.2204002283275828,0.2844036697247706,1.0891204891875983,0.0,0.2321428571428571,2.7767857142857144,,140,24,0.0930001435211628,0.4642857142857143,1.226918406593459,0.6,0.1764705882352941,3.1205882352941177,0.1
2026-09-15,Western Kentucky,Conference USA,2026,158,28,-0.0666697027112332,0.360759493670886,1.1031430607162849,0.6,0.2236842105263158,2.728947368421053,,121,27,0.5273760342953311,0.5041322314049587,1.6223388487633628,0.9,0.1710526315789473,3.5907894736842105,0.107
2026-09-15,Western Michigan,Mid-American,2026,128,24,0.1798153005934974,0.3984375,1.2124813230554417,0.7272727272727273,0.16,2.8666666666666667,,140,22,-0.0200984117118512,0.45,0.96082370279726,0.6875,0.1492537313432835,2.962686567164179,0.143
2026-09-15,West Virginia,Big 12,2026,140,26,0.2732145325843711,0.4785714285714286,1.1936925918671564,0.8461538461538461,0.1261261261261261,3.1585585585585587,,138,24,-0.0361489007794655,0.4130434782608695,1.207286883972729,0.5714285714285714,0.3,2.3,0.217
2026-09-15,Wisconsin,Big Ten,2026,117,20,0.0972845578595492,0.3846153846153846,1.4262012820270968,0.625,0.1666666666666666,2.873333333333333,,127,20,0.1416487925311263,0.4173228346456692,0.9995894298541818,0.75,0.0714285714285714,3.0585714285714287,0.102
2026-09-15,Wyoming,Mountain West,2026,117,23,-0.0028277350688493,0.4188034188034188,0.8959098386901093,1.0,0.1791044776119403,3.238805970149253,,130,22,0.0648907555886648,0.4230769230769231,1.172048736832227,1.0,0.1818181818181818,2.793939393939394,0.154
2026-09-16,Air Force,Mountain West,2026,147,19,0.3168724868895267,0.5238095238095238,0.9836879949098816,1.0,0.0578512396694214,4.0239669421487605,,106,20,-0.0790044128664969,0.3113207547169811,1.5288427794559412,0.8,0.2280701754385964,2.526315789473684,0.142
2026-09-16,Akron,Mid-American,2026,141,22,0.1576861186861234,0.524822695035461,0.9553972675038448,0.7142857142857143,0.1323529411764706,3.85,,119,22,0.1598294917273902,0.361344537815126,1.5062647956317663,0.7142857142857143,0.2692307692307692,2.175,0.168
2026-09-16,Alabama,SEC,2026,143,23,0.1923818408232353,0.5034965034965035,1.1057735881546875,0.7272727272727273,0.1785714285714285,3.1476190476190475,,108,24,-0.2874867496232187,0.287037037037037,1.1316133221653442,0.4,0.2708333333333333,1.2354166666666666,0.204
2026-09-16,App State,Sun Belt,2026,147,23,0.3906247499138722,0.5170068027210885,1.2754065166484962,0.8333333333333334,0.2,2.87625,,134,24,0.0816137293730369,0.4104477611940298,1.1852737956938326,0.6666666666666666,0.2333333333333333,2.788333333333333,0.194
2026-09-16,Arizona,Big 12,2026,137,23,0.135802341014586,0.5182481751824818,0.9553421091947132,0.9090909090909092,0.0983606557377049,3.804918032786885,,111,22,0.0356799842903723,0.3513513513513513,1.3875185132111152,1.0,0.2444444444444444,2.8266666666666667,0.18
2026-09-16,Arizona State,Big 12,2026,135,26,0.1879252063943186,0.4666666666666667,1.4678876754625696,0.9,0.1875,2.953125,,114,25,-0.0545554602775555,0.3421052631578947,1.0129971750114235,0.75,0.1607142857142857,2.517857142857143,0.14
2026-09-16,Arkansas,SEC,2026,163,24,0.0272616532025924,0.4233128834355828,1.1170369441790664,0.75,0.1857142857142857,2.732857142857143,,108,24,0.1347806692878385,0.4074074074074074,1.273058299449057,0.7142857142857143,0.2307692307692307,2.8173076923076925,0.157
2026-09-16,Arkansas State,Sun Belt,2026,118,20,0.2677348692051451,0.559322033898305,1.1459291087845072,0.7857142857142857,0.123076923076923,3.666153846153846,,122,23,0.1840622775567135,0.4426229508196721,1.3669975298661934,0.75,0.1126760563380281,3.388732394366197,0.139
2026-09-16,Army,American Athletic,2026,136,21,0.4233058887319205,0.5882352941176471,1.023133708359731,0.9090909090909092,0.1018518518518518,4.018518518518518,,110,21,0.1123930409096023,0.4181818181818181,1.1406168896883957,0.8,0.2222222222222222,2.7444444444444445,0.155
2026-09-16,Auburn,SEC,2026,160,24,0.1350601071202175,0.45625,1.1762728788342502,0.7777777777777778,0.1666666666666666,3.4654761904761906,,161,24,-0.0938026930155785,0.3726708074534161,1.0994859841769764,0.5,0.1875,2.3328125,0.193
2026-09-16,Ball State,Mid-American,2026,132,26,-0.0165475090918305,0.3106060606060606,1.4686103990600792,0.6666666666666666,0.2407407407407407,2.2203703703703703,,138,24,0.3064487375002761,0.4710144927536231,1.40546812277467,0.8571428571428571,0.2033898305084746,3.1559322033898307,0.145
2026-09-16,Baylor,Big 12,2026,186,27,0.1129098582081574,0.4354838709677419,1.2376620302097634,0.6,0.1547619047619047,3.1666666666666665,,131,26,-0.1673171265798204,0.2671755725190839,1.287063470738749,0.6666666666666666,0.2631578947368421,2.285964912280702,0.214
2026-09-16,Boise State,Pac-12,2026,143,23,0.266399529110338,0.4335664335664335,1.274491848026884,0.875,0.1125,3.545,,117,24,0.1017919549297001,0.3931623931623931,1.7729801802597571,0.6666666666666666,0.2978723404255319,2.476595744680852,0.197
2026-09-16,Boston College,ACC,2026,137,23,-0.0296494496033857,0.3795620437956204,1.2850016083291318,1.0,0.1969696969696969,3.0454545454545454,,130,23,0.0712578374372898,0.4,1.3266879736186803,0.5,0.1566265060240964,3.351807228915663,0.154
2026-09-16,Bowling Green,Mid-American,2026,116,21,-0.0419415928925813,0.3620689655172414,0.9568633361381188,0.6666666666666666,0.208955223880597,2.491044776119403,,125,20,0.3277188774321643,0.504,1.379556003194474,0.6666666666666666,0.1846153846153846,3.4615384615384617,0.072
2026-09-16,Buffalo,Mid-American,2026,153,28,0.0688000492594795,0.326797385620915,1.3682648307042922,1.0,0.2241379310344827,2.406896551724138,,152,28,0.0286543584092586,0.3486842105263157,1.2916147778515,0.8,0.2205882352941176,2.677941176470588,0.171
2026-09-16,BYU,Big 12,2026,128,22,0.5050841780417508,0.59375,1.145295729412896,0.8888888888888888,0.0945945945945946,4.075675675675676,,120,22,-0.0845017673137549,0.3666666666666666,1.1347196556610346,0.8571428571428571,0.2115384615384615,2.375,0.158
2026-09-16,California,ACC,2026,149,26,-0.0808214238504401,0.3422818791946309,1.3277706209817297,0.7142857142857143,0.25,2.4140625,,140,27,0.0680250301071306,0.4142857142857143,1.3407269201878411,1.0,0.1290322580645161,3.446774193548387,0.15
2026-09-16,Central Michigan,Mid-American,2026,112,22,-0.1256244794203912,0.3035714285714285,1.2574978566932482,0.875,0.1014492753623188,3.108695652173913,,135,21,0.0645138542075979,0.437037037037037,0.9057096960156528,1.0,0.1506849315068493,3.102739726027397,0.141
2026-09-16,Charlotte,American Athletic,2026,139,23,0.1096877225836496,0.4172661870503597,1.3048280000711567,0.5,0.25,2.9359375,,125,23,0.3563215883954375,0.56,1.168448348521541,0.9285714285714286,0.2253521126760563,3.222535211267606,0.12
2026-09-16,Cincinnati,Big 12,2026,142,23,0.4287542479500776,0.528169014084507,1.2301502062163543,0.8571428571428571,0.0869565217391304,4.093478260869565,,131,23,-0.020274166991414,0.3893129770992366,1.1912608272935616,0.75,0.2363636363636363,2.9909090909090907,0.183
2026-09-16,Clemson,ACC,2026,127,29,-0.187053815183755,0.2913385826771653,0.981531881260497,0.6,0.3389830508474576,2.238983050847457,,161,26,0.1795888733506845,0.422360248447205,1.3364841405947374,0.7272727272727273,0.1095890410958904,3.3438356164383563,0.155
2026-09-16,Coastal Carolina,Sun Belt,2026,135,27,0.2042925244908535,0.4518518518518518,1.325197095526809,0.625,0.21875,3.334375,,134,28,-0.0118711875821386,0.3880597014925373,0.9869719373350112,0.75,0.146067415730337,2.8662921348314607,0.172
2026-09-16,Colorado,Big 12,2026,151,24,0.2555961011969566,0.4172185430463576,1.3777550783764778,0.9,0.1219512195121951,3.1390243902439026,,134,24,-0.0639601272461802,0.3432835820895522,1.3968928161860514,0.3333333333333333,0.3888888888888889,2.4,0.254
2026-09-16,Colorado State,Pac-12,2026,137,26,0.3945282894044396,0.4890510948905109,1.5102312020802011,0.9,0.234375,2.578125,,121,25,-0.0649478881821947,0.3801652892561983,1.0956779944706343,0.6666666666666666,0.1408450704225352,3.22112676056338,0.273
2026-09-16,Delaware,Conference USA,2026,141,28,0.0842242921527009,0.3971631205673759,1.449182058605098,0.6,0.2542372881355932,2.3983050847457625,,144,28,-0.1511994958469578,0.3125,1.2358513394279544,0.8,0.2068965517241379,2.282758620689655,0.188
2026-09-16,Duke,ACC,2026,135,22,0.0971002378932878,0.362962962962963,1.237928846463279,0.7142857142857143,0.2142857142857142,2.9095238095238094,,125,21,-0.0251186964537824,0.408,0.9843421861093068,0.7142857142857143,0.0909090909090909,2.923636363636364,0.144
2026-09-16,East Carolina,American Athletic,2026,114,25,0.1099582195243851,0.3947368421052631,1.231797520854903,0.6666666666666666,0.2452830188679245,2.371698113207547,,153,24,0.2068942194566984,0.457516339869281,1.223214237815241,0.7142857142857143,0.2247191011235955,2.7662921348314606,0.124
2026-09-16,Eastern Michigan,Mid-American,2026,192,37,-0.0301709585158481,0.375,1.085440572919383,0.8125,0.1688311688311688,2.8181818181818183,,215,38,0.0920605021217898,0.4093023255813953,1.253569042774504,0.7647058823529411,0.2127659574468085,2.9382978723404256,0.191
2026-09-16,Florida,SEC,2026,131,22,0.503300118145704,0.5419847328244275,1.3730229556476083,1.0,0.0857142857142857,3.5085714285714285,,159,26,-0.1857093179760124,0.3333333333333333,1.1043810135770198,0.6666666666666666,0.1186440677966101,2.672881355932204,0.233
2026-09-16,Florida Atlantic,American Athletic,2026,172,24,0.0855727551307359,0.4244186046511627,1.1542662089271607,0.9090909090909092,0.1842105263157894,2.506578947368421,,125,23,0.3739127473785921,0.472,1.5780936478404288,1.0,0.1486486486486486,3.245945945945946,0.16
2026-09-16,Florida International,Conference USA,2026,156,24,-0.0028031544189282,0.391025641025641,1.1492281235386823,0.6923076923076923,0.203125,2.75,,128,22,-0.0449602235125628,0.328125,1.1153609295010591,0.8,0.2580645161290322,1.982258064516129,0.172
2026-09-16,Florida State,ACC,2026,134,22,0.2041981306396151,0.4104477611940298,1.3738286847147458,0.5,0.1392405063291139,3.3063291139240505,,134,21,0.23409225215135,0.4477611940298507,1.420966285728235,0.8333333333333334,0.1176470588235294,3.1549019607843136,0.157
2026-09-16,Fresno State,Pac-12,2026,110,21,0.0859821480957696,0.3727272727272727,1.3500903325919285,0.4285714285714285,0.2456140350877192,2.524561403508772,,136,21,0.0224727252079994,0.4705882352941176,1.0596533979596976,0.6666666666666666,0.2777777777777778,2.708333333333333,0.118
2026-09-16,Georgia,SEC,2026,123,27,0.6411901102917171,0.6016260162601627,1.4336402018226513,1.0,0.1147540983606557,4.119672131147541,,133,28,-0.1617840856909806,0.2857142857142857,1.2165006262434912,0.4,0.296875,1.93125,0.195
2026-09-16,Georgia Southern,Sun Belt,2026,145,27,0.0586021891492423,0.3655172413793103,1.2246915703732584,0.5,0.1489361702127659,3.1319148936170214,,140,29,-0.1953851267707166,0.2571428571428571,1.1628548379468289,0.75,0.3492063492063492,1.7142857142857142,0.271
2026-09-16,Georgia State,Sun Belt,2026,141,23,0.3830140743836993,0.5460992907801419,1.131271493549282,0.8181818181818182,0.1309523809523809,3.710714285714286,,113,23,-0.0190748999974009,0.3451327433628318,1.2156387691318562,1.0,0.2666666666666666,2.8,0.168
2026-09-16,Georgia Tech,ACC,2026,126,20,-0.0061808484398078,0.4206349206349206,1.0854468425040311,0.6666666666666666,0.2592592592592592,2.9851851851851854,,146,21,0.1404522994766487,0.4041095890410959,1.2473707813431243,0.9,0.1222222222222222,3.1844444444444444,0.151
2026-09-16,Hawai'i,Mountain West,2026,230,37,0.032940963609442,0.3739130434782609,1.1626258762976511,0.8,0.1842105263157894,3.098684210526316,,205,37,0.1296644642024741,0.4341463414634146,1.2594556887364166,0.6875,0.1261261261261261,3.28018018018018,0.146
2026-09-16,Houston,Big 12,2026,139,23,0.5086322930089994,0.6115107913669064,1.1881458019412137,0.9411764705882352,0.0823529411764705,4.155294117647059,,118,24,-0.0798564380460941,0.3050847457627119,1.3508256488893162,0.4,0.2790697674418604,1.3325581395348838,0.254
2026-09-16,Illinois,Big Ten,2026,114,17,0.2124029547040394,0.5175438596491229,1.202896905371677,0.6363636363636364,0.1379310344827586,2.93448275862069,,136,17,0.2497294616119733,0.4411764705882353,1.282464599974784,0.6923076923076923,0.1851851851851851,3.0246913580246915,0.125
2026-09-16,Indiana,Big Ten,2026,108,20,0.5826354535033924,0.5370370370370371,1.5716878414761073,0.7777777777777778,0.1216216216216216,3.413513513513513,,118,22,-0.1447228374943157,0.2796610169491525,1.5187942275986206,0.3333333333333333,0.2166666666666666,2.44,0.203
2026-09-16,Iowa,Big Ten,2026,139,24,0.0016189629623103,0.4028776978417266,1.1033428121941584,0.4285714285714285,0.1940298507462686,3.1,,113,27,-0.1812106771568968,0.2300884955752212,1.2105292522630695,0.6666666666666666,0.2033898305084746,2.2847457627118644,0.177
2026-09-16,Iowa State,Big 12,2026,103,24,0.1542133120949058,0.3203883495145631,1.4484541702459348,0.5,0.171875,2.646875,,129,24,-0.1517244627149505,0.3255813953488372,1.121317699632547,0.6,0.1571428571428571,2.435714285714285,0.171
2026-09-16,Jacksonville State,Conference USA,2026,191,30,0.1418243185433885,0.4659685863874345,1.2159433070054493,0.7222222222222222,0.2019230769230769,2.808653846153846,,198,29,-0.0087568630137224,0.398989898989899,1.0830725637433674,0.75,0.1707317073170731,2.940650406504065,0.141
2026-09-16,James Madison,Sun Belt,2026,113,21,0.479539448169209,0.5398230088495575,1.3269502984625527,0.6666666666666666,0.171875,3.44375,,140,25,-0.2757064750034476,0.2571428571428571,1.277789131183439,0.8571428571428571,0.2207792207792207,1.8987012987012988,0.143
2026-09-16,Kansas,Big 12,2026,145,23,0.2338262741156263,0.4551724137931034,1.4481149394863586,0.625,0.0843373493975903,3.1710843373493978,,128,25,0.0035854578754268,0.3046875,1.2628360942721588,1.0,0.2714285714285714,2.0385714285714287,0.219
2026-09-16,Kansas State,Big 12,2026,148,24,0.3345188267214266,0.5540540540540541,1.2937161276781035,0.8333333333333334,0.119047619047619,3.592857142857143,,113,25,-0.2760040441125845,0.2389380530973451,1.2854751137363396,0.3333333333333333,0.3134328358208955,1.8671641791044773,0.257
2026-09-16,Kennesaw State,Conference USA,2026,140,25,0.1300394206984425,0.5,1.1358671054399665,0.8181818181818182,0.2121212121212121,3.1045454545454545,,123,25,-0.017088871082993,0.3495934959349593,1.100274999432472,0.8571428571428571,0.2142857142857142,2.725714285714285,0.106
2026-09-16,Kent State,Mid-American,2026,122,22,0.0419375764785998,0.3524590163934426,1.353213333625812,0.6,0.1969696969696969,3.1166666666666667,,128,24,0.2166310557846445,0.5234375,1.1180399546611994,0.875,0.1,3.803333333333333,0.141
2026-09-16,Kentucky,SEC,2026,128,23,0.0890033049944523,0.4609375,1.1097461479075743,0.6666666666666666,0.1935483870967742,3.109677419354839,,130,21,0.0797991204568392,0.4461538461538462,1.124726469100218,0.7777777777777778,0.1935483870967742,2.6016129032258064,0.208
2026-09-16,Liberty,Conference USA,2026,136,24,-0.1161019510407969,0.3823529411764705,1.2248301758367646,0.6666666666666666,0.141025641025641,2.9346153846153844,,123,22,0.0295082308777663,0.3495934959349593,1.3481465092740088,0.4,0.2698412698412698,2.673015873015873,0.211
2026-09-16,Louisiana,Sun Belt,2026,121,21,0.2872702915830525,0.4876033057851239,1.3131949696088556,0.8571428571428571,0.1884057971014492,3.1449275362318843,,137,21,0.0227366626479739,0.4598540145985401,1.1747564986988903,0.625,0.2205882352941176,2.8529411764705883,0.131
2026-09-16,Louisiana Tech,Sun Belt,2026,116,29,0.0153881373796306,0.3103448275862069,1.6505202743028289,1.0,0.1904761904761904,2.577777777777778,,150,30,-0.1153931444961112,0.34,1.201984888715524,0.6,0.2857142857142857,1.6488095238095235,0.273
2026-09-16,Louisville,ACC,2026,134,26,0.4513246740637537,0.5447761194029851,1.3397742698468325,0.75,0.1643835616438356,3.063013698630137,,142,25,0.1227723968190846,0.3732394366197183,1.2422274876914896,0.5714285714285714,0.1176470588235294,2.5544117647058826,0.148
2026-09-16,LSU,SEC,2026,182,27,0.2058175337268157,0.5,1.2978100595291884,0.625,0.1530612244897959,2.9102040816326533,,106,28,-0.4640494005969776,0.1886792452830188,0.9967369888711708,0.6666666666666666,0.2916666666666667,1.6979166666666667,0.302
2026-09-16,Marshall,Sun Belt,2026,118,25,-0.1170632261688768,0.3644067796610169,1.035413167758098,0.6153846153846154,0.3064516129032258,2.167741935483871,,144,23,0.2992968190495405,0.4722222222222222,1.181015937543059,0.8888888888888888,0.1076923076923077,3.3246153846153845,0.111
2026-09-16,Maryland,Big Ten,2026,158,25,0.3611516175193782,0.5316455696202531,1.2757908671423983,0.6428571428571429,0.1710526315789473,3.5723684210526314,,105,24,-0.2564575897215248,0.2666666666666666,1.2470561585759148,0.6666666666666666,0.2962962962962963,1.4,0.219
2026-09-16,Massachusetts,Mid-American,2026,105,20,0.3734987579677579,0.5047619047619047,1.165695439147868,0.5454545454545454,0.1818181818181818,3.4045454545454543,,134,23,-0.0902538163166447,0.3805970149253731,1.24901703536941,0.75,0.2096774193548387,2.570967741935484,0.157
2026-09-16,Memphis,American Athletic,2026,177,35,0.2350611635254864,0.4350282485875706,1.4482477541338634,0.7142857142857143,0.1844660194174757,3.2854368932038835,,217,35,0.192649272099052,0.4377880184331797,1.3872415249019707,0.8571428571428571,0.1308411214953271,3.4065420560747666,0.147
2026-09-16,Miami,ACC,2026,144,26,0.5489136509830088,0.625,1.3307103400736222,1.0,0.1038961038961039,4.062337662337662,,113,24,-0.0839152601423317,0.3008849557522124,0.9249723221683476,0.5,0.2682926829268293,2.3,0.142
2026-09-16,Miami (OH),Mid-American,2026,115,20,0.2764031655999502,0.4521739130434782,1.281499316052608,1.0,0.1896551724137931,3.1,,123,21,0.1785536741915797,0.4552845528455284,1.2875594636535663,0.5714285714285714,0.25,2.779166666666667,0.098
2026-09-16,Michigan,Big Ten,2026,106,21,0.084462587896415,0.3490566037735849,1.3193032404170044,0.7142857142857143,0.1129032258064516,2.932258064516129,,134,22,-0.0898403883058992,0.3432835820895522,1.0126403276397398,0.6666666666666666,0.1971830985915492,2.907042253521127,0.164
2026-09-16,Michigan State,Big Ten,2026,158,20,0.1426258389428377,0.4556962025316455,1.1343727534949324,0.6428571428571429,0.1666666666666666,3.2444444444444445,,95,19,0.0674856752091822,0.3684210526315789,1.3619623909144192,0.5555555555555556,0.2682926829268293,2.629268292682927,0.232
2026-09-16,Middle Tennessee,Conference USA,2026,120,19,0.2627298867802216,0.4583333333333333,1.1566261463421283,0.75,0.0697674418604651,4.106976744186047,,113,22,0.1179669362138989,0.4336283185840708,1.152405043034228,0.7333333333333333,0.2,2.98,0.142
2026-09-16,Minnesota,Big Ten,2026,138,19,0.1239484333584105,0.4927536231884058,1.0062979745380276,0.6428571428571429,0.25,2.2884615384615383,,115,22,0.1087202792925834,0.391304347826087,1.1374772297950968,0.5454545454545454,0.2876712328767123,2.710958904109589,0.178
2026-09-16,Mississippi State,SEC,2026,148,22,0.5444014212608463,0.581081081081081,1.2894091808295536,0.7,0.1686746987951807,3.792771084337349,,136,22,-0.1004668683090555,0.3308823529411764,1.059757060940559,0.5,0.1568627450980392,2.5823529411764707,0.14
2026-09-16,Missouri,SEC,2026,153,26,0.24529734792988,0.4705882352941176,1.2251672170226928,0.7,0.1785714285714285,3.120238095238096,,121,24,-0.0639320226478284,0.2892561983471074,1.6717351608971178,0.8,0.2166666666666666,2.3666666666666667,0.231
2026-09-16,Missouri State,Conference USA,2026,120,23,0.0668812857775394,0.3666666666666666,1.3335725530755398,0.7692307692307693,0.1733333333333333,2.7746666666666666,,145,23,0.1909938154661411,0.503448275862069,1.0068807445175092,0.9090909090909092,0.1645569620253164,3.469620253164557,0.179
2026-09-16,Navy,American Athletic,2026,136,21,0.3197706471886218,0.5294117647058824,1.205369775240681,1.0,0.102803738317757,3.885046728971963,,122,21,0.1470620016920992,0.3934426229508196,1.3645400299509731,1.0,0.2280701754385964,2.631578947368421,0.148
2026-09-16,NC State,ACC,2026,122,24,0.3125729539037016,0.5245901639344263,1.215048351157467,0.8181818181818182,0.1076923076923077,3.727692307692308,,122,26,0.0012091374092092,0.3852459016393442,1.068971648909871,0.7692307692307693,0.1948051948051948,2.6246753246753247,0.156
2026-09-16,Nebraska,Big Ten,2026,140,21,0.5175659052512254,0.5571428571428572,1.4534374670791137,0.8333333333333334,0.136986301369863,3.82054794520548,,118,23,0.0517344067502091,0.3389830508474576,1.2549763899900523,1.0,0.1451612903225806,3.05,0.212
2026-09-16,Nevada,Mountain West,2026,131,23,0.1253495981030349,0.4427480916030534,1.3284449769173483,0.7857142857142857,0.1666666666666666,3.619230769230769,,149,23,0.0804141153145403,0.4429530201342282,0.9720734947656507,0.6666666666666666,0.2025316455696202,2.9873417721518987,0.148
2026-09-16,New Mexico,Mountain West,2026,144,27,0.2352301586935282,0.4791666666666667,1.1024318664396169,0.9166666666666666,0.1276595744680851,3.401063829787234,,105,27,-0.298944742674818,0.2285714285714285,1.4412726077351177,0.5,0.2,1.6927272727272726,0.305
2026-09-16,New Mexico State,Conference USA,2026,201,34,0.1547919421257269,0.4378109452736318,1.4261327937630708,0.6875,0.1428571428571428,3.207692307692308,,202,35,0.0958815223181676,0.4158415841584158,1.162391545945404,0.8333333333333334,0.2247191011235955,2.953932584269663,0.129
2026-09-16,North Carolina,ACC,2026,113,19,0.2360141771942716,0.5132743362831859,1.0323754501520834,0.6666666666666666,0.1320754716981132,3.826415094339623,,139,19,-0.1212396737477295,0.381294964028777,0.8784887790699076,0.8333333333333334,0.1363636363636363,2.7515151515151515,0.137
2026-09-16,North Dakota State,Mountain West,2026,199,30,0.1779024536014308,0.4321608040201005,1.3082108261820105,0.6923076923076923,0.1864406779661017,2.8686440677966103,,173,31,-0.1642277760509774,0.3815028901734104,0.9781791324953276,0.7142857142857143,0.1470588235294117,2.6372549019607843,0.156
2026-09-16,Northern Illinois,Mountain West,2026,124,26,-0.2402103302415052,0.3306451612903225,0.933563925425936,0.6,0.2280701754385964,2.3789473684210525,,143,24,0.003955245944769,0.4125874125874126,1.150449449041141,0.5454545454545454,0.1690140845070422,3.087323943661972,0.119
2026-09-16,North Texas,American Athletic,2026,138,22,0.1985668326897479,0.3985507246376811,1.4371934204362449,0.5,0.1756756756756756,3.0297297297297296,,119,21,0.1031777351390133,0.4201680672268907,1.1068830125613625,0.75,0.1515151515151515,2.457575757575757,0.151
2026-09-16,Northwestern,Big Ten,2026,55,11,0.4796492784465596,0.509090909090909,1.4850398029259404,1.0,0.1071428571428571,3.95,,90,12,0.0899734155062539,0.4222222222222222,1.0576414342835372,0.7777777777777778,0.131578947368421,3.305263157894737,0.189
2026-09-16,Notre Dame,FBS Independents,2026,130,20,0.3882939958255484,0.5076923076923077,1.17940061549341,0.7272727272727273,0.0793650793650793,2.773015873015873,,108,21,-0.1619857880704867,0.3055555555555556,1.3646248574810422,0.6666666666666666,0.2258064516129032,2.1016129032258064,0.241
2026-09-16,Ohio,Mid-American,2026,139,21,0.0446763435394606,0.3741007194244604,1.1392053618963454,0.9090909090909092,0.1081081081081081,3.2824324324324325,,147,21,0.3286148354133413,0.4897959183673469,1.3428370013336863,0.7692307692307693,0.2093023255813953,3.115116279069768,0.15
2026-09-16,Ohio State,Big Ten,2026,137,23,0.3799475988897337,0.4817518248175182,1.406900457467487,0.7142857142857143,0.1935483870967742,3.117741935483871,,140,24,-0.1122477544900086,0.3642857142857142,1.097576491078469,0.7272727272727273,0.2096774193548387,2.361290322580645,0.186
2026-09-16,Oklahoma,SEC,2026,124,22,0.1156050868468605,0.4516129032258064,1.096833600472846,0.5714285714285714,0.2307692307692307,3.055384615384616,,117,24,-0.2290988755324868,0.3076923076923077,1.248361147173218,0.5,0.2083333333333333,2.1333333333333333,0.239
2026-09-16,Oklahoma State,Big 12,2026,175,27,-0.120539195500783,0.4,1.028802341611288,0.5333333333333333,0.1842105263157894,2.876315789473684,,119,25,0.0479456960149485,0.361344537815126,1.3328402867977789,1.0,0.15,2.945,0.134
2026-09-16,Old Dominion,Sun Belt,2026,106,24,0.033284008907971,0.3773584905660377,1.4024901016608096,0.3333333333333333,0.3181818181818182,1.4106060606060606,,150,22,0.0120509778170255,0.3266666666666666,1.3623687429640408,0.5,0.2857142857142857,2.18961038961039,0.2
2026-09-16,Ole Miss,SEC,2026,140,23,0.2768580376754948,0.5428571428571428,1.142013776353691,0.75,0.1875,3.0375,,129,23,0.1378585757061767,0.4031007751937984,1.2762019335670447,0.6,0.2941176470588235,2.3205882352941174,0.155
2026-09-16,Oregon,Big Ten,2026,125,26,0.0494282179027239,0.384,1.566587410092808,0.8333333333333334,0.1372549019607843,3.2,,154,28,0.0018153496237937,0.4025974025974026,1.0896122279284166,0.7,0.136986301369863,2.9383561643835616,0.123
2026-09-16,Oregon State,Pac-12,2026,145,26,0.11079361771673,0.3517241379310344,1.634882929376421,0.6,0.0789473684210526,2.857894736842105,,151,25,0.2374810550361736,0.4503311258278146,1.2130965561953595,0.8333333333333334,0.1585365853658536,3.0609756097560976,0.172
2026-09-16,Penn State,Big Ten,2026,138,21,0.3222167833457912,0.4782608695652174,1.2465262995318598,0.7692307692307693,0.1125,2.545,,113,21,-0.1350849176813743,0.3539823008849557,1.037253531298312,0.6666666666666666,0.3035714285714285,2.258928571428572,0.177
2026-09-16,Pittsburgh,ACC,2026,149,24,0.1978442895140391,0.4563758389261745,1.2308974355864892,0.5833333333333334,0.2253521126760563,2.636619718309859,,113,24,-0.0814023777817804,0.3008849557522124,1.4902418071661208,0.6666666666666666,0.2368421052631578,1.2605263157894735,0.186
2026-09-16,Purdue,Big Ten,2026,158,20,0.3108941299854006,0.5,1.1304623389649444,0.8,0.16,3.1826666666666665,,117,19,0.2136557537252784,0.4188034188034188,1.51055182193848,0.625,0.2166666666666666,2.5716666666666668,0.179
2026-09-16,Rice,American Athletic,2026,129,21,0.0039268670758448,0.4186046511627907,1.061196296851244,0.6666666666666666,0.1262135922330097,3.3864077669902914,,126,19,0.0841271372543652,0.4365079365079365,1.2114703432849558,0.6,0.1538461538461538,2.795384615384616,0.151
2026-09-16,Rutgers,Big Ten,2026,131,23,-0.0529169384087802,0.4045801526717557,1.469779676521196,0.3846153846153846,0.2372881355932203,2.716949152542373,,129,24,0.1558907367674346,0.4418604651162791,1.1203976295300062,0.75,0.1830985915492957,3.1633802816901406,0.109
2026-09-16,Sacramento State,Mid-American,2026,203,39,-0.0134863061624259,0.4088669950738916,1.1057548738363008,0.7222222222222222,0.2857142857142857,2.4824175824175825,,188,39,0.099234236960133,0.3723404255319149,1.3377447707118555,0.5833333333333334,0.1978021978021978,2.601098901098901,0.144
2026-09-16,Sam Houston,Conference USA,2026,135,23,0.0679276920034877,0.4518518518518518,1.1803148453958008,0.5555555555555556,0.2608695652173913,2.097826086956521,,143,25,0.0801298214744016,0.3286713286713286,1.5889012766547106,0.8,0.2297297297297297,2.918918918918919,0.203
2026-09-16,San Diego State,Pac-12,2026,121,23,-0.0413651342576204,0.3884297520661157,0.9233051483900416,0.6428571428571429,0.2266666666666666,3.1093333333333333,,148,26,0.0071288913535001,0.4256756756756756,0.9192161403297916,0.9,0.0985915492957746,3.511267605633803,0.101
2026-09-16,San José State,Mountain West,2026,213,37,0.1640411560777528,0.4178403755868544,1.2548924396738512,0.7142857142857143,0.196078431372549,3.226470588235294,,218,36,0.0756930654314693,0.4770642201834862,0.9896230258720576,0.9,0.1264367816091954,3.15287356321839,0.133
2026-09-16,SMU,ACC,2026,122,24,0.4587713273473277,0.5573770491803278,1.4281739344272315,0.3333333333333333,0.1886792452830188,2.9660377358490564,,131,26,-0.084622047764168,0.3282442748091603,1.2842625511359242,0.25,0.203125,2.9375,0.183
2026-09-16,South Alabama,Sun Belt,2026,162,21,0.1685310385380529,0.4382716049382716,1.2176774412969205,0.7857142857142857,0.1354166666666666,3.31875,,89,20,0.1632686372144404,0.3820224719101123,1.780175832903859,0.4285714285714285,0.3111111111111111,1.8,0.225
2026-09-16,South Carolina,SEC,2026,142,22,0.438343965195304,0.5915492957746479,1.2175363639723062,0.8333333333333334,0.0759493670886076,4.2025316455696204,,115,24,-0.0912429090065903,0.2695652173913043,1.4126566341430444,0.4,0.2448979591836734,2.091836734693877,0.139
2026-09-16,Southern Miss,Sun Belt,2026,145,23,0.1077642500321461,0.4896551724137931,1.006474011399464,0.8125,0.0769230769230769,3.7,,146,24,0.0608395926001343,0.3904109589041096,1.2299504868649154,0.7142857142857143,0.2023809523809523,3.2,0.137
2026-09-16,South Florida,American Athletic,2026,114,19,0.140587628627423,0.4736842105263157,1.0043796944285208,0.8571428571428571,0.2258064516129032,2.629032258064516,,140,19,-0.0058834549887592,0.4428571428571428,0.8079743699415228,0.7272727272727273,0.1866666666666666,3.045333333333333,0.136
2026-09-16,Stanford,ACC,2026,139,24,0.1652871164707423,0.39568345323741,1.1457214486158334,0.8571428571428571,0.1694915254237288,2.886440677966102,,145,25,0.2445848493510773,0.4482758620689655,1.3156744634857456,1.0,0.1509433962264151,2.922641509433962,0.124
2026-09-16,Syracuse,ACC,2026,165,26,0.0906180348680751,0.4181818181818181,1.3627569146430043,0.9285714285714286,0.1780821917808219,2.9397260273972603,,123,26,-0.25379058887179,0.3089430894308943,1.00832564007365,0.75,0.2727272727272727,1.8909090909090909,0.203
2026-09-16,TCU,Big 12,2026,143,24,0.2720895473907548,0.5104895104895105,1.1928228045964784,0.8181818181818182,0.1388888888888889,3.498611111111111,,112,24,-0.1211075290029854,0.3392857142857143,0.9668444329735346,0.0,0.2452830188679245,2.3358490566037737,0.232
2026-09-16,Temple,American Athletic,2026,121,19,0.1307173983832129,0.4380165289256198,1.1366621926292704,0.8333333333333334,0.2,3.041333333333333,,126,21,0.0889743629266326,0.4126984126984127,1.1673451255258795,0.7272727272727273,0.171875,2.05,0.143
2026-09-16,Tennessee,SEC,2026,143,24,0.3663306591413124,0.5104895104895105,1.3176765686521934,0.8181818181818182,0.1222222222222222,3.716666666666667,,132,25,-0.133299706225414,0.3636363636363636,1.0633150711559851,0.6,0.1785714285714285,3.5125,0.242
2026-09-16,Texas,SEC,2026,148,20,0.2502956329255999,0.4932432432432432,1.2917938180626174,0.75,0.2133333333333333,2.7826666666666666,,137,22,0.0500001383555945,0.4014598540145985,1.2231481170189105,0.625,0.2058823529411764,2.738235294117647,0.175
2026-09-16,Texas A&M,SEC,2026,151,25,0.2030153911456549,0.4966887417218543,1.0605418819511832,1.0,0.1481481481481481,3.208641975308642,,105,25,-0.3670736849201523,0.2761904761904762,1.1434497655113145,0.5,0.25,2.2442307692307693,0.248
2026-09-16,Texas State,Pac-12,2026,153,23,0.0713341660498197,0.4444444444444444,1.0653942023826526,0.7142857142857143,0.1348314606741573,3.2168539325842698,,144,20,0.3408355282669275,0.4791666666666667,1.3393729023888383,0.7,0.2424242424242424,2.6712121212121214,0.139
2026-09-16,Texas Tech,Big 12,2026,151,25,0.2360331407314352,0.4503311258278146,1.1224683496118188,0.7857142857142857,0.1604938271604938,3.064197530864197,,134,24,-0.0118944667262356,0.2835820895522388,1.7023564913908251,0.6666666666666666,0.1627906976744186,2.858139534883721,0.187
2026-09-16,Toledo,Mid-American,2026,118,23,0.2392459064623018,0.3898305084745763,1.849592332283392,0.5,0.2698412698412698,2.6333333333333333,,147,25,-0.1315716972417298,0.2993197278911564,1.159274640459017,0.3333333333333333,0.2253521126760563,2.5422535211267605,0.15
2026-09-16,Troy,Sun Belt,2026,139,27,0.1832232611952875,0.3669064748201439,1.5275409306952863,0.4545454545454545,0.2337662337662337,2.918181818181818,,131,25,-0.0730903667233353,0.366412213740458,1.258450956311019,0.6666666666666666,0.3518518518518518,1.4537037037037035,0.237
2026-09-16,Tulane,American Athletic,2026,107,22,0.1056401778804695,0.3364485981308411,1.4986254812812283,0.75,0.2307692307692307,2.4134615384615383,,152,23,0.0601189810986732,0.375,1.2544088524193848,0.8333333333333334,0.1590909090909091,3.1545454545454543,0.105
2026-09-16,Tulsa,American Athletic,2026,132,23,0.0855581218000294,0.3636363636363636,1.304618216522995,1.0,0.1617647058823529,2.988235294117647,,153,23,-0.0881200979720485,0.392156862745098,1.018737931677684,0.5384615384615384,0.1935483870967742,2.6048387096774195,0.15
2026-09-16,UAB,American Athletic,2026,148,17,0.125179646090532,0.4662162162162162,1.126405942245425,0.8333333333333334,0.1382978723404255,3.4340425531914893,,107,18,0.0832941743484347,0.4953271028037383,1.0527084819556491,0.5454545454545454,0.1515151515151515,3.351515151515152,0.112
2026-09-16,UCF,Big 12,2026,116,25,0.1461303427358404,0.4310344827586206,1.4198403210291637,0.6,0.1607142857142857,3.0107142857142857,,134,27,-0.099013594878991,0.291044776119403,1.1114470879006333,0.6666666666666666,0.2784810126582278,2.062025316455696,0.164
2026-09-16,UCLA,Big Ten,2026,120,26,0.2414210711755224,0.4916666666666666,1.1737632639003537,1.0,0.0704225352112676,4.164788732394366,,146,25,-0.1287180100332439,0.3219178082191781,1.2133801014622048,0.8333333333333334,0.2162162162162162,2.8027027027027027,0.192
2026-09-16,UConn,FBS Independents,2026,127,25,0.2841507501072622,0.4251968503937008,1.549718549984598,0.6666666666666666,0.2058823529411764,2.877941176470588,,151,25,0.0468040277609356,0.3774834437086092,1.1704590494412488,0.5454545454545454,0.21875,2.5328125,0.152
2026-09-16,UL Monroe,Sun Belt,2026,134,23,-0.1274140857526506,0.3656716417910448,0.8989095633271335,0.4545454545454545,0.1025641025641025,3.2371794871794872,,148,22,0.3914827680226134,0.5472972972972973,1.2758591261242125,0.9090909090909092,0.1411764705882353,3.834117647058824,0.128
2026-09-16,UNLV,Mountain West,2026,218,37,-0.0524893094452806,0.3532110091743119,1.1623632231536607,0.6875,0.1504424778761062,3.023008849557522,,206,35,0.1471056400027092,0.4126213592233009,1.1832290095991715,0.7777777777777778,0.1515151515151515,3.576767676767677,0.15
2026-09-16,USC,Big Ten,2026,221,30,0.3050545251396018,0.5701357466063348,1.097506176595752,0.7894736842105263,0.1779661016949152,3.2491525423728813,,155,30,0.0830802123434739,0.3677419354838709,1.3280287170782532,0.75,0.2207792207792207,2.433766233766234,0.135
2026-09-16,Utah,Big 12,2026,140,24,0.4085654273644835,0.5428571428571428,1.3590442825949345,0.7272727272727273,0.1707317073170731,3.818292682926829,,141,24,-0.0180149078203742,0.3262411347517731,1.4369604703869312,0.8,0.1666666666666666,2.598148148148148,0.206
2026-09-16,Utah State,Pac-12,2026,147,24,-0.125510359104815,0.3809523809523809,1.3459850217275189,0.1666666666666666,0.2753623188405797,2.9695652173913043,,142,25,0.0329839591211641,0.3873239436619718,0.9975056067009984,0.6363636363636364,0.2203389830508474,2.4067796610169494,0.099
2026-09-16,UTEP,Mountain West,2026,114,25,-0.134943446773656,0.4298245614035088,1.1795692615247384,0.4,0.2537313432835821,2.6373134328358208,,124,24,0.1797364798378444,0.4112903225806452,1.21273847936996,0.5833333333333334,0.2666666666666666,2.614666666666667,0.153
2026-09-16,UTSA,American Athletic,2026,134,23,0.3410086014875794,0.5373134328358209,1.0961411603228002,0.8,0.15,3.28,,162,25,-0.0122308165351195,0.4259259259259259,1.0332895004531055,0.5,0.1204819277108433,3.455421686746988,0.136
2026-09-16,Vanderbilt,SEC,2026,135,22,0.0770759026769088,0.4222222222222222,1.0785680522088028,0.875,0.1506849315068493,2.9712328767123286,,116,23,-0.1188975264171307,0.3275862068965517,1.3261548666811334,0.7777777777777778,0.24,2.43,0.259
2026-09-16,Virginia,ACC,2026,135,24,0.3363360115956449,0.5407407407407407,1.133641635334511,0.8666666666666667,0.1612903225806451,3.4172043010752686,,117,25,-0.3674973969331185,0.3162393162393162,0.6429044390651262,0.7142857142857143,0.2156862745098039,2.4823529411764707,0.248
2026-09-16,Virginia Tech,ACC,2026,163,25,0.3246569715301723,0.4969325153374233,1.2420419780551708,0.7,0.175,3.12625,,106,27,-0.2548073061433593,0.1981132075471698,1.6993340374331178,0.3333333333333333,0.5230769230769231,-0.4061538461538461,0.387
2026-09-16,Wake Forest,ACC,2026,137,20,0.4168473428540545,0.4744525547445255,1.3477531823845286,0.6666666666666666,0.1408450704225352,3.1169014084507043,,154,21,0.1471432253349311,0.5,0.9222951986550348,0.6,0.2285714285714285,2.857142857142857,0.143
2026-09-16,Washington,Big Ten,2026,141,24,0.0383845337142971,0.4397163120567376,0.994167021990533,0.5714285714285714,0.2542372881355932,2.649152542372881,,115,23,-0.1970220490833837,0.3130434782608696,1.346076863245751,0.0,0.3703703703703703,2.509259259259259,0.278
2026-09-16,Washington State,Pac-12,2026,109,22,-0.2204002283275828,0.2844036697247706,1.0891204891875983,0.0,0.2321428571428571,2.7767857142857144,,140,24,0.0930001435211628,0.4642857142857143,1.226918406593459,0.6,0.1764705882352941,3.1205882352941177,0.1
2026-09-16,Western Kentucky,Conference USA,2026,158,28,-0.0666697027112332,0.360759493670886,1.1031430607162849,0.6,0.2236842105263158,2.728947368421053,,121,27,0.5273760342953311,0.5041322314049587,1.6223388487633628,0.9,0.1710526315789473,3.5907894736842105,0.107
2026-09-16,Western Michigan,Mid-American,2026,128,24,0.1798153005934974,0.3984375,1.2124813230554417,0.7272727272727273,0.16,2.8666666666666667,,140,22,-0.0200984117118512,0.45,0.96082370279726,0.6875,0.1492537313432835,2.962686567164179,0.143
2026-09-16,West Virginia,Big 12,2026,140,26,0.2732145325843711,0.4785714285714286,1.1936925918671564,0.8461538461538461,0.1261261261261261,3.1585585585585587,,138,24,-0.0361489007794655,0.4130434782608695,1.207286883972729,0.5714285714285714,0.3,2.3,0.217
2026-09-16,Wisconsin,Big Ten,2026,117,20,0.0972845578595492,0.3846153846153846,1.4262012820270968,0.625,0.1666666666666666,2.873333333333333,,127,20,0.1416487925311263,0.4173228346456692,0.9995894298541818,0.75,0.0714285714285714,3.0585714285714287,0.102
2026-09-16,Wyoming,Mountain West,2026,117,23,-0.0028277350688493,0.4188034188034188,0.8959098386901093,1.0,0.1791044776119403,3.238805970149253,,130,22,0.0648907555886648,0.4230769230769231,1.172048736832227,1.0,0.1818181818181818,2.793939393939394,0.154
2026-09-17,Air Force,Mountain West,2026,147,19,0.3168724868895267,0.5238095238095238,0.9836879949098816,1.0,0.0578512396694214,4.0239669421487605,,106,20,-0.0790044128664969,0.3113207547169811,1.5288427794559412,0.8,0.2280701754385964,2.526315789473684,0.142
2026-09-17,Akron,Mid-American,2026,141,22,0.1576861186861234,0.524822695035461,0.9553972675038448,0.7142857142857143,0.1323529411764706,3.85,,119,22,0.1598294917273902,0.361344537815126,1.5062647956317663,0.7142857142857143,0.2692307692307692,2.175,0.168
2026-09-17,Alabama,SEC,2026,143,23,0.1923818408232353,0.5034965034965035,1.1057735881546875,0.7272727272727273,0.1785714285714285,3.1476190476190475,,108,24,-0.2874867496232187,0.287037037037037,1.1316133221653442,0.4,0.2708333333333333,1.2354166666666666,0.204
2026-09-17,App State,Sun Belt,2026,147,23,0.3906247499138722,0.5170068027210885,1.2754065166484962,0.8333333333333334,0.2,2.87625,,134,24,0.0816137293730369,0.4104477611940298,1.1852737956938326,0.6666666666666666,0.2333333333333333,2.788333333333333,0.194
2026-09-17,Arizona,Big 12,2026,137,23,0.135802341014586,0.5182481751824818,0.9553421091947132,0.9090909090909092,0.0983606557377049,3.804918032786885,,111,22,0.0356799842903723,0.3513513513513513,1.3875185132111152,1.0,0.2444444444444444,2.8266666666666667,0.18
2026-09-17,Arizona State,Big 12,2026,135,26,0.1879252063943186,0.4666666666666667,1.4678876754625696,0.9,0.1875,2.953125,,114,25,-0.0545554602775555,0.3421052631578947,1.0129971750114235,0.75,0.1607142857142857,2.517857142857143,0.14
2026-09-17,Arkansas,SEC,2026,163,24,0.0272616532025924,0.4233128834355828,1.1170369441790664,0.75,0.1857142857142857,2.732857142857143,,108,24,0.1347806692878385,0.4074074074074074,1.273058299449057,0.7142857142857143,0.2307692307692307,2.8173076923076925,0.157
2026-09-17,Arkansas State,Sun Belt,2026,118,20,0.2677348692051451,0.559322033898305,1.1459291087845072,0.7857142857142857,0.123076923076923,3.666153846153846,,122,23,0.1840622775567135,0.4426229508196721,1.3669975298661934,0.75,0.1126760563380281,3.388732394366197,0.139
2026-09-17,Army,American Athletic,2026,136,21,0.4233058887319205,0.5882352941176471,1.023133708359731,0.9090909090909092,0.1018518518518518,4.018518518518518,,110,21,0.1123930409096023,0.4181818181818181,1.1406168896883957,0.8,0.2222222222222222,2.7444444444444445,0.155
2026-09-17,Auburn,SEC,2026,160,24,0.1350601071202175,0.45625,1.1762728788342502,0.7777777777777778,0.1666666666666666,3.4654761904761906,,161,24,-0.0938026930155785,0.3726708074534161,1.0994859841769764,0.5,0.1875,2.3328125,0.193
2026-09-17,Ball State,Mid-American,2026,132,26,-0.0165475090918305,0.3106060606060606,1.4686103990600792,0.6666666666666666,0.2407407407407407,2.2203703703703703,,138,24,0.3064487375002761,0.4710144927536231,1.40546812277467,0.8571428571428571,0.2033898305084746,3.1559322033898307,0.145
2026-09-17,Baylor,Big 12,2026,186,27,0.1129098582081574,0.4354838709677419,1.2376620302097634,0.6,0.1547619047619047,3.1666666666666665,,131,26,-0.1673171265798204,0.2671755725190839,1.287063470738749,0.6666666666666666,0.2631578947368421,2.285964912280702,0.214
2026-09-17,Boise State,Pac-12,2026,143,23,0.266399529110338,0.4335664335664335,1.274491848026884,0.875,0.1125,3.545,,117,24,0.1017919549297001,0.3931623931623931,1.7729801802597571,0.6666666666666666,0.2978723404255319,2.476595744680852,0.197
2026-09-17,Boston College,ACC,2026,137,23,-0.0296494496033857,0.3795620437956204,1.2850016083291318,1.0,0.1969696969696969,3.0454545454545454,,130,23,0.0712578374372898,0.4,1.3266879736186803,0.5,0.1566265060240964,3.351807228915663,0.154
2026-09-17,Bowling Green,Mid-American,2026,116,21,-0.0419415928925813,0.3620689655172414,0.9568633361381188,0.6666666666666666,0.208955223880597,2.491044776119403,,125,20,0.3277188774321643,0.504,1.379556003194474,0.6666666666666666,0.1846153846153846,3.4615384615384617,0.072
2026-09-17,Buffalo,Mid-American,2026,153,28,0.0688000492594795,0.326797385620915,1.3682648307042922,1.0,0.2241379310344827,2.406896551724138,,152,28,0.0286543584092586,0.3486842105263157,1.2916147778515,0.8,0.2205882352941176,2.677941176470588,0.171
2026-09-17,BYU,Big 12,2026,128,22,0.5050841780417508,0.59375,1.145295729412896,0.8888888888888888,0.0945945945945946,4.075675675675676,,120,22,-0.0845017673137549,0.3666666666666666,1.1347196556610346,0.8571428571428571,0.2115384615384615,2.375,0.158
2026-09-17,California,ACC,2026,149,26,-0.0808214238504401,0.3422818791946309,1.3277706209817297,0.7142857142857143,0.25,2.4140625,,140,27,0.0680250301071306,0.4142857142857143,1.3407269201878411,1.0,0.1290322580645161,3.446774193548387,0.15
2026-09-17,Central Michigan,Mid-American,2026,112,22,-0.1256244794203912,0.3035714285714285,1.2574978566932482,0.875,0.1014492753623188,3.108695652173913,,135,21,0.0645138542075979,0.437037037037037,0.9057096960156528,1.0,0.1506849315068493,3.102739726027397,0.141
2026-09-17,Charlotte,American Athletic,2026,139,23,0.1096877225836496,0.4172661870503597,1.3048280000711567,0.5,0.25,2.9359375,,125,23,0.3563215883954375,0.56,1.168448348521541,0.9285714285714286,0.2253521126760563,3.222535211267606,0.12
2026-09-17,Cincinnati,Big 12,2026,142,23,0.4287542479500776,0.528169014084507,1.2301502062163543,0.8571428571428571,0.0869565217391304,4.093478260869565,,131,23,-0.020274166991414,0.3893129770992366,1.1912608272935616,0.75,0.2363636363636363,2.9909090909090907,0.183
2026-09-17,Clemson,ACC,2026,127,29,-0.187053815183755,0.2913385826771653,0.981531881260497,0.6,0.3389830508474576,2.238983050847457,,161,26,0.1795888733506845,0.422360248447205,1.3364841405947374,0.7272727272727273,0.1095890410958904,3.3438356164383563,0.155
2026-09-17,Coastal Carolina,Sun Belt,2026,135,27,0.2042925244908535,0.4518518518518518,1.325197095526809,0.625,0.21875,3.334375,,134,28,-0.0118711875821386,0.3880597014925373,0.9869719373350112,0.75,0.146067415730337,2.8662921348314607,0.172
2026-09-17,Colorado,Big 12,2026,151,24,0.2555961011969566,0.4172185430463576,1.3777550783764778,0.9,0.1219512195121951,3.1390243902439026,,134,24,-0.0639601272461802,0.3432835820895522,1.3968928161860514,0.3333333333333333,0.3888888888888889,2.4,0.254
2026-09-17,Colorado State,Pac-12,2026,137,26,0.3945282894044396,0.4890510948905109,1.5102312020802011,0.9,0.234375,2.578125,,121,25,-0.0649478881821947,0.3801652892561983,1.0956779944706343,0.6666666666666666,0.1408450704225352,3.22112676056338,0.273
2026-09-17,Delaware,Conference USA,2026,141,28,0.0842242921527009,0.3971631205673759,1.449182058605098,0.6,0.2542372881355932,2.3983050847457625,,144,28,-0.1511994958469578,0.3125,1.2358513394279544,0.8,0.2068965517241379,2.282758620689655,0.188
2026-09-17,Duke,ACC,2026,135,22,0.0971002378932878,0.362962962962963,1.237928846463279,0.7142857142857143,0.2142857142857142,2.9095238095238094,,125,21,-0.0251186964537824,0.408,0.9843421861093068,0.7142857142857143,0.0909090909090909,2.923636363636364,0.144
2026-09-17,East Carolina,American Athletic,2026,114,25,0.1099582195243851,0.3947368421052631,1.231797520854903,0.6666666666666666,0.2452830188679245,2.371698113207547,,153,24,0.2068942194566984,0.457516339869281,1.223214237815241,0.7142857142857143,0.2247191011235955,2.7662921348314606,0.124
2026-09-17,Eastern Michigan,Mid-American,2026,192,37,-0.0301709585158481,0.375,1.085440572919383,0.8125,0.1688311688311688,2.8181818181818183,,215,38,0.0920605021217898,0.4093023255813953,1.253569042774504,0.7647058823529411,0.2127659574468085,2.9382978723404256,0.191
2026-09-17,Florida,SEC,2026,131,22,0.503300118145704,0.5419847328244275,1.3730229556476083,1.0,0.0857142857142857,3.5085714285714285,,159,26,-0.1857093179760124,0.3333333333333333,1.1043810135770198,0.6666666666666666,0.1186440677966101,2.672881355932204,0.233
2026-09-17,Florida Atlantic,American Athletic,2026,172,24,0.0855727551307359,0.4244186046511627,1.1542662089271607,0.9090909090909092,0.1842105263157894,2.506578947368421,,125,23,0.3739127473785921,0.472,1.5780936478404288,1.0,0.1486486486486486,3.245945945945946,0.16
2026-09-17,Florida International,Conference USA,2026,156,24,-0.0028031544189282,0.391025641025641,1.1492281235386823,0.6923076923076923,0.203125,2.75,,128,22,-0.0449602235125628,0.328125,1.1153609295010591,0.8,0.2580645161290322,1.982258064516129,0.172
2026-09-17,Florida State,ACC,2026,134,22,0.2041981306396151,0.4104477611940298,1.3738286847147458,0.5,0.1392405063291139,3.3063291139240505,,134,21,0.23409225215135,0.4477611940298507,1.420966285728235,0.8333333333333334,0.1176470588235294,3.1549019607843136,0.157
2026-09-17,Fresno State,Pac-12,2026,110,21,0.0859821480957696,0.3727272727272727,1.3500903325919285,0.4285714285714285,0.2456140350877192,2.524561403508772,,136,21,0.0224727252079994,0.4705882352941176,1.0596533979596976,0.6666666666666666,0.2777777777777778,2.708333333333333,0.118
2026-09-17,Georgia,SEC,2026,123,27,0.6411901102917171,0.6016260162601627,1.4336402018226513,1.0,0.1147540983606557,4.119672131147541,,133,28,-0.1617840856909806,0.2857142857142857,1.2165006262434912,0.4,0.296875,1.93125,0.195
2026-09-17,Georgia Southern,Sun Belt,2026,145,27,0.0586021891492423,0.3655172413793103,1.2246915703732584,0.5,0.1489361702127659,3.1319148936170214,,140,29,-0.1953851267707166,0.2571428571428571,1.1628548379468289,0.75,0.3492063492063492,1.7142857142857142,0.271
2026-09-17,Georgia State,Sun Belt,2026,141,23,0.3830140743836993,0.5460992907801419,1.131271493549282,0.8181818181818182,0.1309523809523809,3.710714285714286,,113,23,-0.0190748999974009,0.3451327433628318,1.2156387691318562,1.0,0.2666666666666666,2.8,0.168
2026-09-17,Georgia Tech,ACC,2026,126,20,-0.0061808484398078,0.4206349206349206,1.0854468425040311,0.6666666666666666,0.2592592592592592,2.9851851851851854,,146,21,0.1404522994766487,0.4041095890410959,1.2473707813431243,0.9,0.1222222222222222,3.1844444444444444,0.151
2026-09-17,Hawai'i,Mountain West,2026,230,37,0.032940963609442,0.3739130434782609,1.1626258762976511,0.8,0.1842105263157894,3.098684210526316,,205,37,0.1296644642024741,0.4341463414634146,1.2594556887364166,0.6875,0.1261261261261261,3.28018018018018,0.146
2026-09-17,Houston,Big 12,2026,139,23,0.5086322930089994,0.6115107913669064,1.1881458019412137,0.9411764705882352,0.0823529411764705,4.155294117647059,,118,24,-0.0798564380460941,0.3050847457627119,1.3508256488893162,0.4,0.2790697674418604,1.3325581395348838,0.254
2026-09-17,Illinois,Big Ten,2026,114,17,0.2124029547040394,0.5175438596491229,1.202896905371677,0.6363636363636364,0.1379310344827586,2.93448275862069,,136,17,0.2497294616119733,0.4411764705882353,1.282464599974784,0.6923076923076923,0.1851851851851851,3.0246913580246915,0.125
2026-09-17,Indiana,Big Ten,2026,108,20,0.5826354535033924,0.5370370370370371,1.5716878414761073,0.7777777777777778,0.1216216216216216,3.413513513513513,,118,22,-0.1447228374943157,0.2796610169491525,1.5187942275986206,0.3333333333333333,0.2166666666666666,2.44,0.203
2026-09-17,Iowa,Big Ten,2026,139,24,0.0016189629623103,0.4028776978417266,1.1033428121941584,0.4285714285714285,0.1940298507462686,3.1,,113,27,-0.1812106771568968,0.2300884955752212,1.2105292522630695,0.6666666666666666,0.2033898305084746,2.2847457627118644,0.177
2026-09-17,Iowa State,Big 12,2026,103,24,0.1542133120949058,0.3203883495145631,1.4484541702459348,0.5,0.171875,2.646875,,129,24,-0.1517244627149505,0.3255813953488372,1.121317699632547,0.6,0.1571428571428571,2.435714285714285,0.171
2026-09-17,Jacksonville State,Conference USA,2026,189,30,0.1672764553474056,0.4708994708994709,1.2159433070054495,0.7647058823529411,0.203883495145631,2.82621359223301,,193,29,0.0159606914377543,0.4041450777202072,1.0715568388992387,0.75,0.1693548387096774,2.949193548387097,0.141
2026-09-17,James Madison,Sun Belt,2026,113,21,0.479539448169209,0.5398230088495575,1.3269502984625527,0.6666666666666666,0.171875,3.44375,,140,25,-0.2757064750034476,0.2571428571428571,1.277789131183439,0.8571428571428571,0.2207792207792207,1.8987012987012988,0.143
2026-09-17,Kansas,Big 12,2026,145,23,0.2338262741156263,0.4551724137931034,1.4481149394863586,0.625,0.0843373493975903,3.1710843373493978,,128,25,0.0035854578754268,0.3046875,1.2628360942721588,1.0,0.2714285714285714,2.0385714285714287,0.219
2026-09-17,Kansas State,Big 12,2026,148,24,0.3345188267214266,0.5540540540540541,1.2937161276781035,0.8333333333333334,0.119047619047619,3.592857142857143,,113,25,-0.2760040441125845,0.2389380530973451,1.2854751137363396,0.3333333333333333,0.3134328358208955,1.8671641791044773,0.257
2026-09-17,Kennesaw State,Conference USA,2026,140,25,0.1300394206984425,0.5,1.1358671054399665,0.8181818181818182,0.2121212121212121,3.1045454545454545,,123,25,-0.017088871082993,0.3495934959349593,1.100274999432472,0.8571428571428571,0.2142857142857142,2.725714285714285,0.106
2026-09-17,Kent State,Mid-American,2026,122,22,0.0419375764785998,0.3524590163934426,1.353213333625812,0.6,0.1969696969696969,3.1166666666666667,,128,24,0.2166310557846445,0.5234375,1.1180399546611994,0.875,0.1,3.803333333333333,0.141
2026-09-17,Kentucky,SEC,2026,128,23,0.0890033049944523,0.4609375,1.1097461479075743,0.6666666666666666,0.1935483870967742,3.109677419354839,,130,21,0.0797991204568392,0.4461538461538462,1.124726469100218,0.7777777777777778,0.1935483870967742,2.6016129032258064,0.208
2026-09-17,Liberty,Conference USA,2026,136,24,-0.1161019510407969,0.3823529411764705,1.2248301758367646,0.6666666666666666,0.141025641025641,2.9346153846153844,,123,22,0.0295082308777663,0.3495934959349593,1.3481465092740088,0.4,0.2698412698412698,2.673015873015873,0.211
2026-09-17,Louisiana,Sun Belt,2026,121,21,0.2872702915830525,0.4876033057851239,1.3131949696088556,0.8571428571428571,0.1884057971014492,3.1449275362318843,,137,21,0.0227366626479739,0.4598540145985401,1.1747564986988903,0.625,0.2205882352941176,2.8529411764705883,0.131
2026-09-17,Louisiana Tech,Sun Belt,2026,116,29,0.0153881373796306,0.3103448275862069,1.6505202743028289,1.0,0.1904761904761904,2.577777777777778,,150,30,-0.1153931444961112,0.34,1.201984888715524,0.6,0.2857142857142857,1.6488095238095235,0.273
2026-09-17,Louisville,ACC,2026,134,26,0.4513246740637537,0.5447761194029851,1.3397742698468325,0.75,0.1643835616438356,3.063013698630137,,142,25,0.1227723968190846,0.3732394366197183,1.2422274876914896,0.5714285714285714,0.1176470588235294,2.5544117647058826,0.148
2026-09-17,LSU,SEC,2026,182,27,0.2058175337268157,0.5,1.2978100595291884,0.625,0.1530612244897959,2.9102040816326533,,106,28,-0.4640494005969776,0.1886792452830188,0.9967369888711708,0.6666666666666666,0.2916666666666667,1.6979166666666667,0.302
2026-09-17,Marshall,Sun Belt,2026,118,25,-0.1170632261688768,0.3644067796610169,1.035413167758098,0.6153846153846154,0.3064516129032258,2.167741935483871,,144,23,0.2992968190495405,0.4722222222222222,1.181015937543059,0.8888888888888888,0.1076923076923077,3.3246153846153845,0.111
2026-09-17,Maryland,Big Ten,2026,158,25,0.3611516175193782,0.5316455696202531,1.2757908671423983,0.6428571428571429,0.1710526315789473,3.5723684210526314,,105,24,-0.2564575897215248,0.2666666666666666,1.2470561585759148,0.6666666666666666,0.2962962962962963,1.4,0.219
2026-09-17,Massachusetts,Mid-American,2026,105,20,0.3734987579677579,0.5047619047619047,1.165695439147868,0.5454545454545454,0.1818181818181818,3.4045454545454543,,134,23,-0.0902538163166447,0.3805970149253731,1.24901703536941,0.75,0.2096774193548387,2.570967741935484,0.157
2026-09-17,Memphis,American Athletic,2026,177,35,0.2350611635254864,0.4350282485875706,1.4482477541338634,0.7142857142857143,0.1844660194174757,3.2854368932038835,,217,35,0.192649272099052,0.4377880184331797,1.3872415249019707,0.8571428571428571,0.1308411214953271,3.4065420560747666,0.147
2026-09-17,Miami,ACC,2026,144,26,0.5489136509830088,0.625,1.3307103400736222,1.0,0.1038961038961039,4.062337662337662,,113,24,-0.0839152601423317,0.3008849557522124,0.9249723221683476,0.5,0.2682926829268293,2.3,0.142
2026-09-17,Miami (OH),Mid-American,2026,115,20,0.2764031655999502,0.4521739130434782,1.281499316052608,1.0,0.1896551724137931,3.1,,123,21,0.1785536741915797,0.4552845528455284,1.2875594636535663,0.5714285714285714,0.25,2.779166666666667,0.098
2026-09-17,Michigan,Big Ten,2026,106,21,0.084462587896415,0.3490566037735849,1.3193032404170044,0.7142857142857143,0.1129032258064516,2.932258064516129,,134,22,-0.0898403883058992,0.3432835820895522,1.0126403276397398,0.6666666666666666,0.1971830985915492,2.907042253521127,0.164
2026-09-17,Michigan State,Big Ten,2026,158,20,0.1426258389428377,0.4556962025316455,1.1343727534949324,0.6428571428571429,0.1666666666666666,3.2444444444444445,,95,19,0.0674856752091822,0.3684210526315789,1.3619623909144192,0.5555555555555556,0.2682926829268293,2.629268292682927,0.232
2026-09-17,Middle Tennessee,Conference USA,2026,120,19,0.2627298867802216,0.4583333333333333,1.1566261463421283,0.75,0.0697674418604651,4.106976744186047,,113,22,0.1179669362138989,0.4336283185840708,1.152405043034228,0.7333333333333333,0.2,2.98,0.142
2026-09-17,Minnesota,Big Ten,2026,138,19,0.1239484333584105,0.4927536231884058,1.0062979745380276,0.6428571428571429,0.25,2.2884615384615383,,115,22,0.1087202792925834,0.391304347826087,1.1374772297950968,0.5454545454545454,0.2876712328767123,2.710958904109589,0.178
2026-09-17,Mississippi State,SEC,2026,148,22,0.5444014212608463,0.581081081081081,1.2894091808295536,0.7,0.1686746987951807,3.792771084337349,,136,22,-0.1004668683090555,0.3308823529411764,1.059757060940559,0.5,0.1568627450980392,2.5823529411764707,0.14
2026-09-17,Missouri,SEC,2026,153,26,0.24529734792988,0.4705882352941176,1.2251672170226928,0.7,0.1785714285714285,3.120238095238096,,121,24,-0.0639320226478284,0.2892561983471074,1.6717351608971178,0.8,0.2166666666666666,2.3666666666666667,0.231
2026-09-17,Missouri State,Conference USA,2026,120,23,0.0668812857775394,0.3666666666666666,1.3335725530755398,0.7692307692307693,0.1733333333333333,2.7746666666666666,,145,23,0.1909938154661411,0.503448275862069,1.0068807445175092,0.9090909090909092,0.1645569620253164,3.469620253164557,0.179
2026-09-17,Navy,American Athletic,2026,136,21,0.3197706471886218,0.5294117647058824,1.205369775240681,1.0,0.102803738317757,3.885046728971963,,122,21,0.1470620016920992,0.3934426229508196,1.3645400299509731,1.0,0.2280701754385964,2.631578947368421,0.148
2026-09-17,NC State,ACC,2026,122,24,0.3125729539037016,0.5245901639344263,1.215048351157467,0.8181818181818182,0.1076923076923077,3.727692307692308,,122,26,0.0012091374092092,0.3852459016393442,1.068971648909871,0.7692307692307693,0.1948051948051948,2.6246753246753247,0.156
2026-09-17,Nebraska,Big Ten,2026,140,21,0.5175659052512254,0.5571428571428572,1.4534374670791137,0.8333333333333334,0.136986301369863,3.82054794520548,,118,23,0.0517344067502091,0.3389830508474576,1.2549763899900523,1.0,0.1451612903225806,3.05,0.212
2026-09-17,Nevada,Mountain West,2026,131,23,0.1253495981030349,0.4427480916030534,1.3284449769173483,0.7857142857142857,0.1666666666666666,3.619230769230769,,149,23,0.0804141153145403,0.4429530201342282,0.9720734947656507,0.6666666666666666,0.2025316455696202,2.9873417721518987,0.148
2026-09-17,New Mexico,Mountain West,2026,144,27,0.2352301586935282,0.4791666666666667,1.1024318664396169,0.9166666666666666,0.1276595744680851,3.401063829787234,,105,27,-0.298944742674818,0.2285714285714285,1.4412726077351177,0.5,0.2,1.6927272727272726,0.305
2026-09-17,New Mexico State,Conference USA,2026,201,34,0.1547919421257269,0.4378109452736318,1.4261327937630708,0.6875,0.1428571428571428,3.207692307692308,,202,35,0.0958815223181676,0.4158415841584158,1.162391545945404,0.8333333333333334,0.2247191011235955,2.953932584269663,0.129
2026-09-17,North Carolina,ACC,2026,113,19,0.2360141771942716,0.5132743362831859,1.0323754501520834,0.6666666666666666,0.1320754716981132,3.826415094339623,,139,19,-0.1212396737477295,0.381294964028777,0.8784887790699076,0.8333333333333334,0.1363636363636363,2.7515151515151515,0.137
2026-09-17,North Dakota State,Mountain West,2026,199,30,0.1779024536014308,0.4321608040201005,1.3082108261820105,0.6923076923076923,0.1864406779661017,2.8686440677966103,,173,31,-0.1642277760509774,0.3815028901734104,0.9781791324953276,0.7142857142857143,0.1470588235294117,2.6372549019607843,0.156
2026-09-17,Northern Illinois,Mountain West,2026,124,26,-0.2402103302415052,0.3306451612903225,0.933563925425936,0.6,0.2280701754385964,2.3789473684210525,,143,24,0.003955245944769,0.4125874125874126,1.150449449041141,0.5454545454545454,0.1690140845070422,3.087323943661972,0.119
2026-09-17,North Texas,American Athletic,2026,138,22,0.1985668326897479,0.3985507246376811,1.4371934204362449,0.5,0.1756756756756756,3.0297297297297296,,119,21,0.1031777351390133,0.4201680672268907,1.1068830125613625,0.75,0.1515151515151515,2.457575757575757,0.151
2026-09-17,Northwestern,Big Ten,2026,55,11,0.4796492784465596,0.509090909090909,1.4850398029259404,1.0,0.1071428571428571,3.95,,90,12,0.0899734155062539,0.4222222222222222,1.0576414342835372,0.7777777777777778,0.131578947368421,3.305263157894737,0.189
2026-09-17,Notre Dame,FBS Independents,2026,130,20,0.3882939958255484,0.5076923076923077,1.17940061549341,0.7272727272727273,0.0793650793650793,2.773015873015873,,108,21,-0.1619857880704867,0.3055555555555556,1.3646248574810422,0.6666666666666666,0.2258064516129032,2.1016129032258064,0.241
2026-09-17,Ohio,Mid-American,2026,134,21,0.0822707766879752,0.3805970149253731,1.1226937199416582,0.9090909090909092,0.1066666666666666,3.292,,145,21,0.3643668001698871,0.496551724137931,1.3428370013336863,0.8333333333333334,0.2117647058823529,3.14,0.15
2026-09-17,Ohio State,Big Ten,2026,137,23,0.3799475988897337,0.4817518248175182,1.406900457467487,0.7142857142857143,0.1935483870967742,3.117741935483871,,140,24,-0.1122477544900086,0.3642857142857142,1.097576491078469,0.7272727272727273,0.2096774193548387,2.361290322580645,0.186
2026-09-17,Oklahoma,SEC,2026,124,22,0.1156050868468605,0.4516129032258064,1.096833600472846,0.5714285714285714,0.2307692307692307,3.055384615384616,,117,24,-0.2290988755324868,0.3076923076923077,1.248361147173218,0.5,0.2083333333333333,2.1333333333333333,0.239
2026-09-17,Oklahoma State,Big 12,2026,175,27,-0.120539195500783,0.4,1.028802341611288,0.5333333333333333,0.1842105263157894,2.876315789473684,,119,25,0.0479456960149485,0.361344537815126,1.3328402867977789,1.0,0.15,2.945,0.134
2026-09-17,Old Dominion,Sun Belt,2026,106,24,0.033284008907971,0.3773584905660377,1.4024901016608096,0.3333333333333333,0.3181818181818182,1.4106060606060606,,150,22,0.0120509778170255,0.3266666666666666,1.3623687429640408,0.5,0.2857142857142857,2.18961038961039,0.2
2026-09-17,Ole Miss,SEC,2026,140,23,0.2768580376754948,0.5428571428571428,1.142013776353691,0.75,0.1875,3.0375,,129,23,0.1378585757061767,0.4031007751937984,1.2762019335670447,0.6,0.2941176470588235,2.3205882352941174,0.155
2026-09-17,Oregon,Big Ten,2026,125,26,0.0494282179027239,0.384,1.566587410092808,0.8333333333333334,0.1372549019607843,3.2,,154,28,0.0018153496237937,0.4025974025974026,1.0896122279284166,0.7,0.136986301369863,2.9383561643835616,0.123
2026-09-17,Oregon State,Pac-12,2026,145,26,0.11079361771673,0.3517241379310344,1.634882929376421,0.6,0.0789473684210526,2.857894736842105,,151,25,0.2374810550361736,0.4503311258278146,1.2130965561953595,0.8333333333333334,0.1585365853658536,3.0609756097560976,0.172
2026-09-17,Penn State,Big Ten,2026,138,21,0.3222167833457912,0.4782608695652174,1.2465262995318598,0.7692307692307693,0.1125,2.545,,113,21,-0.1350849176813743,0.3539823008849557,1.037253531298312,0.6666666666666666,0.3035714285714285,2.258928571428572,0.177
2026-09-17,Pittsburgh,ACC,2026,149,24,0.1978442895140391,0.4563758389261745,1.2308974355864892,0.5833333333333334,0.2253521126760563,2.636619718309859,,113,24,-0.0814023777817804,0.3008849557522124,1.4902418071661208,0.6666666666666666,0.2368421052631578,1.2605263157894735,0.186
2026-09-17,Purdue,Big Ten,2026,158,20,0.3108941299854006,0.5,1.1304623389649444,0.8,0.16,3.1826666666666665,,117,19,0.2136557537252784,0.4188034188034188,1.51055182193848,0.625,0.2166666666666666,2.5716666666666668,0.179
2026-09-17,Rice,American Athletic,2026,129,21,0.0039268670758448,0.4186046511627907,1.061196296851244,0.6666666666666666,0.1262135922330097,3.3864077669902914,,126,19,0.0841271372543652,0.4365079365079365,1.2114703432849558,0.6,0.1538461538461538,2.795384615384616,0.151
2026-09-17,Rutgers,Big Ten,2026,131,23,-0.0529169384087802,0.4045801526717557,1.469779676521196,0.3846153846153846,0.2372881355932203,2.716949152542373,,129,24,0.1558907367674346,0.4418604651162791,1.1203976295300062,0.75,0.1830985915492957,3.1633802816901406,0.109
2026-09-17,Sacramento State,Mid-American,2026,203,39,-0.0134863061624259,0.4088669950738916,1.1057548738363008,0.7222222222222222,0.2857142857142857,2.4824175824175825,,188,39,0.099234236960133,0.3723404255319149,1.3377447707118555,0.5833333333333334,0.1978021978021978,2.601098901098901,0.144
2026-09-17,Sam Houston,Conference USA,2026,135,23,0.0679276920034877,0.4518518518518518,1.1803148453958008,0.5555555555555556,0.2608695652173913,2.097826086956521,,143,25,0.0801298214744016,0.3286713286713286,1.5889012766547106,0.8,0.2297297297297297,2.918918918918919,0.203
2026-09-17,San Diego State,Pac-12,2026,121,23,-0.0413651342576204,0.3884297520661157,0.9233051483900416,0.6428571428571429,0.2266666666666666,3.1093333333333333,,148,26,0.0071288913535001,0.4256756756756756,0.9192161403297916,0.9,0.0985915492957746,3.511267605633803,0.101
2026-09-17,San José State,Mountain West,2026,213,37,0.1640411560777528,0.4178403755868544,1.2548924396738512,0.7142857142857143,0.196078431372549,3.226470588235294,,218,36,0.0756930654314693,0.4770642201834862,0.9896230258720576,0.9,0.1264367816091954,3.15287356321839,0.133
2026-09-17,SMU,ACC,2026,122,24,0.4587713273473277,0.5573770491803278,1.4281739344272315,0.3333333333333333,0.1886792452830188,2.9660377358490564,,131,26,-0.084622047764168,0.3282442748091603,1.2842625511359242,0.25,0.203125,2.9375,0.183
2026-09-17,South Alabama,Sun Belt,2026,162,21,0.1685310385380529,0.4382716049382716,1.2176774412969205,0.7857142857142857,0.1354166666666666,3.31875,,89,20,0.1632686372144404,0.3820224719101123,1.780175832903859,0.4285714285714285,0.3111111111111111,1.8,0.225
2026-09-17,South Carolina,SEC,2026,142,22,0.438343965195304,0.5915492957746479,1.2175363639723062,0.8333333333333334,0.0759493670886076,4.2025316455696204,,115,24,-0.0912429090065903,0.2695652173913043,1.4126566341430444,0.4,0.2448979591836734,2.091836734693877,0.139
2026-09-17,Southern Miss,Sun Belt,2026,145,23,0.1077642500321461,0.4896551724137931,1.006474011399464,0.8125,0.0769230769230769,3.7,,146,24,0.0608395926001343,0.3904109589041096,1.2299504868649154,0.7142857142857143,0.2023809523809523,3.2,0.137
2026-09-17,South Florida,American Athletic,2026,114,19,0.140587628627423,0.4736842105263157,1.0043796944285208,0.8571428571428571,0.2258064516129032,2.629032258064516,,140,19,-0.0058834549887592,0.4428571428571428,0.8079743699415228,0.7272727272727273,0.1866666666666666,3.045333333333333,0.136
2026-09-17,Stanford,ACC,2026,139,24,0.1652871164707423,0.39568345323741,1.1457214486158334,0.8571428571428571,0.1694915254237288,2.886440677966102,,145,25,0.2445848493510773,0.4482758620689655,1.3156744634857456,1.0,0.1509433962264151,2.922641509433962,0.124
2026-09-17,Syracuse,ACC,2026,165,26,0.0906180348680751,0.4181818181818181,1.3627569146430043,0.9285714285714286,0.1780821917808219,2.9397260273972603,,123,26,-0.25379058887179,0.3089430894308943,1.00832564007365,0.75,0.2727272727272727,1.8909090909090909,0.203
2026-09-17,TCU,Big 12,2026,143,24,0.2720895473907548,0.5104895104895105,1.1928228045964784,0.8181818181818182,0.1388888888888889,3.498611111111111,,112,24,-0.1211075290029854,0.3392857142857143,0.9668444329735346,0.0,0.2452830188679245,2.3358490566037737,0.232
2026-09-17,Temple,American Athletic,2026,121,19,0.1307173983832129,0.4380165289256198,1.1366621926292704,0.8333333333333334,0.2,3.041333333333333,,126,21,0.0889743629266326,0.4126984126984127,1.1673451255258795,0.7272727272727273,0.171875,2.05,0.143
2026-09-17,Tennessee,SEC,2026,143,24,0.3663306591413124,0.5104895104895105,1.3176765686521934,0.8181818181818182,0.1222222222222222,3.716666666666667,,132,25,-0.133299706225414,0.3636363636363636,1.0633150711559851,0.6,0.1785714285714285,3.5125,0.242
2026-09-17,Texas,SEC,2026,148,20,0.2502956329255999,0.4932432432432432,1.2917938180626174,0.75,0.2133333333333333,2.7826666666666666,,137,22,0.0500001383555945,0.4014598540145985,1.2231481170189105,0.625,0.2058823529411764,2.738235294117647,0.175
2026-09-17,Texas A&M,SEC,2026,151,25,0.2030153911456549,0.4966887417218543,1.0605418819511832,1.0,0.1481481481481481,3.208641975308642,,105,25,-0.3670736849201523,0.2761904761904762,1.1434497655113145,0.5,0.25,2.2442307692307693,0.248
2026-09-17,Texas State,Pac-12,2026,153,23,0.0713341660498197,0.4444444444444444,1.0653942023826526,0.7142857142857143,0.1348314606741573,3.2168539325842698,,144,20,0.3408355282669275,0.4791666666666667,1.3393729023888383,0.7,0.2424242424242424,2.6712121212121214,0.139
2026-09-17,Texas Tech,Big 12,2026,151,25,0.2360331407314352,0.4503311258278146,1.1224683496118188,0.7857142857142857,0.1604938271604938,3.064197530864197,,134,24,-0.0118944667262356,0.2835820895522388,1.7023564913908251,0.6666666666666666,0.1627906976744186,2.858139534883721,0.187
2026-09-17,Toledo,Mid-American,2026,118,23,0.2392459064623018,0.3898305084745763,1.849592332283392,0.5,0.2698412698412698,2.6333333333333333,,147,25,-0.1315716972417298,0.2993197278911564,1.159274640459017,0.3333333333333333,0.2253521126760563,2.5422535211267605,0.15
2026-09-17,Troy,Sun Belt,2026,139,27,0.1832232611952875,0.3669064748201439,1.5275409306952863,0.4545454545454545,0.2337662337662337,2.918181818181818,,131,25,-0.0730903667233353,0.366412213740458,1.258450956311019,0.6666666666666666,0.3518518518518518,1.4537037037037035,0.237
2026-09-17,Tulane,American Athletic,2026,107,22,0.1056401778804695,0.3364485981308411,1.4986254812812283,0.75,0.2307692307692307,2.4134615384615383,,152,23,0.0601189810986732,0.375,1.2544088524193848,0.8333333333333334,0.1590909090909091,3.1545454545454543,0.105
2026-09-17,Tulsa,American Athletic,2026,132,23,0.0855581218000294,0.3636363636363636,1.304618216522995,1.0,0.1617647058823529,2.988235294117647,,153,23,-0.0881200979720485,0.392156862745098,1.018737931677684,0.5384615384615384,0.1935483870967742,2.6048387096774195,0.15
2026-09-17,UAB,American Athletic,2026,148,17,0.125179646090532,0.4662162162162162,1.126405942245425,0.8333333333333334,0.1382978723404255,3.4340425531914893,,107,18,0.0832941743484347,0.4953271028037383,1.0527084819556491,0.5454545454545454,0.1515151515151515,3.351515151515152,0.112
2026-09-17,UCF,Big 12,2026,116,25,0.1461303427358404,0.4310344827586206,1.4198403210291637,0.6,0.1607142857142857,3.0107142857142857,,134,27,-0.099013594878991,0.291044776119403,1.1114470879006333,0.6666666666666666,0.2784810126582278,2.062025316455696,0.164
2026-09-17,UCLA,Big Ten,2026,120,26,0.2414210711755224,0.4916666666666666,1.1737632639003537,1.0,0.0704225352112676,4.164788732394366,,146,25,-0.1287180100332439,0.3219178082191781,1.2133801014622048,0.8333333333333334,0.2162162162162162,2.8027027027027027,0.192
2026-09-17,UConn,FBS Independents,2026,127,25,0.2841507501072622,0.4251968503937008,1.549718549984598,0.6666666666666666,0.2058823529411764,2.877941176470588,,151,25,0.0468040277609356,0.3774834437086092,1.1704590494412488,0.5454545454545454,0.21875,2.5328125,0.152
2026-09-17,UL Monroe,Sun Belt,2026,134,23,-0.1274140857526506,0.3656716417910448,0.8989095633271335,0.4545454545454545,0.1025641025641025,3.2371794871794872,,148,22,0.3914827680226134,0.5472972972972973,1.2758591261242125,0.9090909090909092,0.1411764705882353,3.834117647058824,0.128
2026-09-17,UNLV,Mountain West,2026,218,37,-0.0524893094452806,0.3532110091743119,1.1623632231536607,0.6875,0.1504424778761062,3.023008849557522,,206,35,0.1471056400027092,0.4126213592233009,1.1832290095991715,0.7777777777777778,0.1515151515151515,3.576767676767677,0.15
2026-09-17,USC,Big Ten,2026,221,30,0.3050545251396018,0.5701357466063348,1.097506176595752,0.7894736842105263,0.1779661016949152,3.2491525423728813,,155,30,0.0830802123434739,0.3677419354838709,1.3280287170782532,0.75,0.2207792207792207,2.433766233766234,0.135
2026-09-17,Utah,Big 12,2026,140,24,0.4085654273644835,0.5428571428571428,1.3590442825949345,0.7272727272727273,0.1707317073170731,3.818292682926829,,141,24,-0.0180149078203742,0.3262411347517731,1.4369604703869312,0.8,0.1666666666666666,2.598148148148148,0.206
2026-09-17,Utah State,Pac-12,2026,147,24,-0.125510359104815,0.3809523809523809,1.3459850217275189,0.1666666666666666,0.2753623188405797,2.9695652173913043,,142,25,0.0329839591211641,0.3873239436619718,0.9975056067009984,0.6363636363636364,0.2203389830508474,2.4067796610169494,0.099
2026-09-17,UTEP,Mountain West,2026,114,25,-0.134943446773656,0.4298245614035088,1.1795692615247384,0.4,0.2537313432835821,2.6373134328358208,,124,24,0.1797364798378444,0.4112903225806452,1.21273847936996,0.5833333333333334,0.2666666666666666,2.614666666666667,0.153
2026-09-17,UTSA,American Athletic,2026,134,23,0.3410086014875794,0.5373134328358209,1.0961411603228002,0.8,0.15,3.28,,162,25,-0.0122308165351195,0.4259259259259259,1.0332895004531055,0.5,0.1204819277108433,3.455421686746988,0.136
2026-09-17,Vanderbilt,SEC,2026,135,22,0.0770759026769088,0.4222222222222222,1.0785680522088028,0.875,0.1506849315068493,2.9712328767123286,,116,23,-0.1188975264171307,0.3275862068965517,1.3261548666811334,0.7777777777777778,0.24,2.43,0.259
2026-09-17,Virginia,ACC,2026,135,24,0.3363360115956449,0.5407407407407407,1.133641635334511,0.8666666666666667,0.1612903225806451,3.4172043010752686,,117,25,-0.3674973969331185,0.3162393162393162,0.6429044390651262,0.7142857142857143,0.2156862745098039,2.4823529411764707,0.248
2026-09-17,Virginia Tech,ACC,2026,163,25,0.3246569715301723,0.4969325153374233,1.2420419780551708,0.7,0.175,3.12625,,106,27,-0.2548073061433593,0.1981132075471698,1.6993340374331178,0.3333333333333333,0.5230769230769231,-0.4061538461538461,0.387
2026-09-17,Wake Forest,ACC,2026,137,20,0.4168473428540545,0.4744525547445255,1.3477531823845286,0.6666666666666666,0.1408450704225352,3.1169014084507043,,154,21,0.1471432253349311,0.5,0.9222951986550348,0.6,0.2285714285714285,2.857142857142857,0.143
2026-09-17,Washington,Big Ten,2026,141,24,0.0383845337142971,0.4397163120567376,0.994167021990533,0.5714285714285714,0.2542372881355932,2.649152542372881,,115,23,-0.1970220490833837,0.3130434782608696,1.346076863245751,0.0,0.3703703703703703,2.509259259259259,0.278
2026-09-17,Washington State,Pac-12,2026,109,22,-0.2204002283275828,0.2844036697247706,1.0891204891875983,0.0,0.2321428571428571,2.7767857142857144,,140,24,0.0930001435211628,0.4642857142857143,1.226918406593459,0.6,0.1764705882352941,3.1205882352941177,0.1
2026-09-17,Western Kentucky,Conference USA,2026,158,28,-0.0666697027112332,0.360759493670886,1.1031430607162849,0.6,0.2236842105263158,2.728947368421053,,121,27,0.5273760342953311,0.5041322314049587,1.6223388487633628,0.9,0.1710526315789473,3.5907894736842105,0.107
2026-09-17,Western Michigan,Mid-American,2026,128,24,0.1798153005934974,0.3984375,1.2124813230554417,0.7272727272727273,0.16,2.8666666666666667,,140,22,-0.0200984117118512,0.45,0.96082370279726,0.6875,0.1492537313432835,2.962686567164179,0.143
2026-09-17,West Virginia,Big 12,2026,140,26,0.2732145325843711,0.4785714285714286,1.1936925918671564,0.8461538461538461,0.1261261261261261,3.1585585585585587,,138,24,-0.0361489007794655,0.4130434782608695,1.207286883972729,0.5714285714285714,0.3,2.3,0.217
2026-09-17,Wisconsin,Big Ten,2026,117,20,0.0972845578595492,0.3846153846153846,1.4262012820270968,0.625,0.1666666666666666,2.873333333333333,,127,20,0.1416487925311263,0.4173228346456692,0.9995894298541818,0.75,0.0714285714285714,3.0585714285714287,0.102
2026-09-17,Wyoming,Mountain West,2026,117,23,-0.0028277350688493,0.4188034188034188,0.8959098386901093,1.0,0.1791044776119403,3.238805970149253,,130,22,0.0648907555886648,0.4230769230769231,1.172048736832227,1.0,0.1818181818181818,2.793939393939394,0.154
2026-09-18,Air Force,Mountain West,2026,147,19,0.3168724868895267,0.5238095238095238,0.9836879949098816,1.0,0.0578512396694214,4.0239669421487605,,106,20,-0.0790044128664969,0.3113207547169811,1.5288427794559412,0.8,0.2280701754385964,2.526315789473684,0.142
2026-09-18,Akron,Mid-American,2026,141,22,0.1576861186861234,0.524822695035461,0.9553972675038448,0.7142857142857143,0.1323529411764706,3.85,,119,22,0.1598294917273902,0.361344537815126,1.5062647956317663,0.7142857142857143,0.2692307692307692,2.175,0.168
2026-09-18,Alabama,SEC,2026,143,23,0.1923818408232353,0.5034965034965035,1.1057735881546875,0.7272727272727273,0.1785714285714285,3.1476190476190475,,108,24,-0.2874867496232187,0.287037037037037,1.1316133221653442,0.4,0.2708333333333333,1.2354166666666666,0.204
2026-09-18,App State,Sun Belt,2026,147,23,0.3906247499138722,0.5170068027210885,1.2754065166484962,0.8333333333333334,0.2,2.87625,,134,24,0.0816137293730369,0.4104477611940298,1.1852737956938326,0.6666666666666666,0.2333333333333333,2.788333333333333,0.194
2026-09-18,Arizona,Big 12,2026,137,23,0.135802341014586,0.5182481751824818,0.9553421091947132,0.9090909090909092,0.0983606557377049,3.804918032786885,,111,22,0.0356799842903723,0.3513513513513513,1.3875185132111152,1.0,0.2444444444444444,2.8266666666666667,0.18
2026-09-18,Arizona State,Big 12,2026,135,26,0.1879252063943186,0.4666666666666667,1.4678876754625696,0.9,0.1875,2.953125,,114,25,-0.0545554602775555,0.3421052631578947,1.0129971750114235,0.75,0.1607142857142857,2.517857142857143,0.14
2026-09-18,Arkansas,SEC,2026,163,24,0.0272616532025924,0.4233128834355828,1.1170369441790664,0.75,0.1857142857142857,2.732857142857143,,108,24,0.1347806692878385,0.4074074074074074,1.273058299449057,0.7142857142857143,0.2307692307692307,2.8173076923076925,0.157
2026-09-18,Arkansas State,Sun Belt,2026,118,20,0.2677348692051451,0.559322033898305,1.1459291087845072,0.7857142857142857,0.123076923076923,3.666153846153846,,122,23,0.1840622775567135,0.4426229508196721,1.3669975298661934,0.75,0.1126760563380281,3.388732394366197,0.139
2026-09-18,Army,American Athletic,2026,136,21,0.4233058887319205,0.5882352941176471,1.023133708359731,0.9090909090909092,0.1018518518518518,4.018518518518518,,110,21,0.1123930409096023,0.4181818181818181,1.1406168896883957,0.8,0.2222222222222222,2.7444444444444445,0.155
2026-09-18,Auburn,SEC,2026,160,24,0.1350601071202175,0.45625,1.1762728788342502,0.7777777777777778,0.1666666666666666,3.4654761904761906,,161,24,-0.0938026930155785,0.3726708074534161,1.0994859841769764,0.5,0.1875,2.3328125,0.193
2026-09-18,Ball State,Mid-American,2026,132,26,-0.0165475090918305,0.3106060606060606,1.4686103990600792,0.6666666666666666,0.2407407407407407,2.2203703703703703,,138,24,0.3064487375002761,0.4710144927536231,1.40546812277467,0.8571428571428571,0.2033898305084746,3.1559322033898307,0.145
2026-09-18,Baylor,Big 12,2026,186,27,0.1129098582081574,0.4354838709677419,1.2376620302097634,0.6,0.1547619047619047,3.1666666666666665,,131,26,-0.1673171265798204,0.2671755725190839,1.287063470738749,0.6666666666666666,0.2631578947368421,2.285964912280702,0.214
2026-09-18,Boise State,Pac-12,2026,143,23,0.266399529110338,0.4335664335664335,1.274491848026884,0.875,0.1125,3.545,,117,24,0.1017919549297001,0.3931623931623931,1.7729801802597571,0.6666666666666666,0.2978723404255319,2.476595744680852,0.197
2026-09-18,Boston College,ACC,2026,137,23,-0.0296494496033857,0.3795620437956204,1.2850016083291318,1.0,0.1969696969696969,3.0454545454545454,,130,23,0.0712578374372898,0.4,1.3266879736186803,0.5,0.1566265060240964,3.351807228915663,0.154
2026-09-18,Bowling Green,Mid-American,2026,116,21,-0.0419415928925813,0.3620689655172414,0.9568633361381188,0.6666666666666666,0.208955223880597,2.491044776119403,,125,20,0.3277188774321643,0.504,1.379556003194474,0.6666666666666666,0.1846153846153846,3.4615384615384617,0.072
2026-09-18,Buffalo,Mid-American,2026,153,28,0.0688000492594795,0.326797385620915,1.3682648307042922,1.0,0.2241379310344827,2.406896551724138,,152,28,0.0286543584092586,0.3486842105263157,1.2916147778515,0.8,0.2205882352941176,2.677941176470588,0.171
2026-09-18,BYU,Big 12,2026,128,22,0.5050841780417508,0.59375,1.145295729412896,0.8888888888888888,0.0945945945945946,4.075675675675676,,120,22,-0.0845017673137549,0.3666666666666666,1.1347196556610346,0.8571428571428571,0.2115384615384615,2.375,0.158
2026-09-18,California,ACC,2026,149,26,-0.0808214238504401,0.3422818791946309,1.3277706209817297,0.7142857142857143,0.25,2.4140625,,140,27,0.0680250301071306,0.4142857142857143,1.3407269201878411,1.0,0.1290322580645161,3.446774193548387,0.15
2026-09-18,Central Michigan,Mid-American,2026,112,22,-0.1256244794203912,0.3035714285714285,1.2574978566932482,0.875,0.1014492753623188,3.108695652173913,,135,21,0.0645138542075979,0.437037037037037,0.9057096960156528,1.0,0.1506849315068493,3.102739726027397,0.141
2026-09-18,Charlotte,American Athletic,2026,139,23,0.1096877225836496,0.4172661870503597,1.3048280000711567,0.5,0.25,2.9359375,,125,23,0.3563215883954375,0.56,1.168448348521541,0.9285714285714286,0.2253521126760563,3.222535211267606,0.12
2026-09-18,Cincinnati,Big 12,2026,142,23,0.4287542479500776,0.528169014084507,1.2301502062163543,0.8571428571428571,0.0869565217391304,4.093478260869565,,131,23,-0.020274166991414,0.3893129770992366,1.1912608272935616,0.75,0.2363636363636363,2.9909090909090907,0.183
2026-09-18,Clemson,ACC,2026,127,29,-0.187053815183755,0.2913385826771653,0.981531881260497,0.6,0.3389830508474576,2.238983050847457,,161,26,0.1795888733506845,0.422360248447205,1.3364841405947374,0.7272727272727273,0.1095890410958904,3.3438356164383563,0.155
2026-09-18,Coastal Carolina,Sun Belt,2026,135,27,0.2042925244908535,0.4518518518518518,1.325197095526809,0.625,0.21875,3.334375,,134,28,-0.0118711875821386,0.3880597014925373,0.9869719373350112,0.75,0.146067415730337,2.8662921348314607,0.172
2026-09-18,Colorado,Big 12,2026,151,24,0.2555961011969566,0.4172185430463576,1.3777550783764778,0.9,0.1219512195121951,3.1390243902439026,,134,24,-0.0639601272461802,0.3432835820895522,1.3968928161860514,0.3333333333333333,0.3888888888888889,2.4,0.254
2026-09-18,Colorado State,Pac-12,2026,137,26,0.3945282894044396,0.4890510948905109,1.5102312020802011,0.9,0.234375,2.578125,,121,25,-0.0649478881821947,0.3801652892561983,1.0956779944706343,0.6666666666666666,0.1408450704225352,3.22112676056338,0.273
2026-09-18,Delaware,Conference USA,2026,141,28,0.0842242921527009,0.3971631205673759,1.449182058605098,0.6,0.2542372881355932,2.3983050847457625,,144,28,-0.1511994958469578,0.3125,1.2358513394279544,0.8,0.2068965517241379,2.282758620689655,0.188
2026-09-18,Duke,ACC,2026,135,22,0.0971002378932878,0.362962962962963,1.237928846463279,0.7142857142857143,0.2142857142857142,2.9095238095238094,,125,21,-0.0251186964537824,0.408,0.9843421861093068,0.7142857142857143,0.0909090909090909,2.923636363636364,0.144
2026-09-18,East Carolina,American Athletic,2026,114,25,0.1099582195243851,0.3947368421052631,1.231797520854903,0.6666666666666666,0.2452830188679245,2.371698113207547,,153,24,0.2068942194566984,0.457516339869281,1.223214237815241,0.7142857142857143,0.2247191011235955,2.7662921348314606,0.124
2026-09-18,Eastern Michigan,Mid-American,2026,192,37,-0.0301709585158481,0.375,1.085440572919383,0.8125,0.1688311688311688,2.8181818181818183,,215,38,0.0920605021217898,0.4093023255813953,1.253569042774504,0.7647058823529411,0.2127659574468085,2.9382978723404256,0.191
2026-09-18,Florida,SEC,2026,131,22,0.503300118145704,0.5419847328244275,1.3730229556476083,1.0,0.0857142857142857,3.5085714285714285,,159,26,-0.1857093179760124,0.3333333333333333,1.1043810135770198,0.6666666666666666,0.1186440677966101,2.672881355932204,0.233
2026-09-18,Florida Atlantic,American Athletic,2026,172,24,0.0855727551307359,0.4244186046511627,1.1542662089271607,0.9090909090909092,0.1842105263157894,2.506578947368421,,125,23,0.3739127473785921,0.472,1.5780936478404288,1.0,0.1486486486486486,3.245945945945946,0.16
2026-09-18,Florida International,Conference USA,2026,156,24,-0.0028031544189282,0.391025641025641,1.1492281235386823,0.6923076923076923,0.203125,2.75,,128,22,-0.0449602235125628,0.328125,1.1153609295010591,0.8,0.2580645161290322,1.982258064516129,0.172
2026-09-18,Florida State,ACC,2026,134,22,0.2041981306396151,0.4104477611940298,1.3738286847147458,0.5,0.1392405063291139,3.3063291139240505,,134,21,0.23409225215135,0.4477611940298507,1.420966285728235,0.8333333333333334,0.1176470588235294,3.1549019607843136,0.157
2026-09-18,Fresno State,Pac-12,2026,110,21,0.0859821480957696,0.3727272727272727,1.3500903325919285,0.4285714285714285,0.2456140350877192,2.524561403508772,,136,21,0.0224727252079994,0.4705882352941176,1.0596533979596976,0.6666666666666666,0.2777777777777778,2.708333333333333,0.118
2026-09-18,Georgia,SEC,2026,123,27,0.6411901102917171,0.6016260162601627,1.4336402018226513,1.0,0.1147540983606557,4.119672131147541,,133,28,-0.1617840856909806,0.2857142857142857,1.2165006262434912,0.4,0.296875,1.93125,0.195
2026-09-18,Georgia Southern,Sun Belt,2026,145,27,0.0586021891492423,0.3655172413793103,1.2246915703732584,0.5,0.1489361702127659,3.1319148936170214,,140,29,-0.1953851267707166,0.2571428571428571,1.1628548379468289,0.75,0.3492063492063492,1.7142857142857142,0.271
2026-09-18,Georgia State,Sun Belt,2026,141,23,0.3830140743836993,0.5460992907801419,1.131271493549282,0.8181818181818182,0.1309523809523809,3.710714285714286,,113,23,-0.0190748999974009,0.3451327433628318,1.2156387691318562,1.0,0.2666666666666666,2.8,0.168
2026-09-18,Georgia Tech,ACC,2026,126,20,-0.0061808484398078,0.4206349206349206,1.0854468425040311,0.6666666666666666,0.2592592592592592,2.9851851851851854,,146,21,0.1404522994766487,0.4041095890410959,1.2473707813431243,0.9,0.1222222222222222,3.1844444444444444,0.151
2026-09-18,Hawai'i,Mountain West,2026,230,37,0.032940963609442,0.3739130434782609,1.1626258762976511,0.8,0.1842105263157894,3.098684210526316,,205,37,0.1296644642024741,0.4341463414634146,1.2594556887364166,0.6875,0.1261261261261261,3.28018018018018,0.146
2026-09-18,Houston,Big 12,2026,139,23,0.5086322930089994,0.6115107913669064,1.1881458019412137,0.9411764705882352,0.0823529411764705,4.155294117647059,,118,24,-0.0798564380460941,0.3050847457627119,1.3508256488893162,0.4,0.2790697674418604,1.3325581395348838,0.254
2026-09-18,Illinois,Big Ten,2026,114,17,0.2124029547040394,0.5175438596491229,1.202896905371677,0.6363636363636364,0.1379310344827586,2.93448275862069,,136,17,0.2497294616119733,0.4411764705882353,1.282464599974784,0.6923076923076923,0.1851851851851851,3.0246913580246915,0.125
2026-09-18,Indiana,Big Ten,2026,108,20,0.5826354535033924,0.5370370370370371,1.5716878414761073,0.7777777777777778,0.1216216216216216,3.413513513513513,,118,22,-0.1447228374943157,0.2796610169491525,1.5187942275986206,0.3333333333333333,0.2166666666666666,2.44,0.203
2026-09-18,Iowa,Big Ten,2026,139,24,0.0016189629623103,0.4028776978417266,1.1033428121941584,0.4285714285714285,0.1940298507462686,3.1,,113,27,-0.1812106771568968,0.2300884955752212,1.2105292522630695,0.6666666666666666,0.2033898305084746,2.2847457627118644,0.177
2026-09-18,Iowa State,Big 12,2026,103,24,0.1542133120949058,0.3203883495145631,1.4484541702459348,0.5,0.171875,2.646875,,129,24,-0.1517244627149505,0.3255813953488372,1.121317699632547,0.6,0.1571428571428571,2.435714285714285,0.171
2026-09-18,Jacksonville State,Conference USA,2026,189,30,0.1672764553474056,0.4708994708994709,1.2159433070054495,0.7647058823529411,0.203883495145631,2.82621359223301,,193,29,0.0159606914377543,0.4041450777202072,1.0715568388992387,0.75,0.1693548387096774,2.949193548387097,0.141
2026-09-18,James Madison,Sun Belt,2026,113,21,0.479539448169209,0.5398230088495575,1.3269502984625527,0.6666666666666666,0.171875,3.44375,,140,25,-0.2757064750034476,0.2571428571428571,1.277789131183439,0.8571428571428571,0.2207792207792207,1.8987012987012988,0.143
2026-09-18,Kansas,Big 12,2026,145,23,0.2338262741156263,0.4551724137931034,1.4481149394863586,0.625,0.0843373493975903,3.1710843373493978,,128,25,0.0035854578754268,0.3046875,1.2628360942721588,1.0,0.2714285714285714,2.0385714285714287,0.219
2026-09-18,Kansas State,Big 12,2026,148,24,0.3345188267214266,0.5540540540540541,1.2937161276781035,0.8333333333333334,0.119047619047619,3.592857142857143,,113,25,-0.2760040441125845,0.2389380530973451,1.2854751137363396,0.3333333333333333,0.3134328358208955,1.8671641791044773,0.257
2026-09-18,Kennesaw State,Conference USA,2026,140,25,0.1300394206984425,0.5,1.1358671054399665,0.8181818181818182,0.2121212121212121,3.1045454545454545,,123,25,-0.017088871082993,0.3495934959349593,1.100274999432472,0.8571428571428571,0.2142857142857142,2.725714285714285,0.106
2026-09-18,Kent State,Mid-American,2026,122,22,0.0419375764785998,0.3524590163934426,1.353213333625812,0.6,0.1969696969696969,3.1166666666666667,,128,24,0.2166310557846445,0.5234375,1.1180399546611994,0.875,0.1,3.803333333333333,0.141
2026-09-18,Kentucky,SEC,2026,128,23,0.0890033049944523,0.4609375,1.1097461479075743,0.6666666666666666,0.1935483870967742,3.109677419354839,,130,21,0.0797991204568392,0.4461538461538462,1.124726469100218,0.7777777777777778,0.1935483870967742,2.6016129032258064,0.208
2026-09-18,Liberty,Conference USA,2026,136,24,-0.1161019510407969,0.3823529411764705,1.2248301758367646,0.6666666666666666,0.141025641025641,2.9346153846153844,,123,22,0.0295082308777663,0.3495934959349593,1.3481465092740088,0.4,0.2698412698412698,2.673015873015873,0.211
2026-09-18,Louisiana,Sun Belt,2026,121,21,0.2872702915830525,0.4876033057851239,1.3131949696088556,0.8571428571428571,0.1884057971014492,3.1449275362318843,,137,21,0.0227366626479739,0.4598540145985401,1.1747564986988903,0.625,0.2205882352941176,2.8529411764705883,0.131
2026-09-18,Louisiana Tech,Sun Belt,2026,116,29,0.0153881373796306,0.3103448275862069,1.6505202743028289,1.0,0.1904761904761904,2.577777777777778,,150,30,-0.1153931444961112,0.34,1.201984888715524,0.6,0.2857142857142857,1.6488095238095235,0.273
2026-09-18,Louisville,ACC,2026,134,26,0.4513246740637537,0.5447761194029851,1.3397742698468325,0.75,0.1643835616438356,3.063013698630137,,142,25,0.1227723968190846,0.3732394366197183,1.2422274876914896,0.5714285714285714,0.1176470588235294,2.5544117647058826,0.148
2026-09-18,LSU,SEC,2026,182,27,0.2058175337268157,0.5,1.2978100595291884,0.625,0.1530612244897959,2.9102040816326533,,106,28,-0.4640494005969776,0.1886792452830188,0.9967369888711708,0.6666666666666666,0.2916666666666667,1.6979166666666667,0.302
2026-09-18,Marshall,Sun Belt,2026,118,25,-0.1170632261688768,0.3644067796610169,1.035413167758098,0.6153846153846154,0.3064516129032258,2.167741935483871,,144,23,0.2992968190495405,0.4722222222222222,1.181015937543059,0.8888888888888888,0.1076923076923077,3.3246153846153845,0.111
2026-09-18,Maryland,Big Ten,2026,158,25,0.3611516175193782,0.5316455696202531,1.2757908671423983,0.6428571428571429,0.1710526315789473,3.5723684210526314,,105,24,-0.2564575897215248,0.2666666666666666,1.2470561585759148,0.6666666666666666,0.2962962962962963,1.4,0.219
2026-09-18,Massachusetts,Mid-American,2026,105,20,0.3734987579677579,0.5047619047619047,1.165695439147868,0.5454545454545454,0.1818181818181818,3.4045454545454543,,134,23,-0.0902538163166447,0.3805970149253731,1.24901703536941,0.75,0.2096774193548387,2.570967741935484,0.157
2026-09-18,Memphis,American Athletic,2026,177,35,0.2350611635254864,0.4350282485875706,1.4482477541338634,0.7142857142857143,0.1844660194174757,3.2854368932038835,,217,35,0.192649272099052,0.4377880184331797,1.3872415249019707,0.8571428571428571,0.1308411214953271,3.4065420560747666,0.147
2026-09-18,Miami,ACC,2026,144,26,0.5489136509830088,0.625,1.3307103400736222,1.0,0.1038961038961039,4.062337662337662,,113,24,-0.0839152601423317,0.3008849557522124,0.9249723221683476,0.5,0.2682926829268293,2.3,0.142
2026-09-18,Miami (OH),Mid-American,2026,115,20,0.2764031655999502,0.4521739130434782,1.281499316052608,1.0,0.1896551724137931,3.1,,123,21,0.1785536741915797,0.4552845528455284,1.2875594636535663,0.5714285714285714,0.25,2.779166666666667,0.098
2026-09-18,Michigan,Big Ten,2026,106,21,0.084462587896415,0.3490566037735849,1.3193032404170044,0.7142857142857143,0.1129032258064516,2.932258064516129,,134,22,-0.0898403883058992,0.3432835820895522,1.0126403276397398,0.6666666666666666,0.1971830985915492,2.907042253521127,0.164
2026-09-18,Michigan State,Big Ten,2026,158,20,0.1426258389428377,0.4556962025316455,1.1343727534949324,0.6428571428571429,0.1666666666666666,3.2444444444444445,,95,19,0.0674856752091822,0.3684210526315789,1.3619623909144192,0.5555555555555556,0.2682926829268293,2.629268292682927,0.232
2026-09-18,Middle Tennessee,Conference USA,2026,120,19,0.2627298867802216,0.4583333333333333,1.1566261463421283,0.75,0.0697674418604651,4.106976744186047,,113,22,0.1179669362138989,0.4336283185840708,1.152405043034228,0.7333333333333333,0.2,2.98,0.142
2026-09-18,Minnesota,Big Ten,2026,138,19,0.1239484333584105,0.4927536231884058,1.0062979745380276,0.6428571428571429,0.25,2.2884615384615383,,115,22,0.1087202792925834,0.391304347826087,1.1374772297950968,0.5454545454545454,0.2876712328767123,2.710958904109589,0.178
2026-09-18,Mississippi State,SEC,2026,148,22,0.5444014212608463,0.581081081081081,1.2894091808295536,0.7,0.1686746987951807,3.792771084337349,,136,22,-0.1004668683090555,0.3308823529411764,1.059757060940559,0.5,0.1568627450980392,2.5823529411764707,0.14
2026-09-18,Missouri,SEC,2026,153,26,0.24529734792988,0.4705882352941176,1.2251672170226928,0.7,0.1785714285714285,3.120238095238096,,121,24,-0.0639320226478284,0.2892561983471074,1.6717351608971178,0.8,0.2166666666666666,2.3666666666666667,0.231
2026-09-18,Missouri State,Conference USA,2026,120,23,0.0668812857775394,0.3666666666666666,1.3335725530755398,0.7692307692307693,0.1733333333333333,2.7746666666666666,,145,23,0.1909938154661411,0.503448275862069,1.0068807445175092,0.9090909090909092,0.1645569620253164,3.469620253164557,0.179
2026-09-18,Navy,American Athletic,2026,136,21,0.3197706471886218,0.5294117647058824,1.205369775240681,1.0,0.102803738317757,3.885046728971963,,122,21,0.1470620016920992,0.3934426229508196,1.3645400299509731,1.0,0.2280701754385964,2.631578947368421,0.148
2026-09-18,NC State,ACC,2026,122,24,0.3125729539037016,0.5245901639344263,1.215048351157467,0.8181818181818182,0.1076923076923077,3.727692307692308,,122,26,0.0012091374092092,0.3852459016393442,1.068971648909871,0.7692307692307693,0.1948051948051948,2.6246753246753247,0.156
2026-09-18,Nebraska,Big Ten,2026,140,21,0.5175659052512254,0.5571428571428572,1.4534374670791137,0.8333333333333334,0.136986301369863,3.82054794520548,,118,23,0.0517344067502091,0.3389830508474576,1.2549763899900523,1.0,0.1451612903225806,3.05,0.212
2026-09-18,Nevada,Mountain West,2026,131,23,0.1253495981030349,0.4427480916030534,1.3284449769173483,0.7857142857142857,0.1666666666666666,3.619230769230769,,149,23,0.0804141153145403,0.4429530201342282,0.9720734947656507,0.6666666666666666,0.2025316455696202,2.9873417721518987,0.148
2026-09-18,New Mexico,Mountain West,2026,144,27,0.2352301586935282,0.4791666666666667,1.1024318664396169,0.9166666666666666,0.1276595744680851,3.401063829787234,,105,27,-0.298944742674818,0.2285714285714285,1.4412726077351177,0.5,0.2,1.6927272727272726,0.305
2026-09-18,New Mexico State,Conference USA,2026,201,34,0.1547919421257269,0.4378109452736318,1.4261327937630708,0.6875,0.1428571428571428,3.207692307692308,,202,35,0.0958815223181676,0.4158415841584158,1.162391545945404,0.8333333333333334,0.2247191011235955,2.953932584269663,0.129
2026-09-18,North Carolina,ACC,2026,113,19,0.2360141771942716,0.5132743362831859,1.0323754501520834,0.6666666666666666,0.1320754716981132,3.826415094339623,,139,19,-0.1212396737477295,0.381294964028777,0.8784887790699076,0.8333333333333334,0.1363636363636363,2.7515151515151515,0.137
2026-09-18,North Dakota State,Mountain West,2026,199,30,0.1779024536014308,0.4321608040201005,1.3082108261820105,0.6923076923076923,0.1864406779661017,2.8686440677966103,,173,31,-0.1642277760509774,0.3815028901734104,0.9781791324953276,0.7142857142857143,0.1470588235294117,2.6372549019607843,0.156
2026-09-18,Northern Illinois,Mountain West,2026,124,26,-0.2402103302415052,0.3306451612903225,0.933563925425936,0.6,0.2280701754385964,2.3789473684210525,,143,24,0.003955245944769,0.4125874125874126,1.150449449041141,0.5454545454545454,0.1690140845070422,3.087323943661972,0.119
2026-09-18,North Texas,American Athletic,2026,138,22,0.1985668326897479,0.3985507246376811,1.4371934204362449,0.5,0.1756756756756756,3.0297297297297296,,119,21,0.1031777351390133,0.4201680672268907,1.1068830125613625,0.75,0.1515151515151515,2.457575757575757,0.151
2026-09-18,Northwestern,Big Ten,2026,55,11,0.4796492784465596,0.509090909090909,1.4850398029259404,1.0,0.1071428571428571,3.95,,90,12,0.0899734155062539,0.4222222222222222,1.0576414342835372,0.7777777777777778,0.131578947368421,3.305263157894737,0.189
2026-09-18,Notre Dame,FBS Independents,2026,130,20,0.3882939958255484,0.5076923076923077,1.17940061549341,0.7272727272727273,0.0793650793650793,2.773015873015873,,108,21,-0.1619857880704867,0.3055555555555556,1.3646248574810422,0.6666666666666666,0.2258064516129032,2.1016129032258064,0.241
2026-09-18,Ohio,Mid-American,2026,134,21,0.0822707766879752,0.3805970149253731,1.1226937199416582,0.9090909090909092,0.1066666666666666,3.292,,145,21,0.3643668001698871,0.496551724137931,1.3428370013336863,0.8333333333333334,0.2117647058823529,3.14,0.15
2026-09-18,Ohio State,Big Ten,2026,137,23,0.3799475988897337,0.4817518248175182,1.406900457467487,0.7142857142857143,0.1935483870967742,3.117741935483871,,140,24,-0.1122477544900086,0.3642857142857142,1.097576491078469,0.7272727272727273,0.2096774193548387,2.361290322580645,0.186
2026-09-18,Oklahoma,SEC,2026,124,22,0.1156050868468605,0.4516129032258064,1.096833600472846,0.5714285714285714,0.2307692307692307,3.055384615384616,,117,24,-0.2290988755324868,0.3076923076923077,1.248361147173218,0.5,0.2083333333333333,2.1333333333333333,0.239
2026-09-18,Oklahoma State,Big 12,2026,175,27,-0.120539195500783,0.4,1.028802341611288,0.5333333333333333,0.1842105263157894,2.876315789473684,,119,25,0.0479456960149485,0.361344537815126,1.3328402867977789,1.0,0.15,2.945,0.134
2026-09-18,Old Dominion,Sun Belt,2026,106,24,0.033284008907971,0.3773584905660377,1.4024901016608096,0.3333333333333333,0.3181818181818182,1.4106060606060606,,150,22,0.0120509778170255,0.3266666666666666,1.3623687429640408,0.5,0.2857142857142857,2.18961038961039,0.2
2026-09-18,Ole Miss,SEC,2026,140,23,0.2768580376754948,0.5428571428571428,1.142013776353691,0.75,0.1875,3.0375,,129,23,0.1378585757061767,0.4031007751937984,1.2762019335670447,0.6,0.2941176470588235,2.3205882352941174,0.155
2026-09-18,Oregon,Big Ten,2026,125,26,0.0494282179027239,0.384,1.566587410092808,0.8333333333333334,0.1372549019607843,3.2,,154,28,0.0018153496237937,0.4025974025974026,1.0896122279284166,0.7,0.136986301369863,2.9383561643835616,0.123
2026-09-18,Oregon State,Pac-12,2026,145,26,0.11079361771673,0.3517241379310344,1.634882929376421,0.6,0.0789473684210526,2.857894736842105,,151,25,0.2374810550361736,0.4503311258278146,1.2130965561953595,0.8333333333333334,0.1585365853658536,3.0609756097560976,0.172
2026-09-18,Penn State,Big Ten,2026,138,21,0.3222167833457912,0.4782608695652174,1.2465262995318598,0.7692307692307693,0.1125,2.545,,113,21,-0.1350849176813743,0.3539823008849557,1.037253531298312,0.6666666666666666,0.3035714285714285,2.258928571428572,0.177
2026-09-18,Pittsburgh,ACC,2026,209,34,0.1798409749910745,0.4593301435406698,1.2203820813959565,0.625,0.2075471698113207,3.016981132075472,,186,34,-0.0807343788416286,0.3225806451612903,1.3833742987329558,0.5833333333333334,0.2702702702702703,1.9472972972972973,0.172
2026-09-18,Purdue,Big Ten,2026,158,20,0.3108941299854006,0.5,1.1304623389649444,0.8,0.16,3.1826666666666665,,117,19,0.2136557537252784,0.4188034188034188,1.51055182193848,0.625,0.2166666666666666,2.5716666666666668,0.179
2026-09-18,Rice,American Athletic,2026,129,21,0.0039268670758448,0.4186046511627907,1.061196296851244,0.6666666666666666,0.1262135922330097,3.3864077669902914,,126,19,0.0841271372543652,0.4365079365079365,1.2114703432849558,0.6,0.1538461538461538,2.795384615384616,0.151
2026-09-18,Rutgers,Big Ten,2026,131,23,-0.0529169384087802,0.4045801526717557,1.469779676521196,0.3846153846153846,0.2372881355932203,2.716949152542373,,129,24,0.1558907367674346,0.4418604651162791,1.1203976295300062,0.75,0.1830985915492957,3.1633802816901406,0.109
2026-09-18,Sacramento State,Mid-American,2026,203,39,-0.0134863061624259,0.4088669950738916,1.1057548738363008,0.7222222222222222,0.2857142857142857,2.4824175824175825,,188,39,0.099234236960133,0.3723404255319149,1.3377447707118555,0.5833333333333334,0.1978021978021978,2.601098901098901,0.144
2026-09-18,Sam Houston,Conference USA,2026,135,23,0.0679276920034877,0.4518518518518518,1.1803148453958008,0.5555555555555556,0.2608695652173913,2.097826086956521,,143,25,0.0801298214744016,0.3286713286713286,1.5889012766547106,0.8,0.2297297297297297,2.918918918918919,0.203
2026-09-18,San Diego State,Pac-12,2026,121,23,-0.0413651342576204,0.3884297520661157,0.9233051483900416,0.6428571428571429,0.2266666666666666,3.1093333333333333,,148,26,0.0071288913535001,0.4256756756756756,0.9192161403297916,0.9,0.0985915492957746,3.511267605633803,0.101
2026-09-18,San José State,Mountain West,2026,213,37,0.1640411560777528,0.4178403755868544,1.2548924396738512,0.7142857142857143,0.196078431372549,3.226470588235294,,218,36,0.0756930654314693,0.4770642201834862,0.9896230258720576,0.9,0.1264367816091954,3.15287356321839,0.133
2026-09-18,SMU,ACC,2026,122,24,0.4587713273473277,0.5573770491803278,1.4281739344272315,0.3333333333333333,0.1886792452830188,2.9660377358490564,,131,26,-0.084622047764168,0.3282442748091603,1.2842625511359242,0.25,0.203125,2.9375,0.183
2026-09-18,South Alabama,Sun Belt,2026,162,21,0.1685310385380529,0.4382716049382716,1.2176774412969205,0.7857142857142857,0.1354166666666666,3.31875,,89,20,0.1632686372144404,0.3820224719101123,1.780175832903859,0.4285714285714285,0.3111111111111111,1.8,0.225
2026-09-18,South Carolina,SEC,2026,142,22,0.438343965195304,0.5915492957746479,1.2175363639723062,0.8333333333333334,0.0759493670886076,4.2025316455696204,,115,24,-0.0912429090065903,0.2695652173913043,1.4126566341430444,0.4,0.2448979591836734,2.091836734693877,0.139
2026-09-18,Southern Miss,Sun Belt,2026,145,23,0.1077642500321461,0.4896551724137931,1.006474011399464,0.8125,0.0769230769230769,3.7,,146,24,0.0608395926001343,0.3904109589041096,1.2299504868649154,0.7142857142857143,0.2023809523809523,3.2,0.137
2026-09-18,South Florida,American Athletic,2026,114,19,0.140587628627423,0.4736842105263157,1.0043796944285208,0.8571428571428571,0.2258064516129032,2.629032258064516,,140,19,-0.0058834549887592,0.4428571428571428,0.8079743699415228,0.7272727272727273,0.1866666666666666,3.045333333333333,0.136
2026-09-18,Stanford,ACC,2026,139,24,0.1652871164707423,0.39568345323741,1.1457214486158334,0.8571428571428571,0.1694915254237288,2.886440677966102,,145,25,0.2445848493510773,0.4482758620689655,1.3156744634857456,1.0,0.1509433962264151,2.922641509433962,0.124
2026-09-18,Syracuse,ACC,2026,238,36,0.0383775209160952,0.3991596638655462,1.3301522483231214,0.8,0.2201834862385321,2.851376146788991,,183,36,-0.1262747420529368,0.360655737704918,1.0874549775292308,0.75,0.2333333333333333,2.628888888888889,0.186
2026-09-18,TCU,Big 12,2026,143,24,0.2720895473907548,0.5104895104895105,1.1928228045964784,0.8181818181818182,0.1388888888888889,3.498611111111111,,112,24,-0.1211075290029854,0.3392857142857143,0.9668444329735346,0.0,0.2452830188679245,2.3358490566037737,0.232
2026-09-18,Temple,American Athletic,2026,121,19,0.1307173983832129,0.4380165289256198,1.1366621926292704,0.8333333333333334,0.2,3.041333333333333,,126,21,0.0889743629266326,0.4126984126984127,1.1673451255258795,0.7272727272727273,0.171875,2.05,0.143
2026-09-18,Tennessee,SEC,2026,143,24,0.3663306591413124,0.5104895104895105,1.3176765686521934,0.8181818181818182,0.1222222222222222,3.716666666666667,,132,25,-0.133299706225414,0.3636363636363636,1.0633150711559851,0.6,0.1785714285714285,3.5125,0.242
2026-09-18,Texas,SEC,2026,148,20,0.2502956329255999,0.4932432432432432,1.2917938180626174,0.75,0.2133333333333333,2.7826666666666666,,137,22,0.0500001383555945,0.4014598540145985,1.2231481170189105,0.625,0.2058823529411764,2.738235294117647,0.175
2026-09-18,Texas A&M,SEC,2026,151,25,0.2030153911456549,0.4966887417218543,1.0605418819511832,1.0,0.1481481481481481,3.208641975308642,,105,25,-0.3670736849201523,0.2761904761904762,1.1434497655113145,0.5,0.25,2.2442307692307693,0.248
2026-09-18,Texas State,Pac-12,2026,153,23,0.0713341660498197,0.4444444444444444,1.0653942023826526,0.7142857142857143,0.1348314606741573,3.2168539325842698,,144,20,0.3408355282669275,0.4791666666666667,1.3393729023888383,0.7,0.2424242424242424,2.6712121212121214,0.139
2026-09-18,Texas Tech,Big 12,2026,151,25,0.2360331407314352,0.4503311258278146,1.1224683496118188,0.7857142857142857,0.1604938271604938,3.064197530864197,,134,24,-0.0118944667262356,0.2835820895522388,1.7023564913908251,0.6666666666666666,0.1627906976744186,2.858139534883721,0.187
2026-09-18,Toledo,Mid-American,2026,118,23,0.2392459064623018,0.3898305084745763,1.849592332283392,0.5,0.2698412698412698,2.6333333333333333,,147,25,-0.1315716972417298,0.2993197278911564,1.159274640459017,0.3333333333333333,0.2253521126760563,2.5422535211267605,0.15
2026-09-18,Troy,Sun Belt,2026,139,27,0.1832232611952875,0.3669064748201439,1.5275409306952863,0.4545454545454545,0.2337662337662337,2.918181818181818,,131,25,-0.0730903667233353,0.366412213740458,1.258450956311019,0.6666666666666666,0.3518518518518518,1.4537037037037035,0.237
2026-09-18,Tulane,American Athletic,2026,107,22,0.1056401778804695,0.3364485981308411,1.4986254812812283,0.75,0.2307692307692307,2.4134615384615383,,152,23,0.0601189810986732,0.375,1.2544088524193848,0.8333333333333334,0.1590909090909091,3.1545454545454543,0.105
2026-09-18,Tulsa,American Athletic,2026,132,23,0.0855581218000294,0.3636363636363636,1.304618216522995,1.0,0.1617647058823529,2.988235294117647,,153,23,-0.0881200979720485,0.392156862745098,1.018737931677684,0.5384615384615384,0.1935483870967742,2.6048387096774195,0.15
2026-09-18,UAB,American Athletic,2026,148,17,0.125179646090532,0.4662162162162162,1.126405942245425,0.8333333333333334,0.1382978723404255,3.4340425531914893,,107,18,0.0832941743484347,0.4953271028037383,1.0527084819556491,0.5454545454545454,0.1515151515151515,3.351515151515152,0.112
2026-09-18,UCF,Big 12,2026,116,25,0.1461303427358404,0.4310344827586206,1.4198403210291637,0.6,0.1607142857142857,3.0107142857142857,,134,27,-0.099013594878991,0.291044776119403,1.1114470879006333,0.6666666666666666,0.2784810126582278,2.062025316455696,0.164
2026-09-18,UCLA,Big Ten,2026,120,26,0.2414210711755224,0.4916666666666666,1.1737632639003537,1.0,0.0704225352112676,4.164788732394366,,146,25,-0.1287180100332439,0.3219178082191781,1.2133801014622048,0.8333333333333334,0.2162162162162162,2.8027027027027027,0.192
2026-09-18,UConn,FBS Independents,2026,127,25,0.2841507501072622,0.4251968503937008,1.549718549984598,0.6666666666666666,0.2058823529411764,2.877941176470588,,151,25,0.0468040277609356,0.3774834437086092,1.1704590494412488,0.5454545454545454,0.21875,2.5328125,0.152
2026-09-18,UL Monroe,Sun Belt,2026,134,23,-0.1274140857526506,0.3656716417910448,0.8989095633271335,0.4545454545454545,0.1025641025641025,3.2371794871794872,,148,22,0.3914827680226134,0.5472972972972973,1.2758591261242125,0.9090909090909092,0.1411764705882353,3.834117647058824,0.128
2026-09-18,UNLV,Mountain West,2026,218,37,-0.0524893094452806,0.3532110091743119,1.1623632231536607,0.6875,0.1504424778761062,3.023008849557522,,206,35,0.1471056400027092,0.4126213592233009,1.1832290095991715,0.7777777777777778,0.1515151515151515,3.576767676767677,0.15
2026-09-18,USC,Big Ten,2026,221,30,0.3050545251396018,0.5701357466063348,1.097506176595752,0.7894736842105263,0.1779661016949152,3.2491525423728813,,155,30,0.0830802123434739,0.3677419354838709,1.3280287170782532,0.75,0.2207792207792207,2.433766233766234,0.135
2026-09-18,Utah,Big 12,2026,140,24,0.4085654273644835,0.5428571428571428,1.3590442825949345,0.7272727272727273,0.1707317073170731,3.818292682926829,,141,24,-0.0180149078203742,0.3262411347517731,1.4369604703869312,0.8,0.1666666666666666,2.598148148148148,0.206
2026-09-18,Utah State,Pac-12,2026,147,24,-0.125510359104815,0.3809523809523809,1.3459850217275189,0.1666666666666666,0.2753623188405797,2.9695652173913043,,142,25,0.0329839591211641,0.3873239436619718,0.9975056067009984,0.6363636363636364,0.2203389830508474,2.4067796610169494,0.099
2026-09-18,UTEP,Mountain West,2026,114,25,-0.134943446773656,0.4298245614035088,1.1795692615247384,0.4,0.2537313432835821,2.6373134328358208,,124,24,0.1797364798378444,0.4112903225806452,1.21273847936996,0.5833333333333334,0.2666666666666666,2.614666666666667,0.153
2026-09-18,UTSA,American Athletic,2026,134,23,0.3410086014875794,0.5373134328358209,1.0961411603228002,0.8,0.15,3.28,,162,25,-0.0122308165351195,0.4259259259259259,1.0332895004531055,0.5,0.1204819277108433,3.455421686746988,0.136
2026-09-18,Vanderbilt,SEC,2026,135,22,0.0770759026769088,0.4222222222222222,1.0785680522088028,0.875,0.1506849315068493,2.9712328767123286,,116,23,-0.1188975264171307,0.3275862068965517,1.3261548666811334,0.7777777777777778,0.24,2.43,0.259
2026-09-18,Virginia,ACC,2026,135,24,0.3363360115956449,0.5407407407407407,1.133641635334511,0.8666666666666667,0.1612903225806451,3.4172043010752686,,117,25,-0.3674973969331185,0.3162393162393162,0.6429044390651262,0.7142857142857143,0.2156862745098039,2.4823529411764707,0.248
2026-09-18,Virginia Tech,ACC,2026,163,25,0.3246569715301723,0.4969325153374233,1.2420419780551708,0.7,0.175,3.12625,,106,27,-0.2548073061433593,0.1981132075471698,1.6993340374331178,0.3333333333333333,0.5230769230769231,-0.4061538461538461,0.387
2026-09-18,Wake Forest,ACC,2026,137,20,0.4168473428540545,0.4744525547445255,1.3477531823845286,0.6666666666666666,0.1408450704225352,3.1169014084507043,,154,21,0.1471432253349311,0.5,0.9222951986550348,0.6,0.2285714285714285,2.857142857142857,0.143
2026-09-18,Washington,Big Ten,2026,141,24,0.0383845337142971,0.4397163120567376,0.994167021990533,0.5714285714285714,0.2542372881355932,2.649152542372881,,115,23,-0.1970220490833837,0.3130434782608696,1.346076863245751,0.0,0.3703703703703703,2.509259259259259,0.278
2026-09-18,Washington State,Pac-12,2026,109,22,-0.2204002283275828,0.2844036697247706,1.0891204891875983,0.0,0.2321428571428571,2.7767857142857144,,140,24,0.0930001435211628,0.4642857142857143,1.226918406593459,0.6,0.1764705882352941,3.1205882352941177,0.1
2026-09-18,Western Kentucky,Conference USA,2026,158,28,-0.0666697027112332,0.360759493670886,1.1031430607162849,0.6,0.2236842105263158,2.728947368421053,,121,27,0.5273760342953311,0.5041322314049587,1.6223388487633628,0.9,0.1710526315789473,3.5907894736842105,0.107
2026-09-18,Western Michigan,Mid-American,2026,128,24,0.1798153005934974,0.3984375,1.2124813230554417,0.7272727272727273,0.16,2.8666666666666667,,140,22,-0.0200984117118512,0.45,0.96082370279726,0.6875,0.1492537313432835,2.962686567164179,0.143
2026-09-18,West Virginia,Big 12,2026,140,26,0.2732145325843711,0.4785714285714286,1.1936925918671564,0.8461538461538461,0.1261261261261261,3.1585585585585587,,138,24,-0.0361489007794655,0.4130434782608695,1.207286883972729,0.5714285714285714,0.3,2.3,0.217
2026-09-18,Wisconsin,Big Ten,2026,117,20,0.0972845578595492,0.3846153846153846,1.4262012820270968,0.625,0.1666666666666666,2.873333333333333,,127,20,0.1416487925311263,0.4173228346456692,0.9995894298541818,0.75,0.0714285714285714,3.0585714285714287,0.102
2026-09-18,Wyoming,Mountain West,2026,117,23,-0.0028277350688493,0.4188034188034188,0.8959098386901093,1.0,0.1791044776119403,3.238805970149253,,130,22,0.0648907555886648,0.4230769230769231,1.172048736832227,1.0,0.1818181818181818,2.793939393939394,0.154
2026-09-19,Air Force,Mountain West,2026,147,19,0.3168724868895267,0.5238095238095238,0.9836879949098816,1.0,0.0578512396694214,4.0239669421487605,,106,20,-0.0790044128664969,0.3113207547169811,1.5288427794559412,0.8,0.2280701754385964,2.526315789473684,0.142
2026-09-19,Akron,Mid-American,2026,198,34,0.0823477777181458,0.4696969696969697,0.9691748552261226,0.75,0.1428571428571428,3.644047619047619,,179,35,0.1882900459450853,0.4078212290502793,1.4024615405652725,0.7142857142857143,0.2375,2.45375,0.179
2026-09-19,Alabama,SEC,2026,143,23,0.1923818408232353,0.5034965034965035,1.1057735881546875,0.7272727272727273,0.1785714285714285,3.1476190476190475,,108,24,-0.2874867496232187,0.287037037037037,1.1316133221653442,0.4,0.2708333333333333,1.2354166666666666,0.204
2026-09-19,App State,Sun Belt,2026,147,23,0.3906247499138722,0.5170068027210885,1.2754065166484962,0.8333333333333334,0.2,2.87625,,134,24,0.0816137293730369,0.4104477611940298,1.1852737956938326,0.6666666666666666,0.2333333333333333,2.788333333333333,0.194
2026-09-19,Arizona,Big 12,2026,137,23,0.135802341014586,0.5182481751824818,0.9553421091947132,0.9090909090909092,0.0983606557377049,3.804918032786885,,111,22,0.0356799842903723,0.3513513513513513,1.3875185132111152,1.0,0.2444444444444444,2.8266666666666667,0.18
2026-09-19,Arizona State,Big 12,2026,202,40,0.0545596120937778,0.4158415841584158,1.3964621633387664,0.7777777777777778,0.2075471698113207,2.542452830188679,,189,39,0.0223619969925078,0.3703703703703703,1.1785291351618223,0.6363636363636364,0.1489361702127659,2.907446808510638,0.169
2026-09-19,Arkansas,SEC,2026,223,34,0.0359326247214556,0.4260089686098655,1.105127804256257,0.8,0.1724137931034483,2.498850574712644,,173,34,0.207561618175815,0.4508670520231214,1.2416935966010272,0.8571428571428571,0.1868131868131868,2.6153846153846154,0.133
2026-09-19,Arkansas State,Sun Belt,2026,118,20,0.2677348692051451,0.559322033898305,1.1459291087845072,0.7857142857142857,0.123076923076923,3.666153846153846,,122,23,0.1840622775567135,0.4426229508196721,1.3669975298661934,0.75,0.1126760563380281,3.388732394366197,0.139
2026-09-19,Army,American Athletic,2026,136,21,0.4233058887319205,0.5882352941176471,1.023133708359731,0.9090909090909092,0.1018518518518518,4.018518518518518,,110,21,0.1123930409096023,0.4181818181818181,1.1406168896883957,0.8,0.2222222222222222,2.7444444444444445,0.155
2026-09-19,Auburn,SEC,2026,160,24,0.1350601071202175,0.45625,1.1762728788342502,0.7777777777777778,0.1666666666666666,3.4654761904761906,,161,24,-0.0938026930155785,0.3726708074534161,1.0994859841769764,0.5,0.1875,2.3328125,0.193
2026-09-19,Ball State,Mid-American,2026,132,26,-0.0165475090918305,0.3106060606060606,1.4686103990600792,0.6666666666666666,0.2407407407407407,2.2203703703703703,,138,24,0.3064487375002761,0.4710144927536231,1.40546812277467,0.8571428571428571,0.2033898305084746,3.1559322033898307,0.145
2026-09-19,Baylor,Big 12,2026,186,27,0.1129098582081574,0.4354838709677419,1.2376620302097634,0.6,0.1547619047619047,3.1666666666666665,,131,26,-0.1673171265798204,0.2671755725190839,1.287063470738749,0.6666666666666666,0.2631578947368421,2.285964912280702,0.214
2026-09-19,Boise State,Pac-12,2026,143,23,0.266399529110338,0.4335664335664335,1.274491848026884,0.875,0.1125,3.545,,117,24,0.1017919549297001,0.3931623931623931,1.7729801802597571,0.6666666666666666,0.2978723404255319,2.476595744680852,0.197
2026-09-19,Boston College,ACC,2026,198,35,-0.0419858820374779,0.398989898989899,1.1677823981465,0.8,0.2403846153846154,2.907692307692308,,199,33,0.0330811847969286,0.3819095477386934,1.312735823042808,0.5714285714285714,0.175438596491228,3.0298245614035086,0.176
2026-09-19,Bowling Green,Mid-American,2026,166,34,-0.1284041167043659,0.3373493975903614,0.9781496842620152,0.75,0.2282608695652173,2.384782608695652,,184,31,0.3320950443106674,0.5054347826086957,1.3714736103867096,0.7222222222222222,0.1428571428571428,3.6942857142857135,0.087
2026-09-19,Buffalo,Mid-American,2026,213,43,0.0085017426441622,0.2816901408450704,1.3142224595301073,1.0,0.2087912087912088,2.476923076923077,,213,42,0.1478660436555205,0.380281690140845,1.4148055640683084,0.75,0.198019801980198,2.997029702970297,0.155
2026-09-19,BYU,Big 12,2026,128,22,0.5050841780417508,0.59375,1.145295729412896,0.8888888888888888,0.0945945945945946,4.075675675675676,,120,22,-0.0845017673137549,0.3666666666666666,1.1347196556610346,0.8571428571428571,0.2115384615384615,2.375,0.158
2026-09-19,California,ACC,2026,149,26,-0.0808214238504401,0.3422818791946309,1.3277706209817297,0.7142857142857143,0.25,2.4140625,,140,27,0.0680250301071306,0.4142857142857143,1.3407269201878411,1.0,0.1290322580645161,3.446774193548387,0.15
2026-09-19,Central Michigan,Mid-American,2026,177,31,0.0289087387255209,0.3785310734463277,1.1436822476363226,0.9,0.1023622047244094,3.4244094488188974,,196,30,0.0545284328267655,0.4285714285714285,1.0037471838365968,1.0,0.1485148514851485,3.3059405940594058,0.148
2026-09-19,Charlotte,American Athletic,2026,139,23,0.1096877225836496,0.4172661870503597,1.3048280000711567,0.5,0.25,2.9359375,,125,23,0.3563215883954375,0.56,1.168448348521541,0.9285714285714286,0.2253521126760563,3.222535211267606,0.12
2026-09-19,Cincinnati,Big 12,2026,142,23,0.4287542479500776,0.528169014084507,1.2301502062163543,0.8571428571428571,0.0869565217391304,4.093478260869565,,131,23,-0.020274166991414,0.3893129770992366,1.1912608272935616,0.75,0.2363636363636363,2.9909090909090907,0.183
2026-09-19,Clemson,ACC,2026,194,42,-0.0553310220872129,0.3350515463917525,1.118265605011746,0.7777777777777778,0.2527472527472527,2.643956043956044,,230,37,0.1031509515165862,0.4260869565217391,1.2482162564350845,0.7647058823529411,0.1111111111111111,3.537037037037037,0.152
2026-09-19,Coastal Carolina,Sun Belt,2026,198,37,0.2313155399751384,0.4595959595959596,1.3215119832573907,0.6363636363636364,0.1752577319587628,3.461855670103093,,197,39,0.0489791843261592,0.416243654822335,1.034968241525209,0.75,0.1367521367521367,2.936752136752137,0.157
2026-09-19,Colorado,Big 12,2026,151,24,0.2555961011969566,0.4172185430463576,1.3777550783764778,0.9,0.1219512195121951,3.1390243902439026,,134,24,-0.0639601272461802,0.3432835820895522,1.3968928161860514,0.3333333333333333,0.3888888888888889,2.4,0.254
2026-09-19,Colorado State,Pac-12,2026,137,26,0.3945282894044396,0.4890510948905109,1.5102312020802011,0.9,0.234375,2.578125,,121,25,-0.0649478881821947,0.3801652892561983,1.0956779944706343,0.6666666666666666,0.1408450704225352,3.22112676056338,0.273
2026-09-19,Delaware,Conference USA,2026,204,39,0.1133101158911312,0.4215686274509804,1.3337098877387443,0.6428571428571429,0.2068965517241379,2.6436781609195403,,207,38,-0.0171581704983079,0.3623188405797101,1.2671183723139352,0.75,0.1648351648351648,2.8,0.208
2026-09-19,Duke,ACC,2026,135,22,0.0971002378932878,0.362962962962963,1.237928846463279,0.7142857142857143,0.2142857142857142,2.9095238095238094,,125,21,-0.0251186964537824,0.408,0.9843421861093068,0.7142857142857143,0.0909090909090909,2.923636363636364,0.144
2026-09-19,East Carolina,American Athletic,2026,114,25,0.1099582195243851,0.3947368421052631,1.231797520854903,0.6666666666666666,0.2452830188679245,2.371698113207547,,153,24,0.2068942194566984,0.457516339869281,1.223214237815241,0.7142857142857143,0.2247191011235955,2.7662921348314606,0.124
2026-09-19,Eastern Michigan,Mid-American,2026,255,48,-0.0685439337308425,0.3529411764705882,1.0942111052405452,0.7619047619047619,0.160377358490566,2.7943396226415094,,278,47,0.1642304419761711,0.4424460431654676,1.261627804236777,0.7142857142857143,0.1935483870967742,2.9483870967741934,0.173
2026-09-19,Florida,SEC,2026,131,22,0.503300118145704,0.5419847328244275,1.3730229556476083,1.0,0.0857142857142857,3.5085714285714285,,159,26,-0.1857093179760124,0.3333333333333333,1.1043810135770198,0.6666666666666666,0.1186440677966101,2.672881355932204,0.233
2026-09-19,Florida Atlantic,American Athletic,2026,172,24,0.0855727551307359,0.4244186046511627,1.1542662089271607,0.9090909090909092,0.1842105263157894,2.506578947368421,,125,23,0.3739127473785921,0.472,1.5780936478404288,1.0,0.1486486486486486,3.245945945945946,0.16
2026-09-19,Florida International,Conference USA,2026,156,24,-0.0028031544189282,0.391025641025641,1.1492281235386823,0.6923076923076923,0.203125,2.75,,128,22,-0.0449602235125628,0.328125,1.1153609295010591,0.8,0.2580645161290322,1.982258064516129,0.172
2026-09-19,Florida State,ACC,2026,134,22,0.2041981306396151,0.4104477611940298,1.3738286847147458,0.5,0.1392405063291139,3.3063291139240505,,134,21,0.23409225215135,0.4477611940298507,1.420966285728235,0.8333333333333334,0.1176470588235294,3.1549019607843136,0.157
2026-09-19,Fresno State,Pac-12,2026,110,21,0.0859821480957696,0.3727272727272727,1.3500903325919285,0.4285714285714285,0.2456140350877192,2.524561403508772,,136,21,0.0224727252079994,0.4705882352941176,1.0596533979596976,0.6666666666666666,0.2777777777777778,2.708333333333333,0.118
2026-09-19,Georgia,SEC,2026,188,37,0.5330756980170779,0.574468085106383,1.3604343545740536,1.0,0.12,3.428,,193,38,-0.0929945987359501,0.3316062176165803,1.158415875831898,0.625,0.2592592592592592,1.848148148148148,0.197
2026-09-19,Georgia Southern,Sun Belt,2026,145,27,0.0586021891492423,0.3655172413793103,1.2246915703732584,0.5,0.1489361702127659,3.1319148936170214,,140,29,-0.1953851267707166,0.2571428571428571,1.1628548379468289,0.75,0.3492063492063492,1.7142857142857142,0.271
2026-09-19,Georgia State,Sun Belt,2026,141,23,0.3830140743836993,0.5460992907801419,1.131271493549282,0.8181818181818182,0.1309523809523809,3.710714285714286,,113,23,-0.0190748999974009,0.3451327433628318,1.2156387691318562,1.0,0.2666666666666666,2.8,0.168
2026-09-19,Georgia Tech,ACC,2026,186,31,0.1198086250739146,0.4462365591397849,1.1062930665398056,0.6923076923076923,0.2,3.077777777777778,,205,32,0.113173254080079,0.4146341463414634,1.1613843437554303,0.7333333333333333,0.1439393939393939,3.0166666666666666,0.176
2026-09-19,Hawai'i,Mountain West,2026,230,37,0.032940963609442,0.3739130434782609,1.1626258762976511,0.8,0.1842105263157894,3.098684210526316,,205,37,0.1296644642024741,0.4341463414634146,1.2594556887364166,0.6875,0.1261261261261261,3.28018018018018,0.146
2026-09-19,Houston,Big 12,2026,216,34,0.4280489811446559,0.5740740740740741,1.1340783382648518,0.9130434782608696,0.1,3.974166666666666,,179,35,0.0362222812055209,0.3631284916201117,1.3767542256379943,0.6,0.2432432432432432,2.093243243243243,0.218
2026-09-19,Illinois,Big Ten,2026,173,29,0.2925902193221822,0.5433526011560693,1.1915549539787242,0.6666666666666666,0.119047619047619,3.270238095238095,,204,29,0.1333500889309292,0.4019607843137255,1.2627501768634204,0.75,0.2314814814814814,2.5259259259259257,0.147
2026-09-19,Indiana,Big Ten,2026,108,20,0.5826354535033924,0.5370370370370371,1.5716878414761073,0.7777777777777778,0.1216216216216216,3.413513513513513,,118,22,-0.1447228374943157,0.2796610169491525,1.5187942275986206,0.3333333333333333,0.2166666666666666,2.44,0.203
2026-09-19,Iowa,Big Ten,2026,139,24,0.0016189629623103,0.4028776978417266,1.1033428121941584,0.4285714285714285,0.1940298507462686,3.1,,113,27,-0.1812106771568968,0.2300884955752212,1.2105292522630695,0.6666666666666666,0.2033898305084746,2.2847457627118644,0.177
2026-09-19,Iowa State,Big 12,2026,162,35,0.2223740717278862,0.3888888888888889,1.4037143679813966,0.75,0.1346153846153846,3.195192307692308,,179,37,-0.201241979260413,0.3128491620111732,1.1014904568828363,0.6666666666666666,0.1894736842105263,2.347368421052632,0.19
2026-09-19,Jacksonville State,Conference USA,2026,189,30,0.1672764553474056,0.4708994708994709,1.2159433070054495,0.7647058823529411,0.203883495145631,2.82621359223301,,193,29,0.0159606914377543,0.4041450777202072,1.0715568388992387,0.75,0.1693548387096774,2.949193548387097,0.141
2026-09-19,James Madison,Sun Belt,2026,113,21,0.479539448169209,0.5398230088495575,1.3269502984625527,0.6666666666666666,0.171875,3.44375,,140,25,-0.2757064750034476,0.2571428571428571,1.277789131183439,0.8571428571428571,0.2207792207792207,1.8987012987012988,0.143
2026-09-19,Kansas,Big 12,2026,220,37,0.2015934074999597,0.4409090909090909,1.428512738577131,0.5454545454545454,0.0991735537190082,3.268595041322314,,195,39,-0.0712303723704371,0.3076923076923077,1.2346084307154783,0.75,0.2589285714285714,1.9928571428571429,0.2
2026-09-19,Kansas State,Big 12,2026,211,34,0.3564476630358938,0.5355450236966824,1.3089479502649033,0.7692307692307693,0.1367521367521367,3.393162393162393,,172,34,-0.1623541692794498,0.2732558139534883,1.3900913470198084,0.4444444444444444,0.2795698924731182,2.10752688172043,0.262
2026-09-19,Kennesaw State,Conference USA,2026,140,25,0.1300394206984425,0.5,1.1358671054399665,0.8181818181818182,0.2121212121212121,3.1045454545454545,,123,25,-0.017088871082993,0.3495934959349593,1.100274999432472,0.8571428571428571,0.2142857142857142,2.725714285714285,0.106
2026-09-19,Kent State,Mid-American,2026,174,34,-0.0674843592192811,0.3045977011494253,1.2758921979702356,0.5555555555555556,0.2210526315789473,2.8705263157894736,,189,37,0.2697543968818651,0.5396825396825397,1.1743592519070083,0.8235294117647058,0.1276595744680851,3.5074468085106383,0.127
2026-09-19,Kentucky,SEC,2026,128,23,0.0890033049944523,0.4609375,1.1097461479075743,0.6666666666666666,0.1935483870967742,3.109677419354839,,130,21,0.0797991204568392,0.4461538461538462,1.124726469100218,0.7777777777777778,0.1935483870967742,2.6016129032258064,0.208
2026-09-19,Liberty,Conference USA,2026,136,24,-0.1161019510407969,0.3823529411764705,1.2248301758367646,0.6666666666666666,0.141025641025641,2.9346153846153844,,123,22,0.0295082308777663,0.3495934959349593,1.3481465092740088,0.4,0.2698412698412698,2.673015873015873,0.211
2026-09-19,Louisiana,Sun Belt,2026,121,21,0.2872702915830525,0.4876033057851239,1.3131949696088556,0.8571428571428571,0.1884057971014492,3.1449275362318843,,137,21,0.0227366626479739,0.4598540145985401,1.1747564986988903,0.625,0.2205882352941176,2.8529411764705883,0.131
2026-09-19,Louisiana Tech,Sun Belt,2026,116,29,0.0153881373796306,0.3103448275862069,1.6505202743028289,1.0,0.1904761904761904,2.577777777777778,,150,30,-0.1153931444961112,0.34,1.201984888715524,0.6,0.2857142857142857,1.6488095238095235,0.273
2026-09-19,Louisville,ACC,2026,134,26,0.4513246740637537,0.5447761194029851,1.3397742698468325,0.75,0.1643835616438356,3.063013698630137,,142,25,0.1227723968190846,0.3732394366197183,1.2422274876914896,0.5714285714285714,0.1176470588235294,2.5544117647058826,0.148
2026-09-19,LSU,SEC,2026,182,27,0.2058175337268157,0.5,1.2978100595291884,0.625,0.1530612244897959,2.9102040816326533,,106,28,-0.4640494005969776,0.1886792452830188,0.9967369888711708,0.6666666666666666,0.2916666666666667,1.6979166666666667,0.302
2026-09-19,Marshall,Sun Belt,2026,118,25,-0.1170632261688768,0.3644067796610169,1.035413167758098,0.6153846153846154,0.3064516129032258,2.167741935483871,,144,23,0.2992968190495405,0.4722222222222222,1.181015937543059,0.8888888888888888,0.1076923076923077,3.3246153846153845,0.111
2026-09-19,Maryland,Big Ten,2026,158,25,0.3611516175193782,0.5316455696202531,1.2757908671423983,0.6428571428571429,0.1710526315789473,3.5723684210526314,,105,24,-0.2564575897215248,0.2666666666666666,1.2470561585759148,0.6666666666666666,0.2962962962962963,1.4,0.219
2026-09-19,Massachusetts,Mid-American,2026,105,20,0.3734987579677579,0.5047619047619047,1.165695439147868,0.5454545454545454,0.1818181818181818,3.4045454545454543,,134,23,-0.0902538163166447,0.3805970149253731,1.24901703536941,0.75,0.2096774193548387,2.570967741935484,0.157
2026-09-19,Memphis,American Athletic,2026,177,35,0.2350611635254864,0.4350282485875706,1.4482477541338634,0.7142857142857143,0.1844660194174757,3.2854368932038835,,217,35,0.192649272099052,0.4377880184331797,1.3872415249019707,0.8571428571428571,0.1308411214953271,3.4065420560747666,0.147
2026-09-19,Miami,ACC,2026,212,38,0.4532903721486256,0.5660377358490566,1.2823020411686614,0.8333333333333334,0.128440366972477,3.779816513761468,,177,35,-0.0341881848952202,0.3446327683615819,1.0809755355793675,0.75,0.2592592592592592,2.335185185185185,0.141
2026-09-19,Miami (OH),Mid-American,2026,115,20,0.2764031655999502,0.4521739130434782,1.281499316052608,1.0,0.1896551724137931,3.1,,123,21,0.1785536741915797,0.4552845528455284,1.2875594636535663,0.5714285714285714,0.25,2.779166666666667,0.098
2026-09-19,Michigan,Big Ten,2026,106,21,0.084462587896415,0.3490566037735849,1.3193032404170044,0.7142857142857143,0.1129032258064516,2.932258064516129,,134,22,-0.0898403883058992,0.3432835820895522,1.0126403276397398,0.6666666666666666,0.1971830985915492,2.907042253521127,0.164
2026-09-19,Michigan State,Big Ten,2026,158,20,0.1426258389428377,0.4556962025316455,1.1343727534949324,0.6428571428571429,0.1666666666666666,3.2444444444444445,,95,19,0.0674856752091822,0.3684210526315789,1.3619623909144192,0.5555555555555556,0.2682926829268293,2.629268292682927,0.232
2026-09-19,Middle Tennessee,Conference USA,2026,120,19,0.2627298867802216,0.4583333333333333,1.1566261463421283,0.75,0.0697674418604651,4.106976744186047,,113,22,0.1179669362138989,0.4336283185840708,1.152405043034228,0.7333333333333333,0.2,2.98,0.142
2026-09-19,Minnesota,Big Ten,2026,198,32,0.1605509722831893,0.494949494949495,1.0820262093641306,0.6666666666666666,0.225,2.5275,,172,34,0.0382206358842824,0.3720930232558139,1.1034427981488162,0.5833333333333334,0.2696629213483146,2.721348314606741,0.224
2026-09-19,Mississippi State,SEC,2026,148,22,0.5444014212608463,0.581081081081081,1.2894091808295536,0.7,0.1686746987951807,3.792771084337349,,136,22,-0.1004668683090555,0.3308823529411764,1.059757060940559,0.5,0.1568627450980392,2.5823529411764707,0.14
2026-09-19,Missouri,SEC,2026,153,26,0.24529734792988,0.4705882352941176,1.2251672170226928,0.7,0.1785714285714285,3.120238095238096,,121,24,-0.0639320226478284,0.2892561983471074,1.6717351608971178,0.8,0.2166666666666666,2.3666666666666667,0.231
2026-09-19,Missouri State,Conference USA,2026,120,23,0.0668812857775394,0.3666666666666666,1.3335725530755398,0.7692307692307693,0.1733333333333333,2.7746666666666666,,145,23,0.1909938154661411,0.503448275862069,1.0068807445175092,0.9090909090909092,0.1645569620253164,3.469620253164557,0.179
2026-09-19,Navy,American Athletic,2026,136,21,0.3197706471886218,0.5294117647058824,1.205369775240681,1.0,0.102803738317757,3.885046728971963,,122,21,0.1470620016920992,0.3934426229508196,1.3645400299509731,1.0,0.2280701754385964,2.631578947368421,0.148
2026-09-19,NC State,ACC,2026,201,36,0.227429163964171,0.472636815920398,1.260064759274924,0.7777777777777778,0.1346153846153846,3.316346153846154,,180,37,0.1306884503148467,0.4111111111111111,1.2279082534076984,0.7894736842105263,0.17,2.899,0.156
2026-09-19,Nebraska,Big Ten,2026,140,21,0.5175659052512254,0.5571428571428572,1.4534374670791137,0.8333333333333334,0.136986301369863,3.82054794520548,,118,23,0.0517344067502091,0.3389830508474576,1.2549763899900523,1.0,0.1451612903225806,3.05,0.212
2026-09-19,Nevada,Mountain West,2026,131,23,0.1253495981030349,0.4427480916030534,1.3284449769173483,0.7857142857142857,0.1666666666666666,3.619230769230769,,149,23,0.0804141153145403,0.4429530201342282,0.9720734947656507,0.6666666666666666,0.2025316455696202,2.9873417721518987,0.148
2026-09-19,New Mexico,Mountain West,2026,144,27,0.2352301586935282,0.4791666666666667,1.1024318664396169,0.9166666666666666,0.1276595744680851,3.401063829787234,,105,27,-0.298944742674818,0.2285714285714285,1.4412726077351177,0.5,0.2,1.6927272727272726,0.305
2026-09-19,New Mexico State,Conference USA,2026,201,34,0.1547919421257269,0.4378109452736318,1.4261327937630708,0.6875,0.1428571428571428,3.207692307692308,,202,35,0.0958815223181676,0.4158415841584158,1.162391545945404,0.8333333333333334,0.2247191011235955,2.953932584269663,0.129
2026-09-19,North Carolina,ACC,2026,182,30,0.1180247926500402,0.4835164835164835,1.037750541807011,0.7777777777777778,0.125,3.871590909090909,,206,32,-0.0185956233374603,0.3932038834951456,1.0238332099979035,0.875,0.1224489795918367,2.960204081632653,0.141
2026-09-19,North Dakota State,Mountain West,2026,199,30,0.1779024536014308,0.4321608040201005,1.3082108261820105,0.6923076923076923,0.1864406779661017,2.8686440677966103,,173,31,-0.1642277760509774,0.3815028901734104,0.9781791324953276,0.7142857142857143,0.1470588235294117,2.6372549019607843,0.156
2026-09-19,Northern Illinois,Mountain West,2026,124,26,-0.2402103302415052,0.3306451612903225,0.933563925425936,0.6,0.2280701754385964,2.3789473684210525,,143,24,0.003955245944769,0.4125874125874126,1.150449449041141,0.5454545454545454,0.1690140845070422,3.087323943661972,0.119
2026-09-19,North Texas,American Athletic,2026,224,33,0.2090856702992057,0.4464285714285714,1.322265598128833,0.625,0.1862745098039215,2.9745098039215687,,190,32,0.2626747004670615,0.4842105263157895,1.2306632228056182,0.7727272727272727,0.1491228070175438,2.7578947368421054,0.116
2026-09-19,Northwestern,Big Ten,2026,55,11,0.4796492784465596,0.509090909090909,1.4850398029259404,1.0,0.1071428571428571,3.95,,90,12,0.0899734155062539,0.4222222222222222,1.0576414342835372,0.7777777777777778,0.131578947368421,3.305263157894737,0.189
2026-09-19,Notre Dame,FBS Independents,2026,130,20,0.3882939958255484,0.5076923076923077,1.17940061549341,0.7272727272727273,0.0793650793650793,2.773015873015873,,108,21,-0.1619857880704867,0.3055555555555556,1.3646248574810422,0.6666666666666666,0.2258064516129032,2.1016129032258064,0.241
2026-09-19,Ohio,Mid-American,2026,134,21,0.0822707766879752,0.3805970149253731,1.1226937199416582,0.9090909090909092,0.1066666666666666,3.292,,145,21,0.3643668001698871,0.496551724137931,1.3428370013336863,0.8333333333333334,0.2117647058823529,3.14,0.15
2026-09-19,Ohio State,Big Ten,2026,198,36,0.3803415500915733,0.51010101010101,1.3636771972779071,0.75,0.1875,3.0708333333333333,,192,36,-0.1696528565788818,0.3177083333333333,1.0723035113363035,0.6666666666666666,0.2307692307692307,2.345054945054945,0.203
2026-09-19,Oklahoma,SEC,2026,124,22,0.1156050868468605,0.4516129032258064,1.096833600472846,0.5714285714285714,0.2307692307692307,3.055384615384616,,117,24,-0.2290988755324868,0.3076923076923077,1.248361147173218,0.5,0.2083333333333333,2.1333333333333333,0.239
2026-09-19,Oklahoma State,Big 12,2026,175,27,-0.120539195500783,0.4,1.028802341611288,0.5333333333333333,0.1842105263157894,2.876315789473684,,119,25,0.0479456960149485,0.361344537815126,1.3328402867977789,1.0,0.15,2.945,0.134
2026-09-19,Old Dominion,Sun Belt,2026,106,24,0.033284008907971,0.3773584905660377,1.4024901016608096,0.3333333333333333,0.3181818181818182,1.4106060606060606,,150,22,0.0120509778170255,0.3266666666666666,1.3623687429640408,0.5,0.2857142857142857,2.18961038961039,0.2
2026-09-19,Ole Miss,SEC,2026,140,23,0.2768580376754948,0.5428571428571428,1.142013776353691,0.75,0.1875,3.0375,,129,23,0.1378585757061767,0.4031007751937984,1.2762019335670447,0.6,0.2941176470588235,2.3205882352941174,0.155
2026-09-19,Oregon,Big Ten,2026,219,39,0.2944685562733333,0.4885844748858447,1.383016077278466,0.9230769230769232,0.0918367346938775,3.686734693877551,,192,41,-0.1109297369096197,0.3489583333333333,1.108797512817691,0.7,0.1931818181818181,2.6170454545454547,0.151
2026-09-19,Oregon State,Pac-12,2026,145,26,0.11079361771673,0.3517241379310344,1.634882929376421,0.6,0.0789473684210526,2.857894736842105,,151,25,0.2374810550361736,0.4503311258278146,1.2130965561953595,0.8333333333333334,0.1585365853658536,3.0609756097560976,0.172
2026-09-19,Penn State,Big Ten,2026,199,35,0.359828748352451,0.4723618090452261,1.3661106726862364,0.7333333333333333,0.1238938053097345,2.8690265486725663,,173,36,-0.138613480066411,0.2890173410404624,1.0386049457704862,0.7,0.2584269662921348,2.385393258426966,0.191
2026-09-19,Pittsburgh,ACC,2026,209,34,0.1798409749910745,0.4593301435406698,1.2203820813959565,0.625,0.2075471698113207,3.016981132075472,,186,34,-0.0807343788416286,0.3225806451612903,1.3833742987329558,0.5833333333333334,0.2702702702702703,1.9472972972972973,0.172
2026-09-19,Purdue,Big Ten,2026,158,20,0.3108941299854006,0.5,1.1304623389649444,0.8,0.16,3.1826666666666665,,117,19,0.2136557537252784,0.4188034188034188,1.51055182193848,0.625,0.2166666666666666,2.5716666666666668,0.179
2026-09-19,Rice,American Athletic,2026,129,21,0.0039268670758448,0.4186046511627907,1.061196296851244,0.6666666666666666,0.1262135922330097,3.3864077669902914,,126,19,0.0841271372543652,0.4365079365079365,1.2114703432849558,0.6,0.1538461538461538,2.795384615384616,0.151
2026-09-19,Rutgers,Big Ten,2026,131,23,-0.0529169384087802,0.4045801526717557,1.469779676521196,0.3846153846153846,0.2372881355932203,2.716949152542373,,129,24,0.1558907367674346,0.4418604651162791,1.1203976295300062,0.75,0.1830985915492957,3.1633802816901406,0.109
2026-09-19,Sacramento State,Mid-American,2026,203,39,-0.0134863061624259,0.4088669950738916,1.1057548738363008,0.7222222222222222,0.2857142857142857,2.4824175824175825,,188,39,0.099234236960133,0.3723404255319149,1.3377447707118555,0.5833333333333334,0.1978021978021978,2.601098901098901,0.144
2026-09-19,Sam Houston,Conference USA,2026,135,23,0.0679276920034877,0.4518518518518518,1.1803148453958008,0.5555555555555556,0.2608695652173913,2.097826086956521,,143,25,0.0801298214744016,0.3286713286713286,1.5889012766547106,0.8,0.2297297297297297,2.918918918918919,0.203
2026-09-19,San Diego State,Pac-12,2026,121,23,-0.0413651342576204,0.3884297520661157,0.9233051483900416,0.6428571428571429,0.2266666666666666,3.1093333333333333,,148,26,0.0071288913535001,0.4256756756756756,0.9192161403297916,0.9,0.0985915492957746,3.511267605633803,0.101
2026-09-19,San José State,Mountain West,2026,213,37,0.1640411560777528,0.4178403755868544,1.2548924396738512,0.7142857142857143,0.196078431372549,3.226470588235294,,218,36,0.0756930654314693,0.4770642201834862,0.9896230258720576,0.9,0.1264367816091954,3.15287356321839,0.133
2026-09-19,SMU,ACC,2026,122,24,0.4587713273473277,0.5573770491803278,1.4281739344272315,0.3333333333333333,0.1886792452830188,2.9660377358490564,,131,26,-0.084622047764168,0.3282442748091603,1.2842625511359242,0.25,0.203125,2.9375,0.183
2026-09-19,South Alabama,Sun Belt,2026,162,21,0.1685310385380529,0.4382716049382716,1.2176774412969205,0.7857142857142857,0.1354166666666666,3.31875,,89,20,0.1632686372144404,0.3820224719101123,1.780175832903859,0.4285714285714285,0.3111111111111111,1.8,0.225
2026-09-19,South Carolina,SEC,2026,142,22,0.438343965195304,0.5915492957746479,1.2175363639723062,0.8333333333333334,0.0759493670886076,4.2025316455696204,,115,24,-0.0912429090065903,0.2695652173913043,1.4126566341430444,0.4,0.2448979591836734,2.091836734693877,0.139
2026-09-19,Southern Miss,Sun Belt,2026,145,23,0.1077642500321461,0.4896551724137931,1.006474011399464,0.8125,0.0769230769230769,3.7,,146,24,0.0608395926001343,0.3904109589041096,1.2299504868649154,0.7142857142857143,0.2023809523809523,3.2,0.137
2026-09-19,South Florida,American Athletic,2026,114,19,0.140587628627423,0.4736842105263157,1.0043796944285208,0.8571428571428571,0.2258064516129032,2.629032258064516,,140,19,-0.0058834549887592,0.4428571428571428,0.8079743699415228,0.7272727272727273,0.1866666666666666,3.045333333333333,0.136
2026-09-19,Stanford,ACC,2026,139,24,0.1652871164707423,0.39568345323741,1.1457214486158334,0.8571428571428571,0.1694915254237288,2.886440677966102,,145,25,0.2445848493510773,0.4482758620689655,1.3156744634857456,1.0,0.1509433962264151,2.922641509433962,0.124
2026-09-19,Syracuse,ACC,2026,238,36,0.0383775209160952,0.3991596638655462,1.3301522483231214,0.8,0.2201834862385321,2.851376146788991,,183,36,-0.1262747420529368,0.360655737704918,1.0874549775292308,0.75,0.2333333333333333,2.628888888888889,0.186
2026-09-19,TCU,Big 12,2026,143,24,0.2720895473907548,0.5104895104895105,1.1928228045964784,0.8181818181818182,0.1388888888888889,3.498611111111111,,112,24,-0.1211075290029854,0.3392857142857143,0.9668444329735346,0.0,0.2452830188679245,2.3358490566037737,0.232
2026-09-19,Temple,American Athletic,2026,121,19,0.1307173983832129,0.4380165289256198,1.1366621926292704,0.8333333333333334,0.2,3.041333333333333,,126,21,0.0889743629266326,0.4126984126984127,1.1673451255258795,0.7272727272727273,0.171875,2.05,0.143
2026-09-19,Tennessee,SEC,2026,143,24,0.3663306591413124,0.5104895104895105,1.3176765686521934,0.8181818181818182,0.1222222222222222,3.716666666666667,,132,25,-0.133299706225414,0.3636363636363636,1.0633150711559851,0.6,0.1785714285714285,3.5125,0.242
2026-09-19,Texas,SEC,2026,148,20,0.2502956329255999,0.4932432432432432,1.2917938180626174,0.75,0.2133333333333333,2.7826666666666666,,137,22,0.0500001383555945,0.4014598540145985,1.2231481170189105,0.625,0.2058823529411764,2.738235294117647,0.175
2026-09-19,Texas A&M,SEC,2026,151,25,0.2030153911456549,0.4966887417218543,1.0605418819511832,1.0,0.1481481481481481,3.208641975308642,,105,25,-0.3670736849201523,0.2761904761904762,1.1434497655113145,0.5,0.25,2.2442307692307693,0.248
2026-09-19,Texas State,Pac-12,2026,224,34,0.216715044700096,0.4910714285714285,1.1847606512006283,0.7647058823529411,0.1386861313868613,3.2007299270073,,230,31,0.2978838404620628,0.4956521739130435,1.2771723855589443,0.7142857142857143,0.2340425531914893,2.7180851063829787,0.139
2026-09-19,Texas Tech,Big 12,2026,212,36,0.2431502465833682,0.4575471698113207,1.2081149389696697,0.7894736842105263,0.1696428571428571,3.0875,,211,35,0.095567927287579,0.3649289099526066,1.3548424344505172,0.7777777777777778,0.1538461538461538,3.1615384615384614,0.166
2026-09-19,Toledo,Mid-American,2026,118,23,0.2392459064623018,0.3898305084745763,1.849592332283392,0.5,0.2698412698412698,2.6333333333333333,,147,25,-0.1315716972417298,0.2993197278911564,1.159274640459017,0.3333333333333333,0.2253521126760563,2.5422535211267605,0.15
2026-09-19,Troy,Sun Belt,2026,139,27,0.1832232611952875,0.3669064748201439,1.5275409306952863,0.4545454545454545,0.2337662337662337,2.918181818181818,,131,25,-0.0730903667233353,0.366412213740458,1.258450956311019,0.6666666666666666,0.3518518518518518,1.4537037037037035,0.237
2026-09-19,Tulane,American Athletic,2026,166,31,0.0877532463967887,0.3373493975903614,1.5103032600923938,0.7142857142857143,0.2179487179487179,2.517948717948718,,215,33,0.1620453752223292,0.4093023255813953,1.2878147783890288,0.7692307692307693,0.1652892561983471,3.0809917355371903,0.098
2026-09-19,Tulsa,American Athletic,2026,132,23,0.0855581218000294,0.3636363636363636,1.304618216522995,1.0,0.1617647058823529,2.988235294117647,,153,23,-0.0881200979720485,0.392156862745098,1.018737931677684,0.5384615384615384,0.1935483870967742,2.6048387096774195,0.15
2026-09-19,UAB,American Athletic,2026,148,17,0.125179646090532,0.4662162162162162,1.126405942245425,0.8333333333333334,0.1382978723404255,3.4340425531914893,,107,18,0.0832941743484347,0.4953271028037383,1.0527084819556491,0.5454545454545454,0.1515151515151515,3.351515151515152,0.112
2026-09-19,UCF,Big 12,2026,116,25,0.1461303427358404,0.4310344827586206,1.4198403210291637,0.6,0.1607142857142857,3.0107142857142857,,134,27,-0.099013594878991,0.291044776119403,1.1114470879006333,0.6666666666666666,0.2784810126582278,2.062025316455696,0.164
2026-09-19,UCLA,Big Ten,2026,120,26,0.2414210711755224,0.4916666666666666,1.1737632639003537,1.0,0.0704225352112676,4.164788732394366,,146,25,-0.1287180100332439,0.3219178082191781,1.2133801014622048,0.8333333333333334,0.2162162162162162,2.8027027027027027,0.192
2026-09-19,UConn,FBS Independents,2026,127,25,0.2841507501072622,0.4251968503937008,1.549718549984598,0.6666666666666666,0.2058823529411764,2.877941176470588,,151,25,0.0468040277609356,0.3774834437086092,1.1704590494412488,0.5454545454545454,0.21875,2.5328125,0.152
2026-09-19,UL Monroe,Sun Belt,2026,134,23,-0.1274140857526506,0.3656716417910448,0.8989095633271335,0.4545454545454545,0.1025641025641025,3.2371794871794872,,148,22,0.3914827680226134,0.5472972972972973,1.2758591261242125,0.9090909090909092,0.1411764705882353,3.834117647058824,0.128
2026-09-19,UNLV,Mountain West,2026,218,37,-0.0524893094452806,0.3532110091743119,1.1623632231536607,0.6875,0.1504424778761062,3.023008849557522,,206,35,0.1471056400027092,0.4126213592233009,1.1832290095991715,0.7777777777777778,0.1515151515151515,3.576767676767677,0.15
2026-09-19,USC,Big Ten,2026,221,30,0.3050545251396018,0.5701357466063348,1.097506176595752,0.7894736842105263,0.1779661016949152,3.2491525423728813,,155,30,0.0830802123434739,0.3677419354838709,1.3280287170782532,0.75,0.2207792207792207,2.433766233766234,0.135
2026-09-19,Utah,Big 12,2026,140,24,0.4085654273644835,0.5428571428571428,1.3590442825949345,0.7272727272727273,0.1707317073170731,3.818292682926829,,141,24,-0.0180149078203742,0.3262411347517731,1.4369604703869312,0.8,0.1666666666666666,2.598148148148148,0.206
2026-09-19,Utah State,Pac-12,2026,147,24,-0.125510359104815,0.3809523809523809,1.3459850217275189,0.1666666666666666,0.2753623188405797,2.9695652173913043,,142,25,0.0329839591211641,0.3873239436619718,0.9975056067009984,0.6363636363636364,0.2203389830508474,2.4067796610169494,0.099
2026-09-19,UTEP,Mountain West,2026,114,25,-0.134943446773656,0.4298245614035088,1.1795692615247384,0.4,0.2537313432835821,2.6373134328358208,,124,24,0.1797364798378444,0.4112903225806452,1.21273847936996,0.5833333333333334,0.2666666666666666,2.614666666666667,0.153
2026-09-19,UTSA,American Athletic,2026,134,23,0.3410086014875794,0.5373134328358209,1.0961411603228002,0.8,0.15,3.28,,162,25,-0.0122308165351195,0.4259259259259259,1.0332895004531055,0.5,0.1204819277108433,3.455421686746988,0.136
2026-09-19,Vanderbilt,SEC,2026,193,33,0.1750344723011998,0.4352331606217616,1.2154990741584226,0.8571428571428571,0.1354166666666666,3.173958333333333,,195,35,-0.0318602640196943,0.3538461538461538,1.3382165592887385,0.75,0.2134831460674157,2.5179775280898875,0.205
2026-09-19,Virginia,ACC,2026,135,24,0.3363360115956449,0.5407407407407407,1.133641635334511,0.8666666666666667,0.1612903225806451,3.4172043010752686,,117,25,-0.3674973969331185,0.3162393162393162,0.6429044390651262,0.7142857142857143,0.2156862745098039,2.4823529411764707,0.248
2026-09-19,Virginia Tech,ACC,2026,163,25,0.3246569715301723,0.4969325153374233,1.2420419780551708,0.7,0.175,3.12625,,106,27,-0.2548073061433593,0.1981132075471698,1.6993340374331178,0.3333333333333333,0.5230769230769231,-0.4061538461538461,0.387
2026-09-19,Wake Forest,ACC,2026,201,31,0.3011900579136068,0.4577114427860697,1.3271131040392603,0.7142857142857143,0.1547619047619047,3.013095238095238,,222,33,0.1788921164663728,0.481981981981982,0.9825144357948696,0.6470588235294118,0.2156862745098039,2.933333333333333,0.113
2026-09-19,Washington,Big Ten,2026,141,24,0.0383845337142971,0.4397163120567376,0.994167021990533,0.5714285714285714,0.2542372881355932,2.649152542372881,,115,23,-0.1970220490833837,0.3130434782608696,1.346076863245751,0.0,0.3703703703703703,2.509259259259259,0.278
2026-09-19,Washington State,Pac-12,2026,109,22,-0.2204002283275828,0.2844036697247706,1.0891204891875983,0.0,0.2321428571428571,2.7767857142857144,,140,24,0.0930001435211628,0.4642857142857143,1.226918406593459,0.6,0.1764705882352941,3.1205882352941177,0.1
2026-09-19,Western Kentucky,Conference USA,2026,158,28,-0.0666697027112332,0.360759493670886,1.1031430607162849,0.6,0.2236842105263158,2.728947368421053,,121,27,0.5273760342953311,0.5041322314049587,1.6223388487633628,0.9,0.1710526315789473,3.5907894736842105,0.107
2026-09-19,Western Michigan,Mid-American,2026,128,24,0.1798153005934974,0.3984375,1.2124813230554417,0.7272727272727273,0.16,2.8666666666666667,,140,22,-0.0200984117118512,0.45,0.96082370279726,0.6875,0.1492537313432835,2.962686567164179,0.143
2026-09-19,West Virginia,Big 12,2026,140,26,0.2732145325843711,0.4785714285714286,1.1936925918671564,0.8461538461538461,0.1261261261261261,3.1585585585585587,,138,24,-0.0361489007794655,0.4130434782608695,1.207286883972729,0.5714285714285714,0.3,2.3,0.217
2026-09-19,Wisconsin,Big Ten,2026,180,29,0.2069186010153223,0.4444444444444444,1.3630650231023325,0.5833333333333334,0.1555555555555555,2.908888888888889,,190,31,0.0331764083427949,0.3736842105263158,1.032472084559509,0.6923076923076923,0.0909090909090909,2.9626262626262627,0.147
2026-09-19,Wyoming,Mountain West,2026,178,32,0.009254817488567,0.4157303370786517,1.0105063982860265,1.0,0.1684210526315789,3.414736842105264,,195,31,0.1416542906462946,0.4512820512820513,1.117437090793587,0.9523809523809524,0.1451612903225806,3.264516129032258,0.118
2026-09-22,Air Force,Mountain West,2026,147,19,0.3168724868895267,0.5238095238095238,0.9836879949098817,1.0,0.05785123966942149,4.0239669421487605,,106,20,-0.07900441286649691,0.3113207547169811,1.5288427794559412,0.8,0.22807017543859648,2.526315789473684,0.142
2026-09-22,Akron,Mid-American,2026,201,35,0.07605377732040262,0.4626865671641791,0.9642795436287743,0.75,0.1511627906976744,3.58953488372093,,183,36,0.18063919809281123,0.4098360655737705,1.3769336394286464,0.7142857142857143,0.23809523809523808,2.4976190476190476,0.175
2026-09-22,Alabama,SEC,2026,210,35,0.27693741394471405,0.5,1.211557126093941,0.7857142857142857,0.2,3.1525,,174,36,-0.11283151637951394,0.3333333333333333,1.4762735016109303,0.5,0.2625,1.7125,0.218
2026-09-22,App State,Sun Belt,2026,225,35,0.2785529402721717,0.48,1.3105648913066963,0.6923076923076923,0.23008849557522124,2.6008849557522122,,193,35,0.0024673265621209164,0.37823834196891193,1.1547520965544027,0.75,0.24705882352941178,2.2905882352941176,0.187
2026-09-22,Arizona,Big 12,2026,204,32,0.23010980308251813,0.5196078431372549,1.1195587301403327,0.8666666666666667,0.11904761904761904,3.572619047619048,,179,31,0.03608100695228327,0.36312849162011174,1.3955765830928069,1.0,0.22388059701492538,2.816417910447761,0.156
2026-09-22,Arizona State,Big 12,2026,202,40,0.05815854025441106,0.4158415841584158,1.3964621633387664,0.7777777777777778,0.19811320754716982,2.689622641509434,,189,39,0.022551746319826826,0.37037037037037035,1.1790414583455835,0.6363636363636364,0.14893617021276595,2.907446808510638,0.159
2026-09-22,Arkansas,SEC,2026,226,34,0.0383022155982356,0.4247787610619469,1.1062539239793385,0.8,0.17045454545454544,2.481818181818182,,174,35,0.2285549209831052,0.4540229885057471,1.228750709383848,0.8571428571428571,0.18478260869565216,3.1630434782608696,0.132
2026-09-22,Arkansas State,Sun Belt,2026,174,31,0.1200357682754458,0.4885057471264368,1.1593313158849803,0.7368421052631579,0.12903225806451613,3.49247311827957,,190,34,0.19418746105410742,0.4473684210526316,1.3599380152475555,0.7692307692307693,0.13761467889908258,3.210091743119266,0.126
2026-09-22,Army,American Athletic,2026,136,21,0.4233058887319205,0.5882352941176471,1.023133708359731,0.9090909090909091,0.10185185185185185,4.018518518518518,,110,21,0.11239304090960231,0.41818181818181815,1.1406168896883957,0.8,0.2222222222222222,2.7444444444444445,0.155
2026-09-22,Auburn,SEC,2026,227,35,0.14439366000583173,0.44933920704845814,1.2561727910422085,0.8333333333333334,0.14814814814814814,3.4611111111111112,,238,35,0.036277177538643804,0.37815126050420167,1.2569499493104435,0.7142857142857143,0.18421052631578946,2.517543859649123,0.164
2026-09-22,Ball State,Mid-American,2026,190,37,0.04401645573720784,0.35789473684210527,1.3049537714333181,0.8571428571428571,0.19540229885057472,2.7045977011494253,,202,34,0.36859089293424857,0.4900990099009901,1.4124383797790196,0.7857142857142857,0.16494845360824742,3.2577319587628866,0.129
2026-09-22,Baylor,Big 12,2026,255,40,0.14010923976080134,0.41568627450980394,1.303217874476822,0.6666666666666666,0.14285714285714285,3.0753968253968256,,208,38,-0.1002542158990048,0.3076923076923077,1.2408576509914997,0.4444444444444444,0.27472527472527475,2.4703296703296704,0.202
2026-09-22,Boise State,Pac-12,2026,223,35,0.2779730706109856,0.49327354260089684,1.1621191163478115,0.7857142857142857,0.11904761904761904,3.7214285714285715,,167,37,0.07638211783256225,0.3473053892215569,1.8928305840697792,0.6666666666666666,0.29850746268656714,2.2388059701492535,0.21
2026-09-22,Boston College,ACC,2026,198,35,-0.03839113335176762,0.398989898989899,1.1767920214347363,0.8,0.2403846153846154,2.9269230769230767,,199,33,0.03308118479692869,0.38190954773869346,1.312735823042808,0.5714285714285714,0.17543859649122806,3.0298245614035086,0.176
2026-09-22,Bowling Green,Mid-American,2026,169,35,-0.08026723870050456,0.3431952662721893,0.9820377399462173,0.7777777777777778,0.22916666666666666,2.410416666666667,,189,31,0.32464264561906675,0.5026455026455027,1.3603279439569822,0.7222222222222222,0.14545454545454545,3.6627272727272726,0.085
2026-09-22,Buffalo,Mid-American,2026,215,43,0.015234060074129712,0.28837209302325584,1.2954483758796413,1.0,0.20430107526881722,2.455913978494624,,221,43,0.14427763587385836,0.38461538461538464,1.379185290728417,0.7142857142857143,0.2037037037037037,2.9537037037037037,0.149
2026-09-22,BYU,Big 12,2026,187,34,0.44803842507070435,0.5989304812834224,1.1573847531361499,0.9411764705882353,0.12173913043478261,3.9521739130434783,,187,33,-0.06061636019263051,0.3689839572192513,1.1821843427834813,0.7692307692307693,0.2236842105263158,2.4105263157894736,0.171
2026-09-22,California,ACC,2026,220,37,0.09362701358028457,0.41818181818181815,1.2582025646912127,0.7,0.20430107526881722,2.7440860215053764,,202,40,0.000409529487860479,0.3712871287128713,1.3446509792779333,0.9166666666666666,0.15730337078651685,3.201123595505618,0.134
2026-09-22,Central Michigan,Mid-American,2026,177,31,0.028430280619207417,0.3785310734463277,1.1424182612957632,0.9,0.10236220472440945,3.420472440944882,,196,30,0.0829784009632448,0.4336734693877551,1.0484976060221636,1.0,0.1485148514851485,3.3059405940594058,0.148
2026-09-22,Charlotte,American Athletic,2026,198,34,0.024174483482978192,0.3838383838383838,1.2471956353873381,0.6111111111111112,0.25842696629213485,2.4191011235955058,,203,35,0.24528459050901036,0.5024630541871922,1.239230366591621,0.8095238095238095,0.25,2.8134615384615387,0.113
2026-09-22,Cincinnati,Big 12,2026,219,36,0.36060840070503025,0.5159817351598174,1.2263927529442558,0.9047619047619048,0.11382113821138211,3.713821138211382,,189,34,0.05491139050094565,0.3915343915343915,1.339590996303524,0.5714285714285714,0.21951219512195122,2.973170731707317,0.201
2026-09-22,Clemson,ACC,2026,194,42,-0.05558108455466831,0.33505154639175255,1.1182656050117459,0.7777777777777778,0.25274725274725274,2.621978021978022,,230,37,0.10315095151658625,0.4260869565217391,1.2482162564350843,0.7647058823529411,0.1111111111111111,3.537037037037037,0.152
2026-09-22,Coastal Carolina,Sun Belt,2026,198,37,0.23131553997513848,0.4595959595959596,1.3215119832573907,0.6363636363636364,0.17525773195876287,3.461855670103093,,198,39,0.04243940202623756,0.41414141414141414,1.034968241525209,0.75,0.1440677966101695,2.9016949152542373,0.157
2026-09-22,Colorado,Big 12,2026,212,36,0.14103276394380493,0.41509433962264153,1.2968168530387179,0.7333333333333333,0.11607142857142858,3.2973214285714287,,209,37,0.03612359655122316,0.3923444976076555,1.2419615508626562,0.5384615384615384,0.3333333333333333,2.3504761904761904,0.201
2026-09-22,Colorado State,Pac-12,2026,204,37,0.2590947469119457,0.45098039215686275,1.4437885363298715,0.8125,0.23863636363636365,2.5534090909090907,,180,37,0.06263175682684469,0.45555555555555555,1.1339732275794863,0.9090909090909091,0.15178571428571427,3.407142857142857,0.211
2026-09-22,Delaware,Conference USA,2026,205,39,0.10667983380845092,0.4195121951219512,1.3337098877387445,0.6428571428571429,0.2159090909090909,2.6,,207,38,-0.017158170498307927,0.36231884057971014,1.2671183723139352,0.75,0.16483516483516483,2.8,0.208
2026-09-22,Duke,ACC,2026,207,35,0.20304089678445186,0.4057971014492754,1.2899466485869218,0.6923076923076923,0.19083969465648856,3.0641221374045804,,185,33,-0.06025531424407931,0.3891891891891892,1.0073238162407336,0.7777777777777778,0.12162162162162163,2.9662162162162162,0.162
2026-09-22,East Carolina,American Athletic,2026,181,38,-0.032751989178197584,0.35359116022099446,1.1797205717722927,0.6666666666666666,0.20618556701030927,2.3804123711340206,,217,37,0.0731525341763409,0.39631336405529954,1.2891738260788386,0.5,0.2595419847328244,2.4366412213740456,0.147
2026-09-22,Eastern Michigan,Mid-American,2026,256,48,-0.09883573205508756,0.3515625,1.0942111052405452,0.7619047619047619,0.16037735849056603,2.7943396226415094,,278,47,0.16423044197617112,0.44244604316546765,1.261627804236777,0.7142857142857143,0.1935483870967742,2.9483870967741934,0.173
2026-09-22,Florida,SEC,2026,208,33,0.43109864089804134,0.4855769230769231,1.4320887746366489,1.0,0.125,3.194166666666667,,226,37,-0.08123910564644679,0.36283185840707965,1.229193881109598,0.75,0.10843373493975904,2.896385542168675,0.217
2026-09-22,Florida Atlantic,American Athletic,2026,239,35,0.07867872124856834,0.41422594142259417,1.1237432133730278,0.8235294117647058,0.1650485436893204,2.520388349514563,,203,34,0.2193398532502586,0.42857142857142855,1.5232917278478697,1.0,0.17592592592592593,2.922222222222222,0.163
2026-09-22,Florida International,Conference USA,2026,234,35,-0.011326475649035637,0.3803418803418803,1.230581692539764,0.7333333333333333,0.21428571428571427,2.5653061224489795,,195,33,-0.008560041608650216,0.3487179487179487,1.0857985869307574,0.7272727272727273,0.21348314606741572,2.157303370786517,0.164
2026-09-22,Florida State,ACC,2026,200,34,0.1938921730749031,0.41,1.5378588751904794,0.5333333333333333,0.17117117117117117,3.0531531531531533,,201,33,0.308530425268399,0.4626865671641791,1.4285567423271013,0.8888888888888888,0.1724137931034483,3.1586206896551725,0.149
2026-09-22,Fresno State,Pac-12,2026,179,37,0.06663078590970507,0.3463687150837989,1.390916776503291,0.45454545454545453,0.2553191489361702,2.478723404255319,,206,36,-0.041841615280780745,0.4223300970873786,1.072078679075987,0.5625,0.24242424242424243,2.7919191919191917,0.146
2026-09-22,Georgia,SEC,2026,189,38,0.5506805689621955,0.5767195767195767,1.3499643651416666,1.0,0.1188118811881188,3.9188118811881187,,196,38,-0.08828893950878446,0.33163265306122447,1.1592592515525166,0.625,0.25609756097560976,1.8378048780487806,0.199
2026-09-22,Georgia Southern,Sun Belt,2026,218,37,0.05175638571736674,0.39908256880733944,1.1138796143115484,0.75,0.1411764705882353,3.0988235294117645,,191,38,-0.04504462946230549,0.29842931937172773,1.235281547468314,0.7142857142857143,0.3218390804597701,2.0022988505747126,0.236
2026-09-22,Georgia State,Sun Belt,2026,228,36,0.25563262584852103,0.49122807017543857,1.2398509323171691,0.6666666666666666,0.1440677966101695,3.5406779661016947,,169,35,0.06275795900833797,0.3727810650887574,1.2638678640384742,1.0,0.21428571428571427,3.194047619047619,0.154
2026-09-22,Georgia Tech,ACC,2026,189,32,0.10699389870324798,0.43915343915343913,1.1062930665398056,0.6923076923076923,0.22580645161290322,2.913978494623656,,208,33,0.11156896979859443,0.40865384615384615,1.1613843437554305,0.7333333333333333,0.14074074074074075,3.0459259259259257,0.173
2026-09-22,Hawai'i,Mountain West,2026,230,37,0.032940963609442014,0.3739130434782609,1.1626258762976511,0.8,0.18421052631578946,3.098684210526316,,205,37,0.12966446420247416,0.43414634146341463,1.2594556887364166,0.6875,0.12612612612612611,3.28018018018018,0.146
2026-09-22,Houston,Big 12,2026,216,34,0.4280489811446559,0.5740740740740741,1.1340783382648518,0.9130434782608695,0.1,3.9741666666666666,,179,35,0.03622228120552095,0.36312849162011174,1.3767542256379945,0.6,0.24324324324324326,2.093243243243243,0.218
2026-09-22,Illinois,Big Ten,2026,173,29,0.29259021932218227,0.5433526011560693,1.1915549539787242,0.6666666666666666,0.11904761904761904,3.270238095238095,,205,29,0.08403508707834638,0.4,1.2627501768634204,0.75,0.23148148148148148,2.5259259259259257,0.146
2026-09-22,Indiana,Big Ten,2026,176,32,0.48206667347817056,0.5170454545454546,1.4491903416756193,0.8235294117647058,0.09649122807017543,3.570175438596491,,179,34,-0.22387516825392986,0.2681564245810056,1.4045820343465054,0.45454545454545453,0.2696629213483146,2.1696629213483147,0.207
2026-09-22,Iowa,Big Ten,2026,203,37,0.21382658765063556,0.4729064039408867,1.2194749322923168,0.5294117647058824,0.14018691588785046,3.6598130841121495,,174,40,-0.24823301830915565,0.2413793103448276,1.0309294386987973,0.6666666666666666,0.2375,2.24875,0.207
2026-09-22,Iowa State,Big 12,2026,167,35,0.21722497897460108,0.38922155688622756,1.3864325245042661,0.75,0.13761467889908258,3.186238532110092,,182,38,-0.15534282557733214,0.31868131868131866,1.1011253824766654,0.6923076923076923,0.1919191919191919,2.3737373737373737,0.187
2026-09-22,Jacksonville State,Conference USA,2026,240,39,0.20985684825524853,0.4583333333333333,1.2433384396644824,0.75,0.2125984251968504,2.8133858267716536,,266,39,0.022052586869294736,0.42105263157894735,1.0319670236559164,0.8181818181818182,0.16049382716049382,2.974691358024691,0.148
2026-09-22,James Madison,Sun Belt,2026,188,34,0.3574088414100914,0.5053191489361702,1.2414056076670654,0.75,0.14953271028037382,3.37196261682243,,218,38,-0.20533234912592693,0.2798165137614679,1.3221115069673097,0.8,0.18487394957983194,2.421848739495798,0.156
2026-09-22,Kansas,Big 12,2026,220,37,0.20175641942206554,0.4409090909090909,1.4288824563386082,0.5454545454545454,0.09917355371900827,3.268595041322314,,195,39,-0.06750225191685817,0.3076923076923077,1.2346084307154783,0.75,0.25,2.132142857142857,0.2
2026-09-22,Kansas State,Big 12,2026,215,34,0.34250688157852444,0.5302325581395348,1.3053117643891836,0.7692307692307693,0.15,3.276666666666667,,172,34,-0.16106067318237166,0.27325581395348836,1.3900913470198084,0.4444444444444444,0.27956989247311825,2.10752688172043,0.262
2026-09-22,Kennesaw State,Conference USA,2026,206,36,0.10709145551108877,0.4563106796116505,1.0927372016862917,0.8571428571428571,0.22340425531914893,3.075531914893617,,190,35,0.12186682768748443,0.4105263157894737,1.0811429725156738,0.9,0.1891891891891892,3.2054054054054055,0.095
2026-09-22,Kent State,Mid-American,2026,178,36,-0.11274592321948414,0.30337078651685395,1.2519576869538582,0.5555555555555556,0.21428571428571427,2.9255102040816325,,193,38,0.2420697151288888,0.533678756476684,1.1771838688351126,0.8235294117647058,0.12371134020618557,3.502061855670103,0.13
2026-09-22,Kentucky,SEC,2026,183,34,0.197592010357627,0.4808743169398907,1.1916657397526205,0.75,0.17894736842105263,3.130526315789474,,215,31,0.027959791297163954,0.4372093023255814,1.139726585134772,0.75,0.1958762886597938,2.831958762886598,0.186
2026-09-22,Liberty,Conference USA,2026,200,34,0.0818778462806586,0.43,1.304269078619548,0.6875,0.12931034482758622,3.092241379310345,,181,33,0.07832547065279769,0.3867403314917127,1.2356304284969253,0.6666666666666666,0.21875,2.95625,0.204
2026-09-22,Louisiana,Sun Belt,2026,192,33,0.20217965819748757,0.4375,1.2432876137468538,0.75,0.16101694915254236,3.1805084745762713,,197,33,-0.06258017633343,0.4263959390862944,1.142978736577307,0.5,0.22105263157894736,2.7263157894736842,0.152
2026-09-22,Louisiana Tech,Sun Belt,2026,193,41,0.014770417673578454,0.33678756476683935,1.4428676625000247,0.5,0.2268041237113402,2.6484536082474226,,219,43,-0.011791548685523416,0.3470319634703196,1.305153941737421,0.6666666666666666,0.23015873015873015,2.0634920634920637,0.242
2026-09-22,Louisville,ACC,2026,195,39,0.4369732495800964,0.5282051282051282,1.3719114071977687,0.6666666666666666,0.19090909090909092,2.8545454545454545,,224,38,0.07768548327751025,0.39285714285714285,1.239628764374254,0.6086956521739131,0.11818181818181818,2.8836363636363638,0.138
2026-09-22,LSU,SEC,2026,252,37,0.21312793524185122,0.4880952380952381,1.2496780329097714,0.7,0.15942028985507245,3.0318840579710145,,179,38,-0.1478507261367945,0.2905027932960894,1.2710532146221185,0.8333333333333334,0.2676056338028169,1.7887323943661972,0.223
2026-09-22,Marshall,Sun Belt,2026,191,35,0.05806840597070129,0.418848167539267,1.0677573277672456,0.6470588235294118,0.2336448598130841,2.774766355140187,,208,32,0.3261686843091499,0.5,1.1627874499307767,0.8571428571428571,0.11,3.49,0.106
2026-09-22,Maryland,Big Ten,2026,224,34,0.346887270517728,0.5267857142857143,1.2529993753707287,0.6842105263157895,0.17894736842105263,3.409473684210526,,181,33,0.013541000610887186,0.3701657458563536,1.2472385291318822,0.75,0.25842696629213485,1.9168539325842697,0.149
2026-09-22,Massachusetts,Mid-American,2026,166,33,0.28684973660729757,0.46987951807228917,1.2333715097586133,0.625,0.15151515151515152,3.375757575757576,,194,36,-0.14673122458810312,0.33505154639175255,1.2112790441286214,0.6,0.25842696629213485,2.308988764044944,0.17
2026-09-22,Memphis,American Athletic,2026,254,44,0.26206601300991084,0.47244094488188976,1.369827052932887,0.75,0.14788732394366197,3.4640845070422537,,275,45,0.1795247018535912,0.41818181818181815,1.3998643995610853,0.8421052631578947,0.12686567164179105,3.388805970149254,0.149
2026-09-22,Miami,ACC,2026,212,38,0.45326962546109584,0.5660377358490566,1.2823020411686614,0.8333333333333334,0.12844036697247707,3.779816513761468,,177,35,-0.03453354423662721,0.3446327683615819,1.0799734273264323,0.75,0.25925925925925924,2.335185185185185,0.141
2026-09-22,Miami (OH),Mid-American,2026,173,31,0.2590782238413193,0.43352601156069365,1.4001786129229967,0.75,0.18823529411764706,3.048235294117647,,200,34,0.20026119235527454,0.47,1.2598345274582345,0.7857142857142857,0.22784810126582278,2.7037974683544306,0.1
2026-09-22,Michigan,Big Ten,2026,177,31,0.18286849634496954,0.4293785310734463,1.2246873889498353,0.7272727272727273,0.13592233009708737,3.10873786407767,,181,33,-0.13011532923622413,0.32044198895027626,1.078546934620456,0.7142857142857143,0.25252525252525254,2.613131313131313,0.193
2026-09-22,Michigan State,Big Ten,2026,206,29,0.08493402859508449,0.4368932038834951,1.126866158183978,0.6666666666666666,0.19298245614035087,2.9894736842105263,,163,29,0.1139233820112888,0.4171779141104294,1.1901511284007966,0.6153846153846154,0.27710843373493976,2.763855421686747,0.166
2026-09-22,Middle Tennessee,Conference USA,2026,189,30,0.22301551115410287,0.42328042328042326,1.189863169661794,0.6666666666666666,0.1,3.8,,171,32,0.06842294481217574,0.4093567251461988,1.1614491945782255,0.6363636363636364,0.22448979591836735,2.6806122448979592,0.135
2026-09-22,Minnesota,Big Ten,2026,202,33,0.15416904722220626,0.49504950495049505,1.069288990135684,0.6666666666666666,0.2261904761904762,2.567857142857143,,175,35,0.03174799214459782,0.3657142857142857,1.0963292984839195,0.5833333333333334,0.27472527472527475,2.69010989010989,0.22
2026-09-22,Mississippi State,SEC,2026,211,35,0.4624899417763746,0.5355450236966824,1.3347419186985219,0.75,0.18584070796460178,3.4787610619469027,,215,34,-0.017813095607442826,0.3488372093023256,1.1557258020648962,0.5384615384615384,0.16091954022988506,2.854022988505747,0.149
2026-09-22,Missouri,SEC,2026,203,39,0.22969243933535627,0.43349753694581283,1.2852563819381053,0.6363636363636364,0.17857142857142858,3.1107142857142858,,193,37,-0.07350907725239095,0.3160621761658031,1.4936472773462453,0.8,0.24242424242424243,2.3212121212121213,0.254
2026-09-22,Missouri State,Conference USA,2026,184,32,0.17809836242648955,0.43478260869565216,1.2412250421899567,0.7777777777777778,0.15454545454545454,3.1,,218,33,0.24127811683909117,0.5045871559633027,1.0400010396141783,0.8666666666666667,0.1532258064516129,3.520967741935484,0.17
2026-09-22,Navy,American Athletic,2026,136,21,0.3197706471886218,0.5294117647058824,1.205369775240681,1.0,0.102803738317757,3.885046728971963,,122,21,0.14706200169209924,0.39344262295081966,1.3645400299509731,1.0,0.22807017543859648,2.6315789473684212,0.148
2026-09-22,NC State,ACC,2026,202,37,0.2024040085401232,0.47029702970297027,1.260064759274924,0.7777777777777778,0.13333333333333333,3.303809523809524,,180,37,0.13068845031484674,0.4111111111111111,1.2279082534076984,0.7894736842105263,0.17,2.899,0.156
2026-09-22,Nebraska,Big Ten,2026,212,31,0.47057877802930037,0.5141509433962265,1.4704221468151208,0.7368421052631579,0.1271186440677966,3.630508474576271,,175,34,0.02532644665014106,0.3314285714285714,1.387356724013442,0.75,0.16129032258064516,2.9720430107526883,0.183
2026-09-22,Nevada,Mountain West,2026,189,33,0.07825850329211136,0.41798941798941797,1.289663356620314,0.6666666666666666,0.1981981981981982,3.1648648648648647,,218,34,0.1036882953044283,0.41743119266055045,1.0519941338314223,0.65,0.1810344827586207,3.132758620689655,0.124
2026-09-22,New Mexico,Mountain West,2026,201,37,0.10208514421632456,0.4079601990049751,1.1669383976411618,0.8666666666666667,0.15079365079365079,3.1880952380952383,,166,37,-0.2195335782064906,0.2710843373493976,1.4141618090723207,0.42857142857142855,0.2441860465116279,1.722093023255814,0.259
2026-09-22,New Mexico State,Conference USA,2026,201,34,0.1547919421257269,0.43781094527363185,1.4261327937630708,0.6875,0.14285714285714285,3.207692307692308,,202,35,0.09588152231816763,0.4158415841584158,1.162391545945404,0.8333333333333334,0.2247191011235955,2.953932584269663,0.129
2026-09-22,North Carolina,ACC,2026,182,30,0.11802479265004023,0.4835164835164835,1.037750541807011,0.7777777777777778,0.125,3.871590909090909,,206,32,-0.018831119059238684,0.3932038834951456,1.0238332099979037,0.875,0.12244897959183673,2.9397959183673468,0.141
2026-09-22,North Dakota State,Mountain West,2026,260,41,0.156824607490598,0.4,1.4137345404833734,0.6923076923076923,0.19078947368421054,2.8263157894736843,,240,42,-0.15609768018813192,0.39166666666666666,1.024351033572395,0.7142857142857143,0.1796875,2.64609375,0.183
2026-09-22,Northern Illinois,Mountain West,2026,192,35,-0.14212530709228788,0.3489583333333333,1.1175429377352588,0.7333333333333333,0.21518987341772153,2.4949367088607595,,210,33,0.13763371085684475,0.44761904761904764,1.2629835439944463,0.6,0.1702127659574468,3.0553191489361704,0.124
2026-09-22,North Texas,American Athletic,2026,224,33,0.20908567029920572,0.44642857142857145,1.322265598128833,0.625,0.18627450980392157,2.9745098039215687,,190,32,0.2626747004670615,0.4842105263157895,1.2306632228056182,0.7727272727272727,0.14912280701754385,2.7578947368421054,0.116
2026-09-22,Northwestern,Big Ten,2026,130,24,0.3269323003442659,0.49230769230769234,1.236951439189153,0.8,0.21518987341772153,2.8835443037974686,,151,24,-0.003963297543648618,0.41721854304635764,1.0716140894041821,0.6428571428571429,0.11764705882352941,3.4926470588235294,0.185
2026-09-22,Notre Dame,FBS Independents,2026,198,30,0.316346422122672,0.5,1.1222427643617632,0.7333333333333333,0.1619047619047619,2.821904761904762,,156,30,-0.1444419088076508,0.3269230769230769,1.2701124761136722,0.7,0.2441860465116279,2.082558139534884,0.263
2026-09-22,Ohio,Mid-American,2026,194,32,0.17604478997832812,0.4175257731958763,1.2350845700078568,0.8571428571428571,0.09090909090909091,3.518181818181818,,216,31,0.3731491291503761,0.47685185185185186,1.3719310728007073,0.8,0.17777777777777778,3.1555555555555554,0.147
2026-09-22,Ohio State,Big Ten,2026,202,37,0.35170049964027006,0.504950495049505,1.3646734482408862,0.75,0.18181818181818182,3.0787878787878786,,196,38,-0.20867267495948252,0.3163265306122449,1.0547410128161352,0.6666666666666666,0.22340425531914893,2.4191489361702128,0.199
2026-09-22,Oklahoma,SEC,2026,185,32,0.050171106851833305,0.41621621621621624,1.1749275382998827,0.5,0.2604166666666667,2.6416666666666666,,174,34,-0.2307965362165965,0.28160919540229884,1.3175949208260729,0.5714285714285714,0.21153846153846154,2.2653846153846153,0.236
2026-09-22,Oklahoma State,Big 12,2026,250,39,0.09223931257951991,0.472,1.0950655912831722,0.5789473684210527,0.17355371900826447,3.2049586776859504,,165,37,-0.020645172566662318,0.3393939393939394,1.2080796695595188,0.6666666666666666,0.1927710843373494,2.8096385542168676,0.158
2026-09-22,Old Dominion,Sun Belt,2026,170,37,-0.07207418068449385,0.32941176470588235,1.4525635082526005,0.2222222222222222,0.32407407407407407,1.537962962962963,,217,35,-0.07675437969806381,0.31336405529953915,1.2768720082381484,0.5333333333333333,0.2396694214876033,2.262809917355372,0.184
2026-09-22,Ole Miss,SEC,2026,213,33,0.28865766084207833,0.5070422535211268,1.231046985053771,0.7894736842105263,0.19540229885057472,2.7574712643678163,,199,33,0.17102112969227562,0.4221105527638191,1.2139545616218101,0.7142857142857143,0.25,2.694444444444444,0.166
2026-09-22,Oregon,Big Ten,2026,220,39,0.2919794366357967,0.4863636363636364,1.386236824560801,0.9285714285714286,0.09090909090909091,3.68989898989899,,192,41,-0.11092973690961974,0.3489583333333333,1.108797512817691,0.7,0.19318181818181818,2.6170454545454547,0.151
2026-09-22,Oregon State,Pac-12,2026,214,38,0.23983393602250316,0.40186915887850466,1.508537700942421,0.7142857142857143,0.08571428571428572,3.1314285714285712,,223,38,0.1790414495411041,0.4349775784753363,1.1664653328229053,0.8666666666666667,0.14953271028037382,3.1158878504672898,0.161
2026-09-22,Penn State,Big Ten,2026,207,36,0.34780585097408,0.47342995169082125,1.337203084233558,0.7058823529411765,0.13333333333333333,2.8375,,175,36,-0.12866103039290158,0.29714285714285715,1.0268211350241472,0.7272727272727273,0.25274725274725274,2.365934065934066,0.189
2026-09-22,Pittsburgh,ACC,2026,209,34,0.1798409749910745,0.45933014354066987,1.2203820813959563,0.625,0.20754716981132076,3.016981132075472,,186,34,-0.08073437884162862,0.3225806451612903,1.3833742987329558,0.5833333333333334,0.2702702702702703,1.9472972972972973,0.172
2026-09-22,Purdue,Big Ten,2026,217,31,0.3316169135349793,0.4930875576036866,1.275922537054274,0.7857142857142857,0.16,3.005,,198,31,0.34051788774972436,0.4797979797979798,1.4626232651421016,0.7333333333333333,0.1588785046728972,3.3130841121495327,0.141
2026-09-22,Rice,American Athletic,2026,191,31,0.03272255145398591,0.42408376963350786,1.0559310952793748,0.7272727272727273,0.1310344827586207,3.3875862068965517,,191,29,0.09919457922554484,0.4293193717277487,1.210432616956576,0.625,0.14953271028037382,2.760747663551402,0.152
2026-09-22,Rutgers,Big Ten,2026,201,33,0.028625852776023947,0.4427860696517413,1.396752914034643,0.6086956521739131,0.18888888888888888,2.8922222222222222,,193,33,0.22331141178157637,0.47150259067357514,1.1546272815490397,0.75,0.16831683168316833,3.3356435643564355,0.088
2026-09-22,Sacramento State,Mid-American,2026,270,50,-0.043665770886314986,0.4111111111111111,1.1126741345903286,0.72,0.2905982905982906,2.5264957264957264,,249,50,0.09649737441516372,0.3534136546184739,1.4564135807778162,0.5833333333333334,0.2,2.6224,0.133
2026-09-22,Sam Houston,Conference USA,2026,213,38,0.22467838004064256,0.4788732394366197,1.2474047701573576,0.6666666666666666,0.1797752808988764,2.9280898876404495,,198,39,-0.033081601737558274,0.29797979797979796,1.4230156451687817,0.7142857142857143,0.2037037037037037,2.8,0.222
2026-09-22,San Diego State,Pac-12,2026,199,36,-0.0561242555484496,0.36180904522613067,1.0839407663435283,0.6470588235294118,0.18803418803418803,3.206837606837607,,223,39,0.06304923974123133,0.4349775784753363,0.9783523851848699,0.9285714285714286,0.10526315789473684,3.418421052631579,0.103
2026-09-22,San José State,Mountain West,2026,283,52,0.08220884405806574,0.3957597173144876,1.2244504887603835,0.5714285714285714,0.18604651162790697,3.182170542635659,,287,52,0.06609743084098561,0.4355400696864111,1.0704314495810316,0.8333333333333334,0.1693548387096774,2.9306451612903226,0.136
2026-09-22,SMU,ACC,2026,204,37,0.27420573452071695,0.5049019607843137,1.3627679801780308,0.5333333333333333,0.15789473684210525,3.165263157894737,,192,39,0.0710770264920301,0.3802083333333333,1.352419766320495,0.4,0.21782178217821782,2.756435643564356,0.182
2026-09-22,South Alabama,Sun Belt,2026,233,31,0.23634787173824973,0.43776824034334766,1.2850954385738118,0.7727272727272727,0.13013698630136986,3.271917808219178,,149,31,0.2527470730986052,0.42953020134228187,1.6142257620678602,0.5,0.21739130434782608,2.643478260869565,0.208
2026-09-22,South Carolina,SEC,2026,221,34,0.3261471565256313,0.5158371040723982,1.2391528244404895,0.8,0.10434782608695652,3.9008695652173913,,178,37,0.03663501591265103,0.3258426966292135,1.4436034986211335,0.5714285714285714,0.24050632911392406,2.288607594936709,0.135
2026-09-22,Southern Miss,Sun Belt,2026,222,36,0.012160383901595968,0.45045045045045046,1.0630636712234078,0.8421052631578947,0.08653846153846154,3.5932692307692307,,219,37,0.11978458182111726,0.4246575342465753,1.1988653470188622,0.6666666666666666,0.16666666666666666,3.3904761904761904,0.132
2026-09-22,South Florida,American Athletic,2026,180,31,0.33842356691943115,0.5333333333333333,1.1780580178498568,0.8461538461538461,0.18478260869565216,3.2130434782608694,,199,30,0.040599333954830785,0.4371859296482412,0.9700960638211812,0.6153846153846154,0.2641509433962264,2.4160377358490566,0.171
2026-09-22,Stanford,ACC,2026,199,36,0.07521363372362473,0.38190954773869346,1.1229018809424869,0.8888888888888888,0.1794871794871795,2.9358974358974357,,217,38,0.2967084639386816,0.4608294930875576,1.3321584513117422,0.8333333333333334,0.15,3.119,0.115
2026-09-22,Syracuse,ACC,2026,238,36,0.038377520916095254,0.39915966386554624,1.3301522483231214,0.8,0.22018348623853212,2.851376146788991,,183,36,-0.12627474205293687,0.36065573770491804,1.0874549775292308,0.75,0.23333333333333334,2.628888888888889,0.186
2026-09-22,TCU,Big 12,2026,211,35,0.25283803324757964,0.4928909952606635,1.238970475180872,0.8125,0.15454545454545454,3.2836363636363637,,168,35,-0.1444674650869876,0.3392857142857143,1.0465250723410555,0.3333333333333333,0.20987654320987653,2.596296296296296,0.202
2026-09-22,Temple,American Athletic,2026,194,31,0.20649960090118036,0.422680412371134,1.259770558513239,0.7368421052631579,0.17886178861788618,3.1089430894308943,,201,32,0.19688919907993802,0.4527363184079602,1.2561650428470652,0.7368421052631579,0.125,2.5079545454545453,0.134
2026-09-22,Tennessee,SEC,2026,210,34,0.36972339362398987,0.5142857142857142,1.233404781409596,0.8571428571428571,0.1297709923664122,3.812977099236641,,198,36,-0.06939515295076924,0.36363636363636365,1.0311905971277928,0.75,0.20238095238095238,3.344047619047619,0.207
2026-09-22,Texas,SEC,2026,231,32,0.17445145789560956,0.48484848484848486,1.136578631406744,0.75,0.1885245901639344,2.9786885245901638,,183,33,-0.005586950278152319,0.37158469945355194,1.0957046887536914,0.7272727272727273,0.2111111111111111,2.5566666666666666,0.195
2026-09-22,Texas A&M,SEC,2026,236,35,0.11141014208684341,0.4703389830508475,1.0940613057765285,0.8823529411764706,0.16379310344827586,3.218103448275862,,160,36,-0.086098887877876,0.3625,1.2508897512329626,0.6666666666666666,0.21176470588235294,2.603529411764706,0.188
2026-09-22,Texas State,Pac-12,2026,224,34,0.21671504470009606,0.49107142857142855,1.1847606512006283,0.7647058823529411,0.1386861313868613,3.2007299270072993,,230,31,0.2978838404620628,0.4956521739130435,1.2771723855589445,0.7142857142857143,0.23404255319148937,2.7180851063829787,0.139
2026-09-22,Texas Tech,Big 12,2026,212,36,0.24315024658336828,0.45754716981132076,1.2081149389696695,0.7894736842105263,0.16964285714285715,3.0875,,211,35,0.09556792728757904,0.36492890995260663,1.3548424344505172,0.7777777777777778,0.15384615384615385,3.1615384615384614,0.166
2026-09-22,Toledo,Mid-American,2026,193,34,0.29323821890602825,0.44041450777202074,1.6316508194914496,0.6666666666666666,0.19540229885057472,2.935632183908046,,220,37,0.02228671761784515,0.33181818181818185,1.288577722862069,0.46153846153846156,0.19327731092436976,2.8134453781512603,0.123
2026-09-22,Troy,Sun Belt,2026,211,40,0.09012585846834487,0.36492890995260663,1.4351472824958627,0.5625,0.25,2.6939655172413794,,181,38,-0.002639597176526245,0.35359116022099446,1.3327526232476297,0.5714285714285714,0.2926829268292683,2.0097560975609756,0.204
2026-09-22,Tulane,American Athletic,2026,166,31,0.08909349536484565,0.3373493975903614,1.5103032600923938,0.7142857142857143,0.21794871794871795,2.517948717948718,,219,33,0.15190994662835589,0.4063926940639269,1.2833946433558132,0.7692307692307693,0.1774193548387097,2.975806451612903,0.096
2026-09-22,Tulsa,American Athletic,2026,202,35,0.166622374647283,0.4158415841584158,1.2613691904505455,0.9166666666666666,0.14414414414414414,3.256756756756757,,226,36,-0.12213002308398534,0.37610619469026546,0.9906027630152234,0.5294117647058824,0.18681318681318682,2.856043956043956,0.15
2026-09-22,UAB,American Athletic,2026,208,29,0.014823894716060574,0.4326923076923077,1.1080284941044223,0.75,0.15702479338842976,3.2049586776859504,,178,30,0.07287227948118415,0.43820224719101125,1.0609128960443928,0.5625,0.1391304347826087,3.3,0.124
2026-09-22,UCF,Big 12,2026,172,37,0.1727481309853076,0.43023255813953487,1.3946726958072928,0.75,0.15789473684210525,3.2726315789473683,,221,40,-0.04067225116933756,0.334841628959276,1.2851599438426071,0.5384615384615384,0.24778761061946902,2.3805309734513274,0.163
2026-09-22,UCLA,Big Ten,2026,201,38,0.3552007319883112,0.5223880597014925,1.2779447950822382,0.9285714285714286,0.07627118644067797,4.202542372881356,,205,36,0.019740332851432202,0.36585365853658536,1.3899473527373376,0.8,0.20202020202020202,2.7191919191919194,0.166
2026-09-22,UConn,FBS Independents,2026,200,38,0.2671869408141368,0.45,1.3896900135624701,0.6363636363636364,0.16363636363636364,3.2190909090909092,,228,38,-0.0256965036693228,0.37719298245614036,1.180963699199186,0.6428571428571429,0.18888888888888888,2.7466666666666666,0.171
2026-09-22,UL Monroe,Sun Belt,2026,215,37,-0.11028288582063286,0.4232558139534884,1.0167667649264416,0.5882352941176471,0.12844036697247707,3.118348623853211,,204,34,0.3069148165989196,0.5147058823529411,1.2165785599101062,0.8,0.15789473684210525,3.491228070175439,0.127
2026-09-22,UNLV,Mountain West,2026,218,37,-0.05248930944528065,0.3532110091743119,1.1623632231536607,0.6875,0.1504424778761062,3.023008849557522,,206,35,0.14710564000270926,0.41262135922330095,1.1832290095991715,0.7777777777777778,0.15151515151515152,3.576767676767677,0.15
2026-09-22,USC,Big Ten,2026,285,39,0.31721490346209535,0.5614035087719298,1.1218387249301063,0.782608695652174,0.16891891891891891,3.3493243243243245,,225,40,0.11361488112341993,0.41333333333333333,1.313014229751831,0.8571428571428571,0.18518518518518517,2.661111111111111,0.124
2026-09-22,Utah,Big 12,2026,213,36,0.3326252204818921,0.5023474178403756,1.3941437878636935,0.75,0.18803418803418803,3.5547008547008545,,196,35,-0.0605487424304241,0.3010204081632653,1.3952263291746685,0.6666666666666666,0.13333333333333333,2.7546666666666666,0.199
2026-09-22,Utah State,Pac-12,2026,202,35,-0.13751224902028789,0.3415841584158416,1.3274396086992413,0.14285714285714285,0.2222222222222222,3.013333333333333,,215,37,0.08527318291544485,0.4,1.1714980022413382,0.6875,0.22340425531914893,2.6042553191489364,0.126
2026-09-22,UTEP,Mountain West,2026,161,36,-0.16705475460225372,0.37888198757763975,1.2093960811683706,0.5,0.29473684210526313,2.4105263157894736,,195,34,0.23436929762016578,0.46153846153846156,1.1790187123625142,0.625,0.23275862068965517,2.8836206896551726,0.133
2026-09-22,UTSA,American Athletic,2026,180,34,0.21012623190954063,0.4722222222222222,1.013611011087677,0.8461538461538461,0.17073170731707318,2.9353658536585368,,245,37,0.00519649315186799,0.44081632653061226,0.9656743845393384,0.625,0.13076923076923078,3.396153846153846,0.133
2026-09-22,Vanderbilt,SEC,2026,193,33,0.17503447230119987,0.43523316062176165,1.2154990741584226,0.8571428571428571,0.13541666666666666,3.173958333333333,,196,36,-0.05632859038537694,0.3520408163265306,1.3382165592887383,0.75,0.2111111111111111,2.5122222222222224,0.209
2026-09-22,Virginia,ACC,2026,207,37,0.2731213872965063,0.48792270531400966,1.1442216021106064,0.8421052631578947,0.13953488372093023,3.427906976744186,,186,38,-0.12154548790157384,0.34946236559139787,0.9670166017539398,0.7,0.18811881188118812,2.8346534653465345,0.183
2026-09-22,Virginia Tech,ACC,2026,239,34,0.34434332381066435,0.502092050209205,1.2437734102848277,0.7307692307692307,0.1826086956521739,3.0008695652173913,,172,36,-0.037027798972597475,0.31976744186046513,1.3886092407250907,0.625,0.4523809523809524,0.30952380952380953,0.279
2026-09-22,Wake Forest,ACC,2026,201,31,0.3008859355084873,0.4577114427860697,1.3264486626976404,0.7142857142857143,0.15476190476190477,3.013095238095238,,222,33,0.17887230431431733,0.481981981981982,0.9825144357948695,0.6470588235294118,0.21568627450980393,2.933333333333333,0.113
2026-09-22,Washington,Big Ten,2026,203,35,0.17274216139103535,0.4630541871921182,1.1340974221075195,0.6363636363636364,0.21428571428571427,2.8583333333333334,,192,35,-0.21437496317556182,0.328125,1.1532805941861888,0.25,0.31313131313131315,2.3252525252525253,0.229
2026-09-22,Washington State,Pac-12,2026,173,33,-0.016790300683823634,0.3815028901734104,1.1934044165153166,0.5,0.20833333333333334,2.966666666666667,,193,36,-0.033701780271225064,0.38860103626943004,1.2525054148736872,0.7777777777777778,0.20202020202020202,2.782828282828283,0.124
2026-09-22,Western Kentucky,Conference USA,2026,219,40,-0.15310581425342026,0.3287671232876712,1.1135955916486944,0.6,0.26666666666666666,2.42,,189,39,0.45360637938373916,0.4973544973544973,1.4859691070365135,0.8888888888888888,0.12931034482758622,3.6836206896551724,0.101
2026-09-22,Western Michigan,Mid-American,2026,193,34,0.16250001976164105,0.40414507772020725,1.2110404254563358,0.7058823529411765,0.15384615384615385,2.809401709401709,,202,32,0.014503286313208684,0.44554455445544555,0.9861967995987728,0.7222222222222222,0.14678899082568808,3.1275229357798167,0.129
2026-09-22,West Virginia,Big 12,2026,209,39,0.28057305862820137,0.45454545454545453,1.2531159844599569,0.8125,0.13664596273291926,3.1695652173913045,,210,37,0.029248653797135666,0.40476190476190477,1.195598762590559,0.6363636363636364,0.21875,2.7333333333333334,0.181
2026-09-22,Wisconsin,Big Ten,2026,180,29,0.20691860101532233,0.4444444444444444,1.3630650231023325,0.5833333333333334,0.15555555555555556,2.908888888888889,,191,31,-0.007956684395845659,0.3717277486910995,1.032472084559509,0.6923076923076923,0.09090909090909091,2.9626262626262627,0.147
2026-09-22,Wyoming,Mountain West,2026,178,32,0.040581748695027425,0.42134831460674155,1.0611334205703433,1.0,0.16842105263157894,3.4147368421052633,,195,31,0.14121999790364081,0.4512820512820513,1.1164747375570248,0.9523809523809523,0.14516129032258066,3.2604838709677417,0.118
