snapshot_date,team,conference,games,off_plays,off_drives,off_ppa,off_success_rate,off_explosiveness,off_power_success,off_stuff_rate,off_line_yards,off_pace,def_plays,def_drives,def_ppa,def_success_rate,def_explosiveness,def_power_success,def_stuff_rate,def_line_yards,def_havoc_total
2026-08-29,North Carolina,ACC,2026,58,10,0.1071523441641766,0.4655172413793103,0.9192743541669988,0.0,0.1481481481481481,3.425925925925926,,72,10,-0.0458685004165221,0.3333333333333333,1.216164722081157,0.8,0.1944444444444444,2.4472222222222224,0.153
2026-08-29,TCU,Big 12,2026,72,10,-0.0458685004165221,0.3333333333333333,1.216164722081157,0.8,0.1944444444444444,2.4472222222222224,,58,10,0.1071523441641766,0.4655172413793103,0.9192743541669988,0.0,0.1481481481481481,3.425925925925926,0.155
2026-09-01,Eastern Michigan,Mid-American,2026,70,14,0.0553514992622974,0.4142857142857143,1.2595736989694382,0.75,0.2068965517241379,2.627586206896552,,64,13,-0.076724785747493,0.34375,1.032446670964897,0.6666666666666666,0.4375,0.6125,0.219
2026-09-01,Florida State,ACC,2026,67,10,0.2906623399155658,0.4477611940298507,1.3213901556467058,1.0,0.1578947368421052,3.442105263157895,,67,10,0.1626567161900515,0.3432835820895522,1.6364900147680257,1.0,0.1,2.965,0.164
2026-09-01,Hawai'i,Mountain West,2026,76,14,0.0489474439856068,0.3552631578947368,1.2645184587928842,1.0,0.0952380952380952,2.9761904761904763,,73,13,0.3263404896512631,0.4520547945205479,1.2060565569259865,0.8333333333333334,0.1351351351351351,3.027027027027027,0.082
2026-09-01,Jacksonville State,Conference USA,2026,55,11,-0.323923778153237,0.3090909090909091,0.9822393646403388,0.4,0.2142857142857142,2.289285714285714,,69,10,0.2185941394571993,0.4202898550724637,1.1052351273516188,1.0,0.0952380952380952,3.342857142857143,0.101
2026-09-01,Memphis,American Athletic,2026,59,12,0.2880707494141955,0.4745762711864407,1.08802993636074,1.0,0.0606060606060606,4.03030303030303,,81,13,0.09147047509478,0.3333333333333333,1.4614148789186645,1.0,0.1764705882352941,2.752941176470588,0.185
2026-09-01,NC State,ACC,2026,51,12,-0.1438403681738571,0.3137254901960784,0.533800638173952,1.0,0.1363636363636363,3.140909090909091,,71,12,0.2726220404086543,0.4788732394366197,1.0612371845133193,0.8333333333333334,0.1428571428571428,3.305357142857143,0.056
2026-09-01,New Mexico State,Conference USA,2026,67,10,0.1626567161900515,0.3432835820895522,1.6364900147680257,1.0,0.1,2.965,,67,10,0.2906623399155658,0.4477611940298507,1.3213901556467058,1.0,0.1578947368421052,3.442105263157895,0.09
2026-09-01,North Carolina,ACC,2026,58,10,0.1071523441641766,0.4655172413793103,0.9192743541669988,0.0,0.1481481481481481,3.425925925925926,,72,10,-0.0458685004165221,0.3333333333333333,1.216164722081157,0.8,0.1944444444444444,2.4472222222222224,0.153
2026-09-01,North Dakota State,Mountain West,2026,69,10,0.2185941394571993,0.4202898550724637,1.1052351273516188,1.0,0.0952380952380952,3.342857142857143,,55,11,-0.323923778153237,0.3090909090909091,0.9822393646403388,0.4,0.2142857142857142,2.289285714285714,0.182
2026-09-01,Sacramento State,Mid-American,2026,64,13,-0.076724785747493,0.34375,1.032446670964897,0.6666666666666666,0.4375,0.6125,,70,14,0.0553514992622974,0.4142857142857143,1.2595736989694382,0.75,0.2068965517241379,2.627586206896552,0.157
2026-09-01,San José State,Mountain West,2026,57,10,0.2163991968944515,0.4385964912280701,1.221946227557394,0.0,0.217391304347826,2.6956521739130435,,77,10,0.3906446780300172,0.6623376623376623,0.8805544125995661,0.9,0.1052631578947368,3.697368421052632,0.065
2026-09-01,Stanford,ACC,2026,73,13,0.3263404896512631,0.4520547945205479,1.2060565569259865,0.8333333333333334,0.1351351351351351,3.027027027027027,,76,14,0.0489474439856068,0.3552631578947368,1.2645184587928842,1.0,0.0952380952380952,2.9761904761904763,0.184
2026-09-01,TCU,Big 12,2026,72,10,-0.0458685004165221,0.3333333333333333,1.216164722081157,0.8,0.1944444444444444,2.4472222222222224,,58,10,0.1071523441641766,0.4655172413793103,0.9192743541669988,0.0,0.1481481481481481,3.425925925925926,0.155
2026-09-01,UNLV,Mountain West,2026,81,13,0.09147047509478,0.3333333333333333,1.4614148789186645,1.0,0.1764705882352941,2.752941176470588,,59,12,0.2880707494141955,0.4745762711864407,1.08802993636074,1.0,0.0606060606060606,4.03030303030303,0.119
2026-09-01,USC,Big Ten,2026,77,10,0.3906446780300172,0.6623376623376623,0.8805544125995661,0.9,0.1052631578947368,3.697368421052632,,57,10,0.2163991968944515,0.4385964912280701,1.221946227557394,0.0,0.217391304347826,2.6956521739130435,0.123
2026-09-01,Virginia,ACC,2026,71,12,0.2726220404086543,0.4788732394366197,1.0612371845133193,0.8333333333333334,0.1428571428571428,3.305357142857143,,51,12,-0.1438403681738571,0.3137254901960784,0.533800638173952,1.0,0.1363636363636363,3.140909090909091,0.255
2026-09-02,Eastern Michigan,Mid-American,2026,70,14,0.0553514992622974,0.4142857142857143,1.2595736989694382,0.75,0.2068965517241379,2.627586206896552,,64,13,-0.076724785747493,0.34375,1.032446670964897,0.6666666666666666,0.4375,0.6125,0.219
2026-09-02,Florida State,ACC,2026,67,10,0.2906623399155658,0.4477611940298507,1.3213901556467058,1.0,0.1578947368421052,3.442105263157895,,67,10,0.1626567161900515,0.3432835820895522,1.6364900147680257,1.0,0.1,2.965,0.164
2026-09-02,Hawai'i,Mountain West,2026,76,14,0.0489474439856068,0.3552631578947368,1.2645184587928842,1.0,0.0952380952380952,2.9761904761904763,,73,13,0.3263404896512631,0.4520547945205479,1.2060565569259865,0.8333333333333334,0.1351351351351351,3.027027027027027,0.082
2026-09-02,Jacksonville State,Conference USA,2026,55,11,-0.323923778153237,0.3090909090909091,0.9822393646403388,0.4,0.2142857142857142,2.289285714285714,,69,10,0.2185941394571993,0.4202898550724637,1.1052351273516188,1.0,0.0952380952380952,3.342857142857143,0.101
2026-09-02,Memphis,American Athletic,2026,59,12,0.2880707494141955,0.4745762711864407,1.08802993636074,1.0,0.0606060606060606,4.03030303030303,,81,13,0.09147047509478,0.3333333333333333,1.4614148789186645,1.0,0.1764705882352941,2.752941176470588,0.185
2026-09-02,NC State,ACC,2026,51,12,-0.1438403681738571,0.3137254901960784,0.533800638173952,1.0,0.1363636363636363,3.140909090909091,,71,12,0.2726220404086543,0.4788732394366197,1.0612371845133193,0.8333333333333334,0.1428571428571428,3.305357142857143,0.056
2026-09-02,New Mexico State,Conference USA,2026,67,10,0.1626567161900515,0.3432835820895522,1.6364900147680257,1.0,0.1,2.965,,67,10,0.2906623399155658,0.4477611940298507,1.3213901556467058,1.0,0.1578947368421052,3.442105263157895,0.09
2026-09-02,North Carolina,ACC,2026,58,10,0.1071523441641766,0.4655172413793103,0.9192743541669988,0.0,0.1481481481481481,3.425925925925926,,72,10,-0.0458685004165221,0.3333333333333333,1.216164722081157,0.8,0.1944444444444444,2.4472222222222224,0.153
2026-09-02,North Dakota State,Mountain West,2026,69,10,0.2185941394571993,0.4202898550724637,1.1052351273516188,1.0,0.0952380952380952,3.342857142857143,,55,11,-0.323923778153237,0.3090909090909091,0.9822393646403388,0.4,0.2142857142857142,2.289285714285714,0.182
2026-09-02,Sacramento State,Mid-American,2026,64,13,-0.076724785747493,0.34375,1.032446670964897,0.6666666666666666,0.4375,0.6125,,70,14,0.0553514992622974,0.4142857142857143,1.2595736989694382,0.75,0.2068965517241379,2.627586206896552,0.157
2026-09-02,San José State,Mountain West,2026,57,10,0.2163991968944515,0.4385964912280701,1.221946227557394,0.0,0.217391304347826,2.6956521739130435,,77,10,0.3906446780300172,0.6623376623376623,0.8805544125995661,0.9,0.1052631578947368,3.697368421052632,0.065
2026-09-02,Stanford,ACC,2026,73,13,0.3263404896512631,0.4520547945205479,1.2060565569259865,0.8333333333333334,0.1351351351351351,3.027027027027027,,76,14,0.0489474439856068,0.3552631578947368,1.2645184587928842,1.0,0.0952380952380952,2.9761904761904763,0.184
2026-09-02,TCU,Big 12,2026,72,10,-0.0458685004165221,0.3333333333333333,1.216164722081157,0.8,0.1944444444444444,2.4472222222222224,,58,10,0.1071523441641766,0.4655172413793103,0.9192743541669988,0.0,0.1481481481481481,3.425925925925926,0.155
2026-09-02,UNLV,Mountain West,2026,81,13,0.09147047509478,0.3333333333333333,1.4614148789186645,1.0,0.1764705882352941,2.752941176470588,,59,12,0.2880707494141955,0.4745762711864407,1.08802993636074,1.0,0.0606060606060606,4.03030303030303,0.119
2026-09-02,USC,Big Ten,2026,77,10,0.3906446780300172,0.6623376623376623,0.8805544125995661,0.9,0.1052631578947368,3.697368421052632,,57,10,0.2163991968944515,0.4385964912280701,1.221946227557394,0.0,0.217391304347826,2.6956521739130435,0.123
2026-09-02,Virginia,ACC,2026,71,12,0.2726220404086543,0.4788732394366197,1.0612371845133193,0.8333333333333334,0.1428571428571428,3.305357142857143,,51,12,-0.1438403681738571,0.3137254901960784,0.533800638173952,1.0,0.1363636363636363,3.140909090909091,0.255
2026-09-03,Eastern Michigan,Mid-American,2026,70,14,0.0553514992622974,0.4142857142857143,1.2595736989694382,0.75,0.2068965517241379,2.627586206896552,,64,13,-0.076724785747493,0.34375,1.032446670964897,0.6666666666666666,0.4375,0.6125,0.219
2026-09-03,Florida State,ACC,2026,67,10,0.2906623399155658,0.4477611940298507,1.3213901556467058,1.0,0.1578947368421052,3.442105263157895,,67,10,0.1626567161900515,0.3432835820895522,1.6364900147680257,1.0,0.1,2.965,0.164
2026-09-03,Hawai'i,Mountain West,2026,76,14,0.0489474439856068,0.3552631578947368,1.2645184587928842,1.0,0.0952380952380952,2.9761904761904763,,73,13,0.3263404896512631,0.4520547945205479,1.2060565569259865,0.8333333333333334,0.1351351351351351,3.027027027027027,0.082
2026-09-03,Jacksonville State,Conference USA,2026,55,11,-0.323923778153237,0.3090909090909091,0.9822393646403388,0.4,0.2142857142857142,2.289285714285714,,69,10,0.2185941394571993,0.4202898550724637,1.1052351273516188,1.0,0.0952380952380952,3.342857142857143,0.101
2026-09-03,Memphis,American Athletic,2026,59,12,0.2880707494141955,0.4745762711864407,1.08802993636074,1.0,0.0606060606060606,4.03030303030303,,81,13,0.09147047509478,0.3333333333333333,1.4614148789186645,1.0,0.1764705882352941,2.752941176470588,0.185
2026-09-03,NC State,ACC,2026,51,12,-0.1438403681738571,0.3137254901960784,0.533800638173952,1.0,0.1363636363636363,3.140909090909091,,71,12,0.2726220404086543,0.4788732394366197,1.0612371845133193,0.8333333333333334,0.1428571428571428,3.305357142857143,0.056
2026-09-03,New Mexico State,Conference USA,2026,67,10,0.1626567161900515,0.3432835820895522,1.6364900147680257,1.0,0.1,2.965,,67,10,0.2906623399155658,0.4477611940298507,1.3213901556467058,1.0,0.1578947368421052,3.442105263157895,0.09
2026-09-03,North Carolina,ACC,2026,58,10,0.1071523441641766,0.4655172413793103,0.9192743541669988,0.0,0.1481481481481481,3.425925925925926,,72,10,-0.0458685004165221,0.3333333333333333,1.216164722081157,0.8,0.1944444444444444,2.4472222222222224,0.153
2026-09-03,North Dakota State,Mountain West,2026,69,10,0.2185941394571993,0.4202898550724637,1.1052351273516188,1.0,0.0952380952380952,3.342857142857143,,55,11,-0.323923778153237,0.3090909090909091,0.9822393646403388,0.4,0.2142857142857142,2.289285714285714,0.182
2026-09-03,Sacramento State,Mid-American,2026,64,13,-0.076724785747493,0.34375,1.032446670964897,0.6666666666666666,0.4375,0.6125,,70,14,0.0553514992622974,0.4142857142857143,1.2595736989694382,0.75,0.2068965517241379,2.627586206896552,0.157
2026-09-03,San José State,Mountain West,2026,57,10,0.2163991968944515,0.4385964912280701,1.221946227557394,0.0,0.217391304347826,2.6956521739130435,,77,10,0.3906446780300172,0.6623376623376623,0.8805544125995661,0.9,0.1052631578947368,3.697368421052632,0.065
2026-09-03,Stanford,ACC,2026,73,13,0.3263404896512631,0.4520547945205479,1.2060565569259865,0.8333333333333334,0.1351351351351351,3.027027027027027,,76,14,0.0489474439856068,0.3552631578947368,1.2645184587928842,1.0,0.0952380952380952,2.9761904761904763,0.184
2026-09-03,TCU,Big 12,2026,72,10,-0.0458685004165221,0.3333333333333333,1.216164722081157,0.8,0.1944444444444444,2.4472222222222224,,58,10,0.1071523441641766,0.4655172413793103,0.9192743541669988,0.0,0.1481481481481481,3.425925925925926,0.155
2026-09-03,UNLV,Mountain West,2026,81,13,0.09147047509478,0.3333333333333333,1.4614148789186645,1.0,0.1764705882352941,2.752941176470588,,59,12,0.2880707494141955,0.4745762711864407,1.08802993636074,1.0,0.0606060606060606,4.03030303030303,0.119
2026-09-03,USC,Big Ten,2026,77,10,0.3906446780300172,0.6623376623376623,0.8805544125995661,0.9,0.1052631578947368,3.697368421052632,,57,10,0.2163991968944515,0.4385964912280701,1.221946227557394,0.0,0.217391304347826,2.6956521739130435,0.123
2026-09-03,Virginia,ACC,2026,71,12,0.2726220404086543,0.4788732394366197,1.0612371845133193,0.8333333333333334,0.1428571428571428,3.305357142857143,,51,12,-0.1438403681738571,0.3137254901960784,0.533800638173952,1.0,0.1363636363636363,3.140909090909091,0.255
2026-09-04,Akron,Mid-American,2026,70,11,0.0219793074667645,0.5,0.7212615614875549,0.6,0.1818181818181818,3.1333333333333333,,68,11,0.4775889473352314,0.4264705882352941,1.5275719114401596,0.8,0.15625,3.265625,0.147
2026-09-04,Buffalo,Mid-American,2026,83,15,0.1523137913791646,0.3975903614457831,1.1454912933763308,1.0,0.1818181818181818,2.9909090909090907,,72,14,-0.0495205233949304,0.2916666666666667,1.290213068638229,0.6666666666666666,0.2857142857142857,2.35,0.194
2026-09-04,Colorado,Big 12,2026,77,10,0.052210909874857,0.3766233766233766,1.1248231734306042,1.0,0.108695652173913,2.730434782608696,,54,9,0.0740220685733517,0.3703703703703703,1.2001545717095805,0.3333333333333333,0.4444444444444444,1.903703703703704,0.204
2026-09-04,Delaware,Conference USA,2026,54,10,0.4689137120562205,0.5185185185185185,1.4645620498490888,0.6,0.2857142857142857,2.657142857142857,,49,11,-0.2154470846774114,0.2040816326530612,1.2383291176076328,0.0,0.25,1.46875,0.653
2026-09-04,Eastern Michigan,Mid-American,2026,70,14,0.0553514992622974,0.4142857142857143,1.2595736989694382,0.75,0.2068965517241379,2.627586206896552,,64,13,-0.076724785747493,0.34375,1.032446670964897,0.6666666666666666,0.4375,0.6125,0.219
2026-09-04,Florida State,ACC,2026,67,10,0.2906623399155658,0.4477611940298507,1.3213901556467058,1.0,0.1578947368421052,3.442105263157895,,67,10,0.1626567161900515,0.3432835820895522,1.6364900147680257,1.0,0.1,2.965,0.164
2026-09-04,Georgia Tech,ACC,2026,54,9,0.0740220685733517,0.3703703703703703,1.2001545717095805,0.3333333333333333,0.4444444444444444,1.903703703703704,,77,10,0.052210909874857,0.3766233766233766,1.1248231734306042,1.0,0.108695652173913,2.730434782608696,0.143
2026-09-04,Hawai'i,Mountain West,2026,76,14,0.0489474439856068,0.3552631578947368,1.2645184587928842,1.0,0.0952380952380952,2.9761904761904763,,73,13,0.3263404896512631,0.4520547945205479,1.2060565569259865,0.8333333333333334,0.1351351351351351,3.027027027027027,0.082
2026-09-04,Illinois,Big Ten,2026,44,8,0.5293505291335725,0.5681818181818182,1.3542485462010816,0.6,0.2307692307692307,2.976923076923077,,79,8,0.140459461201907,0.4430379746835443,1.2101487372066866,0.75,0.1304347826086956,3.273913043478261,0.139
2026-09-04,Jacksonville State,Conference USA,2026,55,11,-0.323923778153237,0.3090909090909091,0.9822393646403388,0.4,0.2142857142857142,2.289285714285714,,69,10,0.2185941394571993,0.4202898550724637,1.1052351273516188,1.0,0.0952380952380952,3.342857142857143,0.101
2026-09-04,Kennesaw State,Conference USA,2026,82,14,0.2889238382699472,0.573170731707317,1.1398710550423496,0.7777777777777778,0.1521739130434782,3.265217391304348,,53,14,-0.2481023479251471,0.1509433962264151,0.8919515753149165,1.0,0.25,1.8333333333333333,0.17
2026-09-04,Massachusetts,Mid-American,2026,65,12,0.3299726417466155,0.5230769230769231,1.040597861761411,0.7142857142857143,0.175,3.375,,63,12,0.2030959004306255,0.3968253968253968,1.561455323235606,0.6,0.25,1.93,0.27
2026-09-04,Memphis,American Athletic,2026,59,12,0.2880707494141955,0.4745762711864407,1.08802993636074,1.0,0.0606060606060606,4.03030303030303,,81,13,0.09147047509478,0.3333333333333333,1.4614148789186645,1.0,0.1764705882352941,2.752941176470588,0.185
2026-09-04,Minnesota,Big Ten,2026,73,10,0.3421457792096198,0.6027397260273972,0.9752231854912968,0.6666666666666666,0.2307692307692307,2.4615384615384617,,46,13,-0.3840088027265944,0.108695652173913,1.6579740660748787,0.0,0.4444444444444444,1.325925925925926,0.283
2026-09-04,Missouri,SEC,2026,79,12,0.3784876683810738,0.569620253164557,1.188936592060183,0.5714285714285714,0.1590909090909091,3.5454545454545454,,54,11,0.0889215944571755,0.2962962962962963,1.612562339274506,1.0,0.25,3.0642857142857145,0.167
2026-09-04,NC State,ACC,2026,51,12,-0.1438403681738571,0.3137254901960784,0.533800638173952,1.0,0.1363636363636363,3.140909090909091,,71,12,0.2726220404086543,0.4788732394366197,1.0612371845133193,0.8333333333333334,0.1428571428571428,3.305357142857143,0.056
2026-09-04,New Mexico State,Conference USA,2026,67,10,0.1626567161900515,0.3432835820895522,1.6364900147680257,1.0,0.1,2.965,,67,10,0.2906623399155658,0.4477611940298507,1.3213901556467058,1.0,0.1578947368421052,3.442105263157895,0.09
2026-09-04,North Carolina,ACC,2026,58,10,0.1071523441641766,0.4655172413793103,0.9192743541669988,0.0,0.1481481481481481,3.425925925925926,,72,10,-0.0458685004165221,0.3333333333333333,1.216164722081157,0.8,0.1944444444444444,2.4472222222222224,0.153
2026-09-04,North Dakota State,Mountain West,2026,69,10,0.2185941394571993,0.4202898550724637,1.1052351273516188,1.0,0.0952380952380952,3.342857142857143,,55,11,-0.323923778153237,0.3090909090909091,0.9822393646403388,0.4,0.2142857142857142,2.289285714285714,0.182
2026-09-04,Rutgers,Big Ten,2026,63,12,0.2030959004306255,0.3968253968253968,1.561455323235606,0.6,0.25,1.93,,65,12,0.3299726417466155,0.5230769230769231,1.040597861761411,0.7142857142857143,0.175,3.375,0.092
2026-09-04,Sacramento State,Mid-American,2026,64,13,-0.076724785747493,0.34375,1.032446670964897,0.6666666666666666,0.4375,0.6125,,70,14,0.0553514992622974,0.4142857142857143,1.2595736989694382,0.75,0.2068965517241379,2.627586206896552,0.157
2026-09-04,San José State,Mountain West,2026,57,10,0.2163991968944515,0.4385964912280701,1.221946227557394,0.0,0.217391304347826,2.6956521739130435,,77,10,0.3906446780300172,0.6623376623376623,0.8805544125995661,0.9,0.1052631578947368,3.697368421052632,0.065
2026-09-04,Stanford,ACC,2026,73,13,0.3263404896512631,0.4520547945205479,1.2060565569259865,0.8333333333333334,0.1351351351351351,3.027027027027027,,76,14,0.0489474439856068,0.3552631578947368,1.2645184587928842,1.0,0.0952380952380952,2.9761904761904763,0.184
2026-09-04,TCU,Big 12,2026,72,10,-0.0458685004165221,0.3333333333333333,1.216164722081157,0.8,0.1944444444444444,2.4472222222222224,,58,10,0.1071523441641766,0.4655172413793103,0.9192743541669988,0.0,0.1481481481481481,3.425925925925926,0.155
2026-09-04,UAB,American Athletic,2026,79,8,0.140459461201907,0.4430379746835443,1.2101487372066866,0.75,0.1304347826086956,3.273913043478261,,44,8,0.5293505291335725,0.5681818181818182,1.3542485462010816,0.6,0.2307692307692307,2.976923076923077,0.045
2026-09-04,UCF,Big 12,2026,62,13,0.5473526104058046,0.5645161290322581,1.4073587444433089,1.0,0.081081081081081,4.386486486486486,,62,15,-0.1629071620565535,0.2096774193548387,1.219168347266829,1.0,0.3157894736842105,1.923684210526316,0.226
2026-09-04,UNLV,Mountain West,2026,81,13,0.09147047509478,0.3333333333333333,1.4614148789186645,1.0,0.1764705882352941,2.752941176470588,,59,12,0.2880707494141955,0.4745762711864407,1.08802993636074,1.0,0.0606060606060606,4.03030303030303,0.119
2026-09-04,USC,Big Ten,2026,77,10,0.3906446780300172,0.6623376623376623,0.8805544125995661,0.9,0.1052631578947368,3.697368421052632,,57,10,0.2163991968944515,0.4385964912280701,1.221946227557394,0.0,0.217391304347826,2.6956521739130435,0.123
2026-09-04,Utah,Big 12,2026,77,13,0.5107474991645495,0.5714285714285714,1.3617321828088478,0.75,0.1428571428571428,4.116326530612245,,62,13,0.0631970574978194,0.3225806451612903,1.2942375293797448,1.0,0.2333333333333333,0.9433333333333334,0.129
2026-09-04,Virginia,ACC,2026,71,12,0.2726220404086543,0.4788732394366197,1.0612371845133193,0.8333333333333334,0.1428571428571428,3.305357142857143,,51,12,-0.1438403681738571,0.3137254901960784,0.533800638173952,1.0,0.1363636363636363,3.140909090909091,0.255
2026-09-04,Wake Forest,ACC,2026,68,11,0.4775889473352314,0.4264705882352941,1.5275719114401596,0.8,0.15625,3.265625,,70,11,0.0219793074667645,0.5,0.7212615614875549,0.6,0.1818181818181818,3.1333333333333333,0.143
2026-09-05,Air Force,Mountain West,2026,79,9,0.398894580108972,0.5443037974683544,0.9961783497840124,1.0,0.0422535211267605,4.357746478873239,,45,9,-0.248118563368299,0.2222222222222222,1.1005872277594584,1.0,0.25,2.47,0.178
2026-09-05,Akron,Mid-American,2026,70,11,0.0219793074667645,0.5,0.7212615614875549,0.6,0.1818181818181818,3.1333333333333333,,68,11,0.4775889473352314,0.4264705882352941,1.5275719114401596,0.8,0.15625,3.265625,0.147
2026-09-05,Alabama,SEC,2026,80,11,0.2921555691005923,0.525,1.1065101966937536,0.8333333333333334,0.1666666666666666,3.25,,41,12,-0.1985433161778543,0.2195121951219512,1.548265437530798,0.0,0.3684210526315789,0.131578947368421,0.122
2026-09-05,Army,American Athletic,2026,72,12,0.68581428710163,0.6527777777777778,1.287193457096531,0.8333333333333334,0.0526315789473684,4.65438596491228,,54,11,-0.1061496906379418,0.3148148148148148,0.8508825653985219,0.6666666666666666,0.2413793103448276,2.317241379310345,0.204
2026-09-05,Ball State,Mid-American,2026,62,13,-0.2423253831274824,0.2096774193548387,1.3049899715616444,0.0,0.3181818181818182,1.2,,73,12,0.6666069358406588,0.5616438356164384,1.448948844124814,0.75,0.1818181818181818,3.3181818181818183,0.11
2026-09-05,Bowling Green,Mid-American,2026,66,10,0.0370259021073696,0.4090909090909091,0.943386812281437,0.5,0.25,2.4055555555555554,,59,10,0.147050749791919,0.4067796610169492,1.1689379926880317,0.5,0.25,-0.578125,0.085
2026-09-05,Buffalo,Mid-American,2026,83,15,0.1523137913791646,0.3975903614457831,1.1454912933763308,1.0,0.1818181818181818,2.9909090909090907,,72,14,-0.0495205233949304,0.2916666666666667,1.290213068638229,0.6666666666666666,0.2857142857142857,2.35,0.194
2026-09-05,Coastal Carolina,Sun Belt,2026,65,13,0.2190866513645281,0.4307692307692308,1.513683842396193,0.6666666666666666,0.32,1.944,,77,14,0.1253120460127239,0.4155844155844156,1.017712015705272,0.75,0.15,2.725,0.117
2026-09-05,Colorado,Big 12,2026,77,10,0.052210909874857,0.3766233766233766,1.1248231734306042,1.0,0.108695652173913,2.730434782608696,,54,9,0.0740220685733517,0.3703703703703703,1.2001545717095805,0.3333333333333333,0.4444444444444444,1.903703703703704,0.204
2026-09-05,Delaware,Conference USA,2026,54,10,0.4689137120562205,0.5185185185185185,1.4645620498490888,0.6,0.2857142857142857,2.657142857142857,,49,11,-0.2154470846774114,0.2040816326530612,1.2383291176076328,0.0,0.25,1.46875,0.653
2026-09-05,East Carolina,American Athletic,2026,41,12,-0.1985433161778543,0.2195121951219512,1.548265437530798,0.0,0.3684210526315789,0.131578947368421,,80,11,0.2921555691005923,0.525,1.1065101966937536,0.8333333333333334,0.1666666666666666,3.25,0.025
2026-09-05,Eastern Michigan,Mid-American,2026,139,28,0.0137872737547518,0.3525179856115107,1.1963855437894064,0.8888888888888888,0.1851851851851851,2.401851851851852,,142,29,0.0358449996397635,0.3380281690140845,1.3282440556423494,0.6666666666666666,0.2941176470588235,2.268627450980392,0.211
2026-09-05,Florida State,ACC,2026,67,10,0.2906623399155658,0.4477611940298507,1.3213901556467058,1.0,0.1578947368421052,3.442105263157895,,67,10,0.1626567161900515,0.3432835820895522,1.6364900147680257,1.0,0.1,2.965,0.164
2026-09-05,Fresno State,Pac-12,2026,45,10,-0.3361342907596831,0.2222222222222222,1.0430569433281442,0.0,0.25,2.0458333333333334,,69,10,0.3329910433772204,0.5362318840579711,1.2523425346671877,0.6,0.2564102564102564,2.67948717948718,0.116
2026-09-05,Georgia State,Sun Belt,2026,71,12,0.506821618296269,0.5915492957746479,1.1174212531004228,0.8,0.0526315789473684,4.339473684210526,,55,12,-0.0651855131693598,0.2909090909090909,1.342072137645949,,0.2,2.852,0.2
2026-09-05,Georgia Tech,ACC,2026,54,9,0.0740220685733517,0.3703703703703703,1.2001545717095805,0.3333333333333333,0.4444444444444444,1.903703703703704,,77,10,0.052210909874857,0.3766233766233766,1.1248231734306042,1.0,0.108695652173913,2.730434782608696,0.143
2026-09-05,Hawai'i,Mountain West,2026,76,14,0.0489474439856068,0.3552631578947368,1.2645184587928842,1.0,0.0952380952380952,2.9761904761904763,,73,13,0.3263404896512631,0.4520547945205479,1.2060565569259865,0.8333333333333334,0.1351351351351351,3.027027027027027,0.082
2026-09-05,Houston,Big 12,2026,74,11,0.3122472695613982,0.5,1.2537336272714703,0.8571428571428571,0.15,3.3325,,74,12,0.1828788459074729,0.4054054054054054,1.341138665590374,0.5,0.0476190476190476,2.833333333333333,0.216
2026-09-05,Illinois,Big Ten,2026,44,8,0.5293505291335725,0.5681818181818182,1.3542485462010816,0.6,0.2307692307692307,2.976923076923077,,79,8,0.140459461201907,0.4430379746835443,1.2101487372066866,0.75,0.1304347826086956,3.273913043478261,0.139
2026-09-05,Indiana,Big Ten,2026,46,9,0.6535582337217621,0.5217391304347826,1.639593578555076,0.8,0.1333333333333333,2.4966666666666666,,69,10,0.1345556840920811,0.3478260869565217,1.5483256457053565,0.0,0.1351351351351351,2.983783783783784,0.13
2026-09-05,Iowa State,Big 12,2026,48,12,0.2446671684503538,0.3541666666666667,1.764868764741519,0.0,0.2,2.543333333333333,,69,13,-0.0746308834548494,0.2753623188405797,1.501212442308454,0.6666666666666666,0.1707317073170731,1.4048780487804875,0.246
2026-09-05,Jacksonville State,Conference USA,2026,55,11,-0.323923778153237,0.3090909090909091,0.9822393646403388,0.4,0.2142857142857142,2.289285714285714,,69,10,0.2185941394571993,0.4202898550724637,1.1052351273516188,1.0,0.0952380952380952,3.342857142857143,0.101
2026-09-05,James Madison,Sun Belt,2026,50,9,0.2797625024195963,0.38,1.2501062601953608,0.6666666666666666,0.2258064516129032,3.07741935483871,,69,9,0.028036219506202,0.3768115942028985,1.183714063723734,0.8,0.1351351351351351,2.310810810810811,0.13
2026-09-05,Kansas,Big 12,2026,78,10,0.5690429634370339,0.5897435897435898,1.298893771602378,0.5,0.0196078431372549,3.931372549019608,,54,11,-0.1761484717280324,0.2222222222222222,1.0166439202905828,1.0,0.3666666666666666,1.22,0.296
2026-09-05,Kennesaw State,Conference USA,2026,82,14,0.2889238382699472,0.573170731707317,1.1398710550423496,0.7777777777777778,0.1521739130434782,3.265217391304348,,53,14,-0.2481023479251471,0.1509433962264151,0.8919515753149165,1.0,0.25,1.8333333333333333,0.17
2026-09-05,Kent State,Mid-American,2026,49,10,-0.0389172286738203,0.2653061224489796,1.461049533469705,0.5,0.2083333333333333,2.691666666666667,,74,10,0.6786532858802291,0.6891891891891891,1.2023203723410176,0.8333333333333334,0.0769230769230769,4.033333333333333,0.068
2026-09-05,Kentucky,SEC,2026,61,11,0.5623068202509097,0.6065573770491803,1.1980918561404976,0.8,0.1818181818181818,4.121212121212121,,67,9,0.0772411219735421,0.417910447761194,1.1461380400647427,1.0,0.1923076923076923,2.0346153846153845,0.164
2026-09-05,Liberty,Conference USA,2026,69,9,0.028036219506202,0.3768115942028985,1.183714063723734,0.8,0.1351351351351351,2.310810810810811,,50,9,0.2797625024195963,0.38,1.2501062601953608,0.6666666666666666,0.2258064516129032,3.07741935483871,0.14
2026-09-05,Massachusetts,Mid-American,2026,65,12,0.3299726417466155,0.5230769230769231,1.040597861761411,0.7142857142857143,0.175,3.375,,63,12,0.2030959004306255,0.3968253968253968,1.561455323235606,0.6,0.25,1.93,0.27
2026-09-05,Memphis,American Athletic,2026,59,12,0.2880707494141955,0.4745762711864407,1.08802993636074,1.0,0.0606060606060606,4.03030303030303,,81,13,0.09147047509478,0.3333333333333333,1.4614148789186645,1.0,0.1764705882352941,2.752941176470588,0.185
2026-09-05,Miami,ACC,2026,68,11,0.4788987606391638,0.5588235294117647,1.3550002672176362,1.0,0.1875,3.0125,,66,11,0.0232269428623787,0.3333333333333333,1.0651883155299746,1.0,0.2272727272727272,2.65,0.106
2026-09-05,Miami (OH),Mid-American,2026,59,12,0.1206427203515677,0.3220338983050847,1.5498898323535988,1.0,0.1578947368421052,2.294736842105263,,77,12,0.470806382833933,0.5454545454545454,1.419127062707264,0.6,0.2,3.2466666666666666,0.078
2026-09-05,Michigan State,Big Ten,2026,85,11,0.022631845773767,0.3764705882352941,1.097389911197236,0.3333333333333333,0.2127659574468085,2.797872340425532,,42,10,0.2841846990486799,0.2857142857142857,2.3449878397908352,0.0,0.4444444444444444,1.1388888888888888,0.262
2026-09-05,Minnesota,Big Ten,2026,73,10,0.3421457792096198,0.6027397260273972,0.9752231854912968,0.6666666666666666,0.2307692307692307,2.4615384615384617,,46,13,-0.3840088027265944,0.108695652173913,1.6579740660748787,0.0,0.4444444444444444,1.325925925925926,0.283
2026-09-05,Missouri,SEC,2026,79,12,0.3784876683810738,0.569620253164557,1.188936592060183,0.5714285714285714,0.1590909090909091,3.5454545454545454,,54,11,0.0889215944571755,0.2962962962962963,1.612562339274506,1.0,0.25,3.0642857142857145,0.167
2026-09-05,NC State,ACC,2026,51,12,-0.1438403681738571,0.3137254901960784,0.533800638173952,1.0,0.1363636363636363,3.140909090909091,,71,12,0.2726220404086543,0.4788732394366197,1.0612371845133193,0.8333333333333334,0.1428571428571428,3.305357142857143,0.056
2026-09-05,Nebraska,Big Ten,2026,74,11,0.4925288347703889,0.5135135135135135,1.5427897743871417,0.8333333333333334,0.15,3.675,,68,12,0.1275262112846398,0.3529411764705882,1.3292957874323883,1.0,0.1290322580645161,3.396774193548388,0.206
2026-09-05,New Mexico State,Conference USA,2026,67,10,0.1626567161900515,0.3432835820895522,1.6364900147680257,1.0,0.1,2.965,,67,10,0.2906623399155658,0.4477611940298507,1.3213901556467058,1.0,0.1578947368421052,3.442105263157895,0.09
2026-09-05,North Carolina,ACC,2026,58,10,0.1071523441641766,0.4655172413793103,0.9192743541669988,0.0,0.1481481481481481,3.425925925925926,,72,10,-0.0458685004165221,0.3333333333333333,1.216164722081157,0.8,0.1944444444444444,2.4472222222222224,0.153
2026-09-05,North Dakota State,Mountain West,2026,69,10,0.2185941394571993,0.4202898550724637,1.1052351273516188,1.0,0.0952380952380952,3.342857142857143,,55,11,-0.323923778153237,0.3090909090909091,0.9822393646403388,0.4,0.2142857142857142,2.289285714285714,0.182
2026-09-05,North Texas,American Athletic,2026,69,10,0.1345556840920811,0.3478260869565217,1.5483256457053565,0.0,0.1351351351351351,2.983783783783784,,46,9,0.6535582337217621,0.5217391304347826,1.639593578555076,0.8,0.1333333333333333,2.4966666666666666,0.043
2026-09-05,Ohio,Mid-American,2026,68,12,0.1275262112846398,0.3529411764705882,1.3292957874323883,1.0,0.1290322580645161,3.396774193548388,,74,11,0.4925288347703889,0.5135135135135135,1.5427897743871417,0.8333333333333334,0.15,3.675,0.149
2026-09-05,Ohio State,Big Ten,2026,73,12,0.6666069358406588,0.5616438356164384,1.448948844124814,0.75,0.1818181818181818,3.3181818181818183,,62,13,-0.2423253831274824,0.2096774193548387,1.3049899715616444,,0.3181818181818182,1.2,0.226
2026-09-05,Oklahoma,SEC,2026,60,11,0.3871905835315659,0.55,1.1941828089991482,0.5714285714285714,0.2368421052631578,2.876315789473684,,59,13,-0.2514996479882435,0.3389830508474576,0.9392952091081728,0.0,0.2941176470588235,1.5676470588235294,0.263
2026-09-05,Oregon State,Pac-12,2026,74,12,0.1828788459074729,0.4054054054054054,1.341138665590374,0.5,0.0476190476190476,2.833333333333333,,74,11,0.3122472695613982,0.5,1.2537336272714703,0.8571428571428571,0.15,3.3325,0.135
2026-09-05,Pittsburgh,ACC,2026,77,12,0.470806382833933,0.5454545454545454,1.419127062707264,0.6,0.2,3.2466666666666666,,59,12,0.1206427203515677,0.3220338983050847,1.5498898323535988,1.0,0.1578947368421052,2.294736842105263,0.102
2026-09-05,Purdue,Big Ten,2026,74,10,0.3720946010569115,0.5,1.1765932198339826,1.0,0.0526315789473684,3.713157894736842,,48,10,0.0076184507009966,0.2708333333333333,2.3625129116735217,1.0,0.3809523809523809,1.7857142857142858,0.292
2026-09-05,Rutgers,Big Ten,2026,63,12,0.2030959004306255,0.3968253968253968,1.561455323235606,0.6,0.25,1.93,,65,12,0.3299726417466155,0.5230769230769231,1.040597861761411,0.7142857142857143,0.175,3.375,0.092
2026-09-05,Sacramento State,Mid-American,2026,64,13,-0.076724785747493,0.34375,1.032446670964897,0.6666666666666666,0.4375,0.6125,,70,14,0.0553514992622974,0.4142857142857143,1.2595736989694382,0.75,0.2068965517241379,2.627586206896552,0.157
2026-09-05,San José State,Mountain West,2026,135,26,0.1654454108123683,0.3777777777777777,1.403736148990978,0.5,0.2241379310344827,2.8948275862068966,,146,24,0.1926127829579521,0.4863013698630137,0.9437116819457052,0.9333333333333332,0.1269841269841269,3.0793650793650795,0.116
2026-09-05,South Carolina,SEC,2026,74,10,0.6786532858802291,0.6891891891891891,1.2023203723410176,0.8333333333333334,0.0769230769230769,4.033333333333333,,49,10,-0.0389172286738203,0.2653061224489796,1.461049533469705,0.5,0.2083333333333333,2.691666666666667,0.143
2026-09-05,Stanford,ACC,2026,139,24,0.1824160717515051,0.39568345323741,1.1497092603675816,0.8571428571428571,0.1694915254237288,2.886440677966102,,144,25,0.2519800101831199,0.4513888888888889,1.317415516025816,1.0,0.1509433962264151,2.9981132075471697,0.125
2026-09-05,Syracuse,ACC,2026,67,12,0.3873862041665926,0.5373134328358209,1.372496073651548,0.875,0.1875,3.453125,,62,13,-0.272504560301929,0.2580645161290322,0.938385892121699,0.75,0.3103448275862069,1.110344827586207,0.274
2026-09-05,TCU,Big 12,2026,72,10,-0.0458685004165221,0.3333333333333333,1.216164722081157,0.8,0.1944444444444444,2.4472222222222224,,58,10,0.1071523441641766,0.4655172413793103,0.9192743541669988,0.0,0.1481481481481481,3.425925925925926,0.155
2026-09-05,Temple,American Athletic,2026,63,10,0.1721070795898456,0.4603174603174603,1.1404891870145504,0.8571428571428571,0.1860465116279069,2.958139534883721,,62,12,-0.0383656964400792,0.3870967741935484,1.1767906357894466,0.8,0.3214285714285714,2.175,0.226
2026-09-05,Toledo,Mid-American,2026,42,10,0.2841846990486799,0.2857142857142857,2.3449878397908352,0.0,0.4444444444444444,1.1388888888888888,,85,11,0.022631845773767,0.3764705882352941,1.097389911197236,0.3333333333333333,0.2127659574468085,2.797872340425532,0.106
2026-09-05,UAB,American Athletic,2026,79,8,0.140459461201907,0.4430379746835443,1.2101487372066866,0.75,0.1304347826086956,3.273913043478261,,44,8,0.5293505291335725,0.5681818181818182,1.3542485462010816,0.6,0.2307692307692307,2.976923076923077,0.045
2026-09-05,UCF,Big 12,2026,62,13,0.5473526104058046,0.5645161290322581,1.4073587444433089,1.0,0.081081081081081,4.386486486486486,,62,15,-0.1629071620565535,0.2096774193548387,1.219168347266829,1.0,0.3157894736842105,1.923684210526316,0.226
2026-09-05,UConn,FBS Independents,2026,74,14,0.5732783853066649,0.5135135135135135,1.5911999117333786,0.3333333333333333,0.15,3.855,,72,13,-0.1583014250977013,0.2777777777777778,0.8956382174474538,0.6666666666666666,0.2142857142857142,2.3857142857142857,0.153
2026-09-05,UNLV,Mountain West,2026,81,13,0.09147047509478,0.3333333333333333,1.4614148789186645,1.0,0.1764705882352941,2.752941176470588,,59,12,0.2880707494141955,0.4745762711864407,1.08802993636074,1.0,0.0606060606060606,4.03030303030303,0.119
2026-09-05,USC,Big Ten,2026,146,20,0.363397412337942,0.6027397260273972,1.036874418468907,0.8,0.1818181818181818,3.1818181818181817,,102,20,-0.0273655770706078,0.3431372549019608,1.1708350034918942,0.0,0.2340425531914893,2.363829787234043,0.157
2026-09-05,Utah,Big 12,2026,77,13,0.5107474991645495,0.5714285714285714,1.3617321828088478,0.75,0.1428571428571428,4.116326530612245,,62,13,0.0631970574978194,0.3225806451612903,1.2942375293797448,1.0,0.2333333333333333,0.9433333333333334,0.129
2026-09-05,UTEP,Mountain West,2026,59,13,-0.2514996479882435,0.3389830508474576,0.9392952091081728,0.0,0.2941176470588235,1.5676470588235294,,60,11,0.3871905835315659,0.55,1.1941828089991482,0.5714285714285714,0.2368421052631578,2.876315789473684,0.117
2026-09-05,Virginia,ACC,2026,71,12,0.2726220404086543,0.4788732394366197,1.0612371845133193,0.8333333333333334,0.1428571428571428,3.305357142857143,,51,12,-0.1438403681738571,0.3137254901960784,0.533800638173952,1.0,0.1363636363636363,3.140909090909091,0.255
2026-09-05,Wake Forest,ACC,2026,68,11,0.4775889473352314,0.4264705882352941,1.5275719114401596,0.8,0.15625,3.265625,,70,11,0.0219793074667645,0.5,0.7212615614875549,0.6,0.1818181818181818,3.1333333333333333,0.143
2026-09-05,West Virginia,Big 12,2026,77,14,0.1253120460127239,0.4155844155844156,1.017712015705272,0.75,0.15,2.725,,65,13,0.2190866513645281,0.4307692307692308,1.513683842396193,0.6666666666666666,0.32,1.944,0.262
2026-09-08,Air Force,Mountain West,2026,79,9,0.398894580108972,0.5443037974683544,0.9961783497840124,1.0,0.0422535211267605,4.357746478873239,,45,9,-0.248118563368299,0.2222222222222222,1.1005872277594584,1.0,0.25,2.47,0.178
2026-09-08,Akron,Mid-American,2026,70,11,0.0219793074667645,0.5,0.7212615614875549,0.6,0.1818181818181818,3.103030303030303,,68,11,0.4775889473352314,0.4264705882352941,1.5275719114401596,0.8,0.15625,3.265625,0.132
2026-09-08,Alabama,SEC,2026,80,11,0.2921555691005923,0.525,1.1065101966937536,0.8333333333333334,0.1666666666666666,3.25,,41,12,-0.1985433161778543,0.2195121951219512,1.548265437530798,0.0,0.3684210526315789,0.131578947368421,0.195
2026-09-08,App State,Sun Belt,2026,74,10,0.607856950791685,0.6486486486486487,1.2037359766532605,1.0,0.1025641025641025,3.587179487179488,,61,11,-0.070753508433127,0.3114754098360656,1.2470294348667017,0.0,0.3076923076923077,1.696153846153846,0.213
2026-09-08,Arizona,Big 12,2026,74,13,0.2162055092878395,0.6081081081081081,0.9333031860410906,1.0,0.0303030303030303,4.409090909090909,,53,11,-0.2286260997681982,0.1698113207547169,1.7768342308359768,,0.4375,1.33125,0.34
2026-09-08,Arizona State,Big 12,2026,71,12,0.6811056989560571,0.5774647887323944,1.6060940675308155,1.0,0.1428571428571428,3.145714285714286,,52,12,-0.0543715412788205,0.3076923076923077,0.9935711179315884,0.6666666666666666,0.0869565217391304,3.0217391304347827,0.115
2026-09-08,Arkansas,SEC,2026,84,13,0.1762496985985374,0.5238095238095238,0.9434584968366112,0.7777777777777778,0.217391304347826,2.5804347826086955,,45,13,-0.0746171455673535,0.2666666666666666,1.053617978511065,,0.2631578947368421,1.8473684210526315,0.222
2026-09-08,Arkansas State,Sun Belt,2026,60,12,0.1251568147001252,0.5,1.25818527156254,0.8333333333333334,0.1153846153846153,3.2192307692307693,,65,12,0.4907125992882863,0.4923076923076923,1.4906452469735614,0.6,0.1276595744680851,3.546808510638298,0.092
2026-09-08,Army,American Athletic,2026,72,12,0.68581428710163,0.6527777777777778,1.287193457096531,0.8333333333333334,0.0526315789473684,4.65438596491228,,54,11,-0.1061496906379418,0.3148148148148148,0.8508825653985219,0.6666666666666666,0.2413793103448276,2.317241379310345,0.204
2026-09-08,Auburn,SEC,2026,75,13,0.028237977212608,0.3866666666666666,1.1601768480225931,1.0,0.2285714285714285,2.6742857142857144,,101,13,0.0541744150425169,0.3861386138613861,1.2316141474915536,0.4,0.2325581395348837,2.097674418604651,0.198
2026-09-08,Ball State,Mid-American,2026,62,13,-0.2423253831274824,0.2096774193548387,1.3049899715616444,0.0,0.3181818181818182,1.2,,73,12,0.6666069358406588,0.5616438356164384,1.448948844124814,0.75,0.1818181818181818,3.3181818181818183,0.11
2026-09-08,Baylor,Big 12,2026,101,13,0.0541744150425169,0.3861386138613861,1.2316141474915536,0.4,0.2325581395348837,2.097674418604651,,75,13,0.028237977212608,0.3866666666666666,1.1601768480225931,1.0,0.2285714285714285,2.6742857142857144,0.24
2026-09-08,Boise State,Pac-12,2026,67,13,0.112630052976283,0.3582089552238806,1.0180962329024892,1.0,0.1212121212121212,2.9212121212121214,,64,13,0.2770903671236243,0.453125,1.5147413609415246,0.6666666666666666,0.125,3.2375,0.156
2026-09-08,Boston College,ACC,2026,73,11,0.1148708905860701,0.3972602739726027,1.321991243096292,1.0,0.2,3.182857142857143,,62,12,0.2410406579313317,0.3870967741935484,1.255243118893256,1.0,0.0909090909090909,3.5568181818181817,0.113
2026-09-08,Bowling Green,Mid-American,2026,66,10,0.0252616008758181,0.3939393939393939,0.9845141517309268,0.5,0.25,2.308333333333333,,59,10,0.147050749791919,0.3898305084745763,1.3986920519909742,0.5,0.25,2.909375,0.085
2026-09-08,Buffalo,Mid-American,2026,83,15,0.1523137913791646,0.3975903614457831,1.1454912933763308,1.0,0.1818181818181818,2.9909090909090907,,72,14,-0.0495205233949304,0.2916666666666667,1.290213068638229,0.6666666666666666,0.2857142857142857,2.35,0.194
2026-09-08,BYU,Big 12,2026,70,11,0.5424702666968887,0.6571428571428571,1.0634948151667478,0.8333333333333334,0.0666666666666666,4.348888888888889,,57,12,-0.1092276625777366,0.3157894736842105,1.1129858127235353,1.0,0.25,1.5375,0.193
2026-09-08,California,ACC,2026,89,14,0.1330628286155295,0.3370786516853932,1.4836215579250065,0.6666666666666666,0.2051282051282051,2.528205128205128,,53,14,0.4197846779080366,0.5660377358490566,1.2513254603824528,1.0,0.0344827586206896,4.813793103448276,0.17
2026-09-08,Central Michigan,Mid-American,2026,49,10,-0.0521819579954481,0.2653061224489796,1.2713447189179048,0.6666666666666666,0.0333333333333333,2.8266666666666667,,71,10,0.2187107716098358,0.4929577464788732,0.9281654236514942,1.0,0.0714285714285714,3.657142857142857,0.085
2026-09-08,Charlotte,American Athletic,2026,78,13,0.2859972664636527,0.4615384615384615,1.4901022812832403,0.5714285714285714,0.15625,3.43125,,64,13,0.3753893366264918,0.484375,1.3295321578112234,0.8888888888888888,0.1875,3.1395833333333334,0.109
2026-09-08,Cincinnati,Big 12,2026,62,12,0.2410406579313317,0.3870967741935484,1.255243118893256,1.0,0.0909090909090909,3.5568181818181817,,73,11,0.1148708905860701,0.3972602739726027,1.321991243096292,1.0,0.2,3.182857142857143,0.233
2026-09-08,Clemson,ACC,2026,50,13,-0.2678767676397615,0.24,0.9456595506388836,0.6666666666666666,0.3181818181818182,1.9363636363636365,,95,12,0.4186847892890937,0.5368421052631579,1.335477872163365,0.7777777777777778,0.0862068965517241,3.532758620689655,0.105
2026-09-08,Coastal Carolina,Sun Belt,2026,65,13,0.2190866513645281,0.4307692307692308,1.513683842396193,0.6666666666666666,0.32,1.944,,77,14,0.1253120460127239,0.4155844155844156,1.017712015705272,0.75,0.15,2.725,0.117
2026-09-08,Colorado,Big 12,2026,77,10,0.052210909874857,0.3766233766233766,1.1248231734306042,1.0,0.108695652173913,2.730434782608696,,54,9,0.0740220685733517,0.3703703703703703,1.2001545717095805,0.3333333333333333,0.4444444444444444,1.903703703703704,0.204
2026-09-08,Colorado State,Pac-12,2026,68,11,0.3012418203750481,0.4852941176470588,1.2087905981747544,1.0,0.2121212121212121,2.4939393939393937,,55,11,-0.0251076991146114,0.4181818181818181,0.899961606833427,1.0,0.1212121212121212,3.3545454545454545,0.255
2026-09-08,Delaware,Conference USA,2026,72,15,0.395766923303369,0.4722222222222222,1.4629954002722116,0.6,0.25,2.9035714285714285,,72,14,-0.1228539521929541,0.25,1.4441213197823703,0.0,0.1818181818181818,2.0454545454545454,0.222
2026-09-08,Duke,ACC,2026,78,13,-0.0505656875484706,0.2948717948717949,1.239953895912352,1.0,0.1836734693877551,3.0408163265306123,,55,12,0.0040917519043523,0.3090909090909091,0.7971508910071232,1.0,0.1304347826086956,2.9565217391304346,0.255
2026-09-08,East Carolina,American Athletic,2026,41,12,-0.1985433161778543,0.2195121951219512,1.548265437530798,0.0,0.3684210526315789,0.131578947368421,,80,11,0.2921555691005923,0.525,1.1065101966937536,0.8333333333333334,0.1666666666666666,3.25,0.1
2026-09-08,Eastern Michigan,Mid-American,2026,139,28,0.0137872737547518,0.3525179856115107,1.1963855437894064,0.8888888888888888,0.1851851851851851,2.401851851851852,,142,29,0.0358449996397635,0.3380281690140845,1.3282440556423494,0.6666666666666666,0.2941176470588235,2.268627450980392,0.211
2026-09-08,Florida,SEC,2026,68,11,0.6214577657732879,0.5441176470588235,1.5513849234480332,1.0,0.1,3.415,,92,12,0.1079005807865989,0.4021739130434782,1.123977189197295,0.8,0.1111111111111111,2.6666666666666665,0.185
2026-09-08,Florida Atlantic,American Athletic,2026,92,12,0.1079005807865989,0.4021739130434782,1.123977189197295,0.8,0.1111111111111111,2.6666666666666665,,68,11,0.6214577657732879,0.5441176470588235,1.5513849234480332,1.0,0.1,3.415,0.103
2026-09-08,Florida International,Conference USA,2026,76,10,0.1106554334008039,0.3815789473684211,1.1286561605558318,0.5,0.25,2.4875,,58,9,-0.0627460596868576,0.4310344827586206,0.6493252074099518,0.8,0.2432432432432432,2.216216216216216,0.155
2026-09-08,Florida State,ACC,2026,134,22,0.2424691694189232,0.4104477611940298,1.3738286847147458,0.5,0.1392405063291139,3.312658227848101,,134,21,0.2678980507336072,0.4477611940298507,1.420966285728235,0.8333333333333334,0.1176470588235294,3.1549019607843136,0.127
2026-09-08,Fresno State,Pac-12,2026,45,10,-0.3361342907596831,0.2222222222222222,1.0430569433281442,0.0,0.25,2.0458333333333334,,69,10,0.3329910433772204,0.5362318840579711,1.2523425346671877,0.6,0.2564102564102564,2.67948717948718,0.116
2026-09-08,Georgia,SEC,2026,61,12,0.7432765199543512,0.7049180327868853,1.3166694327058304,1.0,0.074074074074074,4.692592592592592,,59,12,-0.098492900176064,0.3050847457627119,0.9076081443193394,0.5,0.3448275862068966,1.3448275862068966,0.169
2026-09-08,Georgia Southern,Sun Belt,2026,80,13,0.2672860733180602,0.4625,1.301211044217893,0.5,0.1212121212121212,3.4393939393939394,,63,13,-0.3198180179468932,0.1746031746031746,1.3742976064793733,1.0,0.3461538461538461,0.7115384615384616,0.651
2026-09-08,Georgia State,Sun Belt,2026,71,12,0.506821618296269,0.5915492957746479,1.1174212531004228,0.8,0.0526315789473684,4.339473684210526,,55,12,-0.0651855131693598,0.2909090909090909,1.342072137645949,,0.2,2.852,0.2
2026-09-08,Georgia Tech,ACC,2026,54,9,0.0740220685733517,0.3703703703703703,1.2001545717095805,0.3333333333333333,0.4444444444444444,1.903703703703704,,77,10,0.052210909874857,0.3766233766233766,1.1248231734306042,1.0,0.108695652173913,2.730434782608696,0.143
2026-09-08,Hawai'i,Mountain West,2026,154,25,-0.0067799020486064,0.3441558441558441,1.257467947844597,0.7777777777777778,0.14,3.396,,137,25,0.246843337573555,0.4160583941605839,1.295609264698933,0.6666666666666666,0.125,3.40875,0.102
2026-09-08,Houston,Big 12,2026,74,11,0.3122472695613982,0.5,1.2537336272714703,0.8571428571428571,0.15,3.3325,,74,12,0.1828788459074729,0.4054054054054054,1.341138665590374,0.5,0.0476190476190476,2.833333333333333,0.216
2026-09-08,Illinois,Big Ten,2026,44,8,0.5293505291335725,0.5681818181818182,1.3542485462010816,0.6,0.2307692307692307,2.976923076923077,,79,8,0.1391305222352757,0.430379746835443,1.246176627641464,0.75,0.1304347826086956,3.252173913043478,0.139
2026-09-08,Indiana,Big Ten,2026,46,9,0.6535582337217621,0.5217391304347826,1.639593578555076,0.8,0.1333333333333333,2.4966666666666666,,69,10,0.1345556840920811,0.3478260869565217,1.5483256457053565,0.0,0.1351351351351351,2.983783783783784,0.13
2026-09-08,Iowa,Big Ten,2026,79,13,0.0613173930418565,0.4177215189873418,1.2457000747090123,0.2857142857142857,0.2105263157894736,3.294736842105263,,58,15,-0.3317320736505182,0.1724137931034483,1.3677541941329785,1.0,0.28,1.668,0.207
2026-09-08,Iowa State,Big 12,2026,48,12,0.2446671684503538,0.3541666666666667,1.764868764741519,0.0,0.2,2.543333333333333,,69,13,-0.0595235618745478,0.2753623188405797,1.3903288614258686,0.6666666666666666,0.1463414634146341,2.1463414634146343,0.246
2026-09-08,Jacksonville State,Conference USA,2026,118,20,0.1409216220392592,0.4661016949152542,1.2756491209849268,0.7272727272727273,0.1551724137931034,2.9517241379310346,,127,20,0.0544449670414666,0.4015748031496063,1.1417088748135955,0.625,0.2125,2.80125,0.15
2026-09-08,James Madison,Sun Belt,2026,50,9,0.2797625024195963,0.38,1.2501062601953608,0.6666666666666666,0.2258064516129032,3.07741935483871,,69,9,0.028036219506202,0.3768115942028985,1.183714063723734,0.8,0.1351351351351351,2.310810810810811,0.13
2026-09-08,Kansas,Big 12,2026,78,10,0.5690429634370339,0.5897435897435898,1.298893771602378,0.5,0.0196078431372549,3.931372549019608,,54,11,-0.1761484717280324,0.2222222222222222,1.0166439202905828,1.0,0.3666666666666666,1.22,0.296
2026-09-08,Kansas State,Big 12,2026,72,12,0.5878935481737257,0.6527777777777778,1.2411157855790529,1.0,0.1136363636363636,3.788636363636364,,61,14,-0.2760781802900377,0.2295081967213114,1.3872082973968078,0.5,0.4102564102564102,1.2461538461538462,0.295
2026-09-08,Kennesaw State,Conference USA,2026,82,14,0.2889238382699472,0.573170731707317,1.1398710550423496,0.7777777777777778,0.1521739130434782,3.265217391304348,,53,14,-0.2481023479251471,0.1509433962264151,0.8919515753149165,1.0,0.25,1.8333333333333333,0.17
2026-09-08,Kent State,Mid-American,2026,49,10,-0.0380765202042578,0.2653061224489796,1.461049533469705,0.5,0.2083333333333333,2.7333333333333334,,74,10,0.6831768049116431,0.6891891891891891,1.208883909759148,0.8333333333333334,0.0769230769230769,4.058974358974359,0.068
2026-09-08,Kentucky,SEC,2026,61,11,0.5623068202509097,0.6065573770491803,1.1980918561404976,0.8,0.1818181818181818,4.121212121212121,,67,9,0.0772411219735421,0.417910447761194,1.1461380400647427,1.0,0.1923076923076923,2.0346153846153845,0.164
2026-09-08,Liberty,Conference USA,2026,69,9,0.028036219506202,0.3768115942028985,1.183714063723734,0.8,0.1351351351351351,2.310810810810811,,50,9,0.2797625024195963,0.38,1.2501062601953608,0.6666666666666666,0.2258064516129032,3.07741935483871,0.14
2026-09-08,Louisiana,Sun Belt,2026,68,11,0.3053660874098186,0.5441176470588235,1.155678147450766,0.75,0.1794871794871795,3.607692307692308,,62,11,-0.1221986707464751,0.4032258064516129,0.9773658675896196,0.5,0.2962962962962963,2.05925925925926,0.242
2026-09-08,Louisiana Tech,Sun Belt,2026,60,14,0.5986198567843053,0.4666666666666667,1.8154251680408937,1.0,0.1351351351351351,3.3378378378378377,,63,15,-0.2386179520556736,0.1746031746031746,1.0281713988788377,1.0,0.3181818181818182,1.3227272727272728,0.333
2026-09-08,Louisville,ACC,2026,68,13,0.3886189696343456,0.4558823529411764,1.5103542544262112,0.8,0.25,2.325,,80,13,0.2976736148603684,0.4625,1.3097367268750522,0.6363636363636364,0.1428571428571428,3.083333333333333,0.113
2026-09-08,LSU,SEC,2026,95,12,0.4186847892890937,0.5368421052631579,1.335477872163365,0.7777777777777778,0.0862068965517241,3.532758620689655,,50,13,-0.2678767676397615,0.24,0.9456595506388836,0.6666666666666666,0.3181818181818182,1.9363636363636365,0.28
2026-09-08,Marshall,Sun Belt,2026,55,12,-0.1678505565616108,0.2909090909090909,0.8874228649697032,0.5,0.4166666666666667,1.0458333333333334,,74,12,0.4220959538823401,0.5135135135135135,1.2946795341133903,0.8571428571428571,0.1363636363636363,3.1204545454545456,0.095
2026-09-08,Maryland,Big Ten,2026,79,13,0.5036550588589878,0.5949367088607594,1.2417666249097736,0.8333333333333334,0.125,4.405,,52,13,-0.2430595105951239,0.2307692307692307,0.9748639489021425,0.3333333333333333,0.3076923076923077,1.3115384615384615,0.269
2026-09-08,Massachusetts,Mid-American,2026,65,12,0.3299726417466155,0.5230769230769231,1.040597861761411,0.7142857142857143,0.175,3.375,,63,12,0.2030959004306255,0.3968253968253968,1.561455323235606,0.6,0.25,1.93,0.27
2026-09-08,Memphis,American Athletic,2026,124,24,0.3942942997514205,0.4838709677419355,1.3027581020209116,0.7142857142857143,0.1,3.74625,,141,25,0.1058050876927993,0.4042553191489361,1.354451927678599,0.8888888888888888,0.15,2.955,0.177
2026-09-08,Miami,ACC,2026,69,11,0.4612526864487724,0.5507246376811594,1.3520221510306736,1.0,0.1875,2.8875,,66,11,0.0199037664025885,0.3333333333333333,1.055218786150604,1.0,0.2272727272727272,2.65,0.106
2026-09-08,Miami (OH),Mid-American,2026,59,12,0.1140105096966495,0.3220338983050847,1.5292950729514845,1.0,0.1578947368421052,2.1894736842105265,,77,12,0.4266562668926378,0.5454545454545454,1.338185183481556,0.6,0.2,3.2466666666666666,0.078
2026-09-08,Michigan,Big Ten,2026,48,10,0.2355175415917992,0.4375,1.0790058466360366,0.75,0.0833333333333333,3.395833333333333,,70,11,-0.0368689615872864,0.3285714285714285,1.0681220061704584,0.6666666666666666,0.1818181818181818,2.6613636363636366,0.157
2026-09-08,Michigan State,Big Ten,2026,85,11,0.022631845773767,0.3764705882352941,1.097389911197236,0.3333333333333333,0.2127659574468085,2.797872340425532,,42,10,0.2841846990486799,0.2857142857142857,2.3449878397908352,0.0,0.4444444444444444,1.1388888888888888,0.262
2026-09-08,Middle Tennessee,Conference USA,2026,50,8,0.401691514611645,0.5,1.3001270636879156,0.5,0.0909090909090909,4.445454545454545,,50,9,0.1356520793081277,0.44,1.1883566697542824,0.8333333333333334,0.1481481481481481,3.1259259259259258,0.1
2026-09-08,Minnesota,Big Ten,2026,73,10,0.3421457792096198,0.6027397260273972,0.9752231854912968,0.6666666666666666,0.2307692307692307,2.4615384615384617,,46,13,-0.3840088027265944,0.108695652173913,1.6579740660748787,0.0,0.4444444444444444,1.325925925925926,0.283
2026-09-08,Mississippi State,SEC,2026,79,13,0.6380275101586687,0.5822784810126582,1.4780996639334054,1.0,0.1351351351351351,4.127027027027027,,71,13,-0.0252092266627155,0.2957746478873239,1.0528206054479607,0.4,0.1052631578947368,2.860526315789474,0.155
2026-09-08,Missouri,SEC,2026,79,12,0.3784876683810738,0.569620253164557,1.188936592060183,0.5714285714285714,0.1590909090909091,3.5454545454545454,,54,11,0.0165177642353872,0.2777777777777778,1.51228387460059,1.0,0.25,2.8321428571428573,0.167
2026-09-08,Missouri State,Conference USA,2026,41,11,-0.2441222919654586,0.1707317073170731,0.9332823449213844,0.5,0.2608695652173913,1.6434782608695653,,89,12,0.3513233344986824,0.5842696629213483,1.0755940232268968,1.0,0.1041666666666666,3.925,0.124
2026-09-08,Navy,American Athletic,2026,79,9,0.4802728873687856,0.6329113924050633,1.0216068152464193,1.0,0.0547945205479452,4.2753424657534245,,42,9,0.0528506485666738,0.2857142857142857,1.901970348855324,,0.1764705882352941,3.264705882352941,0.119
2026-09-08,NC State,ACC,2026,51,12,-0.1438403681738571,0.3137254901960784,0.533800638173952,1.0,0.1363636363636363,3.140909090909091,,71,12,0.2726220404086543,0.4788732394366197,1.0612371845133193,0.8333333333333334,0.1428571428571428,3.305357142857143,0.056
2026-09-08,Nebraska,Big Ten,2026,74,11,0.4925288347703889,0.5135135135135135,1.5427897743871417,0.8333333333333334,0.15,3.675,,68,12,0.1275262112846398,0.3529411764705882,1.3292957874323883,1.0,0.1290322580645161,3.396774193548388,0.206
2026-09-08,Nevada,Mountain West,2026,59,12,0.556278847672138,0.5084745762711864,1.6496693482013214,0.8571428571428571,0.1904761904761904,3.530952380952381,,84,12,0.0656228862120106,0.4404761904761904,0.9007840660809396,0.6666666666666666,0.1951219512195122,2.995121951219512,0.119
2026-09-08,New Mexico,Mountain West,2026,71,10,0.2187107716098358,0.4929577464788732,0.9281654236514942,1.0,0.0714285714285714,3.657142857142857,,49,10,-0.0521819579954481,0.2653061224489796,1.2713447189179048,0.6666666666666666,0.0333333333333333,2.8266666666666667,0.204
2026-09-08,New Mexico State,Conference USA,2026,133,22,0.288950842507434,0.4210526315789473,1.5581760293115774,0.6666666666666666,0.15,3.341666666666667,,126,23,0.1326270064301136,0.4047619047619047,1.2608012888937177,0.8,0.2063492063492063,3.13015873015873,0.135
2026-09-08,North Carolina,ACC,2026,58,10,0.1071523441641766,0.4655172413793103,0.9192743541669988,0.0,0.1481481481481481,3.425925925925926,,72,10,-0.0458685004165221,0.3333333333333333,1.216164722081157,0.8,0.1944444444444444,2.4472222222222224,0.153
2026-09-08,North Dakota State,Mountain West,2026,138,19,0.2389024157458295,0.4565217391304347,1.159685581066689,0.6666666666666666,0.1728395061728395,3.011111111111111,,105,21,-0.3131041177462083,0.3047619047619048,0.9891098805419768,0.5,0.2115384615384615,1.7596153846153846,0.21
2026-09-08,Northern Illinois,Mountain West,2026,58,15,-0.3317320736505182,0.1724137931034483,1.3677541941329785,1.0,0.28,1.668,,79,13,0.0613173930418565,0.4177215189873418,1.2457000747090123,0.2857142857142857,0.2105263157894736,3.294736842105263,0.114
2026-09-08,North Texas,American Athletic,2026,69,10,0.1345556840920811,0.3478260869565217,1.5483256457053565,0.0,0.1351351351351351,2.983783783783784,,46,9,0.6535582337217621,0.5217391304347826,1.639593578555076,0.8,0.1333333333333333,2.4966666666666666,0.043
2026-09-08,Northwestern,Big Ten,2026,55,11,0.4796492784465596,0.509090909090909,1.4850398029259404,1.0,0.1071428571428571,3.95,,90,12,0.1283813331936487,0.4222222222222222,1.0576414342835372,0.7777777777777778,0.131578947368421,3.305263157894737,0.189
2026-09-08,Notre Dame,FBS Independents,2026,63,10,0.34906816757153,0.4603174603174603,1.111044132357502,0.75,0.032258064516129,2.770967741935484,,61,10,0.0717450532807693,0.3770491803278688,1.2644111837126035,0.75,0.2068965517241379,2.358620689655172,0.213
2026-09-08,Ohio,Mid-American,2026,68,12,0.1275262112846398,0.3529411764705882,1.3292957874323883,1.0,0.1290322580645161,3.396774193548388,,74,11,0.4925288347703889,0.5135135135135135,1.5427897743871417,0.8333333333333334,0.15,3.675,0.149
2026-09-08,Ohio State,Big Ten,2026,73,12,0.6666069358406588,0.5616438356164384,1.448948844124814,0.75,0.1818181818181818,3.3181818181818183,,62,13,-0.2423253831274824,0.2096774193548387,1.3049899715616444,,0.3181818181818182,1.2,0.226
2026-09-08,Oklahoma,SEC,2026,60,11,0.3871905835315659,0.55,1.1941828089991482,0.5714285714285714,0.2368421052631578,2.876315789473684,,59,13,-0.2513514097581535,0.3389830508474576,0.9392952091081728,0.0,0.2941176470588235,1.5676470588235294,0.271
2026-09-08,Oklahoma State,Big 12,2026,88,12,-0.070655818794617,0.3636363636363636,1.0309825186683157,0.5,0.2222222222222222,2.7916666666666665,,58,12,0.1864318063964714,0.4137931034482758,1.0851431714647468,1.0,0.1515151515151515,2.763636363636364,0.121
2026-09-08,Old Dominion,Sun Belt,2026,57,12,0.2183864577720761,0.4210526315789473,1.403199988382679,0.3333333333333333,0.25,2.7475,,61,11,-0.2098210149796944,0.2622950819672131,1.0102859391372834,0.5,0.2368421052631578,2.281578947368421,0.246
2026-09-08,Ole Miss,SEC,2026,80,13,0.2976736148603684,0.4625,1.3097367268750522,0.6363636363636364,0.1428571428571428,3.083333333333333,,68,13,0.3886189696343456,0.4558823529411764,1.5103542544262112,0.8,0.25,2.325,0.162
2026-09-08,Oregon,Big Ten,2026,64,13,0.2770903671236243,0.453125,1.5147413609415246,0.6666666666666666,0.125,3.2375,,67,13,0.112630052976283,0.3582089552238806,1.0180962329024892,1.0,0.1212121212121212,2.9212121212121214,0.134
2026-09-08,Oregon State,Pac-12,2026,74,12,0.1828788459074729,0.4054054054054054,1.341138665590374,0.5,0.0476190476190476,2.833333333333333,,74,11,0.3122472695613982,0.5,1.2537336272714703,0.8571428571428571,0.15,3.3325,0.135
2026-09-08,Penn State,Big Ten,2026,74,12,0.4220959538823401,0.5135135135135135,1.2946795341133903,0.8571428571428571,0.1363636363636363,3.1204545454545456,,55,12,-0.1678505565616108,0.2909090909090909,0.8874228649697032,0.5,0.4166666666666667,1.0458333333333334,0.255
2026-09-08,Pittsburgh,ACC,2026,77,12,0.4266562668926378,0.5454545454545454,1.338185183481556,0.6,0.2,3.2466666666666666,,59,12,0.1140105096966495,0.3220338983050847,1.5292950729514845,1.0,0.1578947368421052,2.1894736842105265,0.102
2026-09-08,Purdue,Big Ten,2026,74,10,0.3720946010569115,0.5,1.1765932198339826,1.0,0.0526315789473684,3.713157894736842,,48,10,0.0076184507009966,0.2708333333333333,2.3625129116735217,1.0,0.3809523809523809,1.7857142857142858,0.292
2026-09-08,Rice,American Athletic,2026,82,10,0.2330716591590226,0.5365853658536586,0.9398508399655154,0.7142857142857143,0.0714285714285714,4.098571428571429,,59,9,-0.1237149255808005,0.3050847457627119,1.1672615609152817,0.3333333333333333,0.1818181818181818,2.8151515151515154,0.22
2026-09-08,Rutgers,Big Ten,2026,63,12,0.2030959004306255,0.3968253968253968,1.561455323235606,0.6,0.25,1.93,,65,12,0.3299726417466155,0.5230769230769231,1.040597861761411,0.7142857142857143,0.175,3.375,0.092
2026-09-08,Sacramento State,Mid-American,2026,136,28,0.1433571306032177,0.4117647058823529,1.2100326346283852,0.7142857142857143,0.2758620689655172,2.3344827586206898,,123,28,-0.0377164501393858,0.3170731707317073,1.249205121713904,0.8,0.1724137931034483,2.446551724137931,0.179
2026-09-08,Sam Houston,Conference USA,2026,70,12,0.1679615358354406,0.4714285714285714,1.2051346981627544,0.5,0.4,1.775,,69,14,0.1569078614264043,0.3333333333333333,1.656527031513981,0.0,0.282051282051282,2.6666666666666665,0.217
2026-09-08,San Diego State,Pac-12,2026,64,12,0.2275570300504772,0.46875,1.1621448616114909,0.5454545454545454,0.225,3.11,,81,14,0.0271101214147896,0.419753086419753,0.8928353503546071,0.8333333333333334,0.1034482758620689,3.213793103448276,0.099
2026-09-08,San José State,Mountain West,2026,135,26,0.1654454108123683,0.3777777777777777,1.403736148990978,0.5,0.2241379310344827,2.8948275862068966,,146,24,0.1926127829579521,0.4863013698630137,0.9437116819457052,0.9333333333333332,0.1269841269841269,3.0793650793650795,0.116
2026-09-08,SMU,ACC,2026,67,11,0.3731393852771628,0.5522388059701493,1.2869920757845814,0.6666666666666666,0.1290322580645161,3.2774193548387096,,67,12,0.1942759989222807,0.373134328358209,1.4367549195963938,0.3333333333333333,0.1219512195121951,3.1926829268292685,0.06
2026-09-08,South Alabama,Sun Belt,2026,88,11,0.1679081659755002,0.4204545454545454,1.1090388260054005,0.8,0.1403508771929824,3.333333333333333,,37,10,0.1680093831906549,0.4054054054054054,1.3108139148186486,0.25,0.3125,1.46875,0.297
2026-09-08,South Carolina,SEC,2026,74,10,0.6831768049116431,0.6891891891891891,1.208883909759148,0.8333333333333334,0.0769230769230769,4.058974358974359,,49,10,-0.0380765202042578,0.2653061224489796,1.461049533469705,0.5,0.2083333333333333,2.7333333333333334,0.143
2026-09-08,Southern Miss,Sun Belt,2026,85,12,0.4021821758857622,0.5882352941176471,1.0704689502182791,0.8461538461538461,0.0701754385964912,4.026315789473684,,61,13,-0.1276766015263514,0.2131147540983606,1.646759392614464,,0.3142857142857143,2.037142857142857,0.213
2026-09-08,South Florida,American Athletic,2026,58,9,-0.0627460596868576,0.4310344827586206,0.6493252074099518,0.8,0.2432432432432432,2.216216216216216,,76,10,0.1106554334008039,0.3815789473684211,1.1286561605558318,0.5,0.25,2.4875,0.158
2026-09-08,Stanford,ACC,2026,139,24,0.1808381606267126,0.39568345323741,1.1457214486158334,0.8571428571428571,0.1694915254237288,2.886440677966102,,145,25,0.245147869709458,0.4482758620689655,1.3156744634857456,1.0,0.1509433962264151,2.922641509433962,0.124
2026-09-08,Syracuse,ACC,2026,78,13,0.35126503570932,0.5256410256410257,1.3123860866084411,0.875,0.15,3.5125,,63,14,-0.2563055947546812,0.2698412698412698,0.8887481994400394,0.75,0.2333333333333333,1.6033333333333333,0.254
2026-09-08,TCU,Big 12,2026,72,10,-0.0458685004165221,0.3333333333333333,1.216164722081157,0.8,0.1944444444444444,2.4472222222222224,,58,10,0.1071523441641766,0.4655172413793103,0.9192743541669988,0.0,0.1481481481481481,3.425925925925926,0.155
2026-09-08,Temple,American Athletic,2026,63,10,0.1701631807567049,0.4603174603174603,1.1362662343770378,0.8571428571428571,0.1860465116279069,2.9465116279069767,,62,12,-0.0226790900205711,0.3870967741935484,1.1767906357894466,0.8,0.2857142857142857,2.317857142857143,0.226
2026-09-08,Tennessee,SEC,2026,74,13,0.5691980477008708,0.581081081081081,1.2840787312058908,0.8333333333333334,0.108695652173913,3.771739130434783,,60,14,-0.1261539060436249,0.25,1.167568813131016,0.0,0.2758620689655172,2.996551724137931,0.267
2026-09-08,Texas,SEC,2026,70,9,0.4586510146705653,0.5,1.579697637253443,0.8,0.2857142857142857,2.5342857142857143,,73,11,0.1390521539854218,0.410958904109589,1.1274872950767767,0.6,0.2051282051282051,2.6256410256410256,0.205
2026-09-08,Texas A&M,SEC,2026,89,12,0.3513233344986824,0.5842696629213483,1.0755940232268968,1.0,0.1041666666666666,3.925,,41,11,-0.2441222919654586,0.1707317073170731,0.9332823449213844,0.5,0.2608695652173913,1.6434782608695653,0.293
2026-09-08,Texas State,Pac-12,2026,73,11,0.1390521539854218,0.410958904109589,1.1274872950767767,0.6,0.2051282051282051,2.6256410256410256,,70,9,0.4586510146705653,0.5,1.579697637253443,0.8,0.2857142857142857,2.5342857142857143,0.171
2026-09-08,Texas Tech,Big 12,2026,74,11,0.2785300204187715,0.5,1.0471550507298784,0.7777777777777778,0.1538461538461538,3.3461538461538463,,63,10,-0.1380251385043791,0.2698412698412698,1.2673339554332412,0.5,0.1923076923076923,2.8384615384615386,0.238
2026-09-08,Toledo,Mid-American,2026,42,10,0.2841846990486799,0.2857142857142857,2.3449878397908352,0.0,0.4444444444444444,1.1388888888888888,,85,11,0.022631845773767,0.3764705882352941,1.097389911197236,0.3333333333333333,0.2127659574468085,2.797872340425532,0.106
2026-09-08,Troy,Sun Belt,2026,69,14,0.1569078614264043,0.3333333333333333,1.656527031513981,0.0,0.282051282051282,2.6666666666666665,,70,12,0.1679615358354406,0.4714285714285714,1.2051346981627544,0.5,0.4,1.775,0.229
2026-09-08,Tulane,American Athletic,2026,55,12,0.0040917519043523,0.3090909090909091,0.7971508910071232,1.0,0.1304347826086956,2.9565217391304346,,78,13,-0.0505656875484706,0.2948717948717949,1.239953895912352,1.0,0.1836734693877551,3.0408163265306123,0.09
2026-09-08,Tulsa,American Athletic,2026,58,12,0.1864318063964714,0.4137931034482758,1.0851431714647468,1.0,0.1515151515151515,2.763636363636364,,88,12,-0.070655818794617,0.3636363636363636,1.0309825186683157,0.5,0.2222222222222222,2.7916666666666665,0.102
2026-09-08,UAB,American Athletic,2026,79,8,0.1391305222352757,0.430379746835443,1.246176627641464,0.75,0.1304347826086956,3.252173913043478,,44,8,0.5293505291335725,0.5681818181818182,1.3542485462010816,0.6,0.2307692307692307,2.976923076923077,0.045
2026-09-08,UCF,Big 12,2026,62,13,0.5493339803795543,0.5645161290322581,1.4108685998253796,1.0,0.081081081081081,4.386486486486486,,62,15,-0.1629071620565535,0.2096774193548387,1.219168347266829,1.0,0.3157894736842105,1.923684210526316,0.226
2026-09-08,UCLA,Big Ten,2026,53,14,0.4197846779080366,0.5660377358490566,1.2513254603824528,1.0,0.0344827586206896,4.813793103448276,,89,14,0.1330628286155295,0.3370786516853932,1.4836215579250065,0.6666666666666666,0.2051282051282051,2.528205128205128,0.191
2026-09-08,UConn,FBS Independents,2026,74,14,0.5732783853066649,0.5135135135135135,1.5911999117333786,0.3333333333333333,0.15,3.855,,72,13,-0.1583014250977013,0.2777777777777778,0.8956382174474538,0.6666666666666666,0.2142857142857142,2.3857142857142857,0.153
2026-09-08,UL Monroe,Sun Belt,2026,71,13,-0.0252092266627155,0.2957746478873239,1.0528206054479607,0.4,0.1052631578947368,2.860526315789474,,79,13,0.6380275101586687,0.5822784810126582,1.4780996639334054,1.0,0.1351351351351351,4.127027027027027,0.101
2026-09-08,UNLV,Mountain West,2026,145,25,0.1200261378324966,0.3517241379310344,1.4413345772565798,0.6666666666666666,0.1428571428571428,3.3025974025974025,,137,23,0.0892851354528906,0.3941605839416058,1.1660859456751205,0.7142857142857143,0.1129032258064516,3.875806451612904,0.168
2026-09-08,USC,Big Ten,2026,146,20,0.363397412337942,0.6027397260273972,1.036874418468907,0.8,0.1818181818181818,3.1818181818181817,,102,20,-0.0273655770706078,0.3431372549019608,1.1708350034918942,0.0,0.2340425531914893,2.363829787234043,0.157
2026-09-08,Utah,Big 12,2026,77,13,0.5107474991645495,0.5714285714285714,1.3617321828088478,0.75,0.1428571428571428,4.116326530612245,,62,13,0.1373547685990896,0.3387096774193548,1.262352149239576,1.0,0.2,2.256666666666667,0.129
2026-09-08,Utah State,Pac-12,2026,89,12,0.0953408762518156,0.4269662921348314,1.1945320367732557,0.25,0.1627906976744186,3.4511627906976745,,65,13,0.0339441781809636,0.3538461538461538,1.0966029950577263,0.6666666666666666,0.1785714285714285,2.242857142857143,0.092
2026-09-08,UTEP,Mountain West,2026,59,13,-0.2513514097581535,0.3389830508474576,0.9392952091081728,0.0,0.2941176470588235,1.5676470588235294,,60,11,0.3871905835315659,0.55,1.1941828089991482,0.5714285714285714,0.2368421052631578,2.876315789473684,0.117
2026-09-08,UTSA,American Athletic,2026,60,12,0.5144231919895464,0.6333333333333333,1.0998644890074278,1.0,0.1034482758620689,3.7655172413793103,,82,13,-0.0637788059466083,0.3780487804878049,1.0540254394047484,0.3333333333333333,0.1818181818181818,3.118181818181818,0.183
2026-09-08,Vanderbilt,SEC,2026,63,8,0.2825170243631735,0.4761904761904761,1.061975081924216,0.75,0.081081081081081,3.5,,47,10,0.0290448960751272,0.3404255319148936,1.186345828828299,1.0,0.2105263157894736,3.226315789473684,0.128
2026-09-08,Virginia,ACC,2026,71,12,0.2726220404086543,0.4788732394366197,1.0612371845133193,0.8333333333333334,0.1428571428571428,3.305357142857143,,51,12,-0.1438403681738571,0.3137254901960784,0.533800638173952,1.0,0.1363636363636363,3.140909090909091,0.255
2026-09-08,Virginia Tech,ACC,2026,74,14,0.5374711897037322,0.6486486486486487,1.1019539523073911,0.9,0.024390243902439,4.102439024390244,,57,15,-0.4448745270780552,0.087719298245614,1.8471598449248687,,0.5897435897435898,-0.2461538461538461,0.386
2026-09-08,Wake Forest,ACC,2026,68,11,0.4775889473352314,0.4264705882352941,1.5275719114401596,0.8,0.15625,3.265625,,70,11,0.0219793074667645,0.5,0.7212615614875549,0.6,0.1818181818181818,3.103030303030303,0.143
2026-09-08,Washington,Big Ten,2026,64,12,0.0779716429331925,0.46875,1.0665805293728612,0.5,0.25,2.753571428571429,,58,11,-0.0327383497923566,0.3103448275862069,1.0264346254160943,,0.3103448275862069,2.310344827586207,0.293
2026-09-08,Washington State,Pac-12,2026,58,11,-0.0327383497923566,0.3103448275862069,1.0264346254160943,0.0,0.3103448275862069,2.310344827586207,,64,12,0.0779716429331925,0.46875,1.0665805293728612,0.5,0.25,2.753571428571429,0.078
2026-09-08,Western Kentucky,Conference USA,2026,84,12,0.0656228862120106,0.4404761904761904,0.9007840660809396,0.6666666666666666,0.1951219512195122,2.995121951219512,,59,12,0.556278847672138,0.5084745762711864,1.6496693482013214,0.8571428571428571,0.1904761904761904,3.530952380952381,0.068
2026-09-08,Western Michigan,Mid-American,2026,70,11,-0.0368689615872864,0.3285714285714285,1.0681220061704584,0.6666666666666666,0.1818181818181818,2.6613636363636366,,48,10,0.2355175415917992,0.4375,1.0790058466360366,0.75,0.0833333333333333,3.395833333333333,0.167
2026-09-08,West Virginia,Big 12,2026,77,14,0.1253120460127239,0.4155844155844156,1.017712015705272,0.75,0.15,2.725,,65,13,0.2190866513645281,0.4307692307692308,1.513683842396193,0.6666666666666666,0.32,1.944,0.262
2026-09-08,Wisconsin,Big Ten,2026,61,10,0.0717450532807693,0.3770491803278688,1.2644111837126035,0.75,0.2068965517241379,2.358620689655172,,63,10,0.34906816757153,0.4603174603174603,1.111044132357502,0.75,0.032258064516129,2.770967741935484,0.111
2026-09-08,Wyoming,Mountain West,2026,55,11,-0.0251076991146114,0.4181818181818181,0.899961606833427,1.0,0.1212121212121212,3.3545454545454545,,68,11,0.3012418203750481,0.4852941176470588,1.2087905981747544,1.0,0.2121212121212121,2.4939393939393937,0.118
2026-09-09,Air Force,Mountain West,2026,79,9,0.398894580108972,0.5443037974683544,0.9961783497840124,1.0,0.0422535211267605,4.357746478873239,,45,9,-0.248118563368299,0.2222222222222222,1.1005872277594584,1.0,0.25,2.47,0.178
2026-09-09,Akron,Mid-American,2026,70,11,0.0219793074667645,0.5,0.7212615614875549,0.6,0.1818181818181818,3.103030303030303,,68,11,0.4775889473352314,0.4264705882352941,1.5275719114401596,0.8,0.15625,3.265625,0.132
2026-09-09,Alabama,SEC,2026,80,11,0.2921555691005923,0.525,1.1065101966937536,0.8333333333333334,0.1666666666666666,3.25,,41,12,-0.1985433161778543,0.2195121951219512,1.548265437530798,0.0,0.3684210526315789,0.131578947368421,0.195
2026-09-09,App State,Sun Belt,2026,74,10,0.607856950791685,0.6486486486486487,1.2037359766532605,1.0,0.1025641025641025,3.587179487179488,,61,11,-0.070753508433127,0.3114754098360656,1.2470294348667017,0.0,0.3076923076923077,1.696153846153846,0.213
2026-09-09,Arizona,Big 12,2026,74,13,0.2162055092878395,0.6081081081081081,0.9333031860410906,1.0,0.0303030303030303,4.409090909090909,,53,11,-0.2286260997681982,0.1698113207547169,1.7768342308359768,,0.4375,1.33125,0.34
2026-09-09,Arizona State,Big 12,2026,71,12,0.6811056989560571,0.5774647887323944,1.6060940675308155,1.0,0.1428571428571428,3.145714285714286,,52,12,-0.0543715412788205,0.3076923076923077,0.9935711179315884,0.6666666666666666,0.0869565217391304,3.0217391304347827,0.115
2026-09-09,Arkansas,SEC,2026,84,13,0.1762496985985374,0.5238095238095238,0.9434584968366112,0.7777777777777778,0.217391304347826,2.5804347826086955,,45,13,-0.0746171455673535,0.2666666666666666,1.053617978511065,,0.2631578947368421,1.8473684210526315,0.222
2026-09-09,Arkansas State,Sun Belt,2026,60,12,0.1251568147001252,0.5,1.25818527156254,0.8333333333333334,0.1153846153846153,3.2192307692307693,,65,12,0.4907125992882863,0.4923076923076923,1.4906452469735614,0.6,0.1276595744680851,3.546808510638298,0.092
2026-09-09,Army,American Athletic,2026,72,12,0.68581428710163,0.6527777777777778,1.287193457096531,0.8333333333333334,0.0526315789473684,4.65438596491228,,54,11,-0.1061496906379418,0.3148148148148148,0.8508825653985219,0.6666666666666666,0.2413793103448276,2.317241379310345,0.204
2026-09-09,Auburn,SEC,2026,75,13,0.028237977212608,0.3866666666666666,1.1601768480225931,1.0,0.2285714285714285,2.6742857142857144,,101,13,0.0541744150425169,0.3861386138613861,1.2316141474915536,0.4,0.2325581395348837,2.097674418604651,0.198
2026-09-09,Ball State,Mid-American,2026,62,13,-0.2423253831274824,0.2096774193548387,1.3049899715616444,0.0,0.3181818181818182,1.2,,73,12,0.6666069358406588,0.5616438356164384,1.448948844124814,0.75,0.1818181818181818,3.3181818181818183,0.11
2026-09-09,Baylor,Big 12,2026,101,13,0.0541744150425169,0.3861386138613861,1.2316141474915536,0.4,0.2325581395348837,2.097674418604651,,75,13,0.028237977212608,0.3866666666666666,1.1601768480225931,1.0,0.2285714285714285,2.6742857142857144,0.24
2026-09-09,Boise State,Pac-12,2026,67,13,0.112630052976283,0.3582089552238806,1.0180962329024892,1.0,0.1212121212121212,2.9212121212121214,,64,13,0.2770903671236243,0.453125,1.5147413609415246,0.6666666666666666,0.125,3.2375,0.156
2026-09-09,Boston College,ACC,2026,73,11,0.1148708905860701,0.3972602739726027,1.321991243096292,1.0,0.2,3.182857142857143,,62,12,0.2410406579313317,0.3870967741935484,1.255243118893256,1.0,0.0909090909090909,3.5568181818181817,0.113
2026-09-09,Bowling Green,Mid-American,2026,66,10,0.0252616008758181,0.3939393939393939,0.9845141517309268,0.5,0.25,2.308333333333333,,59,10,0.147050749791919,0.3898305084745763,1.3986920519909742,0.5,0.25,2.909375,0.085
2026-09-09,Buffalo,Mid-American,2026,83,15,0.1523137913791646,0.3975903614457831,1.1454912933763308,1.0,0.1818181818181818,2.9909090909090907,,72,14,-0.0495205233949304,0.2916666666666667,1.290213068638229,0.6666666666666666,0.2857142857142857,2.35,0.194
2026-09-09,BYU,Big 12,2026,70,11,0.5424702666968887,0.6571428571428571,1.0634948151667478,0.8333333333333334,0.0666666666666666,4.348888888888889,,57,12,-0.1092276625777366,0.3157894736842105,1.1129858127235353,1.0,0.25,1.5375,0.193
2026-09-09,California,ACC,2026,89,14,0.1330628286155295,0.3370786516853932,1.4836215579250065,0.6666666666666666,0.2051282051282051,2.528205128205128,,53,14,0.4197846779080366,0.5660377358490566,1.2513254603824528,1.0,0.0344827586206896,4.813793103448276,0.17
2026-09-09,Central Michigan,Mid-American,2026,49,10,-0.0521819579954481,0.2653061224489796,1.2713447189179048,0.6666666666666666,0.0333333333333333,2.8266666666666667,,71,10,0.2187107716098358,0.4929577464788732,0.9281654236514942,1.0,0.0714285714285714,3.657142857142857,0.085
2026-09-09,Charlotte,American Athletic,2026,78,13,0.2859972664636527,0.4615384615384615,1.4901022812832403,0.5714285714285714,0.15625,3.43125,,64,13,0.3753893366264918,0.484375,1.3295321578112234,0.8888888888888888,0.1875,3.1395833333333334,0.109
2026-09-09,Cincinnati,Big 12,2026,62,12,0.2410406579313317,0.3870967741935484,1.255243118893256,1.0,0.0909090909090909,3.5568181818181817,,73,11,0.1148708905860701,0.3972602739726027,1.321991243096292,1.0,0.2,3.182857142857143,0.233
2026-09-09,Clemson,ACC,2026,50,13,-0.2678767676397615,0.24,0.9456595506388836,0.6666666666666666,0.3181818181818182,1.9363636363636365,,95,12,0.4186847892890937,0.5368421052631579,1.335477872163365,0.7777777777777778,0.0862068965517241,3.532758620689655,0.105
2026-09-09,Coastal Carolina,Sun Belt,2026,65,13,0.2190866513645281,0.4307692307692308,1.513683842396193,0.6666666666666666,0.32,1.944,,77,14,0.1253120460127239,0.4155844155844156,1.017712015705272,0.75,0.15,2.725,0.117
2026-09-09,Colorado,Big 12,2026,77,10,0.052210909874857,0.3766233766233766,1.1248231734306042,1.0,0.108695652173913,2.730434782608696,,54,9,0.0740220685733517,0.3703703703703703,1.2001545717095805,0.3333333333333333,0.4444444444444444,1.903703703703704,0.204
2026-09-09,Colorado State,Pac-12,2026,68,11,0.3012418203750481,0.4852941176470588,1.2087905981747544,1.0,0.2121212121212121,2.4939393939393937,,55,11,-0.0251076991146114,0.4181818181818181,0.899961606833427,1.0,0.1212121212121212,3.3545454545454545,0.255
2026-09-09,Delaware,Conference USA,2026,72,15,0.395766923303369,0.4722222222222222,1.4629954002722116,0.6,0.25,2.9035714285714285,,72,14,-0.1228539521929541,0.25,1.4441213197823703,0.0,0.1818181818181818,2.0454545454545454,0.222
2026-09-09,Duke,ACC,2026,78,13,-0.0505656875484706,0.2948717948717949,1.239953895912352,1.0,0.1836734693877551,3.0408163265306123,,55,12,0.0040917519043523,0.3090909090909091,0.7971508910071232,1.0,0.1304347826086956,2.9565217391304346,0.255
2026-09-09,East Carolina,American Athletic,2026,41,12,-0.1985433161778543,0.2195121951219512,1.548265437530798,0.0,0.3684210526315789,0.131578947368421,,80,11,0.2921555691005923,0.525,1.1065101966937536,0.8333333333333334,0.1666666666666666,3.25,0.1
2026-09-09,Eastern Michigan,Mid-American,2026,139,28,0.0137872737547518,0.3525179856115107,1.1963855437894064,0.8888888888888888,0.1851851851851851,2.401851851851852,,142,29,0.0358449996397635,0.3380281690140845,1.3282440556423494,0.6666666666666666,0.2941176470588235,2.268627450980392,0.211
2026-09-09,Florida,SEC,2026,68,11,0.6214577657732879,0.5441176470588235,1.5513849234480332,1.0,0.1,3.415,,92,12,0.1079005807865989,0.4021739130434782,1.123977189197295,0.8,0.1111111111111111,2.6666666666666665,0.185
2026-09-09,Florida Atlantic,American Athletic,2026,92,12,0.1079005807865989,0.4021739130434782,1.123977189197295,0.8,0.1111111111111111,2.6666666666666665,,68,11,0.6214577657732879,0.5441176470588235,1.5513849234480332,1.0,0.1,3.415,0.103
2026-09-09,Florida International,Conference USA,2026,76,10,0.1106554334008039,0.3815789473684211,1.1286561605558318,0.5,0.25,2.4875,,58,9,-0.0627460596868576,0.4310344827586206,0.6493252074099518,0.8,0.2432432432432432,2.216216216216216,0.155
2026-09-09,Florida State,ACC,2026,134,22,0.2424691694189232,0.4104477611940298,1.3738286847147458,0.5,0.1392405063291139,3.312658227848101,,134,21,0.2678980507336072,0.4477611940298507,1.420966285728235,0.8333333333333334,0.1176470588235294,3.1549019607843136,0.127
2026-09-09,Fresno State,Pac-12,2026,45,10,-0.3361342907596831,0.2222222222222222,1.0430569433281442,0.0,0.25,2.0458333333333334,,69,10,0.3329910433772204,0.5362318840579711,1.2523425346671877,0.6,0.2564102564102564,2.67948717948718,0.116
2026-09-09,Georgia,SEC,2026,61,12,0.7432765199543512,0.7049180327868853,1.3166694327058304,1.0,0.074074074074074,4.692592592592592,,59,12,-0.098492900176064,0.3050847457627119,0.9076081443193394,0.5,0.3448275862068966,1.3448275862068966,0.169
2026-09-09,Georgia Southern,Sun Belt,2026,80,13,0.2672860733180602,0.4625,1.301211044217893,0.5,0.1212121212121212,3.4393939393939394,,63,13,-0.3198180179468932,0.1746031746031746,1.3742976064793733,1.0,0.3461538461538461,0.7115384615384616,0.651
2026-09-09,Georgia State,Sun Belt,2026,71,12,0.506821618296269,0.5915492957746479,1.1174212531004228,0.8,0.0526315789473684,4.339473684210526,,55,12,-0.0651855131693598,0.2909090909090909,1.342072137645949,,0.2,2.852,0.2
2026-09-09,Georgia Tech,ACC,2026,54,9,0.0740220685733517,0.3703703703703703,1.2001545717095805,0.3333333333333333,0.4444444444444444,1.903703703703704,,77,10,0.052210909874857,0.3766233766233766,1.1248231734306042,1.0,0.108695652173913,2.730434782608696,0.143
2026-09-09,Hawai'i,Mountain West,2026,154,25,-0.0067799020486064,0.3441558441558441,1.257467947844597,0.7777777777777778,0.14,3.396,,137,25,0.246843337573555,0.4160583941605839,1.295609264698933,0.6666666666666666,0.125,3.40875,0.102
2026-09-09,Houston,Big 12,2026,74,11,0.3122472695613982,0.5,1.2537336272714703,0.8571428571428571,0.15,3.3325,,74,12,0.1828788459074729,0.4054054054054054,1.341138665590374,0.5,0.0476190476190476,2.833333333333333,0.216
2026-09-09,Illinois,Big Ten,2026,44,8,0.5293505291335725,0.5681818181818182,1.3542485462010816,0.6,0.2307692307692307,2.976923076923077,,79,8,0.1391305222352757,0.430379746835443,1.246176627641464,0.75,0.1304347826086956,3.252173913043478,0.139
2026-09-09,Indiana,Big Ten,2026,46,9,0.6535582337217621,0.5217391304347826,1.639593578555076,0.8,0.1333333333333333,2.4966666666666666,,69,10,0.1345556840920811,0.3478260869565217,1.5483256457053565,0.0,0.1351351351351351,2.983783783783784,0.13
2026-09-09,Iowa,Big Ten,2026,79,13,0.0613173930418565,0.4177215189873418,1.2457000747090123,0.2857142857142857,0.2105263157894736,3.294736842105263,,58,15,-0.3317320736505182,0.1724137931034483,1.3677541941329785,1.0,0.28,1.668,0.207
2026-09-09,Iowa State,Big 12,2026,48,12,0.2446671684503538,0.3541666666666667,1.764868764741519,0.0,0.2,2.543333333333333,,69,13,-0.0595235618745478,0.2753623188405797,1.3903288614258686,0.6666666666666666,0.1463414634146341,2.1463414634146343,0.246
2026-09-09,Jacksonville State,Conference USA,2026,118,20,0.1409216220392592,0.4661016949152542,1.2756491209849268,0.7272727272727273,0.1551724137931034,2.9517241379310346,,127,20,0.0544449670414666,0.4015748031496063,1.1417088748135955,0.625,0.2125,2.80125,0.15
2026-09-09,James Madison,Sun Belt,2026,50,9,0.2797625024195963,0.38,1.2501062601953608,0.6666666666666666,0.2258064516129032,3.07741935483871,,69,9,0.028036219506202,0.3768115942028985,1.183714063723734,0.8,0.1351351351351351,2.310810810810811,0.13
2026-09-09,Kansas,Big 12,2026,78,10,0.5690429634370339,0.5897435897435898,1.298893771602378,0.5,0.0196078431372549,3.931372549019608,,54,11,-0.1761484717280324,0.2222222222222222,1.0166439202905828,1.0,0.3666666666666666,1.22,0.296
2026-09-09,Kansas State,Big 12,2026,72,12,0.5878935481737257,0.6527777777777778,1.2411157855790529,1.0,0.1136363636363636,3.788636363636364,,61,14,-0.2760781802900377,0.2295081967213114,1.3872082973968078,0.5,0.4102564102564102,1.2461538461538462,0.295
2026-09-09,Kennesaw State,Conference USA,2026,82,14,0.2889238382699472,0.573170731707317,1.1398710550423496,0.7777777777777778,0.1521739130434782,3.265217391304348,,53,14,-0.2481023479251471,0.1509433962264151,0.8919515753149165,1.0,0.25,1.8333333333333333,0.17
2026-09-09,Kent State,Mid-American,2026,49,10,-0.0380765202042578,0.2653061224489796,1.461049533469705,0.5,0.2083333333333333,2.7333333333333334,,74,10,0.6831768049116431,0.6891891891891891,1.208883909759148,0.8333333333333334,0.0769230769230769,4.058974358974359,0.068
2026-09-09,Kentucky,SEC,2026,61,11,0.5623068202509097,0.6065573770491803,1.1980918561404976,0.8,0.1818181818181818,4.121212121212121,,67,9,0.0772411219735421,0.417910447761194,1.1461380400647427,1.0,0.1923076923076923,2.0346153846153845,0.164
2026-09-09,Liberty,Conference USA,2026,69,9,0.028036219506202,0.3768115942028985,1.183714063723734,0.8,0.1351351351351351,2.310810810810811,,50,9,0.2797625024195963,0.38,1.2501062601953608,0.6666666666666666,0.2258064516129032,3.07741935483871,0.14
2026-09-09,Louisiana,Sun Belt,2026,68,11,0.3053660874098186,0.5441176470588235,1.155678147450766,0.75,0.1794871794871795,3.607692307692308,,62,11,-0.1221986707464751,0.4032258064516129,0.9773658675896196,0.5,0.2962962962962963,2.05925925925926,0.242
2026-09-09,Louisiana Tech,Sun Belt,2026,60,14,0.5986198567843053,0.4666666666666667,1.8154251680408937,1.0,0.1351351351351351,3.3378378378378377,,63,15,-0.2386179520556736,0.1746031746031746,1.0281713988788377,1.0,0.3181818181818182,1.3227272727272728,0.333
2026-09-09,Louisville,ACC,2026,68,13,0.3886189696343456,0.4558823529411764,1.5103542544262112,0.8,0.25,2.325,,80,13,0.2976736148603684,0.4625,1.3097367268750522,0.6363636363636364,0.1428571428571428,3.083333333333333,0.113
2026-09-09,LSU,SEC,2026,95,12,0.4186847892890937,0.5368421052631579,1.335477872163365,0.7777777777777778,0.0862068965517241,3.532758620689655,,50,13,-0.2678767676397615,0.24,0.9456595506388836,0.6666666666666666,0.3181818181818182,1.9363636363636365,0.28
2026-09-09,Marshall,Sun Belt,2026,55,12,-0.1678505565616108,0.2909090909090909,0.8874228649697032,0.5,0.4166666666666667,1.0458333333333334,,74,12,0.4220959538823401,0.5135135135135135,1.2946795341133903,0.8571428571428571,0.1363636363636363,3.1204545454545456,0.095
2026-09-09,Maryland,Big Ten,2026,79,13,0.5036550588589878,0.5949367088607594,1.2417666249097736,0.8333333333333334,0.125,4.405,,52,13,-0.2430595105951239,0.2307692307692307,0.9748639489021425,0.3333333333333333,0.3076923076923077,1.3115384615384615,0.269
2026-09-09,Massachusetts,Mid-American,2026,65,12,0.3299726417466155,0.5230769230769231,1.040597861761411,0.7142857142857143,0.175,3.375,,63,12,0.2030959004306255,0.3968253968253968,1.561455323235606,0.6,0.25,1.93,0.27
2026-09-09,Memphis,American Athletic,2026,124,24,0.3942942997514205,0.4838709677419355,1.3027581020209116,0.7142857142857143,0.1,3.74625,,141,25,0.1058050876927993,0.4042553191489361,1.354451927678599,0.8888888888888888,0.15,2.955,0.177
2026-09-09,Miami,ACC,2026,69,11,0.4612526864487724,0.5507246376811594,1.3520221510306736,1.0,0.1875,2.8875,,66,11,0.0199037664025885,0.3333333333333333,1.055218786150604,1.0,0.2272727272727272,2.65,0.106
2026-09-09,Miami (OH),Mid-American,2026,59,12,0.1140105096966495,0.3220338983050847,1.5292950729514845,1.0,0.1578947368421052,2.1894736842105265,,77,12,0.4266562668926378,0.5454545454545454,1.338185183481556,0.6,0.2,3.2466666666666666,0.078
2026-09-09,Michigan,Big Ten,2026,48,10,0.2355175415917992,0.4375,1.0790058466360366,0.75,0.0833333333333333,3.395833333333333,,70,11,-0.0368689615872864,0.3285714285714285,1.0681220061704584,0.6666666666666666,0.1818181818181818,2.6613636363636366,0.157
2026-09-09,Michigan State,Big Ten,2026,85,11,0.022631845773767,0.3764705882352941,1.097389911197236,0.3333333333333333,0.2127659574468085,2.797872340425532,,42,10,0.2841846990486799,0.2857142857142857,2.3449878397908352,0.0,0.4444444444444444,1.1388888888888888,0.262
2026-09-09,Middle Tennessee,Conference USA,2026,50,8,0.401691514611645,0.5,1.3001270636879156,0.5,0.0909090909090909,4.445454545454545,,50,9,0.1356520793081277,0.44,1.1883566697542824,0.8333333333333334,0.1481481481481481,3.1259259259259258,0.1
2026-09-09,Minnesota,Big Ten,2026,73,10,0.3421457792096198,0.6027397260273972,0.9752231854912968,0.6666666666666666,0.2307692307692307,2.4615384615384617,,46,13,-0.3840088027265944,0.108695652173913,1.6579740660748787,0.0,0.4444444444444444,1.325925925925926,0.283
2026-09-09,Mississippi State,SEC,2026,79,13,0.6380275101586687,0.5822784810126582,1.4780996639334054,1.0,0.1351351351351351,4.127027027027027,,71,13,-0.0252092266627155,0.2957746478873239,1.0528206054479607,0.4,0.1052631578947368,2.860526315789474,0.155
2026-09-09,Missouri,SEC,2026,79,12,0.3784876683810738,0.569620253164557,1.188936592060183,0.5714285714285714,0.1590909090909091,3.5454545454545454,,54,11,0.0165177642353872,0.2777777777777778,1.51228387460059,1.0,0.25,2.8321428571428573,0.167
2026-09-09,Missouri State,Conference USA,2026,41,11,-0.2441222919654586,0.1707317073170731,0.9332823449213844,0.5,0.2608695652173913,1.6434782608695653,,89,12,0.3513233344986824,0.5842696629213483,1.0755940232268968,1.0,0.1041666666666666,3.925,0.124
2026-09-09,Navy,American Athletic,2026,79,9,0.4802728873687856,0.6329113924050633,1.0216068152464193,1.0,0.0547945205479452,4.2753424657534245,,42,9,0.0528506485666738,0.2857142857142857,1.901970348855324,,0.1764705882352941,3.264705882352941,0.119
2026-09-09,NC State,ACC,2026,51,12,-0.1438403681738571,0.3137254901960784,0.533800638173952,1.0,0.1363636363636363,3.140909090909091,,71,12,0.2726220404086543,0.4788732394366197,1.0612371845133193,0.8333333333333334,0.1428571428571428,3.305357142857143,0.056
2026-09-09,Nebraska,Big Ten,2026,74,11,0.4925288347703889,0.5135135135135135,1.5427897743871417,0.8333333333333334,0.15,3.675,,68,12,0.1275262112846398,0.3529411764705882,1.3292957874323883,1.0,0.1290322580645161,3.396774193548388,0.206
2026-09-09,Nevada,Mountain West,2026,59,12,0.556278847672138,0.5084745762711864,1.6496693482013214,0.8571428571428571,0.1904761904761904,3.530952380952381,,84,12,0.0656228862120106,0.4404761904761904,0.9007840660809396,0.6666666666666666,0.1951219512195122,2.995121951219512,0.119
2026-09-09,New Mexico,Mountain West,2026,71,10,0.2187107716098358,0.4929577464788732,0.9281654236514942,1.0,0.0714285714285714,3.657142857142857,,49,10,-0.0521819579954481,0.2653061224489796,1.2713447189179048,0.6666666666666666,0.0333333333333333,2.8266666666666667,0.204
2026-09-09,New Mexico State,Conference USA,2026,133,22,0.288950842507434,0.4210526315789473,1.5581760293115774,0.6666666666666666,0.15,3.341666666666667,,126,23,0.1326270064301136,0.4047619047619047,1.2608012888937177,0.8,0.2063492063492063,3.13015873015873,0.135
2026-09-09,North Carolina,ACC,2026,58,10,0.1071523441641766,0.4655172413793103,0.9192743541669988,0.0,0.1481481481481481,3.425925925925926,,72,10,-0.0458685004165221,0.3333333333333333,1.216164722081157,0.8,0.1944444444444444,2.4472222222222224,0.153
2026-09-09,North Dakota State,Mountain West,2026,138,19,0.2389024157458295,0.4565217391304347,1.159685581066689,0.6666666666666666,0.1728395061728395,3.011111111111111,,105,21,-0.3131041177462083,0.3047619047619048,0.9891098805419768,0.5,0.2115384615384615,1.7596153846153846,0.21
2026-09-09,Northern Illinois,Mountain West,2026,58,15,-0.3317320736505182,0.1724137931034483,1.3677541941329785,1.0,0.28,1.668,,79,13,0.0613173930418565,0.4177215189873418,1.2457000747090123,0.2857142857142857,0.2105263157894736,3.294736842105263,0.114
2026-09-09,North Texas,American Athletic,2026,69,10,0.1345556840920811,0.3478260869565217,1.5483256457053565,0.0,0.1351351351351351,2.983783783783784,,46,9,0.6535582337217621,0.5217391304347826,1.639593578555076,0.8,0.1333333333333333,2.4966666666666666,0.043
2026-09-09,Northwestern,Big Ten,2026,55,11,0.4796492784465596,0.509090909090909,1.4850398029259404,1.0,0.1071428571428571,3.95,,90,12,0.1283813331936487,0.4222222222222222,1.0576414342835372,0.7777777777777778,0.131578947368421,3.305263157894737,0.189
2026-09-09,Notre Dame,FBS Independents,2026,63,10,0.34906816757153,0.4603174603174603,1.111044132357502,0.75,0.032258064516129,2.770967741935484,,61,10,0.0717450532807693,0.3770491803278688,1.2644111837126035,0.75,0.2068965517241379,2.358620689655172,0.213
2026-09-09,Ohio,Mid-American,2026,68,12,0.1275262112846398,0.3529411764705882,1.3292957874323883,1.0,0.1290322580645161,3.396774193548388,,74,11,0.4925288347703889,0.5135135135135135,1.5427897743871417,0.8333333333333334,0.15,3.675,0.149
2026-09-09,Ohio State,Big Ten,2026,73,12,0.6666069358406588,0.5616438356164384,1.448948844124814,0.75,0.1818181818181818,3.3181818181818183,,62,13,-0.2423253831274824,0.2096774193548387,1.3049899715616444,,0.3181818181818182,1.2,0.226
2026-09-09,Oklahoma,SEC,2026,60,11,0.3871905835315659,0.55,1.1941828089991482,0.5714285714285714,0.2368421052631578,2.876315789473684,,59,13,-0.2513514097581535,0.3389830508474576,0.9392952091081728,0.0,0.2941176470588235,1.5676470588235294,0.271
2026-09-09,Oklahoma State,Big 12,2026,88,12,-0.070655818794617,0.3636363636363636,1.0309825186683157,0.5,0.2222222222222222,2.7916666666666665,,58,12,0.1864318063964714,0.4137931034482758,1.0851431714647468,1.0,0.1515151515151515,2.763636363636364,0.121
2026-09-09,Old Dominion,Sun Belt,2026,57,12,0.2183864577720761,0.4210526315789473,1.403199988382679,0.3333333333333333,0.25,2.7475,,61,11,-0.2098210149796944,0.2622950819672131,1.0102859391372834,0.5,0.2368421052631578,2.281578947368421,0.246
2026-09-09,Ole Miss,SEC,2026,80,13,0.2976736148603684,0.4625,1.3097367268750522,0.6363636363636364,0.1428571428571428,3.083333333333333,,68,13,0.3886189696343456,0.4558823529411764,1.5103542544262112,0.8,0.25,2.325,0.162
2026-09-09,Oregon,Big Ten,2026,64,13,0.2770903671236243,0.453125,1.5147413609415246,0.6666666666666666,0.125,3.2375,,67,13,0.112630052976283,0.3582089552238806,1.0180962329024892,1.0,0.1212121212121212,2.9212121212121214,0.134
2026-09-09,Oregon State,Pac-12,2026,74,12,0.1828788459074729,0.4054054054054054,1.341138665590374,0.5,0.0476190476190476,2.833333333333333,,74,11,0.3122472695613982,0.5,1.2537336272714703,0.8571428571428571,0.15,3.3325,0.135
2026-09-09,Penn State,Big Ten,2026,74,12,0.4220959538823401,0.5135135135135135,1.2946795341133903,0.8571428571428571,0.1363636363636363,3.1204545454545456,,55,12,-0.1678505565616108,0.2909090909090909,0.8874228649697032,0.5,0.4166666666666667,1.0458333333333334,0.255
2026-09-09,Pittsburgh,ACC,2026,77,12,0.4266562668926378,0.5454545454545454,1.338185183481556,0.6,0.2,3.2466666666666666,,59,12,0.1140105096966495,0.3220338983050847,1.5292950729514845,1.0,0.1578947368421052,2.1894736842105265,0.102
2026-09-09,Purdue,Big Ten,2026,74,10,0.3720946010569115,0.5,1.1765932198339826,1.0,0.0526315789473684,3.713157894736842,,48,10,0.0076184507009966,0.2708333333333333,2.3625129116735217,1.0,0.3809523809523809,1.7857142857142858,0.292
2026-09-09,Rice,American Athletic,2026,82,10,0.2330716591590226,0.5365853658536586,0.9398508399655154,0.7142857142857143,0.0714285714285714,4.098571428571429,,59,9,-0.1237149255808005,0.3050847457627119,1.1672615609152817,0.3333333333333333,0.1818181818181818,2.8151515151515154,0.22
2026-09-09,Rutgers,Big Ten,2026,63,12,0.2030959004306255,0.3968253968253968,1.561455323235606,0.6,0.25,1.93,,65,12,0.3299726417466155,0.5230769230769231,1.040597861761411,0.7142857142857143,0.175,3.375,0.092
2026-09-09,Sacramento State,Mid-American,2026,136,28,0.1433571306032177,0.4117647058823529,1.2100326346283852,0.7142857142857143,0.2758620689655172,2.3344827586206898,,123,28,-0.0377164501393858,0.3170731707317073,1.249205121713904,0.8,0.1724137931034483,2.446551724137931,0.179
2026-09-09,Sam Houston,Conference USA,2026,70,12,0.1679615358354406,0.4714285714285714,1.2051346981627544,0.5,0.4,1.775,,69,14,0.1569078614264043,0.3333333333333333,1.656527031513981,0.0,0.282051282051282,2.6666666666666665,0.217
2026-09-09,San Diego State,Pac-12,2026,64,12,0.2275570300504772,0.46875,1.1621448616114909,0.5454545454545454,0.225,3.11,,81,14,0.0271101214147896,0.419753086419753,0.8928353503546071,0.8333333333333334,0.1034482758620689,3.213793103448276,0.099
2026-09-09,San José State,Mountain West,2026,135,26,0.1654454108123683,0.3777777777777777,1.403736148990978,0.5,0.2241379310344827,2.8948275862068966,,146,24,0.1926127829579521,0.4863013698630137,0.9437116819457052,0.9333333333333332,0.1269841269841269,3.0793650793650795,0.116
2026-09-09,SMU,ACC,2026,67,11,0.3731393852771628,0.5522388059701493,1.2869920757845814,0.6666666666666666,0.1290322580645161,3.2774193548387096,,67,12,0.1942759989222807,0.373134328358209,1.4367549195963938,0.3333333333333333,0.1219512195121951,3.1926829268292685,0.06
2026-09-09,South Alabama,Sun Belt,2026,88,11,0.1679081659755002,0.4204545454545454,1.1090388260054005,0.8,0.1403508771929824,3.333333333333333,,37,10,0.1680093831906549,0.4054054054054054,1.3108139148186486,0.25,0.3125,1.46875,0.297
2026-09-09,South Carolina,SEC,2026,74,10,0.6831768049116431,0.6891891891891891,1.208883909759148,0.8333333333333334,0.0769230769230769,4.058974358974359,,49,10,-0.0380765202042578,0.2653061224489796,1.461049533469705,0.5,0.2083333333333333,2.7333333333333334,0.143
2026-09-09,Southern Miss,Sun Belt,2026,85,12,0.4021821758857622,0.5882352941176471,1.0704689502182791,0.8461538461538461,0.0701754385964912,4.026315789473684,,61,13,-0.1276766015263514,0.2131147540983606,1.646759392614464,,0.3142857142857143,2.037142857142857,0.213
2026-09-09,South Florida,American Athletic,2026,58,9,-0.0627460596868576,0.4310344827586206,0.6493252074099518,0.8,0.2432432432432432,2.216216216216216,,76,10,0.1106554334008039,0.3815789473684211,1.1286561605558318,0.5,0.25,2.4875,0.158
2026-09-09,Stanford,ACC,2026,139,24,0.1808381606267126,0.39568345323741,1.1457214486158334,0.8571428571428571,0.1694915254237288,2.886440677966102,,145,25,0.245147869709458,0.4482758620689655,1.3156744634857456,1.0,0.1509433962264151,2.922641509433962,0.124
2026-09-09,Syracuse,ACC,2026,78,13,0.35126503570932,0.5256410256410257,1.3123860866084411,0.875,0.15,3.5125,,63,14,-0.2563055947546812,0.2698412698412698,0.8887481994400394,0.75,0.2333333333333333,1.6033333333333333,0.254
2026-09-09,TCU,Big 12,2026,72,10,-0.0458685004165221,0.3333333333333333,1.216164722081157,0.8,0.1944444444444444,2.4472222222222224,,58,10,0.1071523441641766,0.4655172413793103,0.9192743541669988,0.0,0.1481481481481481,3.425925925925926,0.155
2026-09-09,Temple,American Athletic,2026,63,10,0.1701631807567049,0.4603174603174603,1.1362662343770378,0.8571428571428571,0.1860465116279069,2.9465116279069767,,62,12,-0.0226790900205711,0.3870967741935484,1.1767906357894466,0.8,0.2857142857142857,2.317857142857143,0.226
2026-09-09,Tennessee,SEC,2026,74,13,0.5691980477008708,0.581081081081081,1.2840787312058908,0.8333333333333334,0.108695652173913,3.771739130434783,,60,14,-0.1261539060436249,0.25,1.167568813131016,0.0,0.2758620689655172,2.996551724137931,0.267
2026-09-09,Texas,SEC,2026,70,9,0.4586510146705653,0.5,1.579697637253443,0.8,0.2857142857142857,2.5342857142857143,,73,11,0.1390521539854218,0.410958904109589,1.1274872950767767,0.6,0.2051282051282051,2.6256410256410256,0.205
2026-09-09,Texas A&M,SEC,2026,89,12,0.3513233344986824,0.5842696629213483,1.0755940232268968,1.0,0.1041666666666666,3.925,,41,11,-0.2441222919654586,0.1707317073170731,0.9332823449213844,0.5,0.2608695652173913,1.6434782608695653,0.293
2026-09-09,Texas State,Pac-12,2026,73,11,0.1390521539854218,0.410958904109589,1.1274872950767767,0.6,0.2051282051282051,2.6256410256410256,,70,9,0.4586510146705653,0.5,1.579697637253443,0.8,0.2857142857142857,2.5342857142857143,0.171
2026-09-09,Texas Tech,Big 12,2026,74,11,0.2785300204187715,0.5,1.0471550507298784,0.7777777777777778,0.1538461538461538,3.3461538461538463,,63,10,-0.1380251385043791,0.2698412698412698,1.2673339554332412,0.5,0.1923076923076923,2.8384615384615386,0.238
2026-09-09,Toledo,Mid-American,2026,42,10,0.2841846990486799,0.2857142857142857,2.3449878397908352,0.0,0.4444444444444444,1.1388888888888888,,85,11,0.022631845773767,0.3764705882352941,1.097389911197236,0.3333333333333333,0.2127659574468085,2.797872340425532,0.106
2026-09-09,Troy,Sun Belt,2026,69,14,0.1569078614264043,0.3333333333333333,1.656527031513981,0.0,0.282051282051282,2.6666666666666665,,70,12,0.1679615358354406,0.4714285714285714,1.2051346981627544,0.5,0.4,1.775,0.229
2026-09-09,Tulane,American Athletic,2026,55,12,0.0040917519043523,0.3090909090909091,0.7971508910071232,1.0,0.1304347826086956,2.9565217391304346,,78,13,-0.0505656875484706,0.2948717948717949,1.239953895912352,1.0,0.1836734693877551,3.0408163265306123,0.09
2026-09-09,Tulsa,American Athletic,2026,58,12,0.1864318063964714,0.4137931034482758,1.0851431714647468,1.0,0.1515151515151515,2.763636363636364,,88,12,-0.070655818794617,0.3636363636363636,1.0309825186683157,0.5,0.2222222222222222,2.7916666666666665,0.102
2026-09-09,UAB,American Athletic,2026,79,8,0.1391305222352757,0.430379746835443,1.246176627641464,0.75,0.1304347826086956,3.252173913043478,,44,8,0.5293505291335725,0.5681818181818182,1.3542485462010816,0.6,0.2307692307692307,2.976923076923077,0.045
2026-09-09,UCF,Big 12,2026,62,13,0.5493339803795543,0.5645161290322581,1.4108685998253796,1.0,0.081081081081081,4.386486486486486,,62,15,-0.1629071620565535,0.2096774193548387,1.219168347266829,1.0,0.3157894736842105,1.923684210526316,0.226
2026-09-09,UCLA,Big Ten,2026,53,14,0.4197846779080366,0.5660377358490566,1.2513254603824528,1.0,0.0344827586206896,4.813793103448276,,89,14,0.1330628286155295,0.3370786516853932,1.4836215579250065,0.6666666666666666,0.2051282051282051,2.528205128205128,0.191
2026-09-09,UConn,FBS Independents,2026,74,14,0.5732783853066649,0.5135135135135135,1.5911999117333786,0.3333333333333333,0.15,3.855,,72,13,-0.1583014250977013,0.2777777777777778,0.8956382174474538,0.6666666666666666,0.2142857142857142,2.3857142857142857,0.153
2026-09-09,UL Monroe,Sun Belt,2026,71,13,-0.0252092266627155,0.2957746478873239,1.0528206054479607,0.4,0.1052631578947368,2.860526315789474,,79,13,0.6380275101586687,0.5822784810126582,1.4780996639334054,1.0,0.1351351351351351,4.127027027027027,0.101
2026-09-09,UNLV,Mountain West,2026,145,25,0.1200261378324966,0.3517241379310344,1.4413345772565798,0.6666666666666666,0.1428571428571428,3.3025974025974025,,137,23,0.0892851354528906,0.3941605839416058,1.1660859456751205,0.7142857142857143,0.1129032258064516,3.875806451612904,0.168
2026-09-09,USC,Big Ten,2026,146,20,0.363397412337942,0.6027397260273972,1.036874418468907,0.8,0.1818181818181818,3.1818181818181817,,102,20,-0.0273655770706078,0.3431372549019608,1.1708350034918942,0.0,0.2340425531914893,2.363829787234043,0.157
2026-09-09,Utah,Big 12,2026,77,13,0.5107474991645495,0.5714285714285714,1.3617321828088478,0.75,0.1428571428571428,4.116326530612245,,62,13,0.1373547685990896,0.3387096774193548,1.262352149239576,1.0,0.2,2.256666666666667,0.129
2026-09-09,Utah State,Pac-12,2026,89,12,0.0953408762518156,0.4269662921348314,1.1945320367732557,0.25,0.1627906976744186,3.4511627906976745,,65,13,0.0339441781809636,0.3538461538461538,1.0966029950577263,0.6666666666666666,0.1785714285714285,2.242857142857143,0.092
2026-09-09,UTEP,Mountain West,2026,59,13,-0.2513514097581535,0.3389830508474576,0.9392952091081728,0.0,0.2941176470588235,1.5676470588235294,,60,11,0.3871905835315659,0.55,1.1941828089991482,0.5714285714285714,0.2368421052631578,2.876315789473684,0.117
2026-09-09,UTSA,American Athletic,2026,60,12,0.5144231919895464,0.6333333333333333,1.0998644890074278,1.0,0.1034482758620689,3.7655172413793103,,82,13,-0.0637788059466083,0.3780487804878049,1.0540254394047484,0.3333333333333333,0.1818181818181818,3.118181818181818,0.183
2026-09-09,Vanderbilt,SEC,2026,63,8,0.2825170243631735,0.4761904761904761,1.061975081924216,0.75,0.081081081081081,3.5,,47,10,0.0290448960751272,0.3404255319148936,1.186345828828299,1.0,0.2105263157894736,3.226315789473684,0.128
2026-09-09,Virginia,ACC,2026,71,12,0.2726220404086543,0.4788732394366197,1.0612371845133193,0.8333333333333334,0.1428571428571428,3.305357142857143,,51,12,-0.1438403681738571,0.3137254901960784,0.533800638173952,1.0,0.1363636363636363,3.140909090909091,0.255
2026-09-09,Virginia Tech,ACC,2026,74,14,0.5374711897037322,0.6486486486486487,1.1019539523073911,0.9,0.024390243902439,4.102439024390244,,57,15,-0.4448745270780552,0.087719298245614,1.8471598449248687,,0.5897435897435898,-0.2461538461538461,0.386
2026-09-09,Wake Forest,ACC,2026,68,11,0.4775889473352314,0.4264705882352941,1.5275719114401596,0.8,0.15625,3.265625,,70,11,0.0219793074667645,0.5,0.7212615614875549,0.6,0.1818181818181818,3.103030303030303,0.143
2026-09-09,Washington,Big Ten,2026,64,12,0.0779716429331925,0.46875,1.0665805293728612,0.5,0.25,2.753571428571429,,58,11,-0.0327383497923566,0.3103448275862069,1.0264346254160943,,0.3103448275862069,2.310344827586207,0.293
2026-09-09,Washington State,Pac-12,2026,58,11,-0.0327383497923566,0.3103448275862069,1.0264346254160943,0.0,0.3103448275862069,2.310344827586207,,64,12,0.0779716429331925,0.46875,1.0665805293728612,0.5,0.25,2.753571428571429,0.078
2026-09-09,Western Kentucky,Conference USA,2026,84,12,0.0656228862120106,0.4404761904761904,0.9007840660809396,0.6666666666666666,0.1951219512195122,2.995121951219512,,59,12,0.556278847672138,0.5084745762711864,1.6496693482013214,0.8571428571428571,0.1904761904761904,3.530952380952381,0.068
2026-09-09,Western Michigan,Mid-American,2026,70,11,-0.0368689615872864,0.3285714285714285,1.0681220061704584,0.6666666666666666,0.1818181818181818,2.6613636363636366,,48,10,0.2355175415917992,0.4375,1.0790058466360366,0.75,0.0833333333333333,3.395833333333333,0.167
2026-09-09,West Virginia,Big 12,2026,77,14,0.1253120460127239,0.4155844155844156,1.017712015705272,0.75,0.15,2.725,,65,13,0.2190866513645281,0.4307692307692308,1.513683842396193,0.6666666666666666,0.32,1.944,0.262
2026-09-09,Wisconsin,Big Ten,2026,61,10,0.0717450532807693,0.3770491803278688,1.2644111837126035,0.75,0.2068965517241379,2.358620689655172,,63,10,0.34906816757153,0.4603174603174603,1.111044132357502,0.75,0.032258064516129,2.770967741935484,0.111
2026-09-09,Wyoming,Mountain West,2026,55,11,-0.0251076991146114,0.4181818181818181,0.899961606833427,1.0,0.1212121212121212,3.3545454545454545,,68,11,0.3012418203750481,0.4852941176470588,1.2087905981747544,1.0,0.2121212121212121,2.4939393939393937,0.118
2026-09-10,Air Force,Mountain West,2026,79,9,0.398894580108972,0.5443037974683544,0.9961783497840124,1.0,0.0422535211267605,4.357746478873239,,45,9,-0.248118563368299,0.2222222222222222,1.1005872277594584,1.0,0.25,2.47,0.178
2026-09-10,Akron,Mid-American,2026,70,11,0.0219793074667645,0.5,0.7212615614875549,0.6,0.1818181818181818,3.103030303030303,,68,11,0.4775889473352314,0.4264705882352941,1.5275719114401596,0.8,0.15625,3.265625,0.132
2026-09-10,Alabama,SEC,2026,80,11,0.2921555691005923,0.525,1.1065101966937536,0.8333333333333334,0.1666666666666666,3.25,,41,12,-0.1985433161778543,0.2195121951219512,1.548265437530798,0.0,0.3684210526315789,0.131578947368421,0.195
2026-09-10,App State,Sun Belt,2026,74,10,0.607856950791685,0.6486486486486487,1.2037359766532605,1.0,0.1025641025641025,3.587179487179488,,61,11,-0.070753508433127,0.3114754098360656,1.2470294348667017,0.0,0.3076923076923077,1.696153846153846,0.213
2026-09-10,Arizona,Big 12,2026,74,13,0.2162055092878395,0.6081081081081081,0.9333031860410906,1.0,0.0303030303030303,4.409090909090909,,53,11,-0.2286260997681982,0.1698113207547169,1.7768342308359768,,0.4375,1.33125,0.34
2026-09-10,Arizona State,Big 12,2026,71,12,0.6811056989560571,0.5774647887323944,1.6060940675308155,1.0,0.1428571428571428,3.145714285714286,,52,12,-0.0543715412788205,0.3076923076923077,0.9935711179315884,0.6666666666666666,0.0869565217391304,3.0217391304347827,0.115
2026-09-10,Arkansas,SEC,2026,84,13,0.1762496985985374,0.5238095238095238,0.9434584968366112,0.7777777777777778,0.217391304347826,2.5804347826086955,,45,13,-0.0746171455673535,0.2666666666666666,1.053617978511065,,0.2631578947368421,1.8473684210526315,0.222
2026-09-10,Arkansas State,Sun Belt,2026,60,12,0.1251568147001252,0.5,1.25818527156254,0.8333333333333334,0.1153846153846153,3.2192307692307693,,65,12,0.4907125992882863,0.4923076923076923,1.4906452469735614,0.6,0.1276595744680851,3.546808510638298,0.092
2026-09-10,Army,American Athletic,2026,72,12,0.68581428710163,0.6527777777777778,1.287193457096531,0.8333333333333334,0.0526315789473684,4.65438596491228,,54,11,-0.1061496906379418,0.3148148148148148,0.8508825653985219,0.6666666666666666,0.2413793103448276,2.317241379310345,0.204
2026-09-10,Auburn,SEC,2026,75,13,0.028237977212608,0.3866666666666666,1.1601768480225931,1.0,0.2285714285714285,2.6742857142857144,,101,13,0.0541744150425169,0.3861386138613861,1.2316141474915536,0.4,0.2325581395348837,2.097674418604651,0.198
2026-09-10,Ball State,Mid-American,2026,62,13,-0.2423253831274824,0.2096774193548387,1.3049899715616444,0.0,0.3181818181818182,1.2,,73,12,0.6666069358406588,0.5616438356164384,1.448948844124814,0.75,0.1818181818181818,3.3181818181818183,0.11
2026-09-10,Baylor,Big 12,2026,101,13,0.0541744150425169,0.3861386138613861,1.2316141474915536,0.4,0.2325581395348837,2.097674418604651,,75,13,0.028237977212608,0.3866666666666666,1.1601768480225931,1.0,0.2285714285714285,2.6742857142857144,0.24
2026-09-10,Boise State,Pac-12,2026,67,13,0.112630052976283,0.3582089552238806,1.0180962329024892,1.0,0.1212121212121212,2.9212121212121214,,64,13,0.2770903671236243,0.453125,1.5147413609415246,0.6666666666666666,0.125,3.2375,0.156
2026-09-10,Boston College,ACC,2026,73,11,0.1148708905860701,0.3972602739726027,1.321991243096292,1.0,0.2,3.182857142857143,,62,12,0.2410406579313317,0.3870967741935484,1.255243118893256,1.0,0.0909090909090909,3.5568181818181817,0.113
2026-09-10,Bowling Green,Mid-American,2026,66,10,0.0252616008758181,0.3939393939393939,0.9845141517309268,0.5,0.25,2.308333333333333,,59,10,0.147050749791919,0.3898305084745763,1.3986920519909742,0.5,0.25,2.909375,0.085
2026-09-10,Buffalo,Mid-American,2026,83,15,0.1523137913791646,0.3975903614457831,1.1454912933763308,1.0,0.1818181818181818,2.9909090909090907,,72,14,-0.0495205233949304,0.2916666666666667,1.290213068638229,0.6666666666666666,0.2857142857142857,2.35,0.194
2026-09-10,BYU,Big 12,2026,70,11,0.5424702666968887,0.6571428571428571,1.0634948151667478,0.8333333333333334,0.0666666666666666,4.348888888888889,,57,12,-0.1092276625777366,0.3157894736842105,1.1129858127235353,1.0,0.25,1.5375,0.193
2026-09-10,California,ACC,2026,89,14,0.1330628286155295,0.3370786516853932,1.4836215579250065,0.6666666666666666,0.2051282051282051,2.528205128205128,,53,14,0.4197846779080366,0.5660377358490566,1.2513254603824528,1.0,0.0344827586206896,4.813793103448276,0.17
2026-09-10,Central Michigan,Mid-American,2026,49,10,-0.0521819579954481,0.2653061224489796,1.2713447189179048,0.6666666666666666,0.0333333333333333,2.8266666666666667,,71,10,0.2187107716098358,0.4929577464788732,0.9281654236514942,1.0,0.0714285714285714,3.657142857142857,0.085
2026-09-10,Charlotte,American Athletic,2026,78,13,0.2859972664636527,0.4615384615384615,1.4901022812832403,0.5714285714285714,0.15625,3.43125,,64,13,0.3753893366264918,0.484375,1.3295321578112234,0.8888888888888888,0.1875,3.1395833333333334,0.109
2026-09-10,Cincinnati,Big 12,2026,62,12,0.2410406579313317,0.3870967741935484,1.255243118893256,1.0,0.0909090909090909,3.5568181818181817,,73,11,0.1148708905860701,0.3972602739726027,1.321991243096292,1.0,0.2,3.182857142857143,0.233
2026-09-10,Clemson,ACC,2026,50,13,-0.2678767676397615,0.24,0.9456595506388836,0.6666666666666666,0.3181818181818182,1.9363636363636365,,95,12,0.4186847892890937,0.5368421052631579,1.335477872163365,0.7777777777777778,0.0862068965517241,3.532758620689655,0.105
2026-09-10,Coastal Carolina,Sun Belt,2026,65,13,0.2190866513645281,0.4307692307692308,1.513683842396193,0.6666666666666666,0.32,1.944,,77,14,0.1253120460127239,0.4155844155844156,1.017712015705272,0.75,0.15,2.725,0.117
2026-09-10,Colorado,Big 12,2026,77,10,0.052210909874857,0.3766233766233766,1.1248231734306042,1.0,0.108695652173913,2.730434782608696,,54,9,0.0740220685733517,0.3703703703703703,1.2001545717095805,0.3333333333333333,0.4444444444444444,1.903703703703704,0.204
2026-09-10,Colorado State,Pac-12,2026,68,11,0.3012418203750481,0.4852941176470588,1.2087905981747544,1.0,0.2121212121212121,2.4939393939393937,,55,11,-0.0251076991146114,0.4181818181818181,0.899961606833427,1.0,0.1212121212121212,3.3545454545454545,0.255
2026-09-10,Delaware,Conference USA,2026,72,15,0.395766923303369,0.4722222222222222,1.4629954002722116,0.6,0.25,2.9035714285714285,,72,14,-0.1228539521929541,0.25,1.4441213197823703,0.0,0.1818181818181818,2.0454545454545454,0.222
2026-09-10,Duke,ACC,2026,78,13,-0.0505656875484706,0.2948717948717949,1.239953895912352,1.0,0.1836734693877551,3.0408163265306123,,55,12,0.0040917519043523,0.3090909090909091,0.7971508910071232,1.0,0.1304347826086956,2.9565217391304346,0.255
2026-09-10,East Carolina,American Athletic,2026,41,12,-0.1985433161778543,0.2195121951219512,1.548265437530798,0.0,0.3684210526315789,0.131578947368421,,80,11,0.2921555691005923,0.525,1.1065101966937536,0.8333333333333334,0.1666666666666666,3.25,0.1
2026-09-10,Eastern Michigan,Mid-American,2026,139,28,0.0137872737547518,0.3525179856115107,1.1963855437894064,0.8888888888888888,0.1851851851851851,2.401851851851852,,142,29,0.0358449996397635,0.3380281690140845,1.3282440556423494,0.6666666666666666,0.2941176470588235,2.268627450980392,0.211
2026-09-10,Florida,SEC,2026,68,11,0.6214577657732879,0.5441176470588235,1.5513849234480332,1.0,0.1,3.415,,92,12,0.1079005807865989,0.4021739130434782,1.123977189197295,0.8,0.1111111111111111,2.6666666666666665,0.185
2026-09-10,Florida Atlantic,American Athletic,2026,92,12,0.1079005807865989,0.4021739130434782,1.123977189197295,0.8,0.1111111111111111,2.6666666666666665,,68,11,0.6214577657732879,0.5441176470588235,1.5513849234480332,1.0,0.1,3.415,0.103
2026-09-10,Florida International,Conference USA,2026,76,10,0.1106554334008039,0.3815789473684211,1.1286561605558318,0.5,0.25,2.4875,,58,9,-0.0627460596868576,0.4310344827586206,0.6493252074099518,0.8,0.2432432432432432,2.216216216216216,0.155
2026-09-10,Florida State,ACC,2026,134,22,0.2424691694189232,0.4104477611940298,1.3738286847147458,0.5,0.1392405063291139,3.312658227848101,,134,21,0.2678980507336072,0.4477611940298507,1.420966285728235,0.8333333333333334,0.1176470588235294,3.1549019607843136,0.127
2026-09-10,Fresno State,Pac-12,2026,45,10,-0.3361342907596831,0.2222222222222222,1.0430569433281442,0.0,0.25,2.0458333333333334,,69,10,0.3329910433772204,0.5362318840579711,1.2523425346671877,0.6,0.2564102564102564,2.67948717948718,0.116
2026-09-10,Georgia,SEC,2026,61,12,0.7432765199543512,0.7049180327868853,1.3166694327058304,1.0,0.074074074074074,4.692592592592592,,59,12,-0.098492900176064,0.3050847457627119,0.9076081443193394,0.5,0.3448275862068966,1.3448275862068966,0.169
2026-09-10,Georgia Southern,Sun Belt,2026,80,13,0.2672860733180602,0.4625,1.301211044217893,0.5,0.1212121212121212,3.4393939393939394,,63,13,-0.3198180179468932,0.1746031746031746,1.3742976064793733,1.0,0.3461538461538461,0.7115384615384616,0.651
2026-09-10,Georgia State,Sun Belt,2026,71,12,0.506821618296269,0.5915492957746479,1.1174212531004228,0.8,0.0526315789473684,4.339473684210526,,55,12,-0.0651855131693598,0.2909090909090909,1.342072137645949,,0.2,2.852,0.2
2026-09-10,Georgia Tech,ACC,2026,54,9,0.0740220685733517,0.3703703703703703,1.2001545717095805,0.3333333333333333,0.4444444444444444,1.903703703703704,,77,10,0.052210909874857,0.3766233766233766,1.1248231734306042,1.0,0.108695652173913,2.730434782608696,0.143
2026-09-10,Hawai'i,Mountain West,2026,154,25,-0.0067799020486064,0.3441558441558441,1.257467947844597,0.7777777777777778,0.14,3.396,,137,25,0.246843337573555,0.4160583941605839,1.295609264698933,0.6666666666666666,0.125,3.40875,0.102
2026-09-10,Houston,Big 12,2026,74,11,0.3122472695613982,0.5,1.2537336272714703,0.8571428571428571,0.15,3.3325,,74,12,0.1828788459074729,0.4054054054054054,1.341138665590374,0.5,0.0476190476190476,2.833333333333333,0.216
2026-09-10,Illinois,Big Ten,2026,44,8,0.5293505291335725,0.5681818181818182,1.3542485462010816,0.6,0.2307692307692307,2.976923076923077,,79,8,0.1391305222352757,0.430379746835443,1.246176627641464,0.75,0.1304347826086956,3.252173913043478,0.139
2026-09-10,Indiana,Big Ten,2026,46,9,0.6535582337217621,0.5217391304347826,1.639593578555076,0.8,0.1333333333333333,2.4966666666666666,,69,10,0.1345556840920811,0.3478260869565217,1.5483256457053565,0.0,0.1351351351351351,2.983783783783784,0.13
2026-09-10,Iowa,Big Ten,2026,79,13,0.0613173930418565,0.4177215189873418,1.2457000747090123,0.2857142857142857,0.2105263157894736,3.294736842105263,,58,15,-0.3317320736505182,0.1724137931034483,1.3677541941329785,1.0,0.28,1.668,0.207
2026-09-10,Iowa State,Big 12,2026,48,12,0.2446671684503538,0.3541666666666667,1.764868764741519,0.0,0.2,2.543333333333333,,69,13,-0.0595235618745478,0.2753623188405797,1.3903288614258686,0.6666666666666666,0.1463414634146341,2.1463414634146343,0.246
2026-09-10,Jacksonville State,Conference USA,2026,118,20,0.1409216220392592,0.4661016949152542,1.2756491209849268,0.7272727272727273,0.1551724137931034,2.9517241379310346,,127,20,0.0544449670414666,0.4015748031496063,1.1417088748135955,0.625,0.2125,2.80125,0.15
2026-09-10,James Madison,Sun Belt,2026,50,9,0.2797625024195963,0.38,1.2501062601953608,0.6666666666666666,0.2258064516129032,3.07741935483871,,69,9,0.028036219506202,0.3768115942028985,1.183714063723734,0.8,0.1351351351351351,2.310810810810811,0.13
2026-09-10,Kansas,Big 12,2026,78,10,0.5690429634370339,0.5897435897435898,1.298893771602378,0.5,0.0196078431372549,3.931372549019608,,54,11,-0.1761484717280324,0.2222222222222222,1.0166439202905828,1.0,0.3666666666666666,1.22,0.296
2026-09-10,Kansas State,Big 12,2026,72,12,0.5878935481737257,0.6527777777777778,1.2411157855790529,1.0,0.1136363636363636,3.788636363636364,,61,14,-0.2760781802900377,0.2295081967213114,1.3872082973968078,0.5,0.4102564102564102,1.2461538461538462,0.295
2026-09-10,Kennesaw State,Conference USA,2026,82,14,0.2889238382699472,0.573170731707317,1.1398710550423496,0.7777777777777778,0.1521739130434782,3.265217391304348,,53,14,-0.2481023479251471,0.1509433962264151,0.8919515753149165,1.0,0.25,1.8333333333333333,0.17
2026-09-10,Kent State,Mid-American,2026,49,10,-0.0380765202042578,0.2653061224489796,1.461049533469705,0.5,0.2083333333333333,2.7333333333333334,,74,10,0.6831768049116431,0.6891891891891891,1.208883909759148,0.8333333333333334,0.0769230769230769,4.058974358974359,0.068
2026-09-10,Kentucky,SEC,2026,61,11,0.5623068202509097,0.6065573770491803,1.1980918561404976,0.8,0.1818181818181818,4.121212121212121,,67,9,0.0772411219735421,0.417910447761194,1.1461380400647427,1.0,0.1923076923076923,2.0346153846153845,0.164
2026-09-10,Liberty,Conference USA,2026,69,9,0.028036219506202,0.3768115942028985,1.183714063723734,0.8,0.1351351351351351,2.310810810810811,,50,9,0.2797625024195963,0.38,1.2501062601953608,0.6666666666666666,0.2258064516129032,3.07741935483871,0.14
2026-09-10,Louisiana,Sun Belt,2026,68,11,0.3053660874098186,0.5441176470588235,1.155678147450766,0.75,0.1794871794871795,3.607692307692308,,62,11,-0.1221986707464751,0.4032258064516129,0.9773658675896196,0.5,0.2962962962962963,2.05925925925926,0.242
2026-09-10,Louisiana Tech,Sun Belt,2026,60,14,0.5986198567843053,0.4666666666666667,1.8154251680408937,1.0,0.1351351351351351,3.3378378378378377,,63,15,-0.2386179520556736,0.1746031746031746,1.0281713988788377,1.0,0.3181818181818182,1.3227272727272728,0.333
2026-09-10,Louisville,ACC,2026,68,13,0.3886189696343456,0.4558823529411764,1.5103542544262112,0.8,0.25,2.325,,80,13,0.2976736148603684,0.4625,1.3097367268750522,0.6363636363636364,0.1428571428571428,3.083333333333333,0.113
2026-09-10,LSU,SEC,2026,95,12,0.4186847892890937,0.5368421052631579,1.335477872163365,0.7777777777777778,0.0862068965517241,3.532758620689655,,50,13,-0.2678767676397615,0.24,0.9456595506388836,0.6666666666666666,0.3181818181818182,1.9363636363636365,0.28
2026-09-10,Marshall,Sun Belt,2026,55,12,-0.1678505565616108,0.2909090909090909,0.8874228649697032,0.5,0.4166666666666667,1.0458333333333334,,74,12,0.4220959538823401,0.5135135135135135,1.2946795341133903,0.8571428571428571,0.1363636363636363,3.1204545454545456,0.095
2026-09-10,Maryland,Big Ten,2026,79,13,0.5036550588589878,0.5949367088607594,1.2417666249097736,0.8333333333333334,0.125,4.405,,52,13,-0.2430595105951239,0.2307692307692307,0.9748639489021425,0.3333333333333333,0.3076923076923077,1.3115384615384615,0.269
2026-09-10,Massachusetts,Mid-American,2026,65,12,0.3299726417466155,0.5230769230769231,1.040597861761411,0.7142857142857143,0.175,3.375,,63,12,0.2030959004306255,0.3968253968253968,1.561455323235606,0.6,0.25,1.93,0.27
2026-09-10,Memphis,American Athletic,2026,124,24,0.3942942997514205,0.4838709677419355,1.3027581020209116,0.7142857142857143,0.1,3.74625,,141,25,0.1058050876927993,0.4042553191489361,1.354451927678599,0.8888888888888888,0.15,2.955,0.177
2026-09-10,Miami,ACC,2026,69,11,0.4612526864487724,0.5507246376811594,1.3520221510306736,1.0,0.1875,2.8875,,66,11,0.0199037664025885,0.3333333333333333,1.055218786150604,1.0,0.2272727272727272,2.65,0.106
2026-09-10,Miami (OH),Mid-American,2026,59,12,0.1140105096966495,0.3220338983050847,1.5292950729514845,1.0,0.1578947368421052,2.1894736842105265,,77,12,0.4266562668926378,0.5454545454545454,1.338185183481556,0.6,0.2,3.2466666666666666,0.078
2026-09-10,Michigan,Big Ten,2026,48,10,0.2355175415917992,0.4375,1.0790058466360366,0.75,0.0833333333333333,3.395833333333333,,70,11,-0.0368689615872864,0.3285714285714285,1.0681220061704584,0.6666666666666666,0.1818181818181818,2.6613636363636366,0.157
2026-09-10,Michigan State,Big Ten,2026,85,11,0.022631845773767,0.3764705882352941,1.097389911197236,0.3333333333333333,0.2127659574468085,2.797872340425532,,42,10,0.2841846990486799,0.2857142857142857,2.3449878397908352,0.0,0.4444444444444444,1.1388888888888888,0.262
2026-09-10,Middle Tennessee,Conference USA,2026,50,8,0.401691514611645,0.5,1.3001270636879156,0.5,0.0909090909090909,4.445454545454545,,50,9,0.1356520793081277,0.44,1.1883566697542824,0.8333333333333334,0.1481481481481481,3.1259259259259258,0.1
2026-09-10,Minnesota,Big Ten,2026,73,10,0.3421457792096198,0.6027397260273972,0.9752231854912968,0.6666666666666666,0.2307692307692307,2.4615384615384617,,46,13,-0.3840088027265944,0.108695652173913,1.6579740660748787,0.0,0.4444444444444444,1.325925925925926,0.283
2026-09-10,Mississippi State,SEC,2026,79,13,0.6380275101586687,0.5822784810126582,1.4780996639334054,1.0,0.1351351351351351,4.127027027027027,,71,13,-0.0252092266627155,0.2957746478873239,1.0528206054479607,0.4,0.1052631578947368,2.860526315789474,0.155
2026-09-10,Missouri,SEC,2026,79,12,0.3784876683810738,0.569620253164557,1.188936592060183,0.5714285714285714,0.1590909090909091,3.5454545454545454,,54,11,0.0165177642353872,0.2777777777777778,1.51228387460059,1.0,0.25,2.8321428571428573,0.167
2026-09-10,Missouri State,Conference USA,2026,41,11,-0.2441222919654586,0.1707317073170731,0.9332823449213844,0.5,0.2608695652173913,1.6434782608695653,,89,12,0.3513233344986824,0.5842696629213483,1.0755940232268968,1.0,0.1041666666666666,3.925,0.124
2026-09-10,Navy,American Athletic,2026,79,9,0.4802728873687856,0.6329113924050633,1.0216068152464193,1.0,0.0547945205479452,4.2753424657534245,,42,9,0.0528506485666738,0.2857142857142857,1.901970348855324,,0.1764705882352941,3.264705882352941,0.119
2026-09-10,NC State,ACC,2026,51,12,-0.1438403681738571,0.3137254901960784,0.533800638173952,1.0,0.1363636363636363,3.140909090909091,,71,12,0.2726220404086543,0.4788732394366197,1.0612371845133193,0.8333333333333334,0.1428571428571428,3.305357142857143,0.056
2026-09-10,Nebraska,Big Ten,2026,74,11,0.4925288347703889,0.5135135135135135,1.5427897743871417,0.8333333333333334,0.15,3.675,,68,12,0.1275262112846398,0.3529411764705882,1.3292957874323883,1.0,0.1290322580645161,3.396774193548388,0.206
2026-09-10,Nevada,Mountain West,2026,59,12,0.556278847672138,0.5084745762711864,1.6496693482013214,0.8571428571428571,0.1904761904761904,3.530952380952381,,84,12,0.0656228862120106,0.4404761904761904,0.9007840660809396,0.6666666666666666,0.1951219512195122,2.995121951219512,0.119
2026-09-10,New Mexico,Mountain West,2026,71,10,0.2187107716098358,0.4929577464788732,0.9281654236514942,1.0,0.0714285714285714,3.657142857142857,,49,10,-0.0521819579954481,0.2653061224489796,1.2713447189179048,0.6666666666666666,0.0333333333333333,2.8266666666666667,0.204
2026-09-10,New Mexico State,Conference USA,2026,133,22,0.288950842507434,0.4210526315789473,1.5581760293115774,0.6666666666666666,0.15,3.341666666666667,,126,23,0.1326270064301136,0.4047619047619047,1.2608012888937177,0.8,0.2063492063492063,3.13015873015873,0.135
2026-09-10,North Carolina,ACC,2026,58,10,0.1071523441641766,0.4655172413793103,0.9192743541669988,0.0,0.1481481481481481,3.425925925925926,,72,10,-0.0458685004165221,0.3333333333333333,1.216164722081157,0.8,0.1944444444444444,2.4472222222222224,0.153
2026-09-10,North Dakota State,Mountain West,2026,138,19,0.2389024157458295,0.4565217391304347,1.159685581066689,0.6666666666666666,0.1728395061728395,3.011111111111111,,105,21,-0.3131041177462083,0.3047619047619048,0.9891098805419768,0.5,0.2115384615384615,1.7596153846153846,0.21
2026-09-10,Northern Illinois,Mountain West,2026,58,15,-0.3317320736505182,0.1724137931034483,1.3677541941329785,1.0,0.28,1.668,,79,13,0.0613173930418565,0.4177215189873418,1.2457000747090123,0.2857142857142857,0.2105263157894736,3.294736842105263,0.114
2026-09-10,North Texas,American Athletic,2026,69,10,0.1345556840920811,0.3478260869565217,1.5483256457053565,0.0,0.1351351351351351,2.983783783783784,,46,9,0.6535582337217621,0.5217391304347826,1.639593578555076,0.8,0.1333333333333333,2.4966666666666666,0.043
2026-09-10,Northwestern,Big Ten,2026,55,11,0.4796492784465596,0.509090909090909,1.4850398029259404,1.0,0.1071428571428571,3.95,,90,12,0.1283813331936487,0.4222222222222222,1.0576414342835372,0.7777777777777778,0.131578947368421,3.305263157894737,0.189
2026-09-10,Notre Dame,FBS Independents,2026,63,10,0.34906816757153,0.4603174603174603,1.111044132357502,0.75,0.032258064516129,2.770967741935484,,61,10,0.0717450532807693,0.3770491803278688,1.2644111837126035,0.75,0.2068965517241379,2.358620689655172,0.213
2026-09-10,Ohio,Mid-American,2026,68,12,0.1275262112846398,0.3529411764705882,1.3292957874323883,1.0,0.1290322580645161,3.396774193548388,,74,11,0.4925288347703889,0.5135135135135135,1.5427897743871417,0.8333333333333334,0.15,3.675,0.149
2026-09-10,Ohio State,Big Ten,2026,73,12,0.6666069358406588,0.5616438356164384,1.448948844124814,0.75,0.1818181818181818,3.3181818181818183,,62,13,-0.2423253831274824,0.2096774193548387,1.3049899715616444,,0.3181818181818182,1.2,0.226
2026-09-10,Oklahoma,SEC,2026,60,11,0.3871905835315659,0.55,1.1941828089991482,0.5714285714285714,0.2368421052631578,2.876315789473684,,59,13,-0.2513514097581535,0.3389830508474576,0.9392952091081728,0.0,0.2941176470588235,1.5676470588235294,0.271
2026-09-10,Oklahoma State,Big 12,2026,88,12,-0.070655818794617,0.3636363636363636,1.0309825186683157,0.5,0.2222222222222222,2.7916666666666665,,58,12,0.1864318063964714,0.4137931034482758,1.0851431714647468,1.0,0.1515151515151515,2.763636363636364,0.121
2026-09-10,Old Dominion,Sun Belt,2026,57,12,0.2183864577720761,0.4210526315789473,1.403199988382679,0.3333333333333333,0.25,2.7475,,61,11,-0.2098210149796944,0.2622950819672131,1.0102859391372834,0.5,0.2368421052631578,2.281578947368421,0.246
2026-09-10,Ole Miss,SEC,2026,80,13,0.2976736148603684,0.4625,1.3097367268750522,0.6363636363636364,0.1428571428571428,3.083333333333333,,68,13,0.3886189696343456,0.4558823529411764,1.5103542544262112,0.8,0.25,2.325,0.162
2026-09-10,Oregon,Big Ten,2026,64,13,0.2770903671236243,0.453125,1.5147413609415246,0.6666666666666666,0.125,3.2375,,67,13,0.112630052976283,0.3582089552238806,1.0180962329024892,1.0,0.1212121212121212,2.9212121212121214,0.134
2026-09-10,Oregon State,Pac-12,2026,74,12,0.1828788459074729,0.4054054054054054,1.341138665590374,0.5,0.0476190476190476,2.833333333333333,,74,11,0.3122472695613982,0.5,1.2537336272714703,0.8571428571428571,0.15,3.3325,0.135
2026-09-10,Penn State,Big Ten,2026,74,12,0.4220959538823401,0.5135135135135135,1.2946795341133903,0.8571428571428571,0.1363636363636363,3.1204545454545456,,55,12,-0.1678505565616108,0.2909090909090909,0.8874228649697032,0.5,0.4166666666666667,1.0458333333333334,0.255
2026-09-10,Pittsburgh,ACC,2026,77,12,0.4266562668926378,0.5454545454545454,1.338185183481556,0.6,0.2,3.2466666666666666,,59,12,0.1140105096966495,0.3220338983050847,1.5292950729514845,1.0,0.1578947368421052,2.1894736842105265,0.102
2026-09-10,Purdue,Big Ten,2026,74,10,0.3720946010569115,0.5,1.1765932198339826,1.0,0.0526315789473684,3.713157894736842,,48,10,0.0076184507009966,0.2708333333333333,2.3625129116735217,1.0,0.3809523809523809,1.7857142857142858,0.292
2026-09-10,Rice,American Athletic,2026,82,10,0.2330716591590226,0.5365853658536586,0.9398508399655154,0.7142857142857143,0.0714285714285714,4.098571428571429,,59,9,-0.1237149255808005,0.3050847457627119,1.1672615609152817,0.3333333333333333,0.1818181818181818,2.8151515151515154,0.22
2026-09-10,Rutgers,Big Ten,2026,63,12,0.2030959004306255,0.3968253968253968,1.561455323235606,0.6,0.25,1.93,,65,12,0.3299726417466155,0.5230769230769231,1.040597861761411,0.7142857142857143,0.175,3.375,0.092
2026-09-10,Sacramento State,Mid-American,2026,136,28,0.1433571306032177,0.4117647058823529,1.2100326346283852,0.7142857142857143,0.2758620689655172,2.3344827586206898,,123,28,-0.0377164501393858,0.3170731707317073,1.249205121713904,0.8,0.1724137931034483,2.446551724137931,0.179
2026-09-10,Sam Houston,Conference USA,2026,70,12,0.1679615358354406,0.4714285714285714,1.2051346981627544,0.5,0.4,1.775,,69,14,0.1569078614264043,0.3333333333333333,1.656527031513981,0.0,0.282051282051282,2.6666666666666665,0.217
2026-09-10,San Diego State,Pac-12,2026,64,12,0.2275570300504772,0.46875,1.1621448616114909,0.5454545454545454,0.225,3.11,,81,14,0.0271101214147896,0.419753086419753,0.8928353503546071,0.8333333333333334,0.1034482758620689,3.213793103448276,0.099
2026-09-10,San José State,Mountain West,2026,135,26,0.1654454108123683,0.3777777777777777,1.403736148990978,0.5,0.2241379310344827,2.8948275862068966,,146,24,0.1926127829579521,0.4863013698630137,0.9437116819457052,0.9333333333333332,0.1269841269841269,3.0793650793650795,0.116
2026-09-10,SMU,ACC,2026,67,11,0.3731393852771628,0.5522388059701493,1.2869920757845814,0.6666666666666666,0.1290322580645161,3.2774193548387096,,67,12,0.1942759989222807,0.373134328358209,1.4367549195963938,0.3333333333333333,0.1219512195121951,3.1926829268292685,0.06
2026-09-10,South Alabama,Sun Belt,2026,88,11,0.1679081659755002,0.4204545454545454,1.1090388260054005,0.8,0.1403508771929824,3.333333333333333,,37,10,0.1680093831906549,0.4054054054054054,1.3108139148186486,0.25,0.3125,1.46875,0.297
2026-09-10,South Carolina,SEC,2026,74,10,0.6831768049116431,0.6891891891891891,1.208883909759148,0.8333333333333334,0.0769230769230769,4.058974358974359,,49,10,-0.0380765202042578,0.2653061224489796,1.461049533469705,0.5,0.2083333333333333,2.7333333333333334,0.143
2026-09-10,Southern Miss,Sun Belt,2026,85,12,0.4021821758857622,0.5882352941176471,1.0704689502182791,0.8461538461538461,0.0701754385964912,4.026315789473684,,61,13,-0.1276766015263514,0.2131147540983606,1.646759392614464,,0.3142857142857143,2.037142857142857,0.213
2026-09-10,South Florida,American Athletic,2026,58,9,-0.0627460596868576,0.4310344827586206,0.6493252074099518,0.8,0.2432432432432432,2.216216216216216,,76,10,0.1106554334008039,0.3815789473684211,1.1286561605558318,0.5,0.25,2.4875,0.158
2026-09-10,Stanford,ACC,2026,139,24,0.1808381606267126,0.39568345323741,1.1457214486158334,0.8571428571428571,0.1694915254237288,2.886440677966102,,145,25,0.245147869709458,0.4482758620689655,1.3156744634857456,1.0,0.1509433962264151,2.922641509433962,0.124
2026-09-10,Syracuse,ACC,2026,78,13,0.35126503570932,0.5256410256410257,1.3123860866084411,0.875,0.15,3.5125,,63,14,-0.2563055947546812,0.2698412698412698,0.8887481994400394,0.75,0.2333333333333333,1.6033333333333333,0.254
2026-09-10,TCU,Big 12,2026,72,10,-0.0458685004165221,0.3333333333333333,1.216164722081157,0.8,0.1944444444444444,2.4472222222222224,,58,10,0.1071523441641766,0.4655172413793103,0.9192743541669988,0.0,0.1481481481481481,3.425925925925926,0.155
2026-09-10,Temple,American Athletic,2026,63,10,0.1701631807567049,0.4603174603174603,1.1362662343770378,0.8571428571428571,0.1860465116279069,2.9465116279069767,,62,12,-0.0226790900205711,0.3870967741935484,1.1767906357894466,0.8,0.2857142857142857,2.317857142857143,0.226
2026-09-10,Tennessee,SEC,2026,74,13,0.5691980477008708,0.581081081081081,1.2840787312058908,0.8333333333333334,0.108695652173913,3.771739130434783,,60,14,-0.1261539060436249,0.25,1.167568813131016,0.0,0.2758620689655172,2.996551724137931,0.267
2026-09-10,Texas,SEC,2026,70,9,0.4586510146705653,0.5,1.579697637253443,0.8,0.2857142857142857,2.5342857142857143,,73,11,0.1390521539854218,0.410958904109589,1.1274872950767767,0.6,0.2051282051282051,2.6256410256410256,0.205
2026-09-10,Texas A&M,SEC,2026,89,12,0.3513233344986824,0.5842696629213483,1.0755940232268968,1.0,0.1041666666666666,3.925,,41,11,-0.2441222919654586,0.1707317073170731,0.9332823449213844,0.5,0.2608695652173913,1.6434782608695653,0.293
2026-09-10,Texas State,Pac-12,2026,73,11,0.1390521539854218,0.410958904109589,1.1274872950767767,0.6,0.2051282051282051,2.6256410256410256,,70,9,0.4586510146705653,0.5,1.579697637253443,0.8,0.2857142857142857,2.5342857142857143,0.171
2026-09-10,Texas Tech,Big 12,2026,74,11,0.2785300204187715,0.5,1.0471550507298784,0.7777777777777778,0.1538461538461538,3.3461538461538463,,63,10,-0.1380251385043791,0.2698412698412698,1.2673339554332412,0.5,0.1923076923076923,2.8384615384615386,0.238
2026-09-10,Toledo,Mid-American,2026,42,10,0.2841846990486799,0.2857142857142857,2.3449878397908352,0.0,0.4444444444444444,1.1388888888888888,,85,11,0.022631845773767,0.3764705882352941,1.097389911197236,0.3333333333333333,0.2127659574468085,2.797872340425532,0.106
2026-09-10,Troy,Sun Belt,2026,69,14,0.1569078614264043,0.3333333333333333,1.656527031513981,0.0,0.282051282051282,2.6666666666666665,,70,12,0.1679615358354406,0.4714285714285714,1.2051346981627544,0.5,0.4,1.775,0.229
2026-09-10,Tulane,American Athletic,2026,55,12,0.0040917519043523,0.3090909090909091,0.7971508910071232,1.0,0.1304347826086956,2.9565217391304346,,78,13,-0.0505656875484706,0.2948717948717949,1.239953895912352,1.0,0.1836734693877551,3.0408163265306123,0.09
2026-09-10,Tulsa,American Athletic,2026,58,12,0.1864318063964714,0.4137931034482758,1.0851431714647468,1.0,0.1515151515151515,2.763636363636364,,88,12,-0.070655818794617,0.3636363636363636,1.0309825186683157,0.5,0.2222222222222222,2.7916666666666665,0.102
2026-09-10,UAB,American Athletic,2026,79,8,0.1391305222352757,0.430379746835443,1.246176627641464,0.75,0.1304347826086956,3.252173913043478,,44,8,0.5293505291335725,0.5681818181818182,1.3542485462010816,0.6,0.2307692307692307,2.976923076923077,0.045
2026-09-10,UCF,Big 12,2026,62,13,0.5493339803795543,0.5645161290322581,1.4108685998253796,1.0,0.081081081081081,4.386486486486486,,62,15,-0.1629071620565535,0.2096774193548387,1.219168347266829,1.0,0.3157894736842105,1.923684210526316,0.226
2026-09-10,UCLA,Big Ten,2026,53,14,0.4197846779080366,0.5660377358490566,1.2513254603824528,1.0,0.0344827586206896,4.813793103448276,,89,14,0.1330628286155295,0.3370786516853932,1.4836215579250065,0.6666666666666666,0.2051282051282051,2.528205128205128,0.191
2026-09-10,UConn,FBS Independents,2026,74,14,0.5732783853066649,0.5135135135135135,1.5911999117333786,0.3333333333333333,0.15,3.855,,72,13,-0.1583014250977013,0.2777777777777778,0.8956382174474538,0.6666666666666666,0.2142857142857142,2.3857142857142857,0.153
2026-09-10,UL Monroe,Sun Belt,2026,71,13,-0.0252092266627155,0.2957746478873239,1.0528206054479607,0.4,0.1052631578947368,2.860526315789474,,79,13,0.6380275101586687,0.5822784810126582,1.4780996639334054,1.0,0.1351351351351351,4.127027027027027,0.101
2026-09-10,UNLV,Mountain West,2026,145,25,0.1200261378324966,0.3517241379310344,1.4413345772565798,0.6666666666666666,0.1428571428571428,3.3025974025974025,,137,23,0.0892851354528906,0.3941605839416058,1.1660859456751205,0.7142857142857143,0.1129032258064516,3.875806451612904,0.168
2026-09-10,USC,Big Ten,2026,146,20,0.363397412337942,0.6027397260273972,1.036874418468907,0.8,0.1818181818181818,3.1818181818181817,,102,20,-0.0273655770706078,0.3431372549019608,1.1708350034918942,0.0,0.2340425531914893,2.363829787234043,0.157
2026-09-10,Utah,Big 12,2026,77,13,0.5107474991645495,0.5714285714285714,1.3617321828088478,0.75,0.1428571428571428,4.116326530612245,,62,13,0.1373547685990896,0.3387096774193548,1.262352149239576,1.0,0.2,2.256666666666667,0.129
2026-09-10,Utah State,Pac-12,2026,89,12,0.0953408762518156,0.4269662921348314,1.1945320367732557,0.25,0.1627906976744186,3.4511627906976745,,65,13,0.0339441781809636,0.3538461538461538,1.0966029950577263,0.6666666666666666,0.1785714285714285,2.242857142857143,0.092
2026-09-10,UTEP,Mountain West,2026,59,13,-0.2513514097581535,0.3389830508474576,0.9392952091081728,0.0,0.2941176470588235,1.5676470588235294,,60,11,0.3871905835315659,0.55,1.1941828089991482,0.5714285714285714,0.2368421052631578,2.876315789473684,0.117
2026-09-10,UTSA,American Athletic,2026,60,12,0.5144231919895464,0.6333333333333333,1.0998644890074278,1.0,0.1034482758620689,3.7655172413793103,,82,13,-0.0637788059466083,0.3780487804878049,1.0540254394047484,0.3333333333333333,0.1818181818181818,3.118181818181818,0.183
2026-09-10,Vanderbilt,SEC,2026,63,8,0.2825170243631735,0.4761904761904761,1.061975081924216,0.75,0.081081081081081,3.5,,47,10,0.0290448960751272,0.3404255319148936,1.186345828828299,1.0,0.2105263157894736,3.226315789473684,0.128
2026-09-10,Virginia,ACC,2026,71,12,0.2726220404086543,0.4788732394366197,1.0612371845133193,0.8333333333333334,0.1428571428571428,3.305357142857143,,51,12,-0.1438403681738571,0.3137254901960784,0.533800638173952,1.0,0.1363636363636363,3.140909090909091,0.255
2026-09-10,Virginia Tech,ACC,2026,74,14,0.5374711897037322,0.6486486486486487,1.1019539523073911,0.9,0.024390243902439,4.102439024390244,,57,15,-0.4448745270780552,0.087719298245614,1.8471598449248687,,0.5897435897435898,-0.2461538461538461,0.386
2026-09-10,Wake Forest,ACC,2026,68,11,0.4775889473352314,0.4264705882352941,1.5275719114401596,0.8,0.15625,3.265625,,70,11,0.0219793074667645,0.5,0.7212615614875549,0.6,0.1818181818181818,3.103030303030303,0.143
2026-09-10,Washington,Big Ten,2026,64,12,0.0779716429331925,0.46875,1.0665805293728612,0.5,0.25,2.753571428571429,,58,11,-0.0327383497923566,0.3103448275862069,1.0264346254160943,,0.3103448275862069,2.310344827586207,0.293
2026-09-10,Washington State,Pac-12,2026,58,11,-0.0327383497923566,0.3103448275862069,1.0264346254160943,0.0,0.3103448275862069,2.310344827586207,,64,12,0.0779716429331925,0.46875,1.0665805293728612,0.5,0.25,2.753571428571429,0.078
2026-09-10,Western Kentucky,Conference USA,2026,84,12,0.0656228862120106,0.4404761904761904,0.9007840660809396,0.6666666666666666,0.1951219512195122,2.995121951219512,,59,12,0.556278847672138,0.5084745762711864,1.6496693482013214,0.8571428571428571,0.1904761904761904,3.530952380952381,0.068
2026-09-10,Western Michigan,Mid-American,2026,70,11,-0.0368689615872864,0.3285714285714285,1.0681220061704584,0.6666666666666666,0.1818181818181818,2.6613636363636366,,48,10,0.2355175415917992,0.4375,1.0790058466360366,0.75,0.0833333333333333,3.395833333333333,0.167
2026-09-10,West Virginia,Big 12,2026,77,14,0.1253120460127239,0.4155844155844156,1.017712015705272,0.75,0.15,2.725,,65,13,0.2190866513645281,0.4307692307692308,1.513683842396193,0.6666666666666666,0.32,1.944,0.262
2026-09-10,Wisconsin,Big Ten,2026,61,10,0.0717450532807693,0.3770491803278688,1.2644111837126035,0.75,0.2068965517241379,2.358620689655172,,63,10,0.34906816757153,0.4603174603174603,1.111044132357502,0.75,0.032258064516129,2.770967741935484,0.111
2026-09-10,Wyoming,Mountain West,2026,55,11,-0.0251076991146114,0.4181818181818181,0.899961606833427,1.0,0.1212121212121212,3.3545454545454545,,68,11,0.3012418203750481,0.4852941176470588,1.2087905981747544,1.0,0.2121212121212121,2.4939393939393937,0.118
2026-09-11,Air Force,Mountain West,2026,79,9,0.398894580108972,0.5443037974683544,0.9961783497840124,1.0,0.0422535211267605,4.357746478873239,,45,9,-0.248118563368299,0.2222222222222222,1.1005872277594584,1.0,0.25,2.47,0.178
2026-09-11,Akron,Mid-American,2026,70,11,0.0219793074667645,0.5,0.7212615614875549,0.6,0.1818181818181818,3.103030303030303,,68,11,0.4775889473352314,0.4264705882352941,1.5275719114401596,0.8,0.15625,3.265625,0.132
2026-09-11,Alabama,SEC,2026,80,11,0.2921555691005923,0.525,1.1065101966937536,0.8333333333333334,0.1666666666666666,3.25,,41,12,-0.1985433161778543,0.2195121951219512,1.548265437530798,0.0,0.3684210526315789,0.131578947368421,0.195
2026-09-11,App State,Sun Belt,2026,74,10,0.607856950791685,0.6486486486486487,1.2037359766532605,1.0,0.1025641025641025,3.587179487179488,,61,11,-0.070753508433127,0.3114754098360656,1.2470294348667017,0.0,0.3076923076923077,1.696153846153846,0.213
2026-09-11,Arizona,Big 12,2026,74,13,0.2162055092878395,0.6081081081081081,0.9333031860410906,1.0,0.0303030303030303,4.409090909090909,,53,11,-0.2286260997681982,0.1698113207547169,1.7768342308359768,,0.4375,1.33125,0.34
2026-09-11,Arizona State,Big 12,2026,71,12,0.6811056989560571,0.5774647887323944,1.6060940675308155,1.0,0.1428571428571428,3.145714285714286,,52,12,-0.0543715412788205,0.3076923076923077,0.9935711179315884,0.6666666666666666,0.0869565217391304,3.0217391304347827,0.115
2026-09-11,Arkansas,SEC,2026,84,13,0.1762496985985374,0.5238095238095238,0.9434584968366112,0.7777777777777778,0.217391304347826,2.5804347826086955,,45,13,-0.0746171455673535,0.2666666666666666,1.053617978511065,,0.2631578947368421,1.8473684210526315,0.222
2026-09-11,Arkansas State,Sun Belt,2026,60,12,0.1251568147001252,0.5,1.25818527156254,0.8333333333333334,0.1153846153846153,3.2192307692307693,,65,12,0.4907125992882863,0.4923076923076923,1.4906452469735614,0.6,0.1276595744680851,3.546808510638298,0.092
2026-09-11,Army,American Athletic,2026,72,12,0.68581428710163,0.6527777777777778,1.287193457096531,0.8333333333333334,0.0526315789473684,4.65438596491228,,54,11,-0.1061496906379418,0.3148148148148148,0.8508825653985219,0.6666666666666666,0.2413793103448276,2.317241379310345,0.204
2026-09-11,Auburn,SEC,2026,75,13,0.028237977212608,0.3866666666666666,1.1601768480225931,1.0,0.2285714285714285,2.6742857142857144,,101,13,0.0541744150425169,0.3861386138613861,1.2316141474915536,0.4,0.2325581395348837,2.097674418604651,0.198
2026-09-11,Ball State,Mid-American,2026,62,13,-0.2423253831274824,0.2096774193548387,1.3049899715616444,0.0,0.3181818181818182,1.2,,73,12,0.6666069358406588,0.5616438356164384,1.448948844124814,0.75,0.1818181818181818,3.3181818181818183,0.11
2026-09-11,Baylor,Big 12,2026,101,13,0.0541744150425169,0.3861386138613861,1.2316141474915536,0.4,0.2325581395348837,2.097674418604651,,75,13,0.028237977212608,0.3866666666666666,1.1601768480225931,1.0,0.2285714285714285,2.6742857142857144,0.24
2026-09-11,Boise State,Pac-12,2026,67,13,0.112630052976283,0.3582089552238806,1.0180962329024892,1.0,0.1212121212121212,2.9212121212121214,,64,13,0.2770903671236243,0.453125,1.5147413609415246,0.6666666666666666,0.125,3.2375,0.156
2026-09-11,Boston College,ACC,2026,73,11,0.1148708905860701,0.3972602739726027,1.321991243096292,1.0,0.2,3.182857142857143,,62,12,0.2410406579313317,0.3870967741935484,1.255243118893256,1.0,0.0909090909090909,3.5568181818181817,0.113
2026-09-11,Bowling Green,Mid-American,2026,66,10,0.0252616008758181,0.3939393939393939,0.9845141517309268,0.5,0.25,2.308333333333333,,59,10,0.147050749791919,0.3898305084745763,1.3986920519909742,0.5,0.25,2.909375,0.085
2026-09-11,Buffalo,Mid-American,2026,83,15,0.1523137913791646,0.3975903614457831,1.1454912933763308,1.0,0.1818181818181818,2.9909090909090907,,72,14,-0.0495205233949304,0.2916666666666667,1.290213068638229,0.6666666666666666,0.2857142857142857,2.35,0.194
2026-09-11,BYU,Big 12,2026,70,11,0.5424702666968887,0.6571428571428571,1.0634948151667478,0.8333333333333334,0.0666666666666666,4.348888888888889,,57,12,-0.1092276625777366,0.3157894736842105,1.1129858127235353,1.0,0.25,1.5375,0.193
2026-09-11,California,ACC,2026,89,14,0.1330628286155295,0.3370786516853932,1.4836215579250065,0.6666666666666666,0.2051282051282051,2.528205128205128,,53,14,0.4197846779080366,0.5660377358490566,1.2513254603824528,1.0,0.0344827586206896,4.813793103448276,0.17
2026-09-11,Central Michigan,Mid-American,2026,49,10,-0.0521819579954481,0.2653061224489796,1.2713447189179048,0.6666666666666666,0.0333333333333333,2.8266666666666667,,71,10,0.2187107716098358,0.4929577464788732,0.9281654236514942,1.0,0.0714285714285714,3.657142857142857,0.085
2026-09-11,Charlotte,American Athletic,2026,78,13,0.2859972664636527,0.4615384615384615,1.4901022812832403,0.5714285714285714,0.15625,3.43125,,64,13,0.3753893366264918,0.484375,1.3295321578112234,0.8888888888888888,0.1875,3.1395833333333334,0.109
2026-09-11,Cincinnati,Big 12,2026,62,12,0.2410406579313317,0.3870967741935484,1.255243118893256,1.0,0.0909090909090909,3.5568181818181817,,73,11,0.1148708905860701,0.3972602739726027,1.321991243096292,1.0,0.2,3.182857142857143,0.233
2026-09-11,Clemson,ACC,2026,50,13,-0.2678767676397615,0.24,0.9456595506388836,0.6666666666666666,0.3181818181818182,1.9363636363636365,,95,12,0.4186847892890937,0.5368421052631579,1.335477872163365,0.7777777777777778,0.0862068965517241,3.532758620689655,0.105
2026-09-11,Coastal Carolina,Sun Belt,2026,65,13,0.2190866513645281,0.4307692307692308,1.513683842396193,0.6666666666666666,0.32,1.944,,77,14,0.1253120460127239,0.4155844155844156,1.017712015705272,0.75,0.15,2.725,0.117
2026-09-11,Colorado,Big 12,2026,77,10,0.052210909874857,0.3766233766233766,1.1248231734306042,1.0,0.108695652173913,2.730434782608696,,54,9,0.0740220685733517,0.3703703703703703,1.2001545717095805,0.3333333333333333,0.4444444444444444,1.903703703703704,0.204
2026-09-11,Colorado State,Pac-12,2026,68,11,0.3012418203750481,0.4852941176470588,1.2087905981747544,1.0,0.2121212121212121,2.4939393939393937,,55,11,-0.0251076991146114,0.4181818181818181,0.899961606833427,1.0,0.1212121212121212,3.3545454545454545,0.255
2026-09-11,Delaware,Conference USA,2026,72,15,0.395766923303369,0.4722222222222222,1.4629954002722116,0.6,0.25,2.9035714285714285,,72,14,-0.1228539521929541,0.25,1.4441213197823703,0.0,0.1818181818181818,2.0454545454545454,0.222
2026-09-11,Duke,ACC,2026,78,13,-0.0505656875484706,0.2948717948717949,1.239953895912352,1.0,0.1836734693877551,3.0408163265306123,,55,12,0.0040917519043523,0.3090909090909091,0.7971508910071232,1.0,0.1304347826086956,2.9565217391304346,0.255
2026-09-11,East Carolina,American Athletic,2026,41,12,-0.1985433161778543,0.2195121951219512,1.548265437530798,0.0,0.3684210526315789,0.131578947368421,,80,11,0.2921555691005923,0.525,1.1065101966937536,0.8333333333333334,0.1666666666666666,3.25,0.1
2026-09-11,Eastern Michigan,Mid-American,2026,139,28,0.0137872737547518,0.3525179856115107,1.1963855437894064,0.8888888888888888,0.1851851851851851,2.401851851851852,,142,29,0.0358449996397635,0.3380281690140845,1.3282440556423494,0.6666666666666666,0.2941176470588235,2.268627450980392,0.211
2026-09-11,Florida,SEC,2026,68,11,0.6214577657732879,0.5441176470588235,1.5513849234480332,1.0,0.1,3.415,,92,12,0.1079005807865989,0.4021739130434782,1.123977189197295,0.8,0.1111111111111111,2.6666666666666665,0.185
2026-09-11,Florida Atlantic,American Athletic,2026,92,12,0.1079005807865989,0.4021739130434782,1.123977189197295,0.8,0.1111111111111111,2.6666666666666665,,68,11,0.6214577657732879,0.5441176470588235,1.5513849234480332,1.0,0.1,3.415,0.103
2026-09-11,Florida International,Conference USA,2026,76,10,0.1106554334008039,0.3815789473684211,1.1286561605558318,0.5,0.25,2.4875,,58,9,-0.0627460596868576,0.4310344827586206,0.6493252074099518,0.8,0.2432432432432432,2.216216216216216,0.155
2026-09-11,Florida State,ACC,2026,134,22,0.2424691694189232,0.4104477611940298,1.3738286847147458,0.5,0.1392405063291139,3.3063291139240505,,134,21,0.2678980507336072,0.4477611940298507,1.420966285728235,0.8333333333333334,0.1176470588235294,3.1549019607843136,0.157
2026-09-11,Fresno State,Pac-12,2026,45,10,-0.3361342907596831,0.2222222222222222,1.0430569433281442,0.0,0.25,2.0458333333333334,,69,10,0.3329910433772204,0.5362318840579711,1.2523425346671877,0.6,0.2564102564102564,2.67948717948718,0.116
2026-09-11,Georgia,SEC,2026,61,12,0.7432765199543512,0.7049180327868853,1.3166694327058304,1.0,0.074074074074074,4.692592592592592,,59,12,-0.098492900176064,0.3050847457627119,0.9076081443193394,0.5,0.3448275862068966,1.3448275862068966,0.169
2026-09-11,Georgia Southern,Sun Belt,2026,79,13,0.2444179382415293,0.4556962025316455,1.276334833492634,0.5,0.125,3.375,,63,13,-0.2948176866643922,0.1746031746031746,1.535819015192187,1.0,0.3461538461538461,0.7115384615384616,0.333
2026-09-11,Georgia State,Sun Belt,2026,71,12,0.506821618296269,0.5915492957746479,1.1174212531004228,0.8,0.0526315789473684,4.339473684210526,,55,12,-0.0651855131693598,0.2909090909090909,1.342072137645949,,0.2,2.852,0.2
2026-09-11,Georgia Tech,ACC,2026,54,9,0.0740220685733517,0.3703703703703703,1.2001545717095805,0.3333333333333333,0.4444444444444444,1.903703703703704,,77,10,0.052210909874857,0.3766233766233766,1.1248231734306042,1.0,0.108695652173913,2.730434782608696,0.143
2026-09-11,Hawai'i,Mountain West,2026,154,25,-0.0067799020486064,0.3441558441558441,1.257467947844597,0.7777777777777778,0.14,3.396,,137,25,0.246843337573555,0.4160583941605839,1.295609264698933,0.6666666666666666,0.125,3.40875,0.102
2026-09-11,Houston,Big 12,2026,74,11,0.3122472695613982,0.5,1.2537336272714703,0.8571428571428571,0.15,3.3325,,74,12,0.1828788459074729,0.4054054054054054,1.341138665590374,0.5,0.0476190476190476,2.833333333333333,0.216
2026-09-11,Illinois,Big Ten,2026,44,8,0.5293505291335725,0.5681818181818182,1.3542485462010816,0.6,0.2307692307692307,2.976923076923077,,79,8,0.1391305222352757,0.430379746835443,1.246176627641464,0.75,0.1304347826086956,3.252173913043478,0.139
2026-09-11,Indiana,Big Ten,2026,46,9,0.6535582337217621,0.5217391304347826,1.639593578555076,0.8,0.1333333333333333,2.4966666666666666,,69,10,0.1345556840920811,0.3478260869565217,1.5483256457053565,0.0,0.1351351351351351,2.983783783783784,0.13
2026-09-11,Iowa,Big Ten,2026,79,13,0.0613173930418565,0.4177215189873418,1.2457000747090123,0.2857142857142857,0.2105263157894736,3.294736842105263,,58,15,-0.3317320736505182,0.1724137931034483,1.3677541941329785,1.0,0.28,1.668,0.207
2026-09-11,Iowa State,Big 12,2026,48,12,0.2446671684503538,0.3541666666666667,1.764868764741519,0.0,0.2,2.543333333333333,,69,13,-0.0595235618745478,0.2753623188405797,1.3903288614258686,0.6666666666666666,0.1463414634146341,2.1463414634146343,0.246
2026-09-11,Jacksonville State,Conference USA,2026,118,20,0.1409216220392592,0.4661016949152542,1.2756491209849268,0.7272727272727273,0.1551724137931034,2.9517241379310346,,127,20,0.0544449670414666,0.4015748031496063,1.1417088748135955,0.625,0.2125,2.80125,0.15
2026-09-11,James Madison,Sun Belt,2026,50,9,0.2797625024195963,0.38,1.2501062601953608,0.6666666666666666,0.2258064516129032,3.07741935483871,,69,9,0.028036219506202,0.3768115942028985,1.183714063723734,0.8,0.1351351351351351,2.310810810810811,0.13
2026-09-11,Kansas,Big 12,2026,78,10,0.5690429634370339,0.5897435897435898,1.298893771602378,0.5,0.0196078431372549,3.931372549019608,,54,11,-0.1761484717280324,0.2222222222222222,1.0166439202905828,1.0,0.3666666666666666,1.22,0.296
2026-09-11,Kansas State,Big 12,2026,72,12,0.5878935481737257,0.6527777777777778,1.2411157855790529,1.0,0.1136363636363636,3.788636363636364,,61,14,-0.2760781802900377,0.2295081967213114,1.3872082973968078,0.5,0.4102564102564102,1.2461538461538462,0.295
2026-09-11,Kennesaw State,Conference USA,2026,82,14,0.2889238382699472,0.573170731707317,1.1398710550423496,0.7777777777777778,0.1521739130434782,3.265217391304348,,53,14,-0.2481023479251471,0.1509433962264151,0.8919515753149165,1.0,0.25,1.8333333333333333,0.17
2026-09-11,Kent State,Mid-American,2026,49,10,-0.0380765202042578,0.2653061224489796,1.461049533469705,0.5,0.2083333333333333,2.7333333333333334,,74,10,0.6831768049116431,0.6891891891891891,1.208883909759148,0.8333333333333334,0.0769230769230769,4.058974358974359,0.068
2026-09-11,Kentucky,SEC,2026,61,11,0.5623068202509097,0.6065573770491803,1.1980918561404976,0.8,0.1818181818181818,4.121212121212121,,67,9,0.0772411219735421,0.417910447761194,1.1461380400647427,1.0,0.1923076923076923,2.0346153846153845,0.164
2026-09-11,Liberty,Conference USA,2026,69,9,0.028036219506202,0.3768115942028985,1.183714063723734,0.8,0.1351351351351351,2.310810810810811,,50,9,0.2797625024195963,0.38,1.2501062601953608,0.6666666666666666,0.2258064516129032,3.07741935483871,0.14
2026-09-11,Louisiana,Sun Belt,2026,68,11,0.3053660874098186,0.5441176470588235,1.155678147450766,0.75,0.1794871794871795,3.607692307692308,,62,11,-0.1221986707464751,0.4032258064516129,0.9773658675896196,0.5,0.2962962962962963,2.05925925925926,0.242
2026-09-11,Louisiana Tech,Sun Belt,2026,60,14,0.5986198567843053,0.4666666666666667,1.8154251680408937,1.0,0.1351351351351351,3.3378378378378377,,63,15,-0.2386179520556736,0.1746031746031746,1.0281713988788377,1.0,0.3181818181818182,1.3227272727272728,0.333
2026-09-11,Louisville,ACC,2026,68,13,0.3460803216656118,0.4411764705882353,1.4775386222518627,0.8,0.25,2.213888888888889,,79,13,0.2926298846039504,0.4683544303797468,1.3097367268750522,0.6363636363636364,0.1219512195121951,2.8365853658536584,0.114
2026-09-11,LSU,SEC,2026,95,12,0.4186847892890937,0.5368421052631579,1.335477872163365,0.7777777777777778,0.0862068965517241,3.532758620689655,,50,13,-0.2678767676397615,0.24,0.9456595506388836,0.6666666666666666,0.3181818181818182,1.9363636363636365,0.28
2026-09-11,Marshall,Sun Belt,2026,55,12,-0.1678505565616108,0.2909090909090909,0.8874228649697032,0.5,0.4166666666666667,1.0458333333333334,,74,12,0.4220959538823401,0.5135135135135135,1.2946795341133903,0.8571428571428571,0.1363636363636363,3.1204545454545456,0.095
2026-09-11,Maryland,Big Ten,2026,79,13,0.5036550588589878,0.5949367088607594,1.2417666249097736,0.8333333333333334,0.125,4.405,,52,13,-0.2430595105951239,0.2307692307692307,0.9748639489021425,0.3333333333333333,0.3076923076923077,1.3115384615384615,0.269
2026-09-11,Massachusetts,Mid-American,2026,65,12,0.3299726417466155,0.5230769230769231,1.040597861761411,0.7142857142857143,0.175,3.375,,63,12,0.2030959004306255,0.3968253968253968,1.561455323235606,0.6,0.25,1.93,0.27
2026-09-11,Memphis,American Athletic,2026,124,24,0.3942942997514205,0.4838709677419355,1.3027581020209116,0.7142857142857143,0.1,3.74625,,141,25,0.1058050876927993,0.4042553191489361,1.354451927678599,0.8888888888888888,0.15,2.955,0.177
2026-09-11,Miami,ACC,2026,143,26,0.6017197238170313,0.6293706293706294,1.2967522682152877,1.0,0.1184210526315789,3.931578947368421,,113,24,-0.0763543605265422,0.3008849557522124,0.9249723221683476,0.5,0.2682926829268293,2.3,0.159
2026-09-11,Miami (OH),Mid-American,2026,59,12,0.1140105096966495,0.3220338983050847,1.5292950729514845,1.0,0.1578947368421052,2.1894736842105265,,77,12,0.4266562668926378,0.5454545454545454,1.338185183481556,0.6,0.2,3.2466666666666666,0.078
2026-09-11,Michigan,Big Ten,2026,48,10,0.2355175415917992,0.4375,1.0790058466360366,0.75,0.0833333333333333,3.395833333333333,,70,11,-0.0368689615872864,0.3285714285714285,1.0681220061704584,0.6666666666666666,0.1818181818181818,2.6613636363636366,0.157
2026-09-11,Michigan State,Big Ten,2026,85,11,0.022631845773767,0.3764705882352941,1.097389911197236,0.3333333333333333,0.2127659574468085,2.797872340425532,,42,10,0.2841846990486799,0.2857142857142857,2.3449878397908352,0.0,0.4444444444444444,1.1388888888888888,0.262
2026-09-11,Middle Tennessee,Conference USA,2026,50,8,0.401691514611645,0.5,1.3001270636879156,0.5,0.0909090909090909,4.445454545454545,,50,9,0.1356520793081277,0.44,1.1883566697542824,0.8333333333333334,0.1481481481481481,3.1259259259259258,0.1
2026-09-11,Minnesota,Big Ten,2026,73,10,0.3421457792096198,0.6027397260273972,0.9752231854912968,0.6666666666666666,0.2307692307692307,2.4615384615384617,,46,13,-0.3840088027265944,0.108695652173913,1.6579740660748787,0.0,0.4444444444444444,1.325925925925926,0.283
2026-09-11,Mississippi State,SEC,2026,79,13,0.6380275101586687,0.5822784810126582,1.4780996639334054,1.0,0.1351351351351351,4.127027027027027,,71,13,-0.0252092266627155,0.2957746478873239,1.0528206054479607,0.4,0.1052631578947368,2.860526315789474,0.155
2026-09-11,Missouri,SEC,2026,79,12,0.3784876683810738,0.569620253164557,1.188936592060183,0.5714285714285714,0.1590909090909091,3.5454545454545454,,54,11,0.0165177642353872,0.2777777777777778,1.51228387460059,1.0,0.25,2.8321428571428573,0.167
2026-09-11,Missouri State,Conference USA,2026,41,11,-0.2441222919654586,0.1707317073170731,0.9332823449213844,0.5,0.2608695652173913,1.6434782608695653,,89,12,0.3513233344986824,0.5842696629213483,1.0755940232268968,1.0,0.1041666666666666,3.925,0.124
2026-09-11,Navy,American Athletic,2026,79,9,0.4802728873687856,0.6329113924050633,1.0216068152464193,1.0,0.0547945205479452,4.2753424657534245,,42,9,0.0528506485666738,0.2857142857142857,1.901970348855324,,0.1764705882352941,3.264705882352941,0.119
2026-09-11,NC State,ACC,2026,51,12,-0.1438403681738571,0.3137254901960784,0.533800638173952,1.0,0.1363636363636363,3.140909090909091,,71,12,0.2726220404086543,0.4788732394366197,1.0612371845133193,0.8333333333333334,0.1428571428571428,3.305357142857143,0.056
2026-09-11,Nebraska,Big Ten,2026,74,11,0.4925288347703889,0.5135135135135135,1.5427897743871417,0.8333333333333334,0.15,3.675,,68,12,0.1275262112846398,0.3529411764705882,1.3292957874323883,1.0,0.1290322580645161,3.396774193548388,0.206
2026-09-11,Nevada,Mountain West,2026,59,12,0.556278847672138,0.5084745762711864,1.6496693482013214,0.8571428571428571,0.1904761904761904,3.530952380952381,,84,12,0.0656228862120106,0.4404761904761904,0.9007840660809396,0.6666666666666666,0.1951219512195122,2.995121951219512,0.119
2026-09-11,New Mexico,Mountain West,2026,71,10,0.2187107716098358,0.4929577464788732,0.9281654236514942,1.0,0.0714285714285714,3.657142857142857,,49,10,-0.0521819579954481,0.2653061224489796,1.2713447189179048,0.6666666666666666,0.0333333333333333,2.8266666666666667,0.204
2026-09-11,New Mexico State,Conference USA,2026,133,22,0.288950842507434,0.4210526315789473,1.5581760293115774,0.6666666666666666,0.15,3.341666666666667,,126,23,0.1326270064301136,0.4047619047619047,1.2608012888937177,0.8,0.2063492063492063,3.13015873015873,0.135
2026-09-11,North Carolina,ACC,2026,58,10,0.1071523441641766,0.4655172413793103,0.9192743541669988,0.0,0.1481481481481481,3.425925925925926,,72,10,-0.0458685004165221,0.3333333333333333,1.216164722081157,0.8,0.1944444444444444,2.4472222222222224,0.153
2026-09-11,North Dakota State,Mountain West,2026,138,19,0.2389024157458295,0.4565217391304347,1.159685581066689,0.6666666666666666,0.1728395061728395,3.011111111111111,,105,21,-0.3131041177462083,0.3047619047619048,0.9891098805419768,0.5,0.2115384615384615,1.7596153846153846,0.21
2026-09-11,Northern Illinois,Mountain West,2026,58,15,-0.3317320736505182,0.1724137931034483,1.3677541941329785,1.0,0.28,1.668,,79,13,0.0613173930418565,0.4177215189873418,1.2457000747090123,0.2857142857142857,0.2105263157894736,3.294736842105263,0.114
2026-09-11,North Texas,American Athletic,2026,69,10,0.1345556840920811,0.3478260869565217,1.5483256457053565,0.0,0.1351351351351351,2.983783783783784,,46,9,0.6535582337217621,0.5217391304347826,1.639593578555076,0.8,0.1333333333333333,2.4966666666666666,0.043
2026-09-11,Northwestern,Big Ten,2026,55,11,0.4796492784465596,0.509090909090909,1.4850398029259404,1.0,0.1071428571428571,3.95,,90,12,0.1283813331936487,0.4222222222222222,1.0576414342835372,0.7777777777777778,0.131578947368421,3.305263157894737,0.189
2026-09-11,Notre Dame,FBS Independents,2026,63,10,0.34906816757153,0.4603174603174603,1.111044132357502,0.75,0.032258064516129,2.770967741935484,,61,10,-0.0430090450798864,0.3770491803278688,1.2644111837126035,0.75,0.2068965517241379,2.358620689655172,0.213
2026-09-11,Ohio,Mid-American,2026,68,12,0.1275262112846398,0.3529411764705882,1.3292957874323883,1.0,0.1290322580645161,3.396774193548388,,74,11,0.4925288347703889,0.5135135135135135,1.5427897743871417,0.8333333333333334,0.15,3.675,0.149
2026-09-11,Ohio State,Big Ten,2026,73,12,0.6666069358406588,0.5616438356164384,1.448948844124814,0.75,0.1818181818181818,3.3181818181818183,,62,13,-0.2423253831274824,0.2096774193548387,1.3049899715616444,,0.3181818181818182,1.2,0.226
2026-09-11,Oklahoma,SEC,2026,60,11,0.3871905835315659,0.55,1.1941828089991482,0.5714285714285714,0.2368421052631578,2.876315789473684,,59,13,-0.2513514097581535,0.3389830508474576,0.9392952091081728,0.0,0.2941176470588235,1.5676470588235294,0.271
2026-09-11,Oklahoma State,Big 12,2026,88,12,-0.070655818794617,0.3636363636363636,1.0309825186683157,0.5,0.2222222222222222,2.7916666666666665,,58,12,0.1864318063964714,0.4137931034482758,1.0851431714647468,1.0,0.1515151515151515,2.763636363636364,0.121
2026-09-11,Old Dominion,Sun Belt,2026,57,12,0.2183864577720761,0.4210526315789473,1.403199988382679,0.3333333333333333,0.25,2.7475,,61,11,-0.2098210149796944,0.2622950819672131,1.0102859391372834,0.5,0.2368421052631578,2.281578947368421,0.246
2026-09-11,Ole Miss,SEC,2026,79,13,0.2926298846039504,0.4683544303797468,1.3097367268750522,0.6363636363636364,0.1219512195121951,2.8365853658536584,,68,13,0.3460803216656118,0.4411764705882353,1.4775386222518627,0.8,0.25,2.213888888888889,0.162
2026-09-11,Oregon,Big Ten,2026,64,13,0.2770903671236243,0.453125,1.5147413609415246,0.6666666666666666,0.125,3.2375,,67,13,0.112630052976283,0.3582089552238806,1.0180962329024892,1.0,0.1212121212121212,2.9212121212121214,0.134
2026-09-11,Oregon State,Pac-12,2026,74,12,0.1828788459074729,0.4054054054054054,1.341138665590374,0.5,0.0476190476190476,2.833333333333333,,74,11,0.3122472695613982,0.5,1.2537336272714703,0.8571428571428571,0.15,3.3325,0.135
2026-09-11,Penn State,Big Ten,2026,74,12,0.4220959538823401,0.5135135135135135,1.2946795341133903,0.8571428571428571,0.1363636363636363,3.1204545454545456,,55,12,-0.1678505565616108,0.2909090909090909,0.8874228649697032,0.5,0.4166666666666667,1.0458333333333334,0.255
2026-09-11,Pittsburgh,ACC,2026,77,12,0.4266562668926378,0.5454545454545454,1.338185183481556,0.6,0.2,3.2466666666666666,,59,12,0.1140105096966495,0.3220338983050847,1.5292950729514845,1.0,0.1578947368421052,2.1894736842105265,0.102
2026-09-11,Purdue,Big Ten,2026,74,10,0.3720946010569115,0.5,1.1765932198339826,1.0,0.0526315789473684,3.713157894736842,,48,10,0.0076184507009966,0.2708333333333333,2.3625129116735217,1.0,0.3809523809523809,1.7857142857142858,0.292
2026-09-11,Rice,American Athletic,2026,82,10,0.2330716591590226,0.5365853658536586,0.9398508399655154,0.7142857142857143,0.0714285714285714,4.098571428571429,,59,9,-0.1237149255808005,0.3050847457627119,1.1672615609152817,0.3333333333333333,0.1818181818181818,2.8151515151515154,0.22
2026-09-11,Rutgers,Big Ten,2026,63,12,0.2030959004306255,0.3968253968253968,1.561455323235606,0.6,0.25,1.93,,65,12,0.3299726417466155,0.5230769230769231,1.040597861761411,0.7142857142857143,0.175,3.375,0.092
2026-09-11,Sacramento State,Mid-American,2026,136,28,0.1433571306032177,0.4117647058823529,1.2100326346283852,0.7142857142857143,0.2758620689655172,2.3344827586206898,,123,28,-0.0377164501393858,0.3170731707317073,1.249205121713904,0.8,0.1724137931034483,2.446551724137931,0.179
2026-09-11,Sam Houston,Conference USA,2026,70,12,0.1679615358354406,0.4714285714285714,1.2051346981627544,0.5,0.4,1.775,,69,14,0.1569078614264043,0.3333333333333333,1.656527031513981,0.0,0.282051282051282,2.6666666666666665,0.217
2026-09-11,San Diego State,Pac-12,2026,64,12,0.2275570300504772,0.46875,1.1621448616114909,0.5454545454545454,0.225,3.11,,81,14,0.0271101214147896,0.419753086419753,0.8928353503546071,0.8333333333333334,0.1034482758620689,3.213793103448276,0.099
2026-09-11,San José State,Mountain West,2026,135,26,0.1654454108123683,0.3777777777777777,1.403736148990978,0.5,0.2241379310344827,2.8948275862068966,,146,24,0.1926127829579521,0.4863013698630137,0.9437116819457052,0.9333333333333332,0.1269841269841269,3.0793650793650795,0.116
2026-09-11,SMU,ACC,2026,67,11,0.3731393852771628,0.5522388059701493,1.2869920757845814,0.6666666666666666,0.1290322580645161,3.2774193548387096,,67,12,0.1942759989222807,0.373134328358209,1.4367549195963938,0.3333333333333333,0.1219512195121951,3.180487804878049,0.179
2026-09-11,South Alabama,Sun Belt,2026,88,11,0.1679081659755002,0.4204545454545454,1.1090388260054005,0.8,0.1403508771929824,3.333333333333333,,37,10,0.1680093831906549,0.4054054054054054,1.3108139148186486,0.25,0.3125,1.46875,0.297
2026-09-11,South Carolina,SEC,2026,74,10,0.6831768049116431,0.6891891891891891,1.208883909759148,0.8333333333333334,0.0769230769230769,4.058974358974359,,49,10,-0.0380765202042578,0.2653061224489796,1.461049533469705,0.5,0.2083333333333333,2.7333333333333334,0.143
2026-09-11,Southern Miss,Sun Belt,2026,85,12,0.4021821758857622,0.5882352941176471,1.0704689502182791,0.8461538461538461,0.0701754385964912,4.026315789473684,,61,13,-0.1276766015263514,0.2131147540983606,1.646759392614464,,0.3142857142857143,2.037142857142857,0.213
2026-09-11,South Florida,American Athletic,2026,58,9,-0.0627460596868576,0.4310344827586206,0.6493252074099518,0.8,0.2432432432432432,2.216216216216216,,76,10,0.1106554334008039,0.3815789473684211,1.1286561605558318,0.5,0.25,2.4875,0.158
2026-09-11,Stanford,ACC,2026,139,24,0.1808381606267126,0.39568345323741,1.1457214486158334,0.8571428571428571,0.1694915254237288,2.886440677966102,,145,25,0.245147869709458,0.4482758620689655,1.3156744634857456,1.0,0.1509433962264151,2.922641509433962,0.124
2026-09-11,Syracuse,ACC,2026,78,13,0.35126503570932,0.5256410256410257,1.3123860866084411,0.875,0.15,3.5125,,63,14,-0.2563055947546812,0.2698412698412698,0.8887481994400394,0.75,0.2333333333333333,1.6033333333333333,0.254
2026-09-11,TCU,Big 12,2026,72,10,-0.0458685004165221,0.3333333333333333,1.216164722081157,0.8,0.1944444444444444,2.4472222222222224,,58,10,0.1071523441641766,0.4655172413793103,0.9192743541669988,0.0,0.1481481481481481,3.425925925925926,0.155
2026-09-11,Temple,American Athletic,2026,63,10,0.1701631807567049,0.4603174603174603,1.1362662343770378,0.8571428571428571,0.1860465116279069,2.9465116279069767,,62,12,-0.0226790900205711,0.3870967741935484,1.1767906357894466,0.8,0.2857142857142857,2.317857142857143,0.226
2026-09-11,Tennessee,SEC,2026,74,13,0.5691980477008708,0.581081081081081,1.2840787312058908,0.8333333333333334,0.108695652173913,3.771739130434783,,60,14,-0.1261539060436249,0.25,1.167568813131016,0.0,0.2758620689655172,2.996551724137931,0.267
2026-09-11,Texas,SEC,2026,70,9,0.4586510146705653,0.5,1.579697637253443,0.8,0.2857142857142857,2.5342857142857143,,73,11,0.1390521539854218,0.410958904109589,1.1274872950767767,0.6,0.2051282051282051,2.6256410256410256,0.205
2026-09-11,Texas A&M,SEC,2026,89,12,0.3513233344986824,0.5842696629213483,1.0755940232268968,1.0,0.1041666666666666,3.925,,41,11,-0.2441222919654586,0.1707317073170731,0.9332823449213844,0.5,0.2608695652173913,1.6434782608695653,0.293
2026-09-11,Texas State,Pac-12,2026,73,11,0.1390521539854218,0.410958904109589,1.1274872950767767,0.6,0.2051282051282051,2.6256410256410256,,70,9,0.4586510146705653,0.5,1.579697637253443,0.8,0.2857142857142857,2.5342857142857143,0.171
2026-09-11,Texas Tech,Big 12,2026,74,11,0.2785300204187715,0.5,1.0471550507298784,0.7777777777777778,0.1538461538461538,3.3461538461538463,,63,10,-0.1380251385043791,0.2698412698412698,1.2673339554332412,0.5,0.1923076923076923,2.8384615384615386,0.238
2026-09-11,Toledo,Mid-American,2026,42,10,0.2841846990486799,0.2857142857142857,2.3449878397908352,0.0,0.4444444444444444,1.1388888888888888,,85,11,0.022631845773767,0.3764705882352941,1.097389911197236,0.3333333333333333,0.2127659574468085,2.797872340425532,0.106
2026-09-11,Troy,Sun Belt,2026,69,14,0.1569078614264043,0.3333333333333333,1.656527031513981,0.0,0.282051282051282,2.6666666666666665,,70,12,0.1679615358354406,0.4714285714285714,1.2051346981627544,0.5,0.4,1.775,0.229
2026-09-11,Tulane,American Athletic,2026,55,12,0.0040917519043523,0.3090909090909091,0.7971508910071232,1.0,0.1304347826086956,2.9565217391304346,,78,13,-0.0505656875484706,0.2948717948717949,1.239953895912352,1.0,0.1836734693877551,3.0408163265306123,0.09
2026-09-11,Tulsa,American Athletic,2026,58,12,0.1864318063964714,0.4137931034482758,1.0851431714647468,1.0,0.1515151515151515,2.763636363636364,,88,12,-0.070655818794617,0.3636363636363636,1.0309825186683157,0.5,0.2222222222222222,2.7916666666666665,0.102
2026-09-11,UAB,American Athletic,2026,79,8,0.1391305222352757,0.430379746835443,1.246176627641464,0.75,0.1304347826086956,3.252173913043478,,44,8,0.5293505291335725,0.5681818181818182,1.3542485462010816,0.6,0.2307692307692307,2.976923076923077,0.045
2026-09-11,UCF,Big 12,2026,62,13,0.5493339803795543,0.5645161290322581,1.4108685998253796,1.0,0.081081081081081,4.386486486486486,,62,15,-0.1629071620565535,0.2096774193548387,1.219168347266829,1.0,0.3157894736842105,1.923684210526316,0.226
2026-09-11,UCLA,Big Ten,2026,53,14,0.4197846779080366,0.5660377358490566,1.2513254603824528,1.0,0.0344827586206896,4.813793103448276,,89,14,0.1330628286155295,0.3370786516853932,1.4836215579250065,0.6666666666666666,0.2051282051282051,2.528205128205128,0.191
2026-09-11,UConn,FBS Independents,2026,74,14,0.5732783853066649,0.5135135135135135,1.5911999117333786,0.3333333333333333,0.15,3.855,,72,13,-0.1583014250977013,0.2777777777777778,0.8956382174474538,0.6666666666666666,0.2142857142857142,2.3857142857142857,0.153
2026-09-11,UL Monroe,Sun Belt,2026,71,13,-0.0252092266627155,0.2957746478873239,1.0528206054479607,0.4,0.1052631578947368,2.860526315789474,,79,13,0.6380275101586687,0.5822784810126582,1.4780996639334054,1.0,0.1351351351351351,4.127027027027027,0.101
2026-09-11,UNLV,Mountain West,2026,145,25,0.1200261378324966,0.3517241379310344,1.4413345772565798,0.6666666666666666,0.1428571428571428,3.3025974025974025,,137,23,0.0892851354528906,0.3941605839416058,1.1660859456751205,0.7142857142857143,0.1129032258064516,3.875806451612904,0.168
2026-09-11,USC,Big Ten,2026,146,20,0.363397412337942,0.6027397260273972,1.036874418468907,0.8,0.1818181818181818,3.1818181818181817,,102,20,-0.0273655770706078,0.3431372549019608,1.1708350034918942,0.0,0.2340425531914893,2.363829787234043,0.157
2026-09-11,Utah,Big 12,2026,77,13,0.5107474991645495,0.5714285714285714,1.3617321828088478,0.75,0.1428571428571428,4.116326530612245,,62,13,0.1373547685990896,0.3387096774193548,1.262352149239576,1.0,0.2,2.256666666666667,0.129
2026-09-11,Utah State,Pac-12,2026,89,12,0.0953408762518156,0.4269662921348314,1.1945320367732557,0.25,0.1627906976744186,3.4511627906976745,,65,13,0.0339441781809636,0.3538461538461538,1.0966029950577263,0.6666666666666666,0.1785714285714285,2.242857142857143,0.092
2026-09-11,UTEP,Mountain West,2026,59,13,-0.2513514097581535,0.3389830508474576,0.9392952091081728,0.0,0.2941176470588235,1.5676470588235294,,60,11,0.3871905835315659,0.55,1.1941828089991482,0.5714285714285714,0.2368421052631578,2.876315789473684,0.117
2026-09-11,UTSA,American Athletic,2026,60,12,0.5144231919895464,0.6333333333333333,1.0998644890074278,1.0,0.1034482758620689,3.7655172413793103,,82,13,-0.0637788059466083,0.3780487804878049,1.0540254394047484,0.3333333333333333,0.1818181818181818,3.118181818181818,0.183
2026-09-11,Vanderbilt,SEC,2026,63,8,0.2825170243631735,0.4761904761904761,1.061975081924216,0.75,0.081081081081081,3.5,,47,10,0.0290448960751272,0.3404255319148936,1.186345828828299,1.0,0.2105263157894736,3.226315789473684,0.128
2026-09-11,Virginia,ACC,2026,71,12,0.2726220404086543,0.4788732394366197,1.0612371845133193,0.8333333333333334,0.1428571428571428,3.305357142857143,,51,12,-0.1438403681738571,0.3137254901960784,0.533800638173952,1.0,0.1363636363636363,3.140909090909091,0.255
2026-09-11,Virginia Tech,ACC,2026,74,14,0.5374711897037322,0.6486486486486487,1.1019539523073911,0.9,0.024390243902439,4.102439024390244,,57,15,-0.4448745270780552,0.087719298245614,1.8471598449248687,,0.5897435897435898,-0.2461538461538461,0.386
2026-09-11,Wake Forest,ACC,2026,68,11,0.4775889473352314,0.4264705882352941,1.5275719114401596,0.8,0.15625,3.265625,,70,11,0.0219793074667645,0.5,0.7212615614875549,0.6,0.1818181818181818,3.103030303030303,0.143
2026-09-11,Washington,Big Ten,2026,64,12,0.0779716429331925,0.46875,1.0665805293728612,0.5,0.25,2.753571428571429,,57,11,-0.0231405580611589,0.3157894736842105,1.0264346254160943,,0.2857142857142857,2.821428571428572,0.298
2026-09-11,Washington State,Pac-12,2026,57,11,-0.0231405580611589,0.3157894736842105,1.0264346254160943,0.0,0.2857142857142857,2.821428571428572,,64,12,0.0779716429331925,0.46875,1.0665805293728612,0.5,0.25,2.753571428571429,0.078
2026-09-11,Western Kentucky,Conference USA,2026,84,12,0.0656228862120106,0.4404761904761904,0.9007840660809396,0.6666666666666666,0.1951219512195122,2.995121951219512,,59,12,0.556278847672138,0.5084745762711864,1.6496693482013214,0.8571428571428571,0.1904761904761904,3.530952380952381,0.068
2026-09-11,Western Michigan,Mid-American,2026,70,11,-0.0368689615872864,0.3285714285714285,1.0681220061704584,0.6666666666666666,0.1818181818181818,2.6613636363636366,,48,10,0.2355175415917992,0.4375,1.0790058466360366,0.75,0.0833333333333333,3.395833333333333,0.167
2026-09-11,West Virginia,Big 12,2026,77,14,0.1253120460127239,0.4155844155844156,1.017712015705272,0.75,0.15,2.725,,65,13,0.2190866513645281,0.4307692307692308,1.513683842396193,0.6666666666666666,0.32,1.944,0.262
2026-09-11,Wisconsin,Big Ten,2026,61,10,-0.0430090450798864,0.3770491803278688,1.2644111837126035,0.75,0.2068965517241379,2.358620689655172,,63,10,0.34906816757153,0.4603174603174603,1.111044132357502,0.75,0.032258064516129,2.770967741935484,0.111
2026-09-11,Wyoming,Mountain West,2026,55,11,-0.0251076991146114,0.4181818181818181,0.899961606833427,1.0,0.1212121212121212,3.3545454545454545,,68,11,0.3012418203750481,0.4852941176470588,1.2087905981747544,1.0,0.2121212121212121,2.4939393939393937,0.118
2026-09-12,Air Force,Mountain West,2026,79,9,0.398894580108972,0.5443037974683544,0.9961783497840124,1.0,0.0422535211267605,4.357746478873239,,45,9,-0.248118563368299,0.2222222222222222,1.1005872277594584,1.0,0.25,2.47,0.178
2026-09-12,Akron,Mid-American,2026,70,11,0.0219793074667645,0.5,0.7212615614875549,0.6,0.1818181818181818,3.103030303030303,,68,11,0.4775889473352314,0.4264705882352941,1.5275719114401596,0.8,0.15625,3.265625,0.132
2026-09-12,Alabama,SEC,2026,80,11,0.2921555691005923,0.525,1.1065101966937536,0.8333333333333334,0.1666666666666666,3.25,,41,12,-0.1985433161778543,0.2195121951219512,1.548265437530798,0.0,0.3684210526315789,0.131578947368421,0.195
2026-09-12,App State,Sun Belt,2026,147,23,0.3906247499138722,0.5170068027210885,1.2754065166484962,0.8333333333333334,0.2,2.87625,,134,24,0.1266678446197469,0.4104477611940298,1.1852737956938326,0.6666666666666666,0.2333333333333333,2.788333333333333,0.194
2026-09-12,Arizona,Big 12,2026,74,13,0.2162055092878395,0.6081081081081081,0.9333031860410906,1.0,0.0303030303030303,4.409090909090909,,53,11,-0.2286260997681982,0.1698113207547169,1.7768342308359768,,0.4375,1.33125,0.34
2026-09-12,Arizona State,Big 12,2026,135,26,0.3443719358722384,0.4666666666666667,1.5358241497100589,0.9,0.1875,2.953125,,114,25,0.0318627776661782,0.3421052631578947,1.0129971750114235,0.75,0.1607142857142857,2.517857142857143,0.14
2026-09-12,Arkansas,SEC,2026,84,13,0.1762496985985374,0.5238095238095238,0.9434584968366112,0.7777777777777778,0.217391304347826,2.5804347826086955,,45,13,-0.0746171455673535,0.2666666666666666,1.053617978511065,,0.2631578947368421,1.8473684210526315,0.222
2026-09-12,Arkansas State,Sun Belt,2026,60,12,0.1251568147001252,0.5,1.25818527156254,0.8333333333333334,0.1153846153846153,3.2192307692307693,,65,12,0.4907125992882863,0.4923076923076923,1.4906452469735614,0.6,0.1276595744680851,3.546808510638298,0.092
2026-09-12,Army,American Athletic,2026,136,21,0.4513275862029694,0.5882352941176471,1.070770594060514,0.9090909090909092,0.1018518518518518,4.018518518518518,,110,21,0.12667434391741,0.4181818181818181,1.1406168896883957,0.8,0.2222222222222222,2.7444444444444445,0.155
2026-09-12,Auburn,SEC,2026,75,13,0.028237977212608,0.3866666666666666,1.1601768480225931,1.0,0.2285714285714285,2.6742857142857144,,101,13,0.0541744150425169,0.3861386138613861,1.2316141474915536,0.4,0.2325581395348837,2.097674418604651,0.198
2026-09-12,Ball State,Mid-American,2026,132,26,0.0359972484978828,0.3106060606060606,1.4686103990600792,0.6666666666666666,0.2407407407407407,2.2203703703703703,,138,24,0.4002794444277211,0.4710144927536231,1.40546812277467,0.8571428571428571,0.2033898305084746,3.1559322033898307,0.145
2026-09-12,Baylor,Big 12,2026,101,13,0.0541744150425169,0.3861386138613861,1.2316141474915536,0.4,0.2325581395348837,2.097674418604651,,75,13,0.028237977212608,0.3866666666666666,1.1601768480225931,1.0,0.2285714285714285,2.6742857142857144,0.24
2026-09-12,Boise State,Pac-12,2026,67,13,0.112630052976283,0.3582089552238806,1.0180962329024892,1.0,0.1212121212121212,2.9212121212121214,,64,13,0.2770903671236243,0.453125,1.5147413609415246,0.6666666666666666,0.125,3.2375,0.156
2026-09-12,Boston College,ACC,2026,137,23,0.1251831525881112,0.3795620437956204,1.3551483374073847,1.0,0.1969696969696969,3.0454545454545454,,130,23,0.1484332004121726,0.4,1.3266879736186803,0.5,0.1566265060240964,3.351807228915663,0.154
2026-09-12,Bowling Green,Mid-American,2026,66,10,0.0252616008758181,0.3939393939393939,0.9845141517309268,0.5,0.25,2.308333333333333,,59,10,0.147050749791919,0.3898305084745763,1.3986920519909742,0.5,0.25,2.909375,0.085
2026-09-12,Buffalo,Mid-American,2026,83,15,0.1523137913791646,0.3975903614457831,1.1454912933763308,1.0,0.1818181818181818,2.9909090909090907,,72,14,-0.0495205233949304,0.2916666666666667,1.290213068638229,0.6666666666666666,0.2857142857142857,2.35,0.194
2026-09-12,BYU,Big 12,2026,70,11,0.5424702666968887,0.6571428571428571,1.0634948151667478,0.8333333333333334,0.0666666666666666,4.348888888888889,,57,12,-0.1092276625777366,0.3157894736842105,1.1129858127235353,1.0,0.25,1.5375,0.193
2026-09-12,California,ACC,2026,89,14,0.1330628286155295,0.3370786516853932,1.4836215579250065,0.6666666666666666,0.2051282051282051,2.528205128205128,,53,14,0.4197846779080366,0.5660377358490566,1.2513254603824528,1.0,0.0344827586206896,4.813793103448276,0.17
2026-09-12,Central Michigan,Mid-American,2026,112,22,0.0010812402549899,0.3035714285714285,1.2574978566932482,0.875,0.1014492753623188,3.108695652173913,,135,21,0.103241744932611,0.437037037037037,0.9756839430395688,1.0,0.1506849315068493,3.089041095890411,0.141
2026-09-12,Charlotte,American Athletic,2026,78,13,0.2859972664636527,0.4615384615384615,1.4901022812832403,0.5714285714285714,0.15625,3.43125,,64,13,0.3753893366264918,0.484375,1.3295321578112234,0.8888888888888888,0.1875,3.1395833333333334,0.109
2026-09-12,Cincinnati,Big 12,2026,62,12,0.2410406579313317,0.3870967741935484,1.255243118893256,1.0,0.0909090909090909,3.5568181818181817,,73,11,0.1148708905860701,0.3972602739726027,1.321991243096292,1.0,0.2,3.182857142857143,0.233
2026-09-12,Clemson,ACC,2026,50,13,-0.2678767676397615,0.24,0.9456595506388836,0.6666666666666666,0.3181818181818182,1.9363636363636365,,95,12,0.4186847892890937,0.5368421052631579,1.335477872163365,0.7777777777777778,0.0862068965517241,3.532758620689655,0.105
2026-09-12,Coastal Carolina,Sun Belt,2026,65,13,0.2190866513645281,0.4307692307692308,1.513683842396193,0.6666666666666666,0.32,1.944,,77,14,0.1253120460127239,0.4155844155844156,1.017712015705272,0.75,0.15,2.725,0.117
2026-09-12,Colorado,Big 12,2026,77,10,0.052210909874857,0.3766233766233766,1.1248231734306042,1.0,0.108695652173913,2.730434782608696,,54,9,0.0740220685733517,0.3703703703703703,1.2001545717095805,0.3333333333333333,0.4444444444444444,1.903703703703704,0.204
2026-09-12,Colorado State,Pac-12,2026,68,11,0.3012418203750481,0.4852941176470588,1.2087905981747544,1.0,0.2121212121212121,2.4939393939393937,,55,11,-0.0251076991146114,0.4181818181818181,0.899961606833427,1.0,0.1212121212121212,3.3545454545454545,0.255
2026-09-12,Delaware,Conference USA,2026,72,15,0.395766923303369,0.4722222222222222,1.4629954002722116,0.6,0.25,2.9035714285714285,,72,14,-0.1228539521929541,0.25,1.4441213197823703,0.0,0.1818181818181818,2.0454545454545454,0.222
2026-09-12,Duke,ACC,2026,78,13,-0.0505656875484706,0.2948717948717949,1.239953895912352,1.0,0.1836734693877551,3.0408163265306123,,55,12,0.0040917519043523,0.3090909090909091,0.7971508910071232,1.0,0.1304347826086956,2.9565217391304346,0.255
2026-09-12,East Carolina,American Athletic,2026,114,25,0.1153436774576737,0.3947368421052631,1.231797520854903,0.6666666666666666,0.2452830188679245,2.371698113207547,,153,24,0.2340710418745223,0.457516339869281,1.223214237815241,0.7142857142857143,0.2247191011235955,2.7662921348314606,0.124
2026-09-12,Eastern Michigan,Mid-American,2026,139,28,0.0137872737547518,0.3525179856115107,1.1963855437894064,0.8888888888888888,0.1851851851851851,2.401851851851852,,142,29,0.0358449996397635,0.3380281690140845,1.3282440556423494,0.6666666666666666,0.2941176470588235,2.268627450980392,0.211
2026-09-12,Florida,SEC,2026,68,11,0.6214577657732879,0.5441176470588235,1.5513849234480332,1.0,0.1,3.415,,92,12,0.1079005807865989,0.4021739130434782,1.123977189197295,0.8,0.1111111111111111,2.6666666666666665,0.185
2026-09-12,Florida Atlantic,American Athletic,2026,92,12,0.1079005807865989,0.4021739130434782,1.123977189197295,0.8,0.1111111111111111,2.6666666666666665,,68,11,0.6214577657732879,0.5441176470588235,1.5513849234480332,1.0,0.1,3.415,0.103
2026-09-12,Florida International,Conference USA,2026,76,10,0.1106554334008039,0.3815789473684211,1.1286561605558318,0.5,0.25,2.4875,,58,9,-0.0627460596868576,0.4310344827586206,0.6493252074099518,0.8,0.2432432432432432,2.216216216216216,0.155
2026-09-12,Florida State,ACC,2026,134,22,0.2424691694189232,0.4104477611940298,1.3738286847147458,0.5,0.1392405063291139,3.3063291139240505,,134,21,0.2678980507336072,0.4477611940298507,1.420966285728235,0.8333333333333334,0.1176470588235294,3.1549019607843136,0.157
2026-09-12,Fresno State,Pac-12,2026,45,10,-0.3361342907596831,0.2222222222222222,1.0430569433281442,0.0,0.25,2.0458333333333334,,69,10,0.3329910433772204,0.5362318840579711,1.2523425346671877,0.6,0.2564102564102564,2.67948717948718,0.116
2026-09-12,Georgia,SEC,2026,123,27,0.6848002386715024,0.6016260162601627,1.4336402018226513,1.0,0.1147540983606557,4.119672131147541,,133,28,-0.1525639132205538,0.2781954887218045,1.2419607960784862,0.4,0.3230769230769231,0.6676923076923077,0.195
2026-09-12,Georgia Southern,Sun Belt,2026,79,13,0.2444179382415293,0.4556962025316455,1.276334833492634,0.5,0.125,3.375,,63,13,-0.2948176866643922,0.1746031746031746,1.535819015192187,1.0,0.3461538461538461,0.7115384615384616,0.333
2026-09-12,Georgia State,Sun Belt,2026,71,12,0.506821618296269,0.5915492957746479,1.1174212531004228,0.8,0.0526315789473684,4.339473684210526,,55,12,-0.0651855131693598,0.2909090909090909,1.342072137645949,,0.2,2.852,0.2
2026-09-12,Georgia Tech,ACC,2026,54,9,0.0740220685733517,0.3703703703703703,1.2001545717095805,0.3333333333333333,0.4444444444444444,1.903703703703704,,77,10,0.052210909874857,0.3766233766233766,1.1248231734306042,1.0,0.108695652173913,2.730434782608696,0.143
2026-09-12,Hawai'i,Mountain West,2026,154,25,-0.0067799020486064,0.3441558441558441,1.257467947844597,0.7777777777777778,0.14,3.396,,137,25,0.246843337573555,0.4160583941605839,1.295609264698933,0.6666666666666666,0.125,3.40875,0.102
2026-09-12,Houston,Big 12,2026,74,11,0.3122472695613982,0.5,1.2537336272714703,0.8571428571428571,0.15,3.3325,,74,12,0.1828788459074729,0.4054054054054054,1.341138665590374,0.5,0.0476190476190476,2.833333333333333,0.216
2026-09-12,Illinois,Big Ten,2026,44,8,0.5293505291335725,0.5681818181818182,1.3542485462010816,0.6,0.2307692307692307,2.976923076923077,,79,8,0.1391305222352757,0.430379746835443,1.246176627641464,0.75,0.1304347826086956,3.252173913043478,0.139
2026-09-12,Indiana,Big Ten,2026,108,20,0.6007955097069388,0.5370370370370371,1.573535957422751,0.7777777777777778,0.1216216216216216,3.3324324324324324,,118,22,-0.0560363172113174,0.2796610169491525,1.5187942275986206,0.3333333333333333,0.2166666666666666,2.44,0.212
2026-09-12,Iowa,Big Ten,2026,79,13,0.0613173930418565,0.4177215189873418,1.2457000747090123,0.2857142857142857,0.2105263157894736,3.294736842105263,,58,15,-0.3317320736505182,0.1724137931034483,1.3677541941329785,1.0,0.28,1.668,0.207
2026-09-12,Iowa State,Big 12,2026,48,12,0.2446671684503538,0.3541666666666667,1.764868764741519,0.0,0.2,2.543333333333333,,69,13,-0.0595235618745478,0.2753623188405797,1.3903288614258686,0.6666666666666666,0.1463414634146341,2.1463414634146343,0.246
2026-09-12,Jacksonville State,Conference USA,2026,118,20,0.1409216220392592,0.4661016949152542,1.2756491209849268,0.7272727272727273,0.1551724137931034,2.9517241379310346,,127,20,0.0544449670414666,0.4015748031496063,1.1417088748135955,0.625,0.2125,2.80125,0.15
2026-09-12,James Madison,Sun Belt,2026,113,21,0.4865274384861169,0.5398230088495575,1.3269502984625527,0.6666666666666666,0.171875,3.44375,,140,25,-0.2201886382270233,0.2571428571428571,1.277789131183439,0.8571428571428571,0.2207792207792207,2.038961038961039,0.143
2026-09-12,Kansas,Big 12,2026,145,23,0.3672239258581459,0.4551724137931034,1.4481149394863586,0.625,0.0843373493975903,3.1710843373493978,,128,25,0.0350496080021693,0.3046875,1.3661030485342882,1.0,0.2714285714285714,2.0385714285714287,0.219
2026-09-12,Kansas State,Big 12,2026,148,24,0.3779525191630457,0.5540540540540541,1.2937161276781035,0.8333333333333334,0.119047619047619,3.592857142857143,,113,25,-0.2147900458372759,0.2389380530973451,1.2854751137363396,0.3333333333333333,0.3134328358208955,1.8671641791044773,0.265
2026-09-12,Kennesaw State,Conference USA,2026,82,14,0.2889238382699472,0.573170731707317,1.1398710550423496,0.7777777777777778,0.1521739130434782,3.265217391304348,,53,14,-0.2481023479251471,0.1509433962264151,0.8919515753149165,1.0,0.25,1.8333333333333333,0.17
2026-09-12,Kent State,Mid-American,2026,123,22,0.1188523423566753,0.3495934959349593,1.357980564199588,0.6,0.208955223880597,3.034328358208956,,128,24,0.2575520801378305,0.5234375,1.1180399546611994,0.875,0.1,3.803333333333333,0.148
2026-09-12,Kentucky,SEC,2026,61,11,0.5623068202509097,0.6065573770491803,1.1980918561404976,0.8,0.1818181818181818,4.121212121212121,,67,9,0.0772411219735421,0.417910447761194,1.1461380400647427,1.0,0.1923076923076923,2.0346153846153845,0.164
2026-09-12,Liberty,Conference USA,2026,136,24,-0.0272960327389646,0.3823529411764705,1.2855722540651997,0.6666666666666666,0.141025641025641,2.9346153846153844,,123,22,0.0957871962635227,0.3495934959349593,1.3481465092740088,0.4,0.2698412698412698,2.688888888888889,0.211
2026-09-12,Louisiana,Sun Belt,2026,68,11,0.3053660874098186,0.5441176470588235,1.155678147450766,0.75,0.1794871794871795,3.607692307692308,,62,11,-0.1221986707464751,0.4032258064516129,0.9773658675896196,0.5,0.2962962962962963,2.05925925925926,0.242
2026-09-12,Louisiana Tech,Sun Belt,2026,60,14,0.5986198567843053,0.4666666666666667,1.8154251680408937,1.0,0.1351351351351351,3.3378378378378377,,63,15,-0.2386179520556736,0.1746031746031746,1.0281713988788377,1.0,0.3181818181818182,1.3227272727272728,0.333
2026-09-12,Louisville,ACC,2026,134,26,0.4846821774813961,0.5447761194029851,1.3397742698468325,0.75,0.1643835616438356,3.063013698630137,,142,25,0.1868252524104119,0.380281690140845,1.3302762449132386,0.5714285714285714,0.1176470588235294,2.6426470588235293,0.148
2026-09-12,LSU,SEC,2026,95,12,0.4186847892890937,0.5368421052631579,1.335477872163365,0.7777777777777778,0.0862068965517241,3.532758620689655,,50,13,-0.2678767676397615,0.24,0.9456595506388836,0.6666666666666666,0.3181818181818182,1.9363636363636365,0.28
2026-09-12,Marshall,Sun Belt,2026,55,12,-0.1678505565616108,0.2909090909090909,0.8874228649697032,0.5,0.4166666666666667,1.0458333333333334,,74,12,0.4220959538823401,0.5135135135135135,1.2946795341133903,0.8571428571428571,0.1363636363636363,3.1204545454545456,0.095
2026-09-12,Maryland,Big Ten,2026,79,13,0.5036550588589878,0.5949367088607594,1.2417666249097736,0.8333333333333334,0.125,4.405,,52,13,-0.2430595105951239,0.2307692307692307,0.9748639489021425,0.3333333333333333,0.3076923076923077,1.3115384615384615,0.269
2026-09-12,Massachusetts,Mid-American,2026,65,12,0.3299726417466155,0.5230769230769231,1.040597861761411,0.7142857142857143,0.175,3.375,,63,12,0.2030959004306255,0.3968253968253968,1.561455323235606,0.6,0.25,1.93,0.27
2026-09-12,Memphis,American Athletic,2026,124,24,0.3942942997514205,0.4838709677419355,1.3027581020209116,0.7142857142857143,0.1,3.74625,,141,25,0.1058050876927993,0.4042553191489361,1.354451927678599,0.8888888888888888,0.15,2.955,0.177
2026-09-12,Miami,ACC,2026,143,26,0.6017197238170313,0.6293706293706294,1.2967522682152877,1.0,0.1184210526315789,3.931578947368421,,113,24,-0.0763543605265422,0.3008849557522124,0.9249723221683476,0.5,0.2682926829268293,2.3,0.159
2026-09-12,Miami (OH),Mid-American,2026,115,20,0.296759579949529,0.4521739130434782,1.281499316052608,1.0,0.1896551724137931,3.1,,122,21,0.2432078481221485,0.4590163934426229,1.2875594636535663,0.5714285714285714,0.25,2.779166666666667,0.098
2026-09-12,Michigan,Big Ten,2026,106,21,0.1248399263642623,0.3490566037735849,1.3193032404170044,0.7142857142857143,0.1129032258064516,2.932258064516129,,134,22,-0.0179152062043794,0.3432835820895522,1.0392573521450663,0.6666666666666666,0.1971830985915492,2.907042253521127,0.164
2026-09-12,Michigan State,Big Ten,2026,85,11,0.022631845773767,0.3764705882352941,1.097389911197236,0.3333333333333333,0.2127659574468085,2.797872340425532,,42,10,0.2841846990486799,0.2857142857142857,2.3449878397908352,0.0,0.4444444444444444,1.1388888888888888,0.262
2026-09-12,Middle Tennessee,Conference USA,2026,50,8,0.401691514611645,0.5,1.3001270636879156,0.5,0.0909090909090909,4.445454545454545,,50,9,0.1356520793081277,0.44,1.1883566697542824,0.8333333333333334,0.1481481481481481,3.1259259259259258,0.1
2026-09-12,Minnesota,Big Ten,2026,73,10,0.3421457792096198,0.6027397260273972,0.9752231854912968,0.6666666666666666,0.2307692307692307,2.4615384615384617,,46,13,-0.3840088027265944,0.108695652173913,1.6579740660748787,0.0,0.4444444444444444,1.325925925925926,0.283
2026-09-12,Mississippi State,SEC,2026,79,13,0.6380275101586687,0.5822784810126582,1.4780996639334054,1.0,0.1351351351351351,4.127027027027027,,71,13,-0.0252092266627155,0.2957746478873239,1.0528206054479607,0.4,0.1052631578947368,2.860526315789474,0.155
2026-09-12,Missouri,SEC,2026,153,26,0.2869208699326553,0.4705882352941176,1.3136172012785905,0.7,0.1785714285714285,3.120238095238096,,121,24,0.080612209669863,0.2892561983471074,1.6717351608971178,0.8,0.2166666666666666,2.3666666666666667,0.231
2026-09-12,Missouri State,Conference USA,2026,41,11,-0.2441222919654586,0.1707317073170731,0.9332823449213844,0.5,0.2608695652173913,1.6434782608695653,,89,12,0.3513233344986824,0.5842696629213483,1.0755940232268968,1.0,0.1041666666666666,3.925,0.124
2026-09-12,Navy,American Athletic,2026,79,9,0.4802728873687856,0.6329113924050633,1.0216068152464193,1.0,0.0547945205479452,4.2753424657534245,,42,9,0.0528506485666738,0.2857142857142857,1.901970348855324,,0.1764705882352941,3.264705882352941,0.119
2026-09-12,NC State,ACC,2026,122,24,0.3810311390594967,0.5245901639344263,1.2170248009714977,0.8181818181818182,0.1076923076923077,3.727692307692308,,122,26,0.0690349480351146,0.3852459016393442,1.068971648909871,0.7692307692307693,0.1948051948051948,2.6246753246753247,0.156
2026-09-12,Nebraska,Big Ten,2026,74,11,0.4925288347703889,0.5135135135135135,1.5427897743871417,0.8333333333333334,0.15,3.675,,68,12,0.1275262112846398,0.3529411764705882,1.3292957874323883,1.0,0.1290322580645161,3.396774193548388,0.206
2026-09-12,Nevada,Mountain West,2026,59,12,0.556278847672138,0.5084745762711864,1.6496693482013214,0.8571428571428571,0.1904761904761904,3.530952380952381,,84,12,0.0656228862120106,0.4404761904761904,0.9007840660809396,0.6666666666666666,0.1951219512195122,2.995121951219512,0.119
2026-09-12,New Mexico,Mountain West,2026,71,10,0.2187107716098358,0.4929577464788732,0.9281654236514942,1.0,0.0714285714285714,3.657142857142857,,49,10,-0.0521819579954481,0.2653061224489796,1.2713447189179048,0.6666666666666666,0.0333333333333333,2.8266666666666667,0.204
2026-09-12,New Mexico State,Conference USA,2026,133,22,0.288950842507434,0.4210526315789473,1.5581760293115774,0.6666666666666666,0.15,3.341666666666667,,126,23,0.1326270064301136,0.4047619047619047,1.2608012888937177,0.8,0.2063492063492063,3.13015873015873,0.135
2026-09-12,North Carolina,ACC,2026,113,19,0.2983323082922951,0.5132743362831859,1.0793303943362842,0.6666666666666666,0.1320754716981132,3.826415094339623,,139,19,-0.0306534071222367,0.381294964028777,0.953314565601758,0.8333333333333334,0.1363636363636363,2.7590909090909093,0.137
2026-09-12,North Dakota State,Mountain West,2026,138,19,0.2389024157458295,0.4565217391304347,1.159685581066689,0.6666666666666666,0.1728395061728395,3.011111111111111,,105,21,-0.3131041177462083,0.3047619047619048,0.9891098805419768,0.5,0.2115384615384615,1.7596153846153846,0.21
2026-09-12,Northern Illinois,Mountain West,2026,58,15,-0.3317320736505182,0.1724137931034483,1.3677541941329785,1.0,0.28,1.668,,79,13,0.0613173930418565,0.4177215189873418,1.2457000747090123,0.2857142857142857,0.2105263157894736,3.294736842105263,0.114
2026-09-12,North Texas,American Athletic,2026,69,10,0.1345556840920811,0.3478260869565217,1.5483256457053565,0.0,0.1351351351351351,2.983783783783784,,46,9,0.6535582337217621,0.5217391304347826,1.639593578555076,0.8,0.1333333333333333,2.4966666666666666,0.043
2026-09-12,Northwestern,Big Ten,2026,55,11,0.4796492784465596,0.509090909090909,1.4850398029259404,1.0,0.1071428571428571,3.95,,90,12,0.1283813331936487,0.4222222222222222,1.0576414342835372,0.7777777777777778,0.131578947368421,3.305263157894737,0.189
2026-09-12,Notre Dame,FBS Independents,2026,63,10,0.34906816757153,0.4603174603174603,1.111044132357502,0.75,0.032258064516129,2.770967741935484,,61,10,-0.0430090450798864,0.3770491803278688,1.2644111837126035,0.75,0.2068965517241379,2.358620689655172,0.213
2026-09-12,Ohio,Mid-American,2026,68,12,0.1275262112846398,0.3529411764705882,1.3292957874323883,1.0,0.1290322580645161,3.396774193548388,,74,11,0.4925288347703889,0.5135135135135135,1.5427897743871417,0.8333333333333334,0.15,3.675,0.149
2026-09-12,Ohio State,Big Ten,2026,73,12,0.6666069358406588,0.5616438356164384,1.448948844124814,0.75,0.1818181818181818,3.3181818181818183,,62,13,-0.2423253831274824,0.2096774193548387,1.3049899715616444,,0.3181818181818182,1.2,0.226
2026-09-12,Oklahoma,SEC,2026,124,22,0.1888034249323964,0.4516129032258064,1.118697584887936,0.5714285714285714,0.2307692307692307,3.055384615384616,,117,24,-0.1102695980985095,0.3076923076923077,1.248361147173218,0.5,0.2083333333333333,2.1333333333333333,0.239
2026-09-12,Oklahoma State,Big 12,2026,175,27,-0.0177887684608995,0.4,1.087329844846974,0.5333333333333333,0.1842105263157894,2.876315789473684,,119,25,0.1692727067577451,0.361344537815126,1.3328402867977789,1.0,0.15,2.945,0.134
2026-09-12,Old Dominion,Sun Belt,2026,104,24,0.1761803789183712,0.3846153846153846,1.5014375318095114,0.3333333333333333,0.328125,1.3453125,,147,21,0.0452309313063979,0.3333333333333333,1.3658984795717426,0.5,0.2837837837837837,2.132432432432432,0.204
2026-09-12,Ole Miss,SEC,2026,79,13,0.2926298846039504,0.4683544303797468,1.3097367268750522,0.6363636363636364,0.1219512195121951,2.8365853658536584,,68,13,0.3460803216656118,0.4411764705882353,1.4775386222518627,0.8,0.25,2.213888888888889,0.162
2026-09-12,Oregon,Big Ten,2026,125,26,0.2165135266327063,0.384,1.566587410092808,0.8333333333333334,0.1372549019607843,3.2,,154,28,0.0691616306667522,0.4025974025974026,1.0896122279284166,0.7,0.136986301369863,2.9383561643835616,0.123
2026-09-12,Oregon State,Pac-12,2026,74,12,0.1828788459074729,0.4054054054054054,1.341138665590374,0.5,0.0476190476190476,2.833333333333333,,74,11,0.3122472695613982,0.5,1.2537336272714703,0.8571428571428571,0.15,3.3325,0.135
2026-09-12,Penn State,Big Ten,2026,133,21,0.3474097150496874,0.4962406015037593,1.259081558344281,0.8333333333333334,0.12,2.508,,113,21,0.0086810917278662,0.3539823008849557,1.037253531298312,0.6666666666666666,0.3035714285714285,2.258928571428572,0.177
2026-09-12,Pittsburgh,ACC,2026,77,12,0.4266562668926378,0.5454545454545454,1.338185183481556,0.6,0.2,3.2466666666666666,,59,12,0.1140105096966495,0.3220338983050847,1.5292950729514845,1.0,0.1578947368421052,2.1894736842105265,0.102
2026-09-12,Purdue,Big Ten,2026,158,20,0.3303896027718916,0.5,1.1304623389649444,0.8,0.16,3.196,,117,19,0.2136557537252784,0.4188034188034188,1.51055182193848,0.625,0.2166666666666666,2.5716666666666668,0.179
2026-09-12,Rice,American Athletic,2026,82,10,0.2330716591590226,0.5365853658536586,0.9398508399655154,0.7142857142857143,0.0714285714285714,4.098571428571429,,59,9,-0.1237149255808005,0.3050847457627119,1.1672615609152817,0.3333333333333333,0.1818181818181818,2.8151515151515154,0.22
2026-09-12,Rutgers,Big Ten,2026,131,23,0.1308918854119792,0.4045801526717557,1.469779676521196,0.3846153846153846,0.2372881355932203,2.716949152542373,,129,24,0.234207276010218,0.4418604651162791,1.1843911367592894,0.75,0.1830985915492957,3.1633802816901406,0.109
2026-09-12,Sacramento State,Mid-American,2026,136,28,0.1433571306032177,0.4117647058823529,1.2100326346283852,0.7142857142857143,0.2758620689655172,2.3344827586206898,,123,28,-0.0377164501393858,0.3170731707317073,1.249205121713904,0.8,0.1724137931034483,2.446551724137931,0.179
2026-09-12,Sam Houston,Conference USA,2026,70,12,0.1679615358354406,0.4714285714285714,1.2051346981627544,0.5,0.4,1.775,,69,14,0.1569078614264043,0.3333333333333333,1.656527031513981,0.0,0.282051282051282,2.6666666666666665,0.217
2026-09-12,San Diego State,Pac-12,2026,64,12,0.2275570300504772,0.46875,1.1621448616114909,0.5454545454545454,0.225,3.11,,81,14,0.0271101214147896,0.419753086419753,0.8928353503546071,0.8333333333333334,0.1034482758620689,3.213793103448276,0.099
2026-09-12,San José State,Mountain West,2026,135,26,0.1654454108123683,0.3777777777777777,1.403736148990978,0.5,0.2241379310344827,2.8948275862068966,,146,24,0.1926127829579521,0.4863013698630137,0.9437116819457052,0.9333333333333332,0.1269841269841269,3.0793650793650795,0.116
2026-09-12,SMU,ACC,2026,67,11,0.3731393852771628,0.5522388059701493,1.2869920757845814,0.6666666666666666,0.1290322580645161,3.2774193548387096,,67,12,0.1942759989222807,0.373134328358209,1.4367549195963938,0.3333333333333333,0.1219512195121951,3.180487804878049,0.179
2026-09-12,South Alabama,Sun Belt,2026,88,11,0.1679081659755002,0.4204545454545454,1.1090388260054005,0.8,0.1403508771929824,3.333333333333333,,37,10,0.1680093831906549,0.4054054054054054,1.3108139148186486,0.25,0.3125,1.46875,0.297
2026-09-12,South Carolina,SEC,2026,74,10,0.6831768049116431,0.6891891891891891,1.208883909759148,0.8333333333333334,0.0769230769230769,4.058974358974359,,49,10,-0.0380765202042578,0.2653061224489796,1.461049533469705,0.5,0.2083333333333333,2.7333333333333334,0.143
2026-09-12,Southern Miss,Sun Belt,2026,85,12,0.4021821758857622,0.5882352941176471,1.0704689502182791,0.8461538461538461,0.0701754385964912,4.026315789473684,,61,13,-0.1276766015263514,0.2131147540983606,1.646759392614464,,0.3142857142857143,2.037142857142857,0.213
2026-09-12,South Florida,American Athletic,2026,114,19,0.140587628627423,0.4736842105263157,1.0043796944285208,0.8571428571428571,0.2258064516129032,2.629032258064516,,140,19,0.1457981142196256,0.4428571428571428,0.933783608022956,0.7272727272727273,0.1866666666666666,3.045333333333333,0.136
2026-09-12,Stanford,ACC,2026,139,24,0.1808381606267126,0.39568345323741,1.1457214486158334,0.8571428571428571,0.1694915254237288,2.886440677966102,,145,25,0.245147869709458,0.4482758620689655,1.3156744634857456,1.0,0.1509433962264151,2.922641509433962,0.124
2026-09-12,Syracuse,ACC,2026,78,13,0.35126503570932,0.5256410256410257,1.3123860866084411,0.875,0.15,3.5125,,63,14,-0.2563055947546812,0.2698412698412698,0.8887481994400394,0.75,0.2333333333333333,1.6033333333333333,0.254
2026-09-12,TCU,Big 12,2026,72,10,-0.0458685004165221,0.3333333333333333,1.216164722081157,0.8,0.1944444444444444,2.4472222222222224,,58,10,0.1071523441641766,0.4655172413793103,0.9192743541669988,0.0,0.1481481481481481,3.425925925925926,0.155
2026-09-12,Temple,American Athletic,2026,121,19,0.1730002013538007,0.4380165289256198,1.1366621926292704,0.8333333333333334,0.2,3.041333333333333,,121,21,0.1121015531656186,0.4297520661157025,1.195087227180008,0.8,0.1864406779661017,1.9610169491525424,0.153
2026-09-12,Tennessee,SEC,2026,74,13,0.5691980477008708,0.581081081081081,1.2840787312058908,0.8333333333333334,0.108695652173913,3.771739130434783,,60,14,-0.1261539060436249,0.25,1.167568813131016,0.0,0.2758620689655172,2.996551724137931,0.267
2026-09-12,Texas,SEC,2026,70,9,0.4586510146705653,0.5,1.579697637253443,0.8,0.2857142857142857,2.5342857142857143,,73,11,0.1390521539854218,0.410958904109589,1.1274872950767767,0.6,0.2051282051282051,2.6256410256410256,0.205
2026-09-12,Texas A&M,SEC,2026,151,25,0.249850685899508,0.4966887417218543,1.0605418819511832,1.0,0.1481481481481481,3.208641975308642,,105,25,-0.1131172119401111,0.2761904761904762,1.2910358992213773,0.5,0.25,2.2442307692307693,0.248
2026-09-12,Texas State,Pac-12,2026,73,11,0.1390521539854218,0.410958904109589,1.1274872950767767,0.6,0.2051282051282051,2.6256410256410256,,70,9,0.4586510146705653,0.5,1.579697637253443,0.8,0.2857142857142857,2.5342857142857143,0.171
2026-09-12,Texas Tech,Big 12,2026,74,11,0.2785300204187715,0.5,1.0471550507298784,0.7777777777777778,0.1538461538461538,3.3461538461538463,,63,10,-0.1380251385043791,0.2698412698412698,1.2673339554332412,0.5,0.1923076923076923,2.8384615384615386,0.238
2026-09-12,Toledo,Mid-American,2026,42,10,0.2841846990486799,0.2857142857142857,2.3449878397908352,0.0,0.4444444444444444,1.1388888888888888,,85,11,0.022631845773767,0.3764705882352941,1.097389911197236,0.3333333333333333,0.2127659574468085,2.797872340425532,0.106
2026-09-12,Troy,Sun Belt,2026,69,14,0.1569078614264043,0.3333333333333333,1.656527031513981,0.0,0.282051282051282,2.6666666666666665,,70,12,0.1679615358354406,0.4714285714285714,1.2051346981627544,0.5,0.4,1.775,0.229
2026-09-12,Tulane,American Athletic,2026,55,12,0.0040917519043523,0.3090909090909091,0.7971508910071232,1.0,0.1304347826086956,2.9565217391304346,,78,13,-0.0505656875484706,0.2948717948717949,1.239953895912352,1.0,0.1836734693877551,3.0408163265306123,0.09
2026-09-12,Tulsa,American Athletic,2026,58,12,0.1864318063964714,0.4137931034482758,1.0851431714647468,1.0,0.1515151515151515,2.763636363636364,,88,12,-0.070655818794617,0.3636363636363636,1.0309825186683157,0.5,0.2222222222222222,2.7916666666666665,0.102
2026-09-12,UAB,American Athletic,2026,79,8,0.1391305222352757,0.430379746835443,1.246176627641464,0.75,0.1304347826086956,3.252173913043478,,44,8,0.5293505291335725,0.5681818181818182,1.3542485462010816,0.6,0.2307692307692307,2.976923076923077,0.045
2026-09-12,UCF,Big 12,2026,62,13,0.5493339803795543,0.5645161290322581,1.4108685998253796,1.0,0.081081081081081,4.386486486486486,,62,15,-0.1629071620565535,0.2096774193548387,1.219168347266829,1.0,0.3157894736842105,1.923684210526316,0.226
2026-09-12,UCLA,Big Ten,2026,53,14,0.4197846779080366,0.5660377358490566,1.2513254603824528,1.0,0.0344827586206896,4.813793103448276,,89,14,0.1330628286155295,0.3370786516853932,1.4836215579250065,0.6666666666666666,0.2051282051282051,2.528205128205128,0.191
2026-09-12,UConn,FBS Independents,2026,74,14,0.5732783853066649,0.5135135135135135,1.5911999117333786,0.3333333333333333,0.15,3.855,,72,13,-0.1583014250977013,0.2777777777777778,0.8956382174474538,0.6666666666666666,0.2142857142857142,2.3857142857142857,0.153
2026-09-12,UL Monroe,Sun Belt,2026,71,13,-0.0252092266627155,0.2957746478873239,1.0528206054479607,0.4,0.1052631578947368,2.860526315789474,,79,13,0.6380275101586687,0.5822784810126582,1.4780996639334054,1.0,0.1351351351351351,4.127027027027027,0.101
2026-09-12,UNLV,Mountain West,2026,145,25,0.1200261378324966,0.3517241379310344,1.4413345772565798,0.6666666666666666,0.1428571428571428,3.3025974025974025,,137,23,0.0892851354528906,0.3941605839416058,1.1660859456751205,0.7142857142857143,0.1129032258064516,3.875806451612904,0.168
2026-09-12,USC,Big Ten,2026,146,20,0.363397412337942,0.6027397260273972,1.036874418468907,0.8,0.1818181818181818,3.1818181818181817,,102,20,-0.0273655770706078,0.3431372549019608,1.1708350034918942,0.0,0.2340425531914893,2.363829787234043,0.157
2026-09-12,Utah,Big 12,2026,77,13,0.5107474991645495,0.5714285714285714,1.3617321828088478,0.75,0.1428571428571428,4.116326530612245,,62,13,0.1373547685990896,0.3387096774193548,1.262352149239576,1.0,0.2,2.256666666666667,0.129
2026-09-12,Utah State,Pac-12,2026,89,12,0.0953408762518156,0.4269662921348314,1.1945320367732557,0.25,0.1627906976744186,3.4511627906976745,,65,13,0.0339441781809636,0.3538461538461538,1.0966029950577263,0.6666666666666666,0.1785714285714285,2.242857142857143,0.092
2026-09-12,UTEP,Mountain West,2026,59,13,-0.2513514097581535,0.3389830508474576,0.9392952091081728,0.0,0.2941176470588235,1.5676470588235294,,60,11,0.3871905835315659,0.55,1.1941828089991482,0.5714285714285714,0.2368421052631578,2.876315789473684,0.117
2026-09-12,UTSA,American Athletic,2026,60,12,0.5144231919895464,0.6333333333333333,1.0998644890074278,1.0,0.1034482758620689,3.7655172413793103,,82,13,-0.0637788059466083,0.3780487804878049,1.0540254394047484,0.3333333333333333,0.1818181818181818,3.118181818181818,0.183
2026-09-12,Vanderbilt,SEC,2026,63,8,0.2825170243631735,0.4761904761904761,1.061975081924216,0.75,0.081081081081081,3.5,,47,10,0.0290448960751272,0.3404255319148936,1.186345828828299,1.0,0.2105263157894736,3.226315789473684,0.128
2026-09-12,Virginia,ACC,2026,135,24,0.3658858034844316,0.5407407407407407,1.133641635334511,0.8666666666666667,0.1612903225806451,3.4172043010752686,,117,25,-0.1898790399648036,0.3162393162393162,0.6463231630677735,0.7142857142857143,0.2156862745098039,2.4823529411764707,0.248
2026-09-12,Virginia Tech,ACC,2026,160,24,0.3701306053367378,0.50625,1.2797313602910323,0.7,0.1688311688311688,3.107792207792208,,104,27,-0.1873376608552584,0.2019230769230769,1.6960238464676431,0.3333333333333333,0.5396825396825397,-0.5301587301587302,0.394
2026-09-12,Wake Forest,ACC,2026,137,20,0.4168473428540545,0.4744525547445255,1.3477531823845286,0.6666666666666666,0.1408450704225352,3.1169014084507043,,154,21,0.1701630407949411,0.5,0.9222951986550348,0.6,0.2285714285714285,2.8714285714285714,0.143
2026-09-12,Washington,Big Ten,2026,64,12,0.0779716429331925,0.46875,1.0665805293728612,0.5,0.25,2.753571428571429,,57,11,-0.0231405580611589,0.3157894736842105,1.0264346254160943,,0.2857142857142857,2.821428571428572,0.298
2026-09-12,Washington State,Pac-12,2026,109,22,-0.0802708072606049,0.2844036697247706,1.0891204891875983,0.0,0.2321428571428571,2.7767857142857144,,140,24,0.1328487322524773,0.4642857142857143,1.226918406593459,0.6,0.1764705882352941,3.1205882352941177,0.1
2026-09-12,Western Kentucky,Conference USA,2026,158,28,-0.0567569424439049,0.3544303797468354,1.1240109518241188,0.6,0.2467532467532467,1.6519480519480518,,121,27,0.5926530053887233,0.5041322314049587,1.6223388487633628,0.9,0.1710526315789473,3.5907894736842105,0.107
2026-09-12,Western Michigan,Mid-American,2026,70,11,-0.0368689615872864,0.3285714285714285,1.0681220061704584,0.6666666666666666,0.1818181818181818,2.6613636363636366,,48,10,0.2355175415917992,0.4375,1.0790058466360366,0.75,0.0833333333333333,3.395833333333333,0.167
2026-09-12,West Virginia,Big 12,2026,140,26,0.2732739622138753,0.4785714285714286,1.1938167731825382,0.8461538461538461,0.1351351351351351,3.1135135135135137,,138,24,0.0294102069481878,0.4057971014492754,1.2363685365770676,0.5714285714285714,0.3,2.3,0.217
2026-09-12,Wisconsin,Big Ten,2026,61,10,-0.0430090450798864,0.3770491803278688,1.2644111837126035,0.75,0.2068965517241379,2.358620689655172,,63,10,0.34906816757153,0.4603174603174603,1.111044132357502,0.75,0.032258064516129,2.770967741935484,0.111
2026-09-12,Wyoming,Mountain West,2026,55,11,-0.0251076991146114,0.4181818181818181,0.899961606833427,1.0,0.1212121212121212,3.3545454545454545,,68,11,0.3012418203750481,0.4852941176470588,1.2087905981747544,1.0,0.2121212121212121,2.4939393939393937,0.118
2026-09-15,Air Force,Mountain West,2026,147,19,0.3168724868895267,0.5238095238095238,0.9836879949098817,1.0,0.05785123966942149,4.0239669421487605,,106,20,-0.07900441286649691,0.3113207547169811,1.5288427794559412,0.8,0.22807017543859648,2.526315789473684,0.142
2026-09-15,Akron,Mid-American,2026,141,22,0.1576861186861234,0.524822695035461,0.9553972675038448,0.7142857142857143,0.1323529411764706,3.85,,119,22,0.15982949172739025,0.36134453781512604,1.5062647956317665,0.7142857142857143,0.2692307692307692,2.175,0.168
2026-09-15,Alabama,SEC,2026,143,23,0.19238184082323534,0.5034965034965035,1.1057735881546875,0.7272727272727273,0.17857142857142858,3.1476190476190475,,108,24,-0.2874867496232187,0.28703703703703703,1.1316133221653442,0.4,0.2708333333333333,1.2354166666666666,0.204
2026-09-15,App State,Sun Belt,2026,147,23,0.39062474991387225,0.5170068027210885,1.2754065166484962,0.8333333333333334,0.2,2.87625,,134,24,0.08161372937303696,0.41044776119402987,1.1852737956938326,0.6666666666666666,0.23333333333333334,2.788333333333333,0.194
2026-09-15,Arizona,Big 12,2026,137,23,0.135802341014586,0.5182481751824818,0.9553421091947132,0.9090909090909091,0.09836065573770492,3.804918032786885,,111,22,0.03567998429037235,0.35135135135135137,1.3875185132111152,1.0,0.24444444444444444,2.8266666666666667,0.18
2026-09-15,Arizona State,Big 12,2026,135,26,0.1879252063943186,0.4666666666666667,1.4678876754625696,0.9,0.1875,2.953125,,114,25,-0.05455546027755559,0.34210526315789475,1.0129971750114235,0.75,0.16071428571428573,2.517857142857143,0.14
2026-09-15,Arkansas,SEC,2026,163,24,0.027261653202592464,0.4233128834355828,1.1170369441790664,0.75,0.18571428571428572,2.732857142857143,,108,24,0.13478066928783852,0.4074074074074074,1.273058299449057,0.7142857142857143,0.23076923076923078,2.8173076923076925,0.157
2026-09-15,Arkansas State,Sun Belt,2026,118,20,0.2677348692051451,0.559322033898305,1.1459291087845072,0.7857142857142857,0.12307692307692308,3.666153846153846,,122,23,0.18406227755671353,0.4426229508196721,1.3669975298661934,0.75,0.11267605633802817,3.388732394366197,0.139
2026-09-15,Army,American Athletic,2026,136,21,0.4233058887319205,0.5882352941176471,1.023133708359731,0.9090909090909091,0.10185185185185185,4.018518518518518,,110,21,0.11239304090960231,0.41818181818181815,1.1406168896883957,0.8,0.2222222222222222,2.7444444444444445,0.155
2026-09-15,Auburn,SEC,2026,160,24,0.13506010712021754,0.45625,1.1762728788342502,0.7777777777777778,0.16666666666666666,3.4654761904761906,,161,24,-0.09380269301557859,0.37267080745341613,1.0994859841769764,0.5,0.1875,2.3328125,0.193
2026-09-15,Ball State,Mid-American,2026,132,26,-0.016547509091830566,0.3106060606060606,1.4686103990600792,0.6666666666666666,0.24074074074074073,2.2203703703703703,,138,24,0.3064487375002761,0.47101449275362317,1.40546812277467,0.8571428571428571,0.2033898305084746,3.1559322033898307,0.145
2026-09-15,Baylor,Big 12,2026,186,27,0.11290985820815744,0.43548387096774194,1.2376620302097634,0.6,0.15476190476190477,3.1666666666666665,,131,26,-0.16731712657982048,0.26717557251908397,1.287063470738749,0.6666666666666666,0.2631578947368421,2.285964912280702,0.214
2026-09-15,Boise State,Pac-12,2026,143,23,0.266399529110338,0.43356643356643354,1.274491848026884,0.875,0.1125,3.545,,117,24,0.10179195492970015,0.39316239316239315,1.7729801802597571,0.6666666666666666,0.2978723404255319,2.4765957446808513,0.197
2026-09-15,Boston College,ACC,2026,137,23,-0.029649449603385752,0.3795620437956204,1.2850016083291318,1.0,0.19696969696969696,3.0454545454545454,,130,23,0.0712578374372898,0.4,1.3266879736186803,0.5,0.1566265060240964,3.351807228915663,0.154
2026-09-15,Bowling Green,Mid-American,2026,116,21,-0.041941592892581335,0.3620689655172414,0.9568633361381188,0.6666666666666666,0.208955223880597,2.491044776119403,,125,20,0.3277188774321643,0.504,1.379556003194474,0.6666666666666666,0.18461538461538463,3.4615384615384617,0.072
2026-09-15,Buffalo,Mid-American,2026,153,28,0.0688000492594795,0.32679738562091504,1.3682648307042922,1.0,0.22413793103448276,2.406896551724138,,152,28,0.028654358409258684,0.34868421052631576,1.2916147778515001,0.8,0.22058823529411764,2.677941176470588,0.171
2026-09-15,BYU,Big 12,2026,128,22,0.5050841780417508,0.59375,1.145295729412896,0.8888888888888888,0.0945945945945946,4.075675675675676,,120,22,-0.08450176731375492,0.36666666666666664,1.1347196556610346,0.8571428571428571,0.21153846153846154,2.375,0.158
2026-09-15,California,ACC,2026,149,26,-0.08082142385044012,0.3422818791946309,1.3277706209817297,0.7142857142857143,0.25,2.4140625,,140,27,0.06802503010713064,0.4142857142857143,1.3407269201878411,1.0,0.12903225806451613,3.446774193548387,0.15
2026-09-15,Central Michigan,Mid-American,2026,112,22,-0.1256244794203912,0.30357142857142855,1.2574978566932482,0.875,0.10144927536231885,3.108695652173913,,135,21,0.06451385420759796,0.43703703703703706,0.9057096960156529,1.0,0.1506849315068493,3.1027397260273974,0.141
2026-09-15,Charlotte,American Athletic,2026,139,23,0.10968772258364962,0.4172661870503597,1.3048280000711567,0.5,0.25,2.9359375,,125,23,0.3563215883954375,0.56,1.1684483485215407,0.9285714285714286,0.22535211267605634,3.222535211267606,0.12
2026-09-15,Cincinnati,Big 12,2026,142,23,0.4287542479500776,0.528169014084507,1.2301502062163543,0.8571428571428571,0.08695652173913043,4.093478260869565,,131,23,-0.020274166991414006,0.3893129770992366,1.1912608272935616,0.75,0.23636363636363636,2.9909090909090907,0.183
2026-09-15,Clemson,ACC,2026,127,29,-0.18705381518375502,0.29133858267716534,0.981531881260497,0.6,0.3389830508474576,2.2389830508474575,,161,26,0.1795888733506845,0.422360248447205,1.3364841405947374,0.7272727272727273,0.1095890410958904,3.3438356164383563,0.155
2026-09-15,Coastal Carolina,Sun Belt,2026,135,27,0.20429252449085358,0.45185185185185184,1.325197095526809,0.625,0.21875,3.334375,,134,28,-0.011871187582138601,0.3880597014925373,0.9869719373350113,0.75,0.14606741573033707,2.8662921348314607,0.172
2026-09-15,Colorado,Big 12,2026,151,24,0.2555961011969566,0.41721854304635764,1.3777550783764778,0.9,0.12195121951219512,3.1390243902439026,,134,24,-0.06396012724618023,0.34328358208955223,1.3968928161860514,0.3333333333333333,0.3888888888888889,2.4,0.254
2026-09-15,Colorado State,Pac-12,2026,137,26,0.3945282894044396,0.48905109489051096,1.5102312020802013,0.9,0.234375,2.578125,,121,25,-0.06494788818219475,0.38016528925619836,1.0956779944706345,0.6666666666666666,0.14084507042253522,3.22112676056338,0.273
2026-09-15,Delaware,Conference USA,2026,141,28,0.08422429215270093,0.3971631205673759,1.4491820586050979,0.6,0.2542372881355932,2.3983050847457625,,144,28,-0.1511994958469578,0.3125,1.2358513394279544,0.8,0.20689655172413793,2.282758620689655,0.188
2026-09-15,Duke,ACC,2026,135,22,0.0971002378932878,0.362962962962963,1.237928846463279,0.7142857142857143,0.21428571428571427,2.9095238095238094,,125,21,-0.025118696453782445,0.408,0.9843421861093068,0.7142857142857143,0.09090909090909091,2.923636363636364,0.144
2026-09-15,East Carolina,American Athletic,2026,114,25,0.10995821952438518,0.39473684210526316,1.231797520854903,0.6666666666666666,0.24528301886792453,2.371698113207547,,153,24,0.20689421945669845,0.45751633986928103,1.223214237815241,0.7142857142857143,0.2247191011235955,2.7662921348314606,0.124
2026-09-15,Eastern Michigan,Mid-American,2026,192,37,-0.03017095851584814,0.375,1.085440572919383,0.8125,0.16883116883116883,2.8181818181818183,,215,38,0.09206050212178986,0.40930232558139534,1.2535690427745039,0.7647058823529411,0.2127659574468085,2.9382978723404256,0.191
2026-09-15,Florida,SEC,2026,131,22,0.503300118145704,0.5419847328244275,1.3730229556476083,1.0,0.08571428571428572,3.5085714285714285,,159,26,-0.18570931797601242,0.3333333333333333,1.1043810135770198,0.6666666666666666,0.11864406779661017,2.6728813559322036,0.233
2026-09-15,Florida Atlantic,American Athletic,2026,172,24,0.08557275513073594,0.42441860465116277,1.1542662089271607,0.9090909090909091,0.18421052631578946,2.5065789473684212,,125,23,0.37391274737859215,0.472,1.5780936478404288,1.0,0.14864864864864866,3.245945945945946,0.16
2026-09-15,Florida International,Conference USA,2026,156,24,-0.002803154418928294,0.391025641025641,1.1492281235386823,0.6923076923076923,0.203125,2.75,,128,22,-0.044960223512562854,0.328125,1.1153609295010591,0.8,0.25806451612903225,1.982258064516129,0.172
2026-09-15,Florida State,ACC,2026,134,22,0.20419813063961514,0.41044776119402987,1.3738286847147458,0.5,0.13924050632911392,3.3063291139240505,,134,21,0.23409225215135004,0.44776119402985076,1.420966285728235,0.8333333333333334,0.11764705882352941,3.1549019607843136,0.157
2026-09-15,Fresno State,Pac-12,2026,110,21,0.08598214809576966,0.37272727272727274,1.3500903325919285,0.42857142857142855,0.24561403508771928,2.524561403508772,,136,21,0.02247272520799948,0.47058823529411764,1.0596533979596976,0.6666666666666666,0.2777777777777778,2.7083333333333335,0.118
2026-09-15,Georgia,SEC,2026,123,27,0.6411901102917171,0.6016260162601627,1.4336402018226513,1.0,0.11475409836065574,4.119672131147541,,133,28,-0.16178408569098068,0.2857142857142857,1.2165006262434912,0.4,0.296875,1.93125,0.195
2026-09-15,Georgia Southern,Sun Belt,2026,145,27,0.05860218914924235,0.36551724137931035,1.2246915703732584,0.5,0.14893617021276595,3.1319148936170214,,140,29,-0.19538512677071665,0.2571428571428571,1.1628548379468289,0.75,0.3492063492063492,1.7142857142857142,0.271
2026-09-15,Georgia State,Sun Belt,2026,141,23,0.3830140743836993,0.5460992907801419,1.131271493549282,0.8181818181818182,0.13095238095238096,3.710714285714286,,113,23,-0.019074899997400918,0.34513274336283184,1.2156387691318562,1.0,0.26666666666666666,2.8,0.168
2026-09-15,Georgia Tech,ACC,2026,126,20,-0.006180848439807886,0.42063492063492064,1.0854468425040313,0.6666666666666666,0.25925925925925924,2.9851851851851854,,146,21,0.14045229947664872,0.4041095890410959,1.2473707813431243,0.9,0.12222222222222222,3.1844444444444444,0.151
2026-09-15,Hawai'i,Mountain West,2026,230,37,0.032940963609442014,0.3739130434782609,1.1626258762976511,0.8,0.18421052631578946,3.098684210526316,,205,37,0.12966446420247416,0.43414634146341463,1.2594556887364166,0.6875,0.12612612612612611,3.28018018018018,0.146
2026-09-15,Houston,Big 12,2026,139,23,0.5086322930089994,0.6115107913669064,1.1881458019412137,0.9411764705882353,0.08235294117647059,4.155294117647059,,118,24,-0.07985643804609413,0.3050847457627119,1.3508256488893162,0.4,0.27906976744186046,1.3325581395348838,0.254
2026-09-15,Illinois,Big Ten,2026,114,17,0.21240295470403944,0.5175438596491229,1.202896905371677,0.6363636363636364,0.13793103448275862,2.93448275862069,,136,17,0.2497294616119733,0.4411764705882353,1.282464599974784,0.6923076923076923,0.18518518518518517,3.0246913580246915,0.125
2026-09-15,Indiana,Big Ten,2026,108,20,0.5826354535033924,0.5370370370370371,1.5716878414761073,0.7777777777777778,0.12162162162162163,3.4135135135135135,,118,22,-0.14472283749431578,0.2796610169491525,1.5187942275986206,0.3333333333333333,0.21666666666666667,2.44,0.203
2026-09-15,Iowa,Big Ten,2026,139,24,0.0016189629623103306,0.4028776978417266,1.1033428121941584,0.42857142857142855,0.19402985074626866,3.1,,113,27,-0.18121067715689682,0.23008849557522124,1.2105292522630697,0.6666666666666666,0.2033898305084746,2.2847457627118644,0.177
2026-09-15,Iowa State,Big 12,2026,103,24,0.15421331209490588,0.32038834951456313,1.4484541702459348,0.5,0.171875,2.646875,,129,24,-0.1517244627149505,0.32558139534883723,1.121317699632547,0.6,0.15714285714285714,2.4357142857142855,0.171
2026-09-15,Jacksonville State,Conference USA,2026,191,30,0.14182431854338853,0.46596858638743455,1.2159433070054493,0.7222222222222222,0.20192307692307693,2.808653846153846,,198,29,-0.008756863013722485,0.398989898989899,1.0830725637433674,0.75,0.17073170731707318,2.940650406504065,0.141
2026-09-15,James Madison,Sun Belt,2026,113,21,0.479539448169209,0.5398230088495575,1.3269502984625527,0.6666666666666666,0.171875,3.44375,,140,25,-0.27570647500344764,0.2571428571428571,1.277789131183439,0.8571428571428571,0.22077922077922077,1.8987012987012988,0.143
2026-09-15,Kansas,Big 12,2026,145,23,0.23382627411562631,0.45517241379310347,1.4481149394863586,0.625,0.08433734939759036,3.1710843373493978,,128,25,0.003585457875426809,0.3046875,1.2628360942721588,1.0,0.2714285714285714,2.0385714285714287,0.219
2026-09-15,Kansas State,Big 12,2026,148,24,0.3345188267214266,0.5540540540540541,1.2937161276781035,0.8333333333333334,0.11904761904761904,3.592857142857143,,113,25,-0.27600404411258456,0.23893805309734514,1.2854751137363396,0.3333333333333333,0.31343283582089554,1.8671641791044775,0.257
2026-09-15,Kennesaw State,Conference USA,2026,140,25,0.1300394206984425,0.5,1.1358671054399663,0.8181818181818182,0.21212121212121213,3.1045454545454545,,123,25,-0.01708887108299308,0.34959349593495936,1.100274999432472,0.8571428571428571,0.21428571428571427,2.7257142857142855,0.106
2026-09-15,Kent State,Mid-American,2026,122,22,0.04193757647859985,0.3524590163934426,1.3532133336258119,0.6,0.19696969696969696,3.1166666666666667,,128,24,0.21663105578464453,0.5234375,1.1180399546611994,0.875,0.1,3.8033333333333332,0.141
2026-09-15,Kentucky,SEC,2026,128,23,0.08900330499445236,0.4609375,1.1097461479075745,0.6666666666666666,0.1935483870967742,3.109677419354839,,130,21,0.07979912045683929,0.4461538461538462,1.1247264691002181,0.7777777777777778,0.1935483870967742,2.6016129032258064,0.208
2026-09-15,Liberty,Conference USA,2026,136,24,-0.11610195104079693,0.38235294117647056,1.2248301758367646,0.6666666666666666,0.14102564102564102,2.9346153846153844,,123,22,0.02950823087776632,0.34959349593495936,1.3481465092740088,0.4,0.2698412698412698,2.673015873015873,0.211
2026-09-15,Louisiana,Sun Belt,2026,121,21,0.2872702915830525,0.48760330578512395,1.3131949696088556,0.8571428571428571,0.18840579710144928,3.1449275362318843,,137,21,0.022736662647973974,0.45985401459854014,1.1747564986988905,0.625,0.22058823529411764,2.8529411764705883,0.131
2026-09-15,Louisiana Tech,Sun Belt,2026,116,29,0.015388137379630665,0.3103448275862069,1.6505202743028287,1.0,0.19047619047619047,2.577777777777778,,150,30,-0.11539314449611125,0.34,1.201984888715524,0.6,0.2857142857142857,1.6488095238095237,0.273
2026-09-15,Louisville,ACC,2026,134,26,0.45132467406375376,0.5447761194029851,1.3397742698468325,0.75,0.1643835616438356,3.063013698630137,,142,25,0.12277239681908461,0.3732394366197183,1.2422274876914896,0.5714285714285714,0.11764705882352941,2.5544117647058826,0.148
2026-09-15,LSU,SEC,2026,182,27,0.2058175337268157,0.5,1.2978100595291884,0.625,0.15306122448979592,2.9102040816326533,,106,28,-0.4640494005969776,0.18867924528301888,0.9967369888711707,0.6666666666666666,0.2916666666666667,1.6979166666666667,0.302
2026-09-15,Marshall,Sun Belt,2026,118,25,-0.11706322616887685,0.3644067796610169,1.035413167758098,0.6153846153846154,0.3064516129032258,2.167741935483871,,144,23,0.2992968190495405,0.4722222222222222,1.1810159375430587,0.8888888888888888,0.1076923076923077,3.3246153846153845,0.111
2026-09-15,Maryland,Big Ten,2026,158,25,0.3611516175193782,0.5316455696202531,1.2757908671423983,0.6428571428571429,0.17105263157894737,3.5723684210526314,,105,24,-0.2564575897215248,0.26666666666666666,1.2470561585759148,0.6666666666666666,0.2962962962962963,1.4,0.219
2026-09-15,Massachusetts,Mid-American,2026,105,20,0.3734987579677579,0.5047619047619047,1.165695439147868,0.5454545454545454,0.18181818181818182,3.4045454545454543,,134,23,-0.09025381631664471,0.3805970149253731,1.24901703536941,0.75,0.20967741935483872,2.5709677419354837,0.157
2026-09-15,Memphis,American Athletic,2026,177,35,0.23506116352548648,0.4350282485875706,1.4482477541338634,0.7142857142857143,0.18446601941747573,3.2854368932038835,,217,35,0.19264927209905205,0.4377880184331797,1.3872415249019707,0.8571428571428571,0.1308411214953271,3.4065420560747666,0.147
2026-09-15,Miami,ACC,2026,144,26,0.5489136509830088,0.625,1.3307103400736222,1.0,0.1038961038961039,4.062337662337662,,113,24,-0.08391526014233174,0.3008849557522124,0.9249723221683477,0.5,0.2682926829268293,2.3,0.142
2026-09-15,Miami (OH),Mid-American,2026,115,20,0.2764031655999502,0.45217391304347826,1.281499316052608,1.0,0.1896551724137931,3.1,,123,21,0.17855367419157972,0.45528455284552843,1.2875594636535663,0.5714285714285714,0.25,2.779166666666667,0.098
2026-09-15,Michigan,Big Ten,2026,106,21,0.084462587896415,0.3490566037735849,1.3193032404170044,0.7142857142857143,0.11290322580645161,2.932258064516129,,134,22,-0.08984038830589929,0.34328358208955223,1.0126403276397398,0.6666666666666666,0.19718309859154928,2.907042253521127,0.164
2026-09-15,Michigan State,Big Ten,2026,158,20,0.1426258389428377,0.45569620253164556,1.1343727534949324,0.6428571428571429,0.16666666666666666,3.2444444444444445,,95,19,0.06748567520918225,0.3684210526315789,1.3619623909144192,0.5555555555555556,0.2682926829268293,2.629268292682927,0.232
2026-09-15,Middle Tennessee,Conference USA,2026,120,19,0.2627298867802216,0.4583333333333333,1.1566261463421283,0.75,0.06976744186046512,4.1069767441860465,,113,22,0.11796693621389893,0.4336283185840708,1.152405043034228,0.7333333333333333,0.2,2.98,0.142
2026-09-15,Minnesota,Big Ten,2026,138,19,0.12394843335841052,0.4927536231884058,1.0062979745380276,0.6428571428571429,0.25,2.2884615384615383,,115,22,0.1087202792925834,0.391304347826087,1.1374772297950968,0.5454545454545454,0.2876712328767123,2.710958904109589,0.178
2026-09-15,Mississippi State,SEC,2026,148,22,0.5444014212608463,0.581081081081081,1.2894091808295536,0.7,0.1686746987951807,3.792771084337349,,136,22,-0.10046686830905559,0.33088235294117646,1.059757060940559,0.5,0.1568627450980392,2.5823529411764707,0.14
2026-09-15,Missouri,SEC,2026,153,26,0.24529734792988,0.47058823529411764,1.2251672170226928,0.7,0.17857142857142858,3.1202380952380953,,121,24,-0.06393202264782849,0.2892561983471074,1.6717351608971178,0.8,0.21666666666666667,2.3666666666666667,0.231
2026-09-15,Missouri State,Conference USA,2026,120,23,0.0668812857775394,0.36666666666666664,1.3335725530755398,0.7692307692307693,0.17333333333333334,2.7746666666666666,,145,23,0.19099381546614114,0.503448275862069,1.0068807445175092,0.9090909090909091,0.16455696202531644,3.469620253164557,0.179
2026-09-15,Navy,American Athletic,2026,136,21,0.3197706471886218,0.5294117647058824,1.205369775240681,1.0,0.102803738317757,3.885046728971963,,122,21,0.14706200169209924,0.39344262295081966,1.3645400299509731,1.0,0.22807017543859648,2.6315789473684212,0.148
2026-09-15,NC State,ACC,2026,122,24,0.31257295390370166,0.5245901639344263,1.215048351157467,0.8181818181818182,0.1076923076923077,3.727692307692308,,122,26,0.001209137409209233,0.38524590163934425,1.068971648909871,0.7692307692307693,0.19480519480519481,2.6246753246753247,0.156
2026-09-15,Nebraska,Big Ten,2026,140,21,0.5175659052512254,0.5571428571428572,1.4534374670791135,0.8333333333333334,0.136986301369863,3.8205479452054796,,118,23,0.051734406750209114,0.3389830508474576,1.2549763899900523,1.0,0.14516129032258066,3.05,0.212
2026-09-15,Nevada,Mountain West,2026,131,23,0.12534959810303492,0.44274809160305345,1.3284449769173483,0.7857142857142857,0.16666666666666666,3.6192307692307693,,149,23,0.08041411531454036,0.4429530201342282,0.9720734947656507,0.6666666666666666,0.20253164556962025,2.9873417721518987,0.148
2026-09-15,New Mexico,Mountain West,2026,144,27,0.23523015869352826,0.4791666666666667,1.1024318664396167,0.9166666666666666,0.1276595744680851,3.401063829787234,,105,27,-0.298944742674818,0.22857142857142856,1.4412726077351177,0.5,0.2,1.6927272727272726,0.305
2026-09-15,New Mexico State,Conference USA,2026,201,34,0.1547919421257269,0.43781094527363185,1.4261327937630708,0.6875,0.14285714285714285,3.207692307692308,,202,35,0.09588152231816763,0.4158415841584158,1.162391545945404,0.8333333333333334,0.2247191011235955,2.953932584269663,0.129
2026-09-15,North Carolina,ACC,2026,113,19,0.2360141771942716,0.5132743362831859,1.0323754501520834,0.6666666666666666,0.1320754716981132,3.8264150943396227,,139,19,-0.12123967374772954,0.381294964028777,0.8784887790699076,0.8333333333333334,0.13636363636363635,2.7515151515151515,0.137
2026-09-15,North Dakota State,Mountain West,2026,199,30,0.1779024536014308,0.4321608040201005,1.3082108261820105,0.6923076923076923,0.1864406779661017,2.8686440677966103,,173,31,-0.1642277760509774,0.3815028901734104,0.9781791324953276,0.7142857142857143,0.14705882352941177,2.6372549019607843,0.156
2026-09-15,Northern Illinois,Mountain West,2026,124,26,-0.24021033024150523,0.33064516129032256,0.9335639254259359,0.6,0.22807017543859648,2.3789473684210525,,143,24,0.003955245944769085,0.4125874125874126,1.150449449041141,0.5454545454545454,0.16901408450704225,3.0873239436619717,0.119
2026-09-15,North Texas,American Athletic,2026,138,22,0.1985668326897479,0.39855072463768115,1.4371934204362449,0.5,0.17567567567567569,3.0297297297297296,,119,21,0.10317773513901339,0.42016806722689076,1.1068830125613625,0.75,0.15151515151515152,2.4575757575757575,0.151
2026-09-15,Northwestern,Big Ten,2026,55,11,0.4796492784465596,0.509090909090909,1.4850398029259404,1.0,0.10714285714285714,3.95,,90,12,0.08997341550625394,0.4222222222222222,1.0576414342835372,0.7777777777777778,0.13157894736842105,3.305263157894737,0.189
2026-09-15,Notre Dame,FBS Independents,2026,130,20,0.3882939958255484,0.5076923076923077,1.17940061549341,0.7272727272727273,0.07936507936507936,2.773015873015873,,108,21,-0.16198578807048677,0.3055555555555556,1.3646248574810422,0.6666666666666666,0.22580645161290322,2.1016129032258064,0.241
2026-09-15,Ohio,Mid-American,2026,139,21,0.04467634353946067,0.37410071942446044,1.1392053618963454,0.9090909090909091,0.10810810810810811,3.2824324324324325,,147,21,0.32861483541334136,0.4897959183673469,1.3428370013336863,0.7692307692307693,0.20930232558139536,3.1151162790697673,0.15
2026-09-15,Ohio State,Big Ten,2026,137,23,0.3799475988897337,0.48175182481751827,1.406900457467487,0.7142857142857143,0.1935483870967742,3.117741935483871,,140,24,-0.11224775449000869,0.36428571428571427,1.0975764910784693,0.7272727272727273,0.20967741935483872,2.361290322580645,0.186
2026-09-15,Oklahoma,SEC,2026,124,22,0.11560508684686054,0.45161290322580644,1.096833600472846,0.5714285714285714,0.23076923076923078,3.0553846153846154,,117,24,-0.2290988755324868,0.3076923076923077,1.248361147173218,0.5,0.20833333333333334,2.1333333333333333,0.239
2026-09-15,Oklahoma State,Big 12,2026,175,27,-0.12053919550078301,0.4,1.0288023416112881,0.5333333333333333,0.18421052631578946,2.876315789473684,,119,25,0.047945696014948504,0.36134453781512604,1.3328402867977789,1.0,0.15,2.945,0.134
2026-09-15,Old Dominion,Sun Belt,2026,106,24,0.033284008907971056,0.37735849056603776,1.4024901016608096,0.3333333333333333,0.3181818181818182,1.4106060606060606,,150,22,0.012050977817025516,0.32666666666666666,1.3623687429640408,0.5,0.2857142857142857,2.18961038961039,0.2
2026-09-15,Ole Miss,SEC,2026,140,23,0.27685803767549483,0.5428571428571428,1.142013776353691,0.75,0.1875,3.0375,,129,23,0.1378585757061767,0.40310077519379844,1.2762019335670447,0.6,0.29411764705882354,2.3205882352941174,0.155
2026-09-15,Oregon,Big Ten,2026,125,26,0.04942821790272396,0.384,1.566587410092808,0.8333333333333334,0.13725490196078433,3.2,,154,28,0.0018153496237937375,0.4025974025974026,1.0896122279284166,0.7,0.136986301369863,2.9383561643835616,0.123
2026-09-15,Oregon State,Pac-12,2026,145,26,0.11079361771673002,0.35172413793103446,1.634882929376421,0.6,0.07894736842105263,2.8578947368421055,,151,25,0.23748105503617364,0.4503311258278146,1.2130965561953597,0.8333333333333334,0.15853658536585366,3.0609756097560976,0.172
2026-09-15,Penn State,Big Ten,2026,138,21,0.32221678334579124,0.4782608695652174,1.2465262995318598,0.7692307692307693,0.1125,2.545,,113,21,-0.13508491768137434,0.35398230088495575,1.037253531298312,0.6666666666666666,0.30357142857142855,2.2589285714285716,0.177
2026-09-15,Pittsburgh,ACC,2026,149,24,0.19784428951403915,0.4563758389261745,1.2308974355864892,0.5833333333333334,0.22535211267605634,2.636619718309859,,113,24,-0.08140237778178047,0.3008849557522124,1.4902418071661208,0.6666666666666666,0.23684210526315788,1.2605263157894737,0.186
2026-09-15,Purdue,Big Ten,2026,158,20,0.3108941299854006,0.5,1.1304623389649444,0.8,0.16,3.1826666666666665,,117,19,0.2136557537252784,0.4188034188034188,1.51055182193848,0.625,0.21666666666666667,2.5716666666666668,0.179
2026-09-15,Rice,American Athletic,2026,129,21,0.003926867075844833,0.4186046511627907,1.061196296851244,0.6666666666666666,0.1262135922330097,3.3864077669902914,,126,19,0.0841271372543652,0.4365079365079365,1.2114703432849558,0.6,0.15384615384615385,2.7953846153846156,0.151
2026-09-15,Rutgers,Big Ten,2026,131,23,-0.05291693840878024,0.40458015267175573,1.469779676521196,0.38461538461538464,0.23728813559322035,2.716949152542373,,129,24,0.1558907367674346,0.4418604651162791,1.1203976295300062,0.75,0.18309859154929578,3.1633802816901406,0.109
2026-09-15,Sacramento State,Mid-American,2026,203,39,-0.013486306162425995,0.4088669950738916,1.1057548738363008,0.7222222222222222,0.2857142857142857,2.4824175824175825,,188,39,0.09923423696013305,0.3723404255319149,1.3377447707118555,0.5833333333333334,0.1978021978021978,2.601098901098901,0.144
2026-09-15,Sam Houston,Conference USA,2026,135,23,0.06792769200348772,0.45185185185185184,1.1803148453958008,0.5555555555555556,0.2608695652173913,2.0978260869565215,,143,25,0.08012982147440162,0.32867132867132864,1.5889012766547106,0.8,0.22972972972972974,2.918918918918919,0.203
2026-09-15,San Diego State,Pac-12,2026,121,23,-0.04136513425762041,0.3884297520661157,0.9233051483900415,0.6428571428571429,0.22666666666666666,3.1093333333333333,,148,26,0.007128891353500146,0.42567567567567566,0.9192161403297917,0.9,0.09859154929577464,3.511267605633803,0.101
2026-09-15,San José State,Mountain West,2026,213,37,0.16404115607775288,0.41784037558685444,1.2548924396738512,0.7142857142857143,0.19607843137254902,3.226470588235294,,218,36,0.07569306543146938,0.47706422018348627,0.9896230258720575,0.9,0.12643678160919541,3.1528735632183906,0.133
2026-09-15,SMU,ACC,2026,122,24,0.4587713273473277,0.5573770491803278,1.4281739344272317,0.3333333333333333,0.18867924528301888,2.9660377358490564,,131,26,-0.08462204776416807,0.3282442748091603,1.2842625511359242,0.25,0.203125,2.9375,0.183
2026-09-15,South Alabama,Sun Belt,2026,162,21,0.16853103853805293,0.4382716049382716,1.2176774412969205,0.7857142857142857,0.13541666666666666,3.31875,,89,20,0.1632686372144404,0.38202247191011235,1.780175832903859,0.42857142857142855,0.3111111111111111,1.8,0.225
2026-09-15,South Carolina,SEC,2026,142,22,0.438343965195304,0.5915492957746479,1.2175363639723062,0.8333333333333334,0.0759493670886076,4.2025316455696204,,115,24,-0.09124290900659039,0.26956521739130435,1.4126566341430444,0.4,0.24489795918367346,2.0918367346938775,0.139
2026-09-15,Southern Miss,Sun Belt,2026,145,23,0.10776425003214611,0.4896551724137931,1.006474011399464,0.8125,0.07692307692307693,3.7,,146,24,0.06083959260013439,0.3904109589041096,1.2299504868649154,0.7142857142857143,0.20238095238095238,3.2,0.137
2026-09-15,South Florida,American Athletic,2026,114,19,0.140587628627423,0.47368421052631576,1.0043796944285208,0.8571428571428571,0.22580645161290322,2.629032258064516,,140,19,-0.005883454988759246,0.44285714285714284,0.8079743699415228,0.7272727272727273,0.18666666666666668,3.0453333333333332,0.136
2026-09-15,Stanford,ACC,2026,139,24,0.16528711647074237,0.39568345323741005,1.1457214486158334,0.8571428571428571,0.1694915254237288,2.886440677966102,,145,25,0.24458484935107738,0.4482758620689655,1.3156744634857456,1.0,0.1509433962264151,2.922641509433962,0.124
2026-09-15,Syracuse,ACC,2026,165,26,0.09061803486807517,0.41818181818181815,1.3627569146430043,0.9285714285714286,0.1780821917808219,2.9397260273972603,,123,26,-0.25379058887179007,0.3089430894308943,1.00832564007365,0.75,0.2727272727272727,1.8909090909090909,0.203
2026-09-15,TCU,Big 12,2026,143,24,0.27208954739075486,0.5104895104895105,1.1928228045964784,0.8181818181818182,0.1388888888888889,3.498611111111111,,112,24,-0.1211075290029854,0.3392857142857143,0.9668444329735346,0.0,0.24528301886792453,2.3358490566037737,0.232
2026-09-15,Temple,American Athletic,2026,121,19,0.13071739838321295,0.4380165289256198,1.1366621926292704,0.8333333333333334,0.2,3.041333333333333,,126,21,0.08897436292663265,0.4126984126984127,1.1673451255258795,0.7272727272727273,0.171875,2.05,0.143
2026-09-15,Tennessee,SEC,2026,143,24,0.36633065914131246,0.5104895104895105,1.3176765686521934,0.8181818181818182,0.12222222222222222,3.716666666666667,,132,25,-0.133299706225414,0.36363636363636365,1.0633150711559853,0.6,0.17857142857142858,3.5125,0.242
2026-09-15,Texas,SEC,2026,148,20,0.2502956329255999,0.49324324324324326,1.2917938180626174,0.75,0.21333333333333335,2.7826666666666666,,137,22,0.050000138355594574,0.40145985401459855,1.2231481170189105,0.625,0.20588235294117646,2.738235294117647,0.175
2026-09-15,Texas A&M,SEC,2026,151,25,0.20301539114565498,0.4966887417218543,1.0605418819511832,1.0,0.14814814814814814,3.208641975308642,,105,25,-0.36707368492015235,0.2761904761904762,1.1434497655113145,0.5,0.25,2.2442307692307693,0.248
2026-09-15,Texas State,Pac-12,2026,153,23,0.07133416604981976,0.4444444444444444,1.0653942023826526,0.7142857142857143,0.1348314606741573,3.2168539325842698,,144,20,0.34083552826692753,0.4791666666666667,1.3393729023888385,0.7,0.24242424242424243,2.6712121212121214,0.139
2026-09-15,Texas Tech,Big 12,2026,151,25,0.23603314073143525,0.4503311258278146,1.1224683496118188,0.7857142857142857,0.16049382716049382,3.0641975308641975,,134,24,-0.011894466726235649,0.2835820895522388,1.7023564913908251,0.6666666666666666,0.16279069767441862,2.858139534883721,0.187
2026-09-15,Toledo,Mid-American,2026,118,23,0.23924590646230187,0.3898305084745763,1.8495923322833918,0.5,0.2698412698412698,2.6333333333333333,,147,25,-0.13157169724172987,0.29931972789115646,1.159274640459017,0.3333333333333333,0.22535211267605634,2.5422535211267605,0.15
2026-09-15,Troy,Sun Belt,2026,139,27,0.18322326119528756,0.3669064748201439,1.5275409306952863,0.45454545454545453,0.23376623376623376,2.918181818181818,,131,25,-0.07309036672333533,0.366412213740458,1.258450956311019,0.6666666666666666,0.35185185185185186,1.4537037037037037,0.237
2026-09-15,Tulane,American Athletic,2026,107,22,0.10564017788046957,0.3364485981308411,1.4986254812812285,0.75,0.23076923076923078,2.4134615384615383,,152,23,0.06011898109867321,0.375,1.2544088524193848,0.8333333333333334,0.1590909090909091,3.1545454545454543,0.105
2026-09-15,Tulsa,American Athletic,2026,132,23,0.0855581218000294,0.36363636363636365,1.304618216522995,1.0,0.16176470588235295,2.988235294117647,,153,23,-0.08812009797204856,0.39215686274509803,1.018737931677684,0.5384615384615384,0.1935483870967742,2.6048387096774195,0.15
2026-09-15,UAB,American Athletic,2026,148,17,0.12517964609053203,0.46621621621621623,1.126405942245425,0.8333333333333334,0.13829787234042554,3.4340425531914893,,107,18,0.08329417434843475,0.4953271028037383,1.0527084819556491,0.5454545454545454,0.15151515151515152,3.3515151515151516,0.112
2026-09-15,UCF,Big 12,2026,116,25,0.1461303427358404,0.43103448275862066,1.4198403210291637,0.6,0.16071428571428573,3.0107142857142857,,134,27,-0.099013594878991,0.291044776119403,1.1114470879006333,0.6666666666666666,0.27848101265822783,2.062025316455696,0.164
2026-09-15,UCLA,Big Ten,2026,120,26,0.24142107117552244,0.49166666666666664,1.1737632639003537,1.0,0.07042253521126761,4.164788732394366,,146,25,-0.1287180100332439,0.3219178082191781,1.2133801014622048,0.8333333333333334,0.21621621621621623,2.8027027027027027,0.192
2026-09-15,UConn,FBS Independents,2026,127,25,0.2841507501072622,0.4251968503937008,1.549718549984598,0.6666666666666666,0.20588235294117646,2.8779411764705882,,151,25,0.04680402776093564,0.37748344370860926,1.1704590494412488,0.5454545454545454,0.21875,2.5328125,0.152
2026-09-15,UL Monroe,Sun Belt,2026,134,23,-0.12741408575265062,0.3656716417910448,0.8989095633271335,0.45454545454545453,0.10256410256410256,3.2371794871794872,,148,22,0.39148276802261345,0.5472972972972973,1.2758591261242123,0.9090909090909091,0.1411764705882353,3.8341176470588234,0.128
2026-09-15,UNLV,Mountain West,2026,218,37,-0.05248930944528065,0.3532110091743119,1.1623632231536607,0.6875,0.1504424778761062,3.023008849557522,,206,35,0.14710564000270926,0.41262135922330095,1.1832290095991715,0.7777777777777778,0.15151515151515152,3.576767676767677,0.15
2026-09-15,USC,Big Ten,2026,221,30,0.3050545251396018,0.5701357466063348,1.097506176595752,0.7894736842105263,0.17796610169491525,3.2491525423728813,,155,30,0.08308021234347392,0.36774193548387096,1.3280287170782532,0.75,0.22077922077922077,2.433766233766234,0.135
2026-09-15,Utah,Big 12,2026,140,24,0.4085654273644835,0.5428571428571428,1.3590442825949345,0.7272727272727273,0.17073170731707318,3.8182926829268293,,141,24,-0.018014907820374293,0.3262411347517731,1.4369604703869312,0.8,0.16666666666666666,2.598148148148148,0.206
2026-09-15,Utah State,Pac-12,2026,147,24,-0.125510359104815,0.38095238095238093,1.3459850217275187,0.16666666666666666,0.2753623188405797,2.9695652173913043,,142,25,0.03298395912116417,0.3873239436619718,0.9975056067009984,0.6363636363636364,0.22033898305084745,2.4067796610169494,0.099
2026-09-15,UTEP,Mountain West,2026,114,25,-0.13494344677365602,0.4298245614035088,1.1795692615247384,0.4,0.2537313432835821,2.6373134328358208,,124,24,0.17973647983784447,0.4112903225806452,1.21273847936996,0.5833333333333334,0.26666666666666666,2.614666666666667,0.153
2026-09-15,UTSA,American Athletic,2026,134,23,0.34100860148757944,0.5373134328358209,1.0961411603228002,0.8,0.15,3.28,,162,25,-0.012230816535119541,0.42592592592592593,1.0332895004531055,0.5,0.12048192771084337,3.455421686746988,0.136
2026-09-15,Vanderbilt,SEC,2026,135,22,0.0770759026769088,0.4222222222222222,1.0785680522088028,0.875,0.1506849315068493,2.9712328767123286,,116,23,-0.1188975264171307,0.3275862068965517,1.3261548666811334,0.7777777777777778,0.24,2.43,0.259
2026-09-15,Virginia,ACC,2026,135,24,0.33633601159564497,0.5407407407407407,1.133641635334511,0.8666666666666667,0.16129032258064516,3.4172043010752686,,117,25,-0.3674973969331185,0.3162393162393162,0.6429044390651262,0.7142857142857143,0.21568627450980393,2.4823529411764707,0.248
2026-09-15,Virginia Tech,ACC,2026,163,25,0.3246569715301723,0.49693251533742333,1.2420419780551708,0.7,0.175,3.12625,,106,27,-0.25480730614335934,0.19811320754716982,1.6993340374331178,0.3333333333333333,0.5230769230769231,-0.40615384615384614,0.387
2026-09-15,Wake Forest,ACC,2026,137,20,0.41684734285405456,0.4744525547445255,1.3477531823845286,0.6666666666666666,0.14084507042253522,3.1169014084507043,,154,21,0.14714322533493113,0.5,0.9222951986550347,0.6,0.22857142857142856,2.857142857142857,0.143
2026-09-15,Washington,Big Ten,2026,141,24,0.03838453371429715,0.4397163120567376,0.994167021990533,0.5714285714285714,0.2542372881355932,2.6491525423728812,,115,23,-0.19702204908338372,0.3130434782608696,1.346076863245751,0.0,0.37037037037037035,2.509259259259259,0.278
2026-09-15,Washington State,Pac-12,2026,109,22,-0.22040022832758283,0.28440366972477066,1.0891204891875985,0.0,0.23214285714285715,2.7767857142857144,,140,24,0.09300014352116284,0.4642857142857143,1.226918406593459,0.6,0.17647058823529413,3.1205882352941177,0.1
2026-09-15,Western Kentucky,Conference USA,2026,158,28,-0.06666970271123328,0.36075949367088606,1.1031430607162847,0.6,0.2236842105263158,2.7289473684210526,,121,27,0.5273760342953311,0.5041322314049587,1.6223388487633628,0.9,0.17105263157894737,3.5907894736842105,0.107
2026-09-15,Western Michigan,Mid-American,2026,128,24,0.17981530059349746,0.3984375,1.2124813230554417,0.7272727272727273,0.16,2.8666666666666667,,140,22,-0.020098411711851217,0.45,0.96082370279726,0.6875,0.14925373134328357,2.962686567164179,0.143
2026-09-15,West Virginia,Big 12,2026,140,26,0.2732145325843711,0.4785714285714286,1.1936925918671564,0.8461538461538461,0.12612612612612611,3.1585585585585587,,138,24,-0.036148900779465545,0.41304347826086957,1.207286883972729,0.5714285714285714,0.3,2.3,0.217
2026-09-15,Wisconsin,Big Ten,2026,117,20,0.09728455785954927,0.38461538461538464,1.4262012820270968,0.625,0.16666666666666666,2.8733333333333335,,127,20,0.14164879253112636,0.41732283464566927,0.9995894298541818,0.75,0.07142857142857142,3.0585714285714287,0.102
2026-09-15,Wyoming,Mountain West,2026,117,23,-0.002827735068849334,0.4188034188034188,0.8959098386901093,1.0,0.1791044776119403,3.2388059701492535,,130,22,0.06489075558866486,0.4230769230769231,1.172048736832227,1.0,0.18181818181818182,2.793939393939394,0.154
