snapshot_date,team,conference,games,off_plays,off_drives,off_ppa,off_success_rate,off_explosiveness,off_power_success,off_stuff_rate,off_line_yards,off_pace,def_plays,def_drives,def_ppa,def_success_rate,def_explosiveness,def_power_success,def_stuff_rate,def_line_yards,def_havoc_total
2026-08-29,North Carolina,ACC,2026,58,10,0.1071523441641766,0.4655172413793103,0.9192743541669988,0.0,0.1481481481481481,3.425925925925926,,72,10,-0.0458685004165221,0.3333333333333333,1.216164722081157,0.8,0.1944444444444444,2.4472222222222224,0.153
2026-08-29,TCU,Big 12,2026,72,10,-0.0458685004165221,0.3333333333333333,1.216164722081157,0.8,0.1944444444444444,2.4472222222222224,,58,10,0.1071523441641766,0.4655172413793103,0.9192743541669988,0.0,0.1481481481481481,3.425925925925926,0.155
2026-09-01,Eastern Michigan,Mid-American,2026,70,14,0.0553514992622974,0.4142857142857143,1.2595736989694382,0.75,0.2068965517241379,2.627586206896552,,64,13,-0.076724785747493,0.34375,1.032446670964897,0.6666666666666666,0.4375,0.6125,0.219
2026-09-01,Florida State,ACC,2026,67,10,0.2906623399155658,0.4477611940298507,1.3213901556467058,1.0,0.1578947368421052,3.442105263157895,,67,10,0.1626567161900515,0.3432835820895522,1.6364900147680257,1.0,0.1,2.965,0.164
2026-09-01,Hawai'i,Mountain West,2026,76,14,0.0489474439856068,0.3552631578947368,1.2645184587928842,1.0,0.0952380952380952,2.9761904761904763,,73,13,0.3263404896512631,0.4520547945205479,1.2060565569259865,0.8333333333333334,0.1351351351351351,3.027027027027027,0.082
2026-09-01,Jacksonville State,Conference USA,2026,55,11,-0.323923778153237,0.3090909090909091,0.9822393646403388,0.4,0.2142857142857142,2.289285714285714,,69,10,0.2185941394571993,0.4202898550724637,1.1052351273516188,1.0,0.0952380952380952,3.342857142857143,0.101
2026-09-01,Memphis,American Athletic,2026,59,12,0.2880707494141955,0.4745762711864407,1.08802993636074,1.0,0.0606060606060606,4.03030303030303,,81,13,0.09147047509478,0.3333333333333333,1.4614148789186645,1.0,0.1764705882352941,2.752941176470588,0.185
2026-09-01,NC State,ACC,2026,51,12,-0.1438403681738571,0.3137254901960784,0.533800638173952,1.0,0.1363636363636363,3.140909090909091,,71,12,0.2726220404086543,0.4788732394366197,1.0612371845133193,0.8333333333333334,0.1428571428571428,3.305357142857143,0.056
2026-09-01,New Mexico State,Conference USA,2026,67,10,0.1626567161900515,0.3432835820895522,1.6364900147680257,1.0,0.1,2.965,,67,10,0.2906623399155658,0.4477611940298507,1.3213901556467058,1.0,0.1578947368421052,3.442105263157895,0.09
2026-09-01,North Carolina,ACC,2026,58,10,0.1071523441641766,0.4655172413793103,0.9192743541669988,0.0,0.1481481481481481,3.425925925925926,,72,10,-0.0458685004165221,0.3333333333333333,1.216164722081157,0.8,0.1944444444444444,2.4472222222222224,0.153
2026-09-01,North Dakota State,Mountain West,2026,69,10,0.2185941394571993,0.4202898550724637,1.1052351273516188,1.0,0.0952380952380952,3.342857142857143,,55,11,-0.323923778153237,0.3090909090909091,0.9822393646403388,0.4,0.2142857142857142,2.289285714285714,0.182
2026-09-01,Sacramento State,Mid-American,2026,64,13,-0.076724785747493,0.34375,1.032446670964897,0.6666666666666666,0.4375,0.6125,,70,14,0.0553514992622974,0.4142857142857143,1.2595736989694382,0.75,0.2068965517241379,2.627586206896552,0.157
2026-09-01,San José State,Mountain West,2026,57,10,0.2163991968944515,0.4385964912280701,1.221946227557394,0.0,0.217391304347826,2.6956521739130435,,77,10,0.3906446780300172,0.6623376623376623,0.8805544125995661,0.9,0.1052631578947368,3.697368421052632,0.065
2026-09-01,Stanford,ACC,2026,73,13,0.3263404896512631,0.4520547945205479,1.2060565569259865,0.8333333333333334,0.1351351351351351,3.027027027027027,,76,14,0.0489474439856068,0.3552631578947368,1.2645184587928842,1.0,0.0952380952380952,2.9761904761904763,0.184
2026-09-01,TCU,Big 12,2026,72,10,-0.0458685004165221,0.3333333333333333,1.216164722081157,0.8,0.1944444444444444,2.4472222222222224,,58,10,0.1071523441641766,0.4655172413793103,0.9192743541669988,0.0,0.1481481481481481,3.425925925925926,0.155
2026-09-01,UNLV,Mountain West,2026,81,13,0.09147047509478,0.3333333333333333,1.4614148789186645,1.0,0.1764705882352941,2.752941176470588,,59,12,0.2880707494141955,0.4745762711864407,1.08802993636074,1.0,0.0606060606060606,4.03030303030303,0.119
2026-09-01,USC,Big Ten,2026,77,10,0.3906446780300172,0.6623376623376623,0.8805544125995661,0.9,0.1052631578947368,3.697368421052632,,57,10,0.2163991968944515,0.4385964912280701,1.221946227557394,0.0,0.217391304347826,2.6956521739130435,0.123
2026-09-01,Virginia,ACC,2026,71,12,0.2726220404086543,0.4788732394366197,1.0612371845133193,0.8333333333333334,0.1428571428571428,3.305357142857143,,51,12,-0.1438403681738571,0.3137254901960784,0.533800638173952,1.0,0.1363636363636363,3.140909090909091,0.255
2026-09-02,Eastern Michigan,Mid-American,2026,70,14,0.0553514992622974,0.4142857142857143,1.2595736989694382,0.75,0.2068965517241379,2.627586206896552,,64,13,-0.076724785747493,0.34375,1.032446670964897,0.6666666666666666,0.4375,0.6125,0.219
2026-09-02,Florida State,ACC,2026,67,10,0.2906623399155658,0.4477611940298507,1.3213901556467058,1.0,0.1578947368421052,3.442105263157895,,67,10,0.1626567161900515,0.3432835820895522,1.6364900147680257,1.0,0.1,2.965,0.164
2026-09-02,Hawai'i,Mountain West,2026,76,14,0.0489474439856068,0.3552631578947368,1.2645184587928842,1.0,0.0952380952380952,2.9761904761904763,,73,13,0.3263404896512631,0.4520547945205479,1.2060565569259865,0.8333333333333334,0.1351351351351351,3.027027027027027,0.082
2026-09-02,Jacksonville State,Conference USA,2026,55,11,-0.323923778153237,0.3090909090909091,0.9822393646403388,0.4,0.2142857142857142,2.289285714285714,,69,10,0.2185941394571993,0.4202898550724637,1.1052351273516188,1.0,0.0952380952380952,3.342857142857143,0.101
2026-09-02,Memphis,American Athletic,2026,59,12,0.2880707494141955,0.4745762711864407,1.08802993636074,1.0,0.0606060606060606,4.03030303030303,,81,13,0.09147047509478,0.3333333333333333,1.4614148789186645,1.0,0.1764705882352941,2.752941176470588,0.185
2026-09-02,NC State,ACC,2026,51,12,-0.1438403681738571,0.3137254901960784,0.533800638173952,1.0,0.1363636363636363,3.140909090909091,,71,12,0.2726220404086543,0.4788732394366197,1.0612371845133193,0.8333333333333334,0.1428571428571428,3.305357142857143,0.056
2026-09-02,New Mexico State,Conference USA,2026,67,10,0.1626567161900515,0.3432835820895522,1.6364900147680257,1.0,0.1,2.965,,67,10,0.2906623399155658,0.4477611940298507,1.3213901556467058,1.0,0.1578947368421052,3.442105263157895,0.09
2026-09-02,North Carolina,ACC,2026,58,10,0.1071523441641766,0.4655172413793103,0.9192743541669988,0.0,0.1481481481481481,3.425925925925926,,72,10,-0.0458685004165221,0.3333333333333333,1.216164722081157,0.8,0.1944444444444444,2.4472222222222224,0.153
2026-09-02,North Dakota State,Mountain West,2026,69,10,0.2185941394571993,0.4202898550724637,1.1052351273516188,1.0,0.0952380952380952,3.342857142857143,,55,11,-0.323923778153237,0.3090909090909091,0.9822393646403388,0.4,0.2142857142857142,2.289285714285714,0.182
2026-09-02,Sacramento State,Mid-American,2026,64,13,-0.076724785747493,0.34375,1.032446670964897,0.6666666666666666,0.4375,0.6125,,70,14,0.0553514992622974,0.4142857142857143,1.2595736989694382,0.75,0.2068965517241379,2.627586206896552,0.157
2026-09-02,San José State,Mountain West,2026,57,10,0.2163991968944515,0.4385964912280701,1.221946227557394,0.0,0.217391304347826,2.6956521739130435,,77,10,0.3906446780300172,0.6623376623376623,0.8805544125995661,0.9,0.1052631578947368,3.697368421052632,0.065
2026-09-02,Stanford,ACC,2026,73,13,0.3263404896512631,0.4520547945205479,1.2060565569259865,0.8333333333333334,0.1351351351351351,3.027027027027027,,76,14,0.0489474439856068,0.3552631578947368,1.2645184587928842,1.0,0.0952380952380952,2.9761904761904763,0.184
2026-09-02,TCU,Big 12,2026,72,10,-0.0458685004165221,0.3333333333333333,1.216164722081157,0.8,0.1944444444444444,2.4472222222222224,,58,10,0.1071523441641766,0.4655172413793103,0.9192743541669988,0.0,0.1481481481481481,3.425925925925926,0.155
2026-09-02,UNLV,Mountain West,2026,81,13,0.09147047509478,0.3333333333333333,1.4614148789186645,1.0,0.1764705882352941,2.752941176470588,,59,12,0.2880707494141955,0.4745762711864407,1.08802993636074,1.0,0.0606060606060606,4.03030303030303,0.119
2026-09-02,USC,Big Ten,2026,77,10,0.3906446780300172,0.6623376623376623,0.8805544125995661,0.9,0.1052631578947368,3.697368421052632,,57,10,0.2163991968944515,0.4385964912280701,1.221946227557394,0.0,0.217391304347826,2.6956521739130435,0.123
2026-09-02,Virginia,ACC,2026,71,12,0.2726220404086543,0.4788732394366197,1.0612371845133193,0.8333333333333334,0.1428571428571428,3.305357142857143,,51,12,-0.1438403681738571,0.3137254901960784,0.533800638173952,1.0,0.1363636363636363,3.140909090909091,0.255
2026-09-03,Eastern Michigan,Mid-American,2026,70,14,0.0553514992622974,0.4142857142857143,1.2595736989694382,0.75,0.2068965517241379,2.627586206896552,,64,13,-0.076724785747493,0.34375,1.032446670964897,0.6666666666666666,0.4375,0.6125,0.219
2026-09-03,Florida State,ACC,2026,67,10,0.2906623399155658,0.4477611940298507,1.3213901556467058,1.0,0.1578947368421052,3.442105263157895,,67,10,0.1626567161900515,0.3432835820895522,1.6364900147680257,1.0,0.1,2.965,0.164
2026-09-03,Hawai'i,Mountain West,2026,76,14,0.0489474439856068,0.3552631578947368,1.2645184587928842,1.0,0.0952380952380952,2.9761904761904763,,73,13,0.3263404896512631,0.4520547945205479,1.2060565569259865,0.8333333333333334,0.1351351351351351,3.027027027027027,0.082
2026-09-03,Jacksonville State,Conference USA,2026,55,11,-0.323923778153237,0.3090909090909091,0.9822393646403388,0.4,0.2142857142857142,2.289285714285714,,69,10,0.2185941394571993,0.4202898550724637,1.1052351273516188,1.0,0.0952380952380952,3.342857142857143,0.101
2026-09-03,Memphis,American Athletic,2026,59,12,0.2880707494141955,0.4745762711864407,1.08802993636074,1.0,0.0606060606060606,4.03030303030303,,81,13,0.09147047509478,0.3333333333333333,1.4614148789186645,1.0,0.1764705882352941,2.752941176470588,0.185
2026-09-03,NC State,ACC,2026,51,12,-0.1438403681738571,0.3137254901960784,0.533800638173952,1.0,0.1363636363636363,3.140909090909091,,71,12,0.2726220404086543,0.4788732394366197,1.0612371845133193,0.8333333333333334,0.1428571428571428,3.305357142857143,0.056
2026-09-03,New Mexico State,Conference USA,2026,67,10,0.1626567161900515,0.3432835820895522,1.6364900147680257,1.0,0.1,2.965,,67,10,0.2906623399155658,0.4477611940298507,1.3213901556467058,1.0,0.1578947368421052,3.442105263157895,0.09
2026-09-03,North Carolina,ACC,2026,58,10,0.1071523441641766,0.4655172413793103,0.9192743541669988,0.0,0.1481481481481481,3.425925925925926,,72,10,-0.0458685004165221,0.3333333333333333,1.216164722081157,0.8,0.1944444444444444,2.4472222222222224,0.153
2026-09-03,North Dakota State,Mountain West,2026,69,10,0.2185941394571993,0.4202898550724637,1.1052351273516188,1.0,0.0952380952380952,3.342857142857143,,55,11,-0.323923778153237,0.3090909090909091,0.9822393646403388,0.4,0.2142857142857142,2.289285714285714,0.182
2026-09-03,Sacramento State,Mid-American,2026,64,13,-0.076724785747493,0.34375,1.032446670964897,0.6666666666666666,0.4375,0.6125,,70,14,0.0553514992622974,0.4142857142857143,1.2595736989694382,0.75,0.2068965517241379,2.627586206896552,0.157
2026-09-03,San José State,Mountain West,2026,57,10,0.2163991968944515,0.4385964912280701,1.221946227557394,0.0,0.217391304347826,2.6956521739130435,,77,10,0.3906446780300172,0.6623376623376623,0.8805544125995661,0.9,0.1052631578947368,3.697368421052632,0.065
2026-09-03,Stanford,ACC,2026,73,13,0.3263404896512631,0.4520547945205479,1.2060565569259865,0.8333333333333334,0.1351351351351351,3.027027027027027,,76,14,0.0489474439856068,0.3552631578947368,1.2645184587928842,1.0,0.0952380952380952,2.9761904761904763,0.184
2026-09-03,TCU,Big 12,2026,72,10,-0.0458685004165221,0.3333333333333333,1.216164722081157,0.8,0.1944444444444444,2.4472222222222224,,58,10,0.1071523441641766,0.4655172413793103,0.9192743541669988,0.0,0.1481481481481481,3.425925925925926,0.155
2026-09-03,UNLV,Mountain West,2026,81,13,0.09147047509478,0.3333333333333333,1.4614148789186645,1.0,0.1764705882352941,2.752941176470588,,59,12,0.2880707494141955,0.4745762711864407,1.08802993636074,1.0,0.0606060606060606,4.03030303030303,0.119
2026-09-03,USC,Big Ten,2026,77,10,0.3906446780300172,0.6623376623376623,0.8805544125995661,0.9,0.1052631578947368,3.697368421052632,,57,10,0.2163991968944515,0.4385964912280701,1.221946227557394,0.0,0.217391304347826,2.6956521739130435,0.123
2026-09-03,Virginia,ACC,2026,71,12,0.2726220404086543,0.4788732394366197,1.0612371845133193,0.8333333333333334,0.1428571428571428,3.305357142857143,,51,12,-0.1438403681738571,0.3137254901960784,0.533800638173952,1.0,0.1363636363636363,3.140909090909091,0.255
2026-09-04,Akron,Mid-American,2026,70,11,0.0219793074667645,0.5,0.7212615614875549,0.6,0.1818181818181818,3.1333333333333333,,68,11,0.4775889473352314,0.4264705882352941,1.5275719114401596,0.8,0.15625,3.265625,0.147
2026-09-04,Buffalo,Mid-American,2026,83,15,0.1523137913791646,0.3975903614457831,1.1454912933763308,1.0,0.1818181818181818,2.9909090909090907,,72,14,-0.0495205233949304,0.2916666666666667,1.290213068638229,0.6666666666666666,0.2857142857142857,2.35,0.194
2026-09-04,Colorado,Big 12,2026,77,10,0.052210909874857,0.3766233766233766,1.1248231734306042,1.0,0.108695652173913,2.730434782608696,,54,9,0.0740220685733517,0.3703703703703703,1.2001545717095805,0.3333333333333333,0.4444444444444444,1.903703703703704,0.204
2026-09-04,Delaware,Conference USA,2026,54,10,0.4689137120562205,0.5185185185185185,1.4645620498490888,0.6,0.2857142857142857,2.657142857142857,,49,11,-0.2154470846774114,0.2040816326530612,1.2383291176076328,0.0,0.25,1.46875,0.653
2026-09-04,Eastern Michigan,Mid-American,2026,70,14,0.0553514992622974,0.4142857142857143,1.2595736989694382,0.75,0.2068965517241379,2.627586206896552,,64,13,-0.076724785747493,0.34375,1.032446670964897,0.6666666666666666,0.4375,0.6125,0.219
2026-09-04,Florida State,ACC,2026,67,10,0.2906623399155658,0.4477611940298507,1.3213901556467058,1.0,0.1578947368421052,3.442105263157895,,67,10,0.1626567161900515,0.3432835820895522,1.6364900147680257,1.0,0.1,2.965,0.164
2026-09-04,Georgia Tech,ACC,2026,54,9,0.0740220685733517,0.3703703703703703,1.2001545717095805,0.3333333333333333,0.4444444444444444,1.903703703703704,,77,10,0.052210909874857,0.3766233766233766,1.1248231734306042,1.0,0.108695652173913,2.730434782608696,0.143
2026-09-04,Hawai'i,Mountain West,2026,76,14,0.0489474439856068,0.3552631578947368,1.2645184587928842,1.0,0.0952380952380952,2.9761904761904763,,73,13,0.3263404896512631,0.4520547945205479,1.2060565569259865,0.8333333333333334,0.1351351351351351,3.027027027027027,0.082
2026-09-04,Illinois,Big Ten,2026,44,8,0.5293505291335725,0.5681818181818182,1.3542485462010816,0.6,0.2307692307692307,2.976923076923077,,79,8,0.140459461201907,0.4430379746835443,1.2101487372066866,0.75,0.1304347826086956,3.273913043478261,0.139
2026-09-04,Jacksonville State,Conference USA,2026,55,11,-0.323923778153237,0.3090909090909091,0.9822393646403388,0.4,0.2142857142857142,2.289285714285714,,69,10,0.2185941394571993,0.4202898550724637,1.1052351273516188,1.0,0.0952380952380952,3.342857142857143,0.101
2026-09-04,Kennesaw State,Conference USA,2026,82,14,0.2889238382699472,0.573170731707317,1.1398710550423496,0.7777777777777778,0.1521739130434782,3.265217391304348,,53,14,-0.2481023479251471,0.1509433962264151,0.8919515753149165,1.0,0.25,1.8333333333333333,0.17
2026-09-04,Massachusetts,Mid-American,2026,65,12,0.3299726417466155,0.5230769230769231,1.040597861761411,0.7142857142857143,0.175,3.375,,63,12,0.2030959004306255,0.3968253968253968,1.561455323235606,0.6,0.25,1.93,0.27
2026-09-04,Memphis,American Athletic,2026,59,12,0.2880707494141955,0.4745762711864407,1.08802993636074,1.0,0.0606060606060606,4.03030303030303,,81,13,0.09147047509478,0.3333333333333333,1.4614148789186645,1.0,0.1764705882352941,2.752941176470588,0.185
2026-09-04,Minnesota,Big Ten,2026,73,10,0.3421457792096198,0.6027397260273972,0.9752231854912968,0.6666666666666666,0.2307692307692307,2.4615384615384617,,46,13,-0.3840088027265944,0.108695652173913,1.6579740660748787,0.0,0.4444444444444444,1.325925925925926,0.283
2026-09-04,Missouri,SEC,2026,79,12,0.3784876683810738,0.569620253164557,1.188936592060183,0.5714285714285714,0.1590909090909091,3.5454545454545454,,54,11,0.0889215944571755,0.2962962962962963,1.612562339274506,1.0,0.25,3.0642857142857145,0.167
2026-09-04,NC State,ACC,2026,51,12,-0.1438403681738571,0.3137254901960784,0.533800638173952,1.0,0.1363636363636363,3.140909090909091,,71,12,0.2726220404086543,0.4788732394366197,1.0612371845133193,0.8333333333333334,0.1428571428571428,3.305357142857143,0.056
2026-09-04,New Mexico State,Conference USA,2026,67,10,0.1626567161900515,0.3432835820895522,1.6364900147680257,1.0,0.1,2.965,,67,10,0.2906623399155658,0.4477611940298507,1.3213901556467058,1.0,0.1578947368421052,3.442105263157895,0.09
2026-09-04,North Carolina,ACC,2026,58,10,0.1071523441641766,0.4655172413793103,0.9192743541669988,0.0,0.1481481481481481,3.425925925925926,,72,10,-0.0458685004165221,0.3333333333333333,1.216164722081157,0.8,0.1944444444444444,2.4472222222222224,0.153
2026-09-04,North Dakota State,Mountain West,2026,69,10,0.2185941394571993,0.4202898550724637,1.1052351273516188,1.0,0.0952380952380952,3.342857142857143,,55,11,-0.323923778153237,0.3090909090909091,0.9822393646403388,0.4,0.2142857142857142,2.289285714285714,0.182
2026-09-04,Rutgers,Big Ten,2026,63,12,0.2030959004306255,0.3968253968253968,1.561455323235606,0.6,0.25,1.93,,65,12,0.3299726417466155,0.5230769230769231,1.040597861761411,0.7142857142857143,0.175,3.375,0.092
2026-09-04,Sacramento State,Mid-American,2026,64,13,-0.076724785747493,0.34375,1.032446670964897,0.6666666666666666,0.4375,0.6125,,70,14,0.0553514992622974,0.4142857142857143,1.2595736989694382,0.75,0.2068965517241379,2.627586206896552,0.157
2026-09-04,San José State,Mountain West,2026,57,10,0.2163991968944515,0.4385964912280701,1.221946227557394,0.0,0.217391304347826,2.6956521739130435,,77,10,0.3906446780300172,0.6623376623376623,0.8805544125995661,0.9,0.1052631578947368,3.697368421052632,0.065
2026-09-04,Stanford,ACC,2026,73,13,0.3263404896512631,0.4520547945205479,1.2060565569259865,0.8333333333333334,0.1351351351351351,3.027027027027027,,76,14,0.0489474439856068,0.3552631578947368,1.2645184587928842,1.0,0.0952380952380952,2.9761904761904763,0.184
2026-09-04,TCU,Big 12,2026,72,10,-0.0458685004165221,0.3333333333333333,1.216164722081157,0.8,0.1944444444444444,2.4472222222222224,,58,10,0.1071523441641766,0.4655172413793103,0.9192743541669988,0.0,0.1481481481481481,3.425925925925926,0.155
2026-09-04,UAB,American Athletic,2026,79,8,0.140459461201907,0.4430379746835443,1.2101487372066866,0.75,0.1304347826086956,3.273913043478261,,44,8,0.5293505291335725,0.5681818181818182,1.3542485462010816,0.6,0.2307692307692307,2.976923076923077,0.045
2026-09-04,UCF,Big 12,2026,62,13,0.5473526104058046,0.5645161290322581,1.4073587444433089,1.0,0.081081081081081,4.386486486486486,,62,15,-0.1629071620565535,0.2096774193548387,1.219168347266829,1.0,0.3157894736842105,1.923684210526316,0.226
2026-09-04,UNLV,Mountain West,2026,81,13,0.09147047509478,0.3333333333333333,1.4614148789186645,1.0,0.1764705882352941,2.752941176470588,,59,12,0.2880707494141955,0.4745762711864407,1.08802993636074,1.0,0.0606060606060606,4.03030303030303,0.119
2026-09-04,USC,Big Ten,2026,77,10,0.3906446780300172,0.6623376623376623,0.8805544125995661,0.9,0.1052631578947368,3.697368421052632,,57,10,0.2163991968944515,0.4385964912280701,1.221946227557394,0.0,0.217391304347826,2.6956521739130435,0.123
2026-09-04,Utah,Big 12,2026,77,13,0.5107474991645495,0.5714285714285714,1.3617321828088478,0.75,0.1428571428571428,4.116326530612245,,62,13,0.0631970574978194,0.3225806451612903,1.2942375293797448,1.0,0.2333333333333333,0.9433333333333334,0.129
2026-09-04,Virginia,ACC,2026,71,12,0.2726220404086543,0.4788732394366197,1.0612371845133193,0.8333333333333334,0.1428571428571428,3.305357142857143,,51,12,-0.1438403681738571,0.3137254901960784,0.533800638173952,1.0,0.1363636363636363,3.140909090909091,0.255
2026-09-04,Wake Forest,ACC,2026,68,11,0.4775889473352314,0.4264705882352941,1.5275719114401596,0.8,0.15625,3.265625,,70,11,0.0219793074667645,0.5,0.7212615614875549,0.6,0.1818181818181818,3.1333333333333333,0.143
2026-09-05,Air Force,Mountain West,2026,79,9,0.398894580108972,0.5443037974683544,0.9961783497840124,1.0,0.0422535211267605,4.357746478873239,,45,9,-0.248118563368299,0.2222222222222222,1.1005872277594584,1.0,0.25,2.47,0.178
2026-09-05,Akron,Mid-American,2026,70,11,0.0219793074667645,0.5,0.7212615614875549,0.6,0.1818181818181818,3.1333333333333333,,68,11,0.4775889473352314,0.4264705882352941,1.5275719114401596,0.8,0.15625,3.265625,0.147
2026-09-05,Alabama,SEC,2026,80,11,0.2921555691005923,0.525,1.1065101966937536,0.8333333333333334,0.1666666666666666,3.25,,41,12,-0.1985433161778543,0.2195121951219512,1.548265437530798,0.0,0.3684210526315789,0.131578947368421,0.122
2026-09-05,Army,American Athletic,2026,72,12,0.68581428710163,0.6527777777777778,1.287193457096531,0.8333333333333334,0.0526315789473684,4.65438596491228,,54,11,-0.1061496906379418,0.3148148148148148,0.8508825653985219,0.6666666666666666,0.2413793103448276,2.317241379310345,0.204
2026-09-05,Ball State,Mid-American,2026,62,13,-0.2423253831274824,0.2096774193548387,1.3049899715616444,0.0,0.3181818181818182,1.2,,73,12,0.6666069358406588,0.5616438356164384,1.448948844124814,0.75,0.1818181818181818,3.3181818181818183,0.11
2026-09-05,Bowling Green,Mid-American,2026,66,10,0.0370259021073696,0.4090909090909091,0.943386812281437,0.5,0.25,2.4055555555555554,,59,10,0.147050749791919,0.4067796610169492,1.1689379926880317,0.5,0.25,-0.578125,0.085
2026-09-05,Buffalo,Mid-American,2026,83,15,0.1523137913791646,0.3975903614457831,1.1454912933763308,1.0,0.1818181818181818,2.9909090909090907,,72,14,-0.0495205233949304,0.2916666666666667,1.290213068638229,0.6666666666666666,0.2857142857142857,2.35,0.194
2026-09-05,Coastal Carolina,Sun Belt,2026,65,13,0.2190866513645281,0.4307692307692308,1.513683842396193,0.6666666666666666,0.32,1.944,,77,14,0.1253120460127239,0.4155844155844156,1.017712015705272,0.75,0.15,2.725,0.117
2026-09-05,Colorado,Big 12,2026,77,10,0.052210909874857,0.3766233766233766,1.1248231734306042,1.0,0.108695652173913,2.730434782608696,,54,9,0.0740220685733517,0.3703703703703703,1.2001545717095805,0.3333333333333333,0.4444444444444444,1.903703703703704,0.204
2026-09-05,Delaware,Conference USA,2026,54,10,0.4689137120562205,0.5185185185185185,1.4645620498490888,0.6,0.2857142857142857,2.657142857142857,,49,11,-0.2154470846774114,0.2040816326530612,1.2383291176076328,0.0,0.25,1.46875,0.653
2026-09-05,East Carolina,American Athletic,2026,41,12,-0.1985433161778543,0.2195121951219512,1.548265437530798,0.0,0.3684210526315789,0.131578947368421,,80,11,0.2921555691005923,0.525,1.1065101966937536,0.8333333333333334,0.1666666666666666,3.25,0.025
2026-09-05,Eastern Michigan,Mid-American,2026,139,28,0.0137872737547518,0.3525179856115107,1.1963855437894064,0.8888888888888888,0.1851851851851851,2.401851851851852,,142,29,0.0358449996397635,0.3380281690140845,1.3282440556423494,0.6666666666666666,0.2941176470588235,2.268627450980392,0.211
2026-09-05,Florida State,ACC,2026,67,10,0.2906623399155658,0.4477611940298507,1.3213901556467058,1.0,0.1578947368421052,3.442105263157895,,67,10,0.1626567161900515,0.3432835820895522,1.6364900147680257,1.0,0.1,2.965,0.164
2026-09-05,Fresno State,Pac-12,2026,45,10,-0.3361342907596831,0.2222222222222222,1.0430569433281442,0.0,0.25,2.0458333333333334,,69,10,0.3329910433772204,0.5362318840579711,1.2523425346671877,0.6,0.2564102564102564,2.67948717948718,0.116
2026-09-05,Georgia State,Sun Belt,2026,71,12,0.506821618296269,0.5915492957746479,1.1174212531004228,0.8,0.0526315789473684,4.339473684210526,,55,12,-0.0651855131693598,0.2909090909090909,1.342072137645949,,0.2,2.852,0.2
2026-09-05,Georgia Tech,ACC,2026,54,9,0.0740220685733517,0.3703703703703703,1.2001545717095805,0.3333333333333333,0.4444444444444444,1.903703703703704,,77,10,0.052210909874857,0.3766233766233766,1.1248231734306042,1.0,0.108695652173913,2.730434782608696,0.143
2026-09-05,Hawai'i,Mountain West,2026,76,14,0.0489474439856068,0.3552631578947368,1.2645184587928842,1.0,0.0952380952380952,2.9761904761904763,,73,13,0.3263404896512631,0.4520547945205479,1.2060565569259865,0.8333333333333334,0.1351351351351351,3.027027027027027,0.082
2026-09-05,Houston,Big 12,2026,74,11,0.3122472695613982,0.5,1.2537336272714703,0.8571428571428571,0.15,3.3325,,74,12,0.1828788459074729,0.4054054054054054,1.341138665590374,0.5,0.0476190476190476,2.833333333333333,0.216
2026-09-05,Illinois,Big Ten,2026,44,8,0.5293505291335725,0.5681818181818182,1.3542485462010816,0.6,0.2307692307692307,2.976923076923077,,79,8,0.140459461201907,0.4430379746835443,1.2101487372066866,0.75,0.1304347826086956,3.273913043478261,0.139
2026-09-05,Indiana,Big Ten,2026,46,9,0.6535582337217621,0.5217391304347826,1.639593578555076,0.8,0.1333333333333333,2.4966666666666666,,69,10,0.1345556840920811,0.3478260869565217,1.5483256457053565,0.0,0.1351351351351351,2.983783783783784,0.13
2026-09-05,Iowa State,Big 12,2026,48,12,0.2446671684503538,0.3541666666666667,1.764868764741519,0.0,0.2,2.543333333333333,,69,13,-0.0746308834548494,0.2753623188405797,1.501212442308454,0.6666666666666666,0.1707317073170731,1.4048780487804875,0.246
2026-09-05,Jacksonville State,Conference USA,2026,55,11,-0.323923778153237,0.3090909090909091,0.9822393646403388,0.4,0.2142857142857142,2.289285714285714,,69,10,0.2185941394571993,0.4202898550724637,1.1052351273516188,1.0,0.0952380952380952,3.342857142857143,0.101
2026-09-05,James Madison,Sun Belt,2026,50,9,0.2797625024195963,0.38,1.2501062601953608,0.6666666666666666,0.2258064516129032,3.07741935483871,,69,9,0.028036219506202,0.3768115942028985,1.183714063723734,0.8,0.1351351351351351,2.310810810810811,0.13
2026-09-05,Kansas,Big 12,2026,78,10,0.5690429634370339,0.5897435897435898,1.298893771602378,0.5,0.0196078431372549,3.931372549019608,,54,11,-0.1761484717280324,0.2222222222222222,1.0166439202905828,1.0,0.3666666666666666,1.22,0.296
2026-09-05,Kennesaw State,Conference USA,2026,82,14,0.2889238382699472,0.573170731707317,1.1398710550423496,0.7777777777777778,0.1521739130434782,3.265217391304348,,53,14,-0.2481023479251471,0.1509433962264151,0.8919515753149165,1.0,0.25,1.8333333333333333,0.17
2026-09-05,Kent State,Mid-American,2026,49,10,-0.0389172286738203,0.2653061224489796,1.461049533469705,0.5,0.2083333333333333,2.691666666666667,,74,10,0.6786532858802291,0.6891891891891891,1.2023203723410176,0.8333333333333334,0.0769230769230769,4.033333333333333,0.068
2026-09-05,Kentucky,SEC,2026,61,11,0.5623068202509097,0.6065573770491803,1.1980918561404976,0.8,0.1818181818181818,4.121212121212121,,67,9,0.0772411219735421,0.417910447761194,1.1461380400647427,1.0,0.1923076923076923,2.0346153846153845,0.164
2026-09-05,Liberty,Conference USA,2026,69,9,0.028036219506202,0.3768115942028985,1.183714063723734,0.8,0.1351351351351351,2.310810810810811,,50,9,0.2797625024195963,0.38,1.2501062601953608,0.6666666666666666,0.2258064516129032,3.07741935483871,0.14
2026-09-05,Massachusetts,Mid-American,2026,65,12,0.3299726417466155,0.5230769230769231,1.040597861761411,0.7142857142857143,0.175,3.375,,63,12,0.2030959004306255,0.3968253968253968,1.561455323235606,0.6,0.25,1.93,0.27
2026-09-05,Memphis,American Athletic,2026,59,12,0.2880707494141955,0.4745762711864407,1.08802993636074,1.0,0.0606060606060606,4.03030303030303,,81,13,0.09147047509478,0.3333333333333333,1.4614148789186645,1.0,0.1764705882352941,2.752941176470588,0.185
2026-09-05,Miami,ACC,2026,68,11,0.4788987606391638,0.5588235294117647,1.3550002672176362,1.0,0.1875,3.0125,,66,11,0.0232269428623787,0.3333333333333333,1.0651883155299746,1.0,0.2272727272727272,2.65,0.106
2026-09-05,Miami (OH),Mid-American,2026,59,12,0.1206427203515677,0.3220338983050847,1.5498898323535988,1.0,0.1578947368421052,2.294736842105263,,77,12,0.470806382833933,0.5454545454545454,1.419127062707264,0.6,0.2,3.2466666666666666,0.078
2026-09-05,Michigan State,Big Ten,2026,85,11,0.022631845773767,0.3764705882352941,1.097389911197236,0.3333333333333333,0.2127659574468085,2.797872340425532,,42,10,0.2841846990486799,0.2857142857142857,2.3449878397908352,0.0,0.4444444444444444,1.1388888888888888,0.262
2026-09-05,Minnesota,Big Ten,2026,73,10,0.3421457792096198,0.6027397260273972,0.9752231854912968,0.6666666666666666,0.2307692307692307,2.4615384615384617,,46,13,-0.3840088027265944,0.108695652173913,1.6579740660748787,0.0,0.4444444444444444,1.325925925925926,0.283
2026-09-05,Missouri,SEC,2026,79,12,0.3784876683810738,0.569620253164557,1.188936592060183,0.5714285714285714,0.1590909090909091,3.5454545454545454,,54,11,0.0889215944571755,0.2962962962962963,1.612562339274506,1.0,0.25,3.0642857142857145,0.167
2026-09-05,NC State,ACC,2026,51,12,-0.1438403681738571,0.3137254901960784,0.533800638173952,1.0,0.1363636363636363,3.140909090909091,,71,12,0.2726220404086543,0.4788732394366197,1.0612371845133193,0.8333333333333334,0.1428571428571428,3.305357142857143,0.056
2026-09-05,Nebraska,Big Ten,2026,74,11,0.4925288347703889,0.5135135135135135,1.5427897743871417,0.8333333333333334,0.15,3.675,,68,12,0.1275262112846398,0.3529411764705882,1.3292957874323883,1.0,0.1290322580645161,3.396774193548388,0.206
2026-09-05,New Mexico State,Conference USA,2026,67,10,0.1626567161900515,0.3432835820895522,1.6364900147680257,1.0,0.1,2.965,,67,10,0.2906623399155658,0.4477611940298507,1.3213901556467058,1.0,0.1578947368421052,3.442105263157895,0.09
2026-09-05,North Carolina,ACC,2026,58,10,0.1071523441641766,0.4655172413793103,0.9192743541669988,0.0,0.1481481481481481,3.425925925925926,,72,10,-0.0458685004165221,0.3333333333333333,1.216164722081157,0.8,0.1944444444444444,2.4472222222222224,0.153
2026-09-05,North Dakota State,Mountain West,2026,69,10,0.2185941394571993,0.4202898550724637,1.1052351273516188,1.0,0.0952380952380952,3.342857142857143,,55,11,-0.323923778153237,0.3090909090909091,0.9822393646403388,0.4,0.2142857142857142,2.289285714285714,0.182
2026-09-05,North Texas,American Athletic,2026,69,10,0.1345556840920811,0.3478260869565217,1.5483256457053565,0.0,0.1351351351351351,2.983783783783784,,46,9,0.6535582337217621,0.5217391304347826,1.639593578555076,0.8,0.1333333333333333,2.4966666666666666,0.043
2026-09-05,Ohio,Mid-American,2026,68,12,0.1275262112846398,0.3529411764705882,1.3292957874323883,1.0,0.1290322580645161,3.396774193548388,,74,11,0.4925288347703889,0.5135135135135135,1.5427897743871417,0.8333333333333334,0.15,3.675,0.149
2026-09-05,Ohio State,Big Ten,2026,73,12,0.6666069358406588,0.5616438356164384,1.448948844124814,0.75,0.1818181818181818,3.3181818181818183,,62,13,-0.2423253831274824,0.2096774193548387,1.3049899715616444,,0.3181818181818182,1.2,0.226
2026-09-05,Oklahoma,SEC,2026,60,11,0.3871905835315659,0.55,1.1941828089991482,0.5714285714285714,0.2368421052631578,2.876315789473684,,59,13,-0.2514996479882435,0.3389830508474576,0.9392952091081728,0.0,0.2941176470588235,1.5676470588235294,0.263
2026-09-05,Oregon State,Pac-12,2026,74,12,0.1828788459074729,0.4054054054054054,1.341138665590374,0.5,0.0476190476190476,2.833333333333333,,74,11,0.3122472695613982,0.5,1.2537336272714703,0.8571428571428571,0.15,3.3325,0.135
2026-09-05,Pittsburgh,ACC,2026,77,12,0.470806382833933,0.5454545454545454,1.419127062707264,0.6,0.2,3.2466666666666666,,59,12,0.1206427203515677,0.3220338983050847,1.5498898323535988,1.0,0.1578947368421052,2.294736842105263,0.102
2026-09-05,Purdue,Big Ten,2026,74,10,0.3720946010569115,0.5,1.1765932198339826,1.0,0.0526315789473684,3.713157894736842,,48,10,0.0076184507009966,0.2708333333333333,2.3625129116735217,1.0,0.3809523809523809,1.7857142857142858,0.292
2026-09-05,Rutgers,Big Ten,2026,63,12,0.2030959004306255,0.3968253968253968,1.561455323235606,0.6,0.25,1.93,,65,12,0.3299726417466155,0.5230769230769231,1.040597861761411,0.7142857142857143,0.175,3.375,0.092
2026-09-05,Sacramento State,Mid-American,2026,64,13,-0.076724785747493,0.34375,1.032446670964897,0.6666666666666666,0.4375,0.6125,,70,14,0.0553514992622974,0.4142857142857143,1.2595736989694382,0.75,0.2068965517241379,2.627586206896552,0.157
2026-09-05,San José State,Mountain West,2026,135,26,0.1654454108123683,0.3777777777777777,1.403736148990978,0.5,0.2241379310344827,2.8948275862068966,,146,24,0.1926127829579521,0.4863013698630137,0.9437116819457052,0.9333333333333332,0.1269841269841269,3.0793650793650795,0.116
2026-09-05,South Carolina,SEC,2026,74,10,0.6786532858802291,0.6891891891891891,1.2023203723410176,0.8333333333333334,0.0769230769230769,4.033333333333333,,49,10,-0.0389172286738203,0.2653061224489796,1.461049533469705,0.5,0.2083333333333333,2.691666666666667,0.143
2026-09-05,Stanford,ACC,2026,139,24,0.1824160717515051,0.39568345323741,1.1497092603675816,0.8571428571428571,0.1694915254237288,2.886440677966102,,144,25,0.2519800101831199,0.4513888888888889,1.317415516025816,1.0,0.1509433962264151,2.9981132075471697,0.125
2026-09-05,Syracuse,ACC,2026,67,12,0.3873862041665926,0.5373134328358209,1.372496073651548,0.875,0.1875,3.453125,,62,13,-0.272504560301929,0.2580645161290322,0.938385892121699,0.75,0.3103448275862069,1.110344827586207,0.274
2026-09-05,TCU,Big 12,2026,72,10,-0.0458685004165221,0.3333333333333333,1.216164722081157,0.8,0.1944444444444444,2.4472222222222224,,58,10,0.1071523441641766,0.4655172413793103,0.9192743541669988,0.0,0.1481481481481481,3.425925925925926,0.155
2026-09-05,Temple,American Athletic,2026,63,10,0.1721070795898456,0.4603174603174603,1.1404891870145504,0.8571428571428571,0.1860465116279069,2.958139534883721,,62,12,-0.0383656964400792,0.3870967741935484,1.1767906357894466,0.8,0.3214285714285714,2.175,0.226
2026-09-05,Toledo,Mid-American,2026,42,10,0.2841846990486799,0.2857142857142857,2.3449878397908352,0.0,0.4444444444444444,1.1388888888888888,,85,11,0.022631845773767,0.3764705882352941,1.097389911197236,0.3333333333333333,0.2127659574468085,2.797872340425532,0.106
2026-09-05,UAB,American Athletic,2026,79,8,0.140459461201907,0.4430379746835443,1.2101487372066866,0.75,0.1304347826086956,3.273913043478261,,44,8,0.5293505291335725,0.5681818181818182,1.3542485462010816,0.6,0.2307692307692307,2.976923076923077,0.045
2026-09-05,UCF,Big 12,2026,62,13,0.5473526104058046,0.5645161290322581,1.4073587444433089,1.0,0.081081081081081,4.386486486486486,,62,15,-0.1629071620565535,0.2096774193548387,1.219168347266829,1.0,0.3157894736842105,1.923684210526316,0.226
2026-09-05,UConn,FBS Independents,2026,74,14,0.5732783853066649,0.5135135135135135,1.5911999117333786,0.3333333333333333,0.15,3.855,,72,13,-0.1583014250977013,0.2777777777777778,0.8956382174474538,0.6666666666666666,0.2142857142857142,2.3857142857142857,0.153
2026-09-05,UNLV,Mountain West,2026,81,13,0.09147047509478,0.3333333333333333,1.4614148789186645,1.0,0.1764705882352941,2.752941176470588,,59,12,0.2880707494141955,0.4745762711864407,1.08802993636074,1.0,0.0606060606060606,4.03030303030303,0.119
2026-09-05,USC,Big Ten,2026,146,20,0.363397412337942,0.6027397260273972,1.036874418468907,0.8,0.1818181818181818,3.1818181818181817,,102,20,-0.0273655770706078,0.3431372549019608,1.1708350034918942,0.0,0.2340425531914893,2.363829787234043,0.157
2026-09-05,Utah,Big 12,2026,77,13,0.5107474991645495,0.5714285714285714,1.3617321828088478,0.75,0.1428571428571428,4.116326530612245,,62,13,0.0631970574978194,0.3225806451612903,1.2942375293797448,1.0,0.2333333333333333,0.9433333333333334,0.129
2026-09-05,UTEP,Mountain West,2026,59,13,-0.2514996479882435,0.3389830508474576,0.9392952091081728,0.0,0.2941176470588235,1.5676470588235294,,60,11,0.3871905835315659,0.55,1.1941828089991482,0.5714285714285714,0.2368421052631578,2.876315789473684,0.117
2026-09-05,Virginia,ACC,2026,71,12,0.2726220404086543,0.4788732394366197,1.0612371845133193,0.8333333333333334,0.1428571428571428,3.305357142857143,,51,12,-0.1438403681738571,0.3137254901960784,0.533800638173952,1.0,0.1363636363636363,3.140909090909091,0.255
2026-09-05,Wake Forest,ACC,2026,68,11,0.4775889473352314,0.4264705882352941,1.5275719114401596,0.8,0.15625,3.265625,,70,11,0.0219793074667645,0.5,0.7212615614875549,0.6,0.1818181818181818,3.1333333333333333,0.143
2026-09-05,West Virginia,Big 12,2026,77,14,0.1253120460127239,0.4155844155844156,1.017712015705272,0.75,0.15,2.725,,65,13,0.2190866513645281,0.4307692307692308,1.513683842396193,0.6666666666666666,0.32,1.944,0.262
2026-09-08,Air Force,Mountain West,2026,79,9,0.398894580108972,0.5443037974683544,0.9961783497840124,1.0,0.0422535211267605,4.357746478873239,,45,9,-0.248118563368299,0.2222222222222222,1.1005872277594584,1.0,0.25,2.47,0.178
2026-09-08,Akron,Mid-American,2026,70,11,0.0219793074667645,0.5,0.7212615614875549,0.6,0.1818181818181818,3.103030303030303,,68,11,0.4775889473352314,0.4264705882352941,1.5275719114401596,0.8,0.15625,3.265625,0.132
2026-09-08,Alabama,SEC,2026,80,11,0.2921555691005923,0.525,1.1065101966937536,0.8333333333333334,0.1666666666666666,3.25,,41,12,-0.1985433161778543,0.2195121951219512,1.548265437530798,0.0,0.3684210526315789,0.131578947368421,0.195
2026-09-08,App State,Sun Belt,2026,74,10,0.607856950791685,0.6486486486486487,1.2037359766532605,1.0,0.1025641025641025,3.587179487179488,,61,11,-0.070753508433127,0.3114754098360656,1.2470294348667017,0.0,0.3076923076923077,1.696153846153846,0.213
2026-09-08,Arizona,Big 12,2026,74,13,0.2162055092878395,0.6081081081081081,0.9333031860410906,1.0,0.0303030303030303,4.409090909090909,,53,11,-0.2286260997681982,0.1698113207547169,1.7768342308359768,,0.4375,1.33125,0.34
2026-09-08,Arizona State,Big 12,2026,71,12,0.6811056989560571,0.5774647887323944,1.6060940675308155,1.0,0.1428571428571428,3.145714285714286,,52,12,-0.0543715412788205,0.3076923076923077,0.9935711179315884,0.6666666666666666,0.0869565217391304,3.0217391304347827,0.115
2026-09-08,Arkansas,SEC,2026,84,13,0.1762496985985374,0.5238095238095238,0.9434584968366112,0.7777777777777778,0.217391304347826,2.5804347826086955,,45,13,-0.0746171455673535,0.2666666666666666,1.053617978511065,,0.2631578947368421,1.8473684210526315,0.222
2026-09-08,Arkansas State,Sun Belt,2026,60,12,0.1251568147001252,0.5,1.25818527156254,0.8333333333333334,0.1153846153846153,3.2192307692307693,,65,12,0.4907125992882863,0.4923076923076923,1.4906452469735614,0.6,0.1276595744680851,3.546808510638298,0.092
2026-09-08,Army,American Athletic,2026,72,12,0.68581428710163,0.6527777777777778,1.287193457096531,0.8333333333333334,0.0526315789473684,4.65438596491228,,54,11,-0.1061496906379418,0.3148148148148148,0.8508825653985219,0.6666666666666666,0.2413793103448276,2.317241379310345,0.204
2026-09-08,Auburn,SEC,2026,75,13,0.028237977212608,0.3866666666666666,1.1601768480225931,1.0,0.2285714285714285,2.6742857142857144,,101,13,0.0541744150425169,0.3861386138613861,1.2316141474915536,0.4,0.2325581395348837,2.097674418604651,0.198
2026-09-08,Ball State,Mid-American,2026,62,13,-0.2423253831274824,0.2096774193548387,1.3049899715616444,0.0,0.3181818181818182,1.2,,73,12,0.6666069358406588,0.5616438356164384,1.448948844124814,0.75,0.1818181818181818,3.3181818181818183,0.11
2026-09-08,Baylor,Big 12,2026,101,13,0.0541744150425169,0.3861386138613861,1.2316141474915536,0.4,0.2325581395348837,2.097674418604651,,75,13,0.028237977212608,0.3866666666666666,1.1601768480225931,1.0,0.2285714285714285,2.6742857142857144,0.24
2026-09-08,Boise State,Pac-12,2026,67,13,0.112630052976283,0.3582089552238806,1.0180962329024892,1.0,0.1212121212121212,2.9212121212121214,,64,13,0.2770903671236243,0.453125,1.5147413609415246,0.6666666666666666,0.125,3.2375,0.156
2026-09-08,Boston College,ACC,2026,73,11,0.1148708905860701,0.3972602739726027,1.321991243096292,1.0,0.2,3.182857142857143,,62,12,0.2410406579313317,0.3870967741935484,1.255243118893256,1.0,0.0909090909090909,3.5568181818181817,0.113
2026-09-08,Bowling Green,Mid-American,2026,66,10,0.0252616008758181,0.3939393939393939,0.9845141517309268,0.5,0.25,2.308333333333333,,59,10,0.147050749791919,0.3898305084745763,1.3986920519909742,0.5,0.25,2.909375,0.085
2026-09-08,Buffalo,Mid-American,2026,83,15,0.1523137913791646,0.3975903614457831,1.1454912933763308,1.0,0.1818181818181818,2.9909090909090907,,72,14,-0.0495205233949304,0.2916666666666667,1.290213068638229,0.6666666666666666,0.2857142857142857,2.35,0.194
2026-09-08,BYU,Big 12,2026,70,11,0.5424702666968887,0.6571428571428571,1.0634948151667478,0.8333333333333334,0.0666666666666666,4.348888888888889,,57,12,-0.1092276625777366,0.3157894736842105,1.1129858127235353,1.0,0.25,1.5375,0.193
2026-09-08,California,ACC,2026,89,14,0.1330628286155295,0.3370786516853932,1.4836215579250065,0.6666666666666666,0.2051282051282051,2.528205128205128,,53,14,0.4197846779080366,0.5660377358490566,1.2513254603824528,1.0,0.0344827586206896,4.813793103448276,0.17
2026-09-08,Central Michigan,Mid-American,2026,49,10,-0.0521819579954481,0.2653061224489796,1.2713447189179048,0.6666666666666666,0.0333333333333333,2.8266666666666667,,71,10,0.2187107716098358,0.4929577464788732,0.9281654236514942,1.0,0.0714285714285714,3.657142857142857,0.085
2026-09-08,Charlotte,American Athletic,2026,78,13,0.2859972664636527,0.4615384615384615,1.4901022812832403,0.5714285714285714,0.15625,3.43125,,64,13,0.3753893366264918,0.484375,1.3295321578112234,0.8888888888888888,0.1875,3.1395833333333334,0.109
2026-09-08,Cincinnati,Big 12,2026,62,12,0.2410406579313317,0.3870967741935484,1.255243118893256,1.0,0.0909090909090909,3.5568181818181817,,73,11,0.1148708905860701,0.3972602739726027,1.321991243096292,1.0,0.2,3.182857142857143,0.233
2026-09-08,Clemson,ACC,2026,50,13,-0.2678767676397615,0.24,0.9456595506388836,0.6666666666666666,0.3181818181818182,1.9363636363636365,,95,12,0.4186847892890937,0.5368421052631579,1.335477872163365,0.7777777777777778,0.0862068965517241,3.532758620689655,0.105
2026-09-08,Coastal Carolina,Sun Belt,2026,65,13,0.2190866513645281,0.4307692307692308,1.513683842396193,0.6666666666666666,0.32,1.944,,77,14,0.1253120460127239,0.4155844155844156,1.017712015705272,0.75,0.15,2.725,0.117
2026-09-08,Colorado,Big 12,2026,77,10,0.052210909874857,0.3766233766233766,1.1248231734306042,1.0,0.108695652173913,2.730434782608696,,54,9,0.0740220685733517,0.3703703703703703,1.2001545717095805,0.3333333333333333,0.4444444444444444,1.903703703703704,0.204
2026-09-08,Colorado State,Pac-12,2026,68,11,0.3012418203750481,0.4852941176470588,1.2087905981747544,1.0,0.2121212121212121,2.4939393939393937,,55,11,-0.0251076991146114,0.4181818181818181,0.899961606833427,1.0,0.1212121212121212,3.3545454545454545,0.255
2026-09-08,Delaware,Conference USA,2026,72,15,0.395766923303369,0.4722222222222222,1.4629954002722116,0.6,0.25,2.9035714285714285,,72,14,-0.1228539521929541,0.25,1.4441213197823703,0.0,0.1818181818181818,2.0454545454545454,0.222
2026-09-08,Duke,ACC,2026,78,13,-0.0505656875484706,0.2948717948717949,1.239953895912352,1.0,0.1836734693877551,3.0408163265306123,,55,12,0.0040917519043523,0.3090909090909091,0.7971508910071232,1.0,0.1304347826086956,2.9565217391304346,0.255
2026-09-08,East Carolina,American Athletic,2026,41,12,-0.1985433161778543,0.2195121951219512,1.548265437530798,0.0,0.3684210526315789,0.131578947368421,,80,11,0.2921555691005923,0.525,1.1065101966937536,0.8333333333333334,0.1666666666666666,3.25,0.1
2026-09-08,Eastern Michigan,Mid-American,2026,139,28,0.0137872737547518,0.3525179856115107,1.1963855437894064,0.8888888888888888,0.1851851851851851,2.401851851851852,,142,29,0.0358449996397635,0.3380281690140845,1.3282440556423494,0.6666666666666666,0.2941176470588235,2.268627450980392,0.211
2026-09-08,Florida,SEC,2026,68,11,0.6214577657732879,0.5441176470588235,1.5513849234480332,1.0,0.1,3.415,,92,12,0.1079005807865989,0.4021739130434782,1.123977189197295,0.8,0.1111111111111111,2.6666666666666665,0.185
2026-09-08,Florida Atlantic,American Athletic,2026,92,12,0.1079005807865989,0.4021739130434782,1.123977189197295,0.8,0.1111111111111111,2.6666666666666665,,68,11,0.6214577657732879,0.5441176470588235,1.5513849234480332,1.0,0.1,3.415,0.103
2026-09-08,Florida International,Conference USA,2026,76,10,0.1106554334008039,0.3815789473684211,1.1286561605558318,0.5,0.25,2.4875,,58,9,-0.0627460596868576,0.4310344827586206,0.6493252074099518,0.8,0.2432432432432432,2.216216216216216,0.155
2026-09-08,Florida State,ACC,2026,134,22,0.2424691694189232,0.4104477611940298,1.3738286847147458,0.5,0.1392405063291139,3.312658227848101,,134,21,0.2678980507336072,0.4477611940298507,1.420966285728235,0.8333333333333334,0.1176470588235294,3.1549019607843136,0.127
2026-09-08,Fresno State,Pac-12,2026,45,10,-0.3361342907596831,0.2222222222222222,1.0430569433281442,0.0,0.25,2.0458333333333334,,69,10,0.3329910433772204,0.5362318840579711,1.2523425346671877,0.6,0.2564102564102564,2.67948717948718,0.116
2026-09-08,Georgia,SEC,2026,61,12,0.7432765199543512,0.7049180327868853,1.3166694327058304,1.0,0.074074074074074,4.692592592592592,,59,12,-0.098492900176064,0.3050847457627119,0.9076081443193394,0.5,0.3448275862068966,1.3448275862068966,0.169
2026-09-08,Georgia Southern,Sun Belt,2026,80,13,0.2672860733180602,0.4625,1.301211044217893,0.5,0.1212121212121212,3.4393939393939394,,63,13,-0.3198180179468932,0.1746031746031746,1.3742976064793733,1.0,0.3461538461538461,0.7115384615384616,0.651
2026-09-08,Georgia State,Sun Belt,2026,71,12,0.506821618296269,0.5915492957746479,1.1174212531004228,0.8,0.0526315789473684,4.339473684210526,,55,12,-0.0651855131693598,0.2909090909090909,1.342072137645949,,0.2,2.852,0.2
2026-09-08,Georgia Tech,ACC,2026,54,9,0.0740220685733517,0.3703703703703703,1.2001545717095805,0.3333333333333333,0.4444444444444444,1.903703703703704,,77,10,0.052210909874857,0.3766233766233766,1.1248231734306042,1.0,0.108695652173913,2.730434782608696,0.143
2026-09-08,Hawai'i,Mountain West,2026,154,25,-0.0067799020486064,0.3441558441558441,1.257467947844597,0.7777777777777778,0.14,3.396,,137,25,0.246843337573555,0.4160583941605839,1.295609264698933,0.6666666666666666,0.125,3.40875,0.102
2026-09-08,Houston,Big 12,2026,74,11,0.3122472695613982,0.5,1.2537336272714703,0.8571428571428571,0.15,3.3325,,74,12,0.1828788459074729,0.4054054054054054,1.341138665590374,0.5,0.0476190476190476,2.833333333333333,0.216
2026-09-08,Illinois,Big Ten,2026,44,8,0.5293505291335725,0.5681818181818182,1.3542485462010816,0.6,0.2307692307692307,2.976923076923077,,79,8,0.1391305222352757,0.430379746835443,1.246176627641464,0.75,0.1304347826086956,3.252173913043478,0.139
2026-09-08,Indiana,Big Ten,2026,46,9,0.6535582337217621,0.5217391304347826,1.639593578555076,0.8,0.1333333333333333,2.4966666666666666,,69,10,0.1345556840920811,0.3478260869565217,1.5483256457053565,0.0,0.1351351351351351,2.983783783783784,0.13
2026-09-08,Iowa,Big Ten,2026,79,13,0.0613173930418565,0.4177215189873418,1.2457000747090123,0.2857142857142857,0.2105263157894736,3.294736842105263,,58,15,-0.3317320736505182,0.1724137931034483,1.3677541941329785,1.0,0.28,1.668,0.207
2026-09-08,Iowa State,Big 12,2026,48,12,0.2446671684503538,0.3541666666666667,1.764868764741519,0.0,0.2,2.543333333333333,,69,13,-0.0595235618745478,0.2753623188405797,1.3903288614258686,0.6666666666666666,0.1463414634146341,2.1463414634146343,0.246
2026-09-08,Jacksonville State,Conference USA,2026,118,20,0.1409216220392592,0.4661016949152542,1.2756491209849268,0.7272727272727273,0.1551724137931034,2.9517241379310346,,127,20,0.0544449670414666,0.4015748031496063,1.1417088748135955,0.625,0.2125,2.80125,0.15
2026-09-08,James Madison,Sun Belt,2026,50,9,0.2797625024195963,0.38,1.2501062601953608,0.6666666666666666,0.2258064516129032,3.07741935483871,,69,9,0.028036219506202,0.3768115942028985,1.183714063723734,0.8,0.1351351351351351,2.310810810810811,0.13
2026-09-08,Kansas,Big 12,2026,78,10,0.5690429634370339,0.5897435897435898,1.298893771602378,0.5,0.0196078431372549,3.931372549019608,,54,11,-0.1761484717280324,0.2222222222222222,1.0166439202905828,1.0,0.3666666666666666,1.22,0.296
2026-09-08,Kansas State,Big 12,2026,72,12,0.5878935481737257,0.6527777777777778,1.2411157855790529,1.0,0.1136363636363636,3.788636363636364,,61,14,-0.2760781802900377,0.2295081967213114,1.3872082973968078,0.5,0.4102564102564102,1.2461538461538462,0.295
2026-09-08,Kennesaw State,Conference USA,2026,82,14,0.2889238382699472,0.573170731707317,1.1398710550423496,0.7777777777777778,0.1521739130434782,3.265217391304348,,53,14,-0.2481023479251471,0.1509433962264151,0.8919515753149165,1.0,0.25,1.8333333333333333,0.17
2026-09-08,Kent State,Mid-American,2026,49,10,-0.0380765202042578,0.2653061224489796,1.461049533469705,0.5,0.2083333333333333,2.7333333333333334,,74,10,0.6831768049116431,0.6891891891891891,1.208883909759148,0.8333333333333334,0.0769230769230769,4.058974358974359,0.068
2026-09-08,Kentucky,SEC,2026,61,11,0.5623068202509097,0.6065573770491803,1.1980918561404976,0.8,0.1818181818181818,4.121212121212121,,67,9,0.0772411219735421,0.417910447761194,1.1461380400647427,1.0,0.1923076923076923,2.0346153846153845,0.164
2026-09-08,Liberty,Conference USA,2026,69,9,0.028036219506202,0.3768115942028985,1.183714063723734,0.8,0.1351351351351351,2.310810810810811,,50,9,0.2797625024195963,0.38,1.2501062601953608,0.6666666666666666,0.2258064516129032,3.07741935483871,0.14
2026-09-08,Louisiana,Sun Belt,2026,68,11,0.3053660874098186,0.5441176470588235,1.155678147450766,0.75,0.1794871794871795,3.607692307692308,,62,11,-0.1221986707464751,0.4032258064516129,0.9773658675896196,0.5,0.2962962962962963,2.05925925925926,0.242
2026-09-08,Louisiana Tech,Sun Belt,2026,60,14,0.5986198567843053,0.4666666666666667,1.8154251680408937,1.0,0.1351351351351351,3.3378378378378377,,63,15,-0.2386179520556736,0.1746031746031746,1.0281713988788377,1.0,0.3181818181818182,1.3227272727272728,0.333
2026-09-08,Louisville,ACC,2026,68,13,0.3886189696343456,0.4558823529411764,1.5103542544262112,0.8,0.25,2.325,,80,13,0.2976736148603684,0.4625,1.3097367268750522,0.6363636363636364,0.1428571428571428,3.083333333333333,0.113
2026-09-08,LSU,SEC,2026,95,12,0.4186847892890937,0.5368421052631579,1.335477872163365,0.7777777777777778,0.0862068965517241,3.532758620689655,,50,13,-0.2678767676397615,0.24,0.9456595506388836,0.6666666666666666,0.3181818181818182,1.9363636363636365,0.28
2026-09-08,Marshall,Sun Belt,2026,55,12,-0.1678505565616108,0.2909090909090909,0.8874228649697032,0.5,0.4166666666666667,1.0458333333333334,,74,12,0.4220959538823401,0.5135135135135135,1.2946795341133903,0.8571428571428571,0.1363636363636363,3.1204545454545456,0.095
2026-09-08,Maryland,Big Ten,2026,79,13,0.5036550588589878,0.5949367088607594,1.2417666249097736,0.8333333333333334,0.125,4.405,,52,13,-0.2430595105951239,0.2307692307692307,0.9748639489021425,0.3333333333333333,0.3076923076923077,1.3115384615384615,0.269
2026-09-08,Massachusetts,Mid-American,2026,65,12,0.3299726417466155,0.5230769230769231,1.040597861761411,0.7142857142857143,0.175,3.375,,63,12,0.2030959004306255,0.3968253968253968,1.561455323235606,0.6,0.25,1.93,0.27
2026-09-08,Memphis,American Athletic,2026,124,24,0.3942942997514205,0.4838709677419355,1.3027581020209116,0.7142857142857143,0.1,3.74625,,141,25,0.1058050876927993,0.4042553191489361,1.354451927678599,0.8888888888888888,0.15,2.955,0.177
2026-09-08,Miami,ACC,2026,69,11,0.4612526864487724,0.5507246376811594,1.3520221510306736,1.0,0.1875,2.8875,,66,11,0.0199037664025885,0.3333333333333333,1.055218786150604,1.0,0.2272727272727272,2.65,0.106
2026-09-08,Miami (OH),Mid-American,2026,59,12,0.1140105096966495,0.3220338983050847,1.5292950729514845,1.0,0.1578947368421052,2.1894736842105265,,77,12,0.4266562668926378,0.5454545454545454,1.338185183481556,0.6,0.2,3.2466666666666666,0.078
2026-09-08,Michigan,Big Ten,2026,48,10,0.2355175415917992,0.4375,1.0790058466360366,0.75,0.0833333333333333,3.395833333333333,,70,11,-0.0368689615872864,0.3285714285714285,1.0681220061704584,0.6666666666666666,0.1818181818181818,2.6613636363636366,0.157
2026-09-08,Michigan State,Big Ten,2026,85,11,0.022631845773767,0.3764705882352941,1.097389911197236,0.3333333333333333,0.2127659574468085,2.797872340425532,,42,10,0.2841846990486799,0.2857142857142857,2.3449878397908352,0.0,0.4444444444444444,1.1388888888888888,0.262
2026-09-08,Middle Tennessee,Conference USA,2026,50,8,0.401691514611645,0.5,1.3001270636879156,0.5,0.0909090909090909,4.445454545454545,,50,9,0.1356520793081277,0.44,1.1883566697542824,0.8333333333333334,0.1481481481481481,3.1259259259259258,0.1
2026-09-08,Minnesota,Big Ten,2026,73,10,0.3421457792096198,0.6027397260273972,0.9752231854912968,0.6666666666666666,0.2307692307692307,2.4615384615384617,,46,13,-0.3840088027265944,0.108695652173913,1.6579740660748787,0.0,0.4444444444444444,1.325925925925926,0.283
2026-09-08,Mississippi State,SEC,2026,79,13,0.6380275101586687,0.5822784810126582,1.4780996639334054,1.0,0.1351351351351351,4.127027027027027,,71,13,-0.0252092266627155,0.2957746478873239,1.0528206054479607,0.4,0.1052631578947368,2.860526315789474,0.155
2026-09-08,Missouri,SEC,2026,79,12,0.3784876683810738,0.569620253164557,1.188936592060183,0.5714285714285714,0.1590909090909091,3.5454545454545454,,54,11,0.0165177642353872,0.2777777777777778,1.51228387460059,1.0,0.25,2.8321428571428573,0.167
2026-09-08,Missouri State,Conference USA,2026,41,11,-0.2441222919654586,0.1707317073170731,0.9332823449213844,0.5,0.2608695652173913,1.6434782608695653,,89,12,0.3513233344986824,0.5842696629213483,1.0755940232268968,1.0,0.1041666666666666,3.925,0.124
2026-09-08,Navy,American Athletic,2026,79,9,0.4802728873687856,0.6329113924050633,1.0216068152464193,1.0,0.0547945205479452,4.2753424657534245,,42,9,0.0528506485666738,0.2857142857142857,1.901970348855324,,0.1764705882352941,3.264705882352941,0.119
2026-09-08,NC State,ACC,2026,51,12,-0.1438403681738571,0.3137254901960784,0.533800638173952,1.0,0.1363636363636363,3.140909090909091,,71,12,0.2726220404086543,0.4788732394366197,1.0612371845133193,0.8333333333333334,0.1428571428571428,3.305357142857143,0.056
2026-09-08,Nebraska,Big Ten,2026,74,11,0.4925288347703889,0.5135135135135135,1.5427897743871417,0.8333333333333334,0.15,3.675,,68,12,0.1275262112846398,0.3529411764705882,1.3292957874323883,1.0,0.1290322580645161,3.396774193548388,0.206
2026-09-08,Nevada,Mountain West,2026,59,12,0.556278847672138,0.5084745762711864,1.6496693482013214,0.8571428571428571,0.1904761904761904,3.530952380952381,,84,12,0.0656228862120106,0.4404761904761904,0.9007840660809396,0.6666666666666666,0.1951219512195122,2.995121951219512,0.119
2026-09-08,New Mexico,Mountain West,2026,71,10,0.2187107716098358,0.4929577464788732,0.9281654236514942,1.0,0.0714285714285714,3.657142857142857,,49,10,-0.0521819579954481,0.2653061224489796,1.2713447189179048,0.6666666666666666,0.0333333333333333,2.8266666666666667,0.204
2026-09-08,New Mexico State,Conference USA,2026,133,22,0.288950842507434,0.4210526315789473,1.5581760293115774,0.6666666666666666,0.15,3.341666666666667,,126,23,0.1326270064301136,0.4047619047619047,1.2608012888937177,0.8,0.2063492063492063,3.13015873015873,0.135
2026-09-08,North Carolina,ACC,2026,58,10,0.1071523441641766,0.4655172413793103,0.9192743541669988,0.0,0.1481481481481481,3.425925925925926,,72,10,-0.0458685004165221,0.3333333333333333,1.216164722081157,0.8,0.1944444444444444,2.4472222222222224,0.153
2026-09-08,North Dakota State,Mountain West,2026,138,19,0.2389024157458295,0.4565217391304347,1.159685581066689,0.6666666666666666,0.1728395061728395,3.011111111111111,,105,21,-0.3131041177462083,0.3047619047619048,0.9891098805419768,0.5,0.2115384615384615,1.7596153846153846,0.21
2026-09-08,Northern Illinois,Mountain West,2026,58,15,-0.3317320736505182,0.1724137931034483,1.3677541941329785,1.0,0.28,1.668,,79,13,0.0613173930418565,0.4177215189873418,1.2457000747090123,0.2857142857142857,0.2105263157894736,3.294736842105263,0.114
2026-09-08,North Texas,American Athletic,2026,69,10,0.1345556840920811,0.3478260869565217,1.5483256457053565,0.0,0.1351351351351351,2.983783783783784,,46,9,0.6535582337217621,0.5217391304347826,1.639593578555076,0.8,0.1333333333333333,2.4966666666666666,0.043
2026-09-08,Northwestern,Big Ten,2026,55,11,0.4796492784465596,0.509090909090909,1.4850398029259404,1.0,0.1071428571428571,3.95,,90,12,0.1283813331936487,0.4222222222222222,1.0576414342835372,0.7777777777777778,0.131578947368421,3.305263157894737,0.189
2026-09-08,Notre Dame,FBS Independents,2026,63,10,0.34906816757153,0.4603174603174603,1.111044132357502,0.75,0.032258064516129,2.770967741935484,,61,10,0.0717450532807693,0.3770491803278688,1.2644111837126035,0.75,0.2068965517241379,2.358620689655172,0.213
2026-09-08,Ohio,Mid-American,2026,68,12,0.1275262112846398,0.3529411764705882,1.3292957874323883,1.0,0.1290322580645161,3.396774193548388,,74,11,0.4925288347703889,0.5135135135135135,1.5427897743871417,0.8333333333333334,0.15,3.675,0.149
2026-09-08,Ohio State,Big Ten,2026,73,12,0.6666069358406588,0.5616438356164384,1.448948844124814,0.75,0.1818181818181818,3.3181818181818183,,62,13,-0.2423253831274824,0.2096774193548387,1.3049899715616444,,0.3181818181818182,1.2,0.226
2026-09-08,Oklahoma,SEC,2026,60,11,0.3871905835315659,0.55,1.1941828089991482,0.5714285714285714,0.2368421052631578,2.876315789473684,,59,13,-0.2513514097581535,0.3389830508474576,0.9392952091081728,0.0,0.2941176470588235,1.5676470588235294,0.271
2026-09-08,Oklahoma State,Big 12,2026,88,12,-0.070655818794617,0.3636363636363636,1.0309825186683157,0.5,0.2222222222222222,2.7916666666666665,,58,12,0.1864318063964714,0.4137931034482758,1.0851431714647468,1.0,0.1515151515151515,2.763636363636364,0.121
2026-09-08,Old Dominion,Sun Belt,2026,57,12,0.2183864577720761,0.4210526315789473,1.403199988382679,0.3333333333333333,0.25,2.7475,,61,11,-0.2098210149796944,0.2622950819672131,1.0102859391372834,0.5,0.2368421052631578,2.281578947368421,0.246
2026-09-08,Ole Miss,SEC,2026,80,13,0.2976736148603684,0.4625,1.3097367268750522,0.6363636363636364,0.1428571428571428,3.083333333333333,,68,13,0.3886189696343456,0.4558823529411764,1.5103542544262112,0.8,0.25,2.325,0.162
2026-09-08,Oregon,Big Ten,2026,64,13,0.2770903671236243,0.453125,1.5147413609415246,0.6666666666666666,0.125,3.2375,,67,13,0.112630052976283,0.3582089552238806,1.0180962329024892,1.0,0.1212121212121212,2.9212121212121214,0.134
2026-09-08,Oregon State,Pac-12,2026,74,12,0.1828788459074729,0.4054054054054054,1.341138665590374,0.5,0.0476190476190476,2.833333333333333,,74,11,0.3122472695613982,0.5,1.2537336272714703,0.8571428571428571,0.15,3.3325,0.135
2026-09-08,Penn State,Big Ten,2026,74,12,0.4220959538823401,0.5135135135135135,1.2946795341133903,0.8571428571428571,0.1363636363636363,3.1204545454545456,,55,12,-0.1678505565616108,0.2909090909090909,0.8874228649697032,0.5,0.4166666666666667,1.0458333333333334,0.255
2026-09-08,Pittsburgh,ACC,2026,77,12,0.4266562668926378,0.5454545454545454,1.338185183481556,0.6,0.2,3.2466666666666666,,59,12,0.1140105096966495,0.3220338983050847,1.5292950729514845,1.0,0.1578947368421052,2.1894736842105265,0.102
2026-09-08,Purdue,Big Ten,2026,74,10,0.3720946010569115,0.5,1.1765932198339826,1.0,0.0526315789473684,3.713157894736842,,48,10,0.0076184507009966,0.2708333333333333,2.3625129116735217,1.0,0.3809523809523809,1.7857142857142858,0.292
2026-09-08,Rice,American Athletic,2026,82,10,0.2330716591590226,0.5365853658536586,0.9398508399655154,0.7142857142857143,0.0714285714285714,4.098571428571429,,59,9,-0.1237149255808005,0.3050847457627119,1.1672615609152817,0.3333333333333333,0.1818181818181818,2.8151515151515154,0.22
2026-09-08,Rutgers,Big Ten,2026,63,12,0.2030959004306255,0.3968253968253968,1.561455323235606,0.6,0.25,1.93,,65,12,0.3299726417466155,0.5230769230769231,1.040597861761411,0.7142857142857143,0.175,3.375,0.092
2026-09-08,Sacramento State,Mid-American,2026,136,28,0.1433571306032177,0.4117647058823529,1.2100326346283852,0.7142857142857143,0.2758620689655172,2.3344827586206898,,123,28,-0.0377164501393858,0.3170731707317073,1.249205121713904,0.8,0.1724137931034483,2.446551724137931,0.179
2026-09-08,Sam Houston,Conference USA,2026,70,12,0.1679615358354406,0.4714285714285714,1.2051346981627544,0.5,0.4,1.775,,69,14,0.1569078614264043,0.3333333333333333,1.656527031513981,0.0,0.282051282051282,2.6666666666666665,0.217
2026-09-08,San Diego State,Pac-12,2026,64,12,0.2275570300504772,0.46875,1.1621448616114909,0.5454545454545454,0.225,3.11,,81,14,0.0271101214147896,0.419753086419753,0.8928353503546071,0.8333333333333334,0.1034482758620689,3.213793103448276,0.099
2026-09-08,San José State,Mountain West,2026,135,26,0.1654454108123683,0.3777777777777777,1.403736148990978,0.5,0.2241379310344827,2.8948275862068966,,146,24,0.1926127829579521,0.4863013698630137,0.9437116819457052,0.9333333333333332,0.1269841269841269,3.0793650793650795,0.116
2026-09-08,SMU,ACC,2026,67,11,0.3731393852771628,0.5522388059701493,1.2869920757845814,0.6666666666666666,0.1290322580645161,3.2774193548387096,,67,12,0.1942759989222807,0.373134328358209,1.4367549195963938,0.3333333333333333,0.1219512195121951,3.1926829268292685,0.06
2026-09-08,South Alabama,Sun Belt,2026,88,11,0.1679081659755002,0.4204545454545454,1.1090388260054005,0.8,0.1403508771929824,3.333333333333333,,37,10,0.1680093831906549,0.4054054054054054,1.3108139148186486,0.25,0.3125,1.46875,0.297
2026-09-08,South Carolina,SEC,2026,74,10,0.6831768049116431,0.6891891891891891,1.208883909759148,0.8333333333333334,0.0769230769230769,4.058974358974359,,49,10,-0.0380765202042578,0.2653061224489796,1.461049533469705,0.5,0.2083333333333333,2.7333333333333334,0.143
2026-09-08,Southern Miss,Sun Belt,2026,85,12,0.4021821758857622,0.5882352941176471,1.0704689502182791,0.8461538461538461,0.0701754385964912,4.026315789473684,,61,13,-0.1276766015263514,0.2131147540983606,1.646759392614464,,0.3142857142857143,2.037142857142857,0.213
2026-09-08,South Florida,American Athletic,2026,58,9,-0.0627460596868576,0.4310344827586206,0.6493252074099518,0.8,0.2432432432432432,2.216216216216216,,76,10,0.1106554334008039,0.3815789473684211,1.1286561605558318,0.5,0.25,2.4875,0.158
2026-09-08,Stanford,ACC,2026,139,24,0.1808381606267126,0.39568345323741,1.1457214486158334,0.8571428571428571,0.1694915254237288,2.886440677966102,,145,25,0.245147869709458,0.4482758620689655,1.3156744634857456,1.0,0.1509433962264151,2.922641509433962,0.124
2026-09-08,Syracuse,ACC,2026,78,13,0.35126503570932,0.5256410256410257,1.3123860866084411,0.875,0.15,3.5125,,63,14,-0.2563055947546812,0.2698412698412698,0.8887481994400394,0.75,0.2333333333333333,1.6033333333333333,0.254
2026-09-08,TCU,Big 12,2026,72,10,-0.0458685004165221,0.3333333333333333,1.216164722081157,0.8,0.1944444444444444,2.4472222222222224,,58,10,0.1071523441641766,0.4655172413793103,0.9192743541669988,0.0,0.1481481481481481,3.425925925925926,0.155
2026-09-08,Temple,American Athletic,2026,63,10,0.1701631807567049,0.4603174603174603,1.1362662343770378,0.8571428571428571,0.1860465116279069,2.9465116279069767,,62,12,-0.0226790900205711,0.3870967741935484,1.1767906357894466,0.8,0.2857142857142857,2.317857142857143,0.226
2026-09-08,Tennessee,SEC,2026,74,13,0.5691980477008708,0.581081081081081,1.2840787312058908,0.8333333333333334,0.108695652173913,3.771739130434783,,60,14,-0.1261539060436249,0.25,1.167568813131016,0.0,0.2758620689655172,2.996551724137931,0.267
2026-09-08,Texas,SEC,2026,70,9,0.4586510146705653,0.5,1.579697637253443,0.8,0.2857142857142857,2.5342857142857143,,73,11,0.1390521539854218,0.410958904109589,1.1274872950767767,0.6,0.2051282051282051,2.6256410256410256,0.205
2026-09-08,Texas A&M,SEC,2026,89,12,0.3513233344986824,0.5842696629213483,1.0755940232268968,1.0,0.1041666666666666,3.925,,41,11,-0.2441222919654586,0.1707317073170731,0.9332823449213844,0.5,0.2608695652173913,1.6434782608695653,0.293
2026-09-08,Texas State,Pac-12,2026,73,11,0.1390521539854218,0.410958904109589,1.1274872950767767,0.6,0.2051282051282051,2.6256410256410256,,70,9,0.4586510146705653,0.5,1.579697637253443,0.8,0.2857142857142857,2.5342857142857143,0.171
2026-09-08,Texas Tech,Big 12,2026,74,11,0.2785300204187715,0.5,1.0471550507298784,0.7777777777777778,0.1538461538461538,3.3461538461538463,,63,10,-0.1380251385043791,0.2698412698412698,1.2673339554332412,0.5,0.1923076923076923,2.8384615384615386,0.238
2026-09-08,Toledo,Mid-American,2026,42,10,0.2841846990486799,0.2857142857142857,2.3449878397908352,0.0,0.4444444444444444,1.1388888888888888,,85,11,0.022631845773767,0.3764705882352941,1.097389911197236,0.3333333333333333,0.2127659574468085,2.797872340425532,0.106
2026-09-08,Troy,Sun Belt,2026,69,14,0.1569078614264043,0.3333333333333333,1.656527031513981,0.0,0.282051282051282,2.6666666666666665,,70,12,0.1679615358354406,0.4714285714285714,1.2051346981627544,0.5,0.4,1.775,0.229
2026-09-08,Tulane,American Athletic,2026,55,12,0.0040917519043523,0.3090909090909091,0.7971508910071232,1.0,0.1304347826086956,2.9565217391304346,,78,13,-0.0505656875484706,0.2948717948717949,1.239953895912352,1.0,0.1836734693877551,3.0408163265306123,0.09
2026-09-08,Tulsa,American Athletic,2026,58,12,0.1864318063964714,0.4137931034482758,1.0851431714647468,1.0,0.1515151515151515,2.763636363636364,,88,12,-0.070655818794617,0.3636363636363636,1.0309825186683157,0.5,0.2222222222222222,2.7916666666666665,0.102
2026-09-08,UAB,American Athletic,2026,79,8,0.1391305222352757,0.430379746835443,1.246176627641464,0.75,0.1304347826086956,3.252173913043478,,44,8,0.5293505291335725,0.5681818181818182,1.3542485462010816,0.6,0.2307692307692307,2.976923076923077,0.045
2026-09-08,UCF,Big 12,2026,62,13,0.5493339803795543,0.5645161290322581,1.4108685998253796,1.0,0.081081081081081,4.386486486486486,,62,15,-0.1629071620565535,0.2096774193548387,1.219168347266829,1.0,0.3157894736842105,1.923684210526316,0.226
2026-09-08,UCLA,Big Ten,2026,53,14,0.4197846779080366,0.5660377358490566,1.2513254603824528,1.0,0.0344827586206896,4.813793103448276,,89,14,0.1330628286155295,0.3370786516853932,1.4836215579250065,0.6666666666666666,0.2051282051282051,2.528205128205128,0.191
2026-09-08,UConn,FBS Independents,2026,74,14,0.5732783853066649,0.5135135135135135,1.5911999117333786,0.3333333333333333,0.15,3.855,,72,13,-0.1583014250977013,0.2777777777777778,0.8956382174474538,0.6666666666666666,0.2142857142857142,2.3857142857142857,0.153
2026-09-08,UL Monroe,Sun Belt,2026,71,13,-0.0252092266627155,0.2957746478873239,1.0528206054479607,0.4,0.1052631578947368,2.860526315789474,,79,13,0.6380275101586687,0.5822784810126582,1.4780996639334054,1.0,0.1351351351351351,4.127027027027027,0.101
2026-09-08,UNLV,Mountain West,2026,145,25,0.1200261378324966,0.3517241379310344,1.4413345772565798,0.6666666666666666,0.1428571428571428,3.3025974025974025,,137,23,0.0892851354528906,0.3941605839416058,1.1660859456751205,0.7142857142857143,0.1129032258064516,3.875806451612904,0.168
2026-09-08,USC,Big Ten,2026,146,20,0.363397412337942,0.6027397260273972,1.036874418468907,0.8,0.1818181818181818,3.1818181818181817,,102,20,-0.0273655770706078,0.3431372549019608,1.1708350034918942,0.0,0.2340425531914893,2.363829787234043,0.157
2026-09-08,Utah,Big 12,2026,77,13,0.5107474991645495,0.5714285714285714,1.3617321828088478,0.75,0.1428571428571428,4.116326530612245,,62,13,0.1373547685990896,0.3387096774193548,1.262352149239576,1.0,0.2,2.256666666666667,0.129
2026-09-08,Utah State,Pac-12,2026,89,12,0.0953408762518156,0.4269662921348314,1.1945320367732557,0.25,0.1627906976744186,3.4511627906976745,,65,13,0.0339441781809636,0.3538461538461538,1.0966029950577263,0.6666666666666666,0.1785714285714285,2.242857142857143,0.092
2026-09-08,UTEP,Mountain West,2026,59,13,-0.2513514097581535,0.3389830508474576,0.9392952091081728,0.0,0.2941176470588235,1.5676470588235294,,60,11,0.3871905835315659,0.55,1.1941828089991482,0.5714285714285714,0.2368421052631578,2.876315789473684,0.117
2026-09-08,UTSA,American Athletic,2026,60,12,0.5144231919895464,0.6333333333333333,1.0998644890074278,1.0,0.1034482758620689,3.7655172413793103,,82,13,-0.0637788059466083,0.3780487804878049,1.0540254394047484,0.3333333333333333,0.1818181818181818,3.118181818181818,0.183
2026-09-08,Vanderbilt,SEC,2026,63,8,0.2825170243631735,0.4761904761904761,1.061975081924216,0.75,0.081081081081081,3.5,,47,10,0.0290448960751272,0.3404255319148936,1.186345828828299,1.0,0.2105263157894736,3.226315789473684,0.128
2026-09-08,Virginia,ACC,2026,71,12,0.2726220404086543,0.4788732394366197,1.0612371845133193,0.8333333333333334,0.1428571428571428,3.305357142857143,,51,12,-0.1438403681738571,0.3137254901960784,0.533800638173952,1.0,0.1363636363636363,3.140909090909091,0.255
2026-09-08,Virginia Tech,ACC,2026,74,14,0.5374711897037322,0.6486486486486487,1.1019539523073911,0.9,0.024390243902439,4.102439024390244,,57,15,-0.4448745270780552,0.087719298245614,1.8471598449248687,,0.5897435897435898,-0.2461538461538461,0.386
2026-09-08,Wake Forest,ACC,2026,68,11,0.4775889473352314,0.4264705882352941,1.5275719114401596,0.8,0.15625,3.265625,,70,11,0.0219793074667645,0.5,0.7212615614875549,0.6,0.1818181818181818,3.103030303030303,0.143
2026-09-08,Washington,Big Ten,2026,64,12,0.0779716429331925,0.46875,1.0665805293728612,0.5,0.25,2.753571428571429,,58,11,-0.0327383497923566,0.3103448275862069,1.0264346254160943,,0.3103448275862069,2.310344827586207,0.293
2026-09-08,Washington State,Pac-12,2026,58,11,-0.0327383497923566,0.3103448275862069,1.0264346254160943,0.0,0.3103448275862069,2.310344827586207,,64,12,0.0779716429331925,0.46875,1.0665805293728612,0.5,0.25,2.753571428571429,0.078
2026-09-08,Western Kentucky,Conference USA,2026,84,12,0.0656228862120106,0.4404761904761904,0.9007840660809396,0.6666666666666666,0.1951219512195122,2.995121951219512,,59,12,0.556278847672138,0.5084745762711864,1.6496693482013214,0.8571428571428571,0.1904761904761904,3.530952380952381,0.068
2026-09-08,Western Michigan,Mid-American,2026,70,11,-0.0368689615872864,0.3285714285714285,1.0681220061704584,0.6666666666666666,0.1818181818181818,2.6613636363636366,,48,10,0.2355175415917992,0.4375,1.0790058466360366,0.75,0.0833333333333333,3.395833333333333,0.167
2026-09-08,West Virginia,Big 12,2026,77,14,0.1253120460127239,0.4155844155844156,1.017712015705272,0.75,0.15,2.725,,65,13,0.2190866513645281,0.4307692307692308,1.513683842396193,0.6666666666666666,0.32,1.944,0.262
2026-09-08,Wisconsin,Big Ten,2026,61,10,0.0717450532807693,0.3770491803278688,1.2644111837126035,0.75,0.2068965517241379,2.358620689655172,,63,10,0.34906816757153,0.4603174603174603,1.111044132357502,0.75,0.032258064516129,2.770967741935484,0.111
2026-09-08,Wyoming,Mountain West,2026,55,11,-0.0251076991146114,0.4181818181818181,0.899961606833427,1.0,0.1212121212121212,3.3545454545454545,,68,11,0.3012418203750481,0.4852941176470588,1.2087905981747544,1.0,0.2121212121212121,2.4939393939393937,0.118
2026-09-09,Air Force,Mountain West,2026,79,9,0.398894580108972,0.5443037974683544,0.9961783497840124,1.0,0.0422535211267605,4.357746478873239,,45,9,-0.248118563368299,0.2222222222222222,1.1005872277594584,1.0,0.25,2.47,0.178
2026-09-09,Akron,Mid-American,2026,70,11,0.0219793074667645,0.5,0.7212615614875549,0.6,0.1818181818181818,3.103030303030303,,68,11,0.4775889473352314,0.4264705882352941,1.5275719114401596,0.8,0.15625,3.265625,0.132
2026-09-09,Alabama,SEC,2026,80,11,0.2921555691005923,0.525,1.1065101966937536,0.8333333333333334,0.1666666666666666,3.25,,41,12,-0.1985433161778543,0.2195121951219512,1.548265437530798,0.0,0.3684210526315789,0.131578947368421,0.195
2026-09-09,App State,Sun Belt,2026,74,10,0.607856950791685,0.6486486486486487,1.2037359766532605,1.0,0.1025641025641025,3.587179487179488,,61,11,-0.070753508433127,0.3114754098360656,1.2470294348667017,0.0,0.3076923076923077,1.696153846153846,0.213
2026-09-09,Arizona,Big 12,2026,74,13,0.2162055092878395,0.6081081081081081,0.9333031860410906,1.0,0.0303030303030303,4.409090909090909,,53,11,-0.2286260997681982,0.1698113207547169,1.7768342308359768,,0.4375,1.33125,0.34
2026-09-09,Arizona State,Big 12,2026,71,12,0.6811056989560571,0.5774647887323944,1.6060940675308155,1.0,0.1428571428571428,3.145714285714286,,52,12,-0.0543715412788205,0.3076923076923077,0.9935711179315884,0.6666666666666666,0.0869565217391304,3.0217391304347827,0.115
2026-09-09,Arkansas,SEC,2026,84,13,0.1762496985985374,0.5238095238095238,0.9434584968366112,0.7777777777777778,0.217391304347826,2.5804347826086955,,45,13,-0.0746171455673535,0.2666666666666666,1.053617978511065,,0.2631578947368421,1.8473684210526315,0.222
2026-09-09,Arkansas State,Sun Belt,2026,60,12,0.1251568147001252,0.5,1.25818527156254,0.8333333333333334,0.1153846153846153,3.2192307692307693,,65,12,0.4907125992882863,0.4923076923076923,1.4906452469735614,0.6,0.1276595744680851,3.546808510638298,0.092
2026-09-09,Army,American Athletic,2026,72,12,0.68581428710163,0.6527777777777778,1.287193457096531,0.8333333333333334,0.0526315789473684,4.65438596491228,,54,11,-0.1061496906379418,0.3148148148148148,0.8508825653985219,0.6666666666666666,0.2413793103448276,2.317241379310345,0.204
2026-09-09,Auburn,SEC,2026,75,13,0.028237977212608,0.3866666666666666,1.1601768480225931,1.0,0.2285714285714285,2.6742857142857144,,101,13,0.0541744150425169,0.3861386138613861,1.2316141474915536,0.4,0.2325581395348837,2.097674418604651,0.198
2026-09-09,Ball State,Mid-American,2026,62,13,-0.2423253831274824,0.2096774193548387,1.3049899715616444,0.0,0.3181818181818182,1.2,,73,12,0.6666069358406588,0.5616438356164384,1.448948844124814,0.75,0.1818181818181818,3.3181818181818183,0.11
2026-09-09,Baylor,Big 12,2026,101,13,0.0541744150425169,0.3861386138613861,1.2316141474915536,0.4,0.2325581395348837,2.097674418604651,,75,13,0.028237977212608,0.3866666666666666,1.1601768480225931,1.0,0.2285714285714285,2.6742857142857144,0.24
2026-09-09,Boise State,Pac-12,2026,67,13,0.112630052976283,0.3582089552238806,1.0180962329024892,1.0,0.1212121212121212,2.9212121212121214,,64,13,0.2770903671236243,0.453125,1.5147413609415246,0.6666666666666666,0.125,3.2375,0.156
2026-09-09,Boston College,ACC,2026,73,11,0.1148708905860701,0.3972602739726027,1.321991243096292,1.0,0.2,3.182857142857143,,62,12,0.2410406579313317,0.3870967741935484,1.255243118893256,1.0,0.0909090909090909,3.5568181818181817,0.113
2026-09-09,Bowling Green,Mid-American,2026,66,10,0.0252616008758181,0.3939393939393939,0.9845141517309268,0.5,0.25,2.308333333333333,,59,10,0.147050749791919,0.3898305084745763,1.3986920519909742,0.5,0.25,2.909375,0.085
2026-09-09,Buffalo,Mid-American,2026,83,15,0.1523137913791646,0.3975903614457831,1.1454912933763308,1.0,0.1818181818181818,2.9909090909090907,,72,14,-0.0495205233949304,0.2916666666666667,1.290213068638229,0.6666666666666666,0.2857142857142857,2.35,0.194
2026-09-09,BYU,Big 12,2026,70,11,0.5424702666968887,0.6571428571428571,1.0634948151667478,0.8333333333333334,0.0666666666666666,4.348888888888889,,57,12,-0.1092276625777366,0.3157894736842105,1.1129858127235353,1.0,0.25,1.5375,0.193
2026-09-09,California,ACC,2026,89,14,0.1330628286155295,0.3370786516853932,1.4836215579250065,0.6666666666666666,0.2051282051282051,2.528205128205128,,53,14,0.4197846779080366,0.5660377358490566,1.2513254603824528,1.0,0.0344827586206896,4.813793103448276,0.17
2026-09-09,Central Michigan,Mid-American,2026,49,10,-0.0521819579954481,0.2653061224489796,1.2713447189179048,0.6666666666666666,0.0333333333333333,2.8266666666666667,,71,10,0.2187107716098358,0.4929577464788732,0.9281654236514942,1.0,0.0714285714285714,3.657142857142857,0.085
2026-09-09,Charlotte,American Athletic,2026,78,13,0.2859972664636527,0.4615384615384615,1.4901022812832403,0.5714285714285714,0.15625,3.43125,,64,13,0.3753893366264918,0.484375,1.3295321578112234,0.8888888888888888,0.1875,3.1395833333333334,0.109
2026-09-09,Cincinnati,Big 12,2026,62,12,0.2410406579313317,0.3870967741935484,1.255243118893256,1.0,0.0909090909090909,3.5568181818181817,,73,11,0.1148708905860701,0.3972602739726027,1.321991243096292,1.0,0.2,3.182857142857143,0.233
2026-09-09,Clemson,ACC,2026,50,13,-0.2678767676397615,0.24,0.9456595506388836,0.6666666666666666,0.3181818181818182,1.9363636363636365,,95,12,0.4186847892890937,0.5368421052631579,1.335477872163365,0.7777777777777778,0.0862068965517241,3.532758620689655,0.105
2026-09-09,Coastal Carolina,Sun Belt,2026,65,13,0.2190866513645281,0.4307692307692308,1.513683842396193,0.6666666666666666,0.32,1.944,,77,14,0.1253120460127239,0.4155844155844156,1.017712015705272,0.75,0.15,2.725,0.117
2026-09-09,Colorado,Big 12,2026,77,10,0.052210909874857,0.3766233766233766,1.1248231734306042,1.0,0.108695652173913,2.730434782608696,,54,9,0.0740220685733517,0.3703703703703703,1.2001545717095805,0.3333333333333333,0.4444444444444444,1.903703703703704,0.204
2026-09-09,Colorado State,Pac-12,2026,68,11,0.3012418203750481,0.4852941176470588,1.2087905981747544,1.0,0.2121212121212121,2.4939393939393937,,55,11,-0.0251076991146114,0.4181818181818181,0.899961606833427,1.0,0.1212121212121212,3.3545454545454545,0.255
2026-09-09,Delaware,Conference USA,2026,72,15,0.395766923303369,0.4722222222222222,1.4629954002722116,0.6,0.25,2.9035714285714285,,72,14,-0.1228539521929541,0.25,1.4441213197823703,0.0,0.1818181818181818,2.0454545454545454,0.222
2026-09-09,Duke,ACC,2026,78,13,-0.0505656875484706,0.2948717948717949,1.239953895912352,1.0,0.1836734693877551,3.0408163265306123,,55,12,0.0040917519043523,0.3090909090909091,0.7971508910071232,1.0,0.1304347826086956,2.9565217391304346,0.255
2026-09-09,East Carolina,American Athletic,2026,41,12,-0.1985433161778543,0.2195121951219512,1.548265437530798,0.0,0.3684210526315789,0.131578947368421,,80,11,0.2921555691005923,0.525,1.1065101966937536,0.8333333333333334,0.1666666666666666,3.25,0.1
2026-09-09,Eastern Michigan,Mid-American,2026,139,28,0.0137872737547518,0.3525179856115107,1.1963855437894064,0.8888888888888888,0.1851851851851851,2.401851851851852,,142,29,0.0358449996397635,0.3380281690140845,1.3282440556423494,0.6666666666666666,0.2941176470588235,2.268627450980392,0.211
2026-09-09,Florida,SEC,2026,68,11,0.6214577657732879,0.5441176470588235,1.5513849234480332,1.0,0.1,3.415,,92,12,0.1079005807865989,0.4021739130434782,1.123977189197295,0.8,0.1111111111111111,2.6666666666666665,0.185
2026-09-09,Florida Atlantic,American Athletic,2026,92,12,0.1079005807865989,0.4021739130434782,1.123977189197295,0.8,0.1111111111111111,2.6666666666666665,,68,11,0.6214577657732879,0.5441176470588235,1.5513849234480332,1.0,0.1,3.415,0.103
2026-09-09,Florida International,Conference USA,2026,76,10,0.1106554334008039,0.3815789473684211,1.1286561605558318,0.5,0.25,2.4875,,58,9,-0.0627460596868576,0.4310344827586206,0.6493252074099518,0.8,0.2432432432432432,2.216216216216216,0.155
2026-09-09,Florida State,ACC,2026,134,22,0.2424691694189232,0.4104477611940298,1.3738286847147458,0.5,0.1392405063291139,3.312658227848101,,134,21,0.2678980507336072,0.4477611940298507,1.420966285728235,0.8333333333333334,0.1176470588235294,3.1549019607843136,0.127
2026-09-09,Fresno State,Pac-12,2026,45,10,-0.3361342907596831,0.2222222222222222,1.0430569433281442,0.0,0.25,2.0458333333333334,,69,10,0.3329910433772204,0.5362318840579711,1.2523425346671877,0.6,0.2564102564102564,2.67948717948718,0.116
2026-09-09,Georgia,SEC,2026,61,12,0.7432765199543512,0.7049180327868853,1.3166694327058304,1.0,0.074074074074074,4.692592592592592,,59,12,-0.098492900176064,0.3050847457627119,0.9076081443193394,0.5,0.3448275862068966,1.3448275862068966,0.169
2026-09-09,Georgia Southern,Sun Belt,2026,80,13,0.2672860733180602,0.4625,1.301211044217893,0.5,0.1212121212121212,3.4393939393939394,,63,13,-0.3198180179468932,0.1746031746031746,1.3742976064793733,1.0,0.3461538461538461,0.7115384615384616,0.651
2026-09-09,Georgia State,Sun Belt,2026,71,12,0.506821618296269,0.5915492957746479,1.1174212531004228,0.8,0.0526315789473684,4.339473684210526,,55,12,-0.0651855131693598,0.2909090909090909,1.342072137645949,,0.2,2.852,0.2
2026-09-09,Georgia Tech,ACC,2026,54,9,0.0740220685733517,0.3703703703703703,1.2001545717095805,0.3333333333333333,0.4444444444444444,1.903703703703704,,77,10,0.052210909874857,0.3766233766233766,1.1248231734306042,1.0,0.108695652173913,2.730434782608696,0.143
2026-09-09,Hawai'i,Mountain West,2026,154,25,-0.0067799020486064,0.3441558441558441,1.257467947844597,0.7777777777777778,0.14,3.396,,137,25,0.246843337573555,0.4160583941605839,1.295609264698933,0.6666666666666666,0.125,3.40875,0.102
2026-09-09,Houston,Big 12,2026,74,11,0.3122472695613982,0.5,1.2537336272714703,0.8571428571428571,0.15,3.3325,,74,12,0.1828788459074729,0.4054054054054054,1.341138665590374,0.5,0.0476190476190476,2.833333333333333,0.216
2026-09-09,Illinois,Big Ten,2026,44,8,0.5293505291335725,0.5681818181818182,1.3542485462010816,0.6,0.2307692307692307,2.976923076923077,,79,8,0.1391305222352757,0.430379746835443,1.246176627641464,0.75,0.1304347826086956,3.252173913043478,0.139
2026-09-09,Indiana,Big Ten,2026,46,9,0.6535582337217621,0.5217391304347826,1.639593578555076,0.8,0.1333333333333333,2.4966666666666666,,69,10,0.1345556840920811,0.3478260869565217,1.5483256457053565,0.0,0.1351351351351351,2.983783783783784,0.13
2026-09-09,Iowa,Big Ten,2026,79,13,0.0613173930418565,0.4177215189873418,1.2457000747090123,0.2857142857142857,0.2105263157894736,3.294736842105263,,58,15,-0.3317320736505182,0.1724137931034483,1.3677541941329785,1.0,0.28,1.668,0.207
2026-09-09,Iowa State,Big 12,2026,48,12,0.2446671684503538,0.3541666666666667,1.764868764741519,0.0,0.2,2.543333333333333,,69,13,-0.0595235618745478,0.2753623188405797,1.3903288614258686,0.6666666666666666,0.1463414634146341,2.1463414634146343,0.246
2026-09-09,Jacksonville State,Conference USA,2026,118,20,0.1409216220392592,0.4661016949152542,1.2756491209849268,0.7272727272727273,0.1551724137931034,2.9517241379310346,,127,20,0.0544449670414666,0.4015748031496063,1.1417088748135955,0.625,0.2125,2.80125,0.15
2026-09-09,James Madison,Sun Belt,2026,50,9,0.2797625024195963,0.38,1.2501062601953608,0.6666666666666666,0.2258064516129032,3.07741935483871,,69,9,0.028036219506202,0.3768115942028985,1.183714063723734,0.8,0.1351351351351351,2.310810810810811,0.13
2026-09-09,Kansas,Big 12,2026,78,10,0.5690429634370339,0.5897435897435898,1.298893771602378,0.5,0.0196078431372549,3.931372549019608,,54,11,-0.1761484717280324,0.2222222222222222,1.0166439202905828,1.0,0.3666666666666666,1.22,0.296
2026-09-09,Kansas State,Big 12,2026,72,12,0.5878935481737257,0.6527777777777778,1.2411157855790529,1.0,0.1136363636363636,3.788636363636364,,61,14,-0.2760781802900377,0.2295081967213114,1.3872082973968078,0.5,0.4102564102564102,1.2461538461538462,0.295
2026-09-09,Kennesaw State,Conference USA,2026,82,14,0.2889238382699472,0.573170731707317,1.1398710550423496,0.7777777777777778,0.1521739130434782,3.265217391304348,,53,14,-0.2481023479251471,0.1509433962264151,0.8919515753149165,1.0,0.25,1.8333333333333333,0.17
2026-09-09,Kent State,Mid-American,2026,49,10,-0.0380765202042578,0.2653061224489796,1.461049533469705,0.5,0.2083333333333333,2.7333333333333334,,74,10,0.6831768049116431,0.6891891891891891,1.208883909759148,0.8333333333333334,0.0769230769230769,4.058974358974359,0.068
2026-09-09,Kentucky,SEC,2026,61,11,0.5623068202509097,0.6065573770491803,1.1980918561404976,0.8,0.1818181818181818,4.121212121212121,,67,9,0.0772411219735421,0.417910447761194,1.1461380400647427,1.0,0.1923076923076923,2.0346153846153845,0.164
2026-09-09,Liberty,Conference USA,2026,69,9,0.028036219506202,0.3768115942028985,1.183714063723734,0.8,0.1351351351351351,2.310810810810811,,50,9,0.2797625024195963,0.38,1.2501062601953608,0.6666666666666666,0.2258064516129032,3.07741935483871,0.14
2026-09-09,Louisiana,Sun Belt,2026,68,11,0.3053660874098186,0.5441176470588235,1.155678147450766,0.75,0.1794871794871795,3.607692307692308,,62,11,-0.1221986707464751,0.4032258064516129,0.9773658675896196,0.5,0.2962962962962963,2.05925925925926,0.242
2026-09-09,Louisiana Tech,Sun Belt,2026,60,14,0.5986198567843053,0.4666666666666667,1.8154251680408937,1.0,0.1351351351351351,3.3378378378378377,,63,15,-0.2386179520556736,0.1746031746031746,1.0281713988788377,1.0,0.3181818181818182,1.3227272727272728,0.333
2026-09-09,Louisville,ACC,2026,68,13,0.3886189696343456,0.4558823529411764,1.5103542544262112,0.8,0.25,2.325,,80,13,0.2976736148603684,0.4625,1.3097367268750522,0.6363636363636364,0.1428571428571428,3.083333333333333,0.113
2026-09-09,LSU,SEC,2026,95,12,0.4186847892890937,0.5368421052631579,1.335477872163365,0.7777777777777778,0.0862068965517241,3.532758620689655,,50,13,-0.2678767676397615,0.24,0.9456595506388836,0.6666666666666666,0.3181818181818182,1.9363636363636365,0.28
2026-09-09,Marshall,Sun Belt,2026,55,12,-0.1678505565616108,0.2909090909090909,0.8874228649697032,0.5,0.4166666666666667,1.0458333333333334,,74,12,0.4220959538823401,0.5135135135135135,1.2946795341133903,0.8571428571428571,0.1363636363636363,3.1204545454545456,0.095
2026-09-09,Maryland,Big Ten,2026,79,13,0.5036550588589878,0.5949367088607594,1.2417666249097736,0.8333333333333334,0.125,4.405,,52,13,-0.2430595105951239,0.2307692307692307,0.9748639489021425,0.3333333333333333,0.3076923076923077,1.3115384615384615,0.269
2026-09-09,Massachusetts,Mid-American,2026,65,12,0.3299726417466155,0.5230769230769231,1.040597861761411,0.7142857142857143,0.175,3.375,,63,12,0.2030959004306255,0.3968253968253968,1.561455323235606,0.6,0.25,1.93,0.27
2026-09-09,Memphis,American Athletic,2026,124,24,0.3942942997514205,0.4838709677419355,1.3027581020209116,0.7142857142857143,0.1,3.74625,,141,25,0.1058050876927993,0.4042553191489361,1.354451927678599,0.8888888888888888,0.15,2.955,0.177
2026-09-09,Miami,ACC,2026,69,11,0.4612526864487724,0.5507246376811594,1.3520221510306736,1.0,0.1875,2.8875,,66,11,0.0199037664025885,0.3333333333333333,1.055218786150604,1.0,0.2272727272727272,2.65,0.106
2026-09-09,Miami (OH),Mid-American,2026,59,12,0.1140105096966495,0.3220338983050847,1.5292950729514845,1.0,0.1578947368421052,2.1894736842105265,,77,12,0.4266562668926378,0.5454545454545454,1.338185183481556,0.6,0.2,3.2466666666666666,0.078
2026-09-09,Michigan,Big Ten,2026,48,10,0.2355175415917992,0.4375,1.0790058466360366,0.75,0.0833333333333333,3.395833333333333,,70,11,-0.0368689615872864,0.3285714285714285,1.0681220061704584,0.6666666666666666,0.1818181818181818,2.6613636363636366,0.157
2026-09-09,Michigan State,Big Ten,2026,85,11,0.022631845773767,0.3764705882352941,1.097389911197236,0.3333333333333333,0.2127659574468085,2.797872340425532,,42,10,0.2841846990486799,0.2857142857142857,2.3449878397908352,0.0,0.4444444444444444,1.1388888888888888,0.262
2026-09-09,Middle Tennessee,Conference USA,2026,50,8,0.401691514611645,0.5,1.3001270636879156,0.5,0.0909090909090909,4.445454545454545,,50,9,0.1356520793081277,0.44,1.1883566697542824,0.8333333333333334,0.1481481481481481,3.1259259259259258,0.1
2026-09-09,Minnesota,Big Ten,2026,73,10,0.3421457792096198,0.6027397260273972,0.9752231854912968,0.6666666666666666,0.2307692307692307,2.4615384615384617,,46,13,-0.3840088027265944,0.108695652173913,1.6579740660748787,0.0,0.4444444444444444,1.325925925925926,0.283
2026-09-09,Mississippi State,SEC,2026,79,13,0.6380275101586687,0.5822784810126582,1.4780996639334054,1.0,0.1351351351351351,4.127027027027027,,71,13,-0.0252092266627155,0.2957746478873239,1.0528206054479607,0.4,0.1052631578947368,2.860526315789474,0.155
2026-09-09,Missouri,SEC,2026,79,12,0.3784876683810738,0.569620253164557,1.188936592060183,0.5714285714285714,0.1590909090909091,3.5454545454545454,,54,11,0.0165177642353872,0.2777777777777778,1.51228387460059,1.0,0.25,2.8321428571428573,0.167
2026-09-09,Missouri State,Conference USA,2026,41,11,-0.2441222919654586,0.1707317073170731,0.9332823449213844,0.5,0.2608695652173913,1.6434782608695653,,89,12,0.3513233344986824,0.5842696629213483,1.0755940232268968,1.0,0.1041666666666666,3.925,0.124
2026-09-09,Navy,American Athletic,2026,79,9,0.4802728873687856,0.6329113924050633,1.0216068152464193,1.0,0.0547945205479452,4.2753424657534245,,42,9,0.0528506485666738,0.2857142857142857,1.901970348855324,,0.1764705882352941,3.264705882352941,0.119
2026-09-09,NC State,ACC,2026,51,12,-0.1438403681738571,0.3137254901960784,0.533800638173952,1.0,0.1363636363636363,3.140909090909091,,71,12,0.2726220404086543,0.4788732394366197,1.0612371845133193,0.8333333333333334,0.1428571428571428,3.305357142857143,0.056
2026-09-09,Nebraska,Big Ten,2026,74,11,0.4925288347703889,0.5135135135135135,1.5427897743871417,0.8333333333333334,0.15,3.675,,68,12,0.1275262112846398,0.3529411764705882,1.3292957874323883,1.0,0.1290322580645161,3.396774193548388,0.206
2026-09-09,Nevada,Mountain West,2026,59,12,0.556278847672138,0.5084745762711864,1.6496693482013214,0.8571428571428571,0.1904761904761904,3.530952380952381,,84,12,0.0656228862120106,0.4404761904761904,0.9007840660809396,0.6666666666666666,0.1951219512195122,2.995121951219512,0.119
2026-09-09,New Mexico,Mountain West,2026,71,10,0.2187107716098358,0.4929577464788732,0.9281654236514942,1.0,0.0714285714285714,3.657142857142857,,49,10,-0.0521819579954481,0.2653061224489796,1.2713447189179048,0.6666666666666666,0.0333333333333333,2.8266666666666667,0.204
2026-09-09,New Mexico State,Conference USA,2026,133,22,0.288950842507434,0.4210526315789473,1.5581760293115774,0.6666666666666666,0.15,3.341666666666667,,126,23,0.1326270064301136,0.4047619047619047,1.2608012888937177,0.8,0.2063492063492063,3.13015873015873,0.135
2026-09-09,North Carolina,ACC,2026,58,10,0.1071523441641766,0.4655172413793103,0.9192743541669988,0.0,0.1481481481481481,3.425925925925926,,72,10,-0.0458685004165221,0.3333333333333333,1.216164722081157,0.8,0.1944444444444444,2.4472222222222224,0.153
2026-09-09,North Dakota State,Mountain West,2026,138,19,0.2389024157458295,0.4565217391304347,1.159685581066689,0.6666666666666666,0.1728395061728395,3.011111111111111,,105,21,-0.3131041177462083,0.3047619047619048,0.9891098805419768,0.5,0.2115384615384615,1.7596153846153846,0.21
2026-09-09,Northern Illinois,Mountain West,2026,58,15,-0.3317320736505182,0.1724137931034483,1.3677541941329785,1.0,0.28,1.668,,79,13,0.0613173930418565,0.4177215189873418,1.2457000747090123,0.2857142857142857,0.2105263157894736,3.294736842105263,0.114
2026-09-09,North Texas,American Athletic,2026,69,10,0.1345556840920811,0.3478260869565217,1.5483256457053565,0.0,0.1351351351351351,2.983783783783784,,46,9,0.6535582337217621,0.5217391304347826,1.639593578555076,0.8,0.1333333333333333,2.4966666666666666,0.043
2026-09-09,Northwestern,Big Ten,2026,55,11,0.4796492784465596,0.509090909090909,1.4850398029259404,1.0,0.1071428571428571,3.95,,90,12,0.1283813331936487,0.4222222222222222,1.0576414342835372,0.7777777777777778,0.131578947368421,3.305263157894737,0.189
2026-09-09,Notre Dame,FBS Independents,2026,63,10,0.34906816757153,0.4603174603174603,1.111044132357502,0.75,0.032258064516129,2.770967741935484,,61,10,0.0717450532807693,0.3770491803278688,1.2644111837126035,0.75,0.2068965517241379,2.358620689655172,0.213
2026-09-09,Ohio,Mid-American,2026,68,12,0.1275262112846398,0.3529411764705882,1.3292957874323883,1.0,0.1290322580645161,3.396774193548388,,74,11,0.4925288347703889,0.5135135135135135,1.5427897743871417,0.8333333333333334,0.15,3.675,0.149
2026-09-09,Ohio State,Big Ten,2026,73,12,0.6666069358406588,0.5616438356164384,1.448948844124814,0.75,0.1818181818181818,3.3181818181818183,,62,13,-0.2423253831274824,0.2096774193548387,1.3049899715616444,,0.3181818181818182,1.2,0.226
2026-09-09,Oklahoma,SEC,2026,60,11,0.3871905835315659,0.55,1.1941828089991482,0.5714285714285714,0.2368421052631578,2.876315789473684,,59,13,-0.2513514097581535,0.3389830508474576,0.9392952091081728,0.0,0.2941176470588235,1.5676470588235294,0.271
2026-09-09,Oklahoma State,Big 12,2026,88,12,-0.070655818794617,0.3636363636363636,1.0309825186683157,0.5,0.2222222222222222,2.7916666666666665,,58,12,0.1864318063964714,0.4137931034482758,1.0851431714647468,1.0,0.1515151515151515,2.763636363636364,0.121
2026-09-09,Old Dominion,Sun Belt,2026,57,12,0.2183864577720761,0.4210526315789473,1.403199988382679,0.3333333333333333,0.25,2.7475,,61,11,-0.2098210149796944,0.2622950819672131,1.0102859391372834,0.5,0.2368421052631578,2.281578947368421,0.246
2026-09-09,Ole Miss,SEC,2026,80,13,0.2976736148603684,0.4625,1.3097367268750522,0.6363636363636364,0.1428571428571428,3.083333333333333,,68,13,0.3886189696343456,0.4558823529411764,1.5103542544262112,0.8,0.25,2.325,0.162
2026-09-09,Oregon,Big Ten,2026,64,13,0.2770903671236243,0.453125,1.5147413609415246,0.6666666666666666,0.125,3.2375,,67,13,0.112630052976283,0.3582089552238806,1.0180962329024892,1.0,0.1212121212121212,2.9212121212121214,0.134
2026-09-09,Oregon State,Pac-12,2026,74,12,0.1828788459074729,0.4054054054054054,1.341138665590374,0.5,0.0476190476190476,2.833333333333333,,74,11,0.3122472695613982,0.5,1.2537336272714703,0.8571428571428571,0.15,3.3325,0.135
2026-09-09,Penn State,Big Ten,2026,74,12,0.4220959538823401,0.5135135135135135,1.2946795341133903,0.8571428571428571,0.1363636363636363,3.1204545454545456,,55,12,-0.1678505565616108,0.2909090909090909,0.8874228649697032,0.5,0.4166666666666667,1.0458333333333334,0.255
2026-09-09,Pittsburgh,ACC,2026,77,12,0.4266562668926378,0.5454545454545454,1.338185183481556,0.6,0.2,3.2466666666666666,,59,12,0.1140105096966495,0.3220338983050847,1.5292950729514845,1.0,0.1578947368421052,2.1894736842105265,0.102
2026-09-09,Purdue,Big Ten,2026,74,10,0.3720946010569115,0.5,1.1765932198339826,1.0,0.0526315789473684,3.713157894736842,,48,10,0.0076184507009966,0.2708333333333333,2.3625129116735217,1.0,0.3809523809523809,1.7857142857142858,0.292
2026-09-09,Rice,American Athletic,2026,82,10,0.2330716591590226,0.5365853658536586,0.9398508399655154,0.7142857142857143,0.0714285714285714,4.098571428571429,,59,9,-0.1237149255808005,0.3050847457627119,1.1672615609152817,0.3333333333333333,0.1818181818181818,2.8151515151515154,0.22
2026-09-09,Rutgers,Big Ten,2026,63,12,0.2030959004306255,0.3968253968253968,1.561455323235606,0.6,0.25,1.93,,65,12,0.3299726417466155,0.5230769230769231,1.040597861761411,0.7142857142857143,0.175,3.375,0.092
2026-09-09,Sacramento State,Mid-American,2026,136,28,0.1433571306032177,0.4117647058823529,1.2100326346283852,0.7142857142857143,0.2758620689655172,2.3344827586206898,,123,28,-0.0377164501393858,0.3170731707317073,1.249205121713904,0.8,0.1724137931034483,2.446551724137931,0.179
2026-09-09,Sam Houston,Conference USA,2026,70,12,0.1679615358354406,0.4714285714285714,1.2051346981627544,0.5,0.4,1.775,,69,14,0.1569078614264043,0.3333333333333333,1.656527031513981,0.0,0.282051282051282,2.6666666666666665,0.217
2026-09-09,San Diego State,Pac-12,2026,64,12,0.2275570300504772,0.46875,1.1621448616114909,0.5454545454545454,0.225,3.11,,81,14,0.0271101214147896,0.419753086419753,0.8928353503546071,0.8333333333333334,0.1034482758620689,3.213793103448276,0.099
2026-09-09,San José State,Mountain West,2026,135,26,0.1654454108123683,0.3777777777777777,1.403736148990978,0.5,0.2241379310344827,2.8948275862068966,,146,24,0.1926127829579521,0.4863013698630137,0.9437116819457052,0.9333333333333332,0.1269841269841269,3.0793650793650795,0.116
2026-09-09,SMU,ACC,2026,67,11,0.3731393852771628,0.5522388059701493,1.2869920757845814,0.6666666666666666,0.1290322580645161,3.2774193548387096,,67,12,0.1942759989222807,0.373134328358209,1.4367549195963938,0.3333333333333333,0.1219512195121951,3.1926829268292685,0.06
2026-09-09,South Alabama,Sun Belt,2026,88,11,0.1679081659755002,0.4204545454545454,1.1090388260054005,0.8,0.1403508771929824,3.333333333333333,,37,10,0.1680093831906549,0.4054054054054054,1.3108139148186486,0.25,0.3125,1.46875,0.297
2026-09-09,South Carolina,SEC,2026,74,10,0.6831768049116431,0.6891891891891891,1.208883909759148,0.8333333333333334,0.0769230769230769,4.058974358974359,,49,10,-0.0380765202042578,0.2653061224489796,1.461049533469705,0.5,0.2083333333333333,2.7333333333333334,0.143
2026-09-09,Southern Miss,Sun Belt,2026,85,12,0.4021821758857622,0.5882352941176471,1.0704689502182791,0.8461538461538461,0.0701754385964912,4.026315789473684,,61,13,-0.1276766015263514,0.2131147540983606,1.646759392614464,,0.3142857142857143,2.037142857142857,0.213
2026-09-09,South Florida,American Athletic,2026,58,9,-0.0627460596868576,0.4310344827586206,0.6493252074099518,0.8,0.2432432432432432,2.216216216216216,,76,10,0.1106554334008039,0.3815789473684211,1.1286561605558318,0.5,0.25,2.4875,0.158
2026-09-09,Stanford,ACC,2026,139,24,0.1808381606267126,0.39568345323741,1.1457214486158334,0.8571428571428571,0.1694915254237288,2.886440677966102,,145,25,0.245147869709458,0.4482758620689655,1.3156744634857456,1.0,0.1509433962264151,2.922641509433962,0.124
2026-09-09,Syracuse,ACC,2026,78,13,0.35126503570932,0.5256410256410257,1.3123860866084411,0.875,0.15,3.5125,,63,14,-0.2563055947546812,0.2698412698412698,0.8887481994400394,0.75,0.2333333333333333,1.6033333333333333,0.254
2026-09-09,TCU,Big 12,2026,72,10,-0.0458685004165221,0.3333333333333333,1.216164722081157,0.8,0.1944444444444444,2.4472222222222224,,58,10,0.1071523441641766,0.4655172413793103,0.9192743541669988,0.0,0.1481481481481481,3.425925925925926,0.155
2026-09-09,Temple,American Athletic,2026,63,10,0.1701631807567049,0.4603174603174603,1.1362662343770378,0.8571428571428571,0.1860465116279069,2.9465116279069767,,62,12,-0.0226790900205711,0.3870967741935484,1.1767906357894466,0.8,0.2857142857142857,2.317857142857143,0.226
2026-09-09,Tennessee,SEC,2026,74,13,0.5691980477008708,0.581081081081081,1.2840787312058908,0.8333333333333334,0.108695652173913,3.771739130434783,,60,14,-0.1261539060436249,0.25,1.167568813131016,0.0,0.2758620689655172,2.996551724137931,0.267
2026-09-09,Texas,SEC,2026,70,9,0.4586510146705653,0.5,1.579697637253443,0.8,0.2857142857142857,2.5342857142857143,,73,11,0.1390521539854218,0.410958904109589,1.1274872950767767,0.6,0.2051282051282051,2.6256410256410256,0.205
2026-09-09,Texas A&M,SEC,2026,89,12,0.3513233344986824,0.5842696629213483,1.0755940232268968,1.0,0.1041666666666666,3.925,,41,11,-0.2441222919654586,0.1707317073170731,0.9332823449213844,0.5,0.2608695652173913,1.6434782608695653,0.293
2026-09-09,Texas State,Pac-12,2026,73,11,0.1390521539854218,0.410958904109589,1.1274872950767767,0.6,0.2051282051282051,2.6256410256410256,,70,9,0.4586510146705653,0.5,1.579697637253443,0.8,0.2857142857142857,2.5342857142857143,0.171
2026-09-09,Texas Tech,Big 12,2026,74,11,0.2785300204187715,0.5,1.0471550507298784,0.7777777777777778,0.1538461538461538,3.3461538461538463,,63,10,-0.1380251385043791,0.2698412698412698,1.2673339554332412,0.5,0.1923076923076923,2.8384615384615386,0.238
2026-09-09,Toledo,Mid-American,2026,42,10,0.2841846990486799,0.2857142857142857,2.3449878397908352,0.0,0.4444444444444444,1.1388888888888888,,85,11,0.022631845773767,0.3764705882352941,1.097389911197236,0.3333333333333333,0.2127659574468085,2.797872340425532,0.106
2026-09-09,Troy,Sun Belt,2026,69,14,0.1569078614264043,0.3333333333333333,1.656527031513981,0.0,0.282051282051282,2.6666666666666665,,70,12,0.1679615358354406,0.4714285714285714,1.2051346981627544,0.5,0.4,1.775,0.229
2026-09-09,Tulane,American Athletic,2026,55,12,0.0040917519043523,0.3090909090909091,0.7971508910071232,1.0,0.1304347826086956,2.9565217391304346,,78,13,-0.0505656875484706,0.2948717948717949,1.239953895912352,1.0,0.1836734693877551,3.0408163265306123,0.09
2026-09-09,Tulsa,American Athletic,2026,58,12,0.1864318063964714,0.4137931034482758,1.0851431714647468,1.0,0.1515151515151515,2.763636363636364,,88,12,-0.070655818794617,0.3636363636363636,1.0309825186683157,0.5,0.2222222222222222,2.7916666666666665,0.102
2026-09-09,UAB,American Athletic,2026,79,8,0.1391305222352757,0.430379746835443,1.246176627641464,0.75,0.1304347826086956,3.252173913043478,,44,8,0.5293505291335725,0.5681818181818182,1.3542485462010816,0.6,0.2307692307692307,2.976923076923077,0.045
2026-09-09,UCF,Big 12,2026,62,13,0.5493339803795543,0.5645161290322581,1.4108685998253796,1.0,0.081081081081081,4.386486486486486,,62,15,-0.1629071620565535,0.2096774193548387,1.219168347266829,1.0,0.3157894736842105,1.923684210526316,0.226
2026-09-09,UCLA,Big Ten,2026,53,14,0.4197846779080366,0.5660377358490566,1.2513254603824528,1.0,0.0344827586206896,4.813793103448276,,89,14,0.1330628286155295,0.3370786516853932,1.4836215579250065,0.6666666666666666,0.2051282051282051,2.528205128205128,0.191
2026-09-09,UConn,FBS Independents,2026,74,14,0.5732783853066649,0.5135135135135135,1.5911999117333786,0.3333333333333333,0.15,3.855,,72,13,-0.1583014250977013,0.2777777777777778,0.8956382174474538,0.6666666666666666,0.2142857142857142,2.3857142857142857,0.153
2026-09-09,UL Monroe,Sun Belt,2026,71,13,-0.0252092266627155,0.2957746478873239,1.0528206054479607,0.4,0.1052631578947368,2.860526315789474,,79,13,0.6380275101586687,0.5822784810126582,1.4780996639334054,1.0,0.1351351351351351,4.127027027027027,0.101
2026-09-09,UNLV,Mountain West,2026,145,25,0.1200261378324966,0.3517241379310344,1.4413345772565798,0.6666666666666666,0.1428571428571428,3.3025974025974025,,137,23,0.0892851354528906,0.3941605839416058,1.1660859456751205,0.7142857142857143,0.1129032258064516,3.875806451612904,0.168
2026-09-09,USC,Big Ten,2026,146,20,0.363397412337942,0.6027397260273972,1.036874418468907,0.8,0.1818181818181818,3.1818181818181817,,102,20,-0.0273655770706078,0.3431372549019608,1.1708350034918942,0.0,0.2340425531914893,2.363829787234043,0.157
2026-09-09,Utah,Big 12,2026,77,13,0.5107474991645495,0.5714285714285714,1.3617321828088478,0.75,0.1428571428571428,4.116326530612245,,62,13,0.1373547685990896,0.3387096774193548,1.262352149239576,1.0,0.2,2.256666666666667,0.129
2026-09-09,Utah State,Pac-12,2026,89,12,0.0953408762518156,0.4269662921348314,1.1945320367732557,0.25,0.1627906976744186,3.4511627906976745,,65,13,0.0339441781809636,0.3538461538461538,1.0966029950577263,0.6666666666666666,0.1785714285714285,2.242857142857143,0.092
2026-09-09,UTEP,Mountain West,2026,59,13,-0.2513514097581535,0.3389830508474576,0.9392952091081728,0.0,0.2941176470588235,1.5676470588235294,,60,11,0.3871905835315659,0.55,1.1941828089991482,0.5714285714285714,0.2368421052631578,2.876315789473684,0.117
2026-09-09,UTSA,American Athletic,2026,60,12,0.5144231919895464,0.6333333333333333,1.0998644890074278,1.0,0.1034482758620689,3.7655172413793103,,82,13,-0.0637788059466083,0.3780487804878049,1.0540254394047484,0.3333333333333333,0.1818181818181818,3.118181818181818,0.183
2026-09-09,Vanderbilt,SEC,2026,63,8,0.2825170243631735,0.4761904761904761,1.061975081924216,0.75,0.081081081081081,3.5,,47,10,0.0290448960751272,0.3404255319148936,1.186345828828299,1.0,0.2105263157894736,3.226315789473684,0.128
2026-09-09,Virginia,ACC,2026,71,12,0.2726220404086543,0.4788732394366197,1.0612371845133193,0.8333333333333334,0.1428571428571428,3.305357142857143,,51,12,-0.1438403681738571,0.3137254901960784,0.533800638173952,1.0,0.1363636363636363,3.140909090909091,0.255
2026-09-09,Virginia Tech,ACC,2026,74,14,0.5374711897037322,0.6486486486486487,1.1019539523073911,0.9,0.024390243902439,4.102439024390244,,57,15,-0.4448745270780552,0.087719298245614,1.8471598449248687,,0.5897435897435898,-0.2461538461538461,0.386
2026-09-09,Wake Forest,ACC,2026,68,11,0.4775889473352314,0.4264705882352941,1.5275719114401596,0.8,0.15625,3.265625,,70,11,0.0219793074667645,0.5,0.7212615614875549,0.6,0.1818181818181818,3.103030303030303,0.143
2026-09-09,Washington,Big Ten,2026,64,12,0.0779716429331925,0.46875,1.0665805293728612,0.5,0.25,2.753571428571429,,58,11,-0.0327383497923566,0.3103448275862069,1.0264346254160943,,0.3103448275862069,2.310344827586207,0.293
2026-09-09,Washington State,Pac-12,2026,58,11,-0.0327383497923566,0.3103448275862069,1.0264346254160943,0.0,0.3103448275862069,2.310344827586207,,64,12,0.0779716429331925,0.46875,1.0665805293728612,0.5,0.25,2.753571428571429,0.078
2026-09-09,Western Kentucky,Conference USA,2026,84,12,0.0656228862120106,0.4404761904761904,0.9007840660809396,0.6666666666666666,0.1951219512195122,2.995121951219512,,59,12,0.556278847672138,0.5084745762711864,1.6496693482013214,0.8571428571428571,0.1904761904761904,3.530952380952381,0.068
2026-09-09,Western Michigan,Mid-American,2026,70,11,-0.0368689615872864,0.3285714285714285,1.0681220061704584,0.6666666666666666,0.1818181818181818,2.6613636363636366,,48,10,0.2355175415917992,0.4375,1.0790058466360366,0.75,0.0833333333333333,3.395833333333333,0.167
2026-09-09,West Virginia,Big 12,2026,77,14,0.1253120460127239,0.4155844155844156,1.017712015705272,0.75,0.15,2.725,,65,13,0.2190866513645281,0.4307692307692308,1.513683842396193,0.6666666666666666,0.32,1.944,0.262
2026-09-09,Wisconsin,Big Ten,2026,61,10,0.0717450532807693,0.3770491803278688,1.2644111837126035,0.75,0.2068965517241379,2.358620689655172,,63,10,0.34906816757153,0.4603174603174603,1.111044132357502,0.75,0.032258064516129,2.770967741935484,0.111
2026-09-09,Wyoming,Mountain West,2026,55,11,-0.0251076991146114,0.4181818181818181,0.899961606833427,1.0,0.1212121212121212,3.3545454545454545,,68,11,0.3012418203750481,0.4852941176470588,1.2087905981747544,1.0,0.2121212121212121,2.4939393939393937,0.118
2026-09-10,Air Force,Mountain West,2026,79,9,0.398894580108972,0.5443037974683544,0.9961783497840124,1.0,0.0422535211267605,4.357746478873239,,45,9,-0.248118563368299,0.2222222222222222,1.1005872277594584,1.0,0.25,2.47,0.178
2026-09-10,Akron,Mid-American,2026,70,11,0.0219793074667645,0.5,0.7212615614875549,0.6,0.1818181818181818,3.103030303030303,,68,11,0.4775889473352314,0.4264705882352941,1.5275719114401596,0.8,0.15625,3.265625,0.132
2026-09-10,Alabama,SEC,2026,80,11,0.2921555691005923,0.525,1.1065101966937536,0.8333333333333334,0.1666666666666666,3.25,,41,12,-0.1985433161778543,0.2195121951219512,1.548265437530798,0.0,0.3684210526315789,0.131578947368421,0.195
2026-09-10,App State,Sun Belt,2026,74,10,0.607856950791685,0.6486486486486487,1.2037359766532605,1.0,0.1025641025641025,3.587179487179488,,61,11,-0.070753508433127,0.3114754098360656,1.2470294348667017,0.0,0.3076923076923077,1.696153846153846,0.213
2026-09-10,Arizona,Big 12,2026,74,13,0.2162055092878395,0.6081081081081081,0.9333031860410906,1.0,0.0303030303030303,4.409090909090909,,53,11,-0.2286260997681982,0.1698113207547169,1.7768342308359768,,0.4375,1.33125,0.34
2026-09-10,Arizona State,Big 12,2026,71,12,0.6811056989560571,0.5774647887323944,1.6060940675308155,1.0,0.1428571428571428,3.145714285714286,,52,12,-0.0543715412788205,0.3076923076923077,0.9935711179315884,0.6666666666666666,0.0869565217391304,3.0217391304347827,0.115
2026-09-10,Arkansas,SEC,2026,84,13,0.1762496985985374,0.5238095238095238,0.9434584968366112,0.7777777777777778,0.217391304347826,2.5804347826086955,,45,13,-0.0746171455673535,0.2666666666666666,1.053617978511065,,0.2631578947368421,1.8473684210526315,0.222
2026-09-10,Arkansas State,Sun Belt,2026,60,12,0.1251568147001252,0.5,1.25818527156254,0.8333333333333334,0.1153846153846153,3.2192307692307693,,65,12,0.4907125992882863,0.4923076923076923,1.4906452469735614,0.6,0.1276595744680851,3.546808510638298,0.092
2026-09-10,Army,American Athletic,2026,72,12,0.68581428710163,0.6527777777777778,1.287193457096531,0.8333333333333334,0.0526315789473684,4.65438596491228,,54,11,-0.1061496906379418,0.3148148148148148,0.8508825653985219,0.6666666666666666,0.2413793103448276,2.317241379310345,0.204
2026-09-10,Auburn,SEC,2026,75,13,0.028237977212608,0.3866666666666666,1.1601768480225931,1.0,0.2285714285714285,2.6742857142857144,,101,13,0.0541744150425169,0.3861386138613861,1.2316141474915536,0.4,0.2325581395348837,2.097674418604651,0.198
2026-09-10,Ball State,Mid-American,2026,62,13,-0.2423253831274824,0.2096774193548387,1.3049899715616444,0.0,0.3181818181818182,1.2,,73,12,0.6666069358406588,0.5616438356164384,1.448948844124814,0.75,0.1818181818181818,3.3181818181818183,0.11
2026-09-10,Baylor,Big 12,2026,101,13,0.0541744150425169,0.3861386138613861,1.2316141474915536,0.4,0.2325581395348837,2.097674418604651,,75,13,0.028237977212608,0.3866666666666666,1.1601768480225931,1.0,0.2285714285714285,2.6742857142857144,0.24
2026-09-10,Boise State,Pac-12,2026,67,13,0.112630052976283,0.3582089552238806,1.0180962329024892,1.0,0.1212121212121212,2.9212121212121214,,64,13,0.2770903671236243,0.453125,1.5147413609415246,0.6666666666666666,0.125,3.2375,0.156
2026-09-10,Boston College,ACC,2026,73,11,0.1148708905860701,0.3972602739726027,1.321991243096292,1.0,0.2,3.182857142857143,,62,12,0.2410406579313317,0.3870967741935484,1.255243118893256,1.0,0.0909090909090909,3.5568181818181817,0.113
2026-09-10,Bowling Green,Mid-American,2026,66,10,0.0252616008758181,0.3939393939393939,0.9845141517309268,0.5,0.25,2.308333333333333,,59,10,0.147050749791919,0.3898305084745763,1.3986920519909742,0.5,0.25,2.909375,0.085
2026-09-10,Buffalo,Mid-American,2026,83,15,0.1523137913791646,0.3975903614457831,1.1454912933763308,1.0,0.1818181818181818,2.9909090909090907,,72,14,-0.0495205233949304,0.2916666666666667,1.290213068638229,0.6666666666666666,0.2857142857142857,2.35,0.194
2026-09-10,BYU,Big 12,2026,70,11,0.5424702666968887,0.6571428571428571,1.0634948151667478,0.8333333333333334,0.0666666666666666,4.348888888888889,,57,12,-0.1092276625777366,0.3157894736842105,1.1129858127235353,1.0,0.25,1.5375,0.193
2026-09-10,California,ACC,2026,89,14,0.1330628286155295,0.3370786516853932,1.4836215579250065,0.6666666666666666,0.2051282051282051,2.528205128205128,,53,14,0.4197846779080366,0.5660377358490566,1.2513254603824528,1.0,0.0344827586206896,4.813793103448276,0.17
2026-09-10,Central Michigan,Mid-American,2026,49,10,-0.0521819579954481,0.2653061224489796,1.2713447189179048,0.6666666666666666,0.0333333333333333,2.8266666666666667,,71,10,0.2187107716098358,0.4929577464788732,0.9281654236514942,1.0,0.0714285714285714,3.657142857142857,0.085
2026-09-10,Charlotte,American Athletic,2026,78,13,0.2859972664636527,0.4615384615384615,1.4901022812832403,0.5714285714285714,0.15625,3.43125,,64,13,0.3753893366264918,0.484375,1.3295321578112234,0.8888888888888888,0.1875,3.1395833333333334,0.109
2026-09-10,Cincinnati,Big 12,2026,62,12,0.2410406579313317,0.3870967741935484,1.255243118893256,1.0,0.0909090909090909,3.5568181818181817,,73,11,0.1148708905860701,0.3972602739726027,1.321991243096292,1.0,0.2,3.182857142857143,0.233
2026-09-10,Clemson,ACC,2026,50,13,-0.2678767676397615,0.24,0.9456595506388836,0.6666666666666666,0.3181818181818182,1.9363636363636365,,95,12,0.4186847892890937,0.5368421052631579,1.335477872163365,0.7777777777777778,0.0862068965517241,3.532758620689655,0.105
2026-09-10,Coastal Carolina,Sun Belt,2026,65,13,0.2190866513645281,0.4307692307692308,1.513683842396193,0.6666666666666666,0.32,1.944,,77,14,0.1253120460127239,0.4155844155844156,1.017712015705272,0.75,0.15,2.725,0.117
2026-09-10,Colorado,Big 12,2026,77,10,0.052210909874857,0.3766233766233766,1.1248231734306042,1.0,0.108695652173913,2.730434782608696,,54,9,0.0740220685733517,0.3703703703703703,1.2001545717095805,0.3333333333333333,0.4444444444444444,1.903703703703704,0.204
2026-09-10,Colorado State,Pac-12,2026,68,11,0.3012418203750481,0.4852941176470588,1.2087905981747544,1.0,0.2121212121212121,2.4939393939393937,,55,11,-0.0251076991146114,0.4181818181818181,0.899961606833427,1.0,0.1212121212121212,3.3545454545454545,0.255
2026-09-10,Delaware,Conference USA,2026,72,15,0.395766923303369,0.4722222222222222,1.4629954002722116,0.6,0.25,2.9035714285714285,,72,14,-0.1228539521929541,0.25,1.4441213197823703,0.0,0.1818181818181818,2.0454545454545454,0.222
2026-09-10,Duke,ACC,2026,78,13,-0.0505656875484706,0.2948717948717949,1.239953895912352,1.0,0.1836734693877551,3.0408163265306123,,55,12,0.0040917519043523,0.3090909090909091,0.7971508910071232,1.0,0.1304347826086956,2.9565217391304346,0.255
2026-09-10,East Carolina,American Athletic,2026,41,12,-0.1985433161778543,0.2195121951219512,1.548265437530798,0.0,0.3684210526315789,0.131578947368421,,80,11,0.2921555691005923,0.525,1.1065101966937536,0.8333333333333334,0.1666666666666666,3.25,0.1
2026-09-10,Eastern Michigan,Mid-American,2026,139,28,0.0137872737547518,0.3525179856115107,1.1963855437894064,0.8888888888888888,0.1851851851851851,2.401851851851852,,142,29,0.0358449996397635,0.3380281690140845,1.3282440556423494,0.6666666666666666,0.2941176470588235,2.268627450980392,0.211
2026-09-10,Florida,SEC,2026,68,11,0.6214577657732879,0.5441176470588235,1.5513849234480332,1.0,0.1,3.415,,92,12,0.1079005807865989,0.4021739130434782,1.123977189197295,0.8,0.1111111111111111,2.6666666666666665,0.185
2026-09-10,Florida Atlantic,American Athletic,2026,92,12,0.1079005807865989,0.4021739130434782,1.123977189197295,0.8,0.1111111111111111,2.6666666666666665,,68,11,0.6214577657732879,0.5441176470588235,1.5513849234480332,1.0,0.1,3.415,0.103
2026-09-10,Florida International,Conference USA,2026,76,10,0.1106554334008039,0.3815789473684211,1.1286561605558318,0.5,0.25,2.4875,,58,9,-0.0627460596868576,0.4310344827586206,0.6493252074099518,0.8,0.2432432432432432,2.216216216216216,0.155
2026-09-10,Florida State,ACC,2026,134,22,0.2424691694189232,0.4104477611940298,1.3738286847147458,0.5,0.1392405063291139,3.312658227848101,,134,21,0.2678980507336072,0.4477611940298507,1.420966285728235,0.8333333333333334,0.1176470588235294,3.1549019607843136,0.127
2026-09-10,Fresno State,Pac-12,2026,45,10,-0.3361342907596831,0.2222222222222222,1.0430569433281442,0.0,0.25,2.0458333333333334,,69,10,0.3329910433772204,0.5362318840579711,1.2523425346671877,0.6,0.2564102564102564,2.67948717948718,0.116
2026-09-10,Georgia,SEC,2026,61,12,0.7432765199543512,0.7049180327868853,1.3166694327058304,1.0,0.074074074074074,4.692592592592592,,59,12,-0.098492900176064,0.3050847457627119,0.9076081443193394,0.5,0.3448275862068966,1.3448275862068966,0.169
2026-09-10,Georgia Southern,Sun Belt,2026,80,13,0.2672860733180602,0.4625,1.301211044217893,0.5,0.1212121212121212,3.4393939393939394,,63,13,-0.3198180179468932,0.1746031746031746,1.3742976064793733,1.0,0.3461538461538461,0.7115384615384616,0.651
2026-09-10,Georgia State,Sun Belt,2026,71,12,0.506821618296269,0.5915492957746479,1.1174212531004228,0.8,0.0526315789473684,4.339473684210526,,55,12,-0.0651855131693598,0.2909090909090909,1.342072137645949,,0.2,2.852,0.2
2026-09-10,Georgia Tech,ACC,2026,54,9,0.0740220685733517,0.3703703703703703,1.2001545717095805,0.3333333333333333,0.4444444444444444,1.903703703703704,,77,10,0.052210909874857,0.3766233766233766,1.1248231734306042,1.0,0.108695652173913,2.730434782608696,0.143
2026-09-10,Hawai'i,Mountain West,2026,154,25,-0.0067799020486064,0.3441558441558441,1.257467947844597,0.7777777777777778,0.14,3.396,,137,25,0.246843337573555,0.4160583941605839,1.295609264698933,0.6666666666666666,0.125,3.40875,0.102
2026-09-10,Houston,Big 12,2026,74,11,0.3122472695613982,0.5,1.2537336272714703,0.8571428571428571,0.15,3.3325,,74,12,0.1828788459074729,0.4054054054054054,1.341138665590374,0.5,0.0476190476190476,2.833333333333333,0.216
2026-09-10,Illinois,Big Ten,2026,44,8,0.5293505291335725,0.5681818181818182,1.3542485462010816,0.6,0.2307692307692307,2.976923076923077,,79,8,0.1391305222352757,0.430379746835443,1.246176627641464,0.75,0.1304347826086956,3.252173913043478,0.139
2026-09-10,Indiana,Big Ten,2026,46,9,0.6535582337217621,0.5217391304347826,1.639593578555076,0.8,0.1333333333333333,2.4966666666666666,,69,10,0.1345556840920811,0.3478260869565217,1.5483256457053565,0.0,0.1351351351351351,2.983783783783784,0.13
2026-09-10,Iowa,Big Ten,2026,79,13,0.0613173930418565,0.4177215189873418,1.2457000747090123,0.2857142857142857,0.2105263157894736,3.294736842105263,,58,15,-0.3317320736505182,0.1724137931034483,1.3677541941329785,1.0,0.28,1.668,0.207
2026-09-10,Iowa State,Big 12,2026,48,12,0.2446671684503538,0.3541666666666667,1.764868764741519,0.0,0.2,2.543333333333333,,69,13,-0.0595235618745478,0.2753623188405797,1.3903288614258686,0.6666666666666666,0.1463414634146341,2.1463414634146343,0.246
2026-09-10,Jacksonville State,Conference USA,2026,118,20,0.1409216220392592,0.4661016949152542,1.2756491209849268,0.7272727272727273,0.1551724137931034,2.9517241379310346,,127,20,0.0544449670414666,0.4015748031496063,1.1417088748135955,0.625,0.2125,2.80125,0.15
2026-09-10,James Madison,Sun Belt,2026,50,9,0.2797625024195963,0.38,1.2501062601953608,0.6666666666666666,0.2258064516129032,3.07741935483871,,69,9,0.028036219506202,0.3768115942028985,1.183714063723734,0.8,0.1351351351351351,2.310810810810811,0.13
2026-09-10,Kansas,Big 12,2026,78,10,0.5690429634370339,0.5897435897435898,1.298893771602378,0.5,0.0196078431372549,3.931372549019608,,54,11,-0.1761484717280324,0.2222222222222222,1.0166439202905828,1.0,0.3666666666666666,1.22,0.296
2026-09-10,Kansas State,Big 12,2026,72,12,0.5878935481737257,0.6527777777777778,1.2411157855790529,1.0,0.1136363636363636,3.788636363636364,,61,14,-0.2760781802900377,0.2295081967213114,1.3872082973968078,0.5,0.4102564102564102,1.2461538461538462,0.295
2026-09-10,Kennesaw State,Conference USA,2026,82,14,0.2889238382699472,0.573170731707317,1.1398710550423496,0.7777777777777778,0.1521739130434782,3.265217391304348,,53,14,-0.2481023479251471,0.1509433962264151,0.8919515753149165,1.0,0.25,1.8333333333333333,0.17
2026-09-10,Kent State,Mid-American,2026,49,10,-0.0380765202042578,0.2653061224489796,1.461049533469705,0.5,0.2083333333333333,2.7333333333333334,,74,10,0.6831768049116431,0.6891891891891891,1.208883909759148,0.8333333333333334,0.0769230769230769,4.058974358974359,0.068
2026-09-10,Kentucky,SEC,2026,61,11,0.5623068202509097,0.6065573770491803,1.1980918561404976,0.8,0.1818181818181818,4.121212121212121,,67,9,0.0772411219735421,0.417910447761194,1.1461380400647427,1.0,0.1923076923076923,2.0346153846153845,0.164
2026-09-10,Liberty,Conference USA,2026,69,9,0.028036219506202,0.3768115942028985,1.183714063723734,0.8,0.1351351351351351,2.310810810810811,,50,9,0.2797625024195963,0.38,1.2501062601953608,0.6666666666666666,0.2258064516129032,3.07741935483871,0.14
2026-09-10,Louisiana,Sun Belt,2026,68,11,0.3053660874098186,0.5441176470588235,1.155678147450766,0.75,0.1794871794871795,3.607692307692308,,62,11,-0.1221986707464751,0.4032258064516129,0.9773658675896196,0.5,0.2962962962962963,2.05925925925926,0.242
2026-09-10,Louisiana Tech,Sun Belt,2026,60,14,0.5986198567843053,0.4666666666666667,1.8154251680408937,1.0,0.1351351351351351,3.3378378378378377,,63,15,-0.2386179520556736,0.1746031746031746,1.0281713988788377,1.0,0.3181818181818182,1.3227272727272728,0.333
2026-09-10,Louisville,ACC,2026,68,13,0.3886189696343456,0.4558823529411764,1.5103542544262112,0.8,0.25,2.325,,80,13,0.2976736148603684,0.4625,1.3097367268750522,0.6363636363636364,0.1428571428571428,3.083333333333333,0.113
2026-09-10,LSU,SEC,2026,95,12,0.4186847892890937,0.5368421052631579,1.335477872163365,0.7777777777777778,0.0862068965517241,3.532758620689655,,50,13,-0.2678767676397615,0.24,0.9456595506388836,0.6666666666666666,0.3181818181818182,1.9363636363636365,0.28
2026-09-10,Marshall,Sun Belt,2026,55,12,-0.1678505565616108,0.2909090909090909,0.8874228649697032,0.5,0.4166666666666667,1.0458333333333334,,74,12,0.4220959538823401,0.5135135135135135,1.2946795341133903,0.8571428571428571,0.1363636363636363,3.1204545454545456,0.095
2026-09-10,Maryland,Big Ten,2026,79,13,0.5036550588589878,0.5949367088607594,1.2417666249097736,0.8333333333333334,0.125,4.405,,52,13,-0.2430595105951239,0.2307692307692307,0.9748639489021425,0.3333333333333333,0.3076923076923077,1.3115384615384615,0.269
2026-09-10,Massachusetts,Mid-American,2026,65,12,0.3299726417466155,0.5230769230769231,1.040597861761411,0.7142857142857143,0.175,3.375,,63,12,0.2030959004306255,0.3968253968253968,1.561455323235606,0.6,0.25,1.93,0.27
2026-09-10,Memphis,American Athletic,2026,124,24,0.3942942997514205,0.4838709677419355,1.3027581020209116,0.7142857142857143,0.1,3.74625,,141,25,0.1058050876927993,0.4042553191489361,1.354451927678599,0.8888888888888888,0.15,2.955,0.177
2026-09-10,Miami,ACC,2026,69,11,0.4612526864487724,0.5507246376811594,1.3520221510306736,1.0,0.1875,2.8875,,66,11,0.0199037664025885,0.3333333333333333,1.055218786150604,1.0,0.2272727272727272,2.65,0.106
2026-09-10,Miami (OH),Mid-American,2026,59,12,0.1140105096966495,0.3220338983050847,1.5292950729514845,1.0,0.1578947368421052,2.1894736842105265,,77,12,0.4266562668926378,0.5454545454545454,1.338185183481556,0.6,0.2,3.2466666666666666,0.078
2026-09-10,Michigan,Big Ten,2026,48,10,0.2355175415917992,0.4375,1.0790058466360366,0.75,0.0833333333333333,3.395833333333333,,70,11,-0.0368689615872864,0.3285714285714285,1.0681220061704584,0.6666666666666666,0.1818181818181818,2.6613636363636366,0.157
2026-09-10,Michigan State,Big Ten,2026,85,11,0.022631845773767,0.3764705882352941,1.097389911197236,0.3333333333333333,0.2127659574468085,2.797872340425532,,42,10,0.2841846990486799,0.2857142857142857,2.3449878397908352,0.0,0.4444444444444444,1.1388888888888888,0.262
2026-09-10,Middle Tennessee,Conference USA,2026,50,8,0.401691514611645,0.5,1.3001270636879156,0.5,0.0909090909090909,4.445454545454545,,50,9,0.1356520793081277,0.44,1.1883566697542824,0.8333333333333334,0.1481481481481481,3.1259259259259258,0.1
2026-09-10,Minnesota,Big Ten,2026,73,10,0.3421457792096198,0.6027397260273972,0.9752231854912968,0.6666666666666666,0.2307692307692307,2.4615384615384617,,46,13,-0.3840088027265944,0.108695652173913,1.6579740660748787,0.0,0.4444444444444444,1.325925925925926,0.283
2026-09-10,Mississippi State,SEC,2026,79,13,0.6380275101586687,0.5822784810126582,1.4780996639334054,1.0,0.1351351351351351,4.127027027027027,,71,13,-0.0252092266627155,0.2957746478873239,1.0528206054479607,0.4,0.1052631578947368,2.860526315789474,0.155
2026-09-10,Missouri,SEC,2026,79,12,0.3784876683810738,0.569620253164557,1.188936592060183,0.5714285714285714,0.1590909090909091,3.5454545454545454,,54,11,0.0165177642353872,0.2777777777777778,1.51228387460059,1.0,0.25,2.8321428571428573,0.167
2026-09-10,Missouri State,Conference USA,2026,41,11,-0.2441222919654586,0.1707317073170731,0.9332823449213844,0.5,0.2608695652173913,1.6434782608695653,,89,12,0.3513233344986824,0.5842696629213483,1.0755940232268968,1.0,0.1041666666666666,3.925,0.124
2026-09-10,Navy,American Athletic,2026,79,9,0.4802728873687856,0.6329113924050633,1.0216068152464193,1.0,0.0547945205479452,4.2753424657534245,,42,9,0.0528506485666738,0.2857142857142857,1.901970348855324,,0.1764705882352941,3.264705882352941,0.119
2026-09-10,NC State,ACC,2026,51,12,-0.1438403681738571,0.3137254901960784,0.533800638173952,1.0,0.1363636363636363,3.140909090909091,,71,12,0.2726220404086543,0.4788732394366197,1.0612371845133193,0.8333333333333334,0.1428571428571428,3.305357142857143,0.056
2026-09-10,Nebraska,Big Ten,2026,74,11,0.4925288347703889,0.5135135135135135,1.5427897743871417,0.8333333333333334,0.15,3.675,,68,12,0.1275262112846398,0.3529411764705882,1.3292957874323883,1.0,0.1290322580645161,3.396774193548388,0.206
2026-09-10,Nevada,Mountain West,2026,59,12,0.556278847672138,0.5084745762711864,1.6496693482013214,0.8571428571428571,0.1904761904761904,3.530952380952381,,84,12,0.0656228862120106,0.4404761904761904,0.9007840660809396,0.6666666666666666,0.1951219512195122,2.995121951219512,0.119
2026-09-10,New Mexico,Mountain West,2026,71,10,0.2187107716098358,0.4929577464788732,0.9281654236514942,1.0,0.0714285714285714,3.657142857142857,,49,10,-0.0521819579954481,0.2653061224489796,1.2713447189179048,0.6666666666666666,0.0333333333333333,2.8266666666666667,0.204
2026-09-10,New Mexico State,Conference USA,2026,133,22,0.288950842507434,0.4210526315789473,1.5581760293115774,0.6666666666666666,0.15,3.341666666666667,,126,23,0.1326270064301136,0.4047619047619047,1.2608012888937177,0.8,0.2063492063492063,3.13015873015873,0.135
2026-09-10,North Carolina,ACC,2026,58,10,0.1071523441641766,0.4655172413793103,0.9192743541669988,0.0,0.1481481481481481,3.425925925925926,,72,10,-0.0458685004165221,0.3333333333333333,1.216164722081157,0.8,0.1944444444444444,2.4472222222222224,0.153
2026-09-10,North Dakota State,Mountain West,2026,138,19,0.2389024157458295,0.4565217391304347,1.159685581066689,0.6666666666666666,0.1728395061728395,3.011111111111111,,105,21,-0.3131041177462083,0.3047619047619048,0.9891098805419768,0.5,0.2115384615384615,1.7596153846153846,0.21
2026-09-10,Northern Illinois,Mountain West,2026,58,15,-0.3317320736505182,0.1724137931034483,1.3677541941329785,1.0,0.28,1.668,,79,13,0.0613173930418565,0.4177215189873418,1.2457000747090123,0.2857142857142857,0.2105263157894736,3.294736842105263,0.114
2026-09-10,North Texas,American Athletic,2026,69,10,0.1345556840920811,0.3478260869565217,1.5483256457053565,0.0,0.1351351351351351,2.983783783783784,,46,9,0.6535582337217621,0.5217391304347826,1.639593578555076,0.8,0.1333333333333333,2.4966666666666666,0.043
2026-09-10,Northwestern,Big Ten,2026,55,11,0.4796492784465596,0.509090909090909,1.4850398029259404,1.0,0.1071428571428571,3.95,,90,12,0.1283813331936487,0.4222222222222222,1.0576414342835372,0.7777777777777778,0.131578947368421,3.305263157894737,0.189
2026-09-10,Notre Dame,FBS Independents,2026,63,10,0.34906816757153,0.4603174603174603,1.111044132357502,0.75,0.032258064516129,2.770967741935484,,61,10,0.0717450532807693,0.3770491803278688,1.2644111837126035,0.75,0.2068965517241379,2.358620689655172,0.213
2026-09-10,Ohio,Mid-American,2026,68,12,0.1275262112846398,0.3529411764705882,1.3292957874323883,1.0,0.1290322580645161,3.396774193548388,,74,11,0.4925288347703889,0.5135135135135135,1.5427897743871417,0.8333333333333334,0.15,3.675,0.149
2026-09-10,Ohio State,Big Ten,2026,73,12,0.6666069358406588,0.5616438356164384,1.448948844124814,0.75,0.1818181818181818,3.3181818181818183,,62,13,-0.2423253831274824,0.2096774193548387,1.3049899715616444,,0.3181818181818182,1.2,0.226
2026-09-10,Oklahoma,SEC,2026,60,11,0.3871905835315659,0.55,1.1941828089991482,0.5714285714285714,0.2368421052631578,2.876315789473684,,59,13,-0.2513514097581535,0.3389830508474576,0.9392952091081728,0.0,0.2941176470588235,1.5676470588235294,0.271
2026-09-10,Oklahoma State,Big 12,2026,88,12,-0.070655818794617,0.3636363636363636,1.0309825186683157,0.5,0.2222222222222222,2.7916666666666665,,58,12,0.1864318063964714,0.4137931034482758,1.0851431714647468,1.0,0.1515151515151515,2.763636363636364,0.121
2026-09-10,Old Dominion,Sun Belt,2026,57,12,0.2183864577720761,0.4210526315789473,1.403199988382679,0.3333333333333333,0.25,2.7475,,61,11,-0.2098210149796944,0.2622950819672131,1.0102859391372834,0.5,0.2368421052631578,2.281578947368421,0.246
2026-09-10,Ole Miss,SEC,2026,80,13,0.2976736148603684,0.4625,1.3097367268750522,0.6363636363636364,0.1428571428571428,3.083333333333333,,68,13,0.3886189696343456,0.4558823529411764,1.5103542544262112,0.8,0.25,2.325,0.162
2026-09-10,Oregon,Big Ten,2026,64,13,0.2770903671236243,0.453125,1.5147413609415246,0.6666666666666666,0.125,3.2375,,67,13,0.112630052976283,0.3582089552238806,1.0180962329024892,1.0,0.1212121212121212,2.9212121212121214,0.134
2026-09-10,Oregon State,Pac-12,2026,74,12,0.1828788459074729,0.4054054054054054,1.341138665590374,0.5,0.0476190476190476,2.833333333333333,,74,11,0.3122472695613982,0.5,1.2537336272714703,0.8571428571428571,0.15,3.3325,0.135
2026-09-10,Penn State,Big Ten,2026,74,12,0.4220959538823401,0.5135135135135135,1.2946795341133903,0.8571428571428571,0.1363636363636363,3.1204545454545456,,55,12,-0.1678505565616108,0.2909090909090909,0.8874228649697032,0.5,0.4166666666666667,1.0458333333333334,0.255
2026-09-10,Pittsburgh,ACC,2026,77,12,0.4266562668926378,0.5454545454545454,1.338185183481556,0.6,0.2,3.2466666666666666,,59,12,0.1140105096966495,0.3220338983050847,1.5292950729514845,1.0,0.1578947368421052,2.1894736842105265,0.102
2026-09-10,Purdue,Big Ten,2026,74,10,0.3720946010569115,0.5,1.1765932198339826,1.0,0.0526315789473684,3.713157894736842,,48,10,0.0076184507009966,0.2708333333333333,2.3625129116735217,1.0,0.3809523809523809,1.7857142857142858,0.292
2026-09-10,Rice,American Athletic,2026,82,10,0.2330716591590226,0.5365853658536586,0.9398508399655154,0.7142857142857143,0.0714285714285714,4.098571428571429,,59,9,-0.1237149255808005,0.3050847457627119,1.1672615609152817,0.3333333333333333,0.1818181818181818,2.8151515151515154,0.22
2026-09-10,Rutgers,Big Ten,2026,63,12,0.2030959004306255,0.3968253968253968,1.561455323235606,0.6,0.25,1.93,,65,12,0.3299726417466155,0.5230769230769231,1.040597861761411,0.7142857142857143,0.175,3.375,0.092
2026-09-10,Sacramento State,Mid-American,2026,136,28,0.1433571306032177,0.4117647058823529,1.2100326346283852,0.7142857142857143,0.2758620689655172,2.3344827586206898,,123,28,-0.0377164501393858,0.3170731707317073,1.249205121713904,0.8,0.1724137931034483,2.446551724137931,0.179
2026-09-10,Sam Houston,Conference USA,2026,70,12,0.1679615358354406,0.4714285714285714,1.2051346981627544,0.5,0.4,1.775,,69,14,0.1569078614264043,0.3333333333333333,1.656527031513981,0.0,0.282051282051282,2.6666666666666665,0.217
2026-09-10,San Diego State,Pac-12,2026,64,12,0.2275570300504772,0.46875,1.1621448616114909,0.5454545454545454,0.225,3.11,,81,14,0.0271101214147896,0.419753086419753,0.8928353503546071,0.8333333333333334,0.1034482758620689,3.213793103448276,0.099
2026-09-10,San José State,Mountain West,2026,135,26,0.1654454108123683,0.3777777777777777,1.403736148990978,0.5,0.2241379310344827,2.8948275862068966,,146,24,0.1926127829579521,0.4863013698630137,0.9437116819457052,0.9333333333333332,0.1269841269841269,3.0793650793650795,0.116
2026-09-10,SMU,ACC,2026,67,11,0.3731393852771628,0.5522388059701493,1.2869920757845814,0.6666666666666666,0.1290322580645161,3.2774193548387096,,67,12,0.1942759989222807,0.373134328358209,1.4367549195963938,0.3333333333333333,0.1219512195121951,3.1926829268292685,0.06
2026-09-10,South Alabama,Sun Belt,2026,88,11,0.1679081659755002,0.4204545454545454,1.1090388260054005,0.8,0.1403508771929824,3.333333333333333,,37,10,0.1680093831906549,0.4054054054054054,1.3108139148186486,0.25,0.3125,1.46875,0.297
2026-09-10,South Carolina,SEC,2026,74,10,0.6831768049116431,0.6891891891891891,1.208883909759148,0.8333333333333334,0.0769230769230769,4.058974358974359,,49,10,-0.0380765202042578,0.2653061224489796,1.461049533469705,0.5,0.2083333333333333,2.7333333333333334,0.143
2026-09-10,Southern Miss,Sun Belt,2026,85,12,0.4021821758857622,0.5882352941176471,1.0704689502182791,0.8461538461538461,0.0701754385964912,4.026315789473684,,61,13,-0.1276766015263514,0.2131147540983606,1.646759392614464,,0.3142857142857143,2.037142857142857,0.213
2026-09-10,South Florida,American Athletic,2026,58,9,-0.0627460596868576,0.4310344827586206,0.6493252074099518,0.8,0.2432432432432432,2.216216216216216,,76,10,0.1106554334008039,0.3815789473684211,1.1286561605558318,0.5,0.25,2.4875,0.158
2026-09-10,Stanford,ACC,2026,139,24,0.1808381606267126,0.39568345323741,1.1457214486158334,0.8571428571428571,0.1694915254237288,2.886440677966102,,145,25,0.245147869709458,0.4482758620689655,1.3156744634857456,1.0,0.1509433962264151,2.922641509433962,0.124
2026-09-10,Syracuse,ACC,2026,78,13,0.35126503570932,0.5256410256410257,1.3123860866084411,0.875,0.15,3.5125,,63,14,-0.2563055947546812,0.2698412698412698,0.8887481994400394,0.75,0.2333333333333333,1.6033333333333333,0.254
2026-09-10,TCU,Big 12,2026,72,10,-0.0458685004165221,0.3333333333333333,1.216164722081157,0.8,0.1944444444444444,2.4472222222222224,,58,10,0.1071523441641766,0.4655172413793103,0.9192743541669988,0.0,0.1481481481481481,3.425925925925926,0.155
2026-09-10,Temple,American Athletic,2026,63,10,0.1701631807567049,0.4603174603174603,1.1362662343770378,0.8571428571428571,0.1860465116279069,2.9465116279069767,,62,12,-0.0226790900205711,0.3870967741935484,1.1767906357894466,0.8,0.2857142857142857,2.317857142857143,0.226
2026-09-10,Tennessee,SEC,2026,74,13,0.5691980477008708,0.581081081081081,1.2840787312058908,0.8333333333333334,0.108695652173913,3.771739130434783,,60,14,-0.1261539060436249,0.25,1.167568813131016,0.0,0.2758620689655172,2.996551724137931,0.267
2026-09-10,Texas,SEC,2026,70,9,0.4586510146705653,0.5,1.579697637253443,0.8,0.2857142857142857,2.5342857142857143,,73,11,0.1390521539854218,0.410958904109589,1.1274872950767767,0.6,0.2051282051282051,2.6256410256410256,0.205
2026-09-10,Texas A&M,SEC,2026,89,12,0.3513233344986824,0.5842696629213483,1.0755940232268968,1.0,0.1041666666666666,3.925,,41,11,-0.2441222919654586,0.1707317073170731,0.9332823449213844,0.5,0.2608695652173913,1.6434782608695653,0.293
2026-09-10,Texas State,Pac-12,2026,73,11,0.1390521539854218,0.410958904109589,1.1274872950767767,0.6,0.2051282051282051,2.6256410256410256,,70,9,0.4586510146705653,0.5,1.579697637253443,0.8,0.2857142857142857,2.5342857142857143,0.171
2026-09-10,Texas Tech,Big 12,2026,74,11,0.2785300204187715,0.5,1.0471550507298784,0.7777777777777778,0.1538461538461538,3.3461538461538463,,63,10,-0.1380251385043791,0.2698412698412698,1.2673339554332412,0.5,0.1923076923076923,2.8384615384615386,0.238
2026-09-10,Toledo,Mid-American,2026,42,10,0.2841846990486799,0.2857142857142857,2.3449878397908352,0.0,0.4444444444444444,1.1388888888888888,,85,11,0.022631845773767,0.3764705882352941,1.097389911197236,0.3333333333333333,0.2127659574468085,2.797872340425532,0.106
2026-09-10,Troy,Sun Belt,2026,69,14,0.1569078614264043,0.3333333333333333,1.656527031513981,0.0,0.282051282051282,2.6666666666666665,,70,12,0.1679615358354406,0.4714285714285714,1.2051346981627544,0.5,0.4,1.775,0.229
2026-09-10,Tulane,American Athletic,2026,55,12,0.0040917519043523,0.3090909090909091,0.7971508910071232,1.0,0.1304347826086956,2.9565217391304346,,78,13,-0.0505656875484706,0.2948717948717949,1.239953895912352,1.0,0.1836734693877551,3.0408163265306123,0.09
2026-09-10,Tulsa,American Athletic,2026,58,12,0.1864318063964714,0.4137931034482758,1.0851431714647468,1.0,0.1515151515151515,2.763636363636364,,88,12,-0.070655818794617,0.3636363636363636,1.0309825186683157,0.5,0.2222222222222222,2.7916666666666665,0.102
2026-09-10,UAB,American Athletic,2026,79,8,0.1391305222352757,0.430379746835443,1.246176627641464,0.75,0.1304347826086956,3.252173913043478,,44,8,0.5293505291335725,0.5681818181818182,1.3542485462010816,0.6,0.2307692307692307,2.976923076923077,0.045
2026-09-10,UCF,Big 12,2026,62,13,0.5493339803795543,0.5645161290322581,1.4108685998253796,1.0,0.081081081081081,4.386486486486486,,62,15,-0.1629071620565535,0.2096774193548387,1.219168347266829,1.0,0.3157894736842105,1.923684210526316,0.226
2026-09-10,UCLA,Big Ten,2026,53,14,0.4197846779080366,0.5660377358490566,1.2513254603824528,1.0,0.0344827586206896,4.813793103448276,,89,14,0.1330628286155295,0.3370786516853932,1.4836215579250065,0.6666666666666666,0.2051282051282051,2.528205128205128,0.191
2026-09-10,UConn,FBS Independents,2026,74,14,0.5732783853066649,0.5135135135135135,1.5911999117333786,0.3333333333333333,0.15,3.855,,72,13,-0.1583014250977013,0.2777777777777778,0.8956382174474538,0.6666666666666666,0.2142857142857142,2.3857142857142857,0.153
2026-09-10,UL Monroe,Sun Belt,2026,71,13,-0.0252092266627155,0.2957746478873239,1.0528206054479607,0.4,0.1052631578947368,2.860526315789474,,79,13,0.6380275101586687,0.5822784810126582,1.4780996639334054,1.0,0.1351351351351351,4.127027027027027,0.101
2026-09-10,UNLV,Mountain West,2026,145,25,0.1200261378324966,0.3517241379310344,1.4413345772565798,0.6666666666666666,0.1428571428571428,3.3025974025974025,,137,23,0.0892851354528906,0.3941605839416058,1.1660859456751205,0.7142857142857143,0.1129032258064516,3.875806451612904,0.168
2026-09-10,USC,Big Ten,2026,146,20,0.363397412337942,0.6027397260273972,1.036874418468907,0.8,0.1818181818181818,3.1818181818181817,,102,20,-0.0273655770706078,0.3431372549019608,1.1708350034918942,0.0,0.2340425531914893,2.363829787234043,0.157
2026-09-10,Utah,Big 12,2026,77,13,0.5107474991645495,0.5714285714285714,1.3617321828088478,0.75,0.1428571428571428,4.116326530612245,,62,13,0.1373547685990896,0.3387096774193548,1.262352149239576,1.0,0.2,2.256666666666667,0.129
2026-09-10,Utah State,Pac-12,2026,89,12,0.0953408762518156,0.4269662921348314,1.1945320367732557,0.25,0.1627906976744186,3.4511627906976745,,65,13,0.0339441781809636,0.3538461538461538,1.0966029950577263,0.6666666666666666,0.1785714285714285,2.242857142857143,0.092
2026-09-10,UTEP,Mountain West,2026,59,13,-0.2513514097581535,0.3389830508474576,0.9392952091081728,0.0,0.2941176470588235,1.5676470588235294,,60,11,0.3871905835315659,0.55,1.1941828089991482,0.5714285714285714,0.2368421052631578,2.876315789473684,0.117
2026-09-10,UTSA,American Athletic,2026,60,12,0.5144231919895464,0.6333333333333333,1.0998644890074278,1.0,0.1034482758620689,3.7655172413793103,,82,13,-0.0637788059466083,0.3780487804878049,1.0540254394047484,0.3333333333333333,0.1818181818181818,3.118181818181818,0.183
2026-09-10,Vanderbilt,SEC,2026,63,8,0.2825170243631735,0.4761904761904761,1.061975081924216,0.75,0.081081081081081,3.5,,47,10,0.0290448960751272,0.3404255319148936,1.186345828828299,1.0,0.2105263157894736,3.226315789473684,0.128
2026-09-10,Virginia,ACC,2026,71,12,0.2726220404086543,0.4788732394366197,1.0612371845133193,0.8333333333333334,0.1428571428571428,3.305357142857143,,51,12,-0.1438403681738571,0.3137254901960784,0.533800638173952,1.0,0.1363636363636363,3.140909090909091,0.255
2026-09-10,Virginia Tech,ACC,2026,74,14,0.5374711897037322,0.6486486486486487,1.1019539523073911,0.9,0.024390243902439,4.102439024390244,,57,15,-0.4448745270780552,0.087719298245614,1.8471598449248687,,0.5897435897435898,-0.2461538461538461,0.386
2026-09-10,Wake Forest,ACC,2026,68,11,0.4775889473352314,0.4264705882352941,1.5275719114401596,0.8,0.15625,3.265625,,70,11,0.0219793074667645,0.5,0.7212615614875549,0.6,0.1818181818181818,3.103030303030303,0.143
2026-09-10,Washington,Big Ten,2026,64,12,0.0779716429331925,0.46875,1.0665805293728612,0.5,0.25,2.753571428571429,,58,11,-0.0327383497923566,0.3103448275862069,1.0264346254160943,,0.3103448275862069,2.310344827586207,0.293
2026-09-10,Washington State,Pac-12,2026,58,11,-0.0327383497923566,0.3103448275862069,1.0264346254160943,0.0,0.3103448275862069,2.310344827586207,,64,12,0.0779716429331925,0.46875,1.0665805293728612,0.5,0.25,2.753571428571429,0.078
2026-09-10,Western Kentucky,Conference USA,2026,84,12,0.0656228862120106,0.4404761904761904,0.9007840660809396,0.6666666666666666,0.1951219512195122,2.995121951219512,,59,12,0.556278847672138,0.5084745762711864,1.6496693482013214,0.8571428571428571,0.1904761904761904,3.530952380952381,0.068
2026-09-10,Western Michigan,Mid-American,2026,70,11,-0.0368689615872864,0.3285714285714285,1.0681220061704584,0.6666666666666666,0.1818181818181818,2.6613636363636366,,48,10,0.2355175415917992,0.4375,1.0790058466360366,0.75,0.0833333333333333,3.395833333333333,0.167
2026-09-10,West Virginia,Big 12,2026,77,14,0.1253120460127239,0.4155844155844156,1.017712015705272,0.75,0.15,2.725,,65,13,0.2190866513645281,0.4307692307692308,1.513683842396193,0.6666666666666666,0.32,1.944,0.262
2026-09-10,Wisconsin,Big Ten,2026,61,10,0.0717450532807693,0.3770491803278688,1.2644111837126035,0.75,0.2068965517241379,2.358620689655172,,63,10,0.34906816757153,0.4603174603174603,1.111044132357502,0.75,0.032258064516129,2.770967741935484,0.111
2026-09-10,Wyoming,Mountain West,2026,55,11,-0.0251076991146114,0.4181818181818181,0.899961606833427,1.0,0.1212121212121212,3.3545454545454545,,68,11,0.3012418203750481,0.4852941176470588,1.2087905981747544,1.0,0.2121212121212121,2.4939393939393937,0.118
2026-09-11,Air Force,Mountain West,2026,79,9,0.398894580108972,0.5443037974683544,0.9961783497840124,1.0,0.0422535211267605,4.357746478873239,,45,9,-0.248118563368299,0.2222222222222222,1.1005872277594584,1.0,0.25,2.47,0.178
2026-09-11,Akron,Mid-American,2026,70,11,0.0219793074667645,0.5,0.7212615614875549,0.6,0.1818181818181818,3.103030303030303,,68,11,0.4775889473352314,0.4264705882352941,1.5275719114401596,0.8,0.15625,3.265625,0.132
2026-09-11,Alabama,SEC,2026,80,11,0.2921555691005923,0.525,1.1065101966937536,0.8333333333333334,0.1666666666666666,3.25,,41,12,-0.1985433161778543,0.2195121951219512,1.548265437530798,0.0,0.3684210526315789,0.131578947368421,0.195
2026-09-11,App State,Sun Belt,2026,74,10,0.607856950791685,0.6486486486486487,1.2037359766532605,1.0,0.1025641025641025,3.587179487179488,,61,11,-0.070753508433127,0.3114754098360656,1.2470294348667017,0.0,0.3076923076923077,1.696153846153846,0.213
2026-09-11,Arizona,Big 12,2026,74,13,0.2162055092878395,0.6081081081081081,0.9333031860410906,1.0,0.0303030303030303,4.409090909090909,,53,11,-0.2286260997681982,0.1698113207547169,1.7768342308359768,,0.4375,1.33125,0.34
2026-09-11,Arizona State,Big 12,2026,71,12,0.6811056989560571,0.5774647887323944,1.6060940675308155,1.0,0.1428571428571428,3.145714285714286,,52,12,-0.0543715412788205,0.3076923076923077,0.9935711179315884,0.6666666666666666,0.0869565217391304,3.0217391304347827,0.115
2026-09-11,Arkansas,SEC,2026,84,13,0.1762496985985374,0.5238095238095238,0.9434584968366112,0.7777777777777778,0.217391304347826,2.5804347826086955,,45,13,-0.0746171455673535,0.2666666666666666,1.053617978511065,,0.2631578947368421,1.8473684210526315,0.222
2026-09-11,Arkansas State,Sun Belt,2026,60,12,0.1251568147001252,0.5,1.25818527156254,0.8333333333333334,0.1153846153846153,3.2192307692307693,,65,12,0.4907125992882863,0.4923076923076923,1.4906452469735614,0.6,0.1276595744680851,3.546808510638298,0.092
2026-09-11,Army,American Athletic,2026,72,12,0.68581428710163,0.6527777777777778,1.287193457096531,0.8333333333333334,0.0526315789473684,4.65438596491228,,54,11,-0.1061496906379418,0.3148148148148148,0.8508825653985219,0.6666666666666666,0.2413793103448276,2.317241379310345,0.204
2026-09-11,Auburn,SEC,2026,75,13,0.028237977212608,0.3866666666666666,1.1601768480225931,1.0,0.2285714285714285,2.6742857142857144,,101,13,0.0541744150425169,0.3861386138613861,1.2316141474915536,0.4,0.2325581395348837,2.097674418604651,0.198
2026-09-11,Ball State,Mid-American,2026,62,13,-0.2423253831274824,0.2096774193548387,1.3049899715616444,0.0,0.3181818181818182,1.2,,73,12,0.6666069358406588,0.5616438356164384,1.448948844124814,0.75,0.1818181818181818,3.3181818181818183,0.11
2026-09-11,Baylor,Big 12,2026,101,13,0.0541744150425169,0.3861386138613861,1.2316141474915536,0.4,0.2325581395348837,2.097674418604651,,75,13,0.028237977212608,0.3866666666666666,1.1601768480225931,1.0,0.2285714285714285,2.6742857142857144,0.24
2026-09-11,Boise State,Pac-12,2026,67,13,0.112630052976283,0.3582089552238806,1.0180962329024892,1.0,0.1212121212121212,2.9212121212121214,,64,13,0.2770903671236243,0.453125,1.5147413609415246,0.6666666666666666,0.125,3.2375,0.156
2026-09-11,Boston College,ACC,2026,73,11,0.1148708905860701,0.3972602739726027,1.321991243096292,1.0,0.2,3.182857142857143,,62,12,0.2410406579313317,0.3870967741935484,1.255243118893256,1.0,0.0909090909090909,3.5568181818181817,0.113
2026-09-11,Bowling Green,Mid-American,2026,66,10,0.0252616008758181,0.3939393939393939,0.9845141517309268,0.5,0.25,2.308333333333333,,59,10,0.147050749791919,0.3898305084745763,1.3986920519909742,0.5,0.25,2.909375,0.085
2026-09-11,Buffalo,Mid-American,2026,83,15,0.1523137913791646,0.3975903614457831,1.1454912933763308,1.0,0.1818181818181818,2.9909090909090907,,72,14,-0.0495205233949304,0.2916666666666667,1.290213068638229,0.6666666666666666,0.2857142857142857,2.35,0.194
2026-09-11,BYU,Big 12,2026,70,11,0.5424702666968887,0.6571428571428571,1.0634948151667478,0.8333333333333334,0.0666666666666666,4.348888888888889,,57,12,-0.1092276625777366,0.3157894736842105,1.1129858127235353,1.0,0.25,1.5375,0.193
2026-09-11,California,ACC,2026,89,14,0.1330628286155295,0.3370786516853932,1.4836215579250065,0.6666666666666666,0.2051282051282051,2.528205128205128,,53,14,0.4197846779080366,0.5660377358490566,1.2513254603824528,1.0,0.0344827586206896,4.813793103448276,0.17
2026-09-11,Central Michigan,Mid-American,2026,49,10,-0.0521819579954481,0.2653061224489796,1.2713447189179048,0.6666666666666666,0.0333333333333333,2.8266666666666667,,71,10,0.2187107716098358,0.4929577464788732,0.9281654236514942,1.0,0.0714285714285714,3.657142857142857,0.085
2026-09-11,Charlotte,American Athletic,2026,78,13,0.2859972664636527,0.4615384615384615,1.4901022812832403,0.5714285714285714,0.15625,3.43125,,64,13,0.3753893366264918,0.484375,1.3295321578112234,0.8888888888888888,0.1875,3.1395833333333334,0.109
2026-09-11,Cincinnati,Big 12,2026,62,12,0.2410406579313317,0.3870967741935484,1.255243118893256,1.0,0.0909090909090909,3.5568181818181817,,73,11,0.1148708905860701,0.3972602739726027,1.321991243096292,1.0,0.2,3.182857142857143,0.233
2026-09-11,Clemson,ACC,2026,50,13,-0.2678767676397615,0.24,0.9456595506388836,0.6666666666666666,0.3181818181818182,1.9363636363636365,,95,12,0.4186847892890937,0.5368421052631579,1.335477872163365,0.7777777777777778,0.0862068965517241,3.532758620689655,0.105
2026-09-11,Coastal Carolina,Sun Belt,2026,65,13,0.2190866513645281,0.4307692307692308,1.513683842396193,0.6666666666666666,0.32,1.944,,77,14,0.1253120460127239,0.4155844155844156,1.017712015705272,0.75,0.15,2.725,0.117
2026-09-11,Colorado,Big 12,2026,77,10,0.052210909874857,0.3766233766233766,1.1248231734306042,1.0,0.108695652173913,2.730434782608696,,54,9,0.0740220685733517,0.3703703703703703,1.2001545717095805,0.3333333333333333,0.4444444444444444,1.903703703703704,0.204
2026-09-11,Colorado State,Pac-12,2026,68,11,0.3012418203750481,0.4852941176470588,1.2087905981747544,1.0,0.2121212121212121,2.4939393939393937,,55,11,-0.0251076991146114,0.4181818181818181,0.899961606833427,1.0,0.1212121212121212,3.3545454545454545,0.255
2026-09-11,Delaware,Conference USA,2026,72,15,0.395766923303369,0.4722222222222222,1.4629954002722116,0.6,0.25,2.9035714285714285,,72,14,-0.1228539521929541,0.25,1.4441213197823703,0.0,0.1818181818181818,2.0454545454545454,0.222
2026-09-11,Duke,ACC,2026,78,13,-0.0505656875484706,0.2948717948717949,1.239953895912352,1.0,0.1836734693877551,3.0408163265306123,,55,12,0.0040917519043523,0.3090909090909091,0.7971508910071232,1.0,0.1304347826086956,2.9565217391304346,0.255
2026-09-11,East Carolina,American Athletic,2026,41,12,-0.1985433161778543,0.2195121951219512,1.548265437530798,0.0,0.3684210526315789,0.131578947368421,,80,11,0.2921555691005923,0.525,1.1065101966937536,0.8333333333333334,0.1666666666666666,3.25,0.1
2026-09-11,Eastern Michigan,Mid-American,2026,139,28,0.0137872737547518,0.3525179856115107,1.1963855437894064,0.8888888888888888,0.1851851851851851,2.401851851851852,,142,29,0.0358449996397635,0.3380281690140845,1.3282440556423494,0.6666666666666666,0.2941176470588235,2.268627450980392,0.211
2026-09-11,Florida,SEC,2026,68,11,0.6214577657732879,0.5441176470588235,1.5513849234480332,1.0,0.1,3.415,,92,12,0.1079005807865989,0.4021739130434782,1.123977189197295,0.8,0.1111111111111111,2.6666666666666665,0.185
2026-09-11,Florida Atlantic,American Athletic,2026,92,12,0.1079005807865989,0.4021739130434782,1.123977189197295,0.8,0.1111111111111111,2.6666666666666665,,68,11,0.6214577657732879,0.5441176470588235,1.5513849234480332,1.0,0.1,3.415,0.103
2026-09-11,Florida International,Conference USA,2026,76,10,0.1106554334008039,0.3815789473684211,1.1286561605558318,0.5,0.25,2.4875,,58,9,-0.0627460596868576,0.4310344827586206,0.6493252074099518,0.8,0.2432432432432432,2.216216216216216,0.155
2026-09-11,Florida State,ACC,2026,134,22,0.2424691694189232,0.4104477611940298,1.3738286847147458,0.5,0.1392405063291139,3.3063291139240505,,134,21,0.2678980507336072,0.4477611940298507,1.420966285728235,0.8333333333333334,0.1176470588235294,3.1549019607843136,0.157
2026-09-11,Fresno State,Pac-12,2026,45,10,-0.3361342907596831,0.2222222222222222,1.0430569433281442,0.0,0.25,2.0458333333333334,,69,10,0.3329910433772204,0.5362318840579711,1.2523425346671877,0.6,0.2564102564102564,2.67948717948718,0.116
2026-09-11,Georgia,SEC,2026,61,12,0.7432765199543512,0.7049180327868853,1.3166694327058304,1.0,0.074074074074074,4.692592592592592,,59,12,-0.098492900176064,0.3050847457627119,0.9076081443193394,0.5,0.3448275862068966,1.3448275862068966,0.169
2026-09-11,Georgia Southern,Sun Belt,2026,79,13,0.2444179382415293,0.4556962025316455,1.276334833492634,0.5,0.125,3.375,,63,13,-0.2948176866643922,0.1746031746031746,1.535819015192187,1.0,0.3461538461538461,0.7115384615384616,0.333
2026-09-11,Georgia State,Sun Belt,2026,71,12,0.506821618296269,0.5915492957746479,1.1174212531004228,0.8,0.0526315789473684,4.339473684210526,,55,12,-0.0651855131693598,0.2909090909090909,1.342072137645949,,0.2,2.852,0.2
2026-09-11,Georgia Tech,ACC,2026,54,9,0.0740220685733517,0.3703703703703703,1.2001545717095805,0.3333333333333333,0.4444444444444444,1.903703703703704,,77,10,0.052210909874857,0.3766233766233766,1.1248231734306042,1.0,0.108695652173913,2.730434782608696,0.143
2026-09-11,Hawai'i,Mountain West,2026,154,25,-0.0067799020486064,0.3441558441558441,1.257467947844597,0.7777777777777778,0.14,3.396,,137,25,0.246843337573555,0.4160583941605839,1.295609264698933,0.6666666666666666,0.125,3.40875,0.102
2026-09-11,Houston,Big 12,2026,74,11,0.3122472695613982,0.5,1.2537336272714703,0.8571428571428571,0.15,3.3325,,74,12,0.1828788459074729,0.4054054054054054,1.341138665590374,0.5,0.0476190476190476,2.833333333333333,0.216
2026-09-11,Illinois,Big Ten,2026,44,8,0.5293505291335725,0.5681818181818182,1.3542485462010816,0.6,0.2307692307692307,2.976923076923077,,79,8,0.1391305222352757,0.430379746835443,1.246176627641464,0.75,0.1304347826086956,3.252173913043478,0.139
2026-09-11,Indiana,Big Ten,2026,46,9,0.6535582337217621,0.5217391304347826,1.639593578555076,0.8,0.1333333333333333,2.4966666666666666,,69,10,0.1345556840920811,0.3478260869565217,1.5483256457053565,0.0,0.1351351351351351,2.983783783783784,0.13
2026-09-11,Iowa,Big Ten,2026,79,13,0.0613173930418565,0.4177215189873418,1.2457000747090123,0.2857142857142857,0.2105263157894736,3.294736842105263,,58,15,-0.3317320736505182,0.1724137931034483,1.3677541941329785,1.0,0.28,1.668,0.207
2026-09-11,Iowa State,Big 12,2026,48,12,0.2446671684503538,0.3541666666666667,1.764868764741519,0.0,0.2,2.543333333333333,,69,13,-0.0595235618745478,0.2753623188405797,1.3903288614258686,0.6666666666666666,0.1463414634146341,2.1463414634146343,0.246
2026-09-11,Jacksonville State,Conference USA,2026,118,20,0.1409216220392592,0.4661016949152542,1.2756491209849268,0.7272727272727273,0.1551724137931034,2.9517241379310346,,127,20,0.0544449670414666,0.4015748031496063,1.1417088748135955,0.625,0.2125,2.80125,0.15
2026-09-11,James Madison,Sun Belt,2026,50,9,0.2797625024195963,0.38,1.2501062601953608,0.6666666666666666,0.2258064516129032,3.07741935483871,,69,9,0.028036219506202,0.3768115942028985,1.183714063723734,0.8,0.1351351351351351,2.310810810810811,0.13
2026-09-11,Kansas,Big 12,2026,78,10,0.5690429634370339,0.5897435897435898,1.298893771602378,0.5,0.0196078431372549,3.931372549019608,,54,11,-0.1761484717280324,0.2222222222222222,1.0166439202905828,1.0,0.3666666666666666,1.22,0.296
2026-09-11,Kansas State,Big 12,2026,72,12,0.5878935481737257,0.6527777777777778,1.2411157855790529,1.0,0.1136363636363636,3.788636363636364,,61,14,-0.2760781802900377,0.2295081967213114,1.3872082973968078,0.5,0.4102564102564102,1.2461538461538462,0.295
2026-09-11,Kennesaw State,Conference USA,2026,82,14,0.2889238382699472,0.573170731707317,1.1398710550423496,0.7777777777777778,0.1521739130434782,3.265217391304348,,53,14,-0.2481023479251471,0.1509433962264151,0.8919515753149165,1.0,0.25,1.8333333333333333,0.17
2026-09-11,Kent State,Mid-American,2026,49,10,-0.0380765202042578,0.2653061224489796,1.461049533469705,0.5,0.2083333333333333,2.7333333333333334,,74,10,0.6831768049116431,0.6891891891891891,1.208883909759148,0.8333333333333334,0.0769230769230769,4.058974358974359,0.068
2026-09-11,Kentucky,SEC,2026,61,11,0.5623068202509097,0.6065573770491803,1.1980918561404976,0.8,0.1818181818181818,4.121212121212121,,67,9,0.0772411219735421,0.417910447761194,1.1461380400647427,1.0,0.1923076923076923,2.0346153846153845,0.164
2026-09-11,Liberty,Conference USA,2026,69,9,0.028036219506202,0.3768115942028985,1.183714063723734,0.8,0.1351351351351351,2.310810810810811,,50,9,0.2797625024195963,0.38,1.2501062601953608,0.6666666666666666,0.2258064516129032,3.07741935483871,0.14
2026-09-11,Louisiana,Sun Belt,2026,68,11,0.3053660874098186,0.5441176470588235,1.155678147450766,0.75,0.1794871794871795,3.607692307692308,,62,11,-0.1221986707464751,0.4032258064516129,0.9773658675896196,0.5,0.2962962962962963,2.05925925925926,0.242
2026-09-11,Louisiana Tech,Sun Belt,2026,60,14,0.5986198567843053,0.4666666666666667,1.8154251680408937,1.0,0.1351351351351351,3.3378378378378377,,63,15,-0.2386179520556736,0.1746031746031746,1.0281713988788377,1.0,0.3181818181818182,1.3227272727272728,0.333
2026-09-11,Louisville,ACC,2026,68,13,0.3460803216656118,0.4411764705882353,1.4775386222518627,0.8,0.25,2.213888888888889,,79,13,0.2926298846039504,0.4683544303797468,1.3097367268750522,0.6363636363636364,0.1219512195121951,2.8365853658536584,0.114
2026-09-11,LSU,SEC,2026,95,12,0.4186847892890937,0.5368421052631579,1.335477872163365,0.7777777777777778,0.0862068965517241,3.532758620689655,,50,13,-0.2678767676397615,0.24,0.9456595506388836,0.6666666666666666,0.3181818181818182,1.9363636363636365,0.28
2026-09-11,Marshall,Sun Belt,2026,55,12,-0.1678505565616108,0.2909090909090909,0.8874228649697032,0.5,0.4166666666666667,1.0458333333333334,,74,12,0.4220959538823401,0.5135135135135135,1.2946795341133903,0.8571428571428571,0.1363636363636363,3.1204545454545456,0.095
2026-09-11,Maryland,Big Ten,2026,79,13,0.5036550588589878,0.5949367088607594,1.2417666249097736,0.8333333333333334,0.125,4.405,,52,13,-0.2430595105951239,0.2307692307692307,0.9748639489021425,0.3333333333333333,0.3076923076923077,1.3115384615384615,0.269
2026-09-11,Massachusetts,Mid-American,2026,65,12,0.3299726417466155,0.5230769230769231,1.040597861761411,0.7142857142857143,0.175,3.375,,63,12,0.2030959004306255,0.3968253968253968,1.561455323235606,0.6,0.25,1.93,0.27
2026-09-11,Memphis,American Athletic,2026,124,24,0.3942942997514205,0.4838709677419355,1.3027581020209116,0.7142857142857143,0.1,3.74625,,141,25,0.1058050876927993,0.4042553191489361,1.354451927678599,0.8888888888888888,0.15,2.955,0.177
2026-09-11,Miami,ACC,2026,143,26,0.6017197238170313,0.6293706293706294,1.2967522682152877,1.0,0.1184210526315789,3.931578947368421,,113,24,-0.0763543605265422,0.3008849557522124,0.9249723221683476,0.5,0.2682926829268293,2.3,0.159
2026-09-11,Miami (OH),Mid-American,2026,59,12,0.1140105096966495,0.3220338983050847,1.5292950729514845,1.0,0.1578947368421052,2.1894736842105265,,77,12,0.4266562668926378,0.5454545454545454,1.338185183481556,0.6,0.2,3.2466666666666666,0.078
2026-09-11,Michigan,Big Ten,2026,48,10,0.2355175415917992,0.4375,1.0790058466360366,0.75,0.0833333333333333,3.395833333333333,,70,11,-0.0368689615872864,0.3285714285714285,1.0681220061704584,0.6666666666666666,0.1818181818181818,2.6613636363636366,0.157
2026-09-11,Michigan State,Big Ten,2026,85,11,0.022631845773767,0.3764705882352941,1.097389911197236,0.3333333333333333,0.2127659574468085,2.797872340425532,,42,10,0.2841846990486799,0.2857142857142857,2.3449878397908352,0.0,0.4444444444444444,1.1388888888888888,0.262
2026-09-11,Middle Tennessee,Conference USA,2026,50,8,0.401691514611645,0.5,1.3001270636879156,0.5,0.0909090909090909,4.445454545454545,,50,9,0.1356520793081277,0.44,1.1883566697542824,0.8333333333333334,0.1481481481481481,3.1259259259259258,0.1
2026-09-11,Minnesota,Big Ten,2026,73,10,0.3421457792096198,0.6027397260273972,0.9752231854912968,0.6666666666666666,0.2307692307692307,2.4615384615384617,,46,13,-0.3840088027265944,0.108695652173913,1.6579740660748787,0.0,0.4444444444444444,1.325925925925926,0.283
2026-09-11,Mississippi State,SEC,2026,79,13,0.6380275101586687,0.5822784810126582,1.4780996639334054,1.0,0.1351351351351351,4.127027027027027,,71,13,-0.0252092266627155,0.2957746478873239,1.0528206054479607,0.4,0.1052631578947368,2.860526315789474,0.155
2026-09-11,Missouri,SEC,2026,79,12,0.3784876683810738,0.569620253164557,1.188936592060183,0.5714285714285714,0.1590909090909091,3.5454545454545454,,54,11,0.0165177642353872,0.2777777777777778,1.51228387460059,1.0,0.25,2.8321428571428573,0.167
2026-09-11,Missouri State,Conference USA,2026,41,11,-0.2441222919654586,0.1707317073170731,0.9332823449213844,0.5,0.2608695652173913,1.6434782608695653,,89,12,0.3513233344986824,0.5842696629213483,1.0755940232268968,1.0,0.1041666666666666,3.925,0.124
2026-09-11,Navy,American Athletic,2026,79,9,0.4802728873687856,0.6329113924050633,1.0216068152464193,1.0,0.0547945205479452,4.2753424657534245,,42,9,0.0528506485666738,0.2857142857142857,1.901970348855324,,0.1764705882352941,3.264705882352941,0.119
2026-09-11,NC State,ACC,2026,51,12,-0.1438403681738571,0.3137254901960784,0.533800638173952,1.0,0.1363636363636363,3.140909090909091,,71,12,0.2726220404086543,0.4788732394366197,1.0612371845133193,0.8333333333333334,0.1428571428571428,3.305357142857143,0.056
2026-09-11,Nebraska,Big Ten,2026,74,11,0.4925288347703889,0.5135135135135135,1.5427897743871417,0.8333333333333334,0.15,3.675,,68,12,0.1275262112846398,0.3529411764705882,1.3292957874323883,1.0,0.1290322580645161,3.396774193548388,0.206
2026-09-11,Nevada,Mountain West,2026,59,12,0.556278847672138,0.5084745762711864,1.6496693482013214,0.8571428571428571,0.1904761904761904,3.530952380952381,,84,12,0.0656228862120106,0.4404761904761904,0.9007840660809396,0.6666666666666666,0.1951219512195122,2.995121951219512,0.119
2026-09-11,New Mexico,Mountain West,2026,71,10,0.2187107716098358,0.4929577464788732,0.9281654236514942,1.0,0.0714285714285714,3.657142857142857,,49,10,-0.0521819579954481,0.2653061224489796,1.2713447189179048,0.6666666666666666,0.0333333333333333,2.8266666666666667,0.204
2026-09-11,New Mexico State,Conference USA,2026,133,22,0.288950842507434,0.4210526315789473,1.5581760293115774,0.6666666666666666,0.15,3.341666666666667,,126,23,0.1326270064301136,0.4047619047619047,1.2608012888937177,0.8,0.2063492063492063,3.13015873015873,0.135
2026-09-11,North Carolina,ACC,2026,58,10,0.1071523441641766,0.4655172413793103,0.9192743541669988,0.0,0.1481481481481481,3.425925925925926,,72,10,-0.0458685004165221,0.3333333333333333,1.216164722081157,0.8,0.1944444444444444,2.4472222222222224,0.153
2026-09-11,North Dakota State,Mountain West,2026,138,19,0.2389024157458295,0.4565217391304347,1.159685581066689,0.6666666666666666,0.1728395061728395,3.011111111111111,,105,21,-0.3131041177462083,0.3047619047619048,0.9891098805419768,0.5,0.2115384615384615,1.7596153846153846,0.21
2026-09-11,Northern Illinois,Mountain West,2026,58,15,-0.3317320736505182,0.1724137931034483,1.3677541941329785,1.0,0.28,1.668,,79,13,0.0613173930418565,0.4177215189873418,1.2457000747090123,0.2857142857142857,0.2105263157894736,3.294736842105263,0.114
2026-09-11,North Texas,American Athletic,2026,69,10,0.1345556840920811,0.3478260869565217,1.5483256457053565,0.0,0.1351351351351351,2.983783783783784,,46,9,0.6535582337217621,0.5217391304347826,1.639593578555076,0.8,0.1333333333333333,2.4966666666666666,0.043
2026-09-11,Northwestern,Big Ten,2026,55,11,0.4796492784465596,0.509090909090909,1.4850398029259404,1.0,0.1071428571428571,3.95,,90,12,0.1283813331936487,0.4222222222222222,1.0576414342835372,0.7777777777777778,0.131578947368421,3.305263157894737,0.189
2026-09-11,Notre Dame,FBS Independents,2026,63,10,0.34906816757153,0.4603174603174603,1.111044132357502,0.75,0.032258064516129,2.770967741935484,,61,10,-0.0430090450798864,0.3770491803278688,1.2644111837126035,0.75,0.2068965517241379,2.358620689655172,0.213
2026-09-11,Ohio,Mid-American,2026,68,12,0.1275262112846398,0.3529411764705882,1.3292957874323883,1.0,0.1290322580645161,3.396774193548388,,74,11,0.4925288347703889,0.5135135135135135,1.5427897743871417,0.8333333333333334,0.15,3.675,0.149
2026-09-11,Ohio State,Big Ten,2026,73,12,0.6666069358406588,0.5616438356164384,1.448948844124814,0.75,0.1818181818181818,3.3181818181818183,,62,13,-0.2423253831274824,0.2096774193548387,1.3049899715616444,,0.3181818181818182,1.2,0.226
2026-09-11,Oklahoma,SEC,2026,60,11,0.3871905835315659,0.55,1.1941828089991482,0.5714285714285714,0.2368421052631578,2.876315789473684,,59,13,-0.2513514097581535,0.3389830508474576,0.9392952091081728,0.0,0.2941176470588235,1.5676470588235294,0.271
2026-09-11,Oklahoma State,Big 12,2026,88,12,-0.070655818794617,0.3636363636363636,1.0309825186683157,0.5,0.2222222222222222,2.7916666666666665,,58,12,0.1864318063964714,0.4137931034482758,1.0851431714647468,1.0,0.1515151515151515,2.763636363636364,0.121
2026-09-11,Old Dominion,Sun Belt,2026,57,12,0.2183864577720761,0.4210526315789473,1.403199988382679,0.3333333333333333,0.25,2.7475,,61,11,-0.2098210149796944,0.2622950819672131,1.0102859391372834,0.5,0.2368421052631578,2.281578947368421,0.246
2026-09-11,Ole Miss,SEC,2026,79,13,0.2926298846039504,0.4683544303797468,1.3097367268750522,0.6363636363636364,0.1219512195121951,2.8365853658536584,,68,13,0.3460803216656118,0.4411764705882353,1.4775386222518627,0.8,0.25,2.213888888888889,0.162
2026-09-11,Oregon,Big Ten,2026,64,13,0.2770903671236243,0.453125,1.5147413609415246,0.6666666666666666,0.125,3.2375,,67,13,0.112630052976283,0.3582089552238806,1.0180962329024892,1.0,0.1212121212121212,2.9212121212121214,0.134
2026-09-11,Oregon State,Pac-12,2026,74,12,0.1828788459074729,0.4054054054054054,1.341138665590374,0.5,0.0476190476190476,2.833333333333333,,74,11,0.3122472695613982,0.5,1.2537336272714703,0.8571428571428571,0.15,3.3325,0.135
2026-09-11,Penn State,Big Ten,2026,74,12,0.4220959538823401,0.5135135135135135,1.2946795341133903,0.8571428571428571,0.1363636363636363,3.1204545454545456,,55,12,-0.1678505565616108,0.2909090909090909,0.8874228649697032,0.5,0.4166666666666667,1.0458333333333334,0.255
2026-09-11,Pittsburgh,ACC,2026,77,12,0.4266562668926378,0.5454545454545454,1.338185183481556,0.6,0.2,3.2466666666666666,,59,12,0.1140105096966495,0.3220338983050847,1.5292950729514845,1.0,0.1578947368421052,2.1894736842105265,0.102
2026-09-11,Purdue,Big Ten,2026,74,10,0.3720946010569115,0.5,1.1765932198339826,1.0,0.0526315789473684,3.713157894736842,,48,10,0.0076184507009966,0.2708333333333333,2.3625129116735217,1.0,0.3809523809523809,1.7857142857142858,0.292
2026-09-11,Rice,American Athletic,2026,82,10,0.2330716591590226,0.5365853658536586,0.9398508399655154,0.7142857142857143,0.0714285714285714,4.098571428571429,,59,9,-0.1237149255808005,0.3050847457627119,1.1672615609152817,0.3333333333333333,0.1818181818181818,2.8151515151515154,0.22
2026-09-11,Rutgers,Big Ten,2026,63,12,0.2030959004306255,0.3968253968253968,1.561455323235606,0.6,0.25,1.93,,65,12,0.3299726417466155,0.5230769230769231,1.040597861761411,0.7142857142857143,0.175,3.375,0.092
2026-09-11,Sacramento State,Mid-American,2026,136,28,0.1433571306032177,0.4117647058823529,1.2100326346283852,0.7142857142857143,0.2758620689655172,2.3344827586206898,,123,28,-0.0377164501393858,0.3170731707317073,1.249205121713904,0.8,0.1724137931034483,2.446551724137931,0.179
2026-09-11,Sam Houston,Conference USA,2026,70,12,0.1679615358354406,0.4714285714285714,1.2051346981627544,0.5,0.4,1.775,,69,14,0.1569078614264043,0.3333333333333333,1.656527031513981,0.0,0.282051282051282,2.6666666666666665,0.217
2026-09-11,San Diego State,Pac-12,2026,64,12,0.2275570300504772,0.46875,1.1621448616114909,0.5454545454545454,0.225,3.11,,81,14,0.0271101214147896,0.419753086419753,0.8928353503546071,0.8333333333333334,0.1034482758620689,3.213793103448276,0.099
2026-09-11,San José State,Mountain West,2026,135,26,0.1654454108123683,0.3777777777777777,1.403736148990978,0.5,0.2241379310344827,2.8948275862068966,,146,24,0.1926127829579521,0.4863013698630137,0.9437116819457052,0.9333333333333332,0.1269841269841269,3.0793650793650795,0.116
2026-09-11,SMU,ACC,2026,67,11,0.3731393852771628,0.5522388059701493,1.2869920757845814,0.6666666666666666,0.1290322580645161,3.2774193548387096,,67,12,0.1942759989222807,0.373134328358209,1.4367549195963938,0.3333333333333333,0.1219512195121951,3.180487804878049,0.179
2026-09-11,South Alabama,Sun Belt,2026,88,11,0.1679081659755002,0.4204545454545454,1.1090388260054005,0.8,0.1403508771929824,3.333333333333333,,37,10,0.1680093831906549,0.4054054054054054,1.3108139148186486,0.25,0.3125,1.46875,0.297
2026-09-11,South Carolina,SEC,2026,74,10,0.6831768049116431,0.6891891891891891,1.208883909759148,0.8333333333333334,0.0769230769230769,4.058974358974359,,49,10,-0.0380765202042578,0.2653061224489796,1.461049533469705,0.5,0.2083333333333333,2.7333333333333334,0.143
2026-09-11,Southern Miss,Sun Belt,2026,85,12,0.4021821758857622,0.5882352941176471,1.0704689502182791,0.8461538461538461,0.0701754385964912,4.026315789473684,,61,13,-0.1276766015263514,0.2131147540983606,1.646759392614464,,0.3142857142857143,2.037142857142857,0.213
2026-09-11,South Florida,American Athletic,2026,58,9,-0.0627460596868576,0.4310344827586206,0.6493252074099518,0.8,0.2432432432432432,2.216216216216216,,76,10,0.1106554334008039,0.3815789473684211,1.1286561605558318,0.5,0.25,2.4875,0.158
2026-09-11,Stanford,ACC,2026,139,24,0.1808381606267126,0.39568345323741,1.1457214486158334,0.8571428571428571,0.1694915254237288,2.886440677966102,,145,25,0.245147869709458,0.4482758620689655,1.3156744634857456,1.0,0.1509433962264151,2.922641509433962,0.124
2026-09-11,Syracuse,ACC,2026,78,13,0.35126503570932,0.5256410256410257,1.3123860866084411,0.875,0.15,3.5125,,63,14,-0.2563055947546812,0.2698412698412698,0.8887481994400394,0.75,0.2333333333333333,1.6033333333333333,0.254
2026-09-11,TCU,Big 12,2026,72,10,-0.0458685004165221,0.3333333333333333,1.216164722081157,0.8,0.1944444444444444,2.4472222222222224,,58,10,0.1071523441641766,0.4655172413793103,0.9192743541669988,0.0,0.1481481481481481,3.425925925925926,0.155
2026-09-11,Temple,American Athletic,2026,63,10,0.1701631807567049,0.4603174603174603,1.1362662343770378,0.8571428571428571,0.1860465116279069,2.9465116279069767,,62,12,-0.0226790900205711,0.3870967741935484,1.1767906357894466,0.8,0.2857142857142857,2.317857142857143,0.226
2026-09-11,Tennessee,SEC,2026,74,13,0.5691980477008708,0.581081081081081,1.2840787312058908,0.8333333333333334,0.108695652173913,3.771739130434783,,60,14,-0.1261539060436249,0.25,1.167568813131016,0.0,0.2758620689655172,2.996551724137931,0.267
2026-09-11,Texas,SEC,2026,70,9,0.4586510146705653,0.5,1.579697637253443,0.8,0.2857142857142857,2.5342857142857143,,73,11,0.1390521539854218,0.410958904109589,1.1274872950767767,0.6,0.2051282051282051,2.6256410256410256,0.205
2026-09-11,Texas A&M,SEC,2026,89,12,0.3513233344986824,0.5842696629213483,1.0755940232268968,1.0,0.1041666666666666,3.925,,41,11,-0.2441222919654586,0.1707317073170731,0.9332823449213844,0.5,0.2608695652173913,1.6434782608695653,0.293
2026-09-11,Texas State,Pac-12,2026,73,11,0.1390521539854218,0.410958904109589,1.1274872950767767,0.6,0.2051282051282051,2.6256410256410256,,70,9,0.4586510146705653,0.5,1.579697637253443,0.8,0.2857142857142857,2.5342857142857143,0.171
2026-09-11,Texas Tech,Big 12,2026,74,11,0.2785300204187715,0.5,1.0471550507298784,0.7777777777777778,0.1538461538461538,3.3461538461538463,,63,10,-0.1380251385043791,0.2698412698412698,1.2673339554332412,0.5,0.1923076923076923,2.8384615384615386,0.238
2026-09-11,Toledo,Mid-American,2026,42,10,0.2841846990486799,0.2857142857142857,2.3449878397908352,0.0,0.4444444444444444,1.1388888888888888,,85,11,0.022631845773767,0.3764705882352941,1.097389911197236,0.3333333333333333,0.2127659574468085,2.797872340425532,0.106
2026-09-11,Troy,Sun Belt,2026,69,14,0.1569078614264043,0.3333333333333333,1.656527031513981,0.0,0.282051282051282,2.6666666666666665,,70,12,0.1679615358354406,0.4714285714285714,1.2051346981627544,0.5,0.4,1.775,0.229
2026-09-11,Tulane,American Athletic,2026,55,12,0.0040917519043523,0.3090909090909091,0.7971508910071232,1.0,0.1304347826086956,2.9565217391304346,,78,13,-0.0505656875484706,0.2948717948717949,1.239953895912352,1.0,0.1836734693877551,3.0408163265306123,0.09
2026-09-11,Tulsa,American Athletic,2026,58,12,0.1864318063964714,0.4137931034482758,1.0851431714647468,1.0,0.1515151515151515,2.763636363636364,,88,12,-0.070655818794617,0.3636363636363636,1.0309825186683157,0.5,0.2222222222222222,2.7916666666666665,0.102
2026-09-11,UAB,American Athletic,2026,79,8,0.1391305222352757,0.430379746835443,1.246176627641464,0.75,0.1304347826086956,3.252173913043478,,44,8,0.5293505291335725,0.5681818181818182,1.3542485462010816,0.6,0.2307692307692307,2.976923076923077,0.045
2026-09-11,UCF,Big 12,2026,62,13,0.5493339803795543,0.5645161290322581,1.4108685998253796,1.0,0.081081081081081,4.386486486486486,,62,15,-0.1629071620565535,0.2096774193548387,1.219168347266829,1.0,0.3157894736842105,1.923684210526316,0.226
2026-09-11,UCLA,Big Ten,2026,53,14,0.4197846779080366,0.5660377358490566,1.2513254603824528,1.0,0.0344827586206896,4.813793103448276,,89,14,0.1330628286155295,0.3370786516853932,1.4836215579250065,0.6666666666666666,0.2051282051282051,2.528205128205128,0.191
2026-09-11,UConn,FBS Independents,2026,74,14,0.5732783853066649,0.5135135135135135,1.5911999117333786,0.3333333333333333,0.15,3.855,,72,13,-0.1583014250977013,0.2777777777777778,0.8956382174474538,0.6666666666666666,0.2142857142857142,2.3857142857142857,0.153
2026-09-11,UL Monroe,Sun Belt,2026,71,13,-0.0252092266627155,0.2957746478873239,1.0528206054479607,0.4,0.1052631578947368,2.860526315789474,,79,13,0.6380275101586687,0.5822784810126582,1.4780996639334054,1.0,0.1351351351351351,4.127027027027027,0.101
2026-09-11,UNLV,Mountain West,2026,145,25,0.1200261378324966,0.3517241379310344,1.4413345772565798,0.6666666666666666,0.1428571428571428,3.3025974025974025,,137,23,0.0892851354528906,0.3941605839416058,1.1660859456751205,0.7142857142857143,0.1129032258064516,3.875806451612904,0.168
2026-09-11,USC,Big Ten,2026,146,20,0.363397412337942,0.6027397260273972,1.036874418468907,0.8,0.1818181818181818,3.1818181818181817,,102,20,-0.0273655770706078,0.3431372549019608,1.1708350034918942,0.0,0.2340425531914893,2.363829787234043,0.157
2026-09-11,Utah,Big 12,2026,77,13,0.5107474991645495,0.5714285714285714,1.3617321828088478,0.75,0.1428571428571428,4.116326530612245,,62,13,0.1373547685990896,0.3387096774193548,1.262352149239576,1.0,0.2,2.256666666666667,0.129
2026-09-11,Utah State,Pac-12,2026,89,12,0.0953408762518156,0.4269662921348314,1.1945320367732557,0.25,0.1627906976744186,3.4511627906976745,,65,13,0.0339441781809636,0.3538461538461538,1.0966029950577263,0.6666666666666666,0.1785714285714285,2.242857142857143,0.092
2026-09-11,UTEP,Mountain West,2026,59,13,-0.2513514097581535,0.3389830508474576,0.9392952091081728,0.0,0.2941176470588235,1.5676470588235294,,60,11,0.3871905835315659,0.55,1.1941828089991482,0.5714285714285714,0.2368421052631578,2.876315789473684,0.117
2026-09-11,UTSA,American Athletic,2026,60,12,0.5144231919895464,0.6333333333333333,1.0998644890074278,1.0,0.1034482758620689,3.7655172413793103,,82,13,-0.0637788059466083,0.3780487804878049,1.0540254394047484,0.3333333333333333,0.1818181818181818,3.118181818181818,0.183
2026-09-11,Vanderbilt,SEC,2026,63,8,0.2825170243631735,0.4761904761904761,1.061975081924216,0.75,0.081081081081081,3.5,,47,10,0.0290448960751272,0.3404255319148936,1.186345828828299,1.0,0.2105263157894736,3.226315789473684,0.128
2026-09-11,Virginia,ACC,2026,71,12,0.2726220404086543,0.4788732394366197,1.0612371845133193,0.8333333333333334,0.1428571428571428,3.305357142857143,,51,12,-0.1438403681738571,0.3137254901960784,0.533800638173952,1.0,0.1363636363636363,3.140909090909091,0.255
2026-09-11,Virginia Tech,ACC,2026,74,14,0.5374711897037322,0.6486486486486487,1.1019539523073911,0.9,0.024390243902439,4.102439024390244,,57,15,-0.4448745270780552,0.087719298245614,1.8471598449248687,,0.5897435897435898,-0.2461538461538461,0.386
2026-09-11,Wake Forest,ACC,2026,68,11,0.4775889473352314,0.4264705882352941,1.5275719114401596,0.8,0.15625,3.265625,,70,11,0.0219793074667645,0.5,0.7212615614875549,0.6,0.1818181818181818,3.103030303030303,0.143
2026-09-11,Washington,Big Ten,2026,64,12,0.0779716429331925,0.46875,1.0665805293728612,0.5,0.25,2.753571428571429,,57,11,-0.0231405580611589,0.3157894736842105,1.0264346254160943,,0.2857142857142857,2.821428571428572,0.298
2026-09-11,Washington State,Pac-12,2026,57,11,-0.0231405580611589,0.3157894736842105,1.0264346254160943,0.0,0.2857142857142857,2.821428571428572,,64,12,0.0779716429331925,0.46875,1.0665805293728612,0.5,0.25,2.753571428571429,0.078
2026-09-11,Western Kentucky,Conference USA,2026,84,12,0.0656228862120106,0.4404761904761904,0.9007840660809396,0.6666666666666666,0.1951219512195122,2.995121951219512,,59,12,0.556278847672138,0.5084745762711864,1.6496693482013214,0.8571428571428571,0.1904761904761904,3.530952380952381,0.068
2026-09-11,Western Michigan,Mid-American,2026,70,11,-0.0368689615872864,0.3285714285714285,1.0681220061704584,0.6666666666666666,0.1818181818181818,2.6613636363636366,,48,10,0.2355175415917992,0.4375,1.0790058466360366,0.75,0.0833333333333333,3.395833333333333,0.167
2026-09-11,West Virginia,Big 12,2026,77,14,0.1253120460127239,0.4155844155844156,1.017712015705272,0.75,0.15,2.725,,65,13,0.2190866513645281,0.4307692307692308,1.513683842396193,0.6666666666666666,0.32,1.944,0.262
2026-09-11,Wisconsin,Big Ten,2026,61,10,-0.0430090450798864,0.3770491803278688,1.2644111837126035,0.75,0.2068965517241379,2.358620689655172,,63,10,0.34906816757153,0.4603174603174603,1.111044132357502,0.75,0.032258064516129,2.770967741935484,0.111
2026-09-11,Wyoming,Mountain West,2026,55,11,-0.0251076991146114,0.4181818181818181,0.899961606833427,1.0,0.1212121212121212,3.3545454545454545,,68,11,0.3012418203750481,0.4852941176470588,1.2087905981747544,1.0,0.2121212121212121,2.4939393939393937,0.118
2026-09-12,Air Force,Mountain West,2026,79,9,0.398894580108972,0.5443037974683544,0.9961783497840124,1.0,0.0422535211267605,4.357746478873239,,45,9,-0.248118563368299,0.2222222222222222,1.1005872277594584,1.0,0.25,2.47,0.178
2026-09-12,Akron,Mid-American,2026,70,11,0.0219793074667645,0.5,0.7212615614875549,0.6,0.1818181818181818,3.103030303030303,,68,11,0.4775889473352314,0.4264705882352941,1.5275719114401596,0.8,0.15625,3.265625,0.132
2026-09-12,Alabama,SEC,2026,80,11,0.2921555691005923,0.525,1.1065101966937536,0.8333333333333334,0.1666666666666666,3.25,,41,12,-0.1985433161778543,0.2195121951219512,1.548265437530798,0.0,0.3684210526315789,0.131578947368421,0.195
2026-09-12,App State,Sun Belt,2026,147,23,0.3906247499138722,0.5170068027210885,1.2754065166484962,0.8333333333333334,0.2,2.87625,,134,24,0.1266678446197469,0.4104477611940298,1.1852737956938326,0.6666666666666666,0.2333333333333333,2.788333333333333,0.194
2026-09-12,Arizona,Big 12,2026,74,13,0.2162055092878395,0.6081081081081081,0.9333031860410906,1.0,0.0303030303030303,4.409090909090909,,53,11,-0.2286260997681982,0.1698113207547169,1.7768342308359768,,0.4375,1.33125,0.34
2026-09-12,Arizona State,Big 12,2026,135,26,0.3443719358722384,0.4666666666666667,1.5358241497100589,0.9,0.1875,2.953125,,114,25,0.0318627776661782,0.3421052631578947,1.0129971750114235,0.75,0.1607142857142857,2.517857142857143,0.14
2026-09-12,Arkansas,SEC,2026,84,13,0.1762496985985374,0.5238095238095238,0.9434584968366112,0.7777777777777778,0.217391304347826,2.5804347826086955,,45,13,-0.0746171455673535,0.2666666666666666,1.053617978511065,,0.2631578947368421,1.8473684210526315,0.222
2026-09-12,Arkansas State,Sun Belt,2026,60,12,0.1251568147001252,0.5,1.25818527156254,0.8333333333333334,0.1153846153846153,3.2192307692307693,,65,12,0.4907125992882863,0.4923076923076923,1.4906452469735614,0.6,0.1276595744680851,3.546808510638298,0.092
2026-09-12,Army,American Athletic,2026,136,21,0.4513275862029694,0.5882352941176471,1.070770594060514,0.9090909090909092,0.1018518518518518,4.018518518518518,,110,21,0.12667434391741,0.4181818181818181,1.1406168896883957,0.8,0.2222222222222222,2.7444444444444445,0.155
2026-09-12,Auburn,SEC,2026,75,13,0.028237977212608,0.3866666666666666,1.1601768480225931,1.0,0.2285714285714285,2.6742857142857144,,101,13,0.0541744150425169,0.3861386138613861,1.2316141474915536,0.4,0.2325581395348837,2.097674418604651,0.198
2026-09-12,Ball State,Mid-American,2026,132,26,0.0359972484978828,0.3106060606060606,1.4686103990600792,0.6666666666666666,0.2407407407407407,2.2203703703703703,,138,24,0.4002794444277211,0.4710144927536231,1.40546812277467,0.8571428571428571,0.2033898305084746,3.1559322033898307,0.145
2026-09-12,Baylor,Big 12,2026,101,13,0.0541744150425169,0.3861386138613861,1.2316141474915536,0.4,0.2325581395348837,2.097674418604651,,75,13,0.028237977212608,0.3866666666666666,1.1601768480225931,1.0,0.2285714285714285,2.6742857142857144,0.24
2026-09-12,Boise State,Pac-12,2026,67,13,0.112630052976283,0.3582089552238806,1.0180962329024892,1.0,0.1212121212121212,2.9212121212121214,,64,13,0.2770903671236243,0.453125,1.5147413609415246,0.6666666666666666,0.125,3.2375,0.156
2026-09-12,Boston College,ACC,2026,137,23,0.1251831525881112,0.3795620437956204,1.3551483374073847,1.0,0.1969696969696969,3.0454545454545454,,130,23,0.1484332004121726,0.4,1.3266879736186803,0.5,0.1566265060240964,3.351807228915663,0.154
2026-09-12,Bowling Green,Mid-American,2026,66,10,0.0252616008758181,0.3939393939393939,0.9845141517309268,0.5,0.25,2.308333333333333,,59,10,0.147050749791919,0.3898305084745763,1.3986920519909742,0.5,0.25,2.909375,0.085
2026-09-12,Buffalo,Mid-American,2026,83,15,0.1523137913791646,0.3975903614457831,1.1454912933763308,1.0,0.1818181818181818,2.9909090909090907,,72,14,-0.0495205233949304,0.2916666666666667,1.290213068638229,0.6666666666666666,0.2857142857142857,2.35,0.194
2026-09-12,BYU,Big 12,2026,70,11,0.5424702666968887,0.6571428571428571,1.0634948151667478,0.8333333333333334,0.0666666666666666,4.348888888888889,,57,12,-0.1092276625777366,0.3157894736842105,1.1129858127235353,1.0,0.25,1.5375,0.193
2026-09-12,California,ACC,2026,89,14,0.1330628286155295,0.3370786516853932,1.4836215579250065,0.6666666666666666,0.2051282051282051,2.528205128205128,,53,14,0.4197846779080366,0.5660377358490566,1.2513254603824528,1.0,0.0344827586206896,4.813793103448276,0.17
2026-09-12,Central Michigan,Mid-American,2026,112,22,0.0010812402549899,0.3035714285714285,1.2574978566932482,0.875,0.1014492753623188,3.108695652173913,,135,21,0.103241744932611,0.437037037037037,0.9756839430395688,1.0,0.1506849315068493,3.089041095890411,0.141
2026-09-12,Charlotte,American Athletic,2026,78,13,0.2859972664636527,0.4615384615384615,1.4901022812832403,0.5714285714285714,0.15625,3.43125,,64,13,0.3753893366264918,0.484375,1.3295321578112234,0.8888888888888888,0.1875,3.1395833333333334,0.109
2026-09-12,Cincinnati,Big 12,2026,62,12,0.2410406579313317,0.3870967741935484,1.255243118893256,1.0,0.0909090909090909,3.5568181818181817,,73,11,0.1148708905860701,0.3972602739726027,1.321991243096292,1.0,0.2,3.182857142857143,0.233
2026-09-12,Clemson,ACC,2026,50,13,-0.2678767676397615,0.24,0.9456595506388836,0.6666666666666666,0.3181818181818182,1.9363636363636365,,95,12,0.4186847892890937,0.5368421052631579,1.335477872163365,0.7777777777777778,0.0862068965517241,3.532758620689655,0.105
2026-09-12,Coastal Carolina,Sun Belt,2026,65,13,0.2190866513645281,0.4307692307692308,1.513683842396193,0.6666666666666666,0.32,1.944,,77,14,0.1253120460127239,0.4155844155844156,1.017712015705272,0.75,0.15,2.725,0.117
2026-09-12,Colorado,Big 12,2026,77,10,0.052210909874857,0.3766233766233766,1.1248231734306042,1.0,0.108695652173913,2.730434782608696,,54,9,0.0740220685733517,0.3703703703703703,1.2001545717095805,0.3333333333333333,0.4444444444444444,1.903703703703704,0.204
2026-09-12,Colorado State,Pac-12,2026,68,11,0.3012418203750481,0.4852941176470588,1.2087905981747544,1.0,0.2121212121212121,2.4939393939393937,,55,11,-0.0251076991146114,0.4181818181818181,0.899961606833427,1.0,0.1212121212121212,3.3545454545454545,0.255
2026-09-12,Delaware,Conference USA,2026,72,15,0.395766923303369,0.4722222222222222,1.4629954002722116,0.6,0.25,2.9035714285714285,,72,14,-0.1228539521929541,0.25,1.4441213197823703,0.0,0.1818181818181818,2.0454545454545454,0.222
2026-09-12,Duke,ACC,2026,78,13,-0.0505656875484706,0.2948717948717949,1.239953895912352,1.0,0.1836734693877551,3.0408163265306123,,55,12,0.0040917519043523,0.3090909090909091,0.7971508910071232,1.0,0.1304347826086956,2.9565217391304346,0.255
2026-09-12,East Carolina,American Athletic,2026,114,25,0.1153436774576737,0.3947368421052631,1.231797520854903,0.6666666666666666,0.2452830188679245,2.371698113207547,,153,24,0.2340710418745223,0.457516339869281,1.223214237815241,0.7142857142857143,0.2247191011235955,2.7662921348314606,0.124
2026-09-12,Eastern Michigan,Mid-American,2026,139,28,0.0137872737547518,0.3525179856115107,1.1963855437894064,0.8888888888888888,0.1851851851851851,2.401851851851852,,142,29,0.0358449996397635,0.3380281690140845,1.3282440556423494,0.6666666666666666,0.2941176470588235,2.268627450980392,0.211
2026-09-12,Florida,SEC,2026,68,11,0.6214577657732879,0.5441176470588235,1.5513849234480332,1.0,0.1,3.415,,92,12,0.1079005807865989,0.4021739130434782,1.123977189197295,0.8,0.1111111111111111,2.6666666666666665,0.185
2026-09-12,Florida Atlantic,American Athletic,2026,92,12,0.1079005807865989,0.4021739130434782,1.123977189197295,0.8,0.1111111111111111,2.6666666666666665,,68,11,0.6214577657732879,0.5441176470588235,1.5513849234480332,1.0,0.1,3.415,0.103
2026-09-12,Florida International,Conference USA,2026,76,10,0.1106554334008039,0.3815789473684211,1.1286561605558318,0.5,0.25,2.4875,,58,9,-0.0627460596868576,0.4310344827586206,0.6493252074099518,0.8,0.2432432432432432,2.216216216216216,0.155
2026-09-12,Florida State,ACC,2026,134,22,0.2424691694189232,0.4104477611940298,1.3738286847147458,0.5,0.1392405063291139,3.3063291139240505,,134,21,0.2678980507336072,0.4477611940298507,1.420966285728235,0.8333333333333334,0.1176470588235294,3.1549019607843136,0.157
2026-09-12,Fresno State,Pac-12,2026,45,10,-0.3361342907596831,0.2222222222222222,1.0430569433281442,0.0,0.25,2.0458333333333334,,69,10,0.3329910433772204,0.5362318840579711,1.2523425346671877,0.6,0.2564102564102564,2.67948717948718,0.116
2026-09-12,Georgia,SEC,2026,123,27,0.6848002386715024,0.6016260162601627,1.4336402018226513,1.0,0.1147540983606557,4.119672131147541,,133,28,-0.1525639132205538,0.2781954887218045,1.2419607960784862,0.4,0.3230769230769231,0.6676923076923077,0.195
2026-09-12,Georgia Southern,Sun Belt,2026,79,13,0.2444179382415293,0.4556962025316455,1.276334833492634,0.5,0.125,3.375,,63,13,-0.2948176866643922,0.1746031746031746,1.535819015192187,1.0,0.3461538461538461,0.7115384615384616,0.333
2026-09-12,Georgia State,Sun Belt,2026,71,12,0.506821618296269,0.5915492957746479,1.1174212531004228,0.8,0.0526315789473684,4.339473684210526,,55,12,-0.0651855131693598,0.2909090909090909,1.342072137645949,,0.2,2.852,0.2
2026-09-12,Georgia Tech,ACC,2026,54,9,0.0740220685733517,0.3703703703703703,1.2001545717095805,0.3333333333333333,0.4444444444444444,1.903703703703704,,77,10,0.052210909874857,0.3766233766233766,1.1248231734306042,1.0,0.108695652173913,2.730434782608696,0.143
2026-09-12,Hawai'i,Mountain West,2026,154,25,-0.0067799020486064,0.3441558441558441,1.257467947844597,0.7777777777777778,0.14,3.396,,137,25,0.246843337573555,0.4160583941605839,1.295609264698933,0.6666666666666666,0.125,3.40875,0.102
2026-09-12,Houston,Big 12,2026,74,11,0.3122472695613982,0.5,1.2537336272714703,0.8571428571428571,0.15,3.3325,,74,12,0.1828788459074729,0.4054054054054054,1.341138665590374,0.5,0.0476190476190476,2.833333333333333,0.216
2026-09-12,Illinois,Big Ten,2026,44,8,0.5293505291335725,0.5681818181818182,1.3542485462010816,0.6,0.2307692307692307,2.976923076923077,,79,8,0.1391305222352757,0.430379746835443,1.246176627641464,0.75,0.1304347826086956,3.252173913043478,0.139
2026-09-12,Indiana,Big Ten,2026,108,20,0.6007955097069388,0.5370370370370371,1.573535957422751,0.7777777777777778,0.1216216216216216,3.3324324324324324,,118,22,-0.0560363172113174,0.2796610169491525,1.5187942275986206,0.3333333333333333,0.2166666666666666,2.44,0.212
2026-09-12,Iowa,Big Ten,2026,79,13,0.0613173930418565,0.4177215189873418,1.2457000747090123,0.2857142857142857,0.2105263157894736,3.294736842105263,,58,15,-0.3317320736505182,0.1724137931034483,1.3677541941329785,1.0,0.28,1.668,0.207
2026-09-12,Iowa State,Big 12,2026,48,12,0.2446671684503538,0.3541666666666667,1.764868764741519,0.0,0.2,2.543333333333333,,69,13,-0.0595235618745478,0.2753623188405797,1.3903288614258686,0.6666666666666666,0.1463414634146341,2.1463414634146343,0.246
2026-09-12,Jacksonville State,Conference USA,2026,118,20,0.1409216220392592,0.4661016949152542,1.2756491209849268,0.7272727272727273,0.1551724137931034,2.9517241379310346,,127,20,0.0544449670414666,0.4015748031496063,1.1417088748135955,0.625,0.2125,2.80125,0.15
2026-09-12,James Madison,Sun Belt,2026,113,21,0.4865274384861169,0.5398230088495575,1.3269502984625527,0.6666666666666666,0.171875,3.44375,,140,25,-0.2201886382270233,0.2571428571428571,1.277789131183439,0.8571428571428571,0.2207792207792207,2.038961038961039,0.143
2026-09-12,Kansas,Big 12,2026,145,23,0.3672239258581459,0.4551724137931034,1.4481149394863586,0.625,0.0843373493975903,3.1710843373493978,,128,25,0.0350496080021693,0.3046875,1.3661030485342882,1.0,0.2714285714285714,2.0385714285714287,0.219
2026-09-12,Kansas State,Big 12,2026,148,24,0.3779525191630457,0.5540540540540541,1.2937161276781035,0.8333333333333334,0.119047619047619,3.592857142857143,,113,25,-0.2147900458372759,0.2389380530973451,1.2854751137363396,0.3333333333333333,0.3134328358208955,1.8671641791044773,0.265
2026-09-12,Kennesaw State,Conference USA,2026,82,14,0.2889238382699472,0.573170731707317,1.1398710550423496,0.7777777777777778,0.1521739130434782,3.265217391304348,,53,14,-0.2481023479251471,0.1509433962264151,0.8919515753149165,1.0,0.25,1.8333333333333333,0.17
2026-09-12,Kent State,Mid-American,2026,123,22,0.1188523423566753,0.3495934959349593,1.357980564199588,0.6,0.208955223880597,3.034328358208956,,128,24,0.2575520801378305,0.5234375,1.1180399546611994,0.875,0.1,3.803333333333333,0.148
2026-09-12,Kentucky,SEC,2026,61,11,0.5623068202509097,0.6065573770491803,1.1980918561404976,0.8,0.1818181818181818,4.121212121212121,,67,9,0.0772411219735421,0.417910447761194,1.1461380400647427,1.0,0.1923076923076923,2.0346153846153845,0.164
2026-09-12,Liberty,Conference USA,2026,136,24,-0.0272960327389646,0.3823529411764705,1.2855722540651997,0.6666666666666666,0.141025641025641,2.9346153846153844,,123,22,0.0957871962635227,0.3495934959349593,1.3481465092740088,0.4,0.2698412698412698,2.688888888888889,0.211
2026-09-12,Louisiana,Sun Belt,2026,68,11,0.3053660874098186,0.5441176470588235,1.155678147450766,0.75,0.1794871794871795,3.607692307692308,,62,11,-0.1221986707464751,0.4032258064516129,0.9773658675896196,0.5,0.2962962962962963,2.05925925925926,0.242
2026-09-12,Louisiana Tech,Sun Belt,2026,60,14,0.5986198567843053,0.4666666666666667,1.8154251680408937,1.0,0.1351351351351351,3.3378378378378377,,63,15,-0.2386179520556736,0.1746031746031746,1.0281713988788377,1.0,0.3181818181818182,1.3227272727272728,0.333
2026-09-12,Louisville,ACC,2026,134,26,0.4846821774813961,0.5447761194029851,1.3397742698468325,0.75,0.1643835616438356,3.063013698630137,,142,25,0.1868252524104119,0.380281690140845,1.3302762449132386,0.5714285714285714,0.1176470588235294,2.6426470588235293,0.148
2026-09-12,LSU,SEC,2026,95,12,0.4186847892890937,0.5368421052631579,1.335477872163365,0.7777777777777778,0.0862068965517241,3.532758620689655,,50,13,-0.2678767676397615,0.24,0.9456595506388836,0.6666666666666666,0.3181818181818182,1.9363636363636365,0.28
2026-09-12,Marshall,Sun Belt,2026,55,12,-0.1678505565616108,0.2909090909090909,0.8874228649697032,0.5,0.4166666666666667,1.0458333333333334,,74,12,0.4220959538823401,0.5135135135135135,1.2946795341133903,0.8571428571428571,0.1363636363636363,3.1204545454545456,0.095
2026-09-12,Maryland,Big Ten,2026,79,13,0.5036550588589878,0.5949367088607594,1.2417666249097736,0.8333333333333334,0.125,4.405,,52,13,-0.2430595105951239,0.2307692307692307,0.9748639489021425,0.3333333333333333,0.3076923076923077,1.3115384615384615,0.269
2026-09-12,Massachusetts,Mid-American,2026,65,12,0.3299726417466155,0.5230769230769231,1.040597861761411,0.7142857142857143,0.175,3.375,,63,12,0.2030959004306255,0.3968253968253968,1.561455323235606,0.6,0.25,1.93,0.27
2026-09-12,Memphis,American Athletic,2026,124,24,0.3942942997514205,0.4838709677419355,1.3027581020209116,0.7142857142857143,0.1,3.74625,,141,25,0.1058050876927993,0.4042553191489361,1.354451927678599,0.8888888888888888,0.15,2.955,0.177
2026-09-12,Miami,ACC,2026,143,26,0.6017197238170313,0.6293706293706294,1.2967522682152877,1.0,0.1184210526315789,3.931578947368421,,113,24,-0.0763543605265422,0.3008849557522124,0.9249723221683476,0.5,0.2682926829268293,2.3,0.159
2026-09-12,Miami (OH),Mid-American,2026,115,20,0.296759579949529,0.4521739130434782,1.281499316052608,1.0,0.1896551724137931,3.1,,122,21,0.2432078481221485,0.4590163934426229,1.2875594636535663,0.5714285714285714,0.25,2.779166666666667,0.098
2026-09-12,Michigan,Big Ten,2026,106,21,0.1248399263642623,0.3490566037735849,1.3193032404170044,0.7142857142857143,0.1129032258064516,2.932258064516129,,134,22,-0.0179152062043794,0.3432835820895522,1.0392573521450663,0.6666666666666666,0.1971830985915492,2.907042253521127,0.164
2026-09-12,Michigan State,Big Ten,2026,85,11,0.022631845773767,0.3764705882352941,1.097389911197236,0.3333333333333333,0.2127659574468085,2.797872340425532,,42,10,0.2841846990486799,0.2857142857142857,2.3449878397908352,0.0,0.4444444444444444,1.1388888888888888,0.262
2026-09-12,Middle Tennessee,Conference USA,2026,50,8,0.401691514611645,0.5,1.3001270636879156,0.5,0.0909090909090909,4.445454545454545,,50,9,0.1356520793081277,0.44,1.1883566697542824,0.8333333333333334,0.1481481481481481,3.1259259259259258,0.1
2026-09-12,Minnesota,Big Ten,2026,73,10,0.3421457792096198,0.6027397260273972,0.9752231854912968,0.6666666666666666,0.2307692307692307,2.4615384615384617,,46,13,-0.3840088027265944,0.108695652173913,1.6579740660748787,0.0,0.4444444444444444,1.325925925925926,0.283
2026-09-12,Mississippi State,SEC,2026,79,13,0.6380275101586687,0.5822784810126582,1.4780996639334054,1.0,0.1351351351351351,4.127027027027027,,71,13,-0.0252092266627155,0.2957746478873239,1.0528206054479607,0.4,0.1052631578947368,2.860526315789474,0.155
2026-09-12,Missouri,SEC,2026,153,26,0.2869208699326553,0.4705882352941176,1.3136172012785905,0.7,0.1785714285714285,3.120238095238096,,121,24,0.080612209669863,0.2892561983471074,1.6717351608971178,0.8,0.2166666666666666,2.3666666666666667,0.231
2026-09-12,Missouri State,Conference USA,2026,41,11,-0.2441222919654586,0.1707317073170731,0.9332823449213844,0.5,0.2608695652173913,1.6434782608695653,,89,12,0.3513233344986824,0.5842696629213483,1.0755940232268968,1.0,0.1041666666666666,3.925,0.124
2026-09-12,Navy,American Athletic,2026,79,9,0.4802728873687856,0.6329113924050633,1.0216068152464193,1.0,0.0547945205479452,4.2753424657534245,,42,9,0.0528506485666738,0.2857142857142857,1.901970348855324,,0.1764705882352941,3.264705882352941,0.119
2026-09-12,NC State,ACC,2026,122,24,0.3810311390594967,0.5245901639344263,1.2170248009714977,0.8181818181818182,0.1076923076923077,3.727692307692308,,122,26,0.0690349480351146,0.3852459016393442,1.068971648909871,0.7692307692307693,0.1948051948051948,2.6246753246753247,0.156
2026-09-12,Nebraska,Big Ten,2026,74,11,0.4925288347703889,0.5135135135135135,1.5427897743871417,0.8333333333333334,0.15,3.675,,68,12,0.1275262112846398,0.3529411764705882,1.3292957874323883,1.0,0.1290322580645161,3.396774193548388,0.206
2026-09-12,Nevada,Mountain West,2026,59,12,0.556278847672138,0.5084745762711864,1.6496693482013214,0.8571428571428571,0.1904761904761904,3.530952380952381,,84,12,0.0656228862120106,0.4404761904761904,0.9007840660809396,0.6666666666666666,0.1951219512195122,2.995121951219512,0.119
2026-09-12,New Mexico,Mountain West,2026,71,10,0.2187107716098358,0.4929577464788732,0.9281654236514942,1.0,0.0714285714285714,3.657142857142857,,49,10,-0.0521819579954481,0.2653061224489796,1.2713447189179048,0.6666666666666666,0.0333333333333333,2.8266666666666667,0.204
2026-09-12,New Mexico State,Conference USA,2026,133,22,0.288950842507434,0.4210526315789473,1.5581760293115774,0.6666666666666666,0.15,3.341666666666667,,126,23,0.1326270064301136,0.4047619047619047,1.2608012888937177,0.8,0.2063492063492063,3.13015873015873,0.135
2026-09-12,North Carolina,ACC,2026,113,19,0.2983323082922951,0.5132743362831859,1.0793303943362842,0.6666666666666666,0.1320754716981132,3.826415094339623,,139,19,-0.0306534071222367,0.381294964028777,0.953314565601758,0.8333333333333334,0.1363636363636363,2.7590909090909093,0.137
2026-09-12,North Dakota State,Mountain West,2026,138,19,0.2389024157458295,0.4565217391304347,1.159685581066689,0.6666666666666666,0.1728395061728395,3.011111111111111,,105,21,-0.3131041177462083,0.3047619047619048,0.9891098805419768,0.5,0.2115384615384615,1.7596153846153846,0.21
2026-09-12,Northern Illinois,Mountain West,2026,58,15,-0.3317320736505182,0.1724137931034483,1.3677541941329785,1.0,0.28,1.668,,79,13,0.0613173930418565,0.4177215189873418,1.2457000747090123,0.2857142857142857,0.2105263157894736,3.294736842105263,0.114
2026-09-12,North Texas,American Athletic,2026,69,10,0.1345556840920811,0.3478260869565217,1.5483256457053565,0.0,0.1351351351351351,2.983783783783784,,46,9,0.6535582337217621,0.5217391304347826,1.639593578555076,0.8,0.1333333333333333,2.4966666666666666,0.043
2026-09-12,Northwestern,Big Ten,2026,55,11,0.4796492784465596,0.509090909090909,1.4850398029259404,1.0,0.1071428571428571,3.95,,90,12,0.1283813331936487,0.4222222222222222,1.0576414342835372,0.7777777777777778,0.131578947368421,3.305263157894737,0.189
2026-09-12,Notre Dame,FBS Independents,2026,63,10,0.34906816757153,0.4603174603174603,1.111044132357502,0.75,0.032258064516129,2.770967741935484,,61,10,-0.0430090450798864,0.3770491803278688,1.2644111837126035,0.75,0.2068965517241379,2.358620689655172,0.213
2026-09-12,Ohio,Mid-American,2026,68,12,0.1275262112846398,0.3529411764705882,1.3292957874323883,1.0,0.1290322580645161,3.396774193548388,,74,11,0.4925288347703889,0.5135135135135135,1.5427897743871417,0.8333333333333334,0.15,3.675,0.149
2026-09-12,Ohio State,Big Ten,2026,73,12,0.6666069358406588,0.5616438356164384,1.448948844124814,0.75,0.1818181818181818,3.3181818181818183,,62,13,-0.2423253831274824,0.2096774193548387,1.3049899715616444,,0.3181818181818182,1.2,0.226
2026-09-12,Oklahoma,SEC,2026,124,22,0.1888034249323964,0.4516129032258064,1.118697584887936,0.5714285714285714,0.2307692307692307,3.055384615384616,,117,24,-0.1102695980985095,0.3076923076923077,1.248361147173218,0.5,0.2083333333333333,2.1333333333333333,0.239
2026-09-12,Oklahoma State,Big 12,2026,175,27,-0.0177887684608995,0.4,1.087329844846974,0.5333333333333333,0.1842105263157894,2.876315789473684,,119,25,0.1692727067577451,0.361344537815126,1.3328402867977789,1.0,0.15,2.945,0.134
2026-09-12,Old Dominion,Sun Belt,2026,104,24,0.1761803789183712,0.3846153846153846,1.5014375318095114,0.3333333333333333,0.328125,1.3453125,,147,21,0.0452309313063979,0.3333333333333333,1.3658984795717426,0.5,0.2837837837837837,2.132432432432432,0.204
2026-09-12,Ole Miss,SEC,2026,79,13,0.2926298846039504,0.4683544303797468,1.3097367268750522,0.6363636363636364,0.1219512195121951,2.8365853658536584,,68,13,0.3460803216656118,0.4411764705882353,1.4775386222518627,0.8,0.25,2.213888888888889,0.162
2026-09-12,Oregon,Big Ten,2026,125,26,0.2165135266327063,0.384,1.566587410092808,0.8333333333333334,0.1372549019607843,3.2,,154,28,0.0691616306667522,0.4025974025974026,1.0896122279284166,0.7,0.136986301369863,2.9383561643835616,0.123
2026-09-12,Oregon State,Pac-12,2026,74,12,0.1828788459074729,0.4054054054054054,1.341138665590374,0.5,0.0476190476190476,2.833333333333333,,74,11,0.3122472695613982,0.5,1.2537336272714703,0.8571428571428571,0.15,3.3325,0.135
2026-09-12,Penn State,Big Ten,2026,133,21,0.3474097150496874,0.4962406015037593,1.259081558344281,0.8333333333333334,0.12,2.508,,113,21,0.0086810917278662,0.3539823008849557,1.037253531298312,0.6666666666666666,0.3035714285714285,2.258928571428572,0.177
2026-09-12,Pittsburgh,ACC,2026,77,12,0.4266562668926378,0.5454545454545454,1.338185183481556,0.6,0.2,3.2466666666666666,,59,12,0.1140105096966495,0.3220338983050847,1.5292950729514845,1.0,0.1578947368421052,2.1894736842105265,0.102
2026-09-12,Purdue,Big Ten,2026,158,20,0.3303896027718916,0.5,1.1304623389649444,0.8,0.16,3.196,,117,19,0.2136557537252784,0.4188034188034188,1.51055182193848,0.625,0.2166666666666666,2.5716666666666668,0.179
2026-09-12,Rice,American Athletic,2026,82,10,0.2330716591590226,0.5365853658536586,0.9398508399655154,0.7142857142857143,0.0714285714285714,4.098571428571429,,59,9,-0.1237149255808005,0.3050847457627119,1.1672615609152817,0.3333333333333333,0.1818181818181818,2.8151515151515154,0.22
2026-09-12,Rutgers,Big Ten,2026,131,23,0.1308918854119792,0.4045801526717557,1.469779676521196,0.3846153846153846,0.2372881355932203,2.716949152542373,,129,24,0.234207276010218,0.4418604651162791,1.1843911367592894,0.75,0.1830985915492957,3.1633802816901406,0.109
2026-09-12,Sacramento State,Mid-American,2026,136,28,0.1433571306032177,0.4117647058823529,1.2100326346283852,0.7142857142857143,0.2758620689655172,2.3344827586206898,,123,28,-0.0377164501393858,0.3170731707317073,1.249205121713904,0.8,0.1724137931034483,2.446551724137931,0.179
2026-09-12,Sam Houston,Conference USA,2026,70,12,0.1679615358354406,0.4714285714285714,1.2051346981627544,0.5,0.4,1.775,,69,14,0.1569078614264043,0.3333333333333333,1.656527031513981,0.0,0.282051282051282,2.6666666666666665,0.217
2026-09-12,San Diego State,Pac-12,2026,64,12,0.2275570300504772,0.46875,1.1621448616114909,0.5454545454545454,0.225,3.11,,81,14,0.0271101214147896,0.419753086419753,0.8928353503546071,0.8333333333333334,0.1034482758620689,3.213793103448276,0.099
2026-09-12,San José State,Mountain West,2026,135,26,0.1654454108123683,0.3777777777777777,1.403736148990978,0.5,0.2241379310344827,2.8948275862068966,,146,24,0.1926127829579521,0.4863013698630137,0.9437116819457052,0.9333333333333332,0.1269841269841269,3.0793650793650795,0.116
2026-09-12,SMU,ACC,2026,67,11,0.3731393852771628,0.5522388059701493,1.2869920757845814,0.6666666666666666,0.1290322580645161,3.2774193548387096,,67,12,0.1942759989222807,0.373134328358209,1.4367549195963938,0.3333333333333333,0.1219512195121951,3.180487804878049,0.179
2026-09-12,South Alabama,Sun Belt,2026,88,11,0.1679081659755002,0.4204545454545454,1.1090388260054005,0.8,0.1403508771929824,3.333333333333333,,37,10,0.1680093831906549,0.4054054054054054,1.3108139148186486,0.25,0.3125,1.46875,0.297
2026-09-12,South Carolina,SEC,2026,74,10,0.6831768049116431,0.6891891891891891,1.208883909759148,0.8333333333333334,0.0769230769230769,4.058974358974359,,49,10,-0.0380765202042578,0.2653061224489796,1.461049533469705,0.5,0.2083333333333333,2.7333333333333334,0.143
2026-09-12,Southern Miss,Sun Belt,2026,85,12,0.4021821758857622,0.5882352941176471,1.0704689502182791,0.8461538461538461,0.0701754385964912,4.026315789473684,,61,13,-0.1276766015263514,0.2131147540983606,1.646759392614464,,0.3142857142857143,2.037142857142857,0.213
2026-09-12,South Florida,American Athletic,2026,114,19,0.140587628627423,0.4736842105263157,1.0043796944285208,0.8571428571428571,0.2258064516129032,2.629032258064516,,140,19,0.1457981142196256,0.4428571428571428,0.933783608022956,0.7272727272727273,0.1866666666666666,3.045333333333333,0.136
2026-09-12,Stanford,ACC,2026,139,24,0.1808381606267126,0.39568345323741,1.1457214486158334,0.8571428571428571,0.1694915254237288,2.886440677966102,,145,25,0.245147869709458,0.4482758620689655,1.3156744634857456,1.0,0.1509433962264151,2.922641509433962,0.124
2026-09-12,Syracuse,ACC,2026,78,13,0.35126503570932,0.5256410256410257,1.3123860866084411,0.875,0.15,3.5125,,63,14,-0.2563055947546812,0.2698412698412698,0.8887481994400394,0.75,0.2333333333333333,1.6033333333333333,0.254
2026-09-12,TCU,Big 12,2026,72,10,-0.0458685004165221,0.3333333333333333,1.216164722081157,0.8,0.1944444444444444,2.4472222222222224,,58,10,0.1071523441641766,0.4655172413793103,0.9192743541669988,0.0,0.1481481481481481,3.425925925925926,0.155
2026-09-12,Temple,American Athletic,2026,121,19,0.1730002013538007,0.4380165289256198,1.1366621926292704,0.8333333333333334,0.2,3.041333333333333,,121,21,0.1121015531656186,0.4297520661157025,1.195087227180008,0.8,0.1864406779661017,1.9610169491525424,0.153
2026-09-12,Tennessee,SEC,2026,74,13,0.5691980477008708,0.581081081081081,1.2840787312058908,0.8333333333333334,0.108695652173913,3.771739130434783,,60,14,-0.1261539060436249,0.25,1.167568813131016,0.0,0.2758620689655172,2.996551724137931,0.267
2026-09-12,Texas,SEC,2026,70,9,0.4586510146705653,0.5,1.579697637253443,0.8,0.2857142857142857,2.5342857142857143,,73,11,0.1390521539854218,0.410958904109589,1.1274872950767767,0.6,0.2051282051282051,2.6256410256410256,0.205
2026-09-12,Texas A&M,SEC,2026,151,25,0.249850685899508,0.4966887417218543,1.0605418819511832,1.0,0.1481481481481481,3.208641975308642,,105,25,-0.1131172119401111,0.2761904761904762,1.2910358992213773,0.5,0.25,2.2442307692307693,0.248
2026-09-12,Texas State,Pac-12,2026,73,11,0.1390521539854218,0.410958904109589,1.1274872950767767,0.6,0.2051282051282051,2.6256410256410256,,70,9,0.4586510146705653,0.5,1.579697637253443,0.8,0.2857142857142857,2.5342857142857143,0.171
2026-09-12,Texas Tech,Big 12,2026,74,11,0.2785300204187715,0.5,1.0471550507298784,0.7777777777777778,0.1538461538461538,3.3461538461538463,,63,10,-0.1380251385043791,0.2698412698412698,1.2673339554332412,0.5,0.1923076923076923,2.8384615384615386,0.238
2026-09-12,Toledo,Mid-American,2026,42,10,0.2841846990486799,0.2857142857142857,2.3449878397908352,0.0,0.4444444444444444,1.1388888888888888,,85,11,0.022631845773767,0.3764705882352941,1.097389911197236,0.3333333333333333,0.2127659574468085,2.797872340425532,0.106
2026-09-12,Troy,Sun Belt,2026,69,14,0.1569078614264043,0.3333333333333333,1.656527031513981,0.0,0.282051282051282,2.6666666666666665,,70,12,0.1679615358354406,0.4714285714285714,1.2051346981627544,0.5,0.4,1.775,0.229
2026-09-12,Tulane,American Athletic,2026,55,12,0.0040917519043523,0.3090909090909091,0.7971508910071232,1.0,0.1304347826086956,2.9565217391304346,,78,13,-0.0505656875484706,0.2948717948717949,1.239953895912352,1.0,0.1836734693877551,3.0408163265306123,0.09
2026-09-12,Tulsa,American Athletic,2026,58,12,0.1864318063964714,0.4137931034482758,1.0851431714647468,1.0,0.1515151515151515,2.763636363636364,,88,12,-0.070655818794617,0.3636363636363636,1.0309825186683157,0.5,0.2222222222222222,2.7916666666666665,0.102
2026-09-12,UAB,American Athletic,2026,79,8,0.1391305222352757,0.430379746835443,1.246176627641464,0.75,0.1304347826086956,3.252173913043478,,44,8,0.5293505291335725,0.5681818181818182,1.3542485462010816,0.6,0.2307692307692307,2.976923076923077,0.045
2026-09-12,UCF,Big 12,2026,62,13,0.5493339803795543,0.5645161290322581,1.4108685998253796,1.0,0.081081081081081,4.386486486486486,,62,15,-0.1629071620565535,0.2096774193548387,1.219168347266829,1.0,0.3157894736842105,1.923684210526316,0.226
2026-09-12,UCLA,Big Ten,2026,53,14,0.4197846779080366,0.5660377358490566,1.2513254603824528,1.0,0.0344827586206896,4.813793103448276,,89,14,0.1330628286155295,0.3370786516853932,1.4836215579250065,0.6666666666666666,0.2051282051282051,2.528205128205128,0.191
2026-09-12,UConn,FBS Independents,2026,74,14,0.5732783853066649,0.5135135135135135,1.5911999117333786,0.3333333333333333,0.15,3.855,,72,13,-0.1583014250977013,0.2777777777777778,0.8956382174474538,0.6666666666666666,0.2142857142857142,2.3857142857142857,0.153
2026-09-12,UL Monroe,Sun Belt,2026,71,13,-0.0252092266627155,0.2957746478873239,1.0528206054479607,0.4,0.1052631578947368,2.860526315789474,,79,13,0.6380275101586687,0.5822784810126582,1.4780996639334054,1.0,0.1351351351351351,4.127027027027027,0.101
2026-09-12,UNLV,Mountain West,2026,145,25,0.1200261378324966,0.3517241379310344,1.4413345772565798,0.6666666666666666,0.1428571428571428,3.3025974025974025,,137,23,0.0892851354528906,0.3941605839416058,1.1660859456751205,0.7142857142857143,0.1129032258064516,3.875806451612904,0.168
2026-09-12,USC,Big Ten,2026,146,20,0.363397412337942,0.6027397260273972,1.036874418468907,0.8,0.1818181818181818,3.1818181818181817,,102,20,-0.0273655770706078,0.3431372549019608,1.1708350034918942,0.0,0.2340425531914893,2.363829787234043,0.157
2026-09-12,Utah,Big 12,2026,77,13,0.5107474991645495,0.5714285714285714,1.3617321828088478,0.75,0.1428571428571428,4.116326530612245,,62,13,0.1373547685990896,0.3387096774193548,1.262352149239576,1.0,0.2,2.256666666666667,0.129
2026-09-12,Utah State,Pac-12,2026,89,12,0.0953408762518156,0.4269662921348314,1.1945320367732557,0.25,0.1627906976744186,3.4511627906976745,,65,13,0.0339441781809636,0.3538461538461538,1.0966029950577263,0.6666666666666666,0.1785714285714285,2.242857142857143,0.092
2026-09-12,UTEP,Mountain West,2026,59,13,-0.2513514097581535,0.3389830508474576,0.9392952091081728,0.0,0.2941176470588235,1.5676470588235294,,60,11,0.3871905835315659,0.55,1.1941828089991482,0.5714285714285714,0.2368421052631578,2.876315789473684,0.117
2026-09-12,UTSA,American Athletic,2026,60,12,0.5144231919895464,0.6333333333333333,1.0998644890074278,1.0,0.1034482758620689,3.7655172413793103,,82,13,-0.0637788059466083,0.3780487804878049,1.0540254394047484,0.3333333333333333,0.1818181818181818,3.118181818181818,0.183
2026-09-12,Vanderbilt,SEC,2026,63,8,0.2825170243631735,0.4761904761904761,1.061975081924216,0.75,0.081081081081081,3.5,,47,10,0.0290448960751272,0.3404255319148936,1.186345828828299,1.0,0.2105263157894736,3.226315789473684,0.128
2026-09-12,Virginia,ACC,2026,135,24,0.3658858034844316,0.5407407407407407,1.133641635334511,0.8666666666666667,0.1612903225806451,3.4172043010752686,,117,25,-0.1898790399648036,0.3162393162393162,0.6463231630677735,0.7142857142857143,0.2156862745098039,2.4823529411764707,0.248
2026-09-12,Virginia Tech,ACC,2026,160,24,0.3701306053367378,0.50625,1.2797313602910323,0.7,0.1688311688311688,3.107792207792208,,104,27,-0.1873376608552584,0.2019230769230769,1.6960238464676431,0.3333333333333333,0.5396825396825397,-0.5301587301587302,0.394
2026-09-12,Wake Forest,ACC,2026,137,20,0.4168473428540545,0.4744525547445255,1.3477531823845286,0.6666666666666666,0.1408450704225352,3.1169014084507043,,154,21,0.1701630407949411,0.5,0.9222951986550348,0.6,0.2285714285714285,2.8714285714285714,0.143
2026-09-12,Washington,Big Ten,2026,64,12,0.0779716429331925,0.46875,1.0665805293728612,0.5,0.25,2.753571428571429,,57,11,-0.0231405580611589,0.3157894736842105,1.0264346254160943,,0.2857142857142857,2.821428571428572,0.298
2026-09-12,Washington State,Pac-12,2026,109,22,-0.0802708072606049,0.2844036697247706,1.0891204891875983,0.0,0.2321428571428571,2.7767857142857144,,140,24,0.1328487322524773,0.4642857142857143,1.226918406593459,0.6,0.1764705882352941,3.1205882352941177,0.1
2026-09-12,Western Kentucky,Conference USA,2026,158,28,-0.0567569424439049,0.3544303797468354,1.1240109518241188,0.6,0.2467532467532467,1.6519480519480518,,121,27,0.5926530053887233,0.5041322314049587,1.6223388487633628,0.9,0.1710526315789473,3.5907894736842105,0.107
2026-09-12,Western Michigan,Mid-American,2026,70,11,-0.0368689615872864,0.3285714285714285,1.0681220061704584,0.6666666666666666,0.1818181818181818,2.6613636363636366,,48,10,0.2355175415917992,0.4375,1.0790058466360366,0.75,0.0833333333333333,3.395833333333333,0.167
2026-09-12,West Virginia,Big 12,2026,140,26,0.2732739622138753,0.4785714285714286,1.1938167731825382,0.8461538461538461,0.1351351351351351,3.1135135135135137,,138,24,0.0294102069481878,0.4057971014492754,1.2363685365770676,0.5714285714285714,0.3,2.3,0.217
2026-09-12,Wisconsin,Big Ten,2026,61,10,-0.0430090450798864,0.3770491803278688,1.2644111837126035,0.75,0.2068965517241379,2.358620689655172,,63,10,0.34906816757153,0.4603174603174603,1.111044132357502,0.75,0.032258064516129,2.770967741935484,0.111
2026-09-12,Wyoming,Mountain West,2026,55,11,-0.0251076991146114,0.4181818181818181,0.899961606833427,1.0,0.1212121212121212,3.3545454545454545,,68,11,0.3012418203750481,0.4852941176470588,1.2087905981747544,1.0,0.2121212121212121,2.4939393939393937,0.118
2026-09-15,Air Force,Mountain West,2026,147,19,0.3168724868895267,0.5238095238095238,0.9836879949098816,1.0,0.0578512396694214,4.0239669421487605,,106,20,-0.0790044128664969,0.3113207547169811,1.5288427794559412,0.8,0.2280701754385964,2.526315789473684,0.142
2026-09-15,Akron,Mid-American,2026,141,22,0.1576861186861234,0.524822695035461,0.9553972675038448,0.7142857142857143,0.1323529411764706,3.85,,119,22,0.1598294917273902,0.361344537815126,1.5062647956317663,0.7142857142857143,0.2692307692307692,2.175,0.168
2026-09-15,Alabama,SEC,2026,143,23,0.1923818408232353,0.5034965034965035,1.1057735881546875,0.7272727272727273,0.1785714285714285,3.1476190476190475,,108,24,-0.2874867496232187,0.287037037037037,1.1316133221653442,0.4,0.2708333333333333,1.2354166666666666,0.204
2026-09-15,App State,Sun Belt,2026,147,23,0.3906247499138722,0.5170068027210885,1.2754065166484962,0.8333333333333334,0.2,2.87625,,134,24,0.0816137293730369,0.4104477611940298,1.1852737956938326,0.6666666666666666,0.2333333333333333,2.788333333333333,0.194
2026-09-15,Arizona,Big 12,2026,137,23,0.135802341014586,0.5182481751824818,0.9553421091947132,0.9090909090909092,0.0983606557377049,3.804918032786885,,111,22,0.0356799842903723,0.3513513513513513,1.3875185132111152,1.0,0.2444444444444444,2.8266666666666667,0.18
2026-09-15,Arizona State,Big 12,2026,135,26,0.1879252063943186,0.4666666666666667,1.4678876754625696,0.9,0.1875,2.953125,,114,25,-0.0545554602775555,0.3421052631578947,1.0129971750114235,0.75,0.1607142857142857,2.517857142857143,0.14
2026-09-15,Arkansas,SEC,2026,163,24,0.0272616532025924,0.4233128834355828,1.1170369441790664,0.75,0.1857142857142857,2.732857142857143,,108,24,0.1347806692878385,0.4074074074074074,1.273058299449057,0.7142857142857143,0.2307692307692307,2.8173076923076925,0.157
2026-09-15,Arkansas State,Sun Belt,2026,118,20,0.2677348692051451,0.559322033898305,1.1459291087845072,0.7857142857142857,0.123076923076923,3.666153846153846,,122,23,0.1840622775567135,0.4426229508196721,1.3669975298661934,0.75,0.1126760563380281,3.388732394366197,0.139
2026-09-15,Army,American Athletic,2026,136,21,0.4233058887319205,0.5882352941176471,1.023133708359731,0.9090909090909092,0.1018518518518518,4.018518518518518,,110,21,0.1123930409096023,0.4181818181818181,1.1406168896883957,0.8,0.2222222222222222,2.7444444444444445,0.155
2026-09-15,Auburn,SEC,2026,160,24,0.1350601071202175,0.45625,1.1762728788342502,0.7777777777777778,0.1666666666666666,3.4654761904761906,,161,24,-0.0938026930155785,0.3726708074534161,1.0994859841769764,0.5,0.1875,2.3328125,0.193
2026-09-15,Ball State,Mid-American,2026,132,26,-0.0165475090918305,0.3106060606060606,1.4686103990600792,0.6666666666666666,0.2407407407407407,2.2203703703703703,,138,24,0.3064487375002761,0.4710144927536231,1.40546812277467,0.8571428571428571,0.2033898305084746,3.1559322033898307,0.145
2026-09-15,Baylor,Big 12,2026,186,27,0.1129098582081574,0.4354838709677419,1.2376620302097634,0.6,0.1547619047619047,3.1666666666666665,,131,26,-0.1673171265798204,0.2671755725190839,1.287063470738749,0.6666666666666666,0.2631578947368421,2.285964912280702,0.214
2026-09-15,Boise State,Pac-12,2026,143,23,0.266399529110338,0.4335664335664335,1.274491848026884,0.875,0.1125,3.545,,117,24,0.1017919549297001,0.3931623931623931,1.7729801802597571,0.6666666666666666,0.2978723404255319,2.476595744680852,0.197
2026-09-15,Boston College,ACC,2026,137,23,-0.0296494496033857,0.3795620437956204,1.2850016083291318,1.0,0.1969696969696969,3.0454545454545454,,130,23,0.0712578374372898,0.4,1.3266879736186803,0.5,0.1566265060240964,3.351807228915663,0.154
2026-09-15,Bowling Green,Mid-American,2026,116,21,-0.0419415928925813,0.3620689655172414,0.9568633361381188,0.6666666666666666,0.208955223880597,2.491044776119403,,125,20,0.3277188774321643,0.504,1.379556003194474,0.6666666666666666,0.1846153846153846,3.4615384615384617,0.072
2026-09-15,Buffalo,Mid-American,2026,153,28,0.0688000492594795,0.326797385620915,1.3682648307042922,1.0,0.2241379310344827,2.406896551724138,,152,28,0.0286543584092586,0.3486842105263157,1.2916147778515,0.8,0.2205882352941176,2.677941176470588,0.171
2026-09-15,BYU,Big 12,2026,128,22,0.5050841780417508,0.59375,1.145295729412896,0.8888888888888888,0.0945945945945946,4.075675675675676,,120,22,-0.0845017673137549,0.3666666666666666,1.1347196556610346,0.8571428571428571,0.2115384615384615,2.375,0.158
2026-09-15,California,ACC,2026,149,26,-0.0808214238504401,0.3422818791946309,1.3277706209817297,0.7142857142857143,0.25,2.4140625,,140,27,0.0680250301071306,0.4142857142857143,1.3407269201878411,1.0,0.1290322580645161,3.446774193548387,0.15
2026-09-15,Central Michigan,Mid-American,2026,112,22,-0.1256244794203912,0.3035714285714285,1.2574978566932482,0.875,0.1014492753623188,3.108695652173913,,135,21,0.0645138542075979,0.437037037037037,0.9057096960156528,1.0,0.1506849315068493,3.102739726027397,0.141
2026-09-15,Charlotte,American Athletic,2026,139,23,0.1096877225836496,0.4172661870503597,1.3048280000711567,0.5,0.25,2.9359375,,125,23,0.3563215883954375,0.56,1.168448348521541,0.9285714285714286,0.2253521126760563,3.222535211267606,0.12
2026-09-15,Cincinnati,Big 12,2026,142,23,0.4287542479500776,0.528169014084507,1.2301502062163543,0.8571428571428571,0.0869565217391304,4.093478260869565,,131,23,-0.020274166991414,0.3893129770992366,1.1912608272935616,0.75,0.2363636363636363,2.9909090909090907,0.183
2026-09-15,Clemson,ACC,2026,127,29,-0.187053815183755,0.2913385826771653,0.981531881260497,0.6,0.3389830508474576,2.238983050847457,,161,26,0.1795888733506845,0.422360248447205,1.3364841405947374,0.7272727272727273,0.1095890410958904,3.3438356164383563,0.155
2026-09-15,Coastal Carolina,Sun Belt,2026,135,27,0.2042925244908535,0.4518518518518518,1.325197095526809,0.625,0.21875,3.334375,,134,28,-0.0118711875821386,0.3880597014925373,0.9869719373350112,0.75,0.146067415730337,2.8662921348314607,0.172
2026-09-15,Colorado,Big 12,2026,151,24,0.2555961011969566,0.4172185430463576,1.3777550783764778,0.9,0.1219512195121951,3.1390243902439026,,134,24,-0.0639601272461802,0.3432835820895522,1.3968928161860514,0.3333333333333333,0.3888888888888889,2.4,0.254
2026-09-15,Colorado State,Pac-12,2026,137,26,0.3945282894044396,0.4890510948905109,1.5102312020802011,0.9,0.234375,2.578125,,121,25,-0.0649478881821947,0.3801652892561983,1.0956779944706343,0.6666666666666666,0.1408450704225352,3.22112676056338,0.273
2026-09-15,Delaware,Conference USA,2026,141,28,0.0842242921527009,0.3971631205673759,1.449182058605098,0.6,0.2542372881355932,2.3983050847457625,,144,28,-0.1511994958469578,0.3125,1.2358513394279544,0.8,0.2068965517241379,2.282758620689655,0.188
2026-09-15,Duke,ACC,2026,135,22,0.0971002378932878,0.362962962962963,1.237928846463279,0.7142857142857143,0.2142857142857142,2.9095238095238094,,125,21,-0.0251186964537824,0.408,0.9843421861093068,0.7142857142857143,0.0909090909090909,2.923636363636364,0.144
2026-09-15,East Carolina,American Athletic,2026,114,25,0.1099582195243851,0.3947368421052631,1.231797520854903,0.6666666666666666,0.2452830188679245,2.371698113207547,,153,24,0.2068942194566984,0.457516339869281,1.223214237815241,0.7142857142857143,0.2247191011235955,2.7662921348314606,0.124
2026-09-15,Eastern Michigan,Mid-American,2026,192,37,-0.0301709585158481,0.375,1.085440572919383,0.8125,0.1688311688311688,2.8181818181818183,,215,38,0.0920605021217898,0.4093023255813953,1.253569042774504,0.7647058823529411,0.2127659574468085,2.9382978723404256,0.191
2026-09-15,Florida,SEC,2026,131,22,0.503300118145704,0.5419847328244275,1.3730229556476083,1.0,0.0857142857142857,3.5085714285714285,,159,26,-0.1857093179760124,0.3333333333333333,1.1043810135770198,0.6666666666666666,0.1186440677966101,2.672881355932204,0.233
2026-09-15,Florida Atlantic,American Athletic,2026,172,24,0.0855727551307359,0.4244186046511627,1.1542662089271607,0.9090909090909092,0.1842105263157894,2.506578947368421,,125,23,0.3739127473785921,0.472,1.5780936478404288,1.0,0.1486486486486486,3.245945945945946,0.16
2026-09-15,Florida International,Conference USA,2026,156,24,-0.0028031544189282,0.391025641025641,1.1492281235386823,0.6923076923076923,0.203125,2.75,,128,22,-0.0449602235125628,0.328125,1.1153609295010591,0.8,0.2580645161290322,1.982258064516129,0.172
2026-09-15,Florida State,ACC,2026,134,22,0.2041981306396151,0.4104477611940298,1.3738286847147458,0.5,0.1392405063291139,3.3063291139240505,,134,21,0.23409225215135,0.4477611940298507,1.420966285728235,0.8333333333333334,0.1176470588235294,3.1549019607843136,0.157
2026-09-15,Fresno State,Pac-12,2026,110,21,0.0859821480957696,0.3727272727272727,1.3500903325919285,0.4285714285714285,0.2456140350877192,2.524561403508772,,136,21,0.0224727252079994,0.4705882352941176,1.0596533979596976,0.6666666666666666,0.2777777777777778,2.708333333333333,0.118
2026-09-15,Georgia,SEC,2026,123,27,0.6411901102917171,0.6016260162601627,1.4336402018226513,1.0,0.1147540983606557,4.119672131147541,,133,28,-0.1617840856909806,0.2857142857142857,1.2165006262434912,0.4,0.296875,1.93125,0.195
2026-09-15,Georgia Southern,Sun Belt,2026,145,27,0.0586021891492423,0.3655172413793103,1.2246915703732584,0.5,0.1489361702127659,3.1319148936170214,,140,29,-0.1953851267707166,0.2571428571428571,1.1628548379468289,0.75,0.3492063492063492,1.7142857142857142,0.271
2026-09-15,Georgia State,Sun Belt,2026,141,23,0.3830140743836993,0.5460992907801419,1.131271493549282,0.8181818181818182,0.1309523809523809,3.710714285714286,,113,23,-0.0190748999974009,0.3451327433628318,1.2156387691318562,1.0,0.2666666666666666,2.8,0.168
2026-09-15,Georgia Tech,ACC,2026,126,20,-0.0061808484398078,0.4206349206349206,1.0854468425040311,0.6666666666666666,0.2592592592592592,2.9851851851851854,,146,21,0.1404522994766487,0.4041095890410959,1.2473707813431243,0.9,0.1222222222222222,3.1844444444444444,0.151
2026-09-15,Hawai'i,Mountain West,2026,230,37,0.032940963609442,0.3739130434782609,1.1626258762976511,0.8,0.1842105263157894,3.098684210526316,,205,37,0.1296644642024741,0.4341463414634146,1.2594556887364166,0.6875,0.1261261261261261,3.28018018018018,0.146
2026-09-15,Houston,Big 12,2026,139,23,0.5086322930089994,0.6115107913669064,1.1881458019412137,0.9411764705882352,0.0823529411764705,4.155294117647059,,118,24,-0.0798564380460941,0.3050847457627119,1.3508256488893162,0.4,0.2790697674418604,1.3325581395348838,0.254
2026-09-15,Illinois,Big Ten,2026,114,17,0.2124029547040394,0.5175438596491229,1.202896905371677,0.6363636363636364,0.1379310344827586,2.93448275862069,,136,17,0.2497294616119733,0.4411764705882353,1.282464599974784,0.6923076923076923,0.1851851851851851,3.0246913580246915,0.125
2026-09-15,Indiana,Big Ten,2026,108,20,0.5826354535033924,0.5370370370370371,1.5716878414761073,0.7777777777777778,0.1216216216216216,3.413513513513513,,118,22,-0.1447228374943157,0.2796610169491525,1.5187942275986206,0.3333333333333333,0.2166666666666666,2.44,0.203
2026-09-15,Iowa,Big Ten,2026,139,24,0.0016189629623103,0.4028776978417266,1.1033428121941584,0.4285714285714285,0.1940298507462686,3.1,,113,27,-0.1812106771568968,0.2300884955752212,1.2105292522630695,0.6666666666666666,0.2033898305084746,2.2847457627118644,0.177
2026-09-15,Iowa State,Big 12,2026,103,24,0.1542133120949058,0.3203883495145631,1.4484541702459348,0.5,0.171875,2.646875,,129,24,-0.1517244627149505,0.3255813953488372,1.121317699632547,0.6,0.1571428571428571,2.435714285714285,0.171
2026-09-15,Jacksonville State,Conference USA,2026,191,30,0.1418243185433885,0.4659685863874345,1.2159433070054493,0.7222222222222222,0.2019230769230769,2.808653846153846,,198,29,-0.0087568630137224,0.398989898989899,1.0830725637433674,0.75,0.1707317073170731,2.940650406504065,0.141
2026-09-15,James Madison,Sun Belt,2026,113,21,0.479539448169209,0.5398230088495575,1.3269502984625527,0.6666666666666666,0.171875,3.44375,,140,25,-0.2757064750034476,0.2571428571428571,1.277789131183439,0.8571428571428571,0.2207792207792207,1.8987012987012988,0.143
2026-09-15,Kansas,Big 12,2026,145,23,0.2338262741156263,0.4551724137931034,1.4481149394863586,0.625,0.0843373493975903,3.1710843373493978,,128,25,0.0035854578754268,0.3046875,1.2628360942721588,1.0,0.2714285714285714,2.0385714285714287,0.219
2026-09-15,Kansas State,Big 12,2026,148,24,0.3345188267214266,0.5540540540540541,1.2937161276781035,0.8333333333333334,0.119047619047619,3.592857142857143,,113,25,-0.2760040441125845,0.2389380530973451,1.2854751137363396,0.3333333333333333,0.3134328358208955,1.8671641791044773,0.257
2026-09-15,Kennesaw State,Conference USA,2026,140,25,0.1300394206984425,0.5,1.1358671054399665,0.8181818181818182,0.2121212121212121,3.1045454545454545,,123,25,-0.017088871082993,0.3495934959349593,1.100274999432472,0.8571428571428571,0.2142857142857142,2.725714285714285,0.106
2026-09-15,Kent State,Mid-American,2026,122,22,0.0419375764785998,0.3524590163934426,1.353213333625812,0.6,0.1969696969696969,3.1166666666666667,,128,24,0.2166310557846445,0.5234375,1.1180399546611994,0.875,0.1,3.803333333333333,0.141
2026-09-15,Kentucky,SEC,2026,128,23,0.0890033049944523,0.4609375,1.1097461479075743,0.6666666666666666,0.1935483870967742,3.109677419354839,,130,21,0.0797991204568392,0.4461538461538462,1.124726469100218,0.7777777777777778,0.1935483870967742,2.6016129032258064,0.208
2026-09-15,Liberty,Conference USA,2026,136,24,-0.1161019510407969,0.3823529411764705,1.2248301758367646,0.6666666666666666,0.141025641025641,2.9346153846153844,,123,22,0.0295082308777663,0.3495934959349593,1.3481465092740088,0.4,0.2698412698412698,2.673015873015873,0.211
2026-09-15,Louisiana,Sun Belt,2026,121,21,0.2872702915830525,0.4876033057851239,1.3131949696088556,0.8571428571428571,0.1884057971014492,3.1449275362318843,,137,21,0.0227366626479739,0.4598540145985401,1.1747564986988903,0.625,0.2205882352941176,2.8529411764705883,0.131
2026-09-15,Louisiana Tech,Sun Belt,2026,116,29,0.0153881373796306,0.3103448275862069,1.6505202743028289,1.0,0.1904761904761904,2.577777777777778,,150,30,-0.1153931444961112,0.34,1.201984888715524,0.6,0.2857142857142857,1.6488095238095235,0.273
2026-09-15,Louisville,ACC,2026,134,26,0.4513246740637537,0.5447761194029851,1.3397742698468325,0.75,0.1643835616438356,3.063013698630137,,142,25,0.1227723968190846,0.3732394366197183,1.2422274876914896,0.5714285714285714,0.1176470588235294,2.5544117647058826,0.148
2026-09-15,LSU,SEC,2026,182,27,0.2058175337268157,0.5,1.2978100595291884,0.625,0.1530612244897959,2.9102040816326533,,106,28,-0.4640494005969776,0.1886792452830188,0.9967369888711708,0.6666666666666666,0.2916666666666667,1.6979166666666667,0.302
2026-09-15,Marshall,Sun Belt,2026,118,25,-0.1170632261688768,0.3644067796610169,1.035413167758098,0.6153846153846154,0.3064516129032258,2.167741935483871,,144,23,0.2992968190495405,0.4722222222222222,1.181015937543059,0.8888888888888888,0.1076923076923077,3.3246153846153845,0.111
2026-09-15,Maryland,Big Ten,2026,158,25,0.3611516175193782,0.5316455696202531,1.2757908671423983,0.6428571428571429,0.1710526315789473,3.5723684210526314,,105,24,-0.2564575897215248,0.2666666666666666,1.2470561585759148,0.6666666666666666,0.2962962962962963,1.4,0.219
2026-09-15,Massachusetts,Mid-American,2026,105,20,0.3734987579677579,0.5047619047619047,1.165695439147868,0.5454545454545454,0.1818181818181818,3.4045454545454543,,134,23,-0.0902538163166447,0.3805970149253731,1.24901703536941,0.75,0.2096774193548387,2.570967741935484,0.157
2026-09-15,Memphis,American Athletic,2026,177,35,0.2350611635254864,0.4350282485875706,1.4482477541338634,0.7142857142857143,0.1844660194174757,3.2854368932038835,,217,35,0.192649272099052,0.4377880184331797,1.3872415249019707,0.8571428571428571,0.1308411214953271,3.4065420560747666,0.147
2026-09-15,Miami,ACC,2026,144,26,0.5489136509830088,0.625,1.3307103400736222,1.0,0.1038961038961039,4.062337662337662,,113,24,-0.0839152601423317,0.3008849557522124,0.9249723221683476,0.5,0.2682926829268293,2.3,0.142
2026-09-15,Miami (OH),Mid-American,2026,115,20,0.2764031655999502,0.4521739130434782,1.281499316052608,1.0,0.1896551724137931,3.1,,123,21,0.1785536741915797,0.4552845528455284,1.2875594636535663,0.5714285714285714,0.25,2.779166666666667,0.098
2026-09-15,Michigan,Big Ten,2026,106,21,0.084462587896415,0.3490566037735849,1.3193032404170044,0.7142857142857143,0.1129032258064516,2.932258064516129,,134,22,-0.0898403883058992,0.3432835820895522,1.0126403276397398,0.6666666666666666,0.1971830985915492,2.907042253521127,0.164
2026-09-15,Michigan State,Big Ten,2026,158,20,0.1426258389428377,0.4556962025316455,1.1343727534949324,0.6428571428571429,0.1666666666666666,3.2444444444444445,,95,19,0.0674856752091822,0.3684210526315789,1.3619623909144192,0.5555555555555556,0.2682926829268293,2.629268292682927,0.232
2026-09-15,Middle Tennessee,Conference USA,2026,120,19,0.2627298867802216,0.4583333333333333,1.1566261463421283,0.75,0.0697674418604651,4.106976744186047,,113,22,0.1179669362138989,0.4336283185840708,1.152405043034228,0.7333333333333333,0.2,2.98,0.142
2026-09-15,Minnesota,Big Ten,2026,138,19,0.1239484333584105,0.4927536231884058,1.0062979745380276,0.6428571428571429,0.25,2.2884615384615383,,115,22,0.1087202792925834,0.391304347826087,1.1374772297950968,0.5454545454545454,0.2876712328767123,2.710958904109589,0.178
2026-09-15,Mississippi State,SEC,2026,148,22,0.5444014212608463,0.581081081081081,1.2894091808295536,0.7,0.1686746987951807,3.792771084337349,,136,22,-0.1004668683090555,0.3308823529411764,1.059757060940559,0.5,0.1568627450980392,2.5823529411764707,0.14
2026-09-15,Missouri,SEC,2026,153,26,0.24529734792988,0.4705882352941176,1.2251672170226928,0.7,0.1785714285714285,3.120238095238096,,121,24,-0.0639320226478284,0.2892561983471074,1.6717351608971178,0.8,0.2166666666666666,2.3666666666666667,0.231
2026-09-15,Missouri State,Conference USA,2026,120,23,0.0668812857775394,0.3666666666666666,1.3335725530755398,0.7692307692307693,0.1733333333333333,2.7746666666666666,,145,23,0.1909938154661411,0.503448275862069,1.0068807445175092,0.9090909090909092,0.1645569620253164,3.469620253164557,0.179
2026-09-15,Navy,American Athletic,2026,136,21,0.3197706471886218,0.5294117647058824,1.205369775240681,1.0,0.102803738317757,3.885046728971963,,122,21,0.1470620016920992,0.3934426229508196,1.3645400299509731,1.0,0.2280701754385964,2.631578947368421,0.148
2026-09-15,NC State,ACC,2026,122,24,0.3125729539037016,0.5245901639344263,1.215048351157467,0.8181818181818182,0.1076923076923077,3.727692307692308,,122,26,0.0012091374092092,0.3852459016393442,1.068971648909871,0.7692307692307693,0.1948051948051948,2.6246753246753247,0.156
2026-09-15,Nebraska,Big Ten,2026,140,21,0.5175659052512254,0.5571428571428572,1.4534374670791137,0.8333333333333334,0.136986301369863,3.82054794520548,,118,23,0.0517344067502091,0.3389830508474576,1.2549763899900523,1.0,0.1451612903225806,3.05,0.212
2026-09-15,Nevada,Mountain West,2026,131,23,0.1253495981030349,0.4427480916030534,1.3284449769173483,0.7857142857142857,0.1666666666666666,3.619230769230769,,149,23,0.0804141153145403,0.4429530201342282,0.9720734947656507,0.6666666666666666,0.2025316455696202,2.9873417721518987,0.148
2026-09-15,New Mexico,Mountain West,2026,144,27,0.2352301586935282,0.4791666666666667,1.1024318664396169,0.9166666666666666,0.1276595744680851,3.401063829787234,,105,27,-0.298944742674818,0.2285714285714285,1.4412726077351177,0.5,0.2,1.6927272727272726,0.305
2026-09-15,New Mexico State,Conference USA,2026,201,34,0.1547919421257269,0.4378109452736318,1.4261327937630708,0.6875,0.1428571428571428,3.207692307692308,,202,35,0.0958815223181676,0.4158415841584158,1.162391545945404,0.8333333333333334,0.2247191011235955,2.953932584269663,0.129
2026-09-15,North Carolina,ACC,2026,113,19,0.2360141771942716,0.5132743362831859,1.0323754501520834,0.6666666666666666,0.1320754716981132,3.826415094339623,,139,19,-0.1212396737477295,0.381294964028777,0.8784887790699076,0.8333333333333334,0.1363636363636363,2.7515151515151515,0.137
2026-09-15,North Dakota State,Mountain West,2026,199,30,0.1779024536014308,0.4321608040201005,1.3082108261820105,0.6923076923076923,0.1864406779661017,2.8686440677966103,,173,31,-0.1642277760509774,0.3815028901734104,0.9781791324953276,0.7142857142857143,0.1470588235294117,2.6372549019607843,0.156
2026-09-15,Northern Illinois,Mountain West,2026,124,26,-0.2402103302415052,0.3306451612903225,0.933563925425936,0.6,0.2280701754385964,2.3789473684210525,,143,24,0.003955245944769,0.4125874125874126,1.150449449041141,0.5454545454545454,0.1690140845070422,3.087323943661972,0.119
2026-09-15,North Texas,American Athletic,2026,138,22,0.1985668326897479,0.3985507246376811,1.4371934204362449,0.5,0.1756756756756756,3.0297297297297296,,119,21,0.1031777351390133,0.4201680672268907,1.1068830125613625,0.75,0.1515151515151515,2.457575757575757,0.151
2026-09-15,Northwestern,Big Ten,2026,55,11,0.4796492784465596,0.509090909090909,1.4850398029259404,1.0,0.1071428571428571,3.95,,90,12,0.0899734155062539,0.4222222222222222,1.0576414342835372,0.7777777777777778,0.131578947368421,3.305263157894737,0.189
2026-09-15,Notre Dame,FBS Independents,2026,130,20,0.3882939958255484,0.5076923076923077,1.17940061549341,0.7272727272727273,0.0793650793650793,2.773015873015873,,108,21,-0.1619857880704867,0.3055555555555556,1.3646248574810422,0.6666666666666666,0.2258064516129032,2.1016129032258064,0.241
2026-09-15,Ohio,Mid-American,2026,139,21,0.0446763435394606,0.3741007194244604,1.1392053618963454,0.9090909090909092,0.1081081081081081,3.2824324324324325,,147,21,0.3286148354133413,0.4897959183673469,1.3428370013336863,0.7692307692307693,0.2093023255813953,3.115116279069768,0.15
2026-09-15,Ohio State,Big Ten,2026,137,23,0.3799475988897337,0.4817518248175182,1.406900457467487,0.7142857142857143,0.1935483870967742,3.117741935483871,,140,24,-0.1122477544900086,0.3642857142857142,1.097576491078469,0.7272727272727273,0.2096774193548387,2.361290322580645,0.186
2026-09-15,Oklahoma,SEC,2026,124,22,0.1156050868468605,0.4516129032258064,1.096833600472846,0.5714285714285714,0.2307692307692307,3.055384615384616,,117,24,-0.2290988755324868,0.3076923076923077,1.248361147173218,0.5,0.2083333333333333,2.1333333333333333,0.239
2026-09-15,Oklahoma State,Big 12,2026,175,27,-0.120539195500783,0.4,1.028802341611288,0.5333333333333333,0.1842105263157894,2.876315789473684,,119,25,0.0479456960149485,0.361344537815126,1.3328402867977789,1.0,0.15,2.945,0.134
2026-09-15,Old Dominion,Sun Belt,2026,106,24,0.033284008907971,0.3773584905660377,1.4024901016608096,0.3333333333333333,0.3181818181818182,1.4106060606060606,,150,22,0.0120509778170255,0.3266666666666666,1.3623687429640408,0.5,0.2857142857142857,2.18961038961039,0.2
2026-09-15,Ole Miss,SEC,2026,140,23,0.2768580376754948,0.5428571428571428,1.142013776353691,0.75,0.1875,3.0375,,129,23,0.1378585757061767,0.4031007751937984,1.2762019335670447,0.6,0.2941176470588235,2.3205882352941174,0.155
2026-09-15,Oregon,Big Ten,2026,125,26,0.0494282179027239,0.384,1.566587410092808,0.8333333333333334,0.1372549019607843,3.2,,154,28,0.0018153496237937,0.4025974025974026,1.0896122279284166,0.7,0.136986301369863,2.9383561643835616,0.123
2026-09-15,Oregon State,Pac-12,2026,145,26,0.11079361771673,0.3517241379310344,1.634882929376421,0.6,0.0789473684210526,2.857894736842105,,151,25,0.2374810550361736,0.4503311258278146,1.2130965561953595,0.8333333333333334,0.1585365853658536,3.0609756097560976,0.172
2026-09-15,Penn State,Big Ten,2026,138,21,0.3222167833457912,0.4782608695652174,1.2465262995318598,0.7692307692307693,0.1125,2.545,,113,21,-0.1350849176813743,0.3539823008849557,1.037253531298312,0.6666666666666666,0.3035714285714285,2.258928571428572,0.177
2026-09-15,Pittsburgh,ACC,2026,149,24,0.1978442895140391,0.4563758389261745,1.2308974355864892,0.5833333333333334,0.2253521126760563,2.636619718309859,,113,24,-0.0814023777817804,0.3008849557522124,1.4902418071661208,0.6666666666666666,0.2368421052631578,1.2605263157894735,0.186
2026-09-15,Purdue,Big Ten,2026,158,20,0.3108941299854006,0.5,1.1304623389649444,0.8,0.16,3.1826666666666665,,117,19,0.2136557537252784,0.4188034188034188,1.51055182193848,0.625,0.2166666666666666,2.5716666666666668,0.179
2026-09-15,Rice,American Athletic,2026,129,21,0.0039268670758448,0.4186046511627907,1.061196296851244,0.6666666666666666,0.1262135922330097,3.3864077669902914,,126,19,0.0841271372543652,0.4365079365079365,1.2114703432849558,0.6,0.1538461538461538,2.795384615384616,0.151
2026-09-15,Rutgers,Big Ten,2026,131,23,-0.0529169384087802,0.4045801526717557,1.469779676521196,0.3846153846153846,0.2372881355932203,2.716949152542373,,129,24,0.1558907367674346,0.4418604651162791,1.1203976295300062,0.75,0.1830985915492957,3.1633802816901406,0.109
2026-09-15,Sacramento State,Mid-American,2026,203,39,-0.0134863061624259,0.4088669950738916,1.1057548738363008,0.7222222222222222,0.2857142857142857,2.4824175824175825,,188,39,0.099234236960133,0.3723404255319149,1.3377447707118555,0.5833333333333334,0.1978021978021978,2.601098901098901,0.144
2026-09-15,Sam Houston,Conference USA,2026,135,23,0.0679276920034877,0.4518518518518518,1.1803148453958008,0.5555555555555556,0.2608695652173913,2.097826086956521,,143,25,0.0801298214744016,0.3286713286713286,1.5889012766547106,0.8,0.2297297297297297,2.918918918918919,0.203
2026-09-15,San Diego State,Pac-12,2026,121,23,-0.0413651342576204,0.3884297520661157,0.9233051483900416,0.6428571428571429,0.2266666666666666,3.1093333333333333,,148,26,0.0071288913535001,0.4256756756756756,0.9192161403297916,0.9,0.0985915492957746,3.511267605633803,0.101
2026-09-15,San José State,Mountain West,2026,213,37,0.1640411560777528,0.4178403755868544,1.2548924396738512,0.7142857142857143,0.196078431372549,3.226470588235294,,218,36,0.0756930654314693,0.4770642201834862,0.9896230258720576,0.9,0.1264367816091954,3.15287356321839,0.133
2026-09-15,SMU,ACC,2026,122,24,0.4587713273473277,0.5573770491803278,1.4281739344272315,0.3333333333333333,0.1886792452830188,2.9660377358490564,,131,26,-0.084622047764168,0.3282442748091603,1.2842625511359242,0.25,0.203125,2.9375,0.183
2026-09-15,South Alabama,Sun Belt,2026,162,21,0.1685310385380529,0.4382716049382716,1.2176774412969205,0.7857142857142857,0.1354166666666666,3.31875,,89,20,0.1632686372144404,0.3820224719101123,1.780175832903859,0.4285714285714285,0.3111111111111111,1.8,0.225
2026-09-15,South Carolina,SEC,2026,142,22,0.438343965195304,0.5915492957746479,1.2175363639723062,0.8333333333333334,0.0759493670886076,4.2025316455696204,,115,24,-0.0912429090065903,0.2695652173913043,1.4126566341430444,0.4,0.2448979591836734,2.091836734693877,0.139
2026-09-15,Southern Miss,Sun Belt,2026,145,23,0.1077642500321461,0.4896551724137931,1.006474011399464,0.8125,0.0769230769230769,3.7,,146,24,0.0608395926001343,0.3904109589041096,1.2299504868649154,0.7142857142857143,0.2023809523809523,3.2,0.137
2026-09-15,South Florida,American Athletic,2026,114,19,0.140587628627423,0.4736842105263157,1.0043796944285208,0.8571428571428571,0.2258064516129032,2.629032258064516,,140,19,-0.0058834549887592,0.4428571428571428,0.8079743699415228,0.7272727272727273,0.1866666666666666,3.045333333333333,0.136
2026-09-15,Stanford,ACC,2026,139,24,0.1652871164707423,0.39568345323741,1.1457214486158334,0.8571428571428571,0.1694915254237288,2.886440677966102,,145,25,0.2445848493510773,0.4482758620689655,1.3156744634857456,1.0,0.1509433962264151,2.922641509433962,0.124
2026-09-15,Syracuse,ACC,2026,165,26,0.0906180348680751,0.4181818181818181,1.3627569146430043,0.9285714285714286,0.1780821917808219,2.9397260273972603,,123,26,-0.25379058887179,0.3089430894308943,1.00832564007365,0.75,0.2727272727272727,1.8909090909090909,0.203
2026-09-15,TCU,Big 12,2026,143,24,0.2720895473907548,0.5104895104895105,1.1928228045964784,0.8181818181818182,0.1388888888888889,3.498611111111111,,112,24,-0.1211075290029854,0.3392857142857143,0.9668444329735346,0.0,0.2452830188679245,2.3358490566037737,0.232
2026-09-15,Temple,American Athletic,2026,121,19,0.1307173983832129,0.4380165289256198,1.1366621926292704,0.8333333333333334,0.2,3.041333333333333,,126,21,0.0889743629266326,0.4126984126984127,1.1673451255258795,0.7272727272727273,0.171875,2.05,0.143
2026-09-15,Tennessee,SEC,2026,143,24,0.3663306591413124,0.5104895104895105,1.3176765686521934,0.8181818181818182,0.1222222222222222,3.716666666666667,,132,25,-0.133299706225414,0.3636363636363636,1.0633150711559851,0.6,0.1785714285714285,3.5125,0.242
2026-09-15,Texas,SEC,2026,148,20,0.2502956329255999,0.4932432432432432,1.2917938180626174,0.75,0.2133333333333333,2.7826666666666666,,137,22,0.0500001383555945,0.4014598540145985,1.2231481170189105,0.625,0.2058823529411764,2.738235294117647,0.175
2026-09-15,Texas A&M,SEC,2026,151,25,0.2030153911456549,0.4966887417218543,1.0605418819511832,1.0,0.1481481481481481,3.208641975308642,,105,25,-0.3670736849201523,0.2761904761904762,1.1434497655113145,0.5,0.25,2.2442307692307693,0.248
2026-09-15,Texas State,Pac-12,2026,153,23,0.0713341660498197,0.4444444444444444,1.0653942023826526,0.7142857142857143,0.1348314606741573,3.2168539325842698,,144,20,0.3408355282669275,0.4791666666666667,1.3393729023888383,0.7,0.2424242424242424,2.6712121212121214,0.139
2026-09-15,Texas Tech,Big 12,2026,151,25,0.2360331407314352,0.4503311258278146,1.1224683496118188,0.7857142857142857,0.1604938271604938,3.064197530864197,,134,24,-0.0118944667262356,0.2835820895522388,1.7023564913908251,0.6666666666666666,0.1627906976744186,2.858139534883721,0.187
2026-09-15,Toledo,Mid-American,2026,118,23,0.2392459064623018,0.3898305084745763,1.849592332283392,0.5,0.2698412698412698,2.6333333333333333,,147,25,-0.1315716972417298,0.2993197278911564,1.159274640459017,0.3333333333333333,0.2253521126760563,2.5422535211267605,0.15
2026-09-15,Troy,Sun Belt,2026,139,27,0.1832232611952875,0.3669064748201439,1.5275409306952863,0.4545454545454545,0.2337662337662337,2.918181818181818,,131,25,-0.0730903667233353,0.366412213740458,1.258450956311019,0.6666666666666666,0.3518518518518518,1.4537037037037035,0.237
2026-09-15,Tulane,American Athletic,2026,107,22,0.1056401778804695,0.3364485981308411,1.4986254812812283,0.75,0.2307692307692307,2.4134615384615383,,152,23,0.0601189810986732,0.375,1.2544088524193848,0.8333333333333334,0.1590909090909091,3.1545454545454543,0.105
2026-09-15,Tulsa,American Athletic,2026,132,23,0.0855581218000294,0.3636363636363636,1.304618216522995,1.0,0.1617647058823529,2.988235294117647,,153,23,-0.0881200979720485,0.392156862745098,1.018737931677684,0.5384615384615384,0.1935483870967742,2.6048387096774195,0.15
2026-09-15,UAB,American Athletic,2026,148,17,0.125179646090532,0.4662162162162162,1.126405942245425,0.8333333333333334,0.1382978723404255,3.4340425531914893,,107,18,0.0832941743484347,0.4953271028037383,1.0527084819556491,0.5454545454545454,0.1515151515151515,3.351515151515152,0.112
2026-09-15,UCF,Big 12,2026,116,25,0.1461303427358404,0.4310344827586206,1.4198403210291637,0.6,0.1607142857142857,3.0107142857142857,,134,27,-0.099013594878991,0.291044776119403,1.1114470879006333,0.6666666666666666,0.2784810126582278,2.062025316455696,0.164
2026-09-15,UCLA,Big Ten,2026,120,26,0.2414210711755224,0.4916666666666666,1.1737632639003537,1.0,0.0704225352112676,4.164788732394366,,146,25,-0.1287180100332439,0.3219178082191781,1.2133801014622048,0.8333333333333334,0.2162162162162162,2.8027027027027027,0.192
2026-09-15,UConn,FBS Independents,2026,127,25,0.2841507501072622,0.4251968503937008,1.549718549984598,0.6666666666666666,0.2058823529411764,2.877941176470588,,151,25,0.0468040277609356,0.3774834437086092,1.1704590494412488,0.5454545454545454,0.21875,2.5328125,0.152
2026-09-15,UL Monroe,Sun Belt,2026,134,23,-0.1274140857526506,0.3656716417910448,0.8989095633271335,0.4545454545454545,0.1025641025641025,3.2371794871794872,,148,22,0.3914827680226134,0.5472972972972973,1.2758591261242125,0.9090909090909092,0.1411764705882353,3.834117647058824,0.128
2026-09-15,UNLV,Mountain West,2026,218,37,-0.0524893094452806,0.3532110091743119,1.1623632231536607,0.6875,0.1504424778761062,3.023008849557522,,206,35,0.1471056400027092,0.4126213592233009,1.1832290095991715,0.7777777777777778,0.1515151515151515,3.576767676767677,0.15
2026-09-15,USC,Big Ten,2026,221,30,0.3050545251396018,0.5701357466063348,1.097506176595752,0.7894736842105263,0.1779661016949152,3.2491525423728813,,155,30,0.0830802123434739,0.3677419354838709,1.3280287170782532,0.75,0.2207792207792207,2.433766233766234,0.135
2026-09-15,Utah,Big 12,2026,140,24,0.4085654273644835,0.5428571428571428,1.3590442825949345,0.7272727272727273,0.1707317073170731,3.818292682926829,,141,24,-0.0180149078203742,0.3262411347517731,1.4369604703869312,0.8,0.1666666666666666,2.598148148148148,0.206
2026-09-15,Utah State,Pac-12,2026,147,24,-0.125510359104815,0.3809523809523809,1.3459850217275189,0.1666666666666666,0.2753623188405797,2.9695652173913043,,142,25,0.0329839591211641,0.3873239436619718,0.9975056067009984,0.6363636363636364,0.2203389830508474,2.4067796610169494,0.099
2026-09-15,UTEP,Mountain West,2026,114,25,-0.134943446773656,0.4298245614035088,1.1795692615247384,0.4,0.2537313432835821,2.6373134328358208,,124,24,0.1797364798378444,0.4112903225806452,1.21273847936996,0.5833333333333334,0.2666666666666666,2.614666666666667,0.153
2026-09-15,UTSA,American Athletic,2026,134,23,0.3410086014875794,0.5373134328358209,1.0961411603228002,0.8,0.15,3.28,,162,25,-0.0122308165351195,0.4259259259259259,1.0332895004531055,0.5,0.1204819277108433,3.455421686746988,0.136
2026-09-15,Vanderbilt,SEC,2026,135,22,0.0770759026769088,0.4222222222222222,1.0785680522088028,0.875,0.1506849315068493,2.9712328767123286,,116,23,-0.1188975264171307,0.3275862068965517,1.3261548666811334,0.7777777777777778,0.24,2.43,0.259
2026-09-15,Virginia,ACC,2026,135,24,0.3363360115956449,0.5407407407407407,1.133641635334511,0.8666666666666667,0.1612903225806451,3.4172043010752686,,117,25,-0.3674973969331185,0.3162393162393162,0.6429044390651262,0.7142857142857143,0.2156862745098039,2.4823529411764707,0.248
2026-09-15,Virginia Tech,ACC,2026,163,25,0.3246569715301723,0.4969325153374233,1.2420419780551708,0.7,0.175,3.12625,,106,27,-0.2548073061433593,0.1981132075471698,1.6993340374331178,0.3333333333333333,0.5230769230769231,-0.4061538461538461,0.387
2026-09-15,Wake Forest,ACC,2026,137,20,0.4168473428540545,0.4744525547445255,1.3477531823845286,0.6666666666666666,0.1408450704225352,3.1169014084507043,,154,21,0.1471432253349311,0.5,0.9222951986550348,0.6,0.2285714285714285,2.857142857142857,0.143
2026-09-15,Washington,Big Ten,2026,141,24,0.0383845337142971,0.4397163120567376,0.994167021990533,0.5714285714285714,0.2542372881355932,2.649152542372881,,115,23,-0.1970220490833837,0.3130434782608696,1.346076863245751,0.0,0.3703703703703703,2.509259259259259,0.278
2026-09-15,Washington State,Pac-12,2026,109,22,-0.2204002283275828,0.2844036697247706,1.0891204891875983,0.0,0.2321428571428571,2.7767857142857144,,140,24,0.0930001435211628,0.4642857142857143,1.226918406593459,0.6,0.1764705882352941,3.1205882352941177,0.1
2026-09-15,Western Kentucky,Conference USA,2026,158,28,-0.0666697027112332,0.360759493670886,1.1031430607162849,0.6,0.2236842105263158,2.728947368421053,,121,27,0.5273760342953311,0.5041322314049587,1.6223388487633628,0.9,0.1710526315789473,3.5907894736842105,0.107
2026-09-15,Western Michigan,Mid-American,2026,128,24,0.1798153005934974,0.3984375,1.2124813230554417,0.7272727272727273,0.16,2.8666666666666667,,140,22,-0.0200984117118512,0.45,0.96082370279726,0.6875,0.1492537313432835,2.962686567164179,0.143
2026-09-15,West Virginia,Big 12,2026,140,26,0.2732145325843711,0.4785714285714286,1.1936925918671564,0.8461538461538461,0.1261261261261261,3.1585585585585587,,138,24,-0.0361489007794655,0.4130434782608695,1.207286883972729,0.5714285714285714,0.3,2.3,0.217
2026-09-15,Wisconsin,Big Ten,2026,117,20,0.0972845578595492,0.3846153846153846,1.4262012820270968,0.625,0.1666666666666666,2.873333333333333,,127,20,0.1416487925311263,0.4173228346456692,0.9995894298541818,0.75,0.0714285714285714,3.0585714285714287,0.102
2026-09-15,Wyoming,Mountain West,2026,117,23,-0.0028277350688493,0.4188034188034188,0.8959098386901093,1.0,0.1791044776119403,3.238805970149253,,130,22,0.0648907555886648,0.4230769230769231,1.172048736832227,1.0,0.1818181818181818,2.793939393939394,0.154
2026-09-16,Air Force,Mountain West,2026,147,19,0.3168724868895267,0.5238095238095238,0.9836879949098816,1.0,0.0578512396694214,4.0239669421487605,,106,20,-0.0790044128664969,0.3113207547169811,1.5288427794559412,0.8,0.2280701754385964,2.526315789473684,0.142
2026-09-16,Akron,Mid-American,2026,141,22,0.1576861186861234,0.524822695035461,0.9553972675038448,0.7142857142857143,0.1323529411764706,3.85,,119,22,0.1598294917273902,0.361344537815126,1.5062647956317663,0.7142857142857143,0.2692307692307692,2.175,0.168
2026-09-16,Alabama,SEC,2026,143,23,0.1923818408232353,0.5034965034965035,1.1057735881546875,0.7272727272727273,0.1785714285714285,3.1476190476190475,,108,24,-0.2874867496232187,0.287037037037037,1.1316133221653442,0.4,0.2708333333333333,1.2354166666666666,0.204
2026-09-16,App State,Sun Belt,2026,147,23,0.3906247499138722,0.5170068027210885,1.2754065166484962,0.8333333333333334,0.2,2.87625,,134,24,0.0816137293730369,0.4104477611940298,1.1852737956938326,0.6666666666666666,0.2333333333333333,2.788333333333333,0.194
2026-09-16,Arizona,Big 12,2026,137,23,0.135802341014586,0.5182481751824818,0.9553421091947132,0.9090909090909092,0.0983606557377049,3.804918032786885,,111,22,0.0356799842903723,0.3513513513513513,1.3875185132111152,1.0,0.2444444444444444,2.8266666666666667,0.18
2026-09-16,Arizona State,Big 12,2026,135,26,0.1879252063943186,0.4666666666666667,1.4678876754625696,0.9,0.1875,2.953125,,114,25,-0.0545554602775555,0.3421052631578947,1.0129971750114235,0.75,0.1607142857142857,2.517857142857143,0.14
2026-09-16,Arkansas,SEC,2026,163,24,0.0272616532025924,0.4233128834355828,1.1170369441790664,0.75,0.1857142857142857,2.732857142857143,,108,24,0.1347806692878385,0.4074074074074074,1.273058299449057,0.7142857142857143,0.2307692307692307,2.8173076923076925,0.157
2026-09-16,Arkansas State,Sun Belt,2026,118,20,0.2677348692051451,0.559322033898305,1.1459291087845072,0.7857142857142857,0.123076923076923,3.666153846153846,,122,23,0.1840622775567135,0.4426229508196721,1.3669975298661934,0.75,0.1126760563380281,3.388732394366197,0.139
2026-09-16,Army,American Athletic,2026,136,21,0.4233058887319205,0.5882352941176471,1.023133708359731,0.9090909090909092,0.1018518518518518,4.018518518518518,,110,21,0.1123930409096023,0.4181818181818181,1.1406168896883957,0.8,0.2222222222222222,2.7444444444444445,0.155
2026-09-16,Auburn,SEC,2026,160,24,0.1350601071202175,0.45625,1.1762728788342502,0.7777777777777778,0.1666666666666666,3.4654761904761906,,161,24,-0.0938026930155785,0.3726708074534161,1.0994859841769764,0.5,0.1875,2.3328125,0.193
2026-09-16,Ball State,Mid-American,2026,132,26,-0.0165475090918305,0.3106060606060606,1.4686103990600792,0.6666666666666666,0.2407407407407407,2.2203703703703703,,138,24,0.3064487375002761,0.4710144927536231,1.40546812277467,0.8571428571428571,0.2033898305084746,3.1559322033898307,0.145
2026-09-16,Baylor,Big 12,2026,186,27,0.1129098582081574,0.4354838709677419,1.2376620302097634,0.6,0.1547619047619047,3.1666666666666665,,131,26,-0.1673171265798204,0.2671755725190839,1.287063470738749,0.6666666666666666,0.2631578947368421,2.285964912280702,0.214
2026-09-16,Boise State,Pac-12,2026,143,23,0.266399529110338,0.4335664335664335,1.274491848026884,0.875,0.1125,3.545,,117,24,0.1017919549297001,0.3931623931623931,1.7729801802597571,0.6666666666666666,0.2978723404255319,2.476595744680852,0.197
2026-09-16,Boston College,ACC,2026,137,23,-0.0296494496033857,0.3795620437956204,1.2850016083291318,1.0,0.1969696969696969,3.0454545454545454,,130,23,0.0712578374372898,0.4,1.3266879736186803,0.5,0.1566265060240964,3.351807228915663,0.154
2026-09-16,Bowling Green,Mid-American,2026,116,21,-0.0419415928925813,0.3620689655172414,0.9568633361381188,0.6666666666666666,0.208955223880597,2.491044776119403,,125,20,0.3277188774321643,0.504,1.379556003194474,0.6666666666666666,0.1846153846153846,3.4615384615384617,0.072
2026-09-16,Buffalo,Mid-American,2026,153,28,0.0688000492594795,0.326797385620915,1.3682648307042922,1.0,0.2241379310344827,2.406896551724138,,152,28,0.0286543584092586,0.3486842105263157,1.2916147778515,0.8,0.2205882352941176,2.677941176470588,0.171
2026-09-16,BYU,Big 12,2026,128,22,0.5050841780417508,0.59375,1.145295729412896,0.8888888888888888,0.0945945945945946,4.075675675675676,,120,22,-0.0845017673137549,0.3666666666666666,1.1347196556610346,0.8571428571428571,0.2115384615384615,2.375,0.158
2026-09-16,California,ACC,2026,149,26,-0.0808214238504401,0.3422818791946309,1.3277706209817297,0.7142857142857143,0.25,2.4140625,,140,27,0.0680250301071306,0.4142857142857143,1.3407269201878411,1.0,0.1290322580645161,3.446774193548387,0.15
2026-09-16,Central Michigan,Mid-American,2026,112,22,-0.1256244794203912,0.3035714285714285,1.2574978566932482,0.875,0.1014492753623188,3.108695652173913,,135,21,0.0645138542075979,0.437037037037037,0.9057096960156528,1.0,0.1506849315068493,3.102739726027397,0.141
2026-09-16,Charlotte,American Athletic,2026,139,23,0.1096877225836496,0.4172661870503597,1.3048280000711567,0.5,0.25,2.9359375,,125,23,0.3563215883954375,0.56,1.168448348521541,0.9285714285714286,0.2253521126760563,3.222535211267606,0.12
2026-09-16,Cincinnati,Big 12,2026,142,23,0.4287542479500776,0.528169014084507,1.2301502062163543,0.8571428571428571,0.0869565217391304,4.093478260869565,,131,23,-0.020274166991414,0.3893129770992366,1.1912608272935616,0.75,0.2363636363636363,2.9909090909090907,0.183
2026-09-16,Clemson,ACC,2026,127,29,-0.187053815183755,0.2913385826771653,0.981531881260497,0.6,0.3389830508474576,2.238983050847457,,161,26,0.1795888733506845,0.422360248447205,1.3364841405947374,0.7272727272727273,0.1095890410958904,3.3438356164383563,0.155
2026-09-16,Coastal Carolina,Sun Belt,2026,135,27,0.2042925244908535,0.4518518518518518,1.325197095526809,0.625,0.21875,3.334375,,134,28,-0.0118711875821386,0.3880597014925373,0.9869719373350112,0.75,0.146067415730337,2.8662921348314607,0.172
2026-09-16,Colorado,Big 12,2026,151,24,0.2555961011969566,0.4172185430463576,1.3777550783764778,0.9,0.1219512195121951,3.1390243902439026,,134,24,-0.0639601272461802,0.3432835820895522,1.3968928161860514,0.3333333333333333,0.3888888888888889,2.4,0.254
2026-09-16,Colorado State,Pac-12,2026,137,26,0.3945282894044396,0.4890510948905109,1.5102312020802011,0.9,0.234375,2.578125,,121,25,-0.0649478881821947,0.3801652892561983,1.0956779944706343,0.6666666666666666,0.1408450704225352,3.22112676056338,0.273
2026-09-16,Delaware,Conference USA,2026,141,28,0.0842242921527009,0.3971631205673759,1.449182058605098,0.6,0.2542372881355932,2.3983050847457625,,144,28,-0.1511994958469578,0.3125,1.2358513394279544,0.8,0.2068965517241379,2.282758620689655,0.188
2026-09-16,Duke,ACC,2026,135,22,0.0971002378932878,0.362962962962963,1.237928846463279,0.7142857142857143,0.2142857142857142,2.9095238095238094,,125,21,-0.0251186964537824,0.408,0.9843421861093068,0.7142857142857143,0.0909090909090909,2.923636363636364,0.144
2026-09-16,East Carolina,American Athletic,2026,114,25,0.1099582195243851,0.3947368421052631,1.231797520854903,0.6666666666666666,0.2452830188679245,2.371698113207547,,153,24,0.2068942194566984,0.457516339869281,1.223214237815241,0.7142857142857143,0.2247191011235955,2.7662921348314606,0.124
2026-09-16,Eastern Michigan,Mid-American,2026,192,37,-0.0301709585158481,0.375,1.085440572919383,0.8125,0.1688311688311688,2.8181818181818183,,215,38,0.0920605021217898,0.4093023255813953,1.253569042774504,0.7647058823529411,0.2127659574468085,2.9382978723404256,0.191
2026-09-16,Florida,SEC,2026,131,22,0.503300118145704,0.5419847328244275,1.3730229556476083,1.0,0.0857142857142857,3.5085714285714285,,159,26,-0.1857093179760124,0.3333333333333333,1.1043810135770198,0.6666666666666666,0.1186440677966101,2.672881355932204,0.233
2026-09-16,Florida Atlantic,American Athletic,2026,172,24,0.0855727551307359,0.4244186046511627,1.1542662089271607,0.9090909090909092,0.1842105263157894,2.506578947368421,,125,23,0.3739127473785921,0.472,1.5780936478404288,1.0,0.1486486486486486,3.245945945945946,0.16
2026-09-16,Florida International,Conference USA,2026,156,24,-0.0028031544189282,0.391025641025641,1.1492281235386823,0.6923076923076923,0.203125,2.75,,128,22,-0.0449602235125628,0.328125,1.1153609295010591,0.8,0.2580645161290322,1.982258064516129,0.172
2026-09-16,Florida State,ACC,2026,134,22,0.2041981306396151,0.4104477611940298,1.3738286847147458,0.5,0.1392405063291139,3.3063291139240505,,134,21,0.23409225215135,0.4477611940298507,1.420966285728235,0.8333333333333334,0.1176470588235294,3.1549019607843136,0.157
2026-09-16,Fresno State,Pac-12,2026,110,21,0.0859821480957696,0.3727272727272727,1.3500903325919285,0.4285714285714285,0.2456140350877192,2.524561403508772,,136,21,0.0224727252079994,0.4705882352941176,1.0596533979596976,0.6666666666666666,0.2777777777777778,2.708333333333333,0.118
2026-09-16,Georgia,SEC,2026,123,27,0.6411901102917171,0.6016260162601627,1.4336402018226513,1.0,0.1147540983606557,4.119672131147541,,133,28,-0.1617840856909806,0.2857142857142857,1.2165006262434912,0.4,0.296875,1.93125,0.195
2026-09-16,Georgia Southern,Sun Belt,2026,145,27,0.0586021891492423,0.3655172413793103,1.2246915703732584,0.5,0.1489361702127659,3.1319148936170214,,140,29,-0.1953851267707166,0.2571428571428571,1.1628548379468289,0.75,0.3492063492063492,1.7142857142857142,0.271
2026-09-16,Georgia State,Sun Belt,2026,141,23,0.3830140743836993,0.5460992907801419,1.131271493549282,0.8181818181818182,0.1309523809523809,3.710714285714286,,113,23,-0.0190748999974009,0.3451327433628318,1.2156387691318562,1.0,0.2666666666666666,2.8,0.168
2026-09-16,Georgia Tech,ACC,2026,126,20,-0.0061808484398078,0.4206349206349206,1.0854468425040311,0.6666666666666666,0.2592592592592592,2.9851851851851854,,146,21,0.1404522994766487,0.4041095890410959,1.2473707813431243,0.9,0.1222222222222222,3.1844444444444444,0.151
2026-09-16,Hawai'i,Mountain West,2026,230,37,0.032940963609442,0.3739130434782609,1.1626258762976511,0.8,0.1842105263157894,3.098684210526316,,205,37,0.1296644642024741,0.4341463414634146,1.2594556887364166,0.6875,0.1261261261261261,3.28018018018018,0.146
2026-09-16,Houston,Big 12,2026,139,23,0.5086322930089994,0.6115107913669064,1.1881458019412137,0.9411764705882352,0.0823529411764705,4.155294117647059,,118,24,-0.0798564380460941,0.3050847457627119,1.3508256488893162,0.4,0.2790697674418604,1.3325581395348838,0.254
2026-09-16,Illinois,Big Ten,2026,114,17,0.2124029547040394,0.5175438596491229,1.202896905371677,0.6363636363636364,0.1379310344827586,2.93448275862069,,136,17,0.2497294616119733,0.4411764705882353,1.282464599974784,0.6923076923076923,0.1851851851851851,3.0246913580246915,0.125
2026-09-16,Indiana,Big Ten,2026,108,20,0.5826354535033924,0.5370370370370371,1.5716878414761073,0.7777777777777778,0.1216216216216216,3.413513513513513,,118,22,-0.1447228374943157,0.2796610169491525,1.5187942275986206,0.3333333333333333,0.2166666666666666,2.44,0.203
2026-09-16,Iowa,Big Ten,2026,139,24,0.0016189629623103,0.4028776978417266,1.1033428121941584,0.4285714285714285,0.1940298507462686,3.1,,113,27,-0.1812106771568968,0.2300884955752212,1.2105292522630695,0.6666666666666666,0.2033898305084746,2.2847457627118644,0.177
2026-09-16,Iowa State,Big 12,2026,103,24,0.1542133120949058,0.3203883495145631,1.4484541702459348,0.5,0.171875,2.646875,,129,24,-0.1517244627149505,0.3255813953488372,1.121317699632547,0.6,0.1571428571428571,2.435714285714285,0.171
2026-09-16,Jacksonville State,Conference USA,2026,191,30,0.1418243185433885,0.4659685863874345,1.2159433070054493,0.7222222222222222,0.2019230769230769,2.808653846153846,,198,29,-0.0087568630137224,0.398989898989899,1.0830725637433674,0.75,0.1707317073170731,2.940650406504065,0.141
2026-09-16,James Madison,Sun Belt,2026,113,21,0.479539448169209,0.5398230088495575,1.3269502984625527,0.6666666666666666,0.171875,3.44375,,140,25,-0.2757064750034476,0.2571428571428571,1.277789131183439,0.8571428571428571,0.2207792207792207,1.8987012987012988,0.143
2026-09-16,Kansas,Big 12,2026,145,23,0.2338262741156263,0.4551724137931034,1.4481149394863586,0.625,0.0843373493975903,3.1710843373493978,,128,25,0.0035854578754268,0.3046875,1.2628360942721588,1.0,0.2714285714285714,2.0385714285714287,0.219
2026-09-16,Kansas State,Big 12,2026,148,24,0.3345188267214266,0.5540540540540541,1.2937161276781035,0.8333333333333334,0.119047619047619,3.592857142857143,,113,25,-0.2760040441125845,0.2389380530973451,1.2854751137363396,0.3333333333333333,0.3134328358208955,1.8671641791044773,0.257
2026-09-16,Kennesaw State,Conference USA,2026,140,25,0.1300394206984425,0.5,1.1358671054399665,0.8181818181818182,0.2121212121212121,3.1045454545454545,,123,25,-0.017088871082993,0.3495934959349593,1.100274999432472,0.8571428571428571,0.2142857142857142,2.725714285714285,0.106
2026-09-16,Kent State,Mid-American,2026,122,22,0.0419375764785998,0.3524590163934426,1.353213333625812,0.6,0.1969696969696969,3.1166666666666667,,128,24,0.2166310557846445,0.5234375,1.1180399546611994,0.875,0.1,3.803333333333333,0.141
2026-09-16,Kentucky,SEC,2026,128,23,0.0890033049944523,0.4609375,1.1097461479075743,0.6666666666666666,0.1935483870967742,3.109677419354839,,130,21,0.0797991204568392,0.4461538461538462,1.124726469100218,0.7777777777777778,0.1935483870967742,2.6016129032258064,0.208
2026-09-16,Liberty,Conference USA,2026,136,24,-0.1161019510407969,0.3823529411764705,1.2248301758367646,0.6666666666666666,0.141025641025641,2.9346153846153844,,123,22,0.0295082308777663,0.3495934959349593,1.3481465092740088,0.4,0.2698412698412698,2.673015873015873,0.211
2026-09-16,Louisiana,Sun Belt,2026,121,21,0.2872702915830525,0.4876033057851239,1.3131949696088556,0.8571428571428571,0.1884057971014492,3.1449275362318843,,137,21,0.0227366626479739,0.4598540145985401,1.1747564986988903,0.625,0.2205882352941176,2.8529411764705883,0.131
2026-09-16,Louisiana Tech,Sun Belt,2026,116,29,0.0153881373796306,0.3103448275862069,1.6505202743028289,1.0,0.1904761904761904,2.577777777777778,,150,30,-0.1153931444961112,0.34,1.201984888715524,0.6,0.2857142857142857,1.6488095238095235,0.273
2026-09-16,Louisville,ACC,2026,134,26,0.4513246740637537,0.5447761194029851,1.3397742698468325,0.75,0.1643835616438356,3.063013698630137,,142,25,0.1227723968190846,0.3732394366197183,1.2422274876914896,0.5714285714285714,0.1176470588235294,2.5544117647058826,0.148
2026-09-16,LSU,SEC,2026,182,27,0.2058175337268157,0.5,1.2978100595291884,0.625,0.1530612244897959,2.9102040816326533,,106,28,-0.4640494005969776,0.1886792452830188,0.9967369888711708,0.6666666666666666,0.2916666666666667,1.6979166666666667,0.302
2026-09-16,Marshall,Sun Belt,2026,118,25,-0.1170632261688768,0.3644067796610169,1.035413167758098,0.6153846153846154,0.3064516129032258,2.167741935483871,,144,23,0.2992968190495405,0.4722222222222222,1.181015937543059,0.8888888888888888,0.1076923076923077,3.3246153846153845,0.111
2026-09-16,Maryland,Big Ten,2026,158,25,0.3611516175193782,0.5316455696202531,1.2757908671423983,0.6428571428571429,0.1710526315789473,3.5723684210526314,,105,24,-0.2564575897215248,0.2666666666666666,1.2470561585759148,0.6666666666666666,0.2962962962962963,1.4,0.219
2026-09-16,Massachusetts,Mid-American,2026,105,20,0.3734987579677579,0.5047619047619047,1.165695439147868,0.5454545454545454,0.1818181818181818,3.4045454545454543,,134,23,-0.0902538163166447,0.3805970149253731,1.24901703536941,0.75,0.2096774193548387,2.570967741935484,0.157
2026-09-16,Memphis,American Athletic,2026,177,35,0.2350611635254864,0.4350282485875706,1.4482477541338634,0.7142857142857143,0.1844660194174757,3.2854368932038835,,217,35,0.192649272099052,0.4377880184331797,1.3872415249019707,0.8571428571428571,0.1308411214953271,3.4065420560747666,0.147
2026-09-16,Miami,ACC,2026,144,26,0.5489136509830088,0.625,1.3307103400736222,1.0,0.1038961038961039,4.062337662337662,,113,24,-0.0839152601423317,0.3008849557522124,0.9249723221683476,0.5,0.2682926829268293,2.3,0.142
2026-09-16,Miami (OH),Mid-American,2026,115,20,0.2764031655999502,0.4521739130434782,1.281499316052608,1.0,0.1896551724137931,3.1,,123,21,0.1785536741915797,0.4552845528455284,1.2875594636535663,0.5714285714285714,0.25,2.779166666666667,0.098
2026-09-16,Michigan,Big Ten,2026,106,21,0.084462587896415,0.3490566037735849,1.3193032404170044,0.7142857142857143,0.1129032258064516,2.932258064516129,,134,22,-0.0898403883058992,0.3432835820895522,1.0126403276397398,0.6666666666666666,0.1971830985915492,2.907042253521127,0.164
2026-09-16,Michigan State,Big Ten,2026,158,20,0.1426258389428377,0.4556962025316455,1.1343727534949324,0.6428571428571429,0.1666666666666666,3.2444444444444445,,95,19,0.0674856752091822,0.3684210526315789,1.3619623909144192,0.5555555555555556,0.2682926829268293,2.629268292682927,0.232
2026-09-16,Middle Tennessee,Conference USA,2026,120,19,0.2627298867802216,0.4583333333333333,1.1566261463421283,0.75,0.0697674418604651,4.106976744186047,,113,22,0.1179669362138989,0.4336283185840708,1.152405043034228,0.7333333333333333,0.2,2.98,0.142
2026-09-16,Minnesota,Big Ten,2026,138,19,0.1239484333584105,0.4927536231884058,1.0062979745380276,0.6428571428571429,0.25,2.2884615384615383,,115,22,0.1087202792925834,0.391304347826087,1.1374772297950968,0.5454545454545454,0.2876712328767123,2.710958904109589,0.178
2026-09-16,Mississippi State,SEC,2026,148,22,0.5444014212608463,0.581081081081081,1.2894091808295536,0.7,0.1686746987951807,3.792771084337349,,136,22,-0.1004668683090555,0.3308823529411764,1.059757060940559,0.5,0.1568627450980392,2.5823529411764707,0.14
2026-09-16,Missouri,SEC,2026,153,26,0.24529734792988,0.4705882352941176,1.2251672170226928,0.7,0.1785714285714285,3.120238095238096,,121,24,-0.0639320226478284,0.2892561983471074,1.6717351608971178,0.8,0.2166666666666666,2.3666666666666667,0.231
2026-09-16,Missouri State,Conference USA,2026,120,23,0.0668812857775394,0.3666666666666666,1.3335725530755398,0.7692307692307693,0.1733333333333333,2.7746666666666666,,145,23,0.1909938154661411,0.503448275862069,1.0068807445175092,0.9090909090909092,0.1645569620253164,3.469620253164557,0.179
2026-09-16,Navy,American Athletic,2026,136,21,0.3197706471886218,0.5294117647058824,1.205369775240681,1.0,0.102803738317757,3.885046728971963,,122,21,0.1470620016920992,0.3934426229508196,1.3645400299509731,1.0,0.2280701754385964,2.631578947368421,0.148
2026-09-16,NC State,ACC,2026,122,24,0.3125729539037016,0.5245901639344263,1.215048351157467,0.8181818181818182,0.1076923076923077,3.727692307692308,,122,26,0.0012091374092092,0.3852459016393442,1.068971648909871,0.7692307692307693,0.1948051948051948,2.6246753246753247,0.156
2026-09-16,Nebraska,Big Ten,2026,140,21,0.5175659052512254,0.5571428571428572,1.4534374670791137,0.8333333333333334,0.136986301369863,3.82054794520548,,118,23,0.0517344067502091,0.3389830508474576,1.2549763899900523,1.0,0.1451612903225806,3.05,0.212
2026-09-16,Nevada,Mountain West,2026,131,23,0.1253495981030349,0.4427480916030534,1.3284449769173483,0.7857142857142857,0.1666666666666666,3.619230769230769,,149,23,0.0804141153145403,0.4429530201342282,0.9720734947656507,0.6666666666666666,0.2025316455696202,2.9873417721518987,0.148
2026-09-16,New Mexico,Mountain West,2026,144,27,0.2352301586935282,0.4791666666666667,1.1024318664396169,0.9166666666666666,0.1276595744680851,3.401063829787234,,105,27,-0.298944742674818,0.2285714285714285,1.4412726077351177,0.5,0.2,1.6927272727272726,0.305
2026-09-16,New Mexico State,Conference USA,2026,201,34,0.1547919421257269,0.4378109452736318,1.4261327937630708,0.6875,0.1428571428571428,3.207692307692308,,202,35,0.0958815223181676,0.4158415841584158,1.162391545945404,0.8333333333333334,0.2247191011235955,2.953932584269663,0.129
2026-09-16,North Carolina,ACC,2026,113,19,0.2360141771942716,0.5132743362831859,1.0323754501520834,0.6666666666666666,0.1320754716981132,3.826415094339623,,139,19,-0.1212396737477295,0.381294964028777,0.8784887790699076,0.8333333333333334,0.1363636363636363,2.7515151515151515,0.137
2026-09-16,North Dakota State,Mountain West,2026,199,30,0.1779024536014308,0.4321608040201005,1.3082108261820105,0.6923076923076923,0.1864406779661017,2.8686440677966103,,173,31,-0.1642277760509774,0.3815028901734104,0.9781791324953276,0.7142857142857143,0.1470588235294117,2.6372549019607843,0.156
2026-09-16,Northern Illinois,Mountain West,2026,124,26,-0.2402103302415052,0.3306451612903225,0.933563925425936,0.6,0.2280701754385964,2.3789473684210525,,143,24,0.003955245944769,0.4125874125874126,1.150449449041141,0.5454545454545454,0.1690140845070422,3.087323943661972,0.119
2026-09-16,North Texas,American Athletic,2026,138,22,0.1985668326897479,0.3985507246376811,1.4371934204362449,0.5,0.1756756756756756,3.0297297297297296,,119,21,0.1031777351390133,0.4201680672268907,1.1068830125613625,0.75,0.1515151515151515,2.457575757575757,0.151
2026-09-16,Northwestern,Big Ten,2026,55,11,0.4796492784465596,0.509090909090909,1.4850398029259404,1.0,0.1071428571428571,3.95,,90,12,0.0899734155062539,0.4222222222222222,1.0576414342835372,0.7777777777777778,0.131578947368421,3.305263157894737,0.189
2026-09-16,Notre Dame,FBS Independents,2026,130,20,0.3882939958255484,0.5076923076923077,1.17940061549341,0.7272727272727273,0.0793650793650793,2.773015873015873,,108,21,-0.1619857880704867,0.3055555555555556,1.3646248574810422,0.6666666666666666,0.2258064516129032,2.1016129032258064,0.241
2026-09-16,Ohio,Mid-American,2026,139,21,0.0446763435394606,0.3741007194244604,1.1392053618963454,0.9090909090909092,0.1081081081081081,3.2824324324324325,,147,21,0.3286148354133413,0.4897959183673469,1.3428370013336863,0.7692307692307693,0.2093023255813953,3.115116279069768,0.15
2026-09-16,Ohio State,Big Ten,2026,137,23,0.3799475988897337,0.4817518248175182,1.406900457467487,0.7142857142857143,0.1935483870967742,3.117741935483871,,140,24,-0.1122477544900086,0.3642857142857142,1.097576491078469,0.7272727272727273,0.2096774193548387,2.361290322580645,0.186
2026-09-16,Oklahoma,SEC,2026,124,22,0.1156050868468605,0.4516129032258064,1.096833600472846,0.5714285714285714,0.2307692307692307,3.055384615384616,,117,24,-0.2290988755324868,0.3076923076923077,1.248361147173218,0.5,0.2083333333333333,2.1333333333333333,0.239
2026-09-16,Oklahoma State,Big 12,2026,175,27,-0.120539195500783,0.4,1.028802341611288,0.5333333333333333,0.1842105263157894,2.876315789473684,,119,25,0.0479456960149485,0.361344537815126,1.3328402867977789,1.0,0.15,2.945,0.134
2026-09-16,Old Dominion,Sun Belt,2026,106,24,0.033284008907971,0.3773584905660377,1.4024901016608096,0.3333333333333333,0.3181818181818182,1.4106060606060606,,150,22,0.0120509778170255,0.3266666666666666,1.3623687429640408,0.5,0.2857142857142857,2.18961038961039,0.2
2026-09-16,Ole Miss,SEC,2026,140,23,0.2768580376754948,0.5428571428571428,1.142013776353691,0.75,0.1875,3.0375,,129,23,0.1378585757061767,0.4031007751937984,1.2762019335670447,0.6,0.2941176470588235,2.3205882352941174,0.155
2026-09-16,Oregon,Big Ten,2026,125,26,0.0494282179027239,0.384,1.566587410092808,0.8333333333333334,0.1372549019607843,3.2,,154,28,0.0018153496237937,0.4025974025974026,1.0896122279284166,0.7,0.136986301369863,2.9383561643835616,0.123
2026-09-16,Oregon State,Pac-12,2026,145,26,0.11079361771673,0.3517241379310344,1.634882929376421,0.6,0.0789473684210526,2.857894736842105,,151,25,0.2374810550361736,0.4503311258278146,1.2130965561953595,0.8333333333333334,0.1585365853658536,3.0609756097560976,0.172
2026-09-16,Penn State,Big Ten,2026,138,21,0.3222167833457912,0.4782608695652174,1.2465262995318598,0.7692307692307693,0.1125,2.545,,113,21,-0.1350849176813743,0.3539823008849557,1.037253531298312,0.6666666666666666,0.3035714285714285,2.258928571428572,0.177
2026-09-16,Pittsburgh,ACC,2026,149,24,0.1978442895140391,0.4563758389261745,1.2308974355864892,0.5833333333333334,0.2253521126760563,2.636619718309859,,113,24,-0.0814023777817804,0.3008849557522124,1.4902418071661208,0.6666666666666666,0.2368421052631578,1.2605263157894735,0.186
2026-09-16,Purdue,Big Ten,2026,158,20,0.3108941299854006,0.5,1.1304623389649444,0.8,0.16,3.1826666666666665,,117,19,0.2136557537252784,0.4188034188034188,1.51055182193848,0.625,0.2166666666666666,2.5716666666666668,0.179
2026-09-16,Rice,American Athletic,2026,129,21,0.0039268670758448,0.4186046511627907,1.061196296851244,0.6666666666666666,0.1262135922330097,3.3864077669902914,,126,19,0.0841271372543652,0.4365079365079365,1.2114703432849558,0.6,0.1538461538461538,2.795384615384616,0.151
2026-09-16,Rutgers,Big Ten,2026,131,23,-0.0529169384087802,0.4045801526717557,1.469779676521196,0.3846153846153846,0.2372881355932203,2.716949152542373,,129,24,0.1558907367674346,0.4418604651162791,1.1203976295300062,0.75,0.1830985915492957,3.1633802816901406,0.109
2026-09-16,Sacramento State,Mid-American,2026,203,39,-0.0134863061624259,0.4088669950738916,1.1057548738363008,0.7222222222222222,0.2857142857142857,2.4824175824175825,,188,39,0.099234236960133,0.3723404255319149,1.3377447707118555,0.5833333333333334,0.1978021978021978,2.601098901098901,0.144
2026-09-16,Sam Houston,Conference USA,2026,135,23,0.0679276920034877,0.4518518518518518,1.1803148453958008,0.5555555555555556,0.2608695652173913,2.097826086956521,,143,25,0.0801298214744016,0.3286713286713286,1.5889012766547106,0.8,0.2297297297297297,2.918918918918919,0.203
2026-09-16,San Diego State,Pac-12,2026,121,23,-0.0413651342576204,0.3884297520661157,0.9233051483900416,0.6428571428571429,0.2266666666666666,3.1093333333333333,,148,26,0.0071288913535001,0.4256756756756756,0.9192161403297916,0.9,0.0985915492957746,3.511267605633803,0.101
2026-09-16,San José State,Mountain West,2026,213,37,0.1640411560777528,0.4178403755868544,1.2548924396738512,0.7142857142857143,0.196078431372549,3.226470588235294,,218,36,0.0756930654314693,0.4770642201834862,0.9896230258720576,0.9,0.1264367816091954,3.15287356321839,0.133
2026-09-16,SMU,ACC,2026,122,24,0.4587713273473277,0.5573770491803278,1.4281739344272315,0.3333333333333333,0.1886792452830188,2.9660377358490564,,131,26,-0.084622047764168,0.3282442748091603,1.2842625511359242,0.25,0.203125,2.9375,0.183
2026-09-16,South Alabama,Sun Belt,2026,162,21,0.1685310385380529,0.4382716049382716,1.2176774412969205,0.7857142857142857,0.1354166666666666,3.31875,,89,20,0.1632686372144404,0.3820224719101123,1.780175832903859,0.4285714285714285,0.3111111111111111,1.8,0.225
2026-09-16,South Carolina,SEC,2026,142,22,0.438343965195304,0.5915492957746479,1.2175363639723062,0.8333333333333334,0.0759493670886076,4.2025316455696204,,115,24,-0.0912429090065903,0.2695652173913043,1.4126566341430444,0.4,0.2448979591836734,2.091836734693877,0.139
2026-09-16,Southern Miss,Sun Belt,2026,145,23,0.1077642500321461,0.4896551724137931,1.006474011399464,0.8125,0.0769230769230769,3.7,,146,24,0.0608395926001343,0.3904109589041096,1.2299504868649154,0.7142857142857143,0.2023809523809523,3.2,0.137
2026-09-16,South Florida,American Athletic,2026,114,19,0.140587628627423,0.4736842105263157,1.0043796944285208,0.8571428571428571,0.2258064516129032,2.629032258064516,,140,19,-0.0058834549887592,0.4428571428571428,0.8079743699415228,0.7272727272727273,0.1866666666666666,3.045333333333333,0.136
2026-09-16,Stanford,ACC,2026,139,24,0.1652871164707423,0.39568345323741,1.1457214486158334,0.8571428571428571,0.1694915254237288,2.886440677966102,,145,25,0.2445848493510773,0.4482758620689655,1.3156744634857456,1.0,0.1509433962264151,2.922641509433962,0.124
2026-09-16,Syracuse,ACC,2026,165,26,0.0906180348680751,0.4181818181818181,1.3627569146430043,0.9285714285714286,0.1780821917808219,2.9397260273972603,,123,26,-0.25379058887179,0.3089430894308943,1.00832564007365,0.75,0.2727272727272727,1.8909090909090909,0.203
2026-09-16,TCU,Big 12,2026,143,24,0.2720895473907548,0.5104895104895105,1.1928228045964784,0.8181818181818182,0.1388888888888889,3.498611111111111,,112,24,-0.1211075290029854,0.3392857142857143,0.9668444329735346,0.0,0.2452830188679245,2.3358490566037737,0.232
2026-09-16,Temple,American Athletic,2026,121,19,0.1307173983832129,0.4380165289256198,1.1366621926292704,0.8333333333333334,0.2,3.041333333333333,,126,21,0.0889743629266326,0.4126984126984127,1.1673451255258795,0.7272727272727273,0.171875,2.05,0.143
2026-09-16,Tennessee,SEC,2026,143,24,0.3663306591413124,0.5104895104895105,1.3176765686521934,0.8181818181818182,0.1222222222222222,3.716666666666667,,132,25,-0.133299706225414,0.3636363636363636,1.0633150711559851,0.6,0.1785714285714285,3.5125,0.242
2026-09-16,Texas,SEC,2026,148,20,0.2502956329255999,0.4932432432432432,1.2917938180626174,0.75,0.2133333333333333,2.7826666666666666,,137,22,0.0500001383555945,0.4014598540145985,1.2231481170189105,0.625,0.2058823529411764,2.738235294117647,0.175
2026-09-16,Texas A&M,SEC,2026,151,25,0.2030153911456549,0.4966887417218543,1.0605418819511832,1.0,0.1481481481481481,3.208641975308642,,105,25,-0.3670736849201523,0.2761904761904762,1.1434497655113145,0.5,0.25,2.2442307692307693,0.248
2026-09-16,Texas State,Pac-12,2026,153,23,0.0713341660498197,0.4444444444444444,1.0653942023826526,0.7142857142857143,0.1348314606741573,3.2168539325842698,,144,20,0.3408355282669275,0.4791666666666667,1.3393729023888383,0.7,0.2424242424242424,2.6712121212121214,0.139
2026-09-16,Texas Tech,Big 12,2026,151,25,0.2360331407314352,0.4503311258278146,1.1224683496118188,0.7857142857142857,0.1604938271604938,3.064197530864197,,134,24,-0.0118944667262356,0.2835820895522388,1.7023564913908251,0.6666666666666666,0.1627906976744186,2.858139534883721,0.187
2026-09-16,Toledo,Mid-American,2026,118,23,0.2392459064623018,0.3898305084745763,1.849592332283392,0.5,0.2698412698412698,2.6333333333333333,,147,25,-0.1315716972417298,0.2993197278911564,1.159274640459017,0.3333333333333333,0.2253521126760563,2.5422535211267605,0.15
2026-09-16,Troy,Sun Belt,2026,139,27,0.1832232611952875,0.3669064748201439,1.5275409306952863,0.4545454545454545,0.2337662337662337,2.918181818181818,,131,25,-0.0730903667233353,0.366412213740458,1.258450956311019,0.6666666666666666,0.3518518518518518,1.4537037037037035,0.237
2026-09-16,Tulane,American Athletic,2026,107,22,0.1056401778804695,0.3364485981308411,1.4986254812812283,0.75,0.2307692307692307,2.4134615384615383,,152,23,0.0601189810986732,0.375,1.2544088524193848,0.8333333333333334,0.1590909090909091,3.1545454545454543,0.105
2026-09-16,Tulsa,American Athletic,2026,132,23,0.0855581218000294,0.3636363636363636,1.304618216522995,1.0,0.1617647058823529,2.988235294117647,,153,23,-0.0881200979720485,0.392156862745098,1.018737931677684,0.5384615384615384,0.1935483870967742,2.6048387096774195,0.15
2026-09-16,UAB,American Athletic,2026,148,17,0.125179646090532,0.4662162162162162,1.126405942245425,0.8333333333333334,0.1382978723404255,3.4340425531914893,,107,18,0.0832941743484347,0.4953271028037383,1.0527084819556491,0.5454545454545454,0.1515151515151515,3.351515151515152,0.112
2026-09-16,UCF,Big 12,2026,116,25,0.1461303427358404,0.4310344827586206,1.4198403210291637,0.6,0.1607142857142857,3.0107142857142857,,134,27,-0.099013594878991,0.291044776119403,1.1114470879006333,0.6666666666666666,0.2784810126582278,2.062025316455696,0.164
2026-09-16,UCLA,Big Ten,2026,120,26,0.2414210711755224,0.4916666666666666,1.1737632639003537,1.0,0.0704225352112676,4.164788732394366,,146,25,-0.1287180100332439,0.3219178082191781,1.2133801014622048,0.8333333333333334,0.2162162162162162,2.8027027027027027,0.192
2026-09-16,UConn,FBS Independents,2026,127,25,0.2841507501072622,0.4251968503937008,1.549718549984598,0.6666666666666666,0.2058823529411764,2.877941176470588,,151,25,0.0468040277609356,0.3774834437086092,1.1704590494412488,0.5454545454545454,0.21875,2.5328125,0.152
2026-09-16,UL Monroe,Sun Belt,2026,134,23,-0.1274140857526506,0.3656716417910448,0.8989095633271335,0.4545454545454545,0.1025641025641025,3.2371794871794872,,148,22,0.3914827680226134,0.5472972972972973,1.2758591261242125,0.9090909090909092,0.1411764705882353,3.834117647058824,0.128
2026-09-16,UNLV,Mountain West,2026,218,37,-0.0524893094452806,0.3532110091743119,1.1623632231536607,0.6875,0.1504424778761062,3.023008849557522,,206,35,0.1471056400027092,0.4126213592233009,1.1832290095991715,0.7777777777777778,0.1515151515151515,3.576767676767677,0.15
2026-09-16,USC,Big Ten,2026,221,30,0.3050545251396018,0.5701357466063348,1.097506176595752,0.7894736842105263,0.1779661016949152,3.2491525423728813,,155,30,0.0830802123434739,0.3677419354838709,1.3280287170782532,0.75,0.2207792207792207,2.433766233766234,0.135
2026-09-16,Utah,Big 12,2026,140,24,0.4085654273644835,0.5428571428571428,1.3590442825949345,0.7272727272727273,0.1707317073170731,3.818292682926829,,141,24,-0.0180149078203742,0.3262411347517731,1.4369604703869312,0.8,0.1666666666666666,2.598148148148148,0.206
2026-09-16,Utah State,Pac-12,2026,147,24,-0.125510359104815,0.3809523809523809,1.3459850217275189,0.1666666666666666,0.2753623188405797,2.9695652173913043,,142,25,0.0329839591211641,0.3873239436619718,0.9975056067009984,0.6363636363636364,0.2203389830508474,2.4067796610169494,0.099
2026-09-16,UTEP,Mountain West,2026,114,25,-0.134943446773656,0.4298245614035088,1.1795692615247384,0.4,0.2537313432835821,2.6373134328358208,,124,24,0.1797364798378444,0.4112903225806452,1.21273847936996,0.5833333333333334,0.2666666666666666,2.614666666666667,0.153
2026-09-16,UTSA,American Athletic,2026,134,23,0.3410086014875794,0.5373134328358209,1.0961411603228002,0.8,0.15,3.28,,162,25,-0.0122308165351195,0.4259259259259259,1.0332895004531055,0.5,0.1204819277108433,3.455421686746988,0.136
2026-09-16,Vanderbilt,SEC,2026,135,22,0.0770759026769088,0.4222222222222222,1.0785680522088028,0.875,0.1506849315068493,2.9712328767123286,,116,23,-0.1188975264171307,0.3275862068965517,1.3261548666811334,0.7777777777777778,0.24,2.43,0.259
2026-09-16,Virginia,ACC,2026,135,24,0.3363360115956449,0.5407407407407407,1.133641635334511,0.8666666666666667,0.1612903225806451,3.4172043010752686,,117,25,-0.3674973969331185,0.3162393162393162,0.6429044390651262,0.7142857142857143,0.2156862745098039,2.4823529411764707,0.248
2026-09-16,Virginia Tech,ACC,2026,163,25,0.3246569715301723,0.4969325153374233,1.2420419780551708,0.7,0.175,3.12625,,106,27,-0.2548073061433593,0.1981132075471698,1.6993340374331178,0.3333333333333333,0.5230769230769231,-0.4061538461538461,0.387
2026-09-16,Wake Forest,ACC,2026,137,20,0.4168473428540545,0.4744525547445255,1.3477531823845286,0.6666666666666666,0.1408450704225352,3.1169014084507043,,154,21,0.1471432253349311,0.5,0.9222951986550348,0.6,0.2285714285714285,2.857142857142857,0.143
2026-09-16,Washington,Big Ten,2026,141,24,0.0383845337142971,0.4397163120567376,0.994167021990533,0.5714285714285714,0.2542372881355932,2.649152542372881,,115,23,-0.1970220490833837,0.3130434782608696,1.346076863245751,0.0,0.3703703703703703,2.509259259259259,0.278
2026-09-16,Washington State,Pac-12,2026,109,22,-0.2204002283275828,0.2844036697247706,1.0891204891875983,0.0,0.2321428571428571,2.7767857142857144,,140,24,0.0930001435211628,0.4642857142857143,1.226918406593459,0.6,0.1764705882352941,3.1205882352941177,0.1
2026-09-16,Western Kentucky,Conference USA,2026,158,28,-0.0666697027112332,0.360759493670886,1.1031430607162849,0.6,0.2236842105263158,2.728947368421053,,121,27,0.5273760342953311,0.5041322314049587,1.6223388487633628,0.9,0.1710526315789473,3.5907894736842105,0.107
2026-09-16,Western Michigan,Mid-American,2026,128,24,0.1798153005934974,0.3984375,1.2124813230554417,0.7272727272727273,0.16,2.8666666666666667,,140,22,-0.0200984117118512,0.45,0.96082370279726,0.6875,0.1492537313432835,2.962686567164179,0.143
2026-09-16,West Virginia,Big 12,2026,140,26,0.2732145325843711,0.4785714285714286,1.1936925918671564,0.8461538461538461,0.1261261261261261,3.1585585585585587,,138,24,-0.0361489007794655,0.4130434782608695,1.207286883972729,0.5714285714285714,0.3,2.3,0.217
2026-09-16,Wisconsin,Big Ten,2026,117,20,0.0972845578595492,0.3846153846153846,1.4262012820270968,0.625,0.1666666666666666,2.873333333333333,,127,20,0.1416487925311263,0.4173228346456692,0.9995894298541818,0.75,0.0714285714285714,3.0585714285714287,0.102
2026-09-16,Wyoming,Mountain West,2026,117,23,-0.0028277350688493,0.4188034188034188,0.8959098386901093,1.0,0.1791044776119403,3.238805970149253,,130,22,0.0648907555886648,0.4230769230769231,1.172048736832227,1.0,0.1818181818181818,2.793939393939394,0.154
2026-09-17,Air Force,Mountain West,2026,147,19,0.3168724868895267,0.5238095238095238,0.9836879949098816,1.0,0.0578512396694214,4.0239669421487605,,106,20,-0.0790044128664969,0.3113207547169811,1.5288427794559412,0.8,0.2280701754385964,2.526315789473684,0.142
2026-09-17,Akron,Mid-American,2026,141,22,0.1576861186861234,0.524822695035461,0.9553972675038448,0.7142857142857143,0.1323529411764706,3.85,,119,22,0.1598294917273902,0.361344537815126,1.5062647956317663,0.7142857142857143,0.2692307692307692,2.175,0.168
2026-09-17,Alabama,SEC,2026,143,23,0.1923818408232353,0.5034965034965035,1.1057735881546875,0.7272727272727273,0.1785714285714285,3.1476190476190475,,108,24,-0.2874867496232187,0.287037037037037,1.1316133221653442,0.4,0.2708333333333333,1.2354166666666666,0.204
2026-09-17,App State,Sun Belt,2026,147,23,0.3906247499138722,0.5170068027210885,1.2754065166484962,0.8333333333333334,0.2,2.87625,,134,24,0.0816137293730369,0.4104477611940298,1.1852737956938326,0.6666666666666666,0.2333333333333333,2.788333333333333,0.194
2026-09-17,Arizona,Big 12,2026,137,23,0.135802341014586,0.5182481751824818,0.9553421091947132,0.9090909090909092,0.0983606557377049,3.804918032786885,,111,22,0.0356799842903723,0.3513513513513513,1.3875185132111152,1.0,0.2444444444444444,2.8266666666666667,0.18
2026-09-17,Arizona State,Big 12,2026,135,26,0.1879252063943186,0.4666666666666667,1.4678876754625696,0.9,0.1875,2.953125,,114,25,-0.0545554602775555,0.3421052631578947,1.0129971750114235,0.75,0.1607142857142857,2.517857142857143,0.14
2026-09-17,Arkansas,SEC,2026,163,24,0.0272616532025924,0.4233128834355828,1.1170369441790664,0.75,0.1857142857142857,2.732857142857143,,108,24,0.1347806692878385,0.4074074074074074,1.273058299449057,0.7142857142857143,0.2307692307692307,2.8173076923076925,0.157
2026-09-17,Arkansas State,Sun Belt,2026,118,20,0.2677348692051451,0.559322033898305,1.1459291087845072,0.7857142857142857,0.123076923076923,3.666153846153846,,122,23,0.1840622775567135,0.4426229508196721,1.3669975298661934,0.75,0.1126760563380281,3.388732394366197,0.139
2026-09-17,Army,American Athletic,2026,136,21,0.4233058887319205,0.5882352941176471,1.023133708359731,0.9090909090909092,0.1018518518518518,4.018518518518518,,110,21,0.1123930409096023,0.4181818181818181,1.1406168896883957,0.8,0.2222222222222222,2.7444444444444445,0.155
2026-09-17,Auburn,SEC,2026,160,24,0.1350601071202175,0.45625,1.1762728788342502,0.7777777777777778,0.1666666666666666,3.4654761904761906,,161,24,-0.0938026930155785,0.3726708074534161,1.0994859841769764,0.5,0.1875,2.3328125,0.193
2026-09-17,Ball State,Mid-American,2026,132,26,-0.0165475090918305,0.3106060606060606,1.4686103990600792,0.6666666666666666,0.2407407407407407,2.2203703703703703,,138,24,0.3064487375002761,0.4710144927536231,1.40546812277467,0.8571428571428571,0.2033898305084746,3.1559322033898307,0.145
2026-09-17,Baylor,Big 12,2026,186,27,0.1129098582081574,0.4354838709677419,1.2376620302097634,0.6,0.1547619047619047,3.1666666666666665,,131,26,-0.1673171265798204,0.2671755725190839,1.287063470738749,0.6666666666666666,0.2631578947368421,2.285964912280702,0.214
2026-09-17,Boise State,Pac-12,2026,143,23,0.266399529110338,0.4335664335664335,1.274491848026884,0.875,0.1125,3.545,,117,24,0.1017919549297001,0.3931623931623931,1.7729801802597571,0.6666666666666666,0.2978723404255319,2.476595744680852,0.197
2026-09-17,Boston College,ACC,2026,137,23,-0.0296494496033857,0.3795620437956204,1.2850016083291318,1.0,0.1969696969696969,3.0454545454545454,,130,23,0.0712578374372898,0.4,1.3266879736186803,0.5,0.1566265060240964,3.351807228915663,0.154
2026-09-17,Bowling Green,Mid-American,2026,116,21,-0.0419415928925813,0.3620689655172414,0.9568633361381188,0.6666666666666666,0.208955223880597,2.491044776119403,,125,20,0.3277188774321643,0.504,1.379556003194474,0.6666666666666666,0.1846153846153846,3.4615384615384617,0.072
2026-09-17,Buffalo,Mid-American,2026,153,28,0.0688000492594795,0.326797385620915,1.3682648307042922,1.0,0.2241379310344827,2.406896551724138,,152,28,0.0286543584092586,0.3486842105263157,1.2916147778515,0.8,0.2205882352941176,2.677941176470588,0.171
2026-09-17,BYU,Big 12,2026,128,22,0.5050841780417508,0.59375,1.145295729412896,0.8888888888888888,0.0945945945945946,4.075675675675676,,120,22,-0.0845017673137549,0.3666666666666666,1.1347196556610346,0.8571428571428571,0.2115384615384615,2.375,0.158
2026-09-17,California,ACC,2026,149,26,-0.0808214238504401,0.3422818791946309,1.3277706209817297,0.7142857142857143,0.25,2.4140625,,140,27,0.0680250301071306,0.4142857142857143,1.3407269201878411,1.0,0.1290322580645161,3.446774193548387,0.15
2026-09-17,Central Michigan,Mid-American,2026,112,22,-0.1256244794203912,0.3035714285714285,1.2574978566932482,0.875,0.1014492753623188,3.108695652173913,,135,21,0.0645138542075979,0.437037037037037,0.9057096960156528,1.0,0.1506849315068493,3.102739726027397,0.141
2026-09-17,Charlotte,American Athletic,2026,139,23,0.1096877225836496,0.4172661870503597,1.3048280000711567,0.5,0.25,2.9359375,,125,23,0.3563215883954375,0.56,1.168448348521541,0.9285714285714286,0.2253521126760563,3.222535211267606,0.12
2026-09-17,Cincinnati,Big 12,2026,142,23,0.4287542479500776,0.528169014084507,1.2301502062163543,0.8571428571428571,0.0869565217391304,4.093478260869565,,131,23,-0.020274166991414,0.3893129770992366,1.1912608272935616,0.75,0.2363636363636363,2.9909090909090907,0.183
2026-09-17,Clemson,ACC,2026,127,29,-0.187053815183755,0.2913385826771653,0.981531881260497,0.6,0.3389830508474576,2.238983050847457,,161,26,0.1795888733506845,0.422360248447205,1.3364841405947374,0.7272727272727273,0.1095890410958904,3.3438356164383563,0.155
2026-09-17,Coastal Carolina,Sun Belt,2026,135,27,0.2042925244908535,0.4518518518518518,1.325197095526809,0.625,0.21875,3.334375,,134,28,-0.0118711875821386,0.3880597014925373,0.9869719373350112,0.75,0.146067415730337,2.8662921348314607,0.172
2026-09-17,Colorado,Big 12,2026,151,24,0.2555961011969566,0.4172185430463576,1.3777550783764778,0.9,0.1219512195121951,3.1390243902439026,,134,24,-0.0639601272461802,0.3432835820895522,1.3968928161860514,0.3333333333333333,0.3888888888888889,2.4,0.254
2026-09-17,Colorado State,Pac-12,2026,137,26,0.3945282894044396,0.4890510948905109,1.5102312020802011,0.9,0.234375,2.578125,,121,25,-0.0649478881821947,0.3801652892561983,1.0956779944706343,0.6666666666666666,0.1408450704225352,3.22112676056338,0.273
2026-09-17,Delaware,Conference USA,2026,141,28,0.0842242921527009,0.3971631205673759,1.449182058605098,0.6,0.2542372881355932,2.3983050847457625,,144,28,-0.1511994958469578,0.3125,1.2358513394279544,0.8,0.2068965517241379,2.282758620689655,0.188
2026-09-17,Duke,ACC,2026,135,22,0.0971002378932878,0.362962962962963,1.237928846463279,0.7142857142857143,0.2142857142857142,2.9095238095238094,,125,21,-0.0251186964537824,0.408,0.9843421861093068,0.7142857142857143,0.0909090909090909,2.923636363636364,0.144
2026-09-17,East Carolina,American Athletic,2026,114,25,0.1099582195243851,0.3947368421052631,1.231797520854903,0.6666666666666666,0.2452830188679245,2.371698113207547,,153,24,0.2068942194566984,0.457516339869281,1.223214237815241,0.7142857142857143,0.2247191011235955,2.7662921348314606,0.124
2026-09-17,Eastern Michigan,Mid-American,2026,192,37,-0.0301709585158481,0.375,1.085440572919383,0.8125,0.1688311688311688,2.8181818181818183,,215,38,0.0920605021217898,0.4093023255813953,1.253569042774504,0.7647058823529411,0.2127659574468085,2.9382978723404256,0.191
2026-09-17,Florida,SEC,2026,131,22,0.503300118145704,0.5419847328244275,1.3730229556476083,1.0,0.0857142857142857,3.5085714285714285,,159,26,-0.1857093179760124,0.3333333333333333,1.1043810135770198,0.6666666666666666,0.1186440677966101,2.672881355932204,0.233
2026-09-17,Florida Atlantic,American Athletic,2026,172,24,0.0855727551307359,0.4244186046511627,1.1542662089271607,0.9090909090909092,0.1842105263157894,2.506578947368421,,125,23,0.3739127473785921,0.472,1.5780936478404288,1.0,0.1486486486486486,3.245945945945946,0.16
2026-09-17,Florida International,Conference USA,2026,156,24,-0.0028031544189282,0.391025641025641,1.1492281235386823,0.6923076923076923,0.203125,2.75,,128,22,-0.0449602235125628,0.328125,1.1153609295010591,0.8,0.2580645161290322,1.982258064516129,0.172
2026-09-17,Florida State,ACC,2026,134,22,0.2041981306396151,0.4104477611940298,1.3738286847147458,0.5,0.1392405063291139,3.3063291139240505,,134,21,0.23409225215135,0.4477611940298507,1.420966285728235,0.8333333333333334,0.1176470588235294,3.1549019607843136,0.157
2026-09-17,Fresno State,Pac-12,2026,110,21,0.0859821480957696,0.3727272727272727,1.3500903325919285,0.4285714285714285,0.2456140350877192,2.524561403508772,,136,21,0.0224727252079994,0.4705882352941176,1.0596533979596976,0.6666666666666666,0.2777777777777778,2.708333333333333,0.118
2026-09-17,Georgia,SEC,2026,123,27,0.6411901102917171,0.6016260162601627,1.4336402018226513,1.0,0.1147540983606557,4.119672131147541,,133,28,-0.1617840856909806,0.2857142857142857,1.2165006262434912,0.4,0.296875,1.93125,0.195
2026-09-17,Georgia Southern,Sun Belt,2026,145,27,0.0586021891492423,0.3655172413793103,1.2246915703732584,0.5,0.1489361702127659,3.1319148936170214,,140,29,-0.1953851267707166,0.2571428571428571,1.1628548379468289,0.75,0.3492063492063492,1.7142857142857142,0.271
2026-09-17,Georgia State,Sun Belt,2026,141,23,0.3830140743836993,0.5460992907801419,1.131271493549282,0.8181818181818182,0.1309523809523809,3.710714285714286,,113,23,-0.0190748999974009,0.3451327433628318,1.2156387691318562,1.0,0.2666666666666666,2.8,0.168
2026-09-17,Georgia Tech,ACC,2026,126,20,-0.0061808484398078,0.4206349206349206,1.0854468425040311,0.6666666666666666,0.2592592592592592,2.9851851851851854,,146,21,0.1404522994766487,0.4041095890410959,1.2473707813431243,0.9,0.1222222222222222,3.1844444444444444,0.151
2026-09-17,Hawai'i,Mountain West,2026,230,37,0.032940963609442,0.3739130434782609,1.1626258762976511,0.8,0.1842105263157894,3.098684210526316,,205,37,0.1296644642024741,0.4341463414634146,1.2594556887364166,0.6875,0.1261261261261261,3.28018018018018,0.146
2026-09-17,Houston,Big 12,2026,139,23,0.5086322930089994,0.6115107913669064,1.1881458019412137,0.9411764705882352,0.0823529411764705,4.155294117647059,,118,24,-0.0798564380460941,0.3050847457627119,1.3508256488893162,0.4,0.2790697674418604,1.3325581395348838,0.254
2026-09-17,Illinois,Big Ten,2026,114,17,0.2124029547040394,0.5175438596491229,1.202896905371677,0.6363636363636364,0.1379310344827586,2.93448275862069,,136,17,0.2497294616119733,0.4411764705882353,1.282464599974784,0.6923076923076923,0.1851851851851851,3.0246913580246915,0.125
2026-09-17,Indiana,Big Ten,2026,108,20,0.5826354535033924,0.5370370370370371,1.5716878414761073,0.7777777777777778,0.1216216216216216,3.413513513513513,,118,22,-0.1447228374943157,0.2796610169491525,1.5187942275986206,0.3333333333333333,0.2166666666666666,2.44,0.203
2026-09-17,Iowa,Big Ten,2026,139,24,0.0016189629623103,0.4028776978417266,1.1033428121941584,0.4285714285714285,0.1940298507462686,3.1,,113,27,-0.1812106771568968,0.2300884955752212,1.2105292522630695,0.6666666666666666,0.2033898305084746,2.2847457627118644,0.177
2026-09-17,Iowa State,Big 12,2026,103,24,0.1542133120949058,0.3203883495145631,1.4484541702459348,0.5,0.171875,2.646875,,129,24,-0.1517244627149505,0.3255813953488372,1.121317699632547,0.6,0.1571428571428571,2.435714285714285,0.171
2026-09-17,Jacksonville State,Conference USA,2026,189,30,0.1672764553474056,0.4708994708994709,1.2159433070054495,0.7647058823529411,0.203883495145631,2.82621359223301,,193,29,0.0159606914377543,0.4041450777202072,1.0715568388992387,0.75,0.1693548387096774,2.949193548387097,0.141
2026-09-17,James Madison,Sun Belt,2026,113,21,0.479539448169209,0.5398230088495575,1.3269502984625527,0.6666666666666666,0.171875,3.44375,,140,25,-0.2757064750034476,0.2571428571428571,1.277789131183439,0.8571428571428571,0.2207792207792207,1.8987012987012988,0.143
2026-09-17,Kansas,Big 12,2026,145,23,0.2338262741156263,0.4551724137931034,1.4481149394863586,0.625,0.0843373493975903,3.1710843373493978,,128,25,0.0035854578754268,0.3046875,1.2628360942721588,1.0,0.2714285714285714,2.0385714285714287,0.219
2026-09-17,Kansas State,Big 12,2026,148,24,0.3345188267214266,0.5540540540540541,1.2937161276781035,0.8333333333333334,0.119047619047619,3.592857142857143,,113,25,-0.2760040441125845,0.2389380530973451,1.2854751137363396,0.3333333333333333,0.3134328358208955,1.8671641791044773,0.257
2026-09-17,Kennesaw State,Conference USA,2026,140,25,0.1300394206984425,0.5,1.1358671054399665,0.8181818181818182,0.2121212121212121,3.1045454545454545,,123,25,-0.017088871082993,0.3495934959349593,1.100274999432472,0.8571428571428571,0.2142857142857142,2.725714285714285,0.106
2026-09-17,Kent State,Mid-American,2026,122,22,0.0419375764785998,0.3524590163934426,1.353213333625812,0.6,0.1969696969696969,3.1166666666666667,,128,24,0.2166310557846445,0.5234375,1.1180399546611994,0.875,0.1,3.803333333333333,0.141
2026-09-17,Kentucky,SEC,2026,128,23,0.0890033049944523,0.4609375,1.1097461479075743,0.6666666666666666,0.1935483870967742,3.109677419354839,,130,21,0.0797991204568392,0.4461538461538462,1.124726469100218,0.7777777777777778,0.1935483870967742,2.6016129032258064,0.208
2026-09-17,Liberty,Conference USA,2026,136,24,-0.1161019510407969,0.3823529411764705,1.2248301758367646,0.6666666666666666,0.141025641025641,2.9346153846153844,,123,22,0.0295082308777663,0.3495934959349593,1.3481465092740088,0.4,0.2698412698412698,2.673015873015873,0.211
2026-09-17,Louisiana,Sun Belt,2026,121,21,0.2872702915830525,0.4876033057851239,1.3131949696088556,0.8571428571428571,0.1884057971014492,3.1449275362318843,,137,21,0.0227366626479739,0.4598540145985401,1.1747564986988903,0.625,0.2205882352941176,2.8529411764705883,0.131
2026-09-17,Louisiana Tech,Sun Belt,2026,116,29,0.0153881373796306,0.3103448275862069,1.6505202743028289,1.0,0.1904761904761904,2.577777777777778,,150,30,-0.1153931444961112,0.34,1.201984888715524,0.6,0.2857142857142857,1.6488095238095235,0.273
2026-09-17,Louisville,ACC,2026,134,26,0.4513246740637537,0.5447761194029851,1.3397742698468325,0.75,0.1643835616438356,3.063013698630137,,142,25,0.1227723968190846,0.3732394366197183,1.2422274876914896,0.5714285714285714,0.1176470588235294,2.5544117647058826,0.148
2026-09-17,LSU,SEC,2026,182,27,0.2058175337268157,0.5,1.2978100595291884,0.625,0.1530612244897959,2.9102040816326533,,106,28,-0.4640494005969776,0.1886792452830188,0.9967369888711708,0.6666666666666666,0.2916666666666667,1.6979166666666667,0.302
2026-09-17,Marshall,Sun Belt,2026,118,25,-0.1170632261688768,0.3644067796610169,1.035413167758098,0.6153846153846154,0.3064516129032258,2.167741935483871,,144,23,0.2992968190495405,0.4722222222222222,1.181015937543059,0.8888888888888888,0.1076923076923077,3.3246153846153845,0.111
2026-09-17,Maryland,Big Ten,2026,158,25,0.3611516175193782,0.5316455696202531,1.2757908671423983,0.6428571428571429,0.1710526315789473,3.5723684210526314,,105,24,-0.2564575897215248,0.2666666666666666,1.2470561585759148,0.6666666666666666,0.2962962962962963,1.4,0.219
2026-09-17,Massachusetts,Mid-American,2026,105,20,0.3734987579677579,0.5047619047619047,1.165695439147868,0.5454545454545454,0.1818181818181818,3.4045454545454543,,134,23,-0.0902538163166447,0.3805970149253731,1.24901703536941,0.75,0.2096774193548387,2.570967741935484,0.157
2026-09-17,Memphis,American Athletic,2026,177,35,0.2350611635254864,0.4350282485875706,1.4482477541338634,0.7142857142857143,0.1844660194174757,3.2854368932038835,,217,35,0.192649272099052,0.4377880184331797,1.3872415249019707,0.8571428571428571,0.1308411214953271,3.4065420560747666,0.147
2026-09-17,Miami,ACC,2026,144,26,0.5489136509830088,0.625,1.3307103400736222,1.0,0.1038961038961039,4.062337662337662,,113,24,-0.0839152601423317,0.3008849557522124,0.9249723221683476,0.5,0.2682926829268293,2.3,0.142
2026-09-17,Miami (OH),Mid-American,2026,115,20,0.2764031655999502,0.4521739130434782,1.281499316052608,1.0,0.1896551724137931,3.1,,123,21,0.1785536741915797,0.4552845528455284,1.2875594636535663,0.5714285714285714,0.25,2.779166666666667,0.098
2026-09-17,Michigan,Big Ten,2026,106,21,0.084462587896415,0.3490566037735849,1.3193032404170044,0.7142857142857143,0.1129032258064516,2.932258064516129,,134,22,-0.0898403883058992,0.3432835820895522,1.0126403276397398,0.6666666666666666,0.1971830985915492,2.907042253521127,0.164
2026-09-17,Michigan State,Big Ten,2026,158,20,0.1426258389428377,0.4556962025316455,1.1343727534949324,0.6428571428571429,0.1666666666666666,3.2444444444444445,,95,19,0.0674856752091822,0.3684210526315789,1.3619623909144192,0.5555555555555556,0.2682926829268293,2.629268292682927,0.232
2026-09-17,Middle Tennessee,Conference USA,2026,120,19,0.2627298867802216,0.4583333333333333,1.1566261463421283,0.75,0.0697674418604651,4.106976744186047,,113,22,0.1179669362138989,0.4336283185840708,1.152405043034228,0.7333333333333333,0.2,2.98,0.142
2026-09-17,Minnesota,Big Ten,2026,138,19,0.1239484333584105,0.4927536231884058,1.0062979745380276,0.6428571428571429,0.25,2.2884615384615383,,115,22,0.1087202792925834,0.391304347826087,1.1374772297950968,0.5454545454545454,0.2876712328767123,2.710958904109589,0.178
2026-09-17,Mississippi State,SEC,2026,148,22,0.5444014212608463,0.581081081081081,1.2894091808295536,0.7,0.1686746987951807,3.792771084337349,,136,22,-0.1004668683090555,0.3308823529411764,1.059757060940559,0.5,0.1568627450980392,2.5823529411764707,0.14
2026-09-17,Missouri,SEC,2026,153,26,0.24529734792988,0.4705882352941176,1.2251672170226928,0.7,0.1785714285714285,3.120238095238096,,121,24,-0.0639320226478284,0.2892561983471074,1.6717351608971178,0.8,0.2166666666666666,2.3666666666666667,0.231
2026-09-17,Missouri State,Conference USA,2026,120,23,0.0668812857775394,0.3666666666666666,1.3335725530755398,0.7692307692307693,0.1733333333333333,2.7746666666666666,,145,23,0.1909938154661411,0.503448275862069,1.0068807445175092,0.9090909090909092,0.1645569620253164,3.469620253164557,0.179
2026-09-17,Navy,American Athletic,2026,136,21,0.3197706471886218,0.5294117647058824,1.205369775240681,1.0,0.102803738317757,3.885046728971963,,122,21,0.1470620016920992,0.3934426229508196,1.3645400299509731,1.0,0.2280701754385964,2.631578947368421,0.148
2026-09-17,NC State,ACC,2026,122,24,0.3125729539037016,0.5245901639344263,1.215048351157467,0.8181818181818182,0.1076923076923077,3.727692307692308,,122,26,0.0012091374092092,0.3852459016393442,1.068971648909871,0.7692307692307693,0.1948051948051948,2.6246753246753247,0.156
2026-09-17,Nebraska,Big Ten,2026,140,21,0.5175659052512254,0.5571428571428572,1.4534374670791137,0.8333333333333334,0.136986301369863,3.82054794520548,,118,23,0.0517344067502091,0.3389830508474576,1.2549763899900523,1.0,0.1451612903225806,3.05,0.212
2026-09-17,Nevada,Mountain West,2026,131,23,0.1253495981030349,0.4427480916030534,1.3284449769173483,0.7857142857142857,0.1666666666666666,3.619230769230769,,149,23,0.0804141153145403,0.4429530201342282,0.9720734947656507,0.6666666666666666,0.2025316455696202,2.9873417721518987,0.148
2026-09-17,New Mexico,Mountain West,2026,144,27,0.2352301586935282,0.4791666666666667,1.1024318664396169,0.9166666666666666,0.1276595744680851,3.401063829787234,,105,27,-0.298944742674818,0.2285714285714285,1.4412726077351177,0.5,0.2,1.6927272727272726,0.305
2026-09-17,New Mexico State,Conference USA,2026,201,34,0.1547919421257269,0.4378109452736318,1.4261327937630708,0.6875,0.1428571428571428,3.207692307692308,,202,35,0.0958815223181676,0.4158415841584158,1.162391545945404,0.8333333333333334,0.2247191011235955,2.953932584269663,0.129
2026-09-17,North Carolina,ACC,2026,113,19,0.2360141771942716,0.5132743362831859,1.0323754501520834,0.6666666666666666,0.1320754716981132,3.826415094339623,,139,19,-0.1212396737477295,0.381294964028777,0.8784887790699076,0.8333333333333334,0.1363636363636363,2.7515151515151515,0.137
2026-09-17,North Dakota State,Mountain West,2026,199,30,0.1779024536014308,0.4321608040201005,1.3082108261820105,0.6923076923076923,0.1864406779661017,2.8686440677966103,,173,31,-0.1642277760509774,0.3815028901734104,0.9781791324953276,0.7142857142857143,0.1470588235294117,2.6372549019607843,0.156
2026-09-17,Northern Illinois,Mountain West,2026,124,26,-0.2402103302415052,0.3306451612903225,0.933563925425936,0.6,0.2280701754385964,2.3789473684210525,,143,24,0.003955245944769,0.4125874125874126,1.150449449041141,0.5454545454545454,0.1690140845070422,3.087323943661972,0.119
2026-09-17,North Texas,American Athletic,2026,138,22,0.1985668326897479,0.3985507246376811,1.4371934204362449,0.5,0.1756756756756756,3.0297297297297296,,119,21,0.1031777351390133,0.4201680672268907,1.1068830125613625,0.75,0.1515151515151515,2.457575757575757,0.151
2026-09-17,Northwestern,Big Ten,2026,55,11,0.4796492784465596,0.509090909090909,1.4850398029259404,1.0,0.1071428571428571,3.95,,90,12,0.0899734155062539,0.4222222222222222,1.0576414342835372,0.7777777777777778,0.131578947368421,3.305263157894737,0.189
2026-09-17,Notre Dame,FBS Independents,2026,130,20,0.3882939958255484,0.5076923076923077,1.17940061549341,0.7272727272727273,0.0793650793650793,2.773015873015873,,108,21,-0.1619857880704867,0.3055555555555556,1.3646248574810422,0.6666666666666666,0.2258064516129032,2.1016129032258064,0.241
2026-09-17,Ohio,Mid-American,2026,134,21,0.0822707766879752,0.3805970149253731,1.1226937199416582,0.9090909090909092,0.1066666666666666,3.292,,145,21,0.3643668001698871,0.496551724137931,1.3428370013336863,0.8333333333333334,0.2117647058823529,3.14,0.15
2026-09-17,Ohio State,Big Ten,2026,137,23,0.3799475988897337,0.4817518248175182,1.406900457467487,0.7142857142857143,0.1935483870967742,3.117741935483871,,140,24,-0.1122477544900086,0.3642857142857142,1.097576491078469,0.7272727272727273,0.2096774193548387,2.361290322580645,0.186
2026-09-17,Oklahoma,SEC,2026,124,22,0.1156050868468605,0.4516129032258064,1.096833600472846,0.5714285714285714,0.2307692307692307,3.055384615384616,,117,24,-0.2290988755324868,0.3076923076923077,1.248361147173218,0.5,0.2083333333333333,2.1333333333333333,0.239
2026-09-17,Oklahoma State,Big 12,2026,175,27,-0.120539195500783,0.4,1.028802341611288,0.5333333333333333,0.1842105263157894,2.876315789473684,,119,25,0.0479456960149485,0.361344537815126,1.3328402867977789,1.0,0.15,2.945,0.134
2026-09-17,Old Dominion,Sun Belt,2026,106,24,0.033284008907971,0.3773584905660377,1.4024901016608096,0.3333333333333333,0.3181818181818182,1.4106060606060606,,150,22,0.0120509778170255,0.3266666666666666,1.3623687429640408,0.5,0.2857142857142857,2.18961038961039,0.2
2026-09-17,Ole Miss,SEC,2026,140,23,0.2768580376754948,0.5428571428571428,1.142013776353691,0.75,0.1875,3.0375,,129,23,0.1378585757061767,0.4031007751937984,1.2762019335670447,0.6,0.2941176470588235,2.3205882352941174,0.155
2026-09-17,Oregon,Big Ten,2026,125,26,0.0494282179027239,0.384,1.566587410092808,0.8333333333333334,0.1372549019607843,3.2,,154,28,0.0018153496237937,0.4025974025974026,1.0896122279284166,0.7,0.136986301369863,2.9383561643835616,0.123
2026-09-17,Oregon State,Pac-12,2026,145,26,0.11079361771673,0.3517241379310344,1.634882929376421,0.6,0.0789473684210526,2.857894736842105,,151,25,0.2374810550361736,0.4503311258278146,1.2130965561953595,0.8333333333333334,0.1585365853658536,3.0609756097560976,0.172
2026-09-17,Penn State,Big Ten,2026,138,21,0.3222167833457912,0.4782608695652174,1.2465262995318598,0.7692307692307693,0.1125,2.545,,113,21,-0.1350849176813743,0.3539823008849557,1.037253531298312,0.6666666666666666,0.3035714285714285,2.258928571428572,0.177
2026-09-17,Pittsburgh,ACC,2026,149,24,0.1978442895140391,0.4563758389261745,1.2308974355864892,0.5833333333333334,0.2253521126760563,2.636619718309859,,113,24,-0.0814023777817804,0.3008849557522124,1.4902418071661208,0.6666666666666666,0.2368421052631578,1.2605263157894735,0.186
2026-09-17,Purdue,Big Ten,2026,158,20,0.3108941299854006,0.5,1.1304623389649444,0.8,0.16,3.1826666666666665,,117,19,0.2136557537252784,0.4188034188034188,1.51055182193848,0.625,0.2166666666666666,2.5716666666666668,0.179
2026-09-17,Rice,American Athletic,2026,129,21,0.0039268670758448,0.4186046511627907,1.061196296851244,0.6666666666666666,0.1262135922330097,3.3864077669902914,,126,19,0.0841271372543652,0.4365079365079365,1.2114703432849558,0.6,0.1538461538461538,2.795384615384616,0.151
2026-09-17,Rutgers,Big Ten,2026,131,23,-0.0529169384087802,0.4045801526717557,1.469779676521196,0.3846153846153846,0.2372881355932203,2.716949152542373,,129,24,0.1558907367674346,0.4418604651162791,1.1203976295300062,0.75,0.1830985915492957,3.1633802816901406,0.109
2026-09-17,Sacramento State,Mid-American,2026,203,39,-0.0134863061624259,0.4088669950738916,1.1057548738363008,0.7222222222222222,0.2857142857142857,2.4824175824175825,,188,39,0.099234236960133,0.3723404255319149,1.3377447707118555,0.5833333333333334,0.1978021978021978,2.601098901098901,0.144
2026-09-17,Sam Houston,Conference USA,2026,135,23,0.0679276920034877,0.4518518518518518,1.1803148453958008,0.5555555555555556,0.2608695652173913,2.097826086956521,,143,25,0.0801298214744016,0.3286713286713286,1.5889012766547106,0.8,0.2297297297297297,2.918918918918919,0.203
2026-09-17,San Diego State,Pac-12,2026,121,23,-0.0413651342576204,0.3884297520661157,0.9233051483900416,0.6428571428571429,0.2266666666666666,3.1093333333333333,,148,26,0.0071288913535001,0.4256756756756756,0.9192161403297916,0.9,0.0985915492957746,3.511267605633803,0.101
2026-09-17,San José State,Mountain West,2026,213,37,0.1640411560777528,0.4178403755868544,1.2548924396738512,0.7142857142857143,0.196078431372549,3.226470588235294,,218,36,0.0756930654314693,0.4770642201834862,0.9896230258720576,0.9,0.1264367816091954,3.15287356321839,0.133
2026-09-17,SMU,ACC,2026,122,24,0.4587713273473277,0.5573770491803278,1.4281739344272315,0.3333333333333333,0.1886792452830188,2.9660377358490564,,131,26,-0.084622047764168,0.3282442748091603,1.2842625511359242,0.25,0.203125,2.9375,0.183
2026-09-17,South Alabama,Sun Belt,2026,162,21,0.1685310385380529,0.4382716049382716,1.2176774412969205,0.7857142857142857,0.1354166666666666,3.31875,,89,20,0.1632686372144404,0.3820224719101123,1.780175832903859,0.4285714285714285,0.3111111111111111,1.8,0.225
2026-09-17,South Carolina,SEC,2026,142,22,0.438343965195304,0.5915492957746479,1.2175363639723062,0.8333333333333334,0.0759493670886076,4.2025316455696204,,115,24,-0.0912429090065903,0.2695652173913043,1.4126566341430444,0.4,0.2448979591836734,2.091836734693877,0.139
2026-09-17,Southern Miss,Sun Belt,2026,145,23,0.1077642500321461,0.4896551724137931,1.006474011399464,0.8125,0.0769230769230769,3.7,,146,24,0.0608395926001343,0.3904109589041096,1.2299504868649154,0.7142857142857143,0.2023809523809523,3.2,0.137
2026-09-17,South Florida,American Athletic,2026,114,19,0.140587628627423,0.4736842105263157,1.0043796944285208,0.8571428571428571,0.2258064516129032,2.629032258064516,,140,19,-0.0058834549887592,0.4428571428571428,0.8079743699415228,0.7272727272727273,0.1866666666666666,3.045333333333333,0.136
2026-09-17,Stanford,ACC,2026,139,24,0.1652871164707423,0.39568345323741,1.1457214486158334,0.8571428571428571,0.1694915254237288,2.886440677966102,,145,25,0.2445848493510773,0.4482758620689655,1.3156744634857456,1.0,0.1509433962264151,2.922641509433962,0.124
2026-09-17,Syracuse,ACC,2026,165,26,0.0906180348680751,0.4181818181818181,1.3627569146430043,0.9285714285714286,0.1780821917808219,2.9397260273972603,,123,26,-0.25379058887179,0.3089430894308943,1.00832564007365,0.75,0.2727272727272727,1.8909090909090909,0.203
2026-09-17,TCU,Big 12,2026,143,24,0.2720895473907548,0.5104895104895105,1.1928228045964784,0.8181818181818182,0.1388888888888889,3.498611111111111,,112,24,-0.1211075290029854,0.3392857142857143,0.9668444329735346,0.0,0.2452830188679245,2.3358490566037737,0.232
2026-09-17,Temple,American Athletic,2026,121,19,0.1307173983832129,0.4380165289256198,1.1366621926292704,0.8333333333333334,0.2,3.041333333333333,,126,21,0.0889743629266326,0.4126984126984127,1.1673451255258795,0.7272727272727273,0.171875,2.05,0.143
2026-09-17,Tennessee,SEC,2026,143,24,0.3663306591413124,0.5104895104895105,1.3176765686521934,0.8181818181818182,0.1222222222222222,3.716666666666667,,132,25,-0.133299706225414,0.3636363636363636,1.0633150711559851,0.6,0.1785714285714285,3.5125,0.242
2026-09-17,Texas,SEC,2026,148,20,0.2502956329255999,0.4932432432432432,1.2917938180626174,0.75,0.2133333333333333,2.7826666666666666,,137,22,0.0500001383555945,0.4014598540145985,1.2231481170189105,0.625,0.2058823529411764,2.738235294117647,0.175
2026-09-17,Texas A&M,SEC,2026,151,25,0.2030153911456549,0.4966887417218543,1.0605418819511832,1.0,0.1481481481481481,3.208641975308642,,105,25,-0.3670736849201523,0.2761904761904762,1.1434497655113145,0.5,0.25,2.2442307692307693,0.248
2026-09-17,Texas State,Pac-12,2026,153,23,0.0713341660498197,0.4444444444444444,1.0653942023826526,0.7142857142857143,0.1348314606741573,3.2168539325842698,,144,20,0.3408355282669275,0.4791666666666667,1.3393729023888383,0.7,0.2424242424242424,2.6712121212121214,0.139
2026-09-17,Texas Tech,Big 12,2026,151,25,0.2360331407314352,0.4503311258278146,1.1224683496118188,0.7857142857142857,0.1604938271604938,3.064197530864197,,134,24,-0.0118944667262356,0.2835820895522388,1.7023564913908251,0.6666666666666666,0.1627906976744186,2.858139534883721,0.187
2026-09-17,Toledo,Mid-American,2026,118,23,0.2392459064623018,0.3898305084745763,1.849592332283392,0.5,0.2698412698412698,2.6333333333333333,,147,25,-0.1315716972417298,0.2993197278911564,1.159274640459017,0.3333333333333333,0.2253521126760563,2.5422535211267605,0.15
2026-09-17,Troy,Sun Belt,2026,139,27,0.1832232611952875,0.3669064748201439,1.5275409306952863,0.4545454545454545,0.2337662337662337,2.918181818181818,,131,25,-0.0730903667233353,0.366412213740458,1.258450956311019,0.6666666666666666,0.3518518518518518,1.4537037037037035,0.237
2026-09-17,Tulane,American Athletic,2026,107,22,0.1056401778804695,0.3364485981308411,1.4986254812812283,0.75,0.2307692307692307,2.4134615384615383,,152,23,0.0601189810986732,0.375,1.2544088524193848,0.8333333333333334,0.1590909090909091,3.1545454545454543,0.105
2026-09-17,Tulsa,American Athletic,2026,132,23,0.0855581218000294,0.3636363636363636,1.304618216522995,1.0,0.1617647058823529,2.988235294117647,,153,23,-0.0881200979720485,0.392156862745098,1.018737931677684,0.5384615384615384,0.1935483870967742,2.6048387096774195,0.15
2026-09-17,UAB,American Athletic,2026,148,17,0.125179646090532,0.4662162162162162,1.126405942245425,0.8333333333333334,0.1382978723404255,3.4340425531914893,,107,18,0.0832941743484347,0.4953271028037383,1.0527084819556491,0.5454545454545454,0.1515151515151515,3.351515151515152,0.112
2026-09-17,UCF,Big 12,2026,116,25,0.1461303427358404,0.4310344827586206,1.4198403210291637,0.6,0.1607142857142857,3.0107142857142857,,134,27,-0.099013594878991,0.291044776119403,1.1114470879006333,0.6666666666666666,0.2784810126582278,2.062025316455696,0.164
2026-09-17,UCLA,Big Ten,2026,120,26,0.2414210711755224,0.4916666666666666,1.1737632639003537,1.0,0.0704225352112676,4.164788732394366,,146,25,-0.1287180100332439,0.3219178082191781,1.2133801014622048,0.8333333333333334,0.2162162162162162,2.8027027027027027,0.192
2026-09-17,UConn,FBS Independents,2026,127,25,0.2841507501072622,0.4251968503937008,1.549718549984598,0.6666666666666666,0.2058823529411764,2.877941176470588,,151,25,0.0468040277609356,0.3774834437086092,1.1704590494412488,0.5454545454545454,0.21875,2.5328125,0.152
2026-09-17,UL Monroe,Sun Belt,2026,134,23,-0.1274140857526506,0.3656716417910448,0.8989095633271335,0.4545454545454545,0.1025641025641025,3.2371794871794872,,148,22,0.3914827680226134,0.5472972972972973,1.2758591261242125,0.9090909090909092,0.1411764705882353,3.834117647058824,0.128
2026-09-17,UNLV,Mountain West,2026,218,37,-0.0524893094452806,0.3532110091743119,1.1623632231536607,0.6875,0.1504424778761062,3.023008849557522,,206,35,0.1471056400027092,0.4126213592233009,1.1832290095991715,0.7777777777777778,0.1515151515151515,3.576767676767677,0.15
2026-09-17,USC,Big Ten,2026,221,30,0.3050545251396018,0.5701357466063348,1.097506176595752,0.7894736842105263,0.1779661016949152,3.2491525423728813,,155,30,0.0830802123434739,0.3677419354838709,1.3280287170782532,0.75,0.2207792207792207,2.433766233766234,0.135
2026-09-17,Utah,Big 12,2026,140,24,0.4085654273644835,0.5428571428571428,1.3590442825949345,0.7272727272727273,0.1707317073170731,3.818292682926829,,141,24,-0.0180149078203742,0.3262411347517731,1.4369604703869312,0.8,0.1666666666666666,2.598148148148148,0.206
2026-09-17,Utah State,Pac-12,2026,147,24,-0.125510359104815,0.3809523809523809,1.3459850217275189,0.1666666666666666,0.2753623188405797,2.9695652173913043,,142,25,0.0329839591211641,0.3873239436619718,0.9975056067009984,0.6363636363636364,0.2203389830508474,2.4067796610169494,0.099
2026-09-17,UTEP,Mountain West,2026,114,25,-0.134943446773656,0.4298245614035088,1.1795692615247384,0.4,0.2537313432835821,2.6373134328358208,,124,24,0.1797364798378444,0.4112903225806452,1.21273847936996,0.5833333333333334,0.2666666666666666,2.614666666666667,0.153
2026-09-17,UTSA,American Athletic,2026,134,23,0.3410086014875794,0.5373134328358209,1.0961411603228002,0.8,0.15,3.28,,162,25,-0.0122308165351195,0.4259259259259259,1.0332895004531055,0.5,0.1204819277108433,3.455421686746988,0.136
2026-09-17,Vanderbilt,SEC,2026,135,22,0.0770759026769088,0.4222222222222222,1.0785680522088028,0.875,0.1506849315068493,2.9712328767123286,,116,23,-0.1188975264171307,0.3275862068965517,1.3261548666811334,0.7777777777777778,0.24,2.43,0.259
2026-09-17,Virginia,ACC,2026,135,24,0.3363360115956449,0.5407407407407407,1.133641635334511,0.8666666666666667,0.1612903225806451,3.4172043010752686,,117,25,-0.3674973969331185,0.3162393162393162,0.6429044390651262,0.7142857142857143,0.2156862745098039,2.4823529411764707,0.248
2026-09-17,Virginia Tech,ACC,2026,163,25,0.3246569715301723,0.4969325153374233,1.2420419780551708,0.7,0.175,3.12625,,106,27,-0.2548073061433593,0.1981132075471698,1.6993340374331178,0.3333333333333333,0.5230769230769231,-0.4061538461538461,0.387
2026-09-17,Wake Forest,ACC,2026,137,20,0.4168473428540545,0.4744525547445255,1.3477531823845286,0.6666666666666666,0.1408450704225352,3.1169014084507043,,154,21,0.1471432253349311,0.5,0.9222951986550348,0.6,0.2285714285714285,2.857142857142857,0.143
2026-09-17,Washington,Big Ten,2026,141,24,0.0383845337142971,0.4397163120567376,0.994167021990533,0.5714285714285714,0.2542372881355932,2.649152542372881,,115,23,-0.1970220490833837,0.3130434782608696,1.346076863245751,0.0,0.3703703703703703,2.509259259259259,0.278
2026-09-17,Washington State,Pac-12,2026,109,22,-0.2204002283275828,0.2844036697247706,1.0891204891875983,0.0,0.2321428571428571,2.7767857142857144,,140,24,0.0930001435211628,0.4642857142857143,1.226918406593459,0.6,0.1764705882352941,3.1205882352941177,0.1
2026-09-17,Western Kentucky,Conference USA,2026,158,28,-0.0666697027112332,0.360759493670886,1.1031430607162849,0.6,0.2236842105263158,2.728947368421053,,121,27,0.5273760342953311,0.5041322314049587,1.6223388487633628,0.9,0.1710526315789473,3.5907894736842105,0.107
2026-09-17,Western Michigan,Mid-American,2026,128,24,0.1798153005934974,0.3984375,1.2124813230554417,0.7272727272727273,0.16,2.8666666666666667,,140,22,-0.0200984117118512,0.45,0.96082370279726,0.6875,0.1492537313432835,2.962686567164179,0.143
2026-09-17,West Virginia,Big 12,2026,140,26,0.2732145325843711,0.4785714285714286,1.1936925918671564,0.8461538461538461,0.1261261261261261,3.1585585585585587,,138,24,-0.0361489007794655,0.4130434782608695,1.207286883972729,0.5714285714285714,0.3,2.3,0.217
2026-09-17,Wisconsin,Big Ten,2026,117,20,0.0972845578595492,0.3846153846153846,1.4262012820270968,0.625,0.1666666666666666,2.873333333333333,,127,20,0.1416487925311263,0.4173228346456692,0.9995894298541818,0.75,0.0714285714285714,3.0585714285714287,0.102
2026-09-17,Wyoming,Mountain West,2026,117,23,-0.0028277350688493,0.4188034188034188,0.8959098386901093,1.0,0.1791044776119403,3.238805970149253,,130,22,0.0648907555886648,0.4230769230769231,1.172048736832227,1.0,0.1818181818181818,2.793939393939394,0.154
2026-09-18,Air Force,Mountain West,2026,147,19,0.3168724868895267,0.5238095238095238,0.9836879949098816,1.0,0.0578512396694214,4.0239669421487605,,106,20,-0.0790044128664969,0.3113207547169811,1.5288427794559412,0.8,0.2280701754385964,2.526315789473684,0.142
2026-09-18,Akron,Mid-American,2026,141,22,0.1576861186861234,0.524822695035461,0.9553972675038448,0.7142857142857143,0.1323529411764706,3.85,,119,22,0.1598294917273902,0.361344537815126,1.5062647956317663,0.7142857142857143,0.2692307692307692,2.175,0.168
2026-09-18,Alabama,SEC,2026,143,23,0.1923818408232353,0.5034965034965035,1.1057735881546875,0.7272727272727273,0.1785714285714285,3.1476190476190475,,108,24,-0.2874867496232187,0.287037037037037,1.1316133221653442,0.4,0.2708333333333333,1.2354166666666666,0.204
2026-09-18,App State,Sun Belt,2026,147,23,0.3906247499138722,0.5170068027210885,1.2754065166484962,0.8333333333333334,0.2,2.87625,,134,24,0.0816137293730369,0.4104477611940298,1.1852737956938326,0.6666666666666666,0.2333333333333333,2.788333333333333,0.194
2026-09-18,Arizona,Big 12,2026,137,23,0.135802341014586,0.5182481751824818,0.9553421091947132,0.9090909090909092,0.0983606557377049,3.804918032786885,,111,22,0.0356799842903723,0.3513513513513513,1.3875185132111152,1.0,0.2444444444444444,2.8266666666666667,0.18
2026-09-18,Arizona State,Big 12,2026,135,26,0.1879252063943186,0.4666666666666667,1.4678876754625696,0.9,0.1875,2.953125,,114,25,-0.0545554602775555,0.3421052631578947,1.0129971750114235,0.75,0.1607142857142857,2.517857142857143,0.14
2026-09-18,Arkansas,SEC,2026,163,24,0.0272616532025924,0.4233128834355828,1.1170369441790664,0.75,0.1857142857142857,2.732857142857143,,108,24,0.1347806692878385,0.4074074074074074,1.273058299449057,0.7142857142857143,0.2307692307692307,2.8173076923076925,0.157
2026-09-18,Arkansas State,Sun Belt,2026,118,20,0.2677348692051451,0.559322033898305,1.1459291087845072,0.7857142857142857,0.123076923076923,3.666153846153846,,122,23,0.1840622775567135,0.4426229508196721,1.3669975298661934,0.75,0.1126760563380281,3.388732394366197,0.139
2026-09-18,Army,American Athletic,2026,136,21,0.4233058887319205,0.5882352941176471,1.023133708359731,0.9090909090909092,0.1018518518518518,4.018518518518518,,110,21,0.1123930409096023,0.4181818181818181,1.1406168896883957,0.8,0.2222222222222222,2.7444444444444445,0.155
2026-09-18,Auburn,SEC,2026,160,24,0.1350601071202175,0.45625,1.1762728788342502,0.7777777777777778,0.1666666666666666,3.4654761904761906,,161,24,-0.0938026930155785,0.3726708074534161,1.0994859841769764,0.5,0.1875,2.3328125,0.193
2026-09-18,Ball State,Mid-American,2026,132,26,-0.0165475090918305,0.3106060606060606,1.4686103990600792,0.6666666666666666,0.2407407407407407,2.2203703703703703,,138,24,0.3064487375002761,0.4710144927536231,1.40546812277467,0.8571428571428571,0.2033898305084746,3.1559322033898307,0.145
2026-09-18,Baylor,Big 12,2026,186,27,0.1129098582081574,0.4354838709677419,1.2376620302097634,0.6,0.1547619047619047,3.1666666666666665,,131,26,-0.1673171265798204,0.2671755725190839,1.287063470738749,0.6666666666666666,0.2631578947368421,2.285964912280702,0.214
2026-09-18,Boise State,Pac-12,2026,143,23,0.266399529110338,0.4335664335664335,1.274491848026884,0.875,0.1125,3.545,,117,24,0.1017919549297001,0.3931623931623931,1.7729801802597571,0.6666666666666666,0.2978723404255319,2.476595744680852,0.197
2026-09-18,Boston College,ACC,2026,137,23,-0.0296494496033857,0.3795620437956204,1.2850016083291318,1.0,0.1969696969696969,3.0454545454545454,,130,23,0.0712578374372898,0.4,1.3266879736186803,0.5,0.1566265060240964,3.351807228915663,0.154
2026-09-18,Bowling Green,Mid-American,2026,116,21,-0.0419415928925813,0.3620689655172414,0.9568633361381188,0.6666666666666666,0.208955223880597,2.491044776119403,,125,20,0.3277188774321643,0.504,1.379556003194474,0.6666666666666666,0.1846153846153846,3.4615384615384617,0.072
2026-09-18,Buffalo,Mid-American,2026,153,28,0.0688000492594795,0.326797385620915,1.3682648307042922,1.0,0.2241379310344827,2.406896551724138,,152,28,0.0286543584092586,0.3486842105263157,1.2916147778515,0.8,0.2205882352941176,2.677941176470588,0.171
2026-09-18,BYU,Big 12,2026,128,22,0.5050841780417508,0.59375,1.145295729412896,0.8888888888888888,0.0945945945945946,4.075675675675676,,120,22,-0.0845017673137549,0.3666666666666666,1.1347196556610346,0.8571428571428571,0.2115384615384615,2.375,0.158
2026-09-18,California,ACC,2026,149,26,-0.0808214238504401,0.3422818791946309,1.3277706209817297,0.7142857142857143,0.25,2.4140625,,140,27,0.0680250301071306,0.4142857142857143,1.3407269201878411,1.0,0.1290322580645161,3.446774193548387,0.15
2026-09-18,Central Michigan,Mid-American,2026,112,22,-0.1256244794203912,0.3035714285714285,1.2574978566932482,0.875,0.1014492753623188,3.108695652173913,,135,21,0.0645138542075979,0.437037037037037,0.9057096960156528,1.0,0.1506849315068493,3.102739726027397,0.141
2026-09-18,Charlotte,American Athletic,2026,139,23,0.1096877225836496,0.4172661870503597,1.3048280000711567,0.5,0.25,2.9359375,,125,23,0.3563215883954375,0.56,1.168448348521541,0.9285714285714286,0.2253521126760563,3.222535211267606,0.12
2026-09-18,Cincinnati,Big 12,2026,142,23,0.4287542479500776,0.528169014084507,1.2301502062163543,0.8571428571428571,0.0869565217391304,4.093478260869565,,131,23,-0.020274166991414,0.3893129770992366,1.1912608272935616,0.75,0.2363636363636363,2.9909090909090907,0.183
2026-09-18,Clemson,ACC,2026,127,29,-0.187053815183755,0.2913385826771653,0.981531881260497,0.6,0.3389830508474576,2.238983050847457,,161,26,0.1795888733506845,0.422360248447205,1.3364841405947374,0.7272727272727273,0.1095890410958904,3.3438356164383563,0.155
2026-09-18,Coastal Carolina,Sun Belt,2026,135,27,0.2042925244908535,0.4518518518518518,1.325197095526809,0.625,0.21875,3.334375,,134,28,-0.0118711875821386,0.3880597014925373,0.9869719373350112,0.75,0.146067415730337,2.8662921348314607,0.172
2026-09-18,Colorado,Big 12,2026,151,24,0.2555961011969566,0.4172185430463576,1.3777550783764778,0.9,0.1219512195121951,3.1390243902439026,,134,24,-0.0639601272461802,0.3432835820895522,1.3968928161860514,0.3333333333333333,0.3888888888888889,2.4,0.254
2026-09-18,Colorado State,Pac-12,2026,137,26,0.3945282894044396,0.4890510948905109,1.5102312020802011,0.9,0.234375,2.578125,,121,25,-0.0649478881821947,0.3801652892561983,1.0956779944706343,0.6666666666666666,0.1408450704225352,3.22112676056338,0.273
2026-09-18,Delaware,Conference USA,2026,141,28,0.0842242921527009,0.3971631205673759,1.449182058605098,0.6,0.2542372881355932,2.3983050847457625,,144,28,-0.1511994958469578,0.3125,1.2358513394279544,0.8,0.2068965517241379,2.282758620689655,0.188
2026-09-18,Duke,ACC,2026,135,22,0.0971002378932878,0.362962962962963,1.237928846463279,0.7142857142857143,0.2142857142857142,2.9095238095238094,,125,21,-0.0251186964537824,0.408,0.9843421861093068,0.7142857142857143,0.0909090909090909,2.923636363636364,0.144
2026-09-18,East Carolina,American Athletic,2026,114,25,0.1099582195243851,0.3947368421052631,1.231797520854903,0.6666666666666666,0.2452830188679245,2.371698113207547,,153,24,0.2068942194566984,0.457516339869281,1.223214237815241,0.7142857142857143,0.2247191011235955,2.7662921348314606,0.124
2026-09-18,Eastern Michigan,Mid-American,2026,192,37,-0.0301709585158481,0.375,1.085440572919383,0.8125,0.1688311688311688,2.8181818181818183,,215,38,0.0920605021217898,0.4093023255813953,1.253569042774504,0.7647058823529411,0.2127659574468085,2.9382978723404256,0.191
2026-09-18,Florida,SEC,2026,131,22,0.503300118145704,0.5419847328244275,1.3730229556476083,1.0,0.0857142857142857,3.5085714285714285,,159,26,-0.1857093179760124,0.3333333333333333,1.1043810135770198,0.6666666666666666,0.1186440677966101,2.672881355932204,0.233
2026-09-18,Florida Atlantic,American Athletic,2026,172,24,0.0855727551307359,0.4244186046511627,1.1542662089271607,0.9090909090909092,0.1842105263157894,2.506578947368421,,125,23,0.3739127473785921,0.472,1.5780936478404288,1.0,0.1486486486486486,3.245945945945946,0.16
2026-09-18,Florida International,Conference USA,2026,156,24,-0.0028031544189282,0.391025641025641,1.1492281235386823,0.6923076923076923,0.203125,2.75,,128,22,-0.0449602235125628,0.328125,1.1153609295010591,0.8,0.2580645161290322,1.982258064516129,0.172
2026-09-18,Florida State,ACC,2026,134,22,0.2041981306396151,0.4104477611940298,1.3738286847147458,0.5,0.1392405063291139,3.3063291139240505,,134,21,0.23409225215135,0.4477611940298507,1.420966285728235,0.8333333333333334,0.1176470588235294,3.1549019607843136,0.157
2026-09-18,Fresno State,Pac-12,2026,110,21,0.0859821480957696,0.3727272727272727,1.3500903325919285,0.4285714285714285,0.2456140350877192,2.524561403508772,,136,21,0.0224727252079994,0.4705882352941176,1.0596533979596976,0.6666666666666666,0.2777777777777778,2.708333333333333,0.118
2026-09-18,Georgia,SEC,2026,123,27,0.6411901102917171,0.6016260162601627,1.4336402018226513,1.0,0.1147540983606557,4.119672131147541,,133,28,-0.1617840856909806,0.2857142857142857,1.2165006262434912,0.4,0.296875,1.93125,0.195
2026-09-18,Georgia Southern,Sun Belt,2026,145,27,0.0586021891492423,0.3655172413793103,1.2246915703732584,0.5,0.1489361702127659,3.1319148936170214,,140,29,-0.1953851267707166,0.2571428571428571,1.1628548379468289,0.75,0.3492063492063492,1.7142857142857142,0.271
2026-09-18,Georgia State,Sun Belt,2026,141,23,0.3830140743836993,0.5460992907801419,1.131271493549282,0.8181818181818182,0.1309523809523809,3.710714285714286,,113,23,-0.0190748999974009,0.3451327433628318,1.2156387691318562,1.0,0.2666666666666666,2.8,0.168
2026-09-18,Georgia Tech,ACC,2026,126,20,-0.0061808484398078,0.4206349206349206,1.0854468425040311,0.6666666666666666,0.2592592592592592,2.9851851851851854,,146,21,0.1404522994766487,0.4041095890410959,1.2473707813431243,0.9,0.1222222222222222,3.1844444444444444,0.151
2026-09-18,Hawai'i,Mountain West,2026,230,37,0.032940963609442,0.3739130434782609,1.1626258762976511,0.8,0.1842105263157894,3.098684210526316,,205,37,0.1296644642024741,0.4341463414634146,1.2594556887364166,0.6875,0.1261261261261261,3.28018018018018,0.146
2026-09-18,Houston,Big 12,2026,139,23,0.5086322930089994,0.6115107913669064,1.1881458019412137,0.9411764705882352,0.0823529411764705,4.155294117647059,,118,24,-0.0798564380460941,0.3050847457627119,1.3508256488893162,0.4,0.2790697674418604,1.3325581395348838,0.254
2026-09-18,Illinois,Big Ten,2026,114,17,0.2124029547040394,0.5175438596491229,1.202896905371677,0.6363636363636364,0.1379310344827586,2.93448275862069,,136,17,0.2497294616119733,0.4411764705882353,1.282464599974784,0.6923076923076923,0.1851851851851851,3.0246913580246915,0.125
2026-09-18,Indiana,Big Ten,2026,108,20,0.5826354535033924,0.5370370370370371,1.5716878414761073,0.7777777777777778,0.1216216216216216,3.413513513513513,,118,22,-0.1447228374943157,0.2796610169491525,1.5187942275986206,0.3333333333333333,0.2166666666666666,2.44,0.203
2026-09-18,Iowa,Big Ten,2026,139,24,0.0016189629623103,0.4028776978417266,1.1033428121941584,0.4285714285714285,0.1940298507462686,3.1,,113,27,-0.1812106771568968,0.2300884955752212,1.2105292522630695,0.6666666666666666,0.2033898305084746,2.2847457627118644,0.177
2026-09-18,Iowa State,Big 12,2026,103,24,0.1542133120949058,0.3203883495145631,1.4484541702459348,0.5,0.171875,2.646875,,129,24,-0.1517244627149505,0.3255813953488372,1.121317699632547,0.6,0.1571428571428571,2.435714285714285,0.171
2026-09-18,Jacksonville State,Conference USA,2026,189,30,0.1672764553474056,0.4708994708994709,1.2159433070054495,0.7647058823529411,0.203883495145631,2.82621359223301,,193,29,0.0159606914377543,0.4041450777202072,1.0715568388992387,0.75,0.1693548387096774,2.949193548387097,0.141
2026-09-18,James Madison,Sun Belt,2026,113,21,0.479539448169209,0.5398230088495575,1.3269502984625527,0.6666666666666666,0.171875,3.44375,,140,25,-0.2757064750034476,0.2571428571428571,1.277789131183439,0.8571428571428571,0.2207792207792207,1.8987012987012988,0.143
2026-09-18,Kansas,Big 12,2026,145,23,0.2338262741156263,0.4551724137931034,1.4481149394863586,0.625,0.0843373493975903,3.1710843373493978,,128,25,0.0035854578754268,0.3046875,1.2628360942721588,1.0,0.2714285714285714,2.0385714285714287,0.219
2026-09-18,Kansas State,Big 12,2026,148,24,0.3345188267214266,0.5540540540540541,1.2937161276781035,0.8333333333333334,0.119047619047619,3.592857142857143,,113,25,-0.2760040441125845,0.2389380530973451,1.2854751137363396,0.3333333333333333,0.3134328358208955,1.8671641791044773,0.257
2026-09-18,Kennesaw State,Conference USA,2026,140,25,0.1300394206984425,0.5,1.1358671054399665,0.8181818181818182,0.2121212121212121,3.1045454545454545,,123,25,-0.017088871082993,0.3495934959349593,1.100274999432472,0.8571428571428571,0.2142857142857142,2.725714285714285,0.106
2026-09-18,Kent State,Mid-American,2026,122,22,0.0419375764785998,0.3524590163934426,1.353213333625812,0.6,0.1969696969696969,3.1166666666666667,,128,24,0.2166310557846445,0.5234375,1.1180399546611994,0.875,0.1,3.803333333333333,0.141
2026-09-18,Kentucky,SEC,2026,128,23,0.0890033049944523,0.4609375,1.1097461479075743,0.6666666666666666,0.1935483870967742,3.109677419354839,,130,21,0.0797991204568392,0.4461538461538462,1.124726469100218,0.7777777777777778,0.1935483870967742,2.6016129032258064,0.208
2026-09-18,Liberty,Conference USA,2026,136,24,-0.1161019510407969,0.3823529411764705,1.2248301758367646,0.6666666666666666,0.141025641025641,2.9346153846153844,,123,22,0.0295082308777663,0.3495934959349593,1.3481465092740088,0.4,0.2698412698412698,2.673015873015873,0.211
2026-09-18,Louisiana,Sun Belt,2026,121,21,0.2872702915830525,0.4876033057851239,1.3131949696088556,0.8571428571428571,0.1884057971014492,3.1449275362318843,,137,21,0.0227366626479739,0.4598540145985401,1.1747564986988903,0.625,0.2205882352941176,2.8529411764705883,0.131
2026-09-18,Louisiana Tech,Sun Belt,2026,116,29,0.0153881373796306,0.3103448275862069,1.6505202743028289,1.0,0.1904761904761904,2.577777777777778,,150,30,-0.1153931444961112,0.34,1.201984888715524,0.6,0.2857142857142857,1.6488095238095235,0.273
2026-09-18,Louisville,ACC,2026,134,26,0.4513246740637537,0.5447761194029851,1.3397742698468325,0.75,0.1643835616438356,3.063013698630137,,142,25,0.1227723968190846,0.3732394366197183,1.2422274876914896,0.5714285714285714,0.1176470588235294,2.5544117647058826,0.148
2026-09-18,LSU,SEC,2026,182,27,0.2058175337268157,0.5,1.2978100595291884,0.625,0.1530612244897959,2.9102040816326533,,106,28,-0.4640494005969776,0.1886792452830188,0.9967369888711708,0.6666666666666666,0.2916666666666667,1.6979166666666667,0.302
2026-09-18,Marshall,Sun Belt,2026,118,25,-0.1170632261688768,0.3644067796610169,1.035413167758098,0.6153846153846154,0.3064516129032258,2.167741935483871,,144,23,0.2992968190495405,0.4722222222222222,1.181015937543059,0.8888888888888888,0.1076923076923077,3.3246153846153845,0.111
2026-09-18,Maryland,Big Ten,2026,158,25,0.3611516175193782,0.5316455696202531,1.2757908671423983,0.6428571428571429,0.1710526315789473,3.5723684210526314,,105,24,-0.2564575897215248,0.2666666666666666,1.2470561585759148,0.6666666666666666,0.2962962962962963,1.4,0.219
2026-09-18,Massachusetts,Mid-American,2026,105,20,0.3734987579677579,0.5047619047619047,1.165695439147868,0.5454545454545454,0.1818181818181818,3.4045454545454543,,134,23,-0.0902538163166447,0.3805970149253731,1.24901703536941,0.75,0.2096774193548387,2.570967741935484,0.157
2026-09-18,Memphis,American Athletic,2026,177,35,0.2350611635254864,0.4350282485875706,1.4482477541338634,0.7142857142857143,0.1844660194174757,3.2854368932038835,,217,35,0.192649272099052,0.4377880184331797,1.3872415249019707,0.8571428571428571,0.1308411214953271,3.4065420560747666,0.147
2026-09-18,Miami,ACC,2026,144,26,0.5489136509830088,0.625,1.3307103400736222,1.0,0.1038961038961039,4.062337662337662,,113,24,-0.0839152601423317,0.3008849557522124,0.9249723221683476,0.5,0.2682926829268293,2.3,0.142
2026-09-18,Miami (OH),Mid-American,2026,115,20,0.2764031655999502,0.4521739130434782,1.281499316052608,1.0,0.1896551724137931,3.1,,123,21,0.1785536741915797,0.4552845528455284,1.2875594636535663,0.5714285714285714,0.25,2.779166666666667,0.098
2026-09-18,Michigan,Big Ten,2026,106,21,0.084462587896415,0.3490566037735849,1.3193032404170044,0.7142857142857143,0.1129032258064516,2.932258064516129,,134,22,-0.0898403883058992,0.3432835820895522,1.0126403276397398,0.6666666666666666,0.1971830985915492,2.907042253521127,0.164
2026-09-18,Michigan State,Big Ten,2026,158,20,0.1426258389428377,0.4556962025316455,1.1343727534949324,0.6428571428571429,0.1666666666666666,3.2444444444444445,,95,19,0.0674856752091822,0.3684210526315789,1.3619623909144192,0.5555555555555556,0.2682926829268293,2.629268292682927,0.232
2026-09-18,Middle Tennessee,Conference USA,2026,120,19,0.2627298867802216,0.4583333333333333,1.1566261463421283,0.75,0.0697674418604651,4.106976744186047,,113,22,0.1179669362138989,0.4336283185840708,1.152405043034228,0.7333333333333333,0.2,2.98,0.142
2026-09-18,Minnesota,Big Ten,2026,138,19,0.1239484333584105,0.4927536231884058,1.0062979745380276,0.6428571428571429,0.25,2.2884615384615383,,115,22,0.1087202792925834,0.391304347826087,1.1374772297950968,0.5454545454545454,0.2876712328767123,2.710958904109589,0.178
2026-09-18,Mississippi State,SEC,2026,148,22,0.5444014212608463,0.581081081081081,1.2894091808295536,0.7,0.1686746987951807,3.792771084337349,,136,22,-0.1004668683090555,0.3308823529411764,1.059757060940559,0.5,0.1568627450980392,2.5823529411764707,0.14
2026-09-18,Missouri,SEC,2026,153,26,0.24529734792988,0.4705882352941176,1.2251672170226928,0.7,0.1785714285714285,3.120238095238096,,121,24,-0.0639320226478284,0.2892561983471074,1.6717351608971178,0.8,0.2166666666666666,2.3666666666666667,0.231
2026-09-18,Missouri State,Conference USA,2026,120,23,0.0668812857775394,0.3666666666666666,1.3335725530755398,0.7692307692307693,0.1733333333333333,2.7746666666666666,,145,23,0.1909938154661411,0.503448275862069,1.0068807445175092,0.9090909090909092,0.1645569620253164,3.469620253164557,0.179
2026-09-18,Navy,American Athletic,2026,136,21,0.3197706471886218,0.5294117647058824,1.205369775240681,1.0,0.102803738317757,3.885046728971963,,122,21,0.1470620016920992,0.3934426229508196,1.3645400299509731,1.0,0.2280701754385964,2.631578947368421,0.148
2026-09-18,NC State,ACC,2026,122,24,0.3125729539037016,0.5245901639344263,1.215048351157467,0.8181818181818182,0.1076923076923077,3.727692307692308,,122,26,0.0012091374092092,0.3852459016393442,1.068971648909871,0.7692307692307693,0.1948051948051948,2.6246753246753247,0.156
2026-09-18,Nebraska,Big Ten,2026,140,21,0.5175659052512254,0.5571428571428572,1.4534374670791137,0.8333333333333334,0.136986301369863,3.82054794520548,,118,23,0.0517344067502091,0.3389830508474576,1.2549763899900523,1.0,0.1451612903225806,3.05,0.212
2026-09-18,Nevada,Mountain West,2026,131,23,0.1253495981030349,0.4427480916030534,1.3284449769173483,0.7857142857142857,0.1666666666666666,3.619230769230769,,149,23,0.0804141153145403,0.4429530201342282,0.9720734947656507,0.6666666666666666,0.2025316455696202,2.9873417721518987,0.148
2026-09-18,New Mexico,Mountain West,2026,144,27,0.2352301586935282,0.4791666666666667,1.1024318664396169,0.9166666666666666,0.1276595744680851,3.401063829787234,,105,27,-0.298944742674818,0.2285714285714285,1.4412726077351177,0.5,0.2,1.6927272727272726,0.305
2026-09-18,New Mexico State,Conference USA,2026,201,34,0.1547919421257269,0.4378109452736318,1.4261327937630708,0.6875,0.1428571428571428,3.207692307692308,,202,35,0.0958815223181676,0.4158415841584158,1.162391545945404,0.8333333333333334,0.2247191011235955,2.953932584269663,0.129
2026-09-18,North Carolina,ACC,2026,113,19,0.2360141771942716,0.5132743362831859,1.0323754501520834,0.6666666666666666,0.1320754716981132,3.826415094339623,,139,19,-0.1212396737477295,0.381294964028777,0.8784887790699076,0.8333333333333334,0.1363636363636363,2.7515151515151515,0.137
2026-09-18,North Dakota State,Mountain West,2026,199,30,0.1779024536014308,0.4321608040201005,1.3082108261820105,0.6923076923076923,0.1864406779661017,2.8686440677966103,,173,31,-0.1642277760509774,0.3815028901734104,0.9781791324953276,0.7142857142857143,0.1470588235294117,2.6372549019607843,0.156
2026-09-18,Northern Illinois,Mountain West,2026,124,26,-0.2402103302415052,0.3306451612903225,0.933563925425936,0.6,0.2280701754385964,2.3789473684210525,,143,24,0.003955245944769,0.4125874125874126,1.150449449041141,0.5454545454545454,0.1690140845070422,3.087323943661972,0.119
2026-09-18,North Texas,American Athletic,2026,138,22,0.1985668326897479,0.3985507246376811,1.4371934204362449,0.5,0.1756756756756756,3.0297297297297296,,119,21,0.1031777351390133,0.4201680672268907,1.1068830125613625,0.75,0.1515151515151515,2.457575757575757,0.151
2026-09-18,Northwestern,Big Ten,2026,55,11,0.4796492784465596,0.509090909090909,1.4850398029259404,1.0,0.1071428571428571,3.95,,90,12,0.0899734155062539,0.4222222222222222,1.0576414342835372,0.7777777777777778,0.131578947368421,3.305263157894737,0.189
2026-09-18,Notre Dame,FBS Independents,2026,130,20,0.3882939958255484,0.5076923076923077,1.17940061549341,0.7272727272727273,0.0793650793650793,2.773015873015873,,108,21,-0.1619857880704867,0.3055555555555556,1.3646248574810422,0.6666666666666666,0.2258064516129032,2.1016129032258064,0.241
2026-09-18,Ohio,Mid-American,2026,134,21,0.0822707766879752,0.3805970149253731,1.1226937199416582,0.9090909090909092,0.1066666666666666,3.292,,145,21,0.3643668001698871,0.496551724137931,1.3428370013336863,0.8333333333333334,0.2117647058823529,3.14,0.15
2026-09-18,Ohio State,Big Ten,2026,137,23,0.3799475988897337,0.4817518248175182,1.406900457467487,0.7142857142857143,0.1935483870967742,3.117741935483871,,140,24,-0.1122477544900086,0.3642857142857142,1.097576491078469,0.7272727272727273,0.2096774193548387,2.361290322580645,0.186
2026-09-18,Oklahoma,SEC,2026,124,22,0.1156050868468605,0.4516129032258064,1.096833600472846,0.5714285714285714,0.2307692307692307,3.055384615384616,,117,24,-0.2290988755324868,0.3076923076923077,1.248361147173218,0.5,0.2083333333333333,2.1333333333333333,0.239
2026-09-18,Oklahoma State,Big 12,2026,175,27,-0.120539195500783,0.4,1.028802341611288,0.5333333333333333,0.1842105263157894,2.876315789473684,,119,25,0.0479456960149485,0.361344537815126,1.3328402867977789,1.0,0.15,2.945,0.134
2026-09-18,Old Dominion,Sun Belt,2026,106,24,0.033284008907971,0.3773584905660377,1.4024901016608096,0.3333333333333333,0.3181818181818182,1.4106060606060606,,150,22,0.0120509778170255,0.3266666666666666,1.3623687429640408,0.5,0.2857142857142857,2.18961038961039,0.2
2026-09-18,Ole Miss,SEC,2026,140,23,0.2768580376754948,0.5428571428571428,1.142013776353691,0.75,0.1875,3.0375,,129,23,0.1378585757061767,0.4031007751937984,1.2762019335670447,0.6,0.2941176470588235,2.3205882352941174,0.155
2026-09-18,Oregon,Big Ten,2026,125,26,0.0494282179027239,0.384,1.566587410092808,0.8333333333333334,0.1372549019607843,3.2,,154,28,0.0018153496237937,0.4025974025974026,1.0896122279284166,0.7,0.136986301369863,2.9383561643835616,0.123
2026-09-18,Oregon State,Pac-12,2026,145,26,0.11079361771673,0.3517241379310344,1.634882929376421,0.6,0.0789473684210526,2.857894736842105,,151,25,0.2374810550361736,0.4503311258278146,1.2130965561953595,0.8333333333333334,0.1585365853658536,3.0609756097560976,0.172
2026-09-18,Penn State,Big Ten,2026,138,21,0.3222167833457912,0.4782608695652174,1.2465262995318598,0.7692307692307693,0.1125,2.545,,113,21,-0.1350849176813743,0.3539823008849557,1.037253531298312,0.6666666666666666,0.3035714285714285,2.258928571428572,0.177
2026-09-18,Pittsburgh,ACC,2026,209,34,0.1798409749910745,0.4593301435406698,1.2203820813959565,0.625,0.2075471698113207,3.016981132075472,,186,34,-0.0807343788416286,0.3225806451612903,1.3833742987329558,0.5833333333333334,0.2702702702702703,1.9472972972972973,0.172
2026-09-18,Purdue,Big Ten,2026,158,20,0.3108941299854006,0.5,1.1304623389649444,0.8,0.16,3.1826666666666665,,117,19,0.2136557537252784,0.4188034188034188,1.51055182193848,0.625,0.2166666666666666,2.5716666666666668,0.179
2026-09-18,Rice,American Athletic,2026,129,21,0.0039268670758448,0.4186046511627907,1.061196296851244,0.6666666666666666,0.1262135922330097,3.3864077669902914,,126,19,0.0841271372543652,0.4365079365079365,1.2114703432849558,0.6,0.1538461538461538,2.795384615384616,0.151
2026-09-18,Rutgers,Big Ten,2026,131,23,-0.0529169384087802,0.4045801526717557,1.469779676521196,0.3846153846153846,0.2372881355932203,2.716949152542373,,129,24,0.1558907367674346,0.4418604651162791,1.1203976295300062,0.75,0.1830985915492957,3.1633802816901406,0.109
2026-09-18,Sacramento State,Mid-American,2026,203,39,-0.0134863061624259,0.4088669950738916,1.1057548738363008,0.7222222222222222,0.2857142857142857,2.4824175824175825,,188,39,0.099234236960133,0.3723404255319149,1.3377447707118555,0.5833333333333334,0.1978021978021978,2.601098901098901,0.144
2026-09-18,Sam Houston,Conference USA,2026,135,23,0.0679276920034877,0.4518518518518518,1.1803148453958008,0.5555555555555556,0.2608695652173913,2.097826086956521,,143,25,0.0801298214744016,0.3286713286713286,1.5889012766547106,0.8,0.2297297297297297,2.918918918918919,0.203
2026-09-18,San Diego State,Pac-12,2026,121,23,-0.0413651342576204,0.3884297520661157,0.9233051483900416,0.6428571428571429,0.2266666666666666,3.1093333333333333,,148,26,0.0071288913535001,0.4256756756756756,0.9192161403297916,0.9,0.0985915492957746,3.511267605633803,0.101
2026-09-18,San José State,Mountain West,2026,213,37,0.1640411560777528,0.4178403755868544,1.2548924396738512,0.7142857142857143,0.196078431372549,3.226470588235294,,218,36,0.0756930654314693,0.4770642201834862,0.9896230258720576,0.9,0.1264367816091954,3.15287356321839,0.133
2026-09-18,SMU,ACC,2026,122,24,0.4587713273473277,0.5573770491803278,1.4281739344272315,0.3333333333333333,0.1886792452830188,2.9660377358490564,,131,26,-0.084622047764168,0.3282442748091603,1.2842625511359242,0.25,0.203125,2.9375,0.183
2026-09-18,South Alabama,Sun Belt,2026,162,21,0.1685310385380529,0.4382716049382716,1.2176774412969205,0.7857142857142857,0.1354166666666666,3.31875,,89,20,0.1632686372144404,0.3820224719101123,1.780175832903859,0.4285714285714285,0.3111111111111111,1.8,0.225
2026-09-18,South Carolina,SEC,2026,142,22,0.438343965195304,0.5915492957746479,1.2175363639723062,0.8333333333333334,0.0759493670886076,4.2025316455696204,,115,24,-0.0912429090065903,0.2695652173913043,1.4126566341430444,0.4,0.2448979591836734,2.091836734693877,0.139
2026-09-18,Southern Miss,Sun Belt,2026,145,23,0.1077642500321461,0.4896551724137931,1.006474011399464,0.8125,0.0769230769230769,3.7,,146,24,0.0608395926001343,0.3904109589041096,1.2299504868649154,0.7142857142857143,0.2023809523809523,3.2,0.137
2026-09-18,South Florida,American Athletic,2026,114,19,0.140587628627423,0.4736842105263157,1.0043796944285208,0.8571428571428571,0.2258064516129032,2.629032258064516,,140,19,-0.0058834549887592,0.4428571428571428,0.8079743699415228,0.7272727272727273,0.1866666666666666,3.045333333333333,0.136
2026-09-18,Stanford,ACC,2026,139,24,0.1652871164707423,0.39568345323741,1.1457214486158334,0.8571428571428571,0.1694915254237288,2.886440677966102,,145,25,0.2445848493510773,0.4482758620689655,1.3156744634857456,1.0,0.1509433962264151,2.922641509433962,0.124
2026-09-18,Syracuse,ACC,2026,238,36,0.0383775209160952,0.3991596638655462,1.3301522483231214,0.8,0.2201834862385321,2.851376146788991,,183,36,-0.1262747420529368,0.360655737704918,1.0874549775292308,0.75,0.2333333333333333,2.628888888888889,0.186
2026-09-18,TCU,Big 12,2026,143,24,0.2720895473907548,0.5104895104895105,1.1928228045964784,0.8181818181818182,0.1388888888888889,3.498611111111111,,112,24,-0.1211075290029854,0.3392857142857143,0.9668444329735346,0.0,0.2452830188679245,2.3358490566037737,0.232
2026-09-18,Temple,American Athletic,2026,121,19,0.1307173983832129,0.4380165289256198,1.1366621926292704,0.8333333333333334,0.2,3.041333333333333,,126,21,0.0889743629266326,0.4126984126984127,1.1673451255258795,0.7272727272727273,0.171875,2.05,0.143
2026-09-18,Tennessee,SEC,2026,143,24,0.3663306591413124,0.5104895104895105,1.3176765686521934,0.8181818181818182,0.1222222222222222,3.716666666666667,,132,25,-0.133299706225414,0.3636363636363636,1.0633150711559851,0.6,0.1785714285714285,3.5125,0.242
2026-09-18,Texas,SEC,2026,148,20,0.2502956329255999,0.4932432432432432,1.2917938180626174,0.75,0.2133333333333333,2.7826666666666666,,137,22,0.0500001383555945,0.4014598540145985,1.2231481170189105,0.625,0.2058823529411764,2.738235294117647,0.175
2026-09-18,Texas A&M,SEC,2026,151,25,0.2030153911456549,0.4966887417218543,1.0605418819511832,1.0,0.1481481481481481,3.208641975308642,,105,25,-0.3670736849201523,0.2761904761904762,1.1434497655113145,0.5,0.25,2.2442307692307693,0.248
2026-09-18,Texas State,Pac-12,2026,153,23,0.0713341660498197,0.4444444444444444,1.0653942023826526,0.7142857142857143,0.1348314606741573,3.2168539325842698,,144,20,0.3408355282669275,0.4791666666666667,1.3393729023888383,0.7,0.2424242424242424,2.6712121212121214,0.139
2026-09-18,Texas Tech,Big 12,2026,151,25,0.2360331407314352,0.4503311258278146,1.1224683496118188,0.7857142857142857,0.1604938271604938,3.064197530864197,,134,24,-0.0118944667262356,0.2835820895522388,1.7023564913908251,0.6666666666666666,0.1627906976744186,2.858139534883721,0.187
2026-09-18,Toledo,Mid-American,2026,118,23,0.2392459064623018,0.3898305084745763,1.849592332283392,0.5,0.2698412698412698,2.6333333333333333,,147,25,-0.1315716972417298,0.2993197278911564,1.159274640459017,0.3333333333333333,0.2253521126760563,2.5422535211267605,0.15
2026-09-18,Troy,Sun Belt,2026,139,27,0.1832232611952875,0.3669064748201439,1.5275409306952863,0.4545454545454545,0.2337662337662337,2.918181818181818,,131,25,-0.0730903667233353,0.366412213740458,1.258450956311019,0.6666666666666666,0.3518518518518518,1.4537037037037035,0.237
2026-09-18,Tulane,American Athletic,2026,107,22,0.1056401778804695,0.3364485981308411,1.4986254812812283,0.75,0.2307692307692307,2.4134615384615383,,152,23,0.0601189810986732,0.375,1.2544088524193848,0.8333333333333334,0.1590909090909091,3.1545454545454543,0.105
2026-09-18,Tulsa,American Athletic,2026,132,23,0.0855581218000294,0.3636363636363636,1.304618216522995,1.0,0.1617647058823529,2.988235294117647,,153,23,-0.0881200979720485,0.392156862745098,1.018737931677684,0.5384615384615384,0.1935483870967742,2.6048387096774195,0.15
2026-09-18,UAB,American Athletic,2026,148,17,0.125179646090532,0.4662162162162162,1.126405942245425,0.8333333333333334,0.1382978723404255,3.4340425531914893,,107,18,0.0832941743484347,0.4953271028037383,1.0527084819556491,0.5454545454545454,0.1515151515151515,3.351515151515152,0.112
2026-09-18,UCF,Big 12,2026,116,25,0.1461303427358404,0.4310344827586206,1.4198403210291637,0.6,0.1607142857142857,3.0107142857142857,,134,27,-0.099013594878991,0.291044776119403,1.1114470879006333,0.6666666666666666,0.2784810126582278,2.062025316455696,0.164
2026-09-18,UCLA,Big Ten,2026,120,26,0.2414210711755224,0.4916666666666666,1.1737632639003537,1.0,0.0704225352112676,4.164788732394366,,146,25,-0.1287180100332439,0.3219178082191781,1.2133801014622048,0.8333333333333334,0.2162162162162162,2.8027027027027027,0.192
2026-09-18,UConn,FBS Independents,2026,127,25,0.2841507501072622,0.4251968503937008,1.549718549984598,0.6666666666666666,0.2058823529411764,2.877941176470588,,151,25,0.0468040277609356,0.3774834437086092,1.1704590494412488,0.5454545454545454,0.21875,2.5328125,0.152
2026-09-18,UL Monroe,Sun Belt,2026,134,23,-0.1274140857526506,0.3656716417910448,0.8989095633271335,0.4545454545454545,0.1025641025641025,3.2371794871794872,,148,22,0.3914827680226134,0.5472972972972973,1.2758591261242125,0.9090909090909092,0.1411764705882353,3.834117647058824,0.128
2026-09-18,UNLV,Mountain West,2026,218,37,-0.0524893094452806,0.3532110091743119,1.1623632231536607,0.6875,0.1504424778761062,3.023008849557522,,206,35,0.1471056400027092,0.4126213592233009,1.1832290095991715,0.7777777777777778,0.1515151515151515,3.576767676767677,0.15
2026-09-18,USC,Big Ten,2026,221,30,0.3050545251396018,0.5701357466063348,1.097506176595752,0.7894736842105263,0.1779661016949152,3.2491525423728813,,155,30,0.0830802123434739,0.3677419354838709,1.3280287170782532,0.75,0.2207792207792207,2.433766233766234,0.135
2026-09-18,Utah,Big 12,2026,140,24,0.4085654273644835,0.5428571428571428,1.3590442825949345,0.7272727272727273,0.1707317073170731,3.818292682926829,,141,24,-0.0180149078203742,0.3262411347517731,1.4369604703869312,0.8,0.1666666666666666,2.598148148148148,0.206
2026-09-18,Utah State,Pac-12,2026,147,24,-0.125510359104815,0.3809523809523809,1.3459850217275189,0.1666666666666666,0.2753623188405797,2.9695652173913043,,142,25,0.0329839591211641,0.3873239436619718,0.9975056067009984,0.6363636363636364,0.2203389830508474,2.4067796610169494,0.099
2026-09-18,UTEP,Mountain West,2026,114,25,-0.134943446773656,0.4298245614035088,1.1795692615247384,0.4,0.2537313432835821,2.6373134328358208,,124,24,0.1797364798378444,0.4112903225806452,1.21273847936996,0.5833333333333334,0.2666666666666666,2.614666666666667,0.153
2026-09-18,UTSA,American Athletic,2026,134,23,0.3410086014875794,0.5373134328358209,1.0961411603228002,0.8,0.15,3.28,,162,25,-0.0122308165351195,0.4259259259259259,1.0332895004531055,0.5,0.1204819277108433,3.455421686746988,0.136
2026-09-18,Vanderbilt,SEC,2026,135,22,0.0770759026769088,0.4222222222222222,1.0785680522088028,0.875,0.1506849315068493,2.9712328767123286,,116,23,-0.1188975264171307,0.3275862068965517,1.3261548666811334,0.7777777777777778,0.24,2.43,0.259
2026-09-18,Virginia,ACC,2026,135,24,0.3363360115956449,0.5407407407407407,1.133641635334511,0.8666666666666667,0.1612903225806451,3.4172043010752686,,117,25,-0.3674973969331185,0.3162393162393162,0.6429044390651262,0.7142857142857143,0.2156862745098039,2.4823529411764707,0.248
2026-09-18,Virginia Tech,ACC,2026,163,25,0.3246569715301723,0.4969325153374233,1.2420419780551708,0.7,0.175,3.12625,,106,27,-0.2548073061433593,0.1981132075471698,1.6993340374331178,0.3333333333333333,0.5230769230769231,-0.4061538461538461,0.387
2026-09-18,Wake Forest,ACC,2026,137,20,0.4168473428540545,0.4744525547445255,1.3477531823845286,0.6666666666666666,0.1408450704225352,3.1169014084507043,,154,21,0.1471432253349311,0.5,0.9222951986550348,0.6,0.2285714285714285,2.857142857142857,0.143
2026-09-18,Washington,Big Ten,2026,141,24,0.0383845337142971,0.4397163120567376,0.994167021990533,0.5714285714285714,0.2542372881355932,2.649152542372881,,115,23,-0.1970220490833837,0.3130434782608696,1.346076863245751,0.0,0.3703703703703703,2.509259259259259,0.278
2026-09-18,Washington State,Pac-12,2026,109,22,-0.2204002283275828,0.2844036697247706,1.0891204891875983,0.0,0.2321428571428571,2.7767857142857144,,140,24,0.0930001435211628,0.4642857142857143,1.226918406593459,0.6,0.1764705882352941,3.1205882352941177,0.1
2026-09-18,Western Kentucky,Conference USA,2026,158,28,-0.0666697027112332,0.360759493670886,1.1031430607162849,0.6,0.2236842105263158,2.728947368421053,,121,27,0.5273760342953311,0.5041322314049587,1.6223388487633628,0.9,0.1710526315789473,3.5907894736842105,0.107
2026-09-18,Western Michigan,Mid-American,2026,128,24,0.1798153005934974,0.3984375,1.2124813230554417,0.7272727272727273,0.16,2.8666666666666667,,140,22,-0.0200984117118512,0.45,0.96082370279726,0.6875,0.1492537313432835,2.962686567164179,0.143
2026-09-18,West Virginia,Big 12,2026,140,26,0.2732145325843711,0.4785714285714286,1.1936925918671564,0.8461538461538461,0.1261261261261261,3.1585585585585587,,138,24,-0.0361489007794655,0.4130434782608695,1.207286883972729,0.5714285714285714,0.3,2.3,0.217
2026-09-18,Wisconsin,Big Ten,2026,117,20,0.0972845578595492,0.3846153846153846,1.4262012820270968,0.625,0.1666666666666666,2.873333333333333,,127,20,0.1416487925311263,0.4173228346456692,0.9995894298541818,0.75,0.0714285714285714,3.0585714285714287,0.102
2026-09-18,Wyoming,Mountain West,2026,117,23,-0.0028277350688493,0.4188034188034188,0.8959098386901093,1.0,0.1791044776119403,3.238805970149253,,130,22,0.0648907555886648,0.4230769230769231,1.172048736832227,1.0,0.1818181818181818,2.793939393939394,0.154
2026-09-19,Air Force,Mountain West,2026,147,19,0.3168724868895267,0.5238095238095238,0.9836879949098816,1.0,0.0578512396694214,4.0239669421487605,,106,20,-0.0790044128664969,0.3113207547169811,1.5288427794559412,0.8,0.2280701754385964,2.526315789473684,0.142
2026-09-19,Akron,Mid-American,2026,198,34,0.0823477777181458,0.4696969696969697,0.9691748552261226,0.75,0.1428571428571428,3.644047619047619,,179,35,0.1882900459450853,0.4078212290502793,1.4024615405652725,0.7142857142857143,0.2375,2.45375,0.179
2026-09-19,Alabama,SEC,2026,143,23,0.1923818408232353,0.5034965034965035,1.1057735881546875,0.7272727272727273,0.1785714285714285,3.1476190476190475,,108,24,-0.2874867496232187,0.287037037037037,1.1316133221653442,0.4,0.2708333333333333,1.2354166666666666,0.204
2026-09-19,App State,Sun Belt,2026,147,23,0.3906247499138722,0.5170068027210885,1.2754065166484962,0.8333333333333334,0.2,2.87625,,134,24,0.0816137293730369,0.4104477611940298,1.1852737956938326,0.6666666666666666,0.2333333333333333,2.788333333333333,0.194
2026-09-19,Arizona,Big 12,2026,137,23,0.135802341014586,0.5182481751824818,0.9553421091947132,0.9090909090909092,0.0983606557377049,3.804918032786885,,111,22,0.0356799842903723,0.3513513513513513,1.3875185132111152,1.0,0.2444444444444444,2.8266666666666667,0.18
2026-09-19,Arizona State,Big 12,2026,202,40,0.0545596120937778,0.4158415841584158,1.3964621633387664,0.7777777777777778,0.2075471698113207,2.542452830188679,,189,39,0.0223619969925078,0.3703703703703703,1.1785291351618223,0.6363636363636364,0.1489361702127659,2.907446808510638,0.169
2026-09-19,Arkansas,SEC,2026,223,34,0.0359326247214556,0.4260089686098655,1.105127804256257,0.8,0.1724137931034483,2.498850574712644,,173,34,0.207561618175815,0.4508670520231214,1.2416935966010272,0.8571428571428571,0.1868131868131868,2.6153846153846154,0.133
2026-09-19,Arkansas State,Sun Belt,2026,118,20,0.2677348692051451,0.559322033898305,1.1459291087845072,0.7857142857142857,0.123076923076923,3.666153846153846,,122,23,0.1840622775567135,0.4426229508196721,1.3669975298661934,0.75,0.1126760563380281,3.388732394366197,0.139
2026-09-19,Army,American Athletic,2026,136,21,0.4233058887319205,0.5882352941176471,1.023133708359731,0.9090909090909092,0.1018518518518518,4.018518518518518,,110,21,0.1123930409096023,0.4181818181818181,1.1406168896883957,0.8,0.2222222222222222,2.7444444444444445,0.155
2026-09-19,Auburn,SEC,2026,160,24,0.1350601071202175,0.45625,1.1762728788342502,0.7777777777777778,0.1666666666666666,3.4654761904761906,,161,24,-0.0938026930155785,0.3726708074534161,1.0994859841769764,0.5,0.1875,2.3328125,0.193
2026-09-19,Ball State,Mid-American,2026,132,26,-0.0165475090918305,0.3106060606060606,1.4686103990600792,0.6666666666666666,0.2407407407407407,2.2203703703703703,,138,24,0.3064487375002761,0.4710144927536231,1.40546812277467,0.8571428571428571,0.2033898305084746,3.1559322033898307,0.145
2026-09-19,Baylor,Big 12,2026,186,27,0.1129098582081574,0.4354838709677419,1.2376620302097634,0.6,0.1547619047619047,3.1666666666666665,,131,26,-0.1673171265798204,0.2671755725190839,1.287063470738749,0.6666666666666666,0.2631578947368421,2.285964912280702,0.214
2026-09-19,Boise State,Pac-12,2026,143,23,0.266399529110338,0.4335664335664335,1.274491848026884,0.875,0.1125,3.545,,117,24,0.1017919549297001,0.3931623931623931,1.7729801802597571,0.6666666666666666,0.2978723404255319,2.476595744680852,0.197
2026-09-19,Boston College,ACC,2026,198,35,-0.0419858820374779,0.398989898989899,1.1677823981465,0.8,0.2403846153846154,2.907692307692308,,199,33,0.0330811847969286,0.3819095477386934,1.312735823042808,0.5714285714285714,0.175438596491228,3.0298245614035086,0.176
2026-09-19,Bowling Green,Mid-American,2026,166,34,-0.1284041167043659,0.3373493975903614,0.9781496842620152,0.75,0.2282608695652173,2.384782608695652,,184,31,0.3320950443106674,0.5054347826086957,1.3714736103867096,0.7222222222222222,0.1428571428571428,3.6942857142857135,0.087
2026-09-19,Buffalo,Mid-American,2026,213,43,0.0085017426441622,0.2816901408450704,1.3142224595301073,1.0,0.2087912087912088,2.476923076923077,,213,42,0.1478660436555205,0.380281690140845,1.4148055640683084,0.75,0.198019801980198,2.997029702970297,0.155
2026-09-19,BYU,Big 12,2026,128,22,0.5050841780417508,0.59375,1.145295729412896,0.8888888888888888,0.0945945945945946,4.075675675675676,,120,22,-0.0845017673137549,0.3666666666666666,1.1347196556610346,0.8571428571428571,0.2115384615384615,2.375,0.158
2026-09-19,California,ACC,2026,149,26,-0.0808214238504401,0.3422818791946309,1.3277706209817297,0.7142857142857143,0.25,2.4140625,,140,27,0.0680250301071306,0.4142857142857143,1.3407269201878411,1.0,0.1290322580645161,3.446774193548387,0.15
2026-09-19,Central Michigan,Mid-American,2026,177,31,0.0289087387255209,0.3785310734463277,1.1436822476363226,0.9,0.1023622047244094,3.4244094488188974,,196,30,0.0545284328267655,0.4285714285714285,1.0037471838365968,1.0,0.1485148514851485,3.3059405940594058,0.148
2026-09-19,Charlotte,American Athletic,2026,139,23,0.1096877225836496,0.4172661870503597,1.3048280000711567,0.5,0.25,2.9359375,,125,23,0.3563215883954375,0.56,1.168448348521541,0.9285714285714286,0.2253521126760563,3.222535211267606,0.12
2026-09-19,Cincinnati,Big 12,2026,142,23,0.4287542479500776,0.528169014084507,1.2301502062163543,0.8571428571428571,0.0869565217391304,4.093478260869565,,131,23,-0.020274166991414,0.3893129770992366,1.1912608272935616,0.75,0.2363636363636363,2.9909090909090907,0.183
2026-09-19,Clemson,ACC,2026,194,42,-0.0553310220872129,0.3350515463917525,1.118265605011746,0.7777777777777778,0.2527472527472527,2.643956043956044,,230,37,0.1031509515165862,0.4260869565217391,1.2482162564350845,0.7647058823529411,0.1111111111111111,3.537037037037037,0.152
2026-09-19,Coastal Carolina,Sun Belt,2026,198,37,0.2313155399751384,0.4595959595959596,1.3215119832573907,0.6363636363636364,0.1752577319587628,3.461855670103093,,197,39,0.0489791843261592,0.416243654822335,1.034968241525209,0.75,0.1367521367521367,2.936752136752137,0.157
2026-09-19,Colorado,Big 12,2026,151,24,0.2555961011969566,0.4172185430463576,1.3777550783764778,0.9,0.1219512195121951,3.1390243902439026,,134,24,-0.0639601272461802,0.3432835820895522,1.3968928161860514,0.3333333333333333,0.3888888888888889,2.4,0.254
2026-09-19,Colorado State,Pac-12,2026,137,26,0.3945282894044396,0.4890510948905109,1.5102312020802011,0.9,0.234375,2.578125,,121,25,-0.0649478881821947,0.3801652892561983,1.0956779944706343,0.6666666666666666,0.1408450704225352,3.22112676056338,0.273
2026-09-19,Delaware,Conference USA,2026,204,39,0.1133101158911312,0.4215686274509804,1.3337098877387443,0.6428571428571429,0.2068965517241379,2.6436781609195403,,207,38,-0.0171581704983079,0.3623188405797101,1.2671183723139352,0.75,0.1648351648351648,2.8,0.208
2026-09-19,Duke,ACC,2026,135,22,0.0971002378932878,0.362962962962963,1.237928846463279,0.7142857142857143,0.2142857142857142,2.9095238095238094,,125,21,-0.0251186964537824,0.408,0.9843421861093068,0.7142857142857143,0.0909090909090909,2.923636363636364,0.144
2026-09-19,East Carolina,American Athletic,2026,114,25,0.1099582195243851,0.3947368421052631,1.231797520854903,0.6666666666666666,0.2452830188679245,2.371698113207547,,153,24,0.2068942194566984,0.457516339869281,1.223214237815241,0.7142857142857143,0.2247191011235955,2.7662921348314606,0.124
2026-09-19,Eastern Michigan,Mid-American,2026,255,48,-0.0685439337308425,0.3529411764705882,1.0942111052405452,0.7619047619047619,0.160377358490566,2.7943396226415094,,278,47,0.1642304419761711,0.4424460431654676,1.261627804236777,0.7142857142857143,0.1935483870967742,2.9483870967741934,0.173
2026-09-19,Florida,SEC,2026,131,22,0.503300118145704,0.5419847328244275,1.3730229556476083,1.0,0.0857142857142857,3.5085714285714285,,159,26,-0.1857093179760124,0.3333333333333333,1.1043810135770198,0.6666666666666666,0.1186440677966101,2.672881355932204,0.233
2026-09-19,Florida Atlantic,American Athletic,2026,172,24,0.0855727551307359,0.4244186046511627,1.1542662089271607,0.9090909090909092,0.1842105263157894,2.506578947368421,,125,23,0.3739127473785921,0.472,1.5780936478404288,1.0,0.1486486486486486,3.245945945945946,0.16
2026-09-19,Florida International,Conference USA,2026,156,24,-0.0028031544189282,0.391025641025641,1.1492281235386823,0.6923076923076923,0.203125,2.75,,128,22,-0.0449602235125628,0.328125,1.1153609295010591,0.8,0.2580645161290322,1.982258064516129,0.172
2026-09-19,Florida State,ACC,2026,134,22,0.2041981306396151,0.4104477611940298,1.3738286847147458,0.5,0.1392405063291139,3.3063291139240505,,134,21,0.23409225215135,0.4477611940298507,1.420966285728235,0.8333333333333334,0.1176470588235294,3.1549019607843136,0.157
2026-09-19,Fresno State,Pac-12,2026,110,21,0.0859821480957696,0.3727272727272727,1.3500903325919285,0.4285714285714285,0.2456140350877192,2.524561403508772,,136,21,0.0224727252079994,0.4705882352941176,1.0596533979596976,0.6666666666666666,0.2777777777777778,2.708333333333333,0.118
2026-09-19,Georgia,SEC,2026,188,37,0.5330756980170779,0.574468085106383,1.3604343545740536,1.0,0.12,3.428,,193,38,-0.0929945987359501,0.3316062176165803,1.158415875831898,0.625,0.2592592592592592,1.848148148148148,0.197
2026-09-19,Georgia Southern,Sun Belt,2026,145,27,0.0586021891492423,0.3655172413793103,1.2246915703732584,0.5,0.1489361702127659,3.1319148936170214,,140,29,-0.1953851267707166,0.2571428571428571,1.1628548379468289,0.75,0.3492063492063492,1.7142857142857142,0.271
2026-09-19,Georgia State,Sun Belt,2026,141,23,0.3830140743836993,0.5460992907801419,1.131271493549282,0.8181818181818182,0.1309523809523809,3.710714285714286,,113,23,-0.0190748999974009,0.3451327433628318,1.2156387691318562,1.0,0.2666666666666666,2.8,0.168
2026-09-19,Georgia Tech,ACC,2026,186,31,0.1198086250739146,0.4462365591397849,1.1062930665398056,0.6923076923076923,0.2,3.077777777777778,,205,32,0.113173254080079,0.4146341463414634,1.1613843437554303,0.7333333333333333,0.1439393939393939,3.0166666666666666,0.176
2026-09-19,Hawai'i,Mountain West,2026,230,37,0.032940963609442,0.3739130434782609,1.1626258762976511,0.8,0.1842105263157894,3.098684210526316,,205,37,0.1296644642024741,0.4341463414634146,1.2594556887364166,0.6875,0.1261261261261261,3.28018018018018,0.146
2026-09-19,Houston,Big 12,2026,216,34,0.4280489811446559,0.5740740740740741,1.1340783382648518,0.9130434782608696,0.1,3.974166666666666,,179,35,0.0362222812055209,0.3631284916201117,1.3767542256379943,0.6,0.2432432432432432,2.093243243243243,0.218
2026-09-19,Illinois,Big Ten,2026,173,29,0.2925902193221822,0.5433526011560693,1.1915549539787242,0.6666666666666666,0.119047619047619,3.270238095238095,,204,29,0.1333500889309292,0.4019607843137255,1.2627501768634204,0.75,0.2314814814814814,2.5259259259259257,0.147
2026-09-19,Indiana,Big Ten,2026,108,20,0.5826354535033924,0.5370370370370371,1.5716878414761073,0.7777777777777778,0.1216216216216216,3.413513513513513,,118,22,-0.1447228374943157,0.2796610169491525,1.5187942275986206,0.3333333333333333,0.2166666666666666,2.44,0.203
2026-09-19,Iowa,Big Ten,2026,139,24,0.0016189629623103,0.4028776978417266,1.1033428121941584,0.4285714285714285,0.1940298507462686,3.1,,113,27,-0.1812106771568968,0.2300884955752212,1.2105292522630695,0.6666666666666666,0.2033898305084746,2.2847457627118644,0.177
2026-09-19,Iowa State,Big 12,2026,162,35,0.2223740717278862,0.3888888888888889,1.4037143679813966,0.75,0.1346153846153846,3.195192307692308,,179,37,-0.201241979260413,0.3128491620111732,1.1014904568828363,0.6666666666666666,0.1894736842105263,2.347368421052632,0.19
2026-09-19,Jacksonville State,Conference USA,2026,189,30,0.1672764553474056,0.4708994708994709,1.2159433070054495,0.7647058823529411,0.203883495145631,2.82621359223301,,193,29,0.0159606914377543,0.4041450777202072,1.0715568388992387,0.75,0.1693548387096774,2.949193548387097,0.141
2026-09-19,James Madison,Sun Belt,2026,113,21,0.479539448169209,0.5398230088495575,1.3269502984625527,0.6666666666666666,0.171875,3.44375,,140,25,-0.2757064750034476,0.2571428571428571,1.277789131183439,0.8571428571428571,0.2207792207792207,1.8987012987012988,0.143
2026-09-19,Kansas,Big 12,2026,220,37,0.2015934074999597,0.4409090909090909,1.428512738577131,0.5454545454545454,0.0991735537190082,3.268595041322314,,195,39,-0.0712303723704371,0.3076923076923077,1.2346084307154783,0.75,0.2589285714285714,1.9928571428571429,0.2
2026-09-19,Kansas State,Big 12,2026,211,34,0.3564476630358938,0.5355450236966824,1.3089479502649033,0.7692307692307693,0.1367521367521367,3.393162393162393,,172,34,-0.1623541692794498,0.2732558139534883,1.3900913470198084,0.4444444444444444,0.2795698924731182,2.10752688172043,0.262
2026-09-19,Kennesaw State,Conference USA,2026,140,25,0.1300394206984425,0.5,1.1358671054399665,0.8181818181818182,0.2121212121212121,3.1045454545454545,,123,25,-0.017088871082993,0.3495934959349593,1.100274999432472,0.8571428571428571,0.2142857142857142,2.725714285714285,0.106
2026-09-19,Kent State,Mid-American,2026,174,34,-0.0674843592192811,0.3045977011494253,1.2758921979702356,0.5555555555555556,0.2210526315789473,2.8705263157894736,,189,37,0.2697543968818651,0.5396825396825397,1.1743592519070083,0.8235294117647058,0.1276595744680851,3.5074468085106383,0.127
2026-09-19,Kentucky,SEC,2026,128,23,0.0890033049944523,0.4609375,1.1097461479075743,0.6666666666666666,0.1935483870967742,3.109677419354839,,130,21,0.0797991204568392,0.4461538461538462,1.124726469100218,0.7777777777777778,0.1935483870967742,2.6016129032258064,0.208
2026-09-19,Liberty,Conference USA,2026,136,24,-0.1161019510407969,0.3823529411764705,1.2248301758367646,0.6666666666666666,0.141025641025641,2.9346153846153844,,123,22,0.0295082308777663,0.3495934959349593,1.3481465092740088,0.4,0.2698412698412698,2.673015873015873,0.211
2026-09-19,Louisiana,Sun Belt,2026,121,21,0.2872702915830525,0.4876033057851239,1.3131949696088556,0.8571428571428571,0.1884057971014492,3.1449275362318843,,137,21,0.0227366626479739,0.4598540145985401,1.1747564986988903,0.625,0.2205882352941176,2.8529411764705883,0.131
2026-09-19,Louisiana Tech,Sun Belt,2026,116,29,0.0153881373796306,0.3103448275862069,1.6505202743028289,1.0,0.1904761904761904,2.577777777777778,,150,30,-0.1153931444961112,0.34,1.201984888715524,0.6,0.2857142857142857,1.6488095238095235,0.273
2026-09-19,Louisville,ACC,2026,134,26,0.4513246740637537,0.5447761194029851,1.3397742698468325,0.75,0.1643835616438356,3.063013698630137,,142,25,0.1227723968190846,0.3732394366197183,1.2422274876914896,0.5714285714285714,0.1176470588235294,2.5544117647058826,0.148
2026-09-19,LSU,SEC,2026,182,27,0.2058175337268157,0.5,1.2978100595291884,0.625,0.1530612244897959,2.9102040816326533,,106,28,-0.4640494005969776,0.1886792452830188,0.9967369888711708,0.6666666666666666,0.2916666666666667,1.6979166666666667,0.302
2026-09-19,Marshall,Sun Belt,2026,118,25,-0.1170632261688768,0.3644067796610169,1.035413167758098,0.6153846153846154,0.3064516129032258,2.167741935483871,,144,23,0.2992968190495405,0.4722222222222222,1.181015937543059,0.8888888888888888,0.1076923076923077,3.3246153846153845,0.111
2026-09-19,Maryland,Big Ten,2026,158,25,0.3611516175193782,0.5316455696202531,1.2757908671423983,0.6428571428571429,0.1710526315789473,3.5723684210526314,,105,24,-0.2564575897215248,0.2666666666666666,1.2470561585759148,0.6666666666666666,0.2962962962962963,1.4,0.219
2026-09-19,Massachusetts,Mid-American,2026,105,20,0.3734987579677579,0.5047619047619047,1.165695439147868,0.5454545454545454,0.1818181818181818,3.4045454545454543,,134,23,-0.0902538163166447,0.3805970149253731,1.24901703536941,0.75,0.2096774193548387,2.570967741935484,0.157
2026-09-19,Memphis,American Athletic,2026,177,35,0.2350611635254864,0.4350282485875706,1.4482477541338634,0.7142857142857143,0.1844660194174757,3.2854368932038835,,217,35,0.192649272099052,0.4377880184331797,1.3872415249019707,0.8571428571428571,0.1308411214953271,3.4065420560747666,0.147
2026-09-19,Miami,ACC,2026,212,38,0.4532903721486256,0.5660377358490566,1.2823020411686614,0.8333333333333334,0.128440366972477,3.779816513761468,,177,35,-0.0341881848952202,0.3446327683615819,1.0809755355793675,0.75,0.2592592592592592,2.335185185185185,0.141
2026-09-19,Miami (OH),Mid-American,2026,115,20,0.2764031655999502,0.4521739130434782,1.281499316052608,1.0,0.1896551724137931,3.1,,123,21,0.1785536741915797,0.4552845528455284,1.2875594636535663,0.5714285714285714,0.25,2.779166666666667,0.098
2026-09-19,Michigan,Big Ten,2026,106,21,0.084462587896415,0.3490566037735849,1.3193032404170044,0.7142857142857143,0.1129032258064516,2.932258064516129,,134,22,-0.0898403883058992,0.3432835820895522,1.0126403276397398,0.6666666666666666,0.1971830985915492,2.907042253521127,0.164
2026-09-19,Michigan State,Big Ten,2026,158,20,0.1426258389428377,0.4556962025316455,1.1343727534949324,0.6428571428571429,0.1666666666666666,3.2444444444444445,,95,19,0.0674856752091822,0.3684210526315789,1.3619623909144192,0.5555555555555556,0.2682926829268293,2.629268292682927,0.232
2026-09-19,Middle Tennessee,Conference USA,2026,120,19,0.2627298867802216,0.4583333333333333,1.1566261463421283,0.75,0.0697674418604651,4.106976744186047,,113,22,0.1179669362138989,0.4336283185840708,1.152405043034228,0.7333333333333333,0.2,2.98,0.142
2026-09-19,Minnesota,Big Ten,2026,198,32,0.1605509722831893,0.494949494949495,1.0820262093641306,0.6666666666666666,0.225,2.5275,,172,34,0.0382206358842824,0.3720930232558139,1.1034427981488162,0.5833333333333334,0.2696629213483146,2.721348314606741,0.224
2026-09-19,Mississippi State,SEC,2026,148,22,0.5444014212608463,0.581081081081081,1.2894091808295536,0.7,0.1686746987951807,3.792771084337349,,136,22,-0.1004668683090555,0.3308823529411764,1.059757060940559,0.5,0.1568627450980392,2.5823529411764707,0.14
2026-09-19,Missouri,SEC,2026,153,26,0.24529734792988,0.4705882352941176,1.2251672170226928,0.7,0.1785714285714285,3.120238095238096,,121,24,-0.0639320226478284,0.2892561983471074,1.6717351608971178,0.8,0.2166666666666666,2.3666666666666667,0.231
2026-09-19,Missouri State,Conference USA,2026,120,23,0.0668812857775394,0.3666666666666666,1.3335725530755398,0.7692307692307693,0.1733333333333333,2.7746666666666666,,145,23,0.1909938154661411,0.503448275862069,1.0068807445175092,0.9090909090909092,0.1645569620253164,3.469620253164557,0.179
2026-09-19,Navy,American Athletic,2026,136,21,0.3197706471886218,0.5294117647058824,1.205369775240681,1.0,0.102803738317757,3.885046728971963,,122,21,0.1470620016920992,0.3934426229508196,1.3645400299509731,1.0,0.2280701754385964,2.631578947368421,0.148
2026-09-19,NC State,ACC,2026,201,36,0.227429163964171,0.472636815920398,1.260064759274924,0.7777777777777778,0.1346153846153846,3.316346153846154,,180,37,0.1306884503148467,0.4111111111111111,1.2279082534076984,0.7894736842105263,0.17,2.899,0.156
2026-09-19,Nebraska,Big Ten,2026,140,21,0.5175659052512254,0.5571428571428572,1.4534374670791137,0.8333333333333334,0.136986301369863,3.82054794520548,,118,23,0.0517344067502091,0.3389830508474576,1.2549763899900523,1.0,0.1451612903225806,3.05,0.212
2026-09-19,Nevada,Mountain West,2026,131,23,0.1253495981030349,0.4427480916030534,1.3284449769173483,0.7857142857142857,0.1666666666666666,3.619230769230769,,149,23,0.0804141153145403,0.4429530201342282,0.9720734947656507,0.6666666666666666,0.2025316455696202,2.9873417721518987,0.148
2026-09-19,New Mexico,Mountain West,2026,144,27,0.2352301586935282,0.4791666666666667,1.1024318664396169,0.9166666666666666,0.1276595744680851,3.401063829787234,,105,27,-0.298944742674818,0.2285714285714285,1.4412726077351177,0.5,0.2,1.6927272727272726,0.305
2026-09-19,New Mexico State,Conference USA,2026,201,34,0.1547919421257269,0.4378109452736318,1.4261327937630708,0.6875,0.1428571428571428,3.207692307692308,,202,35,0.0958815223181676,0.4158415841584158,1.162391545945404,0.8333333333333334,0.2247191011235955,2.953932584269663,0.129
2026-09-19,North Carolina,ACC,2026,182,30,0.1180247926500402,0.4835164835164835,1.037750541807011,0.7777777777777778,0.125,3.871590909090909,,206,32,-0.0185956233374603,0.3932038834951456,1.0238332099979035,0.875,0.1224489795918367,2.960204081632653,0.141
2026-09-19,North Dakota State,Mountain West,2026,199,30,0.1779024536014308,0.4321608040201005,1.3082108261820105,0.6923076923076923,0.1864406779661017,2.8686440677966103,,173,31,-0.1642277760509774,0.3815028901734104,0.9781791324953276,0.7142857142857143,0.1470588235294117,2.6372549019607843,0.156
2026-09-19,Northern Illinois,Mountain West,2026,124,26,-0.2402103302415052,0.3306451612903225,0.933563925425936,0.6,0.2280701754385964,2.3789473684210525,,143,24,0.003955245944769,0.4125874125874126,1.150449449041141,0.5454545454545454,0.1690140845070422,3.087323943661972,0.119
2026-09-19,North Texas,American Athletic,2026,224,33,0.2090856702992057,0.4464285714285714,1.322265598128833,0.625,0.1862745098039215,2.9745098039215687,,190,32,0.2626747004670615,0.4842105263157895,1.2306632228056182,0.7727272727272727,0.1491228070175438,2.7578947368421054,0.116
2026-09-19,Northwestern,Big Ten,2026,55,11,0.4796492784465596,0.509090909090909,1.4850398029259404,1.0,0.1071428571428571,3.95,,90,12,0.0899734155062539,0.4222222222222222,1.0576414342835372,0.7777777777777778,0.131578947368421,3.305263157894737,0.189
2026-09-19,Notre Dame,FBS Independents,2026,130,20,0.3882939958255484,0.5076923076923077,1.17940061549341,0.7272727272727273,0.0793650793650793,2.773015873015873,,108,21,-0.1619857880704867,0.3055555555555556,1.3646248574810422,0.6666666666666666,0.2258064516129032,2.1016129032258064,0.241
2026-09-19,Ohio,Mid-American,2026,134,21,0.0822707766879752,0.3805970149253731,1.1226937199416582,0.9090909090909092,0.1066666666666666,3.292,,145,21,0.3643668001698871,0.496551724137931,1.3428370013336863,0.8333333333333334,0.2117647058823529,3.14,0.15
2026-09-19,Ohio State,Big Ten,2026,198,36,0.3803415500915733,0.51010101010101,1.3636771972779071,0.75,0.1875,3.0708333333333333,,192,36,-0.1696528565788818,0.3177083333333333,1.0723035113363035,0.6666666666666666,0.2307692307692307,2.345054945054945,0.203
2026-09-19,Oklahoma,SEC,2026,124,22,0.1156050868468605,0.4516129032258064,1.096833600472846,0.5714285714285714,0.2307692307692307,3.055384615384616,,117,24,-0.2290988755324868,0.3076923076923077,1.248361147173218,0.5,0.2083333333333333,2.1333333333333333,0.239
2026-09-19,Oklahoma State,Big 12,2026,175,27,-0.120539195500783,0.4,1.028802341611288,0.5333333333333333,0.1842105263157894,2.876315789473684,,119,25,0.0479456960149485,0.361344537815126,1.3328402867977789,1.0,0.15,2.945,0.134
2026-09-19,Old Dominion,Sun Belt,2026,106,24,0.033284008907971,0.3773584905660377,1.4024901016608096,0.3333333333333333,0.3181818181818182,1.4106060606060606,,150,22,0.0120509778170255,0.3266666666666666,1.3623687429640408,0.5,0.2857142857142857,2.18961038961039,0.2
2026-09-19,Ole Miss,SEC,2026,140,23,0.2768580376754948,0.5428571428571428,1.142013776353691,0.75,0.1875,3.0375,,129,23,0.1378585757061767,0.4031007751937984,1.2762019335670447,0.6,0.2941176470588235,2.3205882352941174,0.155
2026-09-19,Oregon,Big Ten,2026,219,39,0.2944685562733333,0.4885844748858447,1.383016077278466,0.9230769230769232,0.0918367346938775,3.686734693877551,,192,41,-0.1109297369096197,0.3489583333333333,1.108797512817691,0.7,0.1931818181818181,2.6170454545454547,0.151
2026-09-19,Oregon State,Pac-12,2026,145,26,0.11079361771673,0.3517241379310344,1.634882929376421,0.6,0.0789473684210526,2.857894736842105,,151,25,0.2374810550361736,0.4503311258278146,1.2130965561953595,0.8333333333333334,0.1585365853658536,3.0609756097560976,0.172
2026-09-19,Penn State,Big Ten,2026,199,35,0.359828748352451,0.4723618090452261,1.3661106726862364,0.7333333333333333,0.1238938053097345,2.8690265486725663,,173,36,-0.138613480066411,0.2890173410404624,1.0386049457704862,0.7,0.2584269662921348,2.385393258426966,0.191
2026-09-19,Pittsburgh,ACC,2026,209,34,0.1798409749910745,0.4593301435406698,1.2203820813959565,0.625,0.2075471698113207,3.016981132075472,,186,34,-0.0807343788416286,0.3225806451612903,1.3833742987329558,0.5833333333333334,0.2702702702702703,1.9472972972972973,0.172
2026-09-19,Purdue,Big Ten,2026,158,20,0.3108941299854006,0.5,1.1304623389649444,0.8,0.16,3.1826666666666665,,117,19,0.2136557537252784,0.4188034188034188,1.51055182193848,0.625,0.2166666666666666,2.5716666666666668,0.179
2026-09-19,Rice,American Athletic,2026,129,21,0.0039268670758448,0.4186046511627907,1.061196296851244,0.6666666666666666,0.1262135922330097,3.3864077669902914,,126,19,0.0841271372543652,0.4365079365079365,1.2114703432849558,0.6,0.1538461538461538,2.795384615384616,0.151
2026-09-19,Rutgers,Big Ten,2026,131,23,-0.0529169384087802,0.4045801526717557,1.469779676521196,0.3846153846153846,0.2372881355932203,2.716949152542373,,129,24,0.1558907367674346,0.4418604651162791,1.1203976295300062,0.75,0.1830985915492957,3.1633802816901406,0.109
2026-09-19,Sacramento State,Mid-American,2026,203,39,-0.0134863061624259,0.4088669950738916,1.1057548738363008,0.7222222222222222,0.2857142857142857,2.4824175824175825,,188,39,0.099234236960133,0.3723404255319149,1.3377447707118555,0.5833333333333334,0.1978021978021978,2.601098901098901,0.144
2026-09-19,Sam Houston,Conference USA,2026,135,23,0.0679276920034877,0.4518518518518518,1.1803148453958008,0.5555555555555556,0.2608695652173913,2.097826086956521,,143,25,0.0801298214744016,0.3286713286713286,1.5889012766547106,0.8,0.2297297297297297,2.918918918918919,0.203
2026-09-19,San Diego State,Pac-12,2026,121,23,-0.0413651342576204,0.3884297520661157,0.9233051483900416,0.6428571428571429,0.2266666666666666,3.1093333333333333,,148,26,0.0071288913535001,0.4256756756756756,0.9192161403297916,0.9,0.0985915492957746,3.511267605633803,0.101
2026-09-19,San José State,Mountain West,2026,213,37,0.1640411560777528,0.4178403755868544,1.2548924396738512,0.7142857142857143,0.196078431372549,3.226470588235294,,218,36,0.0756930654314693,0.4770642201834862,0.9896230258720576,0.9,0.1264367816091954,3.15287356321839,0.133
2026-09-19,SMU,ACC,2026,122,24,0.4587713273473277,0.5573770491803278,1.4281739344272315,0.3333333333333333,0.1886792452830188,2.9660377358490564,,131,26,-0.084622047764168,0.3282442748091603,1.2842625511359242,0.25,0.203125,2.9375,0.183
2026-09-19,South Alabama,Sun Belt,2026,162,21,0.1685310385380529,0.4382716049382716,1.2176774412969205,0.7857142857142857,0.1354166666666666,3.31875,,89,20,0.1632686372144404,0.3820224719101123,1.780175832903859,0.4285714285714285,0.3111111111111111,1.8,0.225
2026-09-19,South Carolina,SEC,2026,142,22,0.438343965195304,0.5915492957746479,1.2175363639723062,0.8333333333333334,0.0759493670886076,4.2025316455696204,,115,24,-0.0912429090065903,0.2695652173913043,1.4126566341430444,0.4,0.2448979591836734,2.091836734693877,0.139
2026-09-19,Southern Miss,Sun Belt,2026,145,23,0.1077642500321461,0.4896551724137931,1.006474011399464,0.8125,0.0769230769230769,3.7,,146,24,0.0608395926001343,0.3904109589041096,1.2299504868649154,0.7142857142857143,0.2023809523809523,3.2,0.137
2026-09-19,South Florida,American Athletic,2026,114,19,0.140587628627423,0.4736842105263157,1.0043796944285208,0.8571428571428571,0.2258064516129032,2.629032258064516,,140,19,-0.0058834549887592,0.4428571428571428,0.8079743699415228,0.7272727272727273,0.1866666666666666,3.045333333333333,0.136
2026-09-19,Stanford,ACC,2026,139,24,0.1652871164707423,0.39568345323741,1.1457214486158334,0.8571428571428571,0.1694915254237288,2.886440677966102,,145,25,0.2445848493510773,0.4482758620689655,1.3156744634857456,1.0,0.1509433962264151,2.922641509433962,0.124
2026-09-19,Syracuse,ACC,2026,238,36,0.0383775209160952,0.3991596638655462,1.3301522483231214,0.8,0.2201834862385321,2.851376146788991,,183,36,-0.1262747420529368,0.360655737704918,1.0874549775292308,0.75,0.2333333333333333,2.628888888888889,0.186
2026-09-19,TCU,Big 12,2026,143,24,0.2720895473907548,0.5104895104895105,1.1928228045964784,0.8181818181818182,0.1388888888888889,3.498611111111111,,112,24,-0.1211075290029854,0.3392857142857143,0.9668444329735346,0.0,0.2452830188679245,2.3358490566037737,0.232
2026-09-19,Temple,American Athletic,2026,121,19,0.1307173983832129,0.4380165289256198,1.1366621926292704,0.8333333333333334,0.2,3.041333333333333,,126,21,0.0889743629266326,0.4126984126984127,1.1673451255258795,0.7272727272727273,0.171875,2.05,0.143
2026-09-19,Tennessee,SEC,2026,143,24,0.3663306591413124,0.5104895104895105,1.3176765686521934,0.8181818181818182,0.1222222222222222,3.716666666666667,,132,25,-0.133299706225414,0.3636363636363636,1.0633150711559851,0.6,0.1785714285714285,3.5125,0.242
2026-09-19,Texas,SEC,2026,148,20,0.2502956329255999,0.4932432432432432,1.2917938180626174,0.75,0.2133333333333333,2.7826666666666666,,137,22,0.0500001383555945,0.4014598540145985,1.2231481170189105,0.625,0.2058823529411764,2.738235294117647,0.175
2026-09-19,Texas A&M,SEC,2026,151,25,0.2030153911456549,0.4966887417218543,1.0605418819511832,1.0,0.1481481481481481,3.208641975308642,,105,25,-0.3670736849201523,0.2761904761904762,1.1434497655113145,0.5,0.25,2.2442307692307693,0.248
2026-09-19,Texas State,Pac-12,2026,224,34,0.216715044700096,0.4910714285714285,1.1847606512006283,0.7647058823529411,0.1386861313868613,3.2007299270073,,230,31,0.2978838404620628,0.4956521739130435,1.2771723855589443,0.7142857142857143,0.2340425531914893,2.7180851063829787,0.139
2026-09-19,Texas Tech,Big 12,2026,212,36,0.2431502465833682,0.4575471698113207,1.2081149389696697,0.7894736842105263,0.1696428571428571,3.0875,,211,35,0.095567927287579,0.3649289099526066,1.3548424344505172,0.7777777777777778,0.1538461538461538,3.1615384615384614,0.166
2026-09-19,Toledo,Mid-American,2026,118,23,0.2392459064623018,0.3898305084745763,1.849592332283392,0.5,0.2698412698412698,2.6333333333333333,,147,25,-0.1315716972417298,0.2993197278911564,1.159274640459017,0.3333333333333333,0.2253521126760563,2.5422535211267605,0.15
2026-09-19,Troy,Sun Belt,2026,139,27,0.1832232611952875,0.3669064748201439,1.5275409306952863,0.4545454545454545,0.2337662337662337,2.918181818181818,,131,25,-0.0730903667233353,0.366412213740458,1.258450956311019,0.6666666666666666,0.3518518518518518,1.4537037037037035,0.237
2026-09-19,Tulane,American Athletic,2026,166,31,0.0877532463967887,0.3373493975903614,1.5103032600923938,0.7142857142857143,0.2179487179487179,2.517948717948718,,215,33,0.1620453752223292,0.4093023255813953,1.2878147783890288,0.7692307692307693,0.1652892561983471,3.0809917355371903,0.098
2026-09-19,Tulsa,American Athletic,2026,132,23,0.0855581218000294,0.3636363636363636,1.304618216522995,1.0,0.1617647058823529,2.988235294117647,,153,23,-0.0881200979720485,0.392156862745098,1.018737931677684,0.5384615384615384,0.1935483870967742,2.6048387096774195,0.15
2026-09-19,UAB,American Athletic,2026,148,17,0.125179646090532,0.4662162162162162,1.126405942245425,0.8333333333333334,0.1382978723404255,3.4340425531914893,,107,18,0.0832941743484347,0.4953271028037383,1.0527084819556491,0.5454545454545454,0.1515151515151515,3.351515151515152,0.112
2026-09-19,UCF,Big 12,2026,116,25,0.1461303427358404,0.4310344827586206,1.4198403210291637,0.6,0.1607142857142857,3.0107142857142857,,134,27,-0.099013594878991,0.291044776119403,1.1114470879006333,0.6666666666666666,0.2784810126582278,2.062025316455696,0.164
2026-09-19,UCLA,Big Ten,2026,120,26,0.2414210711755224,0.4916666666666666,1.1737632639003537,1.0,0.0704225352112676,4.164788732394366,,146,25,-0.1287180100332439,0.3219178082191781,1.2133801014622048,0.8333333333333334,0.2162162162162162,2.8027027027027027,0.192
2026-09-19,UConn,FBS Independents,2026,127,25,0.2841507501072622,0.4251968503937008,1.549718549984598,0.6666666666666666,0.2058823529411764,2.877941176470588,,151,25,0.0468040277609356,0.3774834437086092,1.1704590494412488,0.5454545454545454,0.21875,2.5328125,0.152
2026-09-19,UL Monroe,Sun Belt,2026,134,23,-0.1274140857526506,0.3656716417910448,0.8989095633271335,0.4545454545454545,0.1025641025641025,3.2371794871794872,,148,22,0.3914827680226134,0.5472972972972973,1.2758591261242125,0.9090909090909092,0.1411764705882353,3.834117647058824,0.128
2026-09-19,UNLV,Mountain West,2026,218,37,-0.0524893094452806,0.3532110091743119,1.1623632231536607,0.6875,0.1504424778761062,3.023008849557522,,206,35,0.1471056400027092,0.4126213592233009,1.1832290095991715,0.7777777777777778,0.1515151515151515,3.576767676767677,0.15
2026-09-19,USC,Big Ten,2026,221,30,0.3050545251396018,0.5701357466063348,1.097506176595752,0.7894736842105263,0.1779661016949152,3.2491525423728813,,155,30,0.0830802123434739,0.3677419354838709,1.3280287170782532,0.75,0.2207792207792207,2.433766233766234,0.135
2026-09-19,Utah,Big 12,2026,140,24,0.4085654273644835,0.5428571428571428,1.3590442825949345,0.7272727272727273,0.1707317073170731,3.818292682926829,,141,24,-0.0180149078203742,0.3262411347517731,1.4369604703869312,0.8,0.1666666666666666,2.598148148148148,0.206
2026-09-19,Utah State,Pac-12,2026,147,24,-0.125510359104815,0.3809523809523809,1.3459850217275189,0.1666666666666666,0.2753623188405797,2.9695652173913043,,142,25,0.0329839591211641,0.3873239436619718,0.9975056067009984,0.6363636363636364,0.2203389830508474,2.4067796610169494,0.099
2026-09-19,UTEP,Mountain West,2026,114,25,-0.134943446773656,0.4298245614035088,1.1795692615247384,0.4,0.2537313432835821,2.6373134328358208,,124,24,0.1797364798378444,0.4112903225806452,1.21273847936996,0.5833333333333334,0.2666666666666666,2.614666666666667,0.153
2026-09-19,UTSA,American Athletic,2026,134,23,0.3410086014875794,0.5373134328358209,1.0961411603228002,0.8,0.15,3.28,,162,25,-0.0122308165351195,0.4259259259259259,1.0332895004531055,0.5,0.1204819277108433,3.455421686746988,0.136
2026-09-19,Vanderbilt,SEC,2026,193,33,0.1750344723011998,0.4352331606217616,1.2154990741584226,0.8571428571428571,0.1354166666666666,3.173958333333333,,195,35,-0.0318602640196943,0.3538461538461538,1.3382165592887385,0.75,0.2134831460674157,2.5179775280898875,0.205
2026-09-19,Virginia,ACC,2026,135,24,0.3363360115956449,0.5407407407407407,1.133641635334511,0.8666666666666667,0.1612903225806451,3.4172043010752686,,117,25,-0.3674973969331185,0.3162393162393162,0.6429044390651262,0.7142857142857143,0.2156862745098039,2.4823529411764707,0.248
2026-09-19,Virginia Tech,ACC,2026,163,25,0.3246569715301723,0.4969325153374233,1.2420419780551708,0.7,0.175,3.12625,,106,27,-0.2548073061433593,0.1981132075471698,1.6993340374331178,0.3333333333333333,0.5230769230769231,-0.4061538461538461,0.387
2026-09-19,Wake Forest,ACC,2026,201,31,0.3011900579136068,0.4577114427860697,1.3271131040392603,0.7142857142857143,0.1547619047619047,3.013095238095238,,222,33,0.1788921164663728,0.481981981981982,0.9825144357948696,0.6470588235294118,0.2156862745098039,2.933333333333333,0.113
2026-09-19,Washington,Big Ten,2026,141,24,0.0383845337142971,0.4397163120567376,0.994167021990533,0.5714285714285714,0.2542372881355932,2.649152542372881,,115,23,-0.1970220490833837,0.3130434782608696,1.346076863245751,0.0,0.3703703703703703,2.509259259259259,0.278
2026-09-19,Washington State,Pac-12,2026,109,22,-0.2204002283275828,0.2844036697247706,1.0891204891875983,0.0,0.2321428571428571,2.7767857142857144,,140,24,0.0930001435211628,0.4642857142857143,1.226918406593459,0.6,0.1764705882352941,3.1205882352941177,0.1
2026-09-19,Western Kentucky,Conference USA,2026,158,28,-0.0666697027112332,0.360759493670886,1.1031430607162849,0.6,0.2236842105263158,2.728947368421053,,121,27,0.5273760342953311,0.5041322314049587,1.6223388487633628,0.9,0.1710526315789473,3.5907894736842105,0.107
2026-09-19,Western Michigan,Mid-American,2026,128,24,0.1798153005934974,0.3984375,1.2124813230554417,0.7272727272727273,0.16,2.8666666666666667,,140,22,-0.0200984117118512,0.45,0.96082370279726,0.6875,0.1492537313432835,2.962686567164179,0.143
2026-09-19,West Virginia,Big 12,2026,140,26,0.2732145325843711,0.4785714285714286,1.1936925918671564,0.8461538461538461,0.1261261261261261,3.1585585585585587,,138,24,-0.0361489007794655,0.4130434782608695,1.207286883972729,0.5714285714285714,0.3,2.3,0.217
2026-09-19,Wisconsin,Big Ten,2026,180,29,0.2069186010153223,0.4444444444444444,1.3630650231023325,0.5833333333333334,0.1555555555555555,2.908888888888889,,190,31,0.0331764083427949,0.3736842105263158,1.032472084559509,0.6923076923076923,0.0909090909090909,2.9626262626262627,0.147
2026-09-19,Wyoming,Mountain West,2026,178,32,0.009254817488567,0.4157303370786517,1.0105063982860265,1.0,0.1684210526315789,3.414736842105264,,195,31,0.1416542906462946,0.4512820512820513,1.117437090793587,0.9523809523809524,0.1451612903225806,3.264516129032258,0.118
2026-09-22,Air Force,Mountain West,2026,147,19,0.3168724868895267,0.5238095238095238,0.9836879949098816,1.0,0.0578512396694214,4.0239669421487605,,106,20,-0.0790044128664969,0.3113207547169811,1.5288427794559412,0.8,0.2280701754385964,2.526315789473684,0.142
2026-09-22,Akron,Mid-American,2026,201,35,0.0760537773204026,0.4626865671641791,0.9642795436287744,0.75,0.1511627906976744,3.58953488372093,,183,36,0.1806391980928112,0.4098360655737705,1.3769336394286464,0.7142857142857143,0.238095238095238,2.497619047619048,0.175
2026-09-22,Alabama,SEC,2026,210,35,0.276937413944714,0.5,1.211557126093941,0.7857142857142857,0.2,3.1525,,174,36,-0.1128315163795139,0.3333333333333333,1.4762735016109303,0.5,0.2625,1.7125,0.218
2026-09-22,App State,Sun Belt,2026,225,35,0.2785529402721717,0.48,1.3105648913066963,0.6923076923076923,0.2300884955752212,2.600884955752212,,193,35,0.0024673265621209,0.3782383419689119,1.1547520965544027,0.75,0.2470588235294117,2.2905882352941176,0.187
2026-09-22,Arizona,Big 12,2026,204,32,0.2301098030825181,0.5196078431372549,1.1195587301403327,0.8666666666666667,0.119047619047619,3.572619047619048,,179,31,0.0360810069522832,0.3631284916201117,1.3955765830928069,1.0,0.2238805970149253,2.816417910447761,0.156
2026-09-22,Arizona State,Big 12,2026,202,40,0.058158540254411,0.4158415841584158,1.3964621633387664,0.7777777777777778,0.1981132075471698,2.689622641509434,,189,39,0.0225517463198268,0.3703703703703703,1.1790414583455835,0.6363636363636364,0.1489361702127659,2.907446808510638,0.159
2026-09-22,Arkansas,SEC,2026,226,34,0.0383022155982356,0.4247787610619469,1.1062539239793383,0.8,0.1704545454545454,2.481818181818182,,174,35,0.2285549209831052,0.4540229885057471,1.228750709383848,0.8571428571428571,0.1847826086956521,3.1630434782608696,0.132
2026-09-22,Arkansas State,Sun Belt,2026,174,31,0.1200357682754458,0.4885057471264368,1.1593313158849805,0.7368421052631579,0.1290322580645161,3.49247311827957,,190,34,0.1941874610541074,0.4473684210526316,1.3599380152475555,0.7692307692307693,0.1376146788990825,3.210091743119266,0.126
2026-09-22,Army,American Athletic,2026,136,21,0.4233058887319205,0.5882352941176471,1.023133708359731,0.9090909090909092,0.1018518518518518,4.018518518518518,,110,21,0.1123930409096023,0.4181818181818181,1.1406168896883957,0.8,0.2222222222222222,2.7444444444444445,0.155
2026-09-22,Auburn,SEC,2026,227,35,0.1443936600058317,0.4493392070484581,1.2561727910422085,0.8333333333333334,0.1481481481481481,3.4611111111111112,,238,35,0.0362771775386438,0.3781512605042016,1.2569499493104437,0.7142857142857143,0.1842105263157894,2.517543859649123,0.164
2026-09-22,Ball State,Mid-American,2026,190,37,0.0440164557372078,0.3578947368421052,1.304953771433318,0.8571428571428571,0.1954022988505747,2.7045977011494253,,202,34,0.3685908929342485,0.4900990099009901,1.4124383797790196,0.7857142857142857,0.1649484536082474,3.2577319587628866,0.129
2026-09-22,Baylor,Big 12,2026,255,40,0.1401092397608013,0.4156862745098039,1.303217874476822,0.6666666666666666,0.1428571428571428,3.0753968253968256,,208,38,-0.1002542158990048,0.3076923076923077,1.2408576509914997,0.4444444444444444,0.2747252747252747,2.4703296703296704,0.202
2026-09-22,Boise State,Pac-12,2026,223,35,0.2779730706109856,0.4932735426008968,1.1621191163478115,0.7857142857142857,0.119047619047619,3.721428571428572,,167,37,0.0763821178325622,0.3473053892215569,1.8928305840697792,0.6666666666666666,0.2985074626865671,2.238805970149253,0.21
2026-09-22,Boston College,ACC,2026,198,35,-0.0383911333517676,0.398989898989899,1.1767920214347365,0.8,0.2403846153846154,2.9269230769230767,,199,33,0.0330811847969286,0.3819095477386934,1.312735823042808,0.5714285714285714,0.175438596491228,3.0298245614035086,0.176
2026-09-22,Bowling Green,Mid-American,2026,169,35,-0.0802672387005045,0.3431952662721893,0.9820377399462172,0.7777777777777778,0.2291666666666666,2.410416666666667,,189,31,0.3246426456190667,0.5026455026455027,1.3603279439569822,0.7222222222222222,0.1454545454545454,3.6627272727272726,0.085
2026-09-22,Buffalo,Mid-American,2026,215,43,0.0152340600741297,0.2883720930232558,1.2954483758796411,1.0,0.2043010752688172,2.455913978494624,,221,43,0.1442776358738583,0.3846153846153846,1.379185290728417,0.7142857142857143,0.2037037037037037,2.953703703703704,0.149
2026-09-22,BYU,Big 12,2026,187,34,0.4480384250707043,0.5989304812834224,1.15738475313615,0.9411764705882352,0.1217391304347826,3.9521739130434783,,187,33,-0.0606163601926305,0.3689839572192513,1.1821843427834813,0.7692307692307693,0.2236842105263158,2.4105263157894736,0.171
2026-09-22,California,ACC,2026,220,37,0.0936270135802845,0.4181818181818181,1.2582025646912127,0.7,0.2043010752688172,2.7440860215053764,,202,40,0.0004095294878604,0.3712871287128713,1.344650979277933,0.9166666666666666,0.1573033707865168,3.201123595505618,0.134
2026-09-22,Central Michigan,Mid-American,2026,177,31,0.0284302806192074,0.3785310734463277,1.1424182612957632,0.9,0.1023622047244094,3.420472440944882,,196,30,0.0829784009632448,0.4336734693877551,1.0484976060221636,1.0,0.1485148514851485,3.3059405940594058,0.148
2026-09-22,Charlotte,American Athletic,2026,198,34,0.0241744834829781,0.3838383838383838,1.247195635387338,0.6111111111111112,0.2584269662921348,2.4191011235955058,,203,35,0.2452845905090103,0.5024630541871922,1.239230366591621,0.8095238095238095,0.25,2.8134615384615387,0.113
2026-09-22,Cincinnati,Big 12,2026,219,36,0.3606084007050302,0.5159817351598174,1.2263927529442558,0.9047619047619048,0.1138211382113821,3.713821138211382,,189,34,0.0549113905009456,0.3915343915343915,1.339590996303524,0.5714285714285714,0.2195121951219512,2.973170731707317,0.201
2026-09-22,Clemson,ACC,2026,194,42,-0.0555810845546683,0.3350515463917525,1.118265605011746,0.7777777777777778,0.2527472527472527,2.621978021978022,,230,37,0.1031509515165862,0.4260869565217391,1.2482162564350845,0.7647058823529411,0.1111111111111111,3.537037037037037,0.152
2026-09-22,Coastal Carolina,Sun Belt,2026,198,37,0.2313155399751384,0.4595959595959596,1.3215119832573907,0.6363636363636364,0.1752577319587628,3.461855670103093,,198,39,0.0424394020262375,0.4141414141414141,1.034968241525209,0.75,0.1440677966101695,2.9016949152542373,0.157
2026-09-22,Colorado,Big 12,2026,212,36,0.1410327639438049,0.4150943396226415,1.296816853038718,0.7333333333333333,0.1160714285714285,3.2973214285714287,,209,37,0.0361235965512231,0.3923444976076555,1.2419615508626562,0.5384615384615384,0.3333333333333333,2.3504761904761904,0.201
2026-09-22,Colorado State,Pac-12,2026,204,37,0.2590947469119457,0.4509803921568627,1.4437885363298717,0.8125,0.2386363636363636,2.5534090909090907,,180,37,0.0626317568268446,0.4555555555555555,1.1339732275794865,0.9090909090909092,0.1517857142857142,3.407142857142857,0.211
2026-09-22,Delaware,Conference USA,2026,205,39,0.1066798338084509,0.4195121951219512,1.3337098877387443,0.6428571428571429,0.2159090909090909,2.6,,207,38,-0.0171581704983079,0.3623188405797101,1.2671183723139352,0.75,0.1648351648351648,2.8,0.208
2026-09-22,Duke,ACC,2026,207,35,0.2030408967844518,0.4057971014492754,1.2899466485869218,0.6923076923076923,0.1908396946564885,3.0641221374045804,,185,33,-0.0602553142440793,0.3891891891891892,1.0073238162407336,0.7777777777777778,0.1216216216216216,2.966216216216216,0.162
2026-09-22,East Carolina,American Athletic,2026,181,38,-0.0327519891781975,0.3535911602209944,1.1797205717722927,0.6666666666666666,0.2061855670103092,2.3804123711340206,,217,37,0.0731525341763409,0.3963133640552995,1.2891738260788386,0.5,0.2595419847328244,2.4366412213740456,0.147
2026-09-22,Eastern Michigan,Mid-American,2026,256,48,-0.0988357320550875,0.3515625,1.0942111052405452,0.7619047619047619,0.160377358490566,2.7943396226415094,,278,47,0.1642304419761711,0.4424460431654676,1.261627804236777,0.7142857142857143,0.1935483870967742,2.9483870967741934,0.173
2026-09-22,Florida,SEC,2026,208,33,0.4310986408980413,0.4855769230769231,1.4320887746366489,1.0,0.125,3.194166666666667,,226,37,-0.0812391056464467,0.3628318584070796,1.229193881109598,0.75,0.108433734939759,2.896385542168675,0.217
2026-09-22,Florida Atlantic,American Athletic,2026,239,35,0.0786787212485683,0.4142259414225941,1.1237432133730278,0.8235294117647058,0.1650485436893204,2.520388349514563,,203,34,0.2193398532502586,0.4285714285714285,1.5232917278478697,1.0,0.1759259259259259,2.922222222222222,0.163
2026-09-22,Florida International,Conference USA,2026,234,35,-0.0113264756490356,0.3803418803418803,1.230581692539764,0.7333333333333333,0.2142857142857142,2.5653061224489795,,195,33,-0.0085600416086502,0.3487179487179487,1.0857985869307574,0.7272727272727273,0.2134831460674157,2.157303370786517,0.164
2026-09-22,Florida State,ACC,2026,200,34,0.1938921730749031,0.41,1.5378588751904794,0.5333333333333333,0.1711711711711711,3.0531531531531533,,201,33,0.308530425268399,0.4626865671641791,1.4285567423271013,0.8888888888888888,0.1724137931034483,3.1586206896551725,0.149
2026-09-22,Fresno State,Pac-12,2026,179,37,0.066630785909705,0.3463687150837989,1.390916776503291,0.4545454545454545,0.2553191489361702,2.478723404255319,,206,36,-0.0418416152807807,0.4223300970873786,1.072078679075987,0.5625,0.2424242424242424,2.791919191919192,0.146
2026-09-22,Georgia,SEC,2026,189,38,0.5506805689621955,0.5767195767195767,1.3499643651416666,1.0,0.1188118811881188,3.918811881188119,,196,38,-0.0882889395087844,0.3316326530612244,1.1592592515525166,0.625,0.2560975609756097,1.8378048780487808,0.199
2026-09-22,Georgia Southern,Sun Belt,2026,218,37,0.0517563857173667,0.3990825688073394,1.1138796143115484,0.75,0.1411764705882353,3.0988235294117645,,191,38,-0.0450446294623054,0.2984293193717277,1.235281547468314,0.7142857142857143,0.3218390804597701,2.002298850574713,0.236
2026-09-22,Georgia State,Sun Belt,2026,228,36,0.255632625848521,0.4912280701754385,1.2398509323171691,0.6666666666666666,0.1440677966101695,3.5406779661016947,,169,35,0.0627579590083379,0.3727810650887574,1.2638678640384742,1.0,0.2142857142857142,3.194047619047619,0.154
2026-09-22,Georgia Tech,ACC,2026,189,32,0.1069938987032479,0.4391534391534391,1.1062930665398056,0.6923076923076923,0.2258064516129032,2.913978494623656,,208,33,0.1115689697985944,0.4086538461538461,1.1613843437554303,0.7333333333333333,0.1407407407407407,3.0459259259259257,0.173
2026-09-22,Hawai'i,Mountain West,2026,230,37,0.032940963609442,0.3739130434782609,1.1626258762976511,0.8,0.1842105263157894,3.098684210526316,,205,37,0.1296644642024741,0.4341463414634146,1.2594556887364166,0.6875,0.1261261261261261,3.28018018018018,0.146
2026-09-22,Houston,Big 12,2026,216,34,0.4280489811446559,0.5740740740740741,1.1340783382648518,0.9130434782608696,0.1,3.974166666666666,,179,35,0.0362222812055209,0.3631284916201117,1.3767542256379943,0.6,0.2432432432432432,2.093243243243243,0.218
2026-09-22,Illinois,Big Ten,2026,173,29,0.2925902193221822,0.5433526011560693,1.1915549539787242,0.6666666666666666,0.119047619047619,3.270238095238095,,205,29,0.0840350870783463,0.4,1.2627501768634204,0.75,0.2314814814814814,2.5259259259259257,0.146
2026-09-22,Indiana,Big Ten,2026,176,32,0.4820666734781705,0.5170454545454546,1.449190341675619,0.8235294117647058,0.0964912280701754,3.570175438596491,,179,34,-0.2238751682539298,0.2681564245810056,1.4045820343465054,0.4545454545454545,0.2696629213483146,2.1696629213483147,0.207
2026-09-22,Iowa,Big Ten,2026,203,37,0.2138265876506355,0.4729064039408867,1.2194749322923168,0.5294117647058824,0.1401869158878504,3.6598130841121495,,174,40,-0.2482330183091556,0.2413793103448276,1.0309294386987973,0.6666666666666666,0.2375,2.24875,0.207
2026-09-22,Iowa State,Big 12,2026,167,35,0.217224978974601,0.3892215568862275,1.386432524504266,0.75,0.1376146788990825,3.186238532110092,,182,38,-0.1553428255773321,0.3186813186813186,1.1011253824766654,0.6923076923076923,0.1919191919191919,2.3737373737373737,0.187
2026-09-22,Jacksonville State,Conference USA,2026,240,39,0.2098568482552485,0.4583333333333333,1.2433384396644824,0.75,0.2125984251968504,2.8133858267716536,,266,39,0.0220525868692947,0.4210526315789473,1.0319670236559164,0.8181818181818182,0.1604938271604938,2.974691358024691,0.148
2026-09-22,James Madison,Sun Belt,2026,188,34,0.3574088414100914,0.5053191489361702,1.2414056076670654,0.75,0.1495327102803738,3.37196261682243,,218,38,-0.2053323491259269,0.2798165137614679,1.3221115069673095,0.8,0.1848739495798319,2.421848739495798,0.156
2026-09-22,Kansas,Big 12,2026,220,37,0.2017564194220655,0.4409090909090909,1.4288824563386082,0.5454545454545454,0.0991735537190082,3.268595041322314,,195,39,-0.0675022519168581,0.3076923076923077,1.2346084307154783,0.75,0.25,2.132142857142857,0.2
2026-09-22,Kansas State,Big 12,2026,215,34,0.3425068815785244,0.5302325581395348,1.3053117643891836,0.7692307692307693,0.15,3.276666666666667,,172,34,-0.1610606731823716,0.2732558139534883,1.3900913470198084,0.4444444444444444,0.2795698924731182,2.10752688172043,0.262
2026-09-22,Kennesaw State,Conference USA,2026,206,36,0.1070914555110887,0.4563106796116505,1.0927372016862915,0.8571428571428571,0.2234042553191489,3.075531914893617,,190,35,0.1218668276874844,0.4105263157894737,1.0811429725156738,0.9,0.1891891891891892,3.205405405405405,0.095
2026-09-22,Kent State,Mid-American,2026,178,36,-0.1127459232194841,0.3033707865168539,1.2519576869538582,0.5555555555555556,0.2142857142857142,2.9255102040816325,,193,38,0.2420697151288888,0.533678756476684,1.1771838688351126,0.8235294117647058,0.1237113402061855,3.502061855670103,0.13
2026-09-22,Kentucky,SEC,2026,183,34,0.197592010357627,0.4808743169398907,1.1916657397526205,0.75,0.1789473684210526,3.130526315789474,,215,31,0.0279597912971639,0.4372093023255814,1.139726585134772,0.75,0.1958762886597938,2.831958762886598,0.186
2026-09-22,Liberty,Conference USA,2026,200,34,0.0818778462806586,0.43,1.304269078619548,0.6875,0.1293103448275862,3.092241379310345,,181,33,0.0783254706527976,0.3867403314917127,1.2356304284969253,0.6666666666666666,0.21875,2.95625,0.204
2026-09-22,Louisiana,Sun Belt,2026,192,33,0.2021796581974875,0.4375,1.2432876137468538,0.75,0.1610169491525423,3.180508474576272,,197,33,-0.06258017633343,0.4263959390862944,1.142978736577307,0.5,0.2210526315789473,2.726315789473684,0.152
2026-09-22,Louisiana Tech,Sun Belt,2026,193,41,0.0147704176735784,0.3367875647668393,1.4428676625000247,0.5,0.2268041237113402,2.6484536082474226,,219,43,-0.0117915486855234,0.3470319634703196,1.305153941737421,0.6666666666666666,0.2301587301587301,2.063492063492064,0.242
2026-09-22,Louisville,ACC,2026,195,39,0.4369732495800964,0.5282051282051282,1.3719114071977687,0.6666666666666666,0.1909090909090909,2.8545454545454545,,224,38,0.0776854832775102,0.3928571428571428,1.239628764374254,0.6086956521739131,0.1181818181818181,2.883636363636364,0.138
2026-09-22,LSU,SEC,2026,252,37,0.2131279352418512,0.4880952380952381,1.2496780329097714,0.7,0.1594202898550724,3.0318840579710145,,179,38,-0.1478507261367945,0.2905027932960894,1.2710532146221185,0.8333333333333334,0.2676056338028169,1.7887323943661972,0.223
2026-09-22,Marshall,Sun Belt,2026,191,35,0.0580684059707012,0.418848167539267,1.0677573277672456,0.6470588235294118,0.2336448598130841,2.774766355140187,,208,32,0.3261686843091499,0.5,1.1627874499307769,0.8571428571428571,0.11,3.49,0.106
2026-09-22,Maryland,Big Ten,2026,224,34,0.346887270517728,0.5267857142857143,1.2529993753707287,0.6842105263157895,0.1789473684210526,3.409473684210526,,181,33,0.0135410006108871,0.3701657458563536,1.2472385291318822,0.75,0.2584269662921348,1.9168539325842693,0.149
2026-09-22,Massachusetts,Mid-American,2026,166,33,0.2868497366072975,0.4698795180722891,1.233371509758613,0.625,0.1515151515151515,3.375757575757576,,194,36,-0.1467312245881031,0.3350515463917525,1.2112790441286214,0.6,0.2584269662921348,2.308988764044944,0.17
2026-09-22,Memphis,American Athletic,2026,254,44,0.2620660130099108,0.4724409448818897,1.369827052932887,0.75,0.1478873239436619,3.4640845070422537,,275,45,0.1795247018535912,0.4181818181818181,1.399864399561085,0.8421052631578947,0.126865671641791,3.388805970149254,0.149
2026-09-22,Miami,ACC,2026,212,38,0.4532696254610958,0.5660377358490566,1.2823020411686614,0.8333333333333334,0.128440366972477,3.779816513761468,,177,35,-0.0345335442366272,0.3446327683615819,1.0799734273264323,0.75,0.2592592592592592,2.335185185185185,0.141
2026-09-22,Miami (OH),Mid-American,2026,173,31,0.2590782238413193,0.4335260115606936,1.4001786129229967,0.75,0.188235294117647,3.048235294117647,,200,34,0.2002611923552745,0.47,1.2598345274582343,0.7857142857142857,0.2278481012658227,2.7037974683544306,0.1
2026-09-22,Michigan,Big Ten,2026,177,31,0.1828684963449695,0.4293785310734463,1.2246873889498353,0.7272727272727273,0.1359223300970873,3.10873786407767,,181,33,-0.1301153292362241,0.3204419889502762,1.078546934620456,0.7142857142857143,0.2525252525252525,2.613131313131313,0.193
2026-09-22,Michigan State,Big Ten,2026,206,29,0.0849340285950844,0.4368932038834951,1.126866158183978,0.6666666666666666,0.1929824561403508,2.9894736842105263,,163,29,0.1139233820112888,0.4171779141104294,1.1901511284007966,0.6153846153846154,0.2771084337349397,2.763855421686747,0.166
2026-09-22,Middle Tennessee,Conference USA,2026,189,30,0.2230155111541028,0.4232804232804232,1.189863169661794,0.6666666666666666,0.1,3.8,,171,32,0.0684229448121757,0.4093567251461988,1.1614491945782257,0.6363636363636364,0.2244897959183673,2.6806122448979592,0.135
2026-09-22,Minnesota,Big Ten,2026,202,33,0.1541690472222062,0.495049504950495,1.069288990135684,0.6666666666666666,0.2261904761904762,2.567857142857143,,175,35,0.0317479921445978,0.3657142857142857,1.0963292984839197,0.5833333333333334,0.2747252747252747,2.69010989010989,0.22
2026-09-22,Mississippi State,SEC,2026,211,35,0.4624899417763746,0.5355450236966824,1.334741918698522,0.75,0.1858407079646017,3.4787610619469027,,215,34,-0.0178130956074428,0.3488372093023256,1.1557258020648962,0.5384615384615384,0.160919540229885,2.854022988505747,0.149
2026-09-22,Missouri,SEC,2026,203,39,0.2296924393353562,0.4334975369458128,1.285256381938105,0.6363636363636364,0.1785714285714285,3.1107142857142858,,193,37,-0.0735090772523909,0.3160621761658031,1.4936472773462453,0.8,0.2424242424242424,2.3212121212121213,0.254
2026-09-22,Missouri State,Conference USA,2026,184,32,0.1780983624264895,0.4347826086956521,1.2412250421899569,0.7777777777777778,0.1545454545454545,3.1,,218,33,0.2412781168390911,0.5045871559633027,1.0400010396141783,0.8666666666666667,0.1532258064516129,3.520967741935484,0.17
2026-09-22,Navy,American Athletic,2026,136,21,0.3197706471886218,0.5294117647058824,1.205369775240681,1.0,0.102803738317757,3.885046728971963,,122,21,0.1470620016920992,0.3934426229508196,1.3645400299509731,1.0,0.2280701754385964,2.631578947368421,0.148
2026-09-22,NC State,ACC,2026,202,37,0.2024040085401232,0.4702970297029702,1.260064759274924,0.7777777777777778,0.1333333333333333,3.303809523809524,,180,37,0.1306884503148467,0.4111111111111111,1.2279082534076984,0.7894736842105263,0.17,2.899,0.156
2026-09-22,Nebraska,Big Ten,2026,212,31,0.4705787780293003,0.5141509433962265,1.4704221468151208,0.7368421052631579,0.1271186440677966,3.630508474576271,,175,34,0.025326446650141,0.3314285714285714,1.387356724013442,0.75,0.1612903225806451,2.9720430107526883,0.183
2026-09-22,Nevada,Mountain West,2026,189,33,0.0782585032921113,0.4179894179894179,1.289663356620314,0.6666666666666666,0.1981981981981982,3.1648648648648647,,218,34,0.1036882953044283,0.4174311926605504,1.0519941338314225,0.65,0.1810344827586207,3.132758620689655,0.124
2026-09-22,New Mexico,Mountain West,2026,201,37,0.1020851442163245,0.4079601990049751,1.1669383976411618,0.8666666666666667,0.1507936507936507,3.1880952380952383,,166,37,-0.2195335782064906,0.2710843373493976,1.4141618090723207,0.4285714285714285,0.2441860465116279,1.722093023255814,0.259
2026-09-22,New Mexico State,Conference USA,2026,201,34,0.1547919421257269,0.4378109452736318,1.4261327937630708,0.6875,0.1428571428571428,3.207692307692308,,202,35,0.0958815223181676,0.4158415841584158,1.162391545945404,0.8333333333333334,0.2247191011235955,2.953932584269663,0.129
2026-09-22,North Carolina,ACC,2026,182,30,0.1180247926500402,0.4835164835164835,1.037750541807011,0.7777777777777778,0.125,3.871590909090909,,206,32,-0.0188311190592386,0.3932038834951456,1.0238332099979035,0.875,0.1224489795918367,2.9397959183673468,0.141
2026-09-22,North Dakota State,Mountain West,2026,260,41,0.156824607490598,0.4,1.4137345404833734,0.6923076923076923,0.1907894736842105,2.8263157894736843,,240,42,-0.1560976801881319,0.3916666666666666,1.024351033572395,0.7142857142857143,0.1796875,2.64609375,0.183
2026-09-22,Northern Illinois,Mountain West,2026,192,35,-0.1421253070922878,0.3489583333333333,1.1175429377352588,0.7333333333333333,0.2151898734177215,2.4949367088607595,,210,33,0.1376337108568447,0.4476190476190476,1.2629835439944463,0.6,0.1702127659574468,3.0553191489361704,0.124
2026-09-22,North Texas,American Athletic,2026,224,33,0.2090856702992057,0.4464285714285714,1.322265598128833,0.625,0.1862745098039215,2.9745098039215687,,190,32,0.2626747004670615,0.4842105263157895,1.2306632228056182,0.7727272727272727,0.1491228070175438,2.7578947368421054,0.116
2026-09-22,Northwestern,Big Ten,2026,130,24,0.3269323003442659,0.4923076923076923,1.236951439189153,0.8,0.2151898734177215,2.8835443037974686,,151,24,-0.0039632975436486,0.4172185430463576,1.071614089404182,0.6428571428571429,0.1176470588235294,3.492647058823529,0.185
2026-09-22,Notre Dame,FBS Independents,2026,198,30,0.316346422122672,0.5,1.1222427643617632,0.7333333333333333,0.1619047619047619,2.821904761904762,,156,30,-0.1444419088076508,0.3269230769230769,1.2701124761136722,0.7,0.2441860465116279,2.082558139534884,0.263
2026-09-22,Ohio,Mid-American,2026,194,32,0.1760447899783281,0.4175257731958763,1.2350845700078568,0.8571428571428571,0.0909090909090909,3.518181818181818,,216,31,0.3731491291503761,0.4768518518518518,1.3719310728007073,0.8,0.1777777777777777,3.1555555555555554,0.147
2026-09-22,Ohio State,Big Ten,2026,202,37,0.35170049964027,0.504950495049505,1.3646734482408862,0.75,0.1818181818181818,3.078787878787878,,196,38,-0.2086726749594825,0.3163265306122449,1.0547410128161352,0.6666666666666666,0.2234042553191489,2.4191489361702128,0.199
2026-09-22,Oklahoma,SEC,2026,185,32,0.0501711068518333,0.4162162162162162,1.1749275382998827,0.5,0.2604166666666667,2.6416666666666666,,174,34,-0.2307965362165965,0.2816091954022988,1.3175949208260729,0.5714285714285714,0.2115384615384615,2.265384615384616,0.236
2026-09-22,Oklahoma State,Big 12,2026,250,39,0.0922393125795199,0.472,1.0950655912831722,0.5789473684210527,0.1735537190082644,3.2049586776859504,,165,37,-0.0206451725666623,0.3393939393939394,1.2080796695595188,0.6666666666666666,0.1927710843373494,2.809638554216868,0.158
2026-09-22,Old Dominion,Sun Belt,2026,170,37,-0.0720741806844938,0.3294117647058823,1.4525635082526005,0.2222222222222222,0.324074074074074,1.537962962962963,,217,35,-0.0767543796980638,0.3133640552995391,1.2768720082381484,0.5333333333333333,0.2396694214876033,2.262809917355372,0.184
2026-09-22,Ole Miss,SEC,2026,213,33,0.2886576608420783,0.5070422535211268,1.231046985053771,0.7894736842105263,0.1954022988505747,2.7574712643678163,,199,33,0.1710211296922756,0.4221105527638191,1.21395456162181,0.7142857142857143,0.25,2.694444444444444,0.166
2026-09-22,Oregon,Big Ten,2026,220,39,0.2919794366357967,0.4863636363636364,1.386236824560801,0.9285714285714286,0.0909090909090909,3.68989898989899,,192,41,-0.1109297369096197,0.3489583333333333,1.108797512817691,0.7,0.1931818181818181,2.6170454545454547,0.151
2026-09-22,Oregon State,Pac-12,2026,214,38,0.2398339360225031,0.4018691588785046,1.508537700942421,0.7142857142857143,0.0857142857142857,3.1314285714285712,,223,38,0.1790414495411041,0.4349775784753363,1.166465332822905,0.8666666666666667,0.1495327102803738,3.1158878504672898,0.161
2026-09-22,Penn State,Big Ten,2026,207,36,0.34780585097408,0.4734299516908212,1.337203084233558,0.7058823529411765,0.1333333333333333,2.8375,,175,36,-0.1286610303929015,0.2971428571428571,1.0268211350241472,0.7272727272727273,0.2527472527472527,2.365934065934066,0.189
2026-09-22,Pittsburgh,ACC,2026,209,34,0.1798409749910745,0.4593301435406698,1.2203820813959565,0.625,0.2075471698113207,3.016981132075472,,186,34,-0.0807343788416286,0.3225806451612903,1.3833742987329558,0.5833333333333334,0.2702702702702703,1.9472972972972973,0.172
2026-09-22,Purdue,Big Ten,2026,217,31,0.3316169135349793,0.4930875576036866,1.275922537054274,0.7857142857142857,0.16,3.005,,198,31,0.3405178877497243,0.4797979797979798,1.4626232651421016,0.7333333333333333,0.1588785046728972,3.3130841121495327,0.141
2026-09-22,Rice,American Athletic,2026,191,31,0.0327225514539859,0.4240837696335078,1.0559310952793748,0.7272727272727273,0.1310344827586207,3.387586206896552,,191,29,0.0991945792255448,0.4293193717277487,1.210432616956576,0.625,0.1495327102803738,2.760747663551402,0.152
2026-09-22,Rutgers,Big Ten,2026,201,33,0.0286258527760239,0.4427860696517413,1.396752914034643,0.6086956521739131,0.1888888888888888,2.8922222222222222,,193,33,0.2233114117815763,0.4715025906735751,1.1546272815490397,0.75,0.1683168316831683,3.3356435643564355,0.088
2026-09-22,Sacramento State,Mid-American,2026,270,50,-0.0436657708863149,0.4111111111111111,1.1126741345903286,0.72,0.2905982905982906,2.5264957264957264,,249,50,0.0964973744151637,0.3534136546184739,1.4564135807778162,0.5833333333333334,0.2,2.6224,0.133
2026-09-22,Sam Houston,Conference USA,2026,213,38,0.2246783800406425,0.4788732394366197,1.2474047701573576,0.6666666666666666,0.1797752808988764,2.928089887640449,,198,39,-0.0330816017375582,0.2979797979797979,1.4230156451687817,0.7142857142857143,0.2037037037037037,2.8,0.222
2026-09-22,San Diego State,Pac-12,2026,199,36,-0.0561242555484496,0.3618090452261306,1.0839407663435283,0.6470588235294118,0.188034188034188,3.206837606837607,,223,39,0.0630492397412313,0.4349775784753363,0.97835238518487,0.9285714285714286,0.1052631578947368,3.418421052631579,0.103
2026-09-22,San José State,Mountain West,2026,283,52,0.0822088440580657,0.3957597173144876,1.2244504887603835,0.5714285714285714,0.1860465116279069,3.182170542635659,,287,52,0.0660974308409856,0.4355400696864111,1.0704314495810316,0.8333333333333334,0.1693548387096774,2.9306451612903226,0.136
2026-09-22,SMU,ACC,2026,204,37,0.2742057345207169,0.5049019607843137,1.3627679801780308,0.5333333333333333,0.1578947368421052,3.165263157894737,,192,39,0.0710770264920301,0.3802083333333333,1.352419766320495,0.4,0.2178217821782178,2.756435643564356,0.182
2026-09-22,South Alabama,Sun Belt,2026,233,31,0.2363478717382497,0.4377682403433476,1.2850954385738118,0.7727272727272727,0.1301369863013698,3.271917808219178,,149,31,0.2527470730986052,0.4295302013422818,1.6142257620678602,0.5,0.217391304347826,2.643478260869565,0.208
2026-09-22,South Carolina,SEC,2026,221,34,0.3261471565256313,0.5158371040723982,1.2391528244404897,0.8,0.1043478260869565,3.9008695652173913,,178,37,0.036635015912651,0.3258426966292135,1.4436034986211337,0.5714285714285714,0.240506329113924,2.288607594936709,0.135
2026-09-22,Southern Miss,Sun Belt,2026,222,36,0.0121603839015959,0.4504504504504504,1.0630636712234078,0.8421052631578947,0.0865384615384615,3.5932692307692307,,219,37,0.1197845818211172,0.4246575342465753,1.1988653470188622,0.6666666666666666,0.1666666666666666,3.3904761904761904,0.132
2026-09-22,South Florida,American Athletic,2026,180,31,0.3384235669194311,0.5333333333333333,1.1780580178498568,0.8461538461538461,0.1847826086956521,3.213043478260869,,199,30,0.0405993339548307,0.4371859296482412,0.9700960638211812,0.6153846153846154,0.2641509433962264,2.416037735849057,0.171
2026-09-22,Stanford,ACC,2026,199,36,0.0752136337236247,0.3819095477386934,1.1229018809424869,0.8888888888888888,0.1794871794871795,2.935897435897436,,217,38,0.2967084639386816,0.4608294930875576,1.3321584513117422,0.8333333333333334,0.15,3.119,0.115
2026-09-22,Syracuse,ACC,2026,238,36,0.0383775209160952,0.3991596638655462,1.3301522483231214,0.8,0.2201834862385321,2.851376146788991,,183,36,-0.1262747420529368,0.360655737704918,1.0874549775292308,0.75,0.2333333333333333,2.628888888888889,0.186
2026-09-22,TCU,Big 12,2026,211,35,0.2528380332475796,0.4928909952606635,1.238970475180872,0.8125,0.1545454545454545,3.283636363636364,,168,35,-0.1444674650869876,0.3392857142857143,1.0465250723410555,0.3333333333333333,0.2098765432098765,2.596296296296296,0.202
2026-09-22,Temple,American Athletic,2026,194,31,0.2064996009011803,0.422680412371134,1.259770558513239,0.7368421052631579,0.1788617886178861,3.1089430894308943,,201,32,0.196889199079938,0.4527363184079602,1.2561650428470652,0.7368421052631579,0.125,2.5079545454545453,0.134
2026-09-22,Tennessee,SEC,2026,210,34,0.3697233936239898,0.5142857142857142,1.233404781409596,0.8571428571428571,0.1297709923664122,3.812977099236641,,198,36,-0.0693951529507692,0.3636363636363636,1.0311905971277928,0.75,0.2023809523809523,3.344047619047619,0.207
2026-09-22,Texas,SEC,2026,231,32,0.1744514578956095,0.4848484848484848,1.136578631406744,0.75,0.1885245901639344,2.978688524590164,,183,33,-0.0055869502781523,0.3715846994535519,1.0957046887536914,0.7272727272727273,0.2111111111111111,2.556666666666666,0.195
2026-09-22,Texas A&M,SEC,2026,236,35,0.1114101420868434,0.4703389830508475,1.0940613057765285,0.8823529411764706,0.1637931034482758,3.218103448275862,,160,36,-0.086098887877876,0.3625,1.2508897512329626,0.6666666666666666,0.2117647058823529,2.603529411764706,0.188
2026-09-22,Texas State,Pac-12,2026,224,34,0.216715044700096,0.4910714285714285,1.1847606512006283,0.7647058823529411,0.1386861313868613,3.2007299270073,,230,31,0.2978838404620628,0.4956521739130435,1.2771723855589443,0.7142857142857143,0.2340425531914893,2.7180851063829787,0.139
2026-09-22,Texas Tech,Big 12,2026,212,36,0.2431502465833682,0.4575471698113207,1.2081149389696697,0.7894736842105263,0.1696428571428571,3.0875,,211,35,0.095567927287579,0.3649289099526066,1.3548424344505172,0.7777777777777778,0.1538461538461538,3.1615384615384614,0.166
2026-09-22,Toledo,Mid-American,2026,193,34,0.2932382189060282,0.4404145077720207,1.6316508194914496,0.6666666666666666,0.1954022988505747,2.935632183908046,,220,37,0.0222867176178451,0.3318181818181818,1.288577722862069,0.4615384615384615,0.1932773109243697,2.8134453781512603,0.123
2026-09-22,Troy,Sun Belt,2026,211,40,0.0901258584683448,0.3649289099526066,1.4351472824958629,0.5625,0.25,2.6939655172413794,,181,38,-0.0026395971765262,0.3535911602209944,1.3327526232476297,0.5714285714285714,0.2926829268292683,2.009756097560976,0.204
2026-09-22,Tulane,American Athletic,2026,166,31,0.0890934953648456,0.3373493975903614,1.5103032600923938,0.7142857142857143,0.2179487179487179,2.517948717948718,,219,33,0.1519099466283558,0.4063926940639269,1.2833946433558132,0.7692307692307693,0.1774193548387097,2.975806451612903,0.096
2026-09-22,Tulsa,American Athletic,2026,202,35,0.166622374647283,0.4158415841584158,1.2613691904505455,0.9166666666666666,0.1441441441441441,3.256756756756757,,226,36,-0.1221300230839853,0.3761061946902654,0.9906027630152234,0.5294117647058824,0.1868131868131868,2.856043956043956,0.15
2026-09-22,UAB,American Athletic,2026,208,29,0.0148238947160605,0.4326923076923077,1.1080284941044225,0.75,0.1570247933884297,3.2049586776859504,,178,30,0.0728722794811841,0.4382022471910112,1.0609128960443928,0.5625,0.1391304347826087,3.3,0.124
2026-09-22,UCF,Big 12,2026,172,37,0.1727481309853076,0.4302325581395348,1.3946726958072928,0.75,0.1578947368421052,3.2726315789473683,,221,40,-0.0406722511693375,0.334841628959276,1.2851599438426071,0.5384615384615384,0.247787610619469,2.380530973451328,0.163
2026-09-22,UCLA,Big Ten,2026,201,38,0.3552007319883112,0.5223880597014925,1.2779447950822382,0.9285714285714286,0.0762711864406779,4.202542372881356,,205,36,0.0197403328514322,0.3658536585365853,1.3899473527373376,0.8,0.202020202020202,2.7191919191919194,0.166
2026-09-22,UConn,FBS Independents,2026,200,38,0.2671869408141368,0.45,1.38969001356247,0.6363636363636364,0.1636363636363636,3.219090909090909,,228,38,-0.0256965036693228,0.3771929824561403,1.180963699199186,0.6428571428571429,0.1888888888888888,2.7466666666666666,0.171
2026-09-22,UL Monroe,Sun Belt,2026,215,37,-0.1102828858206328,0.4232558139534884,1.0167667649264416,0.5882352941176471,0.128440366972477,3.118348623853211,,204,34,0.3069148165989196,0.5147058823529411,1.2165785599101062,0.8,0.1578947368421052,3.491228070175439,0.127
2026-09-22,UNLV,Mountain West,2026,218,37,-0.0524893094452806,0.3532110091743119,1.1623632231536607,0.6875,0.1504424778761062,3.023008849557522,,206,35,0.1471056400027092,0.4126213592233009,1.1832290095991715,0.7777777777777778,0.1515151515151515,3.576767676767677,0.15
2026-09-22,USC,Big Ten,2026,285,39,0.3172149034620953,0.5614035087719298,1.1218387249301065,0.782608695652174,0.1689189189189189,3.3493243243243245,,225,40,0.1136148811234199,0.4133333333333333,1.313014229751831,0.8571428571428571,0.1851851851851851,2.661111111111111,0.124
2026-09-22,Utah,Big 12,2026,213,36,0.3326252204818921,0.5023474178403756,1.3941437878636935,0.75,0.188034188034188,3.5547008547008545,,196,35,-0.0605487424304241,0.3010204081632653,1.3952263291746685,0.6666666666666666,0.1333333333333333,2.7546666666666666,0.199
2026-09-22,Utah State,Pac-12,2026,202,35,-0.1375122490202878,0.3415841584158416,1.3274396086992413,0.1428571428571428,0.2222222222222222,3.013333333333333,,215,37,0.0852731829154448,0.4,1.1714980022413382,0.6875,0.2234042553191489,2.6042553191489364,0.126
2026-09-22,UTEP,Mountain West,2026,161,36,-0.1670547546022537,0.3788819875776397,1.2093960811683706,0.5,0.2947368421052631,2.4105263157894736,,195,34,0.2343692976201657,0.4615384615384615,1.1790187123625142,0.625,0.2327586206896551,2.8836206896551726,0.133
2026-09-22,UTSA,American Athletic,2026,180,34,0.2101262319095406,0.4722222222222222,1.013611011087677,0.8461538461538461,0.1707317073170731,2.9353658536585368,,245,37,0.0051964931518679,0.4408163265306122,0.9656743845393384,0.625,0.1307692307692307,3.396153846153846,0.133
2026-09-22,Vanderbilt,SEC,2026,193,33,0.1750344723011998,0.4352331606217616,1.2154990741584226,0.8571428571428571,0.1354166666666666,3.173958333333333,,196,36,-0.0563285903853769,0.3520408163265306,1.3382165592887385,0.75,0.2111111111111111,2.5122222222222224,0.209
2026-09-22,Virginia,ACC,2026,207,37,0.2731213872965063,0.4879227053140096,1.1442216021106064,0.8421052631578947,0.1395348837209302,3.427906976744186,,186,38,-0.1215454879015738,0.3494623655913978,0.9670166017539398,0.7,0.1881188118811881,2.8346534653465345,0.183
2026-09-22,Virginia Tech,ACC,2026,239,34,0.3443433238106643,0.502092050209205,1.2437734102848277,0.7307692307692307,0.1826086956521739,3.000869565217392,,172,36,-0.0370277989725974,0.3197674418604651,1.3886092407250907,0.625,0.4523809523809524,0.3095238095238095,0.279
2026-09-22,Wake Forest,ACC,2026,201,31,0.3008859355084873,0.4577114427860697,1.3264486626976404,0.7142857142857143,0.1547619047619047,3.013095238095238,,222,33,0.1788723043143173,0.481981981981982,0.9825144357948696,0.6470588235294118,0.2156862745098039,2.933333333333333,0.113
2026-09-22,Washington,Big Ten,2026,203,35,0.1727421613910353,0.4630541871921182,1.1340974221075195,0.6363636363636364,0.2142857142857142,2.8583333333333334,,192,35,-0.2143749631755618,0.328125,1.1532805941861888,0.25,0.3131313131313131,2.3252525252525253,0.229
2026-09-22,Washington State,Pac-12,2026,173,33,-0.0167903006838236,0.3815028901734104,1.1934044165153166,0.5,0.2083333333333333,2.966666666666667,,193,36,-0.033701780271225,0.38860103626943,1.2525054148736872,0.7777777777777778,0.202020202020202,2.782828282828283,0.124
2026-09-22,Western Kentucky,Conference USA,2026,219,40,-0.1531058142534202,0.3287671232876712,1.1135955916486944,0.6,0.2666666666666666,2.42,,189,39,0.4536063793837391,0.4973544973544973,1.4859691070365135,0.8888888888888888,0.1293103448275862,3.683620689655173,0.101
2026-09-22,Western Michigan,Mid-American,2026,193,34,0.162500019761641,0.4041450777202072,1.2110404254563358,0.7058823529411765,0.1538461538461538,2.809401709401709,,202,32,0.0145032863132086,0.4455445544554455,0.9861967995987728,0.7222222222222222,0.146788990825688,3.1275229357798167,0.129
2026-09-22,West Virginia,Big 12,2026,209,39,0.2805730586282013,0.4545454545454545,1.2531159844599569,0.8125,0.1366459627329192,3.1695652173913045,,210,37,0.0292486537971356,0.4047619047619047,1.195598762590559,0.6363636363636364,0.21875,2.7333333333333334,0.181
2026-09-22,Wisconsin,Big Ten,2026,180,29,0.2069186010153223,0.4444444444444444,1.3630650231023325,0.5833333333333334,0.1555555555555555,2.908888888888889,,191,31,-0.0079566843958456,0.3717277486910995,1.032472084559509,0.6923076923076923,0.0909090909090909,2.9626262626262627,0.147
2026-09-22,Wyoming,Mountain West,2026,178,32,0.0405817486950274,0.4213483146067415,1.061133420570343,1.0,0.1684210526315789,3.414736842105264,,195,31,0.1412199979036408,0.4512820512820513,1.1164747375570248,0.9523809523809524,0.1451612903225806,3.2604838709677417,0.118
2026-09-23,Air Force,Mountain West,2026,147,19,0.3168724868895267,0.5238095238095238,0.9836879949098816,1.0,0.0578512396694214,4.0239669421487605,,106,20,-0.0790044128664969,0.3113207547169811,1.5288427794559412,0.8,0.2280701754385964,2.526315789473684,0.142
2026-09-23,Akron,Mid-American,2026,201,35,0.0760537773204026,0.4626865671641791,0.9642795436287744,0.75,0.1511627906976744,3.58953488372093,,183,36,0.1806391980928112,0.4098360655737705,1.3769336394286464,0.7142857142857143,0.238095238095238,2.497619047619048,0.175
2026-09-23,Alabama,SEC,2026,210,35,0.276937413944714,0.5,1.211557126093941,0.7857142857142857,0.2,3.1525,,174,36,-0.1128315163795139,0.3333333333333333,1.4762735016109303,0.5,0.2625,1.7125,0.218
2026-09-23,App State,Sun Belt,2026,225,35,0.2785529402721717,0.48,1.3105648913066963,0.6923076923076923,0.2300884955752212,2.600884955752212,,193,35,0.0024673265621209,0.3782383419689119,1.1547520965544027,0.75,0.2470588235294117,2.2905882352941176,0.187
2026-09-23,Arizona,Big 12,2026,204,32,0.2301098030825181,0.5196078431372549,1.1195587301403327,0.8666666666666667,0.119047619047619,3.572619047619048,,179,31,0.0360810069522832,0.3631284916201117,1.3955765830928069,1.0,0.2238805970149253,2.816417910447761,0.156
2026-09-23,Arizona State,Big 12,2026,202,40,0.058158540254411,0.4158415841584158,1.3964621633387664,0.7777777777777778,0.1981132075471698,2.689622641509434,,189,39,0.0225517463198268,0.3703703703703703,1.1790414583455835,0.6363636363636364,0.1489361702127659,2.907446808510638,0.159
2026-09-23,Arkansas,SEC,2026,226,34,0.0383022155982356,0.4247787610619469,1.1062539239793383,0.8,0.1704545454545454,2.481818181818182,,174,35,0.2285549209831052,0.4540229885057471,1.228750709383848,0.8571428571428571,0.1847826086956521,3.1630434782608696,0.132
2026-09-23,Arkansas State,Sun Belt,2026,174,31,0.1200357682754458,0.4885057471264368,1.1593313158849805,0.7368421052631579,0.1290322580645161,3.49247311827957,,190,34,0.1941874610541074,0.4473684210526316,1.3599380152475555,0.7692307692307693,0.1376146788990825,3.210091743119266,0.126
2026-09-23,Army,American Athletic,2026,136,21,0.4233058887319205,0.5882352941176471,1.023133708359731,0.9090909090909092,0.1018518518518518,4.018518518518518,,110,21,0.1123930409096023,0.4181818181818181,1.1406168896883957,0.8,0.2222222222222222,2.7444444444444445,0.155
2026-09-23,Auburn,SEC,2026,227,35,0.1443936600058317,0.4493392070484581,1.2561727910422085,0.8333333333333334,0.1481481481481481,3.4611111111111112,,238,35,0.0362771775386438,0.3781512605042016,1.2569499493104437,0.7142857142857143,0.1842105263157894,2.517543859649123,0.164
2026-09-23,Ball State,Mid-American,2026,190,37,0.0440164557372078,0.3578947368421052,1.304953771433318,0.8571428571428571,0.1954022988505747,2.7045977011494253,,202,34,0.3685908929342485,0.4900990099009901,1.4124383797790196,0.7857142857142857,0.1649484536082474,3.2577319587628866,0.129
2026-09-23,Baylor,Big 12,2026,255,40,0.1401092397608013,0.4156862745098039,1.303217874476822,0.6666666666666666,0.1428571428571428,3.0753968253968256,,208,38,-0.1002542158990048,0.3076923076923077,1.2408576509914997,0.4444444444444444,0.2747252747252747,2.4703296703296704,0.202
2026-09-23,Boise State,Pac-12,2026,223,35,0.2779730706109856,0.4932735426008968,1.1621191163478115,0.7857142857142857,0.119047619047619,3.721428571428572,,167,37,0.0763821178325622,0.3473053892215569,1.8928305840697792,0.6666666666666666,0.2985074626865671,2.238805970149253,0.21
2026-09-23,Boston College,ACC,2026,198,35,-0.0383911333517676,0.398989898989899,1.1767920214347365,0.8,0.2403846153846154,2.9269230769230767,,199,33,0.0330811847969286,0.3819095477386934,1.312735823042808,0.5714285714285714,0.175438596491228,3.0298245614035086,0.176
2026-09-23,Bowling Green,Mid-American,2026,169,35,-0.0802672387005045,0.3431952662721893,0.9820377399462172,0.7777777777777778,0.2291666666666666,2.410416666666667,,189,31,0.3246426456190667,0.5026455026455027,1.3603279439569822,0.7222222222222222,0.1454545454545454,3.6627272727272726,0.085
2026-09-23,Buffalo,Mid-American,2026,215,43,0.0152340600741297,0.2883720930232558,1.2954483758796411,1.0,0.2043010752688172,2.455913978494624,,221,43,0.1442776358738583,0.3846153846153846,1.379185290728417,0.7142857142857143,0.2037037037037037,2.953703703703704,0.149
2026-09-23,BYU,Big 12,2026,187,34,0.4480384250707043,0.5989304812834224,1.15738475313615,0.9411764705882352,0.1217391304347826,3.9521739130434783,,187,33,-0.0606163601926305,0.3689839572192513,1.1821843427834813,0.7692307692307693,0.2236842105263158,2.4105263157894736,0.171
2026-09-23,California,ACC,2026,220,37,0.0936270135802845,0.4181818181818181,1.2582025646912127,0.7,0.2043010752688172,2.7440860215053764,,202,40,0.0004095294878604,0.3712871287128713,1.344650979277933,0.9166666666666666,0.1573033707865168,3.201123595505618,0.134
2026-09-23,Central Michigan,Mid-American,2026,177,31,0.0284302806192074,0.3785310734463277,1.1424182612957632,0.9,0.1023622047244094,3.420472440944882,,196,30,0.0829784009632448,0.4336734693877551,1.0484976060221636,1.0,0.1485148514851485,3.3059405940594058,0.148
2026-09-23,Charlotte,American Athletic,2026,198,34,0.0241744834829781,0.3838383838383838,1.247195635387338,0.6111111111111112,0.2584269662921348,2.4191011235955058,,203,35,0.2452845905090103,0.5024630541871922,1.239230366591621,0.8095238095238095,0.25,2.8134615384615387,0.113
2026-09-23,Cincinnati,Big 12,2026,219,36,0.3606084007050302,0.5159817351598174,1.2263927529442558,0.9047619047619048,0.1138211382113821,3.713821138211382,,189,34,0.0549113905009456,0.3915343915343915,1.339590996303524,0.5714285714285714,0.2195121951219512,2.973170731707317,0.201
2026-09-23,Clemson,ACC,2026,194,42,-0.0555810845546683,0.3350515463917525,1.118265605011746,0.7777777777777778,0.2527472527472527,2.621978021978022,,230,37,0.1031509515165862,0.4260869565217391,1.2482162564350845,0.7647058823529411,0.1111111111111111,3.537037037037037,0.152
2026-09-23,Coastal Carolina,Sun Belt,2026,198,37,0.2313155399751384,0.4595959595959596,1.3215119832573907,0.6363636363636364,0.1752577319587628,3.461855670103093,,198,39,0.0424394020262375,0.4141414141414141,1.034968241525209,0.75,0.1440677966101695,2.9016949152542373,0.157
2026-09-23,Colorado,Big 12,2026,212,36,0.1410327639438049,0.4150943396226415,1.296816853038718,0.7333333333333333,0.1160714285714285,3.2973214285714287,,209,37,0.0361235965512231,0.3923444976076555,1.2419615508626562,0.5384615384615384,0.3333333333333333,2.3504761904761904,0.201
2026-09-23,Colorado State,Pac-12,2026,204,37,0.2590947469119457,0.4509803921568627,1.4437885363298717,0.8125,0.2386363636363636,2.5534090909090907,,180,37,0.0626317568268446,0.4555555555555555,1.1339732275794865,0.9090909090909092,0.1517857142857142,3.407142857142857,0.211
2026-09-23,Delaware,Conference USA,2026,205,39,0.1066798338084509,0.4195121951219512,1.3337098877387443,0.6428571428571429,0.2159090909090909,2.6,,207,38,-0.0171581704983079,0.3623188405797101,1.2671183723139352,0.75,0.1648351648351648,2.8,0.208
2026-09-23,Duke,ACC,2026,207,35,0.2030408967844518,0.4057971014492754,1.2899466485869218,0.6923076923076923,0.1908396946564885,3.0641221374045804,,185,33,-0.0602553142440793,0.3891891891891892,1.0073238162407336,0.7777777777777778,0.1216216216216216,2.966216216216216,0.162
2026-09-23,East Carolina,American Athletic,2026,181,38,-0.0327519891781975,0.3535911602209944,1.1797205717722927,0.6666666666666666,0.2061855670103092,2.3804123711340206,,217,37,0.0731525341763409,0.3963133640552995,1.2891738260788386,0.5,0.2595419847328244,2.4366412213740456,0.147
2026-09-23,Eastern Michigan,Mid-American,2026,256,48,-0.0988357320550875,0.3515625,1.0942111052405452,0.7619047619047619,0.160377358490566,2.7943396226415094,,278,47,0.1642304419761711,0.4424460431654676,1.261627804236777,0.7142857142857143,0.1935483870967742,2.9483870967741934,0.173
2026-09-23,Florida,SEC,2026,208,33,0.4310986408980413,0.4855769230769231,1.4320887746366489,1.0,0.125,3.194166666666667,,226,37,-0.0812391056464467,0.3628318584070796,1.229193881109598,0.75,0.108433734939759,2.896385542168675,0.217
2026-09-23,Florida Atlantic,American Athletic,2026,239,35,0.0786787212485683,0.4142259414225941,1.1237432133730278,0.8235294117647058,0.1650485436893204,2.520388349514563,,203,34,0.2193398532502586,0.4285714285714285,1.5232917278478697,1.0,0.1759259259259259,2.922222222222222,0.163
2026-09-23,Florida International,Conference USA,2026,234,35,-0.0113264756490356,0.3803418803418803,1.230581692539764,0.7333333333333333,0.2142857142857142,2.5653061224489795,,195,33,-0.0085600416086502,0.3487179487179487,1.0857985869307574,0.7272727272727273,0.2134831460674157,2.157303370786517,0.164
2026-09-23,Florida State,ACC,2026,200,34,0.1938921730749031,0.41,1.5378588751904794,0.5333333333333333,0.1711711711711711,3.0531531531531533,,201,33,0.308530425268399,0.4626865671641791,1.4285567423271013,0.8888888888888888,0.1724137931034483,3.1586206896551725,0.149
2026-09-23,Fresno State,Pac-12,2026,179,37,0.066630785909705,0.3463687150837989,1.390916776503291,0.4545454545454545,0.2553191489361702,2.478723404255319,,206,36,-0.0418416152807807,0.4223300970873786,1.072078679075987,0.5625,0.2424242424242424,2.791919191919192,0.146
2026-09-23,Georgia,SEC,2026,189,38,0.5506805689621955,0.5767195767195767,1.3499643651416666,1.0,0.1188118811881188,3.918811881188119,,196,38,-0.0882889395087844,0.3316326530612244,1.1592592515525166,0.625,0.2560975609756097,1.8378048780487808,0.199
2026-09-23,Georgia Southern,Sun Belt,2026,218,37,0.0517563857173667,0.3990825688073394,1.1138796143115484,0.75,0.1411764705882353,3.0988235294117645,,191,38,-0.0450446294623054,0.2984293193717277,1.235281547468314,0.7142857142857143,0.3218390804597701,2.002298850574713,0.236
2026-09-23,Georgia State,Sun Belt,2026,228,36,0.255632625848521,0.4912280701754385,1.2398509323171691,0.6666666666666666,0.1440677966101695,3.5406779661016947,,169,35,0.0627579590083379,0.3727810650887574,1.2638678640384742,1.0,0.2142857142857142,3.194047619047619,0.154
2026-09-23,Georgia Tech,ACC,2026,189,32,0.1069938987032479,0.4391534391534391,1.1062930665398056,0.6923076923076923,0.2258064516129032,2.913978494623656,,208,33,0.1115689697985944,0.4086538461538461,1.1613843437554303,0.7333333333333333,0.1407407407407407,3.0459259259259257,0.173
2026-09-23,Hawai'i,Mountain West,2026,230,37,0.032940963609442,0.3739130434782609,1.1626258762976511,0.8,0.1842105263157894,3.098684210526316,,205,37,0.1296644642024741,0.4341463414634146,1.2594556887364166,0.6875,0.1261261261261261,3.28018018018018,0.146
2026-09-23,Houston,Big 12,2026,216,34,0.4280489811446559,0.5740740740740741,1.1340783382648518,0.9130434782608696,0.1,3.974166666666666,,179,35,0.0362222812055209,0.3631284916201117,1.3767542256379943,0.6,0.2432432432432432,2.093243243243243,0.218
2026-09-23,Illinois,Big Ten,2026,173,29,0.2925902193221822,0.5433526011560693,1.1915549539787242,0.6666666666666666,0.119047619047619,3.270238095238095,,205,29,0.0840350870783463,0.4,1.2627501768634204,0.75,0.2314814814814814,2.5259259259259257,0.146
2026-09-23,Indiana,Big Ten,2026,176,32,0.4820666734781705,0.5170454545454546,1.449190341675619,0.8235294117647058,0.0964912280701754,3.570175438596491,,179,34,-0.2238751682539298,0.2681564245810056,1.4045820343465054,0.4545454545454545,0.2696629213483146,2.1696629213483147,0.207
2026-09-23,Iowa,Big Ten,2026,203,37,0.2138265876506355,0.4729064039408867,1.2194749322923168,0.5294117647058824,0.1401869158878504,3.6598130841121495,,174,40,-0.2482330183091556,0.2413793103448276,1.0309294386987973,0.6666666666666666,0.2375,2.24875,0.207
2026-09-23,Iowa State,Big 12,2026,167,35,0.217224978974601,0.3892215568862275,1.386432524504266,0.75,0.1376146788990825,3.186238532110092,,182,38,-0.1553428255773321,0.3186813186813186,1.1011253824766654,0.6923076923076923,0.1919191919191919,2.3737373737373737,0.187
2026-09-23,Jacksonville State,Conference USA,2026,240,39,0.2098568482552485,0.4583333333333333,1.2433384396644824,0.75,0.2125984251968504,2.8133858267716536,,266,39,0.0220525868692947,0.4210526315789473,1.0319670236559164,0.8181818181818182,0.1604938271604938,2.974691358024691,0.148
2026-09-23,James Madison,Sun Belt,2026,188,34,0.3574088414100914,0.5053191489361702,1.2414056076670654,0.75,0.1495327102803738,3.37196261682243,,218,38,-0.2053323491259269,0.2798165137614679,1.3221115069673095,0.8,0.1848739495798319,2.421848739495798,0.156
2026-09-23,Kansas,Big 12,2026,220,37,0.2017564194220655,0.4409090909090909,1.4288824563386082,0.5454545454545454,0.0991735537190082,3.268595041322314,,195,39,-0.0675022519168581,0.3076923076923077,1.2346084307154783,0.75,0.25,2.132142857142857,0.2
2026-09-23,Kansas State,Big 12,2026,215,34,0.3425068815785244,0.5302325581395348,1.3053117643891836,0.7692307692307693,0.15,3.276666666666667,,172,34,-0.1610606731823716,0.2732558139534883,1.3900913470198084,0.4444444444444444,0.2795698924731182,2.10752688172043,0.262
2026-09-23,Kennesaw State,Conference USA,2026,206,36,0.1070914555110887,0.4563106796116505,1.0927372016862915,0.8571428571428571,0.2234042553191489,3.075531914893617,,190,35,0.1218668276874844,0.4105263157894737,1.0811429725156738,0.9,0.1891891891891892,3.205405405405405,0.095
2026-09-23,Kent State,Mid-American,2026,178,36,-0.1127459232194841,0.3033707865168539,1.2519576869538582,0.5555555555555556,0.2142857142857142,2.9255102040816325,,193,38,0.2420697151288888,0.533678756476684,1.1771838688351126,0.8235294117647058,0.1237113402061855,3.502061855670103,0.13
2026-09-23,Kentucky,SEC,2026,183,34,0.197592010357627,0.4808743169398907,1.1916657397526205,0.75,0.1789473684210526,3.130526315789474,,215,31,0.0279597912971639,0.4372093023255814,1.139726585134772,0.75,0.1958762886597938,2.831958762886598,0.186
2026-09-23,Liberty,Conference USA,2026,200,34,0.0818778462806586,0.43,1.304269078619548,0.6875,0.1293103448275862,3.092241379310345,,181,33,0.0783254706527976,0.3867403314917127,1.2356304284969253,0.6666666666666666,0.21875,2.95625,0.204
2026-09-23,Louisiana,Sun Belt,2026,192,33,0.2021796581974875,0.4375,1.2432876137468538,0.75,0.1610169491525423,3.180508474576272,,197,33,-0.06258017633343,0.4263959390862944,1.142978736577307,0.5,0.2210526315789473,2.726315789473684,0.152
2026-09-23,Louisiana Tech,Sun Belt,2026,193,41,0.0147704176735784,0.3367875647668393,1.4428676625000247,0.5,0.2268041237113402,2.6484536082474226,,219,43,-0.0117915486855234,0.3470319634703196,1.305153941737421,0.6666666666666666,0.2301587301587301,2.063492063492064,0.242
2026-09-23,Louisville,ACC,2026,195,39,0.4369732495800964,0.5282051282051282,1.3719114071977687,0.6666666666666666,0.1909090909090909,2.8545454545454545,,224,38,0.0776854832775102,0.3928571428571428,1.239628764374254,0.6086956521739131,0.1181818181818181,2.883636363636364,0.138
2026-09-23,LSU,SEC,2026,252,37,0.2131279352418512,0.4880952380952381,1.2496780329097714,0.7,0.1594202898550724,3.0318840579710145,,179,38,-0.1478507261367945,0.2905027932960894,1.2710532146221185,0.8333333333333334,0.2676056338028169,1.7887323943661972,0.223
2026-09-23,Marshall,Sun Belt,2026,191,35,0.0580684059707012,0.418848167539267,1.0677573277672456,0.6470588235294118,0.2336448598130841,2.774766355140187,,208,32,0.3261686843091499,0.5,1.1627874499307769,0.8571428571428571,0.11,3.49,0.106
2026-09-23,Maryland,Big Ten,2026,224,34,0.346887270517728,0.5267857142857143,1.2529993753707287,0.6842105263157895,0.1789473684210526,3.409473684210526,,181,33,0.0135410006108871,0.3701657458563536,1.2472385291318822,0.75,0.2584269662921348,1.9168539325842693,0.149
2026-09-23,Massachusetts,Mid-American,2026,166,33,0.2868497366072975,0.4698795180722891,1.233371509758613,0.625,0.1515151515151515,3.375757575757576,,194,36,-0.1467312245881031,0.3350515463917525,1.2112790441286214,0.6,0.2584269662921348,2.308988764044944,0.17
2026-09-23,Memphis,American Athletic,2026,254,44,0.2620660130099108,0.4724409448818897,1.369827052932887,0.75,0.1478873239436619,3.4640845070422537,,275,45,0.1795247018535912,0.4181818181818181,1.399864399561085,0.8421052631578947,0.126865671641791,3.388805970149254,0.149
2026-09-23,Miami,ACC,2026,212,38,0.4532696254610958,0.5660377358490566,1.2823020411686614,0.8333333333333334,0.128440366972477,3.779816513761468,,177,35,-0.0345335442366272,0.3446327683615819,1.0799734273264323,0.75,0.2592592592592592,2.335185185185185,0.141
2026-09-23,Miami (OH),Mid-American,2026,173,31,0.2590782238413193,0.4335260115606936,1.4001786129229967,0.75,0.188235294117647,3.048235294117647,,200,34,0.2002611923552745,0.47,1.2598345274582343,0.7857142857142857,0.2278481012658227,2.7037974683544306,0.1
2026-09-23,Michigan,Big Ten,2026,177,31,0.1828684963449695,0.4293785310734463,1.2246873889498353,0.7272727272727273,0.1359223300970873,3.10873786407767,,181,33,-0.1301153292362241,0.3204419889502762,1.078546934620456,0.7142857142857143,0.2525252525252525,2.613131313131313,0.193
2026-09-23,Michigan State,Big Ten,2026,206,29,0.0849340285950844,0.4368932038834951,1.126866158183978,0.6666666666666666,0.1929824561403508,2.9894736842105263,,163,29,0.1139233820112888,0.4171779141104294,1.1901511284007966,0.6153846153846154,0.2771084337349397,2.763855421686747,0.166
2026-09-23,Middle Tennessee,Conference USA,2026,189,30,0.2230155111541028,0.4232804232804232,1.189863169661794,0.6666666666666666,0.1,3.8,,171,32,0.0684229448121757,0.4093567251461988,1.1614491945782257,0.6363636363636364,0.2244897959183673,2.6806122448979592,0.135
2026-09-23,Minnesota,Big Ten,2026,202,33,0.1541690472222062,0.495049504950495,1.069288990135684,0.6666666666666666,0.2261904761904762,2.567857142857143,,175,35,0.0317479921445978,0.3657142857142857,1.0963292984839197,0.5833333333333334,0.2747252747252747,2.69010989010989,0.22
2026-09-23,Mississippi State,SEC,2026,211,35,0.4624899417763746,0.5355450236966824,1.334741918698522,0.75,0.1858407079646017,3.4787610619469027,,215,34,-0.0178130956074428,0.3488372093023256,1.1557258020648962,0.5384615384615384,0.160919540229885,2.854022988505747,0.149
2026-09-23,Missouri,SEC,2026,203,39,0.2296924393353562,0.4334975369458128,1.285256381938105,0.6363636363636364,0.1785714285714285,3.1107142857142858,,193,37,-0.0735090772523909,0.3160621761658031,1.4936472773462453,0.8,0.2424242424242424,2.3212121212121213,0.254
2026-09-23,Missouri State,Conference USA,2026,184,32,0.1780983624264895,0.4347826086956521,1.2412250421899569,0.7777777777777778,0.1545454545454545,3.1,,218,33,0.2412781168390911,0.5045871559633027,1.0400010396141783,0.8666666666666667,0.1532258064516129,3.520967741935484,0.17
2026-09-23,Navy,American Athletic,2026,136,21,0.3197706471886218,0.5294117647058824,1.205369775240681,1.0,0.102803738317757,3.885046728971963,,122,21,0.1470620016920992,0.3934426229508196,1.3645400299509731,1.0,0.2280701754385964,2.631578947368421,0.148
2026-09-23,NC State,ACC,2026,202,37,0.2024040085401232,0.4702970297029702,1.260064759274924,0.7777777777777778,0.1333333333333333,3.303809523809524,,180,37,0.1306884503148467,0.4111111111111111,1.2279082534076984,0.7894736842105263,0.17,2.899,0.156
2026-09-23,Nebraska,Big Ten,2026,212,31,0.4705787780293003,0.5141509433962265,1.4704221468151208,0.7368421052631579,0.1271186440677966,3.630508474576271,,175,34,0.025326446650141,0.3314285714285714,1.387356724013442,0.75,0.1612903225806451,2.9720430107526883,0.183
2026-09-23,Nevada,Mountain West,2026,189,33,0.0782585032921113,0.4179894179894179,1.289663356620314,0.6666666666666666,0.1981981981981982,3.1648648648648647,,218,34,0.1036882953044283,0.4174311926605504,1.0519941338314225,0.65,0.1810344827586207,3.132758620689655,0.124
2026-09-23,New Mexico,Mountain West,2026,201,37,0.1020851442163245,0.4079601990049751,1.1669383976411618,0.8666666666666667,0.1507936507936507,3.1880952380952383,,166,37,-0.2195335782064906,0.2710843373493976,1.4141618090723207,0.4285714285714285,0.2441860465116279,1.722093023255814,0.259
2026-09-23,New Mexico State,Conference USA,2026,201,34,0.1547919421257269,0.4378109452736318,1.4261327937630708,0.6875,0.1428571428571428,3.207692307692308,,202,35,0.0958815223181676,0.4158415841584158,1.162391545945404,0.8333333333333334,0.2247191011235955,2.953932584269663,0.129
2026-09-23,North Carolina,ACC,2026,182,30,0.1180247926500402,0.4835164835164835,1.037750541807011,0.7777777777777778,0.125,3.871590909090909,,206,32,-0.0188311190592386,0.3932038834951456,1.0238332099979035,0.875,0.1224489795918367,2.9397959183673468,0.141
2026-09-23,North Dakota State,Mountain West,2026,260,41,0.156824607490598,0.4,1.4137345404833734,0.6923076923076923,0.1907894736842105,2.8263157894736843,,240,42,-0.1560976801881319,0.3916666666666666,1.024351033572395,0.7142857142857143,0.1796875,2.64609375,0.183
2026-09-23,Northern Illinois,Mountain West,2026,192,35,-0.1421253070922878,0.3489583333333333,1.1175429377352588,0.7333333333333333,0.2151898734177215,2.4949367088607595,,210,33,0.1376337108568447,0.4476190476190476,1.2629835439944463,0.6,0.1702127659574468,3.0553191489361704,0.124
2026-09-23,North Texas,American Athletic,2026,224,33,0.2090856702992057,0.4464285714285714,1.322265598128833,0.625,0.1862745098039215,2.9745098039215687,,190,32,0.2626747004670615,0.4842105263157895,1.2306632228056182,0.7727272727272727,0.1491228070175438,2.7578947368421054,0.116
2026-09-23,Northwestern,Big Ten,2026,130,24,0.3269323003442659,0.4923076923076923,1.236951439189153,0.8,0.2151898734177215,2.8835443037974686,,151,24,-0.0039632975436486,0.4172185430463576,1.071614089404182,0.6428571428571429,0.1176470588235294,3.492647058823529,0.185
2026-09-23,Notre Dame,FBS Independents,2026,198,30,0.316346422122672,0.5,1.1222427643617632,0.7333333333333333,0.1619047619047619,2.821904761904762,,156,30,-0.1444419088076508,0.3269230769230769,1.2701124761136722,0.7,0.2441860465116279,2.082558139534884,0.263
2026-09-23,Ohio,Mid-American,2026,194,32,0.1760447899783281,0.4175257731958763,1.2350845700078568,0.8571428571428571,0.0909090909090909,3.518181818181818,,216,31,0.3731491291503761,0.4768518518518518,1.3719310728007073,0.8,0.1777777777777777,3.1555555555555554,0.147
2026-09-23,Ohio State,Big Ten,2026,202,37,0.35170049964027,0.504950495049505,1.3646734482408862,0.75,0.1818181818181818,3.078787878787878,,196,38,-0.2086726749594825,0.3163265306122449,1.0547410128161352,0.6666666666666666,0.2234042553191489,2.4191489361702128,0.199
2026-09-23,Oklahoma,SEC,2026,185,32,0.0501711068518333,0.4162162162162162,1.1749275382998827,0.5,0.2604166666666667,2.6416666666666666,,174,34,-0.2307965362165965,0.2816091954022988,1.3175949208260729,0.5714285714285714,0.2115384615384615,2.265384615384616,0.236
2026-09-23,Oklahoma State,Big 12,2026,250,39,0.0922393125795199,0.472,1.0950655912831722,0.5789473684210527,0.1735537190082644,3.2049586776859504,,165,37,-0.0206451725666623,0.3393939393939394,1.2080796695595188,0.6666666666666666,0.1927710843373494,2.809638554216868,0.158
2026-09-23,Old Dominion,Sun Belt,2026,170,37,-0.0720741806844938,0.3294117647058823,1.4525635082526005,0.2222222222222222,0.324074074074074,1.537962962962963,,217,35,-0.0767543796980638,0.3133640552995391,1.2768720082381484,0.5333333333333333,0.2396694214876033,2.262809917355372,0.184
2026-09-23,Ole Miss,SEC,2026,213,33,0.2886576608420783,0.5070422535211268,1.231046985053771,0.7894736842105263,0.1954022988505747,2.7574712643678163,,199,33,0.1710211296922756,0.4221105527638191,1.21395456162181,0.7142857142857143,0.25,2.694444444444444,0.166
2026-09-23,Oregon,Big Ten,2026,220,39,0.2919794366357967,0.4863636363636364,1.386236824560801,0.9285714285714286,0.0909090909090909,3.68989898989899,,192,41,-0.1109297369096197,0.3489583333333333,1.108797512817691,0.7,0.1931818181818181,2.6170454545454547,0.151
2026-09-23,Oregon State,Pac-12,2026,214,38,0.2398339360225031,0.4018691588785046,1.508537700942421,0.7142857142857143,0.0857142857142857,3.1314285714285712,,223,38,0.1790414495411041,0.4349775784753363,1.166465332822905,0.8666666666666667,0.1495327102803738,3.1158878504672898,0.161
2026-09-23,Penn State,Big Ten,2026,207,36,0.34780585097408,0.4734299516908212,1.337203084233558,0.7058823529411765,0.1333333333333333,2.8375,,175,36,-0.1286610303929015,0.2971428571428571,1.0268211350241472,0.7272727272727273,0.2527472527472527,2.365934065934066,0.189
2026-09-23,Pittsburgh,ACC,2026,209,34,0.1798409749910745,0.4593301435406698,1.2203820813959565,0.625,0.2075471698113207,3.016981132075472,,186,34,-0.0807343788416286,0.3225806451612903,1.3833742987329558,0.5833333333333334,0.2702702702702703,1.9472972972972973,0.172
2026-09-23,Purdue,Big Ten,2026,217,31,0.3316169135349793,0.4930875576036866,1.275922537054274,0.7857142857142857,0.16,3.005,,198,31,0.3405178877497243,0.4797979797979798,1.4626232651421016,0.7333333333333333,0.1588785046728972,3.3130841121495327,0.141
2026-09-23,Rice,American Athletic,2026,191,31,0.0327225514539859,0.4240837696335078,1.0559310952793748,0.7272727272727273,0.1310344827586207,3.387586206896552,,191,29,0.0991945792255448,0.4293193717277487,1.210432616956576,0.625,0.1495327102803738,2.760747663551402,0.152
2026-09-23,Rutgers,Big Ten,2026,201,33,0.0286258527760239,0.4427860696517413,1.396752914034643,0.6086956521739131,0.1888888888888888,2.8922222222222222,,193,33,0.2233114117815763,0.4715025906735751,1.1546272815490397,0.75,0.1683168316831683,3.3356435643564355,0.088
2026-09-23,Sacramento State,Mid-American,2026,270,50,-0.0436657708863149,0.4111111111111111,1.1126741345903286,0.72,0.2905982905982906,2.5264957264957264,,249,50,0.0964973744151637,0.3534136546184739,1.4564135807778162,0.5833333333333334,0.2,2.6224,0.133
2026-09-23,Sam Houston,Conference USA,2026,213,38,0.2246783800406425,0.4788732394366197,1.2474047701573576,0.6666666666666666,0.1797752808988764,2.928089887640449,,198,39,-0.0330816017375582,0.2979797979797979,1.4230156451687817,0.7142857142857143,0.2037037037037037,2.8,0.222
2026-09-23,San Diego State,Pac-12,2026,199,36,-0.0561242555484496,0.3618090452261306,1.0839407663435283,0.6470588235294118,0.188034188034188,3.206837606837607,,223,39,0.0630492397412313,0.4349775784753363,0.97835238518487,0.9285714285714286,0.1052631578947368,3.418421052631579,0.103
2026-09-23,San José State,Mountain West,2026,283,52,0.0822088440580657,0.3957597173144876,1.2244504887603835,0.5714285714285714,0.1860465116279069,3.182170542635659,,287,52,0.0660974308409856,0.4355400696864111,1.0704314495810316,0.8333333333333334,0.1693548387096774,2.9306451612903226,0.136
2026-09-23,SMU,ACC,2026,204,37,0.2742057345207169,0.5049019607843137,1.3627679801780308,0.5333333333333333,0.1578947368421052,3.165263157894737,,192,39,0.0710770264920301,0.3802083333333333,1.352419766320495,0.4,0.2178217821782178,2.756435643564356,0.182
2026-09-23,South Alabama,Sun Belt,2026,233,31,0.2363478717382497,0.4377682403433476,1.2850954385738118,0.7727272727272727,0.1301369863013698,3.271917808219178,,149,31,0.2527470730986052,0.4295302013422818,1.6142257620678602,0.5,0.217391304347826,2.643478260869565,0.208
2026-09-23,South Carolina,SEC,2026,221,34,0.3261471565256313,0.5158371040723982,1.2391528244404897,0.8,0.1043478260869565,3.9008695652173913,,178,37,0.036635015912651,0.3258426966292135,1.4436034986211337,0.5714285714285714,0.240506329113924,2.288607594936709,0.135
2026-09-23,Southern Miss,Sun Belt,2026,222,36,0.0121603839015959,0.4504504504504504,1.0630636712234078,0.8421052631578947,0.0865384615384615,3.5932692307692307,,219,37,0.1197845818211172,0.4246575342465753,1.1988653470188622,0.6666666666666666,0.1666666666666666,3.3904761904761904,0.132
2026-09-23,South Florida,American Athletic,2026,180,31,0.3384235669194311,0.5333333333333333,1.1780580178498568,0.8461538461538461,0.1847826086956521,3.213043478260869,,199,30,0.0405993339548307,0.4371859296482412,0.9700960638211812,0.6153846153846154,0.2641509433962264,2.416037735849057,0.171
2026-09-23,Stanford,ACC,2026,199,36,0.0752136337236247,0.3819095477386934,1.1229018809424869,0.8888888888888888,0.1794871794871795,2.935897435897436,,217,38,0.2967084639386816,0.4608294930875576,1.3321584513117422,0.8333333333333334,0.15,3.119,0.115
2026-09-23,Syracuse,ACC,2026,238,36,0.0383775209160952,0.3991596638655462,1.3301522483231214,0.8,0.2201834862385321,2.851376146788991,,183,36,-0.1262747420529368,0.360655737704918,1.0874549775292308,0.75,0.2333333333333333,2.628888888888889,0.186
2026-09-23,TCU,Big 12,2026,211,35,0.2528380332475796,0.4928909952606635,1.238970475180872,0.8125,0.1545454545454545,3.283636363636364,,168,35,-0.1444674650869876,0.3392857142857143,1.0465250723410555,0.3333333333333333,0.2098765432098765,2.596296296296296,0.202
2026-09-23,Temple,American Athletic,2026,194,31,0.2064996009011803,0.422680412371134,1.259770558513239,0.7368421052631579,0.1788617886178861,3.1089430894308943,,201,32,0.196889199079938,0.4527363184079602,1.2561650428470652,0.7368421052631579,0.125,2.5079545454545453,0.134
2026-09-23,Tennessee,SEC,2026,210,34,0.3697233936239898,0.5142857142857142,1.233404781409596,0.8571428571428571,0.1297709923664122,3.812977099236641,,198,36,-0.0693951529507692,0.3636363636363636,1.0311905971277928,0.75,0.2023809523809523,3.344047619047619,0.207
2026-09-23,Texas,SEC,2026,231,32,0.1744514578956095,0.4848484848484848,1.136578631406744,0.75,0.1885245901639344,2.978688524590164,,183,33,-0.0055869502781523,0.3715846994535519,1.0957046887536914,0.7272727272727273,0.2111111111111111,2.556666666666666,0.195
2026-09-23,Texas A&M,SEC,2026,236,35,0.1114101420868434,0.4703389830508475,1.0940613057765285,0.8823529411764706,0.1637931034482758,3.218103448275862,,160,36,-0.086098887877876,0.3625,1.2508897512329626,0.6666666666666666,0.2117647058823529,2.603529411764706,0.188
2026-09-23,Texas State,Pac-12,2026,224,34,0.216715044700096,0.4910714285714285,1.1847606512006283,0.7647058823529411,0.1386861313868613,3.2007299270073,,230,31,0.2978838404620628,0.4956521739130435,1.2771723855589443,0.7142857142857143,0.2340425531914893,2.7180851063829787,0.139
2026-09-23,Texas Tech,Big 12,2026,212,36,0.2431502465833682,0.4575471698113207,1.2081149389696697,0.7894736842105263,0.1696428571428571,3.0875,,211,35,0.095567927287579,0.3649289099526066,1.3548424344505172,0.7777777777777778,0.1538461538461538,3.1615384615384614,0.166
2026-09-23,Toledo,Mid-American,2026,193,34,0.2932382189060282,0.4404145077720207,1.6316508194914496,0.6666666666666666,0.1954022988505747,2.935632183908046,,220,37,0.0222867176178451,0.3318181818181818,1.288577722862069,0.4615384615384615,0.1932773109243697,2.8134453781512603,0.123
2026-09-23,Troy,Sun Belt,2026,211,40,0.0901258584683448,0.3649289099526066,1.4351472824958629,0.5625,0.25,2.6939655172413794,,181,38,-0.0026395971765262,0.3535911602209944,1.3327526232476297,0.5714285714285714,0.2926829268292683,2.009756097560976,0.204
2026-09-23,Tulane,American Athletic,2026,166,31,0.0890934953648456,0.3373493975903614,1.5103032600923938,0.7142857142857143,0.2179487179487179,2.517948717948718,,219,33,0.1519099466283558,0.4063926940639269,1.2833946433558132,0.7692307692307693,0.1774193548387097,2.975806451612903,0.096
2026-09-23,Tulsa,American Athletic,2026,202,35,0.166622374647283,0.4158415841584158,1.2613691904505455,0.9166666666666666,0.1441441441441441,3.256756756756757,,226,36,-0.1221300230839853,0.3761061946902654,0.9906027630152234,0.5294117647058824,0.1868131868131868,2.856043956043956,0.15
2026-09-23,UAB,American Athletic,2026,208,29,0.0148238947160605,0.4326923076923077,1.1080284941044225,0.75,0.1570247933884297,3.2049586776859504,,178,30,0.0728722794811841,0.4382022471910112,1.0609128960443928,0.5625,0.1391304347826087,3.3,0.124
2026-09-23,UCF,Big 12,2026,172,37,0.1727481309853076,0.4302325581395348,1.3946726958072928,0.75,0.1578947368421052,3.2726315789473683,,221,40,-0.0406722511693375,0.334841628959276,1.2851599438426071,0.5384615384615384,0.247787610619469,2.380530973451328,0.163
2026-09-23,UCLA,Big Ten,2026,201,38,0.3552007319883112,0.5223880597014925,1.2779447950822382,0.9285714285714286,0.0762711864406779,4.202542372881356,,205,36,0.0197403328514322,0.3658536585365853,1.3899473527373376,0.8,0.202020202020202,2.7191919191919194,0.166
2026-09-23,UConn,FBS Independents,2026,200,38,0.2671869408141368,0.45,1.38969001356247,0.6363636363636364,0.1636363636363636,3.219090909090909,,228,38,-0.0256965036693228,0.3771929824561403,1.180963699199186,0.6428571428571429,0.1888888888888888,2.7466666666666666,0.171
2026-09-23,UL Monroe,Sun Belt,2026,215,37,-0.1102828858206328,0.4232558139534884,1.0167667649264416,0.5882352941176471,0.128440366972477,3.118348623853211,,204,34,0.3069148165989196,0.5147058823529411,1.2165785599101062,0.8,0.1578947368421052,3.491228070175439,0.127
2026-09-23,UNLV,Mountain West,2026,218,37,-0.0524893094452806,0.3532110091743119,1.1623632231536607,0.6875,0.1504424778761062,3.023008849557522,,206,35,0.1471056400027092,0.4126213592233009,1.1832290095991715,0.7777777777777778,0.1515151515151515,3.576767676767677,0.15
2026-09-23,USC,Big Ten,2026,285,39,0.3172149034620953,0.5614035087719298,1.1218387249301065,0.782608695652174,0.1689189189189189,3.3493243243243245,,225,40,0.1136148811234199,0.4133333333333333,1.313014229751831,0.8571428571428571,0.1851851851851851,2.661111111111111,0.124
2026-09-23,Utah,Big 12,2026,213,36,0.3326252204818921,0.5023474178403756,1.3941437878636935,0.75,0.188034188034188,3.5547008547008545,,196,35,-0.0605487424304241,0.3010204081632653,1.3952263291746685,0.6666666666666666,0.1333333333333333,2.7546666666666666,0.199
2026-09-23,Utah State,Pac-12,2026,202,35,-0.1375122490202878,0.3415841584158416,1.3274396086992413,0.1428571428571428,0.2222222222222222,3.013333333333333,,215,37,0.0852731829154448,0.4,1.1714980022413382,0.6875,0.2234042553191489,2.6042553191489364,0.126
2026-09-23,UTEP,Mountain West,2026,161,36,-0.1670547546022537,0.3788819875776397,1.2093960811683706,0.5,0.2947368421052631,2.4105263157894736,,195,34,0.2343692976201657,0.4615384615384615,1.1790187123625142,0.625,0.2327586206896551,2.8836206896551726,0.133
2026-09-23,UTSA,American Athletic,2026,180,34,0.2101262319095406,0.4722222222222222,1.013611011087677,0.8461538461538461,0.1707317073170731,2.9353658536585368,,245,37,0.0051964931518679,0.4408163265306122,0.9656743845393384,0.625,0.1307692307692307,3.396153846153846,0.133
2026-09-23,Vanderbilt,SEC,2026,193,33,0.1750344723011998,0.4352331606217616,1.2154990741584226,0.8571428571428571,0.1354166666666666,3.173958333333333,,196,36,-0.0563285903853769,0.3520408163265306,1.3382165592887385,0.75,0.2111111111111111,2.5122222222222224,0.209
2026-09-23,Virginia,ACC,2026,207,37,0.2731213872965063,0.4879227053140096,1.1442216021106064,0.8421052631578947,0.1395348837209302,3.427906976744186,,186,38,-0.1215454879015738,0.3494623655913978,0.9670166017539398,0.7,0.1881188118811881,2.8346534653465345,0.183
2026-09-23,Virginia Tech,ACC,2026,239,34,0.3443433238106643,0.502092050209205,1.2437734102848277,0.7307692307692307,0.1826086956521739,3.000869565217392,,172,36,-0.0370277989725974,0.3197674418604651,1.3886092407250907,0.625,0.4523809523809524,0.3095238095238095,0.279
2026-09-23,Wake Forest,ACC,2026,201,31,0.3008859355084873,0.4577114427860697,1.3264486626976404,0.7142857142857143,0.1547619047619047,3.013095238095238,,222,33,0.1788723043143173,0.481981981981982,0.9825144357948696,0.6470588235294118,0.2156862745098039,2.933333333333333,0.113
2026-09-23,Washington,Big Ten,2026,203,35,0.1727421613910353,0.4630541871921182,1.1340974221075195,0.6363636363636364,0.2142857142857142,2.8583333333333334,,192,35,-0.2143749631755618,0.328125,1.1532805941861888,0.25,0.3131313131313131,2.3252525252525253,0.229
2026-09-23,Washington State,Pac-12,2026,173,33,-0.0167903006838236,0.3815028901734104,1.1934044165153166,0.5,0.2083333333333333,2.966666666666667,,193,36,-0.033701780271225,0.38860103626943,1.2525054148736872,0.7777777777777778,0.202020202020202,2.782828282828283,0.124
2026-09-23,Western Kentucky,Conference USA,2026,219,40,-0.1531058142534202,0.3287671232876712,1.1135955916486944,0.6,0.2666666666666666,2.42,,189,39,0.4536063793837391,0.4973544973544973,1.4859691070365135,0.8888888888888888,0.1293103448275862,3.683620689655173,0.101
2026-09-23,Western Michigan,Mid-American,2026,193,34,0.162500019761641,0.4041450777202072,1.2110404254563358,0.7058823529411765,0.1538461538461538,2.809401709401709,,202,32,0.0145032863132086,0.4455445544554455,0.9861967995987728,0.7222222222222222,0.146788990825688,3.1275229357798167,0.129
2026-09-23,West Virginia,Big 12,2026,209,39,0.2805730586282013,0.4545454545454545,1.2531159844599569,0.8125,0.1366459627329192,3.1695652173913045,,210,37,0.0292486537971356,0.4047619047619047,1.195598762590559,0.6363636363636364,0.21875,2.7333333333333334,0.181
2026-09-23,Wisconsin,Big Ten,2026,180,29,0.2069186010153223,0.4444444444444444,1.3630650231023325,0.5833333333333334,0.1555555555555555,2.908888888888889,,191,31,-0.0079566843958456,0.3717277486910995,1.032472084559509,0.6923076923076923,0.0909090909090909,2.9626262626262627,0.147
2026-09-23,Wyoming,Mountain West,2026,178,32,0.0405817486950274,0.4213483146067415,1.061133420570343,1.0,0.1684210526315789,3.414736842105264,,195,31,0.1412199979036408,0.4512820512820513,1.1164747375570248,0.9523809523809524,0.1451612903225806,3.2604838709677417,0.118
2026-09-24,Air Force,Mountain West,2026,147,19,0.3168724868895267,0.5238095238095238,0.9836879949098816,1.0,0.0578512396694214,4.0239669421487605,,106,20,-0.0790044128664969,0.3113207547169811,1.5288427794559412,0.8,0.2280701754385964,2.526315789473684,0.142
2026-09-24,Akron,Mid-American,2026,201,35,0.0760537773204026,0.4626865671641791,0.9642795436287744,0.75,0.1511627906976744,3.58953488372093,,183,36,0.1806391980928112,0.4098360655737705,1.3769336394286464,0.7142857142857143,0.238095238095238,2.497619047619048,0.175
2026-09-24,Alabama,SEC,2026,210,35,0.276937413944714,0.5,1.211557126093941,0.7857142857142857,0.2,3.1525,,174,36,-0.1128315163795139,0.3333333333333333,1.4762735016109303,0.5,0.2625,1.7125,0.218
2026-09-24,App State,Sun Belt,2026,225,35,0.2785529402721717,0.48,1.3105648913066963,0.6923076923076923,0.2300884955752212,2.600884955752212,,193,35,0.0024673265621209,0.3782383419689119,1.1547520965544027,0.75,0.2470588235294117,2.2905882352941176,0.187
2026-09-24,Arizona,Big 12,2026,204,32,0.2301098030825181,0.5196078431372549,1.1195587301403327,0.8666666666666667,0.119047619047619,3.572619047619048,,179,31,0.0360810069522832,0.3631284916201117,1.3955765830928069,1.0,0.2238805970149253,2.816417910447761,0.156
2026-09-24,Arizona State,Big 12,2026,202,40,0.058158540254411,0.4158415841584158,1.3964621633387664,0.7777777777777778,0.1981132075471698,2.689622641509434,,189,39,0.0225517463198268,0.3703703703703703,1.1790414583455835,0.6363636363636364,0.1489361702127659,2.907446808510638,0.159
2026-09-24,Arkansas,SEC,2026,226,34,0.0383022155982356,0.4247787610619469,1.1062539239793383,0.8,0.1704545454545454,2.481818181818182,,174,35,0.2285549209831052,0.4540229885057471,1.228750709383848,0.8571428571428571,0.1847826086956521,3.1630434782608696,0.132
2026-09-24,Arkansas State,Sun Belt,2026,174,31,0.1200357682754458,0.4885057471264368,1.1593313158849805,0.7368421052631579,0.1290322580645161,3.49247311827957,,190,34,0.1941874610541074,0.4473684210526316,1.3599380152475555,0.7692307692307693,0.1376146788990825,3.210091743119266,0.126
2026-09-24,Army,American Athletic,2026,136,21,0.4233058887319205,0.5882352941176471,1.023133708359731,0.9090909090909092,0.1018518518518518,4.018518518518518,,110,21,0.1123930409096023,0.4181818181818181,1.1406168896883957,0.8,0.2222222222222222,2.7444444444444445,0.155
2026-09-24,Auburn,SEC,2026,227,35,0.1443936600058317,0.4493392070484581,1.2561727910422085,0.8333333333333334,0.1481481481481481,3.4611111111111112,,238,35,0.0362771775386438,0.3781512605042016,1.2569499493104437,0.7142857142857143,0.1842105263157894,2.517543859649123,0.164
2026-09-24,Ball State,Mid-American,2026,190,37,0.0440164557372078,0.3578947368421052,1.304953771433318,0.8571428571428571,0.1954022988505747,2.7045977011494253,,202,34,0.3685908929342485,0.4900990099009901,1.4124383797790196,0.7857142857142857,0.1649484536082474,3.2577319587628866,0.129
2026-09-24,Baylor,Big 12,2026,255,40,0.1401092397608013,0.4156862745098039,1.303217874476822,0.6666666666666666,0.1428571428571428,3.0753968253968256,,208,38,-0.1002542158990048,0.3076923076923077,1.2408576509914997,0.4444444444444444,0.2747252747252747,2.4703296703296704,0.202
2026-09-24,Boise State,Pac-12,2026,223,35,0.2779730706109856,0.4932735426008968,1.1621191163478115,0.7857142857142857,0.119047619047619,3.721428571428572,,167,37,0.0763821178325622,0.3473053892215569,1.8928305840697792,0.6666666666666666,0.2985074626865671,2.238805970149253,0.21
2026-09-24,Boston College,ACC,2026,198,35,-0.0383911333517676,0.398989898989899,1.1767920214347365,0.8,0.2403846153846154,2.9269230769230767,,199,33,0.0330811847969286,0.3819095477386934,1.312735823042808,0.5714285714285714,0.175438596491228,3.0298245614035086,0.176
2026-09-24,Bowling Green,Mid-American,2026,169,35,-0.0802672387005045,0.3431952662721893,0.9820377399462172,0.7777777777777778,0.2291666666666666,2.410416666666667,,189,31,0.3246426456190667,0.5026455026455027,1.3603279439569822,0.7222222222222222,0.1454545454545454,3.6627272727272726,0.085
2026-09-24,Buffalo,Mid-American,2026,215,43,0.0152340600741297,0.2883720930232558,1.2954483758796411,1.0,0.2043010752688172,2.455913978494624,,221,43,0.1442776358738583,0.3846153846153846,1.379185290728417,0.7142857142857143,0.2037037037037037,2.953703703703704,0.149
2026-09-24,BYU,Big 12,2026,187,34,0.4480384250707043,0.5989304812834224,1.15738475313615,0.9411764705882352,0.1217391304347826,3.9521739130434783,,187,33,-0.0606163601926305,0.3689839572192513,1.1821843427834813,0.7692307692307693,0.2236842105263158,2.4105263157894736,0.171
2026-09-24,California,ACC,2026,220,37,0.0936270135802845,0.4181818181818181,1.2582025646912127,0.7,0.2043010752688172,2.7440860215053764,,202,40,0.0004095294878604,0.3712871287128713,1.344650979277933,0.9166666666666666,0.1573033707865168,3.201123595505618,0.134
2026-09-24,Central Michigan,Mid-American,2026,177,31,0.0284302806192074,0.3785310734463277,1.1424182612957632,0.9,0.1023622047244094,3.420472440944882,,196,30,0.0829784009632448,0.4336734693877551,1.0484976060221636,1.0,0.1485148514851485,3.3059405940594058,0.148
2026-09-24,Charlotte,American Athletic,2026,198,34,0.0241744834829781,0.3838383838383838,1.247195635387338,0.6111111111111112,0.2584269662921348,2.4191011235955058,,203,35,0.2452845905090103,0.5024630541871922,1.239230366591621,0.8095238095238095,0.25,2.8134615384615387,0.113
2026-09-24,Cincinnati,Big 12,2026,219,36,0.3606084007050302,0.5159817351598174,1.2263927529442558,0.9047619047619048,0.1138211382113821,3.713821138211382,,189,34,0.0549113905009456,0.3915343915343915,1.339590996303524,0.5714285714285714,0.2195121951219512,2.973170731707317,0.201
2026-09-24,Clemson,ACC,2026,194,42,-0.0555810845546683,0.3350515463917525,1.118265605011746,0.7777777777777778,0.2527472527472527,2.621978021978022,,230,37,0.1031509515165862,0.4260869565217391,1.2482162564350845,0.7647058823529411,0.1111111111111111,3.537037037037037,0.152
2026-09-24,Coastal Carolina,Sun Belt,2026,198,37,0.2313155399751384,0.4595959595959596,1.3215119832573907,0.6363636363636364,0.1752577319587628,3.461855670103093,,198,39,0.0424394020262375,0.4141414141414141,1.034968241525209,0.75,0.1440677966101695,2.9016949152542373,0.157
2026-09-24,Colorado,Big 12,2026,212,36,0.1410327639438049,0.4150943396226415,1.296816853038718,0.7333333333333333,0.1160714285714285,3.2973214285714287,,209,37,0.0361235965512231,0.3923444976076555,1.2419615508626562,0.5384615384615384,0.3333333333333333,2.3504761904761904,0.201
2026-09-24,Colorado State,Pac-12,2026,204,37,0.2590947469119457,0.4509803921568627,1.4437885363298717,0.8125,0.2386363636363636,2.5534090909090907,,180,37,0.0626317568268446,0.4555555555555555,1.1339732275794865,0.9090909090909092,0.1517857142857142,3.407142857142857,0.211
2026-09-24,Delaware,Conference USA,2026,205,39,0.1066798338084509,0.4195121951219512,1.3337098877387443,0.6428571428571429,0.2159090909090909,2.6,,207,38,-0.0171581704983079,0.3623188405797101,1.2671183723139352,0.75,0.1648351648351648,2.8,0.208
2026-09-24,Duke,ACC,2026,207,35,0.2030408967844518,0.4057971014492754,1.2899466485869218,0.6923076923076923,0.1908396946564885,3.0641221374045804,,185,33,-0.0602553142440793,0.3891891891891892,1.0073238162407336,0.7777777777777778,0.1216216216216216,2.966216216216216,0.162
2026-09-24,East Carolina,American Athletic,2026,181,38,-0.0327519891781975,0.3535911602209944,1.1797205717722927,0.6666666666666666,0.2061855670103092,2.3804123711340206,,217,37,0.0731525341763409,0.3963133640552995,1.2891738260788386,0.5,0.2595419847328244,2.4366412213740456,0.147
2026-09-24,Eastern Michigan,Mid-American,2026,256,48,-0.0988357320550875,0.3515625,1.0942111052405452,0.7619047619047619,0.160377358490566,2.7943396226415094,,278,47,0.1642304419761711,0.4424460431654676,1.261627804236777,0.7142857142857143,0.1935483870967742,2.9483870967741934,0.173
2026-09-24,Florida,SEC,2026,208,33,0.4310986408980413,0.4855769230769231,1.4320887746366489,1.0,0.125,3.194166666666667,,226,37,-0.0812391056464467,0.3628318584070796,1.229193881109598,0.75,0.108433734939759,2.896385542168675,0.217
2026-09-24,Florida Atlantic,American Athletic,2026,239,35,0.0786787212485683,0.4142259414225941,1.1237432133730278,0.8235294117647058,0.1650485436893204,2.520388349514563,,203,34,0.2193398532502586,0.4285714285714285,1.5232917278478697,1.0,0.1759259259259259,2.922222222222222,0.163
2026-09-24,Florida International,Conference USA,2026,234,35,-0.0113264756490356,0.3803418803418803,1.230581692539764,0.7333333333333333,0.2142857142857142,2.5653061224489795,,195,33,-0.0085600416086502,0.3487179487179487,1.0857985869307574,0.7272727272727273,0.2134831460674157,2.157303370786517,0.164
2026-09-24,Florida State,ACC,2026,200,34,0.1938921730749031,0.41,1.5378588751904794,0.5333333333333333,0.1711711711711711,3.0531531531531533,,201,33,0.308530425268399,0.4626865671641791,1.4285567423271013,0.8888888888888888,0.1724137931034483,3.1586206896551725,0.149
2026-09-24,Fresno State,Pac-12,2026,179,37,0.066630785909705,0.3463687150837989,1.390916776503291,0.4545454545454545,0.2553191489361702,2.478723404255319,,206,36,-0.0418416152807807,0.4223300970873786,1.072078679075987,0.5625,0.2424242424242424,2.791919191919192,0.146
2026-09-24,Georgia,SEC,2026,189,38,0.5506805689621955,0.5767195767195767,1.3499643651416666,1.0,0.1188118811881188,3.918811881188119,,196,38,-0.0882889395087844,0.3316326530612244,1.1592592515525166,0.625,0.2560975609756097,1.8378048780487808,0.199
2026-09-24,Georgia Southern,Sun Belt,2026,218,37,0.0517563857173667,0.3990825688073394,1.1138796143115484,0.75,0.1411764705882353,3.0988235294117645,,191,38,-0.0450446294623054,0.2984293193717277,1.235281547468314,0.7142857142857143,0.3218390804597701,2.002298850574713,0.236
2026-09-24,Georgia State,Sun Belt,2026,228,36,0.255632625848521,0.4912280701754385,1.2398509323171691,0.6666666666666666,0.1440677966101695,3.5406779661016947,,169,35,0.0627579590083379,0.3727810650887574,1.2638678640384742,1.0,0.2142857142857142,3.194047619047619,0.154
2026-09-24,Georgia Tech,ACC,2026,189,32,0.1069938987032479,0.4391534391534391,1.1062930665398056,0.6923076923076923,0.2258064516129032,2.913978494623656,,208,33,0.1115689697985944,0.4086538461538461,1.1613843437554303,0.7333333333333333,0.1407407407407407,3.0459259259259257,0.173
2026-09-24,Hawai'i,Mountain West,2026,230,37,0.032940963609442,0.3739130434782609,1.1626258762976511,0.8,0.1842105263157894,3.098684210526316,,205,37,0.1296644642024741,0.4341463414634146,1.2594556887364166,0.6875,0.1261261261261261,3.28018018018018,0.146
2026-09-24,Houston,Big 12,2026,216,34,0.4280489811446559,0.5740740740740741,1.1340783382648518,0.9130434782608696,0.1,3.974166666666666,,179,35,0.0362222812055209,0.3631284916201117,1.3767542256379943,0.6,0.2432432432432432,2.093243243243243,0.218
2026-09-24,Illinois,Big Ten,2026,173,29,0.2925902193221822,0.5433526011560693,1.1915549539787242,0.6666666666666666,0.119047619047619,3.270238095238095,,205,29,0.0840350870783463,0.4,1.2627501768634204,0.75,0.2314814814814814,2.5259259259259257,0.146
2026-09-24,Indiana,Big Ten,2026,176,32,0.4820666734781705,0.5170454545454546,1.449190341675619,0.8235294117647058,0.0964912280701754,3.570175438596491,,179,34,-0.2238751682539298,0.2681564245810056,1.4045820343465054,0.4545454545454545,0.2696629213483146,2.1696629213483147,0.207
2026-09-24,Iowa,Big Ten,2026,203,37,0.2138265876506355,0.4729064039408867,1.2194749322923168,0.5294117647058824,0.1401869158878504,3.6598130841121495,,174,40,-0.2482330183091556,0.2413793103448276,1.0309294386987973,0.6666666666666666,0.2375,2.24875,0.207
2026-09-24,Iowa State,Big 12,2026,167,35,0.217224978974601,0.3892215568862275,1.386432524504266,0.75,0.1376146788990825,3.186238532110092,,182,38,-0.1553428255773321,0.3186813186813186,1.1011253824766654,0.6923076923076923,0.1919191919191919,2.3737373737373737,0.187
2026-09-24,Jacksonville State,Conference USA,2026,240,39,0.2098568482552485,0.4583333333333333,1.2433384396644824,0.75,0.2125984251968504,2.8133858267716536,,266,39,0.0220525868692947,0.4210526315789473,1.0319670236559164,0.8181818181818182,0.1604938271604938,2.974691358024691,0.148
2026-09-24,James Madison,Sun Belt,2026,188,34,0.3574088414100914,0.5053191489361702,1.2414056076670654,0.75,0.1495327102803738,3.37196261682243,,218,38,-0.2053323491259269,0.2798165137614679,1.3221115069673095,0.8,0.1848739495798319,2.421848739495798,0.156
2026-09-24,Kansas,Big 12,2026,220,37,0.2017564194220655,0.4409090909090909,1.4288824563386082,0.5454545454545454,0.0991735537190082,3.268595041322314,,195,39,-0.0675022519168581,0.3076923076923077,1.2346084307154783,0.75,0.25,2.132142857142857,0.2
2026-09-24,Kansas State,Big 12,2026,215,34,0.3425068815785244,0.5302325581395348,1.3053117643891836,0.7692307692307693,0.15,3.276666666666667,,172,34,-0.1610606731823716,0.2732558139534883,1.3900913470198084,0.4444444444444444,0.2795698924731182,2.10752688172043,0.262
2026-09-24,Kennesaw State,Conference USA,2026,206,36,0.1070914555110887,0.4563106796116505,1.0927372016862915,0.8571428571428571,0.2234042553191489,3.075531914893617,,190,35,0.1218668276874844,0.4105263157894737,1.0811429725156738,0.9,0.1891891891891892,3.205405405405405,0.095
2026-09-24,Kent State,Mid-American,2026,178,36,-0.1127459232194841,0.3033707865168539,1.2519576869538582,0.5555555555555556,0.2142857142857142,2.9255102040816325,,193,38,0.2420697151288888,0.533678756476684,1.1771838688351126,0.8235294117647058,0.1237113402061855,3.502061855670103,0.13
2026-09-24,Kentucky,SEC,2026,183,34,0.197592010357627,0.4808743169398907,1.1916657397526205,0.75,0.1789473684210526,3.130526315789474,,215,31,0.0279597912971639,0.4372093023255814,1.139726585134772,0.75,0.1958762886597938,2.831958762886598,0.186
2026-09-24,Liberty,Conference USA,2026,200,34,0.0818778462806586,0.43,1.304269078619548,0.6875,0.1293103448275862,3.092241379310345,,181,33,0.0783254706527976,0.3867403314917127,1.2356304284969253,0.6666666666666666,0.21875,2.95625,0.204
2026-09-24,Louisiana,Sun Belt,2026,192,33,0.2021796581974875,0.4375,1.2432876137468538,0.75,0.1610169491525423,3.180508474576272,,197,33,-0.06258017633343,0.4263959390862944,1.142978736577307,0.5,0.2210526315789473,2.726315789473684,0.152
2026-09-24,Louisiana Tech,Sun Belt,2026,193,41,0.0147704176735784,0.3367875647668393,1.4428676625000247,0.5,0.2268041237113402,2.6484536082474226,,219,43,-0.0117915486855234,0.3470319634703196,1.305153941737421,0.6666666666666666,0.2301587301587301,2.063492063492064,0.242
2026-09-24,Louisville,ACC,2026,195,39,0.4369732495800964,0.5282051282051282,1.3719114071977687,0.6666666666666666,0.1909090909090909,2.8545454545454545,,224,38,0.0776854832775102,0.3928571428571428,1.239628764374254,0.6086956521739131,0.1181818181818181,2.883636363636364,0.138
2026-09-24,LSU,SEC,2026,252,37,0.2131279352418512,0.4880952380952381,1.2496780329097714,0.7,0.1594202898550724,3.0318840579710145,,179,38,-0.1478507261367945,0.2905027932960894,1.2710532146221185,0.8333333333333334,0.2676056338028169,1.7887323943661972,0.223
2026-09-24,Marshall,Sun Belt,2026,191,35,0.0580684059707012,0.418848167539267,1.0677573277672456,0.6470588235294118,0.2336448598130841,2.774766355140187,,208,32,0.3261686843091499,0.5,1.1627874499307769,0.8571428571428571,0.11,3.49,0.106
2026-09-24,Maryland,Big Ten,2026,224,34,0.346887270517728,0.5267857142857143,1.2529993753707287,0.6842105263157895,0.1789473684210526,3.409473684210526,,181,33,0.0135410006108871,0.3701657458563536,1.2472385291318822,0.75,0.2584269662921348,1.9168539325842693,0.149
2026-09-24,Massachusetts,Mid-American,2026,166,33,0.2868497366072975,0.4698795180722891,1.233371509758613,0.625,0.1515151515151515,3.375757575757576,,194,36,-0.1467312245881031,0.3350515463917525,1.2112790441286214,0.6,0.2584269662921348,2.308988764044944,0.17
2026-09-24,Memphis,American Athletic,2026,254,44,0.2620660130099108,0.4724409448818897,1.369827052932887,0.75,0.1478873239436619,3.4640845070422537,,275,45,0.1795247018535912,0.4181818181818181,1.399864399561085,0.8421052631578947,0.126865671641791,3.388805970149254,0.149
2026-09-24,Miami,ACC,2026,212,38,0.4532696254610958,0.5660377358490566,1.2823020411686614,0.8333333333333334,0.128440366972477,3.779816513761468,,177,35,-0.0345335442366272,0.3446327683615819,1.0799734273264323,0.75,0.2592592592592592,2.335185185185185,0.141
2026-09-24,Miami (OH),Mid-American,2026,173,31,0.2590782238413193,0.4335260115606936,1.4001786129229967,0.75,0.188235294117647,3.048235294117647,,200,34,0.2002611923552745,0.47,1.2598345274582343,0.7857142857142857,0.2278481012658227,2.7037974683544306,0.1
2026-09-24,Michigan,Big Ten,2026,177,31,0.1828684963449695,0.4293785310734463,1.2246873889498353,0.7272727272727273,0.1359223300970873,3.10873786407767,,181,33,-0.1301153292362241,0.3204419889502762,1.078546934620456,0.7142857142857143,0.2525252525252525,2.613131313131313,0.193
2026-09-24,Michigan State,Big Ten,2026,206,29,0.0849340285950844,0.4368932038834951,1.126866158183978,0.6666666666666666,0.1929824561403508,2.9894736842105263,,163,29,0.1139233820112888,0.4171779141104294,1.1901511284007966,0.6153846153846154,0.2771084337349397,2.763855421686747,0.166
2026-09-24,Middle Tennessee,Conference USA,2026,189,30,0.2230155111541028,0.4232804232804232,1.189863169661794,0.6666666666666666,0.1,3.8,,171,32,0.0684229448121757,0.4093567251461988,1.1614491945782257,0.6363636363636364,0.2244897959183673,2.6806122448979592,0.135
2026-09-24,Minnesota,Big Ten,2026,202,33,0.1541690472222062,0.495049504950495,1.069288990135684,0.6666666666666666,0.2261904761904762,2.567857142857143,,175,35,0.0317479921445978,0.3657142857142857,1.0963292984839197,0.5833333333333334,0.2747252747252747,2.69010989010989,0.22
2026-09-24,Mississippi State,SEC,2026,211,35,0.4624899417763746,0.5355450236966824,1.334741918698522,0.75,0.1858407079646017,3.4787610619469027,,215,34,-0.0178130956074428,0.3488372093023256,1.1557258020648962,0.5384615384615384,0.160919540229885,2.854022988505747,0.149
2026-09-24,Missouri,SEC,2026,203,39,0.2296924393353562,0.4334975369458128,1.285256381938105,0.6363636363636364,0.1785714285714285,3.1107142857142858,,193,37,-0.0735090772523909,0.3160621761658031,1.4936472773462453,0.8,0.2424242424242424,2.3212121212121213,0.254
2026-09-24,Missouri State,Conference USA,2026,184,32,0.1780983624264895,0.4347826086956521,1.2412250421899569,0.7777777777777778,0.1545454545454545,3.1,,218,33,0.2412781168390911,0.5045871559633027,1.0400010396141783,0.8666666666666667,0.1532258064516129,3.520967741935484,0.17
2026-09-24,Navy,American Athletic,2026,136,21,0.3197706471886218,0.5294117647058824,1.205369775240681,1.0,0.102803738317757,3.885046728971963,,122,21,0.1470620016920992,0.3934426229508196,1.3645400299509731,1.0,0.2280701754385964,2.631578947368421,0.148
2026-09-24,NC State,ACC,2026,202,37,0.2024040085401232,0.4702970297029702,1.260064759274924,0.7777777777777778,0.1333333333333333,3.303809523809524,,180,37,0.1306884503148467,0.4111111111111111,1.2279082534076984,0.7894736842105263,0.17,2.899,0.156
2026-09-24,Nebraska,Big Ten,2026,212,31,0.4705787780293003,0.5141509433962265,1.4704221468151208,0.7368421052631579,0.1271186440677966,3.630508474576271,,175,34,0.025326446650141,0.3314285714285714,1.387356724013442,0.75,0.1612903225806451,2.9720430107526883,0.183
2026-09-24,Nevada,Mountain West,2026,189,33,0.0782585032921113,0.4179894179894179,1.289663356620314,0.6666666666666666,0.1981981981981982,3.1648648648648647,,218,34,0.1036882953044283,0.4174311926605504,1.0519941338314225,0.65,0.1810344827586207,3.132758620689655,0.124
2026-09-24,New Mexico,Mountain West,2026,201,37,0.1020851442163245,0.4079601990049751,1.1669383976411618,0.8666666666666667,0.1507936507936507,3.1880952380952383,,166,37,-0.2195335782064906,0.2710843373493976,1.4141618090723207,0.4285714285714285,0.2441860465116279,1.722093023255814,0.259
2026-09-24,New Mexico State,Conference USA,2026,201,34,0.1547919421257269,0.4378109452736318,1.4261327937630708,0.6875,0.1428571428571428,3.207692307692308,,202,35,0.0958815223181676,0.4158415841584158,1.162391545945404,0.8333333333333334,0.2247191011235955,2.953932584269663,0.129
2026-09-24,North Carolina,ACC,2026,182,30,0.1180247926500402,0.4835164835164835,1.037750541807011,0.7777777777777778,0.125,3.871590909090909,,206,32,-0.0188311190592386,0.3932038834951456,1.0238332099979035,0.875,0.1224489795918367,2.9397959183673468,0.141
2026-09-24,North Dakota State,Mountain West,2026,260,41,0.156824607490598,0.4,1.4137345404833734,0.6923076923076923,0.1907894736842105,2.8263157894736843,,240,42,-0.1560976801881319,0.3916666666666666,1.024351033572395,0.7142857142857143,0.1796875,2.64609375,0.183
2026-09-24,Northern Illinois,Mountain West,2026,192,35,-0.1421253070922878,0.3489583333333333,1.1175429377352588,0.7333333333333333,0.2151898734177215,2.4949367088607595,,210,33,0.1376337108568447,0.4476190476190476,1.2629835439944463,0.6,0.1702127659574468,3.0553191489361704,0.124
2026-09-24,North Texas,American Athletic,2026,224,33,0.2090856702992057,0.4464285714285714,1.322265598128833,0.625,0.1862745098039215,2.9745098039215687,,190,32,0.2626747004670615,0.4842105263157895,1.2306632228056182,0.7727272727272727,0.1491228070175438,2.7578947368421054,0.116
2026-09-24,Northwestern,Big Ten,2026,130,24,0.3269323003442659,0.4923076923076923,1.236951439189153,0.8,0.2151898734177215,2.8835443037974686,,151,24,-0.0039632975436486,0.4172185430463576,1.071614089404182,0.6428571428571429,0.1176470588235294,3.492647058823529,0.185
2026-09-24,Notre Dame,FBS Independents,2026,198,30,0.316346422122672,0.5,1.1222427643617632,0.7333333333333333,0.1619047619047619,2.821904761904762,,156,30,-0.1444419088076508,0.3269230769230769,1.2701124761136722,0.7,0.2441860465116279,2.082558139534884,0.263
2026-09-24,Ohio,Mid-American,2026,194,32,0.1760447899783281,0.4175257731958763,1.2350845700078568,0.8571428571428571,0.0909090909090909,3.518181818181818,,216,31,0.3731491291503761,0.4768518518518518,1.3719310728007073,0.8,0.1777777777777777,3.1555555555555554,0.147
2026-09-24,Ohio State,Big Ten,2026,202,37,0.35170049964027,0.504950495049505,1.3646734482408862,0.75,0.1818181818181818,3.078787878787878,,196,38,-0.2086726749594825,0.3163265306122449,1.0547410128161352,0.6666666666666666,0.2234042553191489,2.4191489361702128,0.199
2026-09-24,Oklahoma,SEC,2026,185,32,0.0501711068518333,0.4162162162162162,1.1749275382998827,0.5,0.2604166666666667,2.6416666666666666,,174,34,-0.2307965362165965,0.2816091954022988,1.3175949208260729,0.5714285714285714,0.2115384615384615,2.265384615384616,0.236
2026-09-24,Oklahoma State,Big 12,2026,250,39,0.0922393125795199,0.472,1.0950655912831722,0.5789473684210527,0.1735537190082644,3.2049586776859504,,165,37,-0.0206451725666623,0.3393939393939394,1.2080796695595188,0.6666666666666666,0.1927710843373494,2.809638554216868,0.158
2026-09-24,Old Dominion,Sun Belt,2026,170,37,-0.0720741806844938,0.3294117647058823,1.4525635082526005,0.2222222222222222,0.324074074074074,1.537962962962963,,217,35,-0.0767543796980638,0.3133640552995391,1.2768720082381484,0.5333333333333333,0.2396694214876033,2.262809917355372,0.184
2026-09-24,Ole Miss,SEC,2026,213,33,0.2886576608420783,0.5070422535211268,1.231046985053771,0.7894736842105263,0.1954022988505747,2.7574712643678163,,199,33,0.1710211296922756,0.4221105527638191,1.21395456162181,0.7142857142857143,0.25,2.694444444444444,0.166
2026-09-24,Oregon,Big Ten,2026,220,39,0.2919794366357967,0.4863636363636364,1.386236824560801,0.9285714285714286,0.0909090909090909,3.68989898989899,,192,41,-0.1109297369096197,0.3489583333333333,1.108797512817691,0.7,0.1931818181818181,2.6170454545454547,0.151
2026-09-24,Oregon State,Pac-12,2026,214,38,0.2398339360225031,0.4018691588785046,1.508537700942421,0.7142857142857143,0.0857142857142857,3.1314285714285712,,223,38,0.1790414495411041,0.4349775784753363,1.166465332822905,0.8666666666666667,0.1495327102803738,3.1158878504672898,0.161
2026-09-24,Penn State,Big Ten,2026,207,36,0.34780585097408,0.4734299516908212,1.337203084233558,0.7058823529411765,0.1333333333333333,2.8375,,175,36,-0.1286610303929015,0.2971428571428571,1.0268211350241472,0.7272727272727273,0.2527472527472527,2.365934065934066,0.189
2026-09-24,Pittsburgh,ACC,2026,209,34,0.1798409749910745,0.4593301435406698,1.2203820813959565,0.625,0.2075471698113207,3.016981132075472,,186,34,-0.0807343788416286,0.3225806451612903,1.3833742987329558,0.5833333333333334,0.2702702702702703,1.9472972972972973,0.172
2026-09-24,Purdue,Big Ten,2026,217,31,0.3316169135349793,0.4930875576036866,1.275922537054274,0.7857142857142857,0.16,3.005,,198,31,0.3405178877497243,0.4797979797979798,1.4626232651421016,0.7333333333333333,0.1588785046728972,3.3130841121495327,0.141
2026-09-24,Rice,American Athletic,2026,191,31,0.0327225514539859,0.4240837696335078,1.0559310952793748,0.7272727272727273,0.1310344827586207,3.387586206896552,,191,29,0.0991945792255448,0.4293193717277487,1.210432616956576,0.625,0.1495327102803738,2.760747663551402,0.152
2026-09-24,Rutgers,Big Ten,2026,201,33,0.0286258527760239,0.4427860696517413,1.396752914034643,0.6086956521739131,0.1888888888888888,2.8922222222222222,,193,33,0.2233114117815763,0.4715025906735751,1.1546272815490397,0.75,0.1683168316831683,3.3356435643564355,0.088
2026-09-24,Sacramento State,Mid-American,2026,270,50,-0.0436657708863149,0.4111111111111111,1.1126741345903286,0.72,0.2905982905982906,2.5264957264957264,,249,50,0.0964973744151637,0.3534136546184739,1.4564135807778162,0.5833333333333334,0.2,2.6224,0.133
2026-09-24,Sam Houston,Conference USA,2026,213,38,0.2246783800406425,0.4788732394366197,1.2474047701573576,0.6666666666666666,0.1797752808988764,2.928089887640449,,198,39,-0.0330816017375582,0.2979797979797979,1.4230156451687817,0.7142857142857143,0.2037037037037037,2.8,0.222
2026-09-24,San Diego State,Pac-12,2026,199,36,-0.0561242555484496,0.3618090452261306,1.0839407663435283,0.6470588235294118,0.188034188034188,3.206837606837607,,223,39,0.0630492397412313,0.4349775784753363,0.97835238518487,0.9285714285714286,0.1052631578947368,3.418421052631579,0.103
2026-09-24,San José State,Mountain West,2026,283,52,0.0822088440580657,0.3957597173144876,1.2244504887603835,0.5714285714285714,0.1860465116279069,3.182170542635659,,287,52,0.0660974308409856,0.4355400696864111,1.0704314495810316,0.8333333333333334,0.1693548387096774,2.9306451612903226,0.136
2026-09-24,SMU,ACC,2026,204,37,0.2742057345207169,0.5049019607843137,1.3627679801780308,0.5333333333333333,0.1578947368421052,3.165263157894737,,192,39,0.0710770264920301,0.3802083333333333,1.352419766320495,0.4,0.2178217821782178,2.756435643564356,0.182
2026-09-24,South Alabama,Sun Belt,2026,233,31,0.2363478717382497,0.4377682403433476,1.2850954385738118,0.7727272727272727,0.1301369863013698,3.271917808219178,,149,31,0.2527470730986052,0.4295302013422818,1.6142257620678602,0.5,0.217391304347826,2.643478260869565,0.208
2026-09-24,South Carolina,SEC,2026,221,34,0.3261471565256313,0.5158371040723982,1.2391528244404897,0.8,0.1043478260869565,3.9008695652173913,,178,37,0.036635015912651,0.3258426966292135,1.4436034986211337,0.5714285714285714,0.240506329113924,2.288607594936709,0.135
2026-09-24,Southern Miss,Sun Belt,2026,222,36,0.0121603839015959,0.4504504504504504,1.0630636712234078,0.8421052631578947,0.0865384615384615,3.5932692307692307,,219,37,0.1197845818211172,0.4246575342465753,1.1988653470188622,0.6666666666666666,0.1666666666666666,3.3904761904761904,0.132
2026-09-24,South Florida,American Athletic,2026,180,31,0.3384235669194311,0.5333333333333333,1.1780580178498568,0.8461538461538461,0.1847826086956521,3.213043478260869,,199,30,0.0405993339548307,0.4371859296482412,0.9700960638211812,0.6153846153846154,0.2641509433962264,2.416037735849057,0.171
2026-09-24,Stanford,ACC,2026,199,36,0.0752136337236247,0.3819095477386934,1.1229018809424869,0.8888888888888888,0.1794871794871795,2.935897435897436,,217,38,0.2967084639386816,0.4608294930875576,1.3321584513117422,0.8333333333333334,0.15,3.119,0.115
2026-09-24,Syracuse,ACC,2026,238,36,0.0383775209160952,0.3991596638655462,1.3301522483231214,0.8,0.2201834862385321,2.851376146788991,,183,36,-0.1262747420529368,0.360655737704918,1.0874549775292308,0.75,0.2333333333333333,2.628888888888889,0.186
2026-09-24,TCU,Big 12,2026,211,35,0.2528380332475796,0.4928909952606635,1.238970475180872,0.8125,0.1545454545454545,3.283636363636364,,168,35,-0.1444674650869876,0.3392857142857143,1.0465250723410555,0.3333333333333333,0.2098765432098765,2.596296296296296,0.202
2026-09-24,Temple,American Athletic,2026,194,31,0.2064996009011803,0.422680412371134,1.259770558513239,0.7368421052631579,0.1788617886178861,3.1089430894308943,,201,32,0.196889199079938,0.4527363184079602,1.2561650428470652,0.7368421052631579,0.125,2.5079545454545453,0.134
2026-09-24,Tennessee,SEC,2026,210,34,0.3697233936239898,0.5142857142857142,1.233404781409596,0.8571428571428571,0.1297709923664122,3.812977099236641,,198,36,-0.0693951529507692,0.3636363636363636,1.0311905971277928,0.75,0.2023809523809523,3.344047619047619,0.207
2026-09-24,Texas,SEC,2026,231,32,0.1744514578956095,0.4848484848484848,1.136578631406744,0.75,0.1885245901639344,2.978688524590164,,183,33,-0.0055869502781523,0.3715846994535519,1.0957046887536914,0.7272727272727273,0.2111111111111111,2.556666666666666,0.195
2026-09-24,Texas A&M,SEC,2026,236,35,0.1114101420868434,0.4703389830508475,1.0940613057765285,0.8823529411764706,0.1637931034482758,3.218103448275862,,160,36,-0.086098887877876,0.3625,1.2508897512329626,0.6666666666666666,0.2117647058823529,2.603529411764706,0.188
2026-09-24,Texas State,Pac-12,2026,224,34,0.216715044700096,0.4910714285714285,1.1847606512006283,0.7647058823529411,0.1386861313868613,3.2007299270073,,230,31,0.2978838404620628,0.4956521739130435,1.2771723855589443,0.7142857142857143,0.2340425531914893,2.7180851063829787,0.139
2026-09-24,Texas Tech,Big 12,2026,212,36,0.2431502465833682,0.4575471698113207,1.2081149389696697,0.7894736842105263,0.1696428571428571,3.0875,,211,35,0.095567927287579,0.3649289099526066,1.3548424344505172,0.7777777777777778,0.1538461538461538,3.1615384615384614,0.166
2026-09-24,Toledo,Mid-American,2026,193,34,0.2932382189060282,0.4404145077720207,1.6316508194914496,0.6666666666666666,0.1954022988505747,2.935632183908046,,220,37,0.0222867176178451,0.3318181818181818,1.288577722862069,0.4615384615384615,0.1932773109243697,2.8134453781512603,0.123
2026-09-24,Troy,Sun Belt,2026,211,40,0.0901258584683448,0.3649289099526066,1.4351472824958629,0.5625,0.25,2.6939655172413794,,181,38,-0.0026395971765262,0.3535911602209944,1.3327526232476297,0.5714285714285714,0.2926829268292683,2.009756097560976,0.204
2026-09-24,Tulane,American Athletic,2026,166,31,0.0890934953648456,0.3373493975903614,1.5103032600923938,0.7142857142857143,0.2179487179487179,2.517948717948718,,219,33,0.1519099466283558,0.4063926940639269,1.2833946433558132,0.7692307692307693,0.1774193548387097,2.975806451612903,0.096
2026-09-24,Tulsa,American Athletic,2026,202,35,0.166622374647283,0.4158415841584158,1.2613691904505455,0.9166666666666666,0.1441441441441441,3.256756756756757,,226,36,-0.1221300230839853,0.3761061946902654,0.9906027630152234,0.5294117647058824,0.1868131868131868,2.856043956043956,0.15
2026-09-24,UAB,American Athletic,2026,208,29,0.0148238947160605,0.4326923076923077,1.1080284941044225,0.75,0.1570247933884297,3.2049586776859504,,178,30,0.0728722794811841,0.4382022471910112,1.0609128960443928,0.5625,0.1391304347826087,3.3,0.124
2026-09-24,UCF,Big 12,2026,172,37,0.1727481309853076,0.4302325581395348,1.3946726958072928,0.75,0.1578947368421052,3.2726315789473683,,221,40,-0.0406722511693375,0.334841628959276,1.2851599438426071,0.5384615384615384,0.247787610619469,2.380530973451328,0.163
2026-09-24,UCLA,Big Ten,2026,201,38,0.3552007319883112,0.5223880597014925,1.2779447950822382,0.9285714285714286,0.0762711864406779,4.202542372881356,,205,36,0.0197403328514322,0.3658536585365853,1.3899473527373376,0.8,0.202020202020202,2.7191919191919194,0.166
2026-09-24,UConn,FBS Independents,2026,200,38,0.2671869408141368,0.45,1.38969001356247,0.6363636363636364,0.1636363636363636,3.219090909090909,,228,38,-0.0256965036693228,0.3771929824561403,1.180963699199186,0.6428571428571429,0.1888888888888888,2.7466666666666666,0.171
2026-09-24,UL Monroe,Sun Belt,2026,215,37,-0.1102828858206328,0.4232558139534884,1.0167667649264416,0.5882352941176471,0.128440366972477,3.118348623853211,,204,34,0.3069148165989196,0.5147058823529411,1.2165785599101062,0.8,0.1578947368421052,3.491228070175439,0.127
2026-09-24,UNLV,Mountain West,2026,218,37,-0.0524893094452806,0.3532110091743119,1.1623632231536607,0.6875,0.1504424778761062,3.023008849557522,,206,35,0.1471056400027092,0.4126213592233009,1.1832290095991715,0.7777777777777778,0.1515151515151515,3.576767676767677,0.15
2026-09-24,USC,Big Ten,2026,285,39,0.3172149034620953,0.5614035087719298,1.1218387249301065,0.782608695652174,0.1689189189189189,3.3493243243243245,,225,40,0.1136148811234199,0.4133333333333333,1.313014229751831,0.8571428571428571,0.1851851851851851,2.661111111111111,0.124
2026-09-24,Utah,Big 12,2026,213,36,0.3326252204818921,0.5023474178403756,1.3941437878636935,0.75,0.188034188034188,3.5547008547008545,,196,35,-0.0605487424304241,0.3010204081632653,1.3952263291746685,0.6666666666666666,0.1333333333333333,2.7546666666666666,0.199
2026-09-24,Utah State,Pac-12,2026,202,35,-0.1375122490202878,0.3415841584158416,1.3274396086992413,0.1428571428571428,0.2222222222222222,3.013333333333333,,215,37,0.0852731829154448,0.4,1.1714980022413382,0.6875,0.2234042553191489,2.6042553191489364,0.126
2026-09-24,UTEP,Mountain West,2026,161,36,-0.1670547546022537,0.3788819875776397,1.2093960811683706,0.5,0.2947368421052631,2.4105263157894736,,195,34,0.2343692976201657,0.4615384615384615,1.1790187123625142,0.625,0.2327586206896551,2.8836206896551726,0.133
2026-09-24,UTSA,American Athletic,2026,180,34,0.2101262319095406,0.4722222222222222,1.013611011087677,0.8461538461538461,0.1707317073170731,2.9353658536585368,,245,37,0.0051964931518679,0.4408163265306122,0.9656743845393384,0.625,0.1307692307692307,3.396153846153846,0.133
2026-09-24,Vanderbilt,SEC,2026,193,33,0.1750344723011998,0.4352331606217616,1.2154990741584226,0.8571428571428571,0.1354166666666666,3.173958333333333,,196,36,-0.0563285903853769,0.3520408163265306,1.3382165592887385,0.75,0.2111111111111111,2.5122222222222224,0.209
2026-09-24,Virginia,ACC,2026,207,37,0.2731213872965063,0.4879227053140096,1.1442216021106064,0.8421052631578947,0.1395348837209302,3.427906976744186,,186,38,-0.1215454879015738,0.3494623655913978,0.9670166017539398,0.7,0.1881188118811881,2.8346534653465345,0.183
2026-09-24,Virginia Tech,ACC,2026,239,34,0.3443433238106643,0.502092050209205,1.2437734102848277,0.7307692307692307,0.1826086956521739,3.000869565217392,,172,36,-0.0370277989725974,0.3197674418604651,1.3886092407250907,0.625,0.4523809523809524,0.3095238095238095,0.279
2026-09-24,Wake Forest,ACC,2026,201,31,0.3008859355084873,0.4577114427860697,1.3264486626976404,0.7142857142857143,0.1547619047619047,3.013095238095238,,222,33,0.1788723043143173,0.481981981981982,0.9825144357948696,0.6470588235294118,0.2156862745098039,2.933333333333333,0.113
2026-09-24,Washington,Big Ten,2026,203,35,0.1727421613910353,0.4630541871921182,1.1340974221075195,0.6363636363636364,0.2142857142857142,2.8583333333333334,,192,35,-0.2143749631755618,0.328125,1.1532805941861888,0.25,0.3131313131313131,2.3252525252525253,0.229
2026-09-24,Washington State,Pac-12,2026,173,33,-0.0167903006838236,0.3815028901734104,1.1934044165153166,0.5,0.2083333333333333,2.966666666666667,,193,36,-0.033701780271225,0.38860103626943,1.2525054148736872,0.7777777777777778,0.202020202020202,2.782828282828283,0.124
2026-09-24,Western Kentucky,Conference USA,2026,219,40,-0.1531058142534202,0.3287671232876712,1.1135955916486944,0.6,0.2666666666666666,2.42,,189,39,0.4536063793837391,0.4973544973544973,1.4859691070365135,0.8888888888888888,0.1293103448275862,3.683620689655173,0.101
2026-09-24,Western Michigan,Mid-American,2026,193,34,0.162500019761641,0.4041450777202072,1.2110404254563358,0.7058823529411765,0.1538461538461538,2.809401709401709,,202,32,0.0145032863132086,0.4455445544554455,0.9861967995987728,0.7222222222222222,0.146788990825688,3.1275229357798167,0.129
2026-09-24,West Virginia,Big 12,2026,209,39,0.2805730586282013,0.4545454545454545,1.2531159844599569,0.8125,0.1366459627329192,3.1695652173913045,,210,37,0.0292486537971356,0.4047619047619047,1.195598762590559,0.6363636363636364,0.21875,2.7333333333333334,0.181
2026-09-24,Wisconsin,Big Ten,2026,180,29,0.2069186010153223,0.4444444444444444,1.3630650231023325,0.5833333333333334,0.1555555555555555,2.908888888888889,,191,31,-0.0079566843958456,0.3717277486910995,1.032472084559509,0.6923076923076923,0.0909090909090909,2.9626262626262627,0.147
2026-09-24,Wyoming,Mountain West,2026,178,32,0.0405817486950274,0.4213483146067415,1.061133420570343,1.0,0.1684210526315789,3.414736842105264,,195,31,0.1412199979036408,0.4512820512820513,1.1164747375570248,0.9523809523809524,0.1451612903225806,3.2604838709677417,0.118
2026-09-25,Air Force,Mountain West,2026,147,19,0.3168724868895267,0.5238095238095238,0.9836879949098816,1.0,0.0578512396694214,4.0239669421487605,,106,20,-0.0790044128664969,0.3113207547169811,1.5288427794559412,0.8,0.2280701754385964,2.526315789473684,0.142
2026-09-25,Akron,Mid-American,2026,201,35,0.0760537773204026,0.4626865671641791,0.9642795436287744,0.75,0.1511627906976744,3.58953488372093,,183,36,0.1806391980928112,0.4098360655737705,1.3769336394286464,0.7142857142857143,0.238095238095238,2.497619047619048,0.175
2026-09-25,Alabama,SEC,2026,210,35,0.276937413944714,0.5,1.211557126093941,0.7857142857142857,0.2,3.1525,,174,36,-0.1128315163795139,0.3333333333333333,1.4762735016109303,0.5,0.2625,1.7125,0.218
2026-09-25,App State,Sun Belt,2026,225,35,0.2785529402721717,0.48,1.3105648913066963,0.6923076923076923,0.2300884955752212,2.600884955752212,,193,35,0.0024673265621209,0.3782383419689119,1.1547520965544027,0.75,0.2470588235294117,2.2905882352941176,0.187
2026-09-25,Arizona,Big 12,2026,204,32,0.2301098030825181,0.5196078431372549,1.1195587301403327,0.8666666666666667,0.119047619047619,3.572619047619048,,179,31,0.0360810069522832,0.3631284916201117,1.3955765830928069,1.0,0.2238805970149253,2.816417910447761,0.156
2026-09-25,Arizona State,Big 12,2026,202,40,0.058158540254411,0.4158415841584158,1.3964621633387664,0.7777777777777778,0.1981132075471698,2.689622641509434,,189,39,0.0225517463198268,0.3703703703703703,1.1790414583455835,0.6363636363636364,0.1489361702127659,2.907446808510638,0.159
2026-09-25,Arkansas,SEC,2026,226,34,0.0383022155982356,0.4247787610619469,1.1062539239793383,0.8,0.1704545454545454,2.481818181818182,,174,35,0.2285549209831052,0.4540229885057471,1.228750709383848,0.8571428571428571,0.1847826086956521,3.1630434782608696,0.132
2026-09-25,Arkansas State,Sun Belt,2026,174,31,0.1200357682754458,0.4885057471264368,1.1593313158849805,0.7368421052631579,0.1290322580645161,3.49247311827957,,190,34,0.1941874610541074,0.4473684210526316,1.3599380152475555,0.7692307692307693,0.1376146788990825,3.210091743119266,0.126
2026-09-25,Army,American Athletic,2026,136,21,0.4233058887319205,0.5882352941176471,1.023133708359731,0.9090909090909092,0.1018518518518518,4.018518518518518,,110,21,0.1123930409096023,0.4181818181818181,1.1406168896883957,0.8,0.2222222222222222,2.7444444444444445,0.155
2026-09-25,Auburn,SEC,2026,227,35,0.1443936600058317,0.4493392070484581,1.2561727910422085,0.8333333333333334,0.1481481481481481,3.4611111111111112,,238,35,0.0362771775386438,0.3781512605042016,1.2569499493104437,0.7142857142857143,0.1842105263157894,2.517543859649123,0.164
2026-09-25,Ball State,Mid-American,2026,190,37,0.0440164557372078,0.3578947368421052,1.304953771433318,0.8571428571428571,0.1954022988505747,2.7045977011494253,,202,34,0.3685908929342485,0.4900990099009901,1.4124383797790196,0.7857142857142857,0.1649484536082474,3.2577319587628866,0.129
2026-09-25,Baylor,Big 12,2026,255,40,0.1401092397608013,0.4156862745098039,1.303217874476822,0.6666666666666666,0.1428571428571428,3.0753968253968256,,208,38,-0.1002542158990048,0.3076923076923077,1.2408576509914997,0.4444444444444444,0.2747252747252747,2.4703296703296704,0.202
2026-09-25,Boise State,Pac-12,2026,223,35,0.2779730706109856,0.4932735426008968,1.1621191163478115,0.7857142857142857,0.119047619047619,3.721428571428572,,167,37,0.0763821178325622,0.3473053892215569,1.8928305840697792,0.6666666666666666,0.2985074626865671,2.238805970149253,0.21
2026-09-25,Boston College,ACC,2026,198,35,-0.0383911333517676,0.398989898989899,1.1767920214347365,0.8,0.2403846153846154,2.9269230769230767,,199,33,0.0330811847969286,0.3819095477386934,1.312735823042808,0.5714285714285714,0.175438596491228,3.0298245614035086,0.176
2026-09-25,Bowling Green,Mid-American,2026,169,35,-0.0802672387005045,0.3431952662721893,0.9820377399462172,0.7777777777777778,0.2291666666666666,2.410416666666667,,189,31,0.3246426456190667,0.5026455026455027,1.3603279439569822,0.7222222222222222,0.1454545454545454,3.6627272727272726,0.085
2026-09-25,Buffalo,Mid-American,2026,215,43,0.0152340600741297,0.2883720930232558,1.2954483758796411,1.0,0.2043010752688172,2.455913978494624,,221,43,0.1442776358738583,0.3846153846153846,1.379185290728417,0.7142857142857143,0.2037037037037037,2.953703703703704,0.149
2026-09-25,BYU,Big 12,2026,187,34,0.4480384250707043,0.5989304812834224,1.15738475313615,0.9411764705882352,0.1217391304347826,3.9521739130434783,,187,33,-0.0606163601926305,0.3689839572192513,1.1821843427834813,0.7692307692307693,0.2236842105263158,2.4105263157894736,0.171
2026-09-25,California,ACC,2026,220,37,0.0936270135802845,0.4181818181818181,1.2582025646912127,0.7,0.2043010752688172,2.7440860215053764,,202,40,0.0004095294878604,0.3712871287128713,1.344650979277933,0.9166666666666666,0.1573033707865168,3.201123595505618,0.134
2026-09-25,Central Michigan,Mid-American,2026,177,31,0.0284302806192074,0.3785310734463277,1.1424182612957632,0.9,0.1023622047244094,3.420472440944882,,196,30,0.0829784009632448,0.4336734693877551,1.0484976060221636,1.0,0.1485148514851485,3.3059405940594058,0.148
2026-09-25,Charlotte,American Athletic,2026,198,34,0.0241744834829781,0.3838383838383838,1.247195635387338,0.6111111111111112,0.2584269662921348,2.4191011235955058,,203,35,0.2452845905090103,0.5024630541871922,1.239230366591621,0.8095238095238095,0.25,2.8134615384615387,0.113
2026-09-25,Cincinnati,Big 12,2026,219,36,0.3606084007050302,0.5159817351598174,1.2263927529442558,0.9047619047619048,0.1138211382113821,3.713821138211382,,189,34,0.0549113905009456,0.3915343915343915,1.339590996303524,0.5714285714285714,0.2195121951219512,2.973170731707317,0.201
2026-09-25,Clemson,ACC,2026,194,42,-0.0555810845546683,0.3350515463917525,1.118265605011746,0.7777777777777778,0.2527472527472527,2.621978021978022,,230,37,0.1031509515165862,0.4260869565217391,1.2482162564350845,0.7647058823529411,0.1111111111111111,3.537037037037037,0.152
2026-09-25,Coastal Carolina,Sun Belt,2026,262,48,0.1574895351334629,0.4122137404580153,1.4290556129612535,0.6923076923076923,0.1774193548387097,3.4137096774193547,,263,51,0.1291015515755437,0.4410646387832699,1.0567333833528825,0.8095238095238095,0.1304347826086956,3.085714285714286,0.148
2026-09-25,Colorado,Big 12,2026,212,36,0.1410327639438049,0.4150943396226415,1.296816853038718,0.7333333333333333,0.1160714285714285,3.2973214285714287,,209,37,0.0361235965512231,0.3923444976076555,1.2419615508626562,0.5384615384615384,0.3333333333333333,2.3504761904761904,0.201
2026-09-25,Colorado State,Pac-12,2026,204,37,0.2590947469119457,0.4509803921568627,1.4437885363298717,0.8125,0.2386363636363636,2.5534090909090907,,180,37,0.0626317568268446,0.4555555555555555,1.1339732275794865,0.9090909090909092,0.1517857142857142,3.407142857142857,0.211
2026-09-25,Delaware,Conference USA,2026,205,39,0.1066798338084509,0.4195121951219512,1.3337098877387443,0.6428571428571429,0.2159090909090909,2.6,,207,38,-0.0171581704983079,0.3623188405797101,1.2671183723139352,0.75,0.1648351648351648,2.8,0.208
2026-09-25,Duke,ACC,2026,207,35,0.2030408967844518,0.4057971014492754,1.2899466485869218,0.6923076923076923,0.1908396946564885,3.0641221374045804,,185,33,-0.0602553142440793,0.3891891891891892,1.0073238162407336,0.7777777777777778,0.1216216216216216,2.966216216216216,0.162
2026-09-25,East Carolina,American Athletic,2026,181,38,-0.0327519891781975,0.3535911602209944,1.1797205717722927,0.6666666666666666,0.2061855670103092,2.3804123711340206,,217,37,0.0731525341763409,0.3963133640552995,1.2891738260788386,0.5,0.2595419847328244,2.4366412213740456,0.147
2026-09-25,Eastern Michigan,Mid-American,2026,256,48,-0.0988357320550875,0.3515625,1.0942111052405452,0.7619047619047619,0.160377358490566,2.7943396226415094,,278,47,0.1642304419761711,0.4424460431654676,1.261627804236777,0.7142857142857143,0.1935483870967742,2.9483870967741934,0.173
2026-09-25,Florida,SEC,2026,208,33,0.4310986408980413,0.4855769230769231,1.4320887746366489,1.0,0.125,3.194166666666667,,226,37,-0.0812391056464467,0.3628318584070796,1.229193881109598,0.75,0.108433734939759,2.896385542168675,0.217
2026-09-25,Florida Atlantic,American Athletic,2026,239,35,0.0786787212485683,0.4142259414225941,1.1237432133730278,0.8235294117647058,0.1650485436893204,2.520388349514563,,203,34,0.2193398532502586,0.4285714285714285,1.5232917278478697,1.0,0.1759259259259259,2.922222222222222,0.163
2026-09-25,Florida International,Conference USA,2026,234,35,-0.0113264756490356,0.3803418803418803,1.230581692539764,0.7333333333333333,0.2142857142857142,2.5653061224489795,,195,33,-0.0085600416086502,0.3487179487179487,1.0857985869307574,0.7272727272727273,0.2134831460674157,2.157303370786517,0.164
2026-09-25,Florida State,ACC,2026,200,34,0.1938921730749031,0.41,1.5378588751904794,0.5333333333333333,0.1711711711711711,3.0531531531531533,,201,33,0.308530425268399,0.4626865671641791,1.4285567423271013,0.8888888888888888,0.1724137931034483,3.1586206896551725,0.149
2026-09-25,Fresno State,Pac-12,2026,179,37,0.066630785909705,0.3463687150837989,1.390916776503291,0.4545454545454545,0.2553191489361702,2.478723404255319,,206,36,-0.0418416152807807,0.4223300970873786,1.072078679075987,0.5625,0.2424242424242424,2.791919191919192,0.146
2026-09-25,Georgia,SEC,2026,189,38,0.5506805689621955,0.5767195767195767,1.3499643651416666,1.0,0.1188118811881188,3.918811881188119,,196,38,-0.0882889395087844,0.3316326530612244,1.1592592515525166,0.625,0.2560975609756097,1.8378048780487808,0.199
2026-09-25,Georgia Southern,Sun Belt,2026,218,37,0.0517563857173667,0.3990825688073394,1.1138796143115484,0.75,0.1411764705882353,3.0988235294117645,,191,38,-0.0450446294623054,0.2984293193717277,1.235281547468314,0.7142857142857143,0.3218390804597701,2.002298850574713,0.236
2026-09-25,Georgia State,Sun Belt,2026,228,36,0.255632625848521,0.4912280701754385,1.2398509323171691,0.6666666666666666,0.1440677966101695,3.5406779661016947,,169,35,0.0627579590083379,0.3727810650887574,1.2638678640384742,1.0,0.2142857142857142,3.194047619047619,0.154
2026-09-25,Georgia Tech,ACC,2026,189,32,0.1069938987032479,0.4391534391534391,1.1062930665398056,0.6923076923076923,0.2258064516129032,2.913978494623656,,208,33,0.1115689697985944,0.4086538461538461,1.1613843437554303,0.7333333333333333,0.1407407407407407,3.0459259259259257,0.173
2026-09-25,Hawai'i,Mountain West,2026,230,37,0.032940963609442,0.3739130434782609,1.1626258762976511,0.8,0.1842105263157894,3.098684210526316,,205,37,0.1296644642024741,0.4341463414634146,1.2594556887364166,0.6875,0.1261261261261261,3.28018018018018,0.146
2026-09-25,Houston,Big 12,2026,216,34,0.4280489811446559,0.5740740740740741,1.1340783382648518,0.9130434782608696,0.1,3.974166666666666,,179,35,0.0362222812055209,0.3631284916201117,1.3767542256379943,0.6,0.2432432432432432,2.093243243243243,0.218
2026-09-25,Illinois,Big Ten,2026,173,29,0.2925902193221822,0.5433526011560693,1.1915549539787242,0.6666666666666666,0.119047619047619,3.270238095238095,,205,29,0.0840350870783463,0.4,1.2627501768634204,0.75,0.2314814814814814,2.5259259259259257,0.146
2026-09-25,Indiana,Big Ten,2026,176,32,0.4820666734781705,0.5170454545454546,1.449190341675619,0.8235294117647058,0.0964912280701754,3.570175438596491,,179,34,-0.2238751682539298,0.2681564245810056,1.4045820343465054,0.4545454545454545,0.2696629213483146,2.1696629213483147,0.207
2026-09-25,Iowa,Big Ten,2026,203,37,0.2138265876506355,0.4729064039408867,1.2194749322923168,0.5294117647058824,0.1401869158878504,3.6598130841121495,,174,40,-0.2482330183091556,0.2413793103448276,1.0309294386987973,0.6666666666666666,0.2375,2.24875,0.207
2026-09-25,Iowa State,Big 12,2026,167,35,0.217224978974601,0.3892215568862275,1.386432524504266,0.75,0.1376146788990825,3.186238532110092,,182,38,-0.1553428255773321,0.3186813186813186,1.1011253824766654,0.6923076923076923,0.1919191919191919,2.3737373737373737,0.187
2026-09-25,Jacksonville State,Conference USA,2026,240,39,0.2098568482552485,0.4583333333333333,1.2433384396644824,0.75,0.2125984251968504,2.8133858267716536,,266,39,0.0220525868692947,0.4210526315789473,1.0319670236559164,0.8181818181818182,0.1604938271604938,2.974691358024691,0.148
2026-09-25,James Madison,Sun Belt,2026,188,34,0.3574088414100914,0.5053191489361702,1.2414056076670654,0.75,0.1495327102803738,3.37196261682243,,218,38,-0.2053323491259269,0.2798165137614679,1.3221115069673095,0.8,0.1848739495798319,2.421848739495798,0.156
2026-09-25,Kansas,Big 12,2026,220,37,0.2017564194220655,0.4409090909090909,1.4288824563386082,0.5454545454545454,0.0991735537190082,3.268595041322314,,195,39,-0.0675022519168581,0.3076923076923077,1.2346084307154783,0.75,0.25,2.132142857142857,0.2
2026-09-25,Kansas State,Big 12,2026,215,34,0.3425068815785244,0.5302325581395348,1.3053117643891836,0.7692307692307693,0.15,3.276666666666667,,172,34,-0.1610606731823716,0.2732558139534883,1.3900913470198084,0.4444444444444444,0.2795698924731182,2.10752688172043,0.262
2026-09-25,Kennesaw State,Conference USA,2026,206,36,0.1070914555110887,0.4563106796116505,1.0927372016862915,0.8571428571428571,0.2234042553191489,3.075531914893617,,190,35,0.1218668276874844,0.4105263157894737,1.0811429725156738,0.9,0.1891891891891892,3.205405405405405,0.095
2026-09-25,Kent State,Mid-American,2026,178,36,-0.1127459232194841,0.3033707865168539,1.2519576869538582,0.5555555555555556,0.2142857142857142,2.9255102040816325,,193,38,0.2420697151288888,0.533678756476684,1.1771838688351126,0.8235294117647058,0.1237113402061855,3.502061855670103,0.13
2026-09-25,Kentucky,SEC,2026,183,34,0.197592010357627,0.4808743169398907,1.1916657397526205,0.75,0.1789473684210526,3.130526315789474,,215,31,0.0279597912971639,0.4372093023255814,1.139726585134772,0.75,0.1958762886597938,2.831958762886598,0.186
2026-09-25,Liberty,Conference USA,2026,265,46,0.1582123612049233,0.4528301886792453,1.2490068118762363,0.7619047619047619,0.1194968553459119,3.2270440251572325,,245,44,0.0393415978695765,0.3551020408163265,1.385914318599743,0.7272727272727273,0.2113821138211382,3.01869918699187,0.188
2026-09-25,Louisiana,Sun Belt,2026,192,33,0.2021796581974875,0.4375,1.2432876137468538,0.75,0.1610169491525423,3.180508474576272,,197,33,-0.06258017633343,0.4263959390862944,1.142978736577307,0.5,0.2210526315789473,2.726315789473684,0.152
2026-09-25,Louisiana Tech,Sun Belt,2026,193,41,0.0147704176735784,0.3367875647668393,1.4428676625000247,0.5,0.2268041237113402,2.6484536082474226,,219,43,-0.0117915486855234,0.3470319634703196,1.305153941737421,0.6666666666666666,0.2301587301587301,2.063492063492064,0.242
2026-09-25,Louisville,ACC,2026,195,39,0.4369732495800964,0.5282051282051282,1.3719114071977687,0.6666666666666666,0.1909090909090909,2.8545454545454545,,224,38,0.0776854832775102,0.3928571428571428,1.239628764374254,0.6086956521739131,0.1181818181818181,2.883636363636364,0.138
2026-09-25,LSU,SEC,2026,252,37,0.2131279352418512,0.4880952380952381,1.2496780329097714,0.7,0.1594202898550724,3.0318840579710145,,179,38,-0.1478507261367945,0.2905027932960894,1.2710532146221185,0.8333333333333334,0.2676056338028169,1.7887323943661972,0.223
2026-09-25,Marshall,Sun Belt,2026,191,35,0.0580684059707012,0.418848167539267,1.0677573277672456,0.6470588235294118,0.2336448598130841,2.774766355140187,,208,32,0.3261686843091499,0.5,1.1627874499307769,0.8571428571428571,0.11,3.49,0.106
2026-09-25,Maryland,Big Ten,2026,224,34,0.346887270517728,0.5267857142857143,1.2529993753707287,0.6842105263157895,0.1789473684210526,3.409473684210526,,181,33,0.0135410006108871,0.3701657458563536,1.2472385291318822,0.75,0.2584269662921348,1.9168539325842693,0.149
2026-09-25,Massachusetts,Mid-American,2026,166,33,0.2868497366072975,0.4698795180722891,1.233371509758613,0.625,0.1515151515151515,3.375757575757576,,194,36,-0.1467312245881031,0.3350515463917525,1.2112790441286214,0.6,0.2584269662921348,2.308988764044944,0.17
2026-09-25,Memphis,American Athletic,2026,254,44,0.2620660130099108,0.4724409448818897,1.369827052932887,0.75,0.1478873239436619,3.4640845070422537,,275,45,0.1795247018535912,0.4181818181818181,1.399864399561085,0.8421052631578947,0.126865671641791,3.388805970149254,0.149
2026-09-25,Miami,ACC,2026,212,38,0.4532696254610958,0.5660377358490566,1.2823020411686614,0.8333333333333334,0.128440366972477,3.779816513761468,,177,35,-0.0345335442366272,0.3446327683615819,1.0799734273264323,0.75,0.2592592592592592,2.335185185185185,0.141
2026-09-25,Miami (OH),Mid-American,2026,173,31,0.2590782238413193,0.4335260115606936,1.4001786129229967,0.75,0.188235294117647,3.048235294117647,,200,34,0.2002611923552745,0.47,1.2598345274582343,0.7857142857142857,0.2278481012658227,2.7037974683544306,0.1
2026-09-25,Michigan,Big Ten,2026,177,31,0.1828684963449695,0.4293785310734463,1.2246873889498353,0.7272727272727273,0.1359223300970873,3.10873786407767,,181,33,-0.1301153292362241,0.3204419889502762,1.078546934620456,0.7142857142857143,0.2525252525252525,2.613131313131313,0.193
2026-09-25,Michigan State,Big Ten,2026,206,29,0.0849340285950844,0.4368932038834951,1.126866158183978,0.6666666666666666,0.1929824561403508,2.9894736842105263,,163,29,0.1139233820112888,0.4171779141104294,1.1901511284007966,0.6153846153846154,0.2771084337349397,2.763855421686747,0.166
2026-09-25,Middle Tennessee,Conference USA,2026,189,30,0.2230155111541028,0.4232804232804232,1.189863169661794,0.6666666666666666,0.1,3.8,,171,32,0.0684229448121757,0.4093567251461988,1.1614491945782257,0.6363636363636364,0.2244897959183673,2.6806122448979592,0.135
2026-09-25,Minnesota,Big Ten,2026,202,33,0.1541690472222062,0.495049504950495,1.069288990135684,0.6666666666666666,0.2261904761904762,2.567857142857143,,175,35,0.0317479921445978,0.3657142857142857,1.0963292984839197,0.5833333333333334,0.2747252747252747,2.69010989010989,0.22
2026-09-25,Mississippi State,SEC,2026,211,35,0.4624899417763746,0.5355450236966824,1.334741918698522,0.75,0.1858407079646017,3.4787610619469027,,215,34,-0.0178130956074428,0.3488372093023256,1.1557258020648962,0.5384615384615384,0.160919540229885,2.854022988505747,0.149
2026-09-25,Missouri,SEC,2026,203,39,0.2296924393353562,0.4334975369458128,1.285256381938105,0.6363636363636364,0.1785714285714285,3.1107142857142858,,193,37,-0.0735090772523909,0.3160621761658031,1.4936472773462453,0.8,0.2424242424242424,2.3212121212121213,0.254
2026-09-25,Missouri State,Conference USA,2026,184,32,0.1780983624264895,0.4347826086956521,1.2412250421899569,0.7777777777777778,0.1545454545454545,3.1,,218,33,0.2412781168390911,0.5045871559633027,1.0400010396141783,0.8666666666666667,0.1532258064516129,3.520967741935484,0.17
2026-09-25,Navy,American Athletic,2026,136,21,0.3197706471886218,0.5294117647058824,1.205369775240681,1.0,0.102803738317757,3.885046728971963,,122,21,0.1470620016920992,0.3934426229508196,1.3645400299509731,1.0,0.2280701754385964,2.631578947368421,0.148
2026-09-25,NC State,ACC,2026,202,37,0.2024040085401232,0.4702970297029702,1.260064759274924,0.7777777777777778,0.1333333333333333,3.303809523809524,,180,37,0.1306884503148467,0.4111111111111111,1.2279082534076984,0.7894736842105263,0.17,2.899,0.156
2026-09-25,Nebraska,Big Ten,2026,212,31,0.4705787780293003,0.5141509433962265,1.4704221468151208,0.7368421052631579,0.1271186440677966,3.630508474576271,,175,34,0.025326446650141,0.3314285714285714,1.387356724013442,0.75,0.1612903225806451,2.9720430107526883,0.183
2026-09-25,Nevada,Mountain West,2026,189,33,0.0782585032921113,0.4179894179894179,1.289663356620314,0.6666666666666666,0.1981981981981982,3.1648648648648647,,218,34,0.1036882953044283,0.4174311926605504,1.0519941338314225,0.65,0.1810344827586207,3.132758620689655,0.124
2026-09-25,New Mexico,Mountain West,2026,201,37,0.1020851442163245,0.4079601990049751,1.1669383976411618,0.8666666666666667,0.1507936507936507,3.1880952380952383,,166,37,-0.2195335782064906,0.2710843373493976,1.4141618090723207,0.4285714285714285,0.2441860465116279,1.722093023255814,0.259
2026-09-25,New Mexico State,Conference USA,2026,201,34,0.1547919421257269,0.4378109452736318,1.4261327937630708,0.6875,0.1428571428571428,3.207692307692308,,202,35,0.0958815223181676,0.4158415841584158,1.162391545945404,0.8333333333333334,0.2247191011235955,2.953932584269663,0.129
2026-09-25,North Carolina,ACC,2026,182,30,0.1180247926500402,0.4835164835164835,1.037750541807011,0.7777777777777778,0.125,3.871590909090909,,206,32,-0.0188311190592386,0.3932038834951456,1.0238332099979035,0.875,0.1224489795918367,2.9397959183673468,0.141
2026-09-25,North Dakota State,Mountain West,2026,260,41,0.156824607490598,0.4,1.4137345404833734,0.6923076923076923,0.1907894736842105,2.8263157894736843,,240,42,-0.1560976801881319,0.3916666666666666,1.024351033572395,0.7142857142857143,0.1796875,2.64609375,0.183
2026-09-25,Northern Illinois,Mountain West,2026,192,35,-0.1421253070922878,0.3489583333333333,1.1175429377352588,0.7333333333333333,0.2151898734177215,2.4949367088607595,,210,33,0.1376337108568447,0.4476190476190476,1.2629835439944463,0.6,0.1702127659574468,3.0553191489361704,0.124
2026-09-25,North Texas,American Athletic,2026,224,33,0.2090856702992057,0.4464285714285714,1.322265598128833,0.625,0.1862745098039215,2.9745098039215687,,190,32,0.2626747004670615,0.4842105263157895,1.2306632228056182,0.7727272727272727,0.1491228070175438,2.7578947368421054,0.116
2026-09-25,Northwestern,Big Ten,2026,130,24,0.3269323003442659,0.4923076923076923,1.236951439189153,0.8,0.2151898734177215,2.8835443037974686,,151,24,-0.0039632975436486,0.4172185430463576,1.071614089404182,0.6428571428571429,0.1176470588235294,3.492647058823529,0.185
2026-09-25,Notre Dame,FBS Independents,2026,198,30,0.316346422122672,0.5,1.1222427643617632,0.7333333333333333,0.1619047619047619,2.821904761904762,,156,30,-0.1444419088076508,0.3269230769230769,1.2701124761136722,0.7,0.2441860465116279,2.082558139534884,0.263
2026-09-25,Ohio,Mid-American,2026,194,32,0.1760447899783281,0.4175257731958763,1.2350845700078568,0.8571428571428571,0.0909090909090909,3.518181818181818,,216,31,0.3731491291503761,0.4768518518518518,1.3719310728007073,0.8,0.1777777777777777,3.1555555555555554,0.147
2026-09-25,Ohio State,Big Ten,2026,202,37,0.35170049964027,0.504950495049505,1.3646734482408862,0.75,0.1818181818181818,3.078787878787878,,196,38,-0.2086726749594825,0.3163265306122449,1.0547410128161352,0.6666666666666666,0.2234042553191489,2.4191489361702128,0.199
2026-09-25,Oklahoma,SEC,2026,185,32,0.0501711068518333,0.4162162162162162,1.1749275382998827,0.5,0.2604166666666667,2.6416666666666666,,174,34,-0.2307965362165965,0.2816091954022988,1.3175949208260729,0.5714285714285714,0.2115384615384615,2.265384615384616,0.236
2026-09-25,Oklahoma State,Big 12,2026,250,39,0.0922393125795199,0.472,1.0950655912831722,0.5789473684210527,0.1735537190082644,3.2049586776859504,,165,37,-0.0206451725666623,0.3393939393939394,1.2080796695595188,0.6666666666666666,0.1927710843373494,2.809638554216868,0.158
2026-09-25,Old Dominion,Sun Belt,2026,170,37,-0.0720741806844938,0.3294117647058823,1.4525635082526005,0.2222222222222222,0.324074074074074,1.537962962962963,,217,35,-0.0767543796980638,0.3133640552995391,1.2768720082381484,0.5333333333333333,0.2396694214876033,2.262809917355372,0.184
2026-09-25,Ole Miss,SEC,2026,213,33,0.2886576608420783,0.5070422535211268,1.231046985053771,0.7894736842105263,0.1954022988505747,2.7574712643678163,,199,33,0.1710211296922756,0.4221105527638191,1.21395456162181,0.7142857142857143,0.25,2.694444444444444,0.166
2026-09-25,Oregon,Big Ten,2026,220,39,0.2919794366357967,0.4863636363636364,1.386236824560801,0.9285714285714286,0.0909090909090909,3.68989898989899,,192,41,-0.1109297369096197,0.3489583333333333,1.108797512817691,0.7,0.1931818181818181,2.6170454545454547,0.151
2026-09-25,Oregon State,Pac-12,2026,214,38,0.2398339360225031,0.4018691588785046,1.508537700942421,0.7142857142857143,0.0857142857142857,3.1314285714285712,,223,38,0.1790414495411041,0.4349775784753363,1.166465332822905,0.8666666666666667,0.1495327102803738,3.1158878504672898,0.161
2026-09-25,Penn State,Big Ten,2026,207,36,0.34780585097408,0.4734299516908212,1.337203084233558,0.7058823529411765,0.1333333333333333,2.8375,,175,36,-0.1286610303929015,0.2971428571428571,1.0268211350241472,0.7272727272727273,0.2527472527472527,2.365934065934066,0.189
2026-09-25,Pittsburgh,ACC,2026,209,34,0.1798409749910745,0.4593301435406698,1.2203820813959565,0.625,0.2075471698113207,3.016981132075472,,186,34,-0.0807343788416286,0.3225806451612903,1.3833742987329558,0.5833333333333334,0.2702702702702703,1.9472972972972973,0.172
2026-09-25,Purdue,Big Ten,2026,217,31,0.3316169135349793,0.4930875576036866,1.275922537054274,0.7857142857142857,0.16,3.005,,198,31,0.3405178877497243,0.4797979797979798,1.4626232651421016,0.7333333333333333,0.1588785046728972,3.3130841121495327,0.141
2026-09-25,Rice,American Athletic,2026,191,31,0.0327225514539859,0.4240837696335078,1.0559310952793748,0.7272727272727273,0.1310344827586207,3.387586206896552,,191,29,0.0991945792255448,0.4293193717277487,1.210432616956576,0.625,0.1495327102803738,2.760747663551402,0.152
2026-09-25,Rutgers,Big Ten,2026,201,33,0.0286258527760239,0.4427860696517413,1.396752914034643,0.6086956521739131,0.1888888888888888,2.8922222222222222,,193,33,0.2233114117815763,0.4715025906735751,1.1546272815490397,0.75,0.1683168316831683,3.3356435643564355,0.088
2026-09-25,Sacramento State,Mid-American,2026,270,50,-0.0436657708863149,0.4111111111111111,1.1126741345903286,0.72,0.2905982905982906,2.5264957264957264,,249,50,0.0964973744151637,0.3534136546184739,1.4564135807778162,0.5833333333333334,0.2,2.6224,0.133
2026-09-25,Sam Houston,Conference USA,2026,213,38,0.2246783800406425,0.4788732394366197,1.2474047701573576,0.6666666666666666,0.1797752808988764,2.928089887640449,,198,39,-0.0330816017375582,0.2979797979797979,1.4230156451687817,0.7142857142857143,0.2037037037037037,2.8,0.222
2026-09-25,San Diego State,Pac-12,2026,199,36,-0.0561242555484496,0.3618090452261306,1.0839407663435283,0.6470588235294118,0.188034188034188,3.206837606837607,,223,39,0.0630492397412313,0.4349775784753363,0.97835238518487,0.9285714285714286,0.1052631578947368,3.418421052631579,0.103
2026-09-25,San José State,Mountain West,2026,283,52,0.0822088440580657,0.3957597173144876,1.2244504887603835,0.5714285714285714,0.1860465116279069,3.182170542635659,,287,52,0.0660974308409856,0.4355400696864111,1.0704314495810316,0.8333333333333334,0.1693548387096774,2.9306451612903226,0.136
2026-09-25,SMU,ACC,2026,204,37,0.2742057345207169,0.5049019607843137,1.3627679801780308,0.5333333333333333,0.1578947368421052,3.165263157894737,,192,39,0.0710770264920301,0.3802083333333333,1.352419766320495,0.4,0.2178217821782178,2.756435643564356,0.182
2026-09-25,South Alabama,Sun Belt,2026,233,31,0.2363478717382497,0.4377682403433476,1.2850954385738118,0.7727272727272727,0.1301369863013698,3.271917808219178,,149,31,0.2527470730986052,0.4295302013422818,1.6142257620678602,0.5,0.217391304347826,2.643478260869565,0.208
2026-09-25,South Carolina,SEC,2026,221,34,0.3261471565256313,0.5158371040723982,1.2391528244404897,0.8,0.1043478260869565,3.9008695652173913,,178,37,0.036635015912651,0.3258426966292135,1.4436034986211337,0.5714285714285714,0.240506329113924,2.288607594936709,0.135
2026-09-25,Southern Miss,Sun Belt,2026,222,36,0.0121603839015959,0.4504504504504504,1.0630636712234078,0.8421052631578947,0.0865384615384615,3.5932692307692307,,219,37,0.1197845818211172,0.4246575342465753,1.1988653470188622,0.6666666666666666,0.1666666666666666,3.3904761904761904,0.132
2026-09-25,South Florida,American Athletic,2026,180,31,0.3384235669194311,0.5333333333333333,1.1780580178498568,0.8461538461538461,0.1847826086956521,3.213043478260869,,199,30,0.0405993339548307,0.4371859296482412,0.9700960638211812,0.6153846153846154,0.2641509433962264,2.416037735849057,0.171
2026-09-25,Stanford,ACC,2026,199,36,0.0752136337236247,0.3819095477386934,1.1229018809424869,0.8888888888888888,0.1794871794871795,2.935897435897436,,217,38,0.2967084639386816,0.4608294930875576,1.3321584513117422,0.8333333333333334,0.15,3.119,0.115
2026-09-25,Syracuse,ACC,2026,238,36,0.0383775209160952,0.3991596638655462,1.3301522483231214,0.8,0.2201834862385321,2.851376146788991,,183,36,-0.1262747420529368,0.360655737704918,1.0874549775292308,0.75,0.2333333333333333,2.628888888888889,0.186
2026-09-25,TCU,Big 12,2026,211,35,0.2528380332475796,0.4928909952606635,1.238970475180872,0.8125,0.1545454545454545,3.283636363636364,,168,35,-0.1444674650869876,0.3392857142857143,1.0465250723410555,0.3333333333333333,0.2098765432098765,2.596296296296296,0.202
2026-09-25,Temple,American Athletic,2026,194,31,0.2064996009011803,0.422680412371134,1.259770558513239,0.7368421052631579,0.1788617886178861,3.1089430894308943,,201,32,0.196889199079938,0.4527363184079602,1.2561650428470652,0.7368421052631579,0.125,2.5079545454545453,0.134
2026-09-25,Tennessee,SEC,2026,210,34,0.3697233936239898,0.5142857142857142,1.233404781409596,0.8571428571428571,0.1297709923664122,3.812977099236641,,198,36,-0.0693951529507692,0.3636363636363636,1.0311905971277928,0.75,0.2023809523809523,3.344047619047619,0.207
2026-09-25,Texas,SEC,2026,231,32,0.1744514578956095,0.4848484848484848,1.136578631406744,0.75,0.1885245901639344,2.978688524590164,,183,33,-0.0055869502781523,0.3715846994535519,1.0957046887536914,0.7272727272727273,0.2111111111111111,2.556666666666666,0.195
2026-09-25,Texas A&M,SEC,2026,236,35,0.1114101420868434,0.4703389830508475,1.0940613057765285,0.8823529411764706,0.1637931034482758,3.218103448275862,,160,36,-0.086098887877876,0.3625,1.2508897512329626,0.6666666666666666,0.2117647058823529,2.603529411764706,0.188
2026-09-25,Texas State,Pac-12,2026,224,34,0.216715044700096,0.4910714285714285,1.1847606512006283,0.7647058823529411,0.1386861313868613,3.2007299270073,,230,31,0.2978838404620628,0.4956521739130435,1.2771723855589443,0.7142857142857143,0.2340425531914893,2.7180851063829787,0.139
2026-09-25,Texas Tech,Big 12,2026,212,36,0.2431502465833682,0.4575471698113207,1.2081149389696697,0.7894736842105263,0.1696428571428571,3.0875,,211,35,0.095567927287579,0.3649289099526066,1.3548424344505172,0.7777777777777778,0.1538461538461538,3.1615384615384614,0.166
2026-09-25,Toledo,Mid-American,2026,193,34,0.2932382189060282,0.4404145077720207,1.6316508194914496,0.6666666666666666,0.1954022988505747,2.935632183908046,,220,37,0.0222867176178451,0.3318181818181818,1.288577722862069,0.4615384615384615,0.1932773109243697,2.8134453781512603,0.123
2026-09-25,Troy,Sun Belt,2026,211,40,0.0901258584683448,0.3649289099526066,1.4351472824958629,0.5625,0.25,2.6939655172413794,,181,38,-0.0026395971765262,0.3535911602209944,1.3327526232476297,0.5714285714285714,0.2926829268292683,2.009756097560976,0.204
2026-09-25,Tulane,American Athletic,2026,166,31,0.0890934953648456,0.3373493975903614,1.5103032600923938,0.7142857142857143,0.2179487179487179,2.517948717948718,,219,33,0.1519099466283558,0.4063926940639269,1.2833946433558132,0.7692307692307693,0.1774193548387097,2.975806451612903,0.096
2026-09-25,Tulsa,American Athletic,2026,202,35,0.166622374647283,0.4158415841584158,1.2613691904505455,0.9166666666666666,0.1441441441441441,3.256756756756757,,226,36,-0.1221300230839853,0.3761061946902654,0.9906027630152234,0.5294117647058824,0.1868131868131868,2.856043956043956,0.15
2026-09-25,UAB,American Athletic,2026,208,29,0.0148238947160605,0.4326923076923077,1.1080284941044225,0.75,0.1570247933884297,3.2049586776859504,,178,30,0.0728722794811841,0.4382022471910112,1.0609128960443928,0.5625,0.1391304347826087,3.3,0.124
2026-09-25,UCF,Big 12,2026,172,37,0.1727481309853076,0.4302325581395348,1.3946726958072928,0.75,0.1578947368421052,3.2726315789473683,,221,40,-0.0406722511693375,0.334841628959276,1.2851599438426071,0.5384615384615384,0.247787610619469,2.380530973451328,0.163
2026-09-25,UCLA,Big Ten,2026,201,38,0.3552007319883112,0.5223880597014925,1.2779447950822382,0.9285714285714286,0.0762711864406779,4.202542372881356,,205,36,0.0197403328514322,0.3658536585365853,1.3899473527373376,0.8,0.202020202020202,2.7191919191919194,0.166
2026-09-25,UConn,FBS Independents,2026,200,38,0.2671869408141368,0.45,1.38969001356247,0.6363636363636364,0.1636363636363636,3.219090909090909,,228,38,-0.0256965036693228,0.3771929824561403,1.180963699199186,0.6428571428571429,0.1888888888888888,2.7466666666666666,0.171
2026-09-25,UL Monroe,Sun Belt,2026,215,37,-0.1102828858206328,0.4232558139534884,1.0167667649264416,0.5882352941176471,0.128440366972477,3.118348623853211,,204,34,0.3069148165989196,0.5147058823529411,1.2165785599101062,0.8,0.1578947368421052,3.491228070175439,0.127
2026-09-25,UNLV,Mountain West,2026,218,37,-0.0524893094452806,0.3532110091743119,1.1623632231536607,0.6875,0.1504424778761062,3.023008849557522,,206,35,0.1471056400027092,0.4126213592233009,1.1832290095991715,0.7777777777777778,0.1515151515151515,3.576767676767677,0.15
2026-09-25,USC,Big Ten,2026,285,39,0.3172149034620953,0.5614035087719298,1.1218387249301065,0.782608695652174,0.1689189189189189,3.3493243243243245,,225,40,0.1136148811234199,0.4133333333333333,1.313014229751831,0.8571428571428571,0.1851851851851851,2.661111111111111,0.124
2026-09-25,Utah,Big 12,2026,213,36,0.3326252204818921,0.5023474178403756,1.3941437878636935,0.75,0.188034188034188,3.5547008547008545,,196,35,-0.0605487424304241,0.3010204081632653,1.3952263291746685,0.6666666666666666,0.1333333333333333,2.7546666666666666,0.199
2026-09-25,Utah State,Pac-12,2026,202,35,-0.1375122490202878,0.3415841584158416,1.3274396086992413,0.1428571428571428,0.2222222222222222,3.013333333333333,,215,37,0.0852731829154448,0.4,1.1714980022413382,0.6875,0.2234042553191489,2.6042553191489364,0.126
2026-09-25,UTEP,Mountain West,2026,161,36,-0.1670547546022537,0.3788819875776397,1.2093960811683706,0.5,0.2947368421052631,2.4105263157894736,,195,34,0.2343692976201657,0.4615384615384615,1.1790187123625142,0.625,0.2327586206896551,2.8836206896551726,0.133
2026-09-25,UTSA,American Athletic,2026,180,34,0.2101262319095406,0.4722222222222222,1.013611011087677,0.8461538461538461,0.1707317073170731,2.9353658536585368,,245,37,0.0051964931518679,0.4408163265306122,0.9656743845393384,0.625,0.1307692307692307,3.396153846153846,0.133
2026-09-25,Vanderbilt,SEC,2026,193,33,0.1750344723011998,0.4352331606217616,1.2154990741584226,0.8571428571428571,0.1354166666666666,3.173958333333333,,196,36,-0.0563285903853769,0.3520408163265306,1.3382165592887385,0.75,0.2111111111111111,2.5122222222222224,0.209
2026-09-25,Virginia,ACC,2026,207,37,0.2731213872965063,0.4879227053140096,1.1442216021106064,0.8421052631578947,0.1395348837209302,3.427906976744186,,186,38,-0.1215454879015738,0.3494623655913978,0.9670166017539398,0.7,0.1881188118811881,2.8346534653465345,0.183
2026-09-25,Virginia Tech,ACC,2026,239,34,0.3443433238106643,0.502092050209205,1.2437734102848277,0.7307692307692307,0.1826086956521739,3.000869565217392,,172,36,-0.0370277989725974,0.3197674418604651,1.3886092407250907,0.625,0.4523809523809524,0.3095238095238095,0.279
2026-09-25,Wake Forest,ACC,2026,201,31,0.3008859355084873,0.4577114427860697,1.3264486626976404,0.7142857142857143,0.1547619047619047,3.013095238095238,,222,33,0.1788723043143173,0.481981981981982,0.9825144357948696,0.6470588235294118,0.2156862745098039,2.933333333333333,0.113
2026-09-25,Washington,Big Ten,2026,203,35,0.1727421613910353,0.4630541871921182,1.1340974221075195,0.6363636363636364,0.2142857142857142,2.8583333333333334,,192,35,-0.2143749631755618,0.328125,1.1532805941861888,0.25,0.3131313131313131,2.3252525252525253,0.229
2026-09-25,Washington State,Pac-12,2026,173,33,-0.0167903006838236,0.3815028901734104,1.1934044165153166,0.5,0.2083333333333333,2.966666666666667,,193,36,-0.033701780271225,0.38860103626943,1.2525054148736872,0.7777777777777778,0.202020202020202,2.782828282828283,0.124
2026-09-25,Western Kentucky,Conference USA,2026,219,40,-0.1531058142534202,0.3287671232876712,1.1135955916486944,0.6,0.2666666666666666,2.42,,189,39,0.4536063793837391,0.4973544973544973,1.4859691070365135,0.8888888888888888,0.1293103448275862,3.683620689655173,0.101
2026-09-25,Western Michigan,Mid-American,2026,193,34,0.162500019761641,0.4041450777202072,1.2110404254563358,0.7058823529411765,0.1538461538461538,2.809401709401709,,202,32,0.0145032863132086,0.4455445544554455,0.9861967995987728,0.7222222222222222,0.146788990825688,3.1275229357798167,0.129
2026-09-25,West Virginia,Big 12,2026,209,39,0.2805730586282013,0.4545454545454545,1.2531159844599569,0.8125,0.1366459627329192,3.1695652173913045,,210,37,0.0292486537971356,0.4047619047619047,1.195598762590559,0.6363636363636364,0.21875,2.7333333333333334,0.181
2026-09-25,Wisconsin,Big Ten,2026,180,29,0.2069186010153223,0.4444444444444444,1.3630650231023325,0.5833333333333334,0.1555555555555555,2.908888888888889,,191,31,-0.0079566843958456,0.3717277486910995,1.032472084559509,0.6923076923076923,0.0909090909090909,2.9626262626262627,0.147
2026-09-25,Wyoming,Mountain West,2026,178,32,0.0405817486950274,0.4213483146067415,1.061133420570343,1.0,0.1684210526315789,3.414736842105264,,195,31,0.1412199979036408,0.4512820512820513,1.1164747375570248,0.9523809523809524,0.1451612903225806,3.2604838709677417,0.118
2026-09-26,Air Force,Mountain West,2026,147,19,0.3168724868895267,0.5238095238095238,0.9836879949098816,1.0,0.0578512396694214,4.0239669421487605,,106,20,-0.0790044128664969,0.3113207547169811,1.5288427794559412,0.8,0.2280701754385964,2.526315789473684,0.142
2026-09-26,Akron,Mid-American,2026,262,46,0.0198381596663593,0.4427480916030534,0.9809070069767836,0.8181818181818182,0.1304347826086956,3.6191304347826088,,246,46,0.2413347785414639,0.4308943089430894,1.3716863805017796,0.6875,0.188034188034188,2.8905982905982905,0.15
2026-09-26,Alabama,SEC,2026,210,35,0.276937413944714,0.5,1.211557126093941,0.7857142857142857,0.2,3.1525,,174,36,-0.1128315163795139,0.3333333333333333,1.4762735016109303,0.5,0.2625,1.7125,0.218
2026-09-26,App State,Sun Belt,2026,225,35,0.2785529402721717,0.48,1.3105648913066963,0.6923076923076923,0.2300884955752212,2.600884955752212,,193,35,0.0024673265621209,0.3782383419689119,1.1547520965544027,0.75,0.2470588235294117,2.2905882352941176,0.187
2026-09-26,Arizona,Big 12,2026,204,32,0.2301098030825181,0.5196078431372549,1.1195587301403327,0.8666666666666667,0.119047619047619,3.572619047619048,,179,31,0.0360810069522832,0.3631284916201117,1.3955765830928069,1.0,0.2238805970149253,2.816417910447761,0.156
2026-09-26,Arizona State,Big 12,2026,202,40,0.058158540254411,0.4158415841584158,1.3964621633387664,0.7777777777777778,0.1981132075471698,2.689622641509434,,189,39,0.0225517463198268,0.3703703703703703,1.1790414583455835,0.6363636363636364,0.1489361702127659,2.907446808510638,0.159
2026-09-26,Arkansas,SEC,2026,226,34,0.0383022155982356,0.4247787610619469,1.1062539239793383,0.8,0.1704545454545454,2.481818181818182,,174,35,0.2285549209831052,0.4540229885057471,1.228750709383848,0.8571428571428571,0.1847826086956521,3.1630434782608696,0.132
2026-09-26,Arkansas State,Sun Belt,2026,174,31,0.1200357682754458,0.4885057471264368,1.1593313158849805,0.7368421052631579,0.1290322580645161,3.49247311827957,,190,34,0.1941874610541074,0.4473684210526316,1.3599380152475555,0.7692307692307693,0.1376146788990825,3.210091743119266,0.126
2026-09-26,Army,American Athletic,2026,202,30,0.3658049663711812,0.5495049504950495,1.0285346811738048,0.8888888888888888,0.0969696969696969,3.833939393939394,,162,29,0.189880171569889,0.4444444444444444,1.230016782977146,0.75,0.188235294117647,3.274117647058824,0.13
2026-09-26,Auburn,SEC,2026,227,35,0.1443936600058317,0.4493392070484581,1.2561727910422085,0.8333333333333334,0.1481481481481481,3.4611111111111112,,238,35,0.0362771775386438,0.3781512605042016,1.2569499493104437,0.7142857142857143,0.1842105263157894,2.517543859649123,0.164
2026-09-26,Ball State,Mid-American,2026,246,46,0.0472372891980362,0.3373983739837398,1.4167354936497174,0.8888888888888888,0.2142857142857142,2.5419642857142857,,270,44,0.3245174494482526,0.4518518518518518,1.4552780962608534,0.7777777777777778,0.1884057971014492,3.010144927536232,0.119
2026-09-26,Baylor,Big 12,2026,329,55,0.0920261789984317,0.4012158054711246,1.2626771043945284,0.7368421052631579,0.16875,2.938125,,289,53,-0.0797255846218915,0.3252595155709342,1.164684758978444,0.4,0.2580645161290322,2.5233870967741936,0.215
2026-09-26,Boise State,Pac-12,2026,223,35,0.2779730706109856,0.4932735426008968,1.1621191163478115,0.7857142857142857,0.119047619047619,3.721428571428572,,167,37,0.0763821178325622,0.3473053892215569,1.8928305840697792,0.6666666666666666,0.2985074626865671,2.238805970149253,0.21
2026-09-26,Boston College,ACC,2026,262,48,-0.0317852463996717,0.3893129770992366,1.163530181972362,0.6875,0.2517985611510791,2.846762589928057,,274,46,0.0283554285198148,0.3978102189781022,1.2373410366856836,0.65,0.1842105263157894,3.082236842105264,0.175
2026-09-26,Bowling Green,Mid-American,2026,169,35,-0.0802672387005045,0.3431952662721893,0.9820377399462172,0.7777777777777778,0.2291666666666666,2.410416666666667,,189,31,0.3246426456190667,0.5026455026455027,1.3603279439569822,0.7222222222222222,0.1454545454545454,3.6627272727272726,0.085
2026-09-26,Buffalo,Mid-American,2026,215,43,0.0152340600741297,0.2883720930232558,1.2954483758796411,1.0,0.2043010752688172,2.455913978494624,,221,43,0.1442776358738583,0.3846153846153846,1.379185290728417,0.7142857142857143,0.2037037037037037,2.953703703703704,0.149
2026-09-26,BYU,Big 12,2026,187,34,0.4480384250707043,0.5989304812834224,1.15738475313615,0.9411764705882352,0.1217391304347826,3.9521739130434783,,187,33,-0.0606163601926305,0.3689839572192513,1.1821843427834813,0.7692307692307693,0.2236842105263158,2.4105263157894736,0.171
2026-09-26,California,ACC,2026,278,47,0.00783228090931,0.4064748201438849,1.1837604160298505,0.6666666666666666,0.2051282051282051,2.823076923076924,,268,49,0.0146972373842945,0.3694029850746269,1.3408408208913778,0.8888888888888888,0.1450381679389313,3.1595419847328245,0.131
2026-09-26,Central Michigan,Mid-American,2026,177,31,0.0284302806192074,0.3785310734463277,1.1424182612957632,0.9,0.1023622047244094,3.420472440944882,,196,30,0.0829784009632448,0.4336734693877551,1.0484976060221636,1.0,0.1485148514851485,3.3059405940594058,0.148
2026-09-26,Charlotte,American Athletic,2026,198,34,0.0241744834829781,0.3838383838383838,1.247195635387338,0.6111111111111112,0.2584269662921348,2.4191011235955058,,203,35,0.2452845905090103,0.5024630541871922,1.239230366591621,0.8095238095238095,0.25,2.8134615384615387,0.113
2026-09-26,Cincinnati,Big 12,2026,219,36,0.3606084007050302,0.5159817351598174,1.2263927529442558,0.9047619047619048,0.1138211382113821,3.713821138211382,,189,34,0.0549113905009456,0.3915343915343915,1.339590996303524,0.5714285714285714,0.2195121951219512,2.973170731707317,0.201
2026-09-26,Clemson,ACC,2026,260,51,-0.0266407528506251,0.3423076923076923,1.1750750803164596,0.8,0.2105263157894736,2.7639097744360903,,288,47,0.0184171873400709,0.4131944444444444,1.179289783112771,0.7272727272727273,0.1287878787878787,3.462878787878788,0.16
2026-09-26,Coastal Carolina,Sun Belt,2026,262,48,0.1574895351334629,0.4122137404580153,1.4290556129612535,0.6923076923076923,0.1774193548387097,3.4137096774193547,,263,51,0.1291015515755437,0.4410646387832699,1.0567333833528825,0.8095238095238095,0.1304347826086956,3.085714285714286,0.148
2026-09-26,Colorado,Big 12,2026,293,51,0.0945772317657098,0.4027303754266211,1.2219098368468215,0.6190476190476191,0.1379310344827586,3.1544827586206896,,283,52,0.0074155068222096,0.381625441696113,1.2071586134840042,0.6470588235294118,0.316546762589928,2.3697841726618707,0.201
2026-09-26,Colorado State,Pac-12,2026,283,49,0.2701253320513743,0.4381625441696113,1.5117720395729728,0.8,0.2016806722689075,2.615966386554622,,253,50,0.1626775642854638,0.4624505928853755,1.197657786657446,0.8888888888888888,0.1578947368421052,3.395394736842105,0.182
2026-09-26,Delaware,Conference USA,2026,205,39,0.1066798338084509,0.4195121951219512,1.3337098877387443,0.6428571428571429,0.2159090909090909,2.6,,207,38,-0.0171581704983079,0.3623188405797101,1.2671183723139352,0.75,0.1648351648351648,2.8,0.208
2026-09-26,Duke,ACC,2026,207,35,0.2030408967844518,0.4057971014492754,1.2899466485869218,0.6923076923076923,0.1908396946564885,3.0641221374045804,,185,33,-0.0602553142440793,0.3891891891891892,1.0073238162407336,0.7777777777777778,0.1216216216216216,2.966216216216216,0.162
2026-09-26,East Carolina,American Athletic,2026,181,38,-0.0327519891781975,0.3535911602209944,1.1797205717722927,0.6666666666666666,0.2061855670103092,2.3804123711340206,,217,37,0.0731525341763409,0.3963133640552995,1.2891738260788386,0.5,0.2595419847328244,2.4366412213740456,0.147
2026-09-26,Eastern Michigan,Mid-American,2026,326,56,-0.0156919484314141,0.3711656441717791,1.1429077693263077,0.8,0.1678832116788321,2.894890510948905,,332,56,0.1007959406075676,0.4066265060240964,1.238736714618172,0.6956521739130435,0.1870967741935484,2.963225806451613,0.179
2026-09-26,Florida,SEC,2026,208,33,0.4310986408980413,0.4855769230769231,1.4320887746366489,1.0,0.125,3.194166666666667,,226,37,-0.0812391056464467,0.3628318584070796,1.229193881109598,0.75,0.108433734939759,2.896385542168675,0.217
2026-09-26,Florida Atlantic,American Athletic,2026,239,35,0.0786787212485683,0.4142259414225941,1.1237432133730278,0.8235294117647058,0.1650485436893204,2.520388349514563,,203,34,0.2193398532502586,0.4285714285714285,1.5232917278478697,1.0,0.1759259259259259,2.922222222222222,0.163
2026-09-26,Florida International,Conference USA,2026,234,35,-0.0113264756490356,0.3803418803418803,1.230581692539764,0.7333333333333333,0.2142857142857142,2.5653061224489795,,195,33,-0.0085600416086502,0.3487179487179487,1.0857985869307574,0.7272727272727273,0.2134831460674157,2.157303370786517,0.164
2026-09-26,Florida State,ACC,2026,249,43,0.2471089473000573,0.4337349397590361,1.5262338322945703,0.5625,0.1521739130434782,3.1956521739130435,,276,42,0.2194191845903798,0.4347826086956521,1.3496313678774807,0.9285714285714286,0.1796875,3.01015625,0.156
2026-09-26,Fresno State,Pac-12,2026,179,37,0.066630785909705,0.3463687150837989,1.390916776503291,0.4545454545454545,0.2553191489361702,2.478723404255319,,206,36,-0.0418416152807807,0.4223300970873786,1.072078679075987,0.5625,0.2424242424242424,2.791919191919192,0.146
2026-09-26,Georgia,SEC,2026,189,38,0.5506805689621955,0.5767195767195767,1.3499643651416666,1.0,0.1188118811881188,3.918811881188119,,196,38,-0.0882889395087844,0.3316326530612244,1.1592592515525166,0.625,0.2560975609756097,1.8378048780487808,0.199
2026-09-26,Georgia Southern,Sun Belt,2026,218,37,0.0517563857173667,0.3990825688073394,1.1138796143115484,0.75,0.1411764705882353,3.0988235294117645,,191,38,-0.0450446294623054,0.2984293193717277,1.235281547468314,0.7142857142857143,0.3218390804597701,2.002298850574713,0.236
2026-09-26,Georgia State,Sun Belt,2026,286,48,0.2513156708882154,0.479020979020979,1.295771495143261,0.631578947368421,0.1764705882352941,3.3006535947712417,,241,46,0.0431549249578378,0.3817427385892116,1.293567067031015,1.0,0.2110091743119266,3.1009174311926606,0.178
2026-09-26,Georgia Tech,ACC,2026,189,32,0.1069938987032479,0.4391534391534391,1.1062930665398056,0.6923076923076923,0.2258064516129032,2.913978494623656,,208,33,0.1115689697985944,0.4086538461538461,1.1613843437554303,0.7333333333333333,0.1407407407407407,3.0459259259259257,0.173
2026-09-26,Hawai'i,Mountain West,2026,230,37,0.032940963609442,0.3739130434782609,1.1626258762976511,0.8,0.1842105263157894,3.098684210526316,,205,37,0.1296644642024741,0.4341463414634146,1.2594556887364166,0.6875,0.1261261261261261,3.28018018018018,0.146
2026-09-26,Houston,Big 12,2026,216,34,0.4280489811446559,0.5740740740740741,1.1340783382648518,0.9130434782608696,0.1,3.974166666666666,,179,35,0.0362222812055209,0.3631284916201117,1.3767542256379943,0.6,0.2432432432432432,2.093243243243243,0.218
2026-09-26,Illinois,Big Ten,2026,246,38,0.2845181890233692,0.516260162601626,1.274416835222624,0.6666666666666666,0.1140350877192982,3.4596491228070176,,274,38,0.1929731050253859,0.4452554744525547,1.2692011344190497,0.782608695652174,0.2071428571428571,2.7664285714285715,0.131
2026-09-26,Indiana,Big Ten,2026,247,42,0.4208751084680549,0.5101214574898786,1.3819184765929695,0.72,0.1184210526315789,3.506578947368421,,237,43,-0.1068862873941866,0.2995780590717299,1.4207399529810825,0.5,0.2363636363636363,2.2618181818181817,0.198
2026-09-26,Iowa,Big Ten,2026,203,37,0.2138265876506355,0.4729064039408867,1.2194749322923168,0.5294117647058824,0.1401869158878504,3.6598130841121495,,174,40,-0.2482330183091556,0.2413793103448276,1.0309294386987973,0.6666666666666666,0.2375,2.24875,0.207
2026-09-26,Iowa State,Big 12,2026,167,35,0.217224978974601,0.3892215568862275,1.386432524504266,0.75,0.1376146788990825,3.186238532110092,,182,38,-0.1553428255773321,0.3186813186813186,1.1011253824766654,0.6923076923076923,0.1919191919191919,2.3737373737373737,0.187
2026-09-26,Jacksonville State,Conference USA,2026,240,39,0.2098568482552485,0.4583333333333333,1.2433384396644824,0.75,0.2125984251968504,2.8133858267716536,,266,39,0.0220525868692947,0.4210526315789473,1.0319670236559164,0.8181818181818182,0.1604938271604938,2.974691358024691,0.148
2026-09-26,James Madison,Sun Belt,2026,188,34,0.3574088414100914,0.5053191489361702,1.2414056076670654,0.75,0.1495327102803738,3.37196261682243,,218,38,-0.2053323491259269,0.2798165137614679,1.3221115069673095,0.8,0.1848739495798319,2.421848739495798,0.156
2026-09-26,Kansas,Big 12,2026,220,37,0.2017564194220655,0.4409090909090909,1.4288824563386082,0.5454545454545454,0.0991735537190082,3.268595041322314,,195,39,-0.0675022519168581,0.3076923076923077,1.2346084307154783,0.75,0.25,2.132142857142857,0.2
2026-09-26,Kansas State,Big 12,2026,215,34,0.3425068815785244,0.5302325581395348,1.3053117643891836,0.7692307692307693,0.15,3.276666666666667,,172,34,-0.1610606731823716,0.2732558139534883,1.3900913470198084,0.4444444444444444,0.2795698924731182,2.10752688172043,0.262
2026-09-26,Kennesaw State,Conference USA,2026,206,36,0.1070914555110887,0.4563106796116505,1.0927372016862915,0.8571428571428571,0.2234042553191489,3.075531914893617,,190,35,0.1218668276874844,0.4105263157894737,1.0811429725156738,0.9,0.1891891891891892,3.205405405405405,0.095
2026-09-26,Kent State,Mid-American,2026,246,46,-0.028066761604708,0.3130081300813008,1.3677693927429808,0.6153846153846154,0.2230215827338129,2.7776978417266185,,249,47,0.2007096448695701,0.4738955823293173,1.2720519322498094,0.8421052631578947,0.1557377049180328,3.189344262295082,0.141
2026-09-26,Kentucky,SEC,2026,251,47,0.2569571492611112,0.5179282868525896,1.2028393571873282,0.7647058823529411,0.1492537313432835,3.512686567164179,,290,45,0.015506405315718,0.4172413793103448,1.1898726045681305,0.7777777777777778,0.168,2.8056,0.183
2026-09-26,Liberty,Conference USA,2026,265,46,0.1582123612049233,0.4528301886792453,1.2490068118762363,0.7619047619047619,0.1194968553459119,3.2270440251572325,,245,44,0.0393415978695765,0.3551020408163265,1.385914318599743,0.7272727272727273,0.2113821138211382,3.01869918699187,0.188
2026-09-26,Louisiana,Sun Belt,2026,192,33,0.2021796581974875,0.4375,1.2432876137468538,0.75,0.1610169491525423,3.180508474576272,,197,33,-0.06258017633343,0.4263959390862944,1.142978736577307,0.5,0.2210526315789473,2.726315789473684,0.152
2026-09-26,Louisiana Tech,Sun Belt,2026,193,41,0.0147704176735784,0.3367875647668393,1.4428676625000247,0.5,0.2268041237113402,2.6484536082474226,,219,43,-0.0117915486855234,0.3470319634703196,1.305153941737421,0.6666666666666666,0.2301587301587301,2.063492063492064,0.242
2026-09-26,Louisville,ACC,2026,270,51,0.3444575245037248,0.5,1.3529614271567436,0.7222222222222222,0.1944444444444444,2.8090277777777777,,285,49,0.1112161266833489,0.4035087719298245,1.2382424769784324,0.5172413793103449,0.1148648648648648,3.049324324324324,0.137
2026-09-26,LSU,SEC,2026,252,37,0.2131279352418512,0.4880952380952381,1.2496780329097714,0.7,0.1594202898550724,3.0318840579710145,,179,38,-0.1478507261367945,0.2905027932960894,1.2710532146221185,0.8333333333333334,0.2676056338028169,1.7887323943661972,0.223
2026-09-26,Marshall,Sun Belt,2026,191,35,0.0580684059707012,0.418848167539267,1.0677573277672456,0.6470588235294118,0.2336448598130841,2.774766355140187,,208,32,0.3261686843091499,0.5,1.1627874499307769,0.8571428571428571,0.11,3.49,0.106
2026-09-26,Maryland,Big Ten,2026,294,50,0.1316439063313339,0.4523809523809524,1.2391446102841337,0.7142857142857143,0.2338709677419354,2.882258064516129,,244,47,0.04818691237472,0.3811475409836065,1.2672000655492783,0.7058823529411765,0.2283464566929134,2.296850393700788,0.16
2026-09-26,Massachusetts,Mid-American,2026,166,33,0.2868497366072975,0.4698795180722891,1.233371509758613,0.625,0.1515151515151515,3.375757575757576,,194,36,-0.1467312245881031,0.3350515463917525,1.2112790441286214,0.6,0.2584269662921348,2.308988764044944,0.17
2026-09-26,Memphis,American Athletic,2026,254,44,0.2620660130099108,0.4724409448818897,1.369827052932887,0.75,0.1478873239436619,3.4640845070422537,,275,45,0.1795247018535912,0.4181818181818181,1.399864399561085,0.8421052631578947,0.126865671641791,3.388805970149254,0.149
2026-09-26,Miami,ACC,2026,212,38,0.4532696254610958,0.5660377358490566,1.2823020411686614,0.8333333333333334,0.128440366972477,3.779816513761468,,177,35,-0.0345335442366272,0.3446327683615819,1.0799734273264323,0.75,0.2592592592592592,2.335185185185185,0.141
2026-09-26,Miami (OH),Mid-American,2026,173,31,0.2590782238413193,0.4335260115606936,1.4001786129229967,0.75,0.188235294117647,3.048235294117647,,200,34,0.2002611923552745,0.47,1.2598345274582343,0.7857142857142857,0.2278481012658227,2.7037974683544306,0.1
2026-09-26,Michigan,Big Ten,2026,177,31,0.1828684963449695,0.4293785310734463,1.2246873889498353,0.7272727272727273,0.1359223300970873,3.10873786407767,,181,33,-0.1301153292362241,0.3204419889502762,1.078546934620456,0.7142857142857143,0.2525252525252525,2.613131313131313,0.193
2026-09-26,Michigan State,Big Ten,2026,206,29,0.0849340285950844,0.4368932038834951,1.126866158183978,0.6666666666666666,0.1929824561403508,2.9894736842105263,,163,29,0.1139233820112888,0.4171779141104294,1.1901511284007966,0.6153846153846154,0.2771084337349397,2.763855421686747,0.166
2026-09-26,Middle Tennessee,Conference USA,2026,189,30,0.2230155111541028,0.4232804232804232,1.189863169661794,0.6666666666666666,0.1,3.8,,171,32,0.0684229448121757,0.4093567251461988,1.1614491945782257,0.6363636363636364,0.2244897959183673,2.6806122448979592,0.135
2026-09-26,Minnesota,Big Ten,2026,202,33,0.1541690472222062,0.495049504950495,1.069288990135684,0.6666666666666666,0.2261904761904762,2.567857142857143,,175,35,0.0317479921445978,0.3657142857142857,1.0963292984839197,0.5833333333333334,0.2747252747252747,2.69010989010989,0.22
2026-09-26,Mississippi State,SEC,2026,211,35,0.4624899417763746,0.5355450236966824,1.334741918698522,0.75,0.1858407079646017,3.4787610619469027,,215,34,-0.0178130956074428,0.3488372093023256,1.1557258020648962,0.5384615384615384,0.160919540229885,2.854022988505747,0.149
2026-09-26,Missouri,SEC,2026,203,39,0.2296924393353562,0.4334975369458128,1.285256381938105,0.6363636363636364,0.1785714285714285,3.1107142857142858,,193,37,-0.0735090772523909,0.3160621761658031,1.4936472773462453,0.8,0.2424242424242424,2.3212121212121213,0.254
2026-09-26,Missouri State,Conference USA,2026,184,32,0.1780983624264895,0.4347826086956521,1.2412250421899569,0.7777777777777778,0.1545454545454545,3.1,,218,33,0.2412781168390911,0.5045871559633027,1.0400010396141783,0.8666666666666667,0.1532258064516129,3.520967741935484,0.17
2026-09-26,Navy,American Athletic,2026,206,32,0.275359420175587,0.5145631067961165,1.1414943049502273,0.9565217391304348,0.09375,3.88625,,179,32,0.1576472063958153,0.3910614525139664,1.4071072187745968,0.8888888888888888,0.2068965517241379,2.711494252873563,0.145
2026-09-26,NC State,ACC,2026,202,37,0.2024040085401232,0.4702970297029702,1.260064759274924,0.7777777777777778,0.1333333333333333,3.303809523809524,,180,37,0.1306884503148467,0.4111111111111111,1.2279082534076984,0.7894736842105263,0.17,2.899,0.156
2026-09-26,Nebraska,Big Ten,2026,212,31,0.4705787780293003,0.5141509433962265,1.4704221468151208,0.7368421052631579,0.1271186440677966,3.630508474576271,,175,34,0.025326446650141,0.3314285714285714,1.387356724013442,0.75,0.1612903225806451,2.9720430107526883,0.183
2026-09-26,Nevada,Mountain West,2026,189,33,0.0782585032921113,0.4179894179894179,1.289663356620314,0.6666666666666666,0.1981981981981982,3.1648648648648647,,218,34,0.1036882953044283,0.4174311926605504,1.0519941338314225,0.65,0.1810344827586207,3.132758620689655,0.124
2026-09-26,New Mexico,Mountain West,2026,201,37,0.1020851442163245,0.4079601990049751,1.1669383976411618,0.8666666666666667,0.1507936507936507,3.1880952380952383,,166,37,-0.2195335782064906,0.2710843373493976,1.4141618090723207,0.4285714285714285,0.2441860465116279,1.722093023255814,0.259
2026-09-26,New Mexico State,Conference USA,2026,201,34,0.1547919421257269,0.4378109452736318,1.4261327937630708,0.6875,0.1428571428571428,3.207692307692308,,202,35,0.0958815223181676,0.4158415841584158,1.162391545945404,0.8333333333333334,0.2247191011235955,2.953932584269663,0.129
2026-09-26,North Carolina,ACC,2026,182,30,0.1180247926500402,0.4835164835164835,1.037750541807011,0.7777777777777778,0.125,3.871590909090909,,206,32,-0.0188311190592386,0.3932038834951456,1.0238332099979035,0.875,0.1224489795918367,2.9397959183673468,0.141
2026-09-26,North Dakota State,Mountain West,2026,260,41,0.156824607490598,0.4,1.4137345404833734,0.6923076923076923,0.1907894736842105,2.8263157894736843,,240,42,-0.1560976801881319,0.3916666666666666,1.024351033572395,0.7142857142857143,0.1796875,2.64609375,0.183
2026-09-26,Northern Illinois,Mountain West,2026,264,46,-0.1041432466639752,0.3636363636363636,1.1902069954238734,0.7647058823529411,0.2115384615384615,2.565384615384616,,268,45,0.1585638897780007,0.4440298507462686,1.3225028869796789,0.5789473684210527,0.2015503875968992,2.902325581395349,0.127
2026-09-26,North Texas,American Athletic,2026,224,33,0.2090856702992057,0.4464285714285714,1.322265598128833,0.625,0.1862745098039215,2.9745098039215687,,190,32,0.2626747004670615,0.4842105263157895,1.2306632228056182,0.7727272727272727,0.1491228070175438,2.7578947368421054,0.116
2026-09-26,Northwestern,Big Ten,2026,188,33,0.3044830002648179,0.4627659574468085,1.294453920932533,0.8181818181818182,0.19,2.835,,222,34,0.0833962131998225,0.4414414414414414,1.1199703529662888,0.5909090909090909,0.1415094339622641,3.429245283018868,0.162
2026-09-26,Notre Dame,FBS Independents,2026,258,41,0.335627814810948,0.5193798449612403,1.1119017796798214,0.7619047619047619,0.1532846715328467,2.9430656934306567,,225,42,-0.1193278158524432,0.3422222222222222,1.1379848670959165,0.7333333333333333,0.2232142857142857,2.321428571428572,0.24
2026-09-26,Ohio,Mid-American,2026,194,32,0.1760447899783281,0.4175257731958763,1.2350845700078568,0.8571428571428571,0.0909090909090909,3.518181818181818,,216,31,0.3731491291503761,0.4768518518518518,1.3719310728007073,0.8,0.1777777777777777,3.1555555555555554,0.147
2026-09-26,Ohio State,Big Ten,2026,271,46,0.3936935013034291,0.5239852398523985,1.3415050395555912,0.782608695652174,0.1679389312977099,3.200763358778626,,269,47,-0.0800240807994322,0.3531598513011152,1.2130391073039322,0.6666666666666666,0.1935483870967742,2.799193548387097,0.208
2026-09-26,Oklahoma,SEC,2026,185,32,0.0501711068518333,0.4162162162162162,1.1749275382998827,0.5,0.2604166666666667,2.6416666666666666,,174,34,-0.2307965362165965,0.2816091954022988,1.3175949208260729,0.5714285714285714,0.2115384615384615,2.265384615384616,0.236
2026-09-26,Oklahoma State,Big 12,2026,250,39,0.0922393125795199,0.472,1.0950655912831722,0.5789473684210527,0.1735537190082644,3.2049586776859504,,165,37,-0.0206451725666623,0.3393939393939394,1.2080796695595188,0.6666666666666666,0.1927710843373494,2.809638554216868,0.158
2026-09-26,Old Dominion,Sun Belt,2026,170,37,-0.0720741806844938,0.3294117647058823,1.4525635082526005,0.2222222222222222,0.324074074074074,1.537962962962963,,217,35,-0.0767543796980638,0.3133640552995391,1.2768720082381484,0.5333333333333333,0.2396694214876033,2.262809917355372,0.184
2026-09-26,Ole Miss,SEC,2026,213,33,0.2886576608420783,0.5070422535211268,1.231046985053771,0.7894736842105263,0.1954022988505747,2.7574712643678163,,199,33,0.1710211296922756,0.4221105527638191,1.21395456162181,0.7142857142857143,0.25,2.694444444444444,0.166
2026-09-26,Oregon,Big Ten,2026,220,39,0.2919794366357967,0.4863636363636364,1.386236824560801,0.9285714285714286,0.0909090909090909,3.68989898989899,,192,41,-0.1109297369096197,0.3489583333333333,1.108797512817691,0.7,0.1931818181818181,2.6170454545454547,0.151
2026-09-26,Oregon State,Pac-12,2026,214,38,0.2398339360225031,0.4018691588785046,1.508537700942421,0.7142857142857143,0.0857142857142857,3.1314285714285712,,223,38,0.1790414495411041,0.4349775784753363,1.166465332822905,0.8666666666666667,0.1495327102803738,3.1158878504672898,0.161
2026-09-26,Penn State,Big Ten,2026,207,36,0.34780585097408,0.4734299516908212,1.337203084233558,0.7058823529411765,0.1333333333333333,2.8375,,175,36,-0.1286610303929015,0.2971428571428571,1.0268211350241472,0.7272727272727273,0.2527472527472527,2.365934065934066,0.189
2026-09-26,Pittsburgh,ACC,2026,292,46,0.2943639349679869,0.4965753424657534,1.2493195690476524,0.631578947368421,0.1824817518248175,3.3094890510948907,,240,47,-0.1071948228174938,0.2875,1.3794468878643993,0.5384615384615384,0.3195876288659793,1.777319587628866,0.179
2026-09-26,Purdue,Big Ten,2026,286,43,0.2365211519030919,0.465034965034965,1.1982918041307935,0.7894736842105263,0.1587301587301587,3.026984126984127,,258,42,0.3541780093619417,0.5038759689922481,1.360323192259855,0.7619047619047619,0.1510791366906475,3.3194244604316547,0.14
2026-09-26,Rice,American Athletic,2026,191,31,0.0327225514539859,0.4240837696335078,1.0559310952793748,0.7272727272727273,0.1310344827586207,3.387586206896552,,191,29,0.0991945792255448,0.4293193717277487,1.210432616956576,0.625,0.1495327102803738,2.760747663551402,0.152
2026-09-26,Rutgers,Big Ten,2026,274,45,0.1351379441326351,0.4817518248175182,1.3008484357582824,0.7,0.1605839416058394,3.132846715328468,,241,45,0.1654939805152234,0.4356846473029045,1.2021303791777804,0.75,0.2,3.0024,0.137
2026-09-26,Sacramento State,Mid-American,2026,270,50,-0.0436657708863149,0.4111111111111111,1.1126741345903286,0.72,0.2905982905982906,2.5264957264957264,,249,50,0.0964973744151637,0.3534136546184739,1.4564135807778162,0.5833333333333334,0.2,2.6224,0.133
2026-09-26,Sam Houston,Conference USA,2026,280,54,0.1016307759362851,0.4392857142857143,1.282968570198587,0.6111111111111112,0.2105263157894736,2.799122807017544,,263,53,0.0699932835552088,0.3878326996197718,1.2652293071817218,0.7368421052631579,0.2027972027972027,3.10979020979021,0.224
2026-09-26,San Diego State,Pac-12,2026,268,49,-0.0783933337961085,0.3470149253731343,1.1629770456079362,0.5454545454545454,0.2027972027972027,2.93986013986014,,294,51,0.0970600892086255,0.4421768707482993,1.049073021585473,0.85,0.1111111111111111,3.3932098765432097,0.099
2026-09-26,San José State,Mountain West,2026,283,52,0.0822088440580657,0.3957597173144876,1.2244504887603835,0.5714285714285714,0.1860465116279069,3.182170542635659,,287,52,0.0660974308409856,0.4355400696864111,1.0704314495810316,0.8333333333333334,0.1693548387096774,2.9306451612903226,0.136
2026-09-26,SMU,ACC,2026,204,37,0.2742057345207169,0.5049019607843137,1.3627679801780308,0.5333333333333333,0.1578947368421052,3.165263157894737,,192,39,0.0710770264920301,0.3802083333333333,1.352419766320495,0.4,0.2178217821782178,2.756435643564356,0.182
2026-09-26,South Alabama,Sun Belt,2026,308,45,0.1738784302846758,0.4188311688311688,1.301705588252744,0.7916666666666666,0.1206896551724138,3.182183908045977,,217,44,0.304130048206384,0.488479262672811,1.4604998123440105,0.6,0.1666666666666666,3.2935185185185185,0.18
2026-09-26,South Carolina,SEC,2026,221,34,0.3261471565256313,0.5158371040723982,1.2391528244404897,0.8,0.1043478260869565,3.9008695652173913,,178,37,0.036635015912651,0.3258426966292135,1.4436034986211337,0.5714285714285714,0.240506329113924,2.288607594936709,0.135
2026-09-26,Southern Miss,Sun Belt,2026,222,36,0.0121603839015959,0.4504504504504504,1.0630636712234078,0.8421052631578947,0.0865384615384615,3.5932692307692307,,219,37,0.1197845818211172,0.4246575342465753,1.1988653470188622,0.6666666666666666,0.1666666666666666,3.3904761904761904,0.132
2026-09-26,South Florida,American Athletic,2026,180,31,0.3384235669194311,0.5333333333333333,1.1780580178498568,0.8461538461538461,0.1847826086956521,3.213043478260869,,199,30,0.0405993339548307,0.4371859296482412,0.9700960638211812,0.6153846153846154,0.2641509433962264,2.416037735849057,0.171
2026-09-26,Stanford,ACC,2026,199,36,0.0752136337236247,0.3819095477386934,1.1229018809424869,0.8888888888888888,0.1794871794871795,2.935897435897436,,217,38,0.2967084639386816,0.4608294930875576,1.3321584513117422,0.8333333333333334,0.15,3.119,0.115
2026-09-26,Syracuse,ACC,2026,238,36,0.0383775209160952,0.3991596638655462,1.3301522483231214,0.8,0.2201834862385321,2.851376146788991,,183,36,-0.1262747420529368,0.360655737704918,1.0874549775292308,0.75,0.2333333333333333,2.628888888888889,0.186
2026-09-26,TCU,Big 12,2026,211,35,0.2528380332475796,0.4928909952606635,1.238970475180872,0.8125,0.1545454545454545,3.283636363636364,,168,35,-0.1444674650869876,0.3392857142857143,1.0465250723410555,0.3333333333333333,0.2098765432098765,2.596296296296296,0.202
2026-09-26,Temple,American Athletic,2026,246,39,0.2376352677605477,0.4390243902439024,1.2906853448775362,0.7272727272727273,0.1688311688311688,3.3279220779220777,,267,41,0.2093547990805429,0.4569288389513108,1.2018661626278426,0.7692307692307693,0.1103448275862069,2.8917241379310346,0.109
2026-09-26,Tennessee,SEC,2026,287,47,0.2236841142285554,0.4564459930313589,1.207898514661567,0.8333333333333334,0.1377245508982036,3.5401197604790418,,257,48,-0.0912297918078454,0.3540856031128405,1.0660135910332618,0.6666666666666666,0.2,3.022608695652174,0.214
2026-09-26,Texas,SEC,2026,290,44,0.1054912778052477,0.4517241379310345,1.1454833626593977,0.7142857142857143,0.1895424836601307,2.811111111111111,,260,46,-0.0556422453013244,0.35,1.0937901963041747,0.7333333333333333,0.1984126984126984,2.553968253968254,0.206
2026-09-26,Texas A&M,SEC,2026,236,35,0.1114101420868434,0.4703389830508475,1.0940613057765285,0.8823529411764706,0.1637931034482758,3.218103448275862,,160,36,-0.086098887877876,0.3625,1.2508897512329626,0.6666666666666666,0.2117647058823529,2.603529411764706,0.188
2026-09-26,Texas State,Pac-12,2026,224,34,0.216715044700096,0.4910714285714285,1.1847606512006283,0.7647058823529411,0.1386861313868613,3.2007299270073,,230,31,0.2978838404620628,0.4956521739130435,1.2771723855589443,0.7142857142857143,0.2340425531914893,2.7180851063829787,0.139
2026-09-26,Texas Tech,Big 12,2026,277,50,0.2761958230856698,0.5054151624548736,1.159161538197396,0.7741935483870968,0.1768707482993197,3.320408163265306,,278,51,0.0027516365869861,0.3525179856115107,1.3764562758271992,0.6666666666666666,0.1941747572815534,2.962135922330097,0.183
2026-09-26,Toledo,Mid-American,2026,264,46,0.2692070530829725,0.4469696969696969,1.5268612805080706,0.6666666666666666,0.1703703703703703,3.077037037037037,,289,50,-0.0170851513055005,0.3252595155709342,1.3210564237631388,0.3888888888888889,0.2068965517241379,2.6206896551724137,0.135
2026-09-26,Troy,Sun Belt,2026,211,40,0.0901258584683448,0.3649289099526066,1.4351472824958629,0.5625,0.25,2.6939655172413794,,181,38,-0.0026395971765262,0.3535911602209944,1.3327526232476297,0.5714285714285714,0.2926829268292683,2.009756097560976,0.204
2026-09-26,Tulane,American Athletic,2026,166,31,0.0890934953648456,0.3373493975903614,1.5103032600923938,0.7142857142857143,0.2179487179487179,2.517948717948718,,219,33,0.1519099466283558,0.4063926940639269,1.2833946433558132,0.7692307692307693,0.1774193548387097,2.975806451612903,0.096
2026-09-26,Tulsa,American Athletic,2026,202,35,0.166622374647283,0.4158415841584158,1.2613691904505455,0.9166666666666666,0.1441441441441441,3.256756756756757,,226,36,-0.1221300230839853,0.3761061946902654,0.9906027630152234,0.5294117647058824,0.1868131868131868,2.856043956043956,0.15
2026-09-26,UAB,American Athletic,2026,265,40,0.0504175692051148,0.4226415094339623,1.1850191816604738,0.7391304347826086,0.1589403973509933,3.137086092715232,,248,41,0.1056713640571336,0.4516129032258064,1.044312307132658,0.7037037037037037,0.119047619047619,3.4857142857142858,0.157
2026-09-26,UCF,Big 12,2026,172,37,0.1727481309853076,0.4302325581395348,1.3946726958072928,0.75,0.1578947368421052,3.2726315789473683,,221,40,-0.0406722511693375,0.334841628959276,1.2851599438426071,0.5384615384615384,0.247787610619469,2.380530973451328,0.163
2026-09-26,UCLA,Big Ten,2026,264,52,0.3056895175701199,0.4962121212121212,1.2860215887624564,0.8421052631578947,0.0961538461538461,3.955128205128205,,275,52,-0.1271006250909647,0.3272727272727272,1.3466484258816014,0.8333333333333334,0.25,2.36484375,0.185
2026-09-26,UConn,FBS Independents,2026,200,38,0.2671869408141368,0.45,1.38969001356247,0.6363636363636364,0.1636363636363636,3.219090909090909,,228,38,-0.0256965036693228,0.3771929824561403,1.180963699199186,0.6428571428571429,0.1888888888888888,2.7466666666666666,0.171
2026-09-26,UL Monroe,Sun Belt,2026,215,37,-0.1102828858206328,0.4232558139534884,1.0167667649264416,0.5882352941176471,0.128440366972477,3.118348623853211,,204,34,0.3069148165989196,0.5147058823529411,1.2165785599101062,0.8,0.1578947368421052,3.491228070175439,0.127
2026-09-26,UNLV,Mountain West,2026,281,47,0.0529135687229341,0.3843416370106761,1.218802792211778,0.6666666666666666,0.1301369863013698,3.219178082191781,,267,46,0.0757099267106491,0.4044943820224719,1.154460009886671,0.8333333333333334,0.1328125,3.60625,0.161
2026-09-26,USC,Big Ten,2026,285,39,0.3172149034620953,0.5614035087719298,1.1218387249301065,0.782608695652174,0.1689189189189189,3.3493243243243245,,225,40,0.1136148811234199,0.4133333333333333,1.313014229751831,0.8571428571428571,0.1851851851851851,2.661111111111111,0.124
2026-09-26,Utah,Big 12,2026,213,36,0.3326252204818921,0.5023474178403756,1.3941437878636935,0.75,0.188034188034188,3.5547008547008545,,196,35,-0.0605487424304241,0.3010204081632653,1.3952263291746685,0.6666666666666666,0.1333333333333333,2.7546666666666666,0.199
2026-09-26,Utah State,Pac-12,2026,202,35,-0.1375122490202878,0.3415841584158416,1.3274396086992413,0.1428571428571428,0.2222222222222222,3.013333333333333,,215,37,0.0852731829154448,0.4,1.1714980022413382,0.6875,0.2234042553191489,2.6042553191489364,0.126
2026-09-26,UTEP,Mountain West,2026,161,36,-0.1670547546022537,0.3788819875776397,1.2093960811683706,0.5,0.2947368421052631,2.4105263157894736,,195,34,0.2343692976201657,0.4615384615384615,1.1790187123625142,0.625,0.2327586206896551,2.8836206896551726,0.133
2026-09-26,UTSA,American Athletic,2026,253,47,0.2676143449767099,0.4743083003952569,1.1108091026654654,0.85,0.1721311475409836,3.0754098360655737,,324,49,0.0767385229095977,0.4320987654320987,1.1351715792496355,0.65,0.124223602484472,3.2801242236024843,0.128
2026-09-26,Vanderbilt,SEC,2026,193,33,0.1750344723011998,0.4352331606217616,1.2154990741584226,0.8571428571428571,0.1354166666666666,3.173958333333333,,196,36,-0.0563285903853769,0.3520408163265306,1.3382165592887385,0.75,0.2111111111111111,2.5122222222222224,0.209
2026-09-26,Virginia,ACC,2026,207,37,0.2731213872965063,0.4879227053140096,1.1442216021106064,0.8421052631578947,0.1395348837209302,3.427906976744186,,186,38,-0.1215454879015738,0.3494623655913978,0.9670166017539398,0.7,0.1881188118811881,2.8346534653465345,0.183
2026-09-26,Virginia Tech,ACC,2026,314,47,0.2658735223904115,0.4872611464968153,1.2049350305991204,0.75,0.1895424836601307,3.0601307189542486,,236,49,-0.0300638626116558,0.3305084745762712,1.3088079116373943,0.5714285714285714,0.4033613445378151,0.9857142857142858,0.267
2026-09-26,Wake Forest,ACC,2026,262,42,0.2853935911748019,0.4541984732824427,1.3054103408047757,0.55,0.1393442622950819,3.1737704918032787,,297,45,0.1599441060796813,0.468013468013468,1.053755124854973,0.7,0.213235294117647,2.865441176470588,0.128
2026-09-26,Washington,Big Ten,2026,203,35,0.1727421613910353,0.4630541871921182,1.1340974221075195,0.6363636363636364,0.2142857142857142,2.8583333333333334,,192,35,-0.2143749631755618,0.328125,1.1532805941861888,0.25,0.3131313131313131,2.3252525252525253,0.229
2026-09-26,Washington State,Pac-12,2026,173,33,-0.0167903006838236,0.3815028901734104,1.1934044165153166,0.5,0.2083333333333333,2.966666666666667,,193,36,-0.033701780271225,0.38860103626943,1.2525054148736872,0.7777777777777778,0.202020202020202,2.782828282828283,0.124
2026-09-26,Western Kentucky,Conference USA,2026,219,40,-0.1531058142534202,0.3287671232876712,1.1135955916486944,0.6,0.2666666666666666,2.42,,189,39,0.4536063793837391,0.4973544973544973,1.4859691070365135,0.8888888888888888,0.1293103448275862,3.683620689655173,0.101
2026-09-26,Western Michigan,Mid-American,2026,193,34,0.162500019761641,0.4041450777202072,1.2110404254563358,0.7058823529411765,0.1538461538461538,2.809401709401709,,202,32,0.0145032863132086,0.4455445544554455,0.9861967995987728,0.7222222222222222,0.146788990825688,3.1275229357798167,0.129
2026-09-26,West Virginia,Big 12,2026,209,39,0.2805730586282013,0.4545454545454545,1.2531159844599569,0.8125,0.1366459627329192,3.1695652173913045,,210,37,0.0292486537971356,0.4047619047619047,1.195598762590559,0.6363636363636364,0.21875,2.7333333333333334,0.181
2026-09-26,Wisconsin,Big Ten,2026,180,29,0.2069186010153223,0.4444444444444444,1.3630650231023325,0.5833333333333334,0.1555555555555555,2.908888888888889,,191,31,-0.0079566843958456,0.3717277486910995,1.032472084559509,0.6923076923076923,0.0909090909090909,2.9626262626262627,0.147
2026-09-26,Wyoming,Mountain West,2026,178,32,0.0405817486950274,0.4213483146067415,1.061133420570343,1.0,0.1684210526315789,3.414736842105264,,195,31,0.1412199979036408,0.4512820512820513,1.1164747375570248,0.9523809523809524,0.1451612903225806,3.2604838709677417,0.118
2026-09-29,Air Force,Mountain West,2026,233,32,0.2974661943078536,0.4892703862660944,1.0827490054179236,0.8076923076923077,0.0684210526315789,3.83578947368421,,173,32,0.0044006018899963,0.3468208092485549,1.4301750176820658,0.6666666666666666,0.2159090909090909,2.8659090909090907,0.15
2026-09-29,Akron,Mid-American,2026,262,46,0.0198381596663593,0.4427480916030534,0.9809070069767836,0.8181818181818182,0.1304347826086956,3.6191304347826088,,246,46,0.2413347785414639,0.4308943089430894,1.3716863805017796,0.6875,0.188034188034188,2.8905982905982905,0.15
2026-09-29,Alabama,SEC,2026,267,47,0.3266426615528703,0.4943820224719101,1.3316067628050767,0.7777777777777778,0.2094594594594594,2.992567567567568,,249,49,-0.0979791717634725,0.3413654618473896,1.3820358753940611,0.5625,0.2436974789915966,2.1983193277310926,0.189
2026-09-29,App State,Sun Belt,2026,288,48,0.2375017412396011,0.4548611111111111,1.3124452763172334,0.6666666666666666,0.2388059701492537,2.576865671641791,,272,47,0.0798890370195323,0.4227941176470588,1.1322274576006577,0.8421052631578947,0.2265625,2.6203125,0.176
2026-09-29,Arizona,Big 12,2026,280,46,0.213015775387715,0.5,1.1510787926944033,0.85,0.1176470588235294,3.534453781512605,,250,43,0.001696313309385,0.352,1.4149125290095736,1.0,0.2526315789473684,2.5894736842105264,0.168
2026-09-29,Arizona State,Big 12,2026,202,40,0.058158540254411,0.4158415841584158,1.3964621633387664,0.7777777777777778,0.1981132075471698,2.689622641509434,,189,39,0.0225517463198268,0.3703703703703703,1.1790414583455835,0.6363636363636364,0.1489361702127659,2.907446808510638,0.159
2026-09-29,Arkansas,SEC,2026,306,46,0.0487704291571512,0.4215686274509804,1.1175130223447418,0.8421052631578947,0.1811023622047244,2.578740157480315,,229,46,0.1584979574626104,0.4323144104803493,1.109799606067956,0.875,0.1504424778761062,3.225663716814159,0.144
2026-09-29,Arkansas State,Sun Belt,2026,235,40,0.151722200567074,0.4851063829787234,1.147182168803558,0.7391304347826086,0.1463414634146341,3.370731707317073,,256,43,0.1608416764111734,0.453125,1.2437369661354392,0.7619047619047619,0.1360544217687075,3.3891156462585035,0.125
2026-09-29,Army,American Athletic,2026,202,30,0.3652410716663139,0.5495049504950495,1.0285346811738048,0.8888888888888888,0.0969696969696969,3.826666666666666,,162,29,0.1890381995867541,0.4382716049382716,1.2445339834418143,0.75,0.188235294117647,3.274117647058824,0.13
2026-09-29,Auburn,SEC,2026,285,45,0.1190946320571405,0.4280701754385965,1.267789889039531,0.8666666666666667,0.1521739130434782,3.2782608695652176,,317,46,-0.009012568565795,0.3753943217665615,1.213542730131642,0.6818181818181818,0.1854304635761589,2.5688741721854305,0.155
2026-09-29,Ball State,Mid-American,2026,246,46,0.0472372891980362,0.3373983739837398,1.4167354936497174,0.8888888888888888,0.2142857142857142,2.5419642857142857,,270,44,0.3245174494482526,0.4518518518518518,1.4552780962608534,0.7777777777777778,0.1884057971014492,3.010144927536232,0.119
2026-09-29,Baylor,Big 12,2026,329,55,0.0920261789984317,0.4012158054711246,1.2626771043945284,0.7368421052631579,0.16875,2.938125,,290,53,-0.1150677145226885,0.3206896551724137,1.139479400538103,0.4,0.264,2.5032,0.214
2026-09-29,Boise State,Pac-12,2026,290,45,0.2951432031136631,0.5,1.1533594709235888,0.7619047619047619,0.1488095238095238,3.504166666666667,,219,46,0.0193550406163336,0.3561643835616438,1.662621788848783,0.8,0.2840909090909091,2.4693181818181817,0.192
2026-09-29,Boston College,ACC,2026,262,48,-0.0317852463996717,0.3893129770992366,1.163530181972362,0.6875,0.2517985611510791,2.846762589928057,,276,46,0.0018121895071706,0.394927536231884,1.2373410366856836,0.65,0.1948051948051948,3.015584415584416,0.174
2026-09-29,Bowling Green,Mid-American,2026,232,45,-0.1154144721078505,0.3362068965517241,0.9581163924687428,0.7272727272727273,0.246031746031746,2.430952380952381,,242,42,0.2273308743347902,0.4917355371900826,1.294370808726625,0.7391304347826086,0.1689189189189189,3.4364864864864866,0.12
2026-09-29,Buffalo,Mid-American,2026,306,56,0.0003070626769482,0.3333333333333333,1.2190083433359715,0.8,0.1923076923076923,2.703846153846154,,276,55,0.1161623627988776,0.3659420289855072,1.4454634719206607,0.625,0.1923076923076923,3.039230769230769,0.152
2026-09-29,BYU,Big 12,2026,187,34,0.4480384250707043,0.5989304812834224,1.15738475313615,0.9411764705882352,0.1217391304347826,3.9521739130434783,,187,33,-0.0606163601926305,0.3689839572192513,1.1821843427834813,0.7692307692307693,0.2236842105263158,2.4105263157894736,0.171
2026-09-29,California,ACC,2026,278,47,0.0068658545828788,0.4028776978417266,1.193366273108296,0.6666666666666666,0.2051282051282051,2.818803418803419,,268,49,0.0144199249857662,0.3694029850746269,1.3408408208913778,0.8888888888888888,0.1450381679389313,3.1595419847328245,0.131
2026-09-29,Central Michigan,Mid-American,2026,228,41,0.0001570736377874,0.3508771929824561,1.195933983562599,0.8260869565217391,0.1292517006802721,3.180952380952381,,264,40,0.1659476920764217,0.4734848484848485,1.1175277807603152,0.9333333333333332,0.1353383458646616,3.5338345864661656,0.144
2026-09-29,Charlotte,American Athletic,2026,243,46,-0.095306802260871,0.3621399176954732,1.0598862867138024,0.5714285714285714,0.2788461538461538,2.3836538461538463,,284,48,0.1652303849654907,0.4718309859154929,1.180794147263004,0.8,0.2466666666666666,2.793333333333333,0.137
2026-09-29,Cincinnati,Big 12,2026,270,47,0.3625587101785252,0.4962962962962963,1.3054500850438453,0.8333333333333334,0.1320754716981132,3.677358490566038,,270,45,0.1018863265361351,0.4148148148148148,1.2050266527429307,0.6666666666666666,0.1785714285714285,3.216964285714285,0.163
2026-09-29,Clemson,ACC,2026,260,51,-0.0269265979383388,0.3423076923076923,1.1750750803164596,0.8,0.2105263157894736,2.7639097744360903,,288,47,0.0174843174833074,0.4097222222222222,1.1883693200608123,0.7272727272727273,0.1287878787878787,3.459090909090909,0.16
2026-09-29,Coastal Carolina,Sun Belt,2026,262,48,0.1574895351334629,0.4122137404580153,1.4290556129612535,0.6923076923076923,0.1774193548387097,3.4137096774193547,,264,51,0.0945429582692246,0.4507575757575757,0.9393216637344016,0.8095238095238095,0.1234567901234567,3.182098765432099,0.148
2026-09-29,Colorado,Big 12,2026,294,51,0.0591230804472788,0.3979591836734694,1.2023639115726048,0.6190476190476191,0.1438356164383561,3.132876712328767,,283,52,0.0074155068222096,0.381625441696113,1.2071586134840042,0.6470588235294118,0.316546762589928,2.3697841726618707,0.201
2026-09-29,Colorado State,Pac-12,2026,283,49,0.2701253320513743,0.4381625441696113,1.5117720395729728,0.8,0.2016806722689075,2.615966386554622,,253,50,0.1627944546234717,0.4624505928853755,1.1979105495251043,0.8888888888888888,0.1578947368421052,3.395394736842105,0.182
2026-09-29,Delaware,Conference USA,2026,262,50,0.0363583731199684,0.3893129770992366,1.2666365578672474,0.6470588235294118,0.208695652173913,2.717391304347826,,294,49,0.0795807976162017,0.3877551020408163,1.312462276507268,0.8333333333333334,0.1496062992125984,2.9031496062992126,0.184
2026-09-29,Duke,ACC,2026,280,47,0.294948176306143,0.4464285714285714,1.3269095790530947,0.75,0.1607142857142857,3.322619047619048,,235,46,-0.0641343541677386,0.3531914893617021,1.0706329307840854,0.7,0.1717171717171717,2.623232323232324,0.183
2026-09-29,East Carolina,American Athletic,2026,242,51,0.0562861690961719,0.4008264462809917,1.1660351080207183,0.7272727272727273,0.1965811965811965,2.430769230769231,,288,53,-0.0177457575397499,0.3541666666666667,1.3129262260057688,0.5833333333333334,0.2909090909090909,2.2515151515151515,0.194
2026-09-29,Eastern Michigan,Mid-American,2026,326,56,-0.0156919484314141,0.3711656441717791,1.1429077693263077,0.8,0.1678832116788321,2.894890510948905,,332,56,0.1116686422231846,0.4096385542168674,1.252969230106893,0.6956521739130435,0.1870967741935484,2.9696774193548388,0.179
2026-09-29,Florida,SEC,2026,285,45,0.4126226036434,0.5157894736842106,1.3024360786248743,1.0,0.1329479768786127,3.232369942196532,,289,49,-0.0359264204391501,0.4048442906574394,1.1456211335713724,0.7222222222222222,0.109090909090909,3.0463636363636364,0.204
2026-09-29,Florida Atlantic,American Athletic,2026,330,46,0.1423494862502445,0.4363636363636363,1.1506194104987235,0.7931034482758621,0.1666666666666666,2.746,,259,46,0.208847092454067,0.4054054054054054,1.542679050290743,0.8571428571428571,0.1908396946564885,2.8053435114503817,0.158
2026-09-29,Florida International,Conference USA,2026,294,43,0.0091606332385208,0.391156462585034,1.2069907538933642,0.7894736842105263,0.1804511278195488,2.8263157894736843,,249,41,-0.0037860460491193,0.3373493975903614,1.1588398912972853,0.6666666666666666,0.2184873949579832,2.23109243697479,0.177
2026-09-29,Florida State,ACC,2026,249,43,0.2471089473000573,0.4337349397590361,1.5262338322945703,0.5625,0.1521739130434782,3.1956521739130435,,276,42,0.2194191845903798,0.4347826086956521,1.3496313678774807,0.9285714285714286,0.1796875,3.01015625,0.156
2026-09-29,Fresno State,Pac-12,2026,249,48,0.1151643838601097,0.3694779116465863,1.4282421329421429,0.5,0.265625,2.559375,,270,46,0.0102813972130214,0.4444444444444444,1.1267273774219355,0.65,0.2083333333333333,2.9319444444444445,0.156
2026-09-29,Georgia,SEC,2026,242,52,0.425141118715048,0.5330578512396694,1.3009361261871628,0.8823529411764706,0.119047619047619,3.6912698412698415,,266,53,-0.1433071138066464,0.3308270676691729,1.0915867971634323,0.5454545454545454,0.2155172413793103,2.030172413793103,0.188
2026-09-29,Georgia Southern,Sun Belt,2026,285,46,0.1025882072554569,0.4175438596491228,1.1710175151488371,0.75,0.1376146788990825,3.079816513761468,,255,46,0.0856115488104654,0.3725490196078431,1.1753901259733148,0.6666666666666666,0.25,2.5453125,0.188
2026-09-29,Georgia State,Sun Belt,2026,286,48,0.2513156708882154,0.479020979020979,1.295771495143261,0.631578947368421,0.1764705882352941,3.3006535947712417,,242,46,0.0244660986342558,0.3801652892561983,1.293567067031015,1.0,0.209090909090909,3.090909090909091,0.178
2026-09-29,Georgia Tech,ACC,2026,260,42,0.1413445218881044,0.4423076923076923,1.2208778751676497,0.7058823529411765,0.2016129032258064,3.074193548387097,,281,44,0.1552695286200172,0.4128113879003559,1.2672318275370569,0.6842105263157895,0.1705882352941176,2.906470588235294,0.16
2026-09-29,Hawai'i,Mountain West,2026,297,45,0.0416255936104027,0.3838383838383838,1.1248847728792668,0.8,0.1752577319587628,3.138144329896907,,268,45,0.2126961152776523,0.4664179104477612,1.2265552991957558,0.75,0.1103448275862069,3.4372413793103447,0.134
2026-09-29,Houston,Big 12,2026,280,42,0.4389037467900525,0.5785714285714286,1.1226958500408188,0.8571428571428571,0.0993788819875776,3.9037267080745344,,246,44,0.0993436395008436,0.3943089430894309,1.3601297167430575,0.6428571428571429,0.2142857142857142,2.318367346938776,0.211
2026-09-29,Illinois,Big Ten,2026,246,38,0.2838635684857444,0.516260162601626,1.2731488300867524,0.6666666666666666,0.1140350877192982,3.450877192982456,,274,38,0.1929731050253859,0.4452554744525547,1.2692011344190497,0.782608695652174,0.2071428571428571,2.7664285714285715,0.131
2026-09-29,Indiana,Big Ten,2026,247,42,0.4206054896605618,0.5101214574898786,1.3819184765929695,0.72,0.1184210526315789,3.506578947368421,,237,43,-0.1068862873941866,0.2995780590717299,1.4207399529810825,0.5,0.2363636363636363,2.2618181818181817,0.198
2026-09-29,Iowa,Big Ten,2026,263,47,0.1722626694786382,0.4296577946768061,1.2788259382836886,0.5294117647058824,0.1317829457364341,3.4953488372093022,,243,50,-0.1447049947966999,0.3004115226337449,1.0382181567882602,0.7272727272727273,0.1932773109243697,2.604201680672269,0.173
2026-09-29,Iowa State,Big 12,2026,241,46,0.1173283873098131,0.3817427385892116,1.3341665352943148,0.5833333333333334,0.1901408450704225,2.992957746478873,,243,49,-0.0377459974123877,0.3703703703703703,1.092834908105983,0.7,0.1984732824427481,2.576335877862596,0.177
2026-09-29,Jacksonville State,Conference USA,2026,308,48,0.2039256783625617,0.4805194805194805,1.191970068015468,0.8148148148148148,0.1757575757575757,3.1224242424242425,,324,47,0.038705259371239,0.4228395061728395,1.0462276584798134,0.84,0.1711229946524064,2.9149732620320856,0.155
2026-09-29,James Madison,Sun Belt,2026,269,49,0.2932294132681108,0.4758364312267658,1.2229988166501045,0.7727272727272727,0.1538461538461538,3.230769230769231,,287,53,-0.1968722169622853,0.2752613240418118,1.3802235120846753,0.8181818181818182,0.1956521739130435,2.368840579710145,0.178
2026-09-29,Kansas,Big 12,2026,220,37,0.2017564194220655,0.4409090909090909,1.4288824563386082,0.5454545454545454,0.0991735537190082,3.268595041322314,,195,39,-0.0675022519168581,0.3076923076923077,1.2346084307154783,0.75,0.25,2.132142857142857,0.2
2026-09-29,Kansas State,Big 12,2026,296,45,0.3066555233089882,0.5135135135135135,1.2147288981652262,0.7619047619047619,0.1333333333333333,3.398,,223,45,-0.0393938286707073,0.3049327354260089,1.4953268179868435,0.4166666666666667,0.2558139534883721,2.5108527131782945,0.238
2026-09-29,Kennesaw State,Conference USA,2026,272,45,0.096840777192148,0.4595588235294117,1.0511684298734412,0.8181818181818182,0.1969696969696969,3.3136363636363635,,251,44,0.1510884092189516,0.4262948207171315,1.089390254669204,0.8571428571428571,0.1914893617021276,3.1602836879432625,0.108
2026-09-29,Kent State,Mid-American,2026,246,46,-0.028066761604708,0.3130081300813008,1.3677693927429808,0.6153846153846154,0.2230215827338129,2.7776978417266185,,249,47,0.2007096448695701,0.4738955823293173,1.2720519322498094,0.8421052631578947,0.1557377049180328,3.189344262295082,0.141
2026-09-29,Kentucky,SEC,2026,252,47,0.2358298815741157,0.5158730158730159,1.2028393571873282,0.7647058823529411,0.1555555555555555,3.46,,290,45,0.015506405315718,0.4172413793103448,1.1898726045681305,0.7777777777777778,0.168,2.8056,0.183
2026-09-29,Liberty,Conference USA,2026,266,46,0.1238041678120751,0.462406015037594,1.130723763744779,0.7619047619047619,0.1125,3.32375,,245,44,0.0393415978695765,0.3551020408163265,1.385914318599743,0.7272727272727273,0.2113821138211382,3.01869918699187,0.188
2026-09-29,Louisiana,Sun Belt,2026,273,46,0.1316892008453768,0.4249084249084249,1.1746644646175253,0.75,0.1829268292682926,3.0591463414634146,,242,45,-0.1664231215566407,0.396694214876033,0.9843056126444863,0.4615384615384615,0.2454545454545454,2.650909090909091,0.182
2026-09-29,Louisiana Tech,Sun Belt,2026,193,41,0.0147704176735784,0.3367875647668393,1.4428676625000247,0.5,0.2268041237113402,2.6484536082474226,,219,43,-0.0117915486855234,0.3470319634703196,1.305153941737421,0.6666666666666666,0.2301587301587301,2.063492063492064,0.242
2026-09-29,Louisville,ACC,2026,270,51,0.3444575245037248,0.5,1.3529614271567436,0.7222222222222222,0.1944444444444444,2.8090277777777777,,286,50,0.1064322421222068,0.4020979020979021,1.2382424769784324,0.5172413793103449,0.1208053691275167,3.0208053691275167,0.136
2026-09-29,LSU,SEC,2026,318,50,0.2358004202010531,0.4779874213836478,1.2822059615849353,0.72,0.1477272727272727,3.051704545454545,,241,52,-0.1658926506063978,0.3029045643153527,1.1840555424357224,0.7777777777777778,0.24,2.2,0.224
2026-09-29,Marshall,Sun Belt,2026,268,47,0.0881555190702176,0.417910447761194,1.2122594701835288,0.6842105263157895,0.2158273381294964,3.002158273381295,,269,42,0.3322744406018015,0.4721189591078067,1.3217694979067145,0.8125,0.152,3.276,0.119
2026-09-29,Maryland,Big Ten,2026,294,50,0.1316439063313339,0.4523809523809524,1.2391446102841337,0.7142857142857143,0.2338709677419354,2.882258064516129,,245,47,0.0291602901654721,0.3795918367346939,1.2211145537608818,0.7058823529411765,0.2265625,2.33359375,0.159
2026-09-29,Massachusetts,Mid-American,2026,220,44,0.279587129633783,0.45,1.2370342543322186,0.55,0.1407407407407407,3.52,,273,47,-0.1390494892059586,0.3663003663003663,1.0197492021941357,0.7058823529411765,0.2184873949579832,2.5672268907563023,0.161
2026-09-29,Memphis,American Athletic,2026,254,44,0.2620660130099108,0.4724409448818897,1.369827052932887,0.75,0.1478873239436619,3.4640845070422537,,275,45,0.1795247018535912,0.4181818181818181,1.399864399561085,0.8421052631578947,0.126865671641791,3.388805970149254,0.149
2026-09-29,Miami,ACC,2026,280,48,0.4415699454183274,0.5714285714285714,1.277780756396218,0.8125,0.1205673758865248,3.887234042553192,,228,45,-0.0487227377634526,0.3245614035087719,1.148798300609516,0.5714285714285714,0.2702702702702703,2.152702702702703,0.162
2026-09-29,Miami (OH),Mid-American,2026,235,41,0.2392133994564105,0.4297872340425532,1.4261825887036177,0.6666666666666666,0.2123893805309734,2.870796460176991,,260,44,0.1791297766665445,0.45,1.3157571806365698,0.7777777777777778,0.2169811320754717,2.860377358490566,0.104
2026-09-29,Michigan,Big Ten,2026,246,41,0.1642152654603846,0.4349593495934959,1.173524584863374,0.75,0.1267605633802817,3.170422535211268,,241,43,-0.0898447710039574,0.3112033195020747,1.1999127964530778,0.7142857142857143,0.2231404958677686,2.628099173553719,0.178
2026-09-29,Michigan State,Big Ten,2026,266,39,0.0329269647763021,0.4436090225563909,1.0821258780858587,0.7142857142857143,0.204225352112676,2.922535211267605,,232,39,0.1512322810867221,0.4267241379310345,1.2341667069367308,0.631578947368421,0.2601626016260163,2.759349593495935,0.151
2026-09-29,Middle Tennessee,Conference USA,2026,247,38,0.1976698280857266,0.4251012145748988,1.1708755822401458,0.7333333333333333,0.1333333333333333,3.497142857142857,,239,41,0.1010200373108427,0.4518828451882845,1.1198683826265927,0.7241379310344828,0.1764705882352941,3.092647058823529,0.117
2026-09-29,Minnesota,Big Ten,2026,266,46,0.1289436598515095,0.4699248120300752,1.0915976846870952,0.64,0.2413793103448276,2.4982758620689656,,230,48,0.0412178425950239,0.3695652173913043,1.204534550102037,0.5714285714285714,0.2702702702702703,2.68018018018018,0.237
2026-09-29,Mississippi State,SEC,2026,289,47,0.3832712107338231,0.5121107266435986,1.3196692356478494,0.8235294117647058,0.2013422818791946,3.344295302013423,,292,46,0.0181230583679951,0.3732876712328767,1.1429895601280653,0.6,0.1583333333333333,2.910833333333333,0.182
2026-09-29,Missouri,SEC,2026,280,51,0.1991046920861861,0.4357142857142857,1.237778594341354,0.6923076923076923,0.1724137931034483,3.099310344827586,,271,49,-0.0037167886437328,0.3542435424354243,1.412475978969476,0.8666666666666667,0.2444444444444444,2.4814814814814814,0.221
2026-09-29,Missouri State,Conference USA,2026,247,42,0.1010453671461822,0.4008097165991903,1.2292095221793706,0.7142857142857143,0.1603053435114503,2.9938931297709925,,296,45,0.2274605397484086,0.5168918918918919,1.0234936916528945,0.8695652173913043,0.1595092024539877,3.3319018404907976,0.149
2026-09-29,Navy,American Athletic,2026,207,32,0.2112282150776316,0.5120772946859904,1.1414943049502273,0.9565217391304348,0.0993788819875776,3.8248447204968943,,179,32,0.1576472063958153,0.3910614525139664,1.4071072187745968,0.8888888888888888,0.2068965517241379,2.711494252873563,0.145
2026-09-29,NC State,ACC,2026,281,49,0.2211360632310617,0.4875444839857651,1.2088715818008906,0.84,0.1486486486486486,3.2945945945945945,,243,50,0.1203704155244398,0.3991769547325103,1.250046739057774,0.7619047619047619,0.1900826446280991,2.820661157024793,0.152
2026-09-29,Nebraska,Big Ten,2026,281,41,0.4138045511974774,0.498220640569395,1.4394874375595026,0.72,0.1518987341772152,3.4075949367088607,,235,44,-0.0183221663673035,0.3659574468085106,1.2411580159343365,0.8,0.1818181818181818,2.897520661157025,0.204
2026-09-29,Nevada,Mountain West,2026,256,45,0.093463394582137,0.4140625,1.2947367406781387,0.64,0.1971830985915492,3.2359154929577465,,304,47,0.1491230792017593,0.4210526315789473,1.120475603033139,0.625,0.1459459459459459,3.271891891891892,0.112
2026-09-29,New Mexico,Mountain West,2026,264,48,0.1625145914195358,0.4166666666666667,1.2345745704538462,0.8888888888888888,0.1403508771929824,3.284795321637427,,237,48,-0.1458178721495771,0.3206751054852321,1.373865169085593,0.5,0.2456140350877192,1.9166666666666667,0.249
2026-09-29,New Mexico State,Conference USA,2026,272,45,0.1213122009194807,0.4375,1.3972786327176543,0.6842105263157895,0.1680672268907563,3.0445378151260503,,265,46,0.1575577571907399,0.4226415094339623,1.2299566428818016,0.8888888888888888,0.1865671641791045,3.155970149253731,0.121
2026-09-29,North Carolina,ACC,2026,182,30,0.1180247926500402,0.4835164835164835,1.037750541807011,0.7777777777777778,0.125,3.871590909090909,,206,32,-0.0188311190592386,0.3932038834951456,1.0238332099979035,0.875,0.1224489795918367,2.9397959183673468,0.141
2026-09-29,North Dakota State,Mountain West,2026,260,41,0.156824607490598,0.4,1.4137345404833734,0.6923076923076923,0.1907894736842105,2.8263157894736843,,240,42,-0.1560976801881319,0.3916666666666666,1.024351033572395,0.7142857142857143,0.1796875,2.64609375,0.183
2026-09-29,Northern Illinois,Mountain West,2026,265,46,-0.1206541817533527,0.3622641509433962,1.1902069954238734,0.7647058823529411,0.2095238095238095,2.56,,268,45,0.1585638897780007,0.4440298507462686,1.3225028869796789,0.5789473684210527,0.2015503875968992,2.902325581395349,0.127
2026-09-29,North Texas,American Athletic,2026,291,45,0.3186337210535019,0.5051546391752577,1.280100723700839,0.75,0.1654676258992805,3.271223021582734,,254,45,0.1185632299578048,0.4448818897637795,1.225846037457078,0.7037037037037037,0.1959459459459459,2.483108108108108,0.15
2026-09-29,Northwestern,Big Ten,2026,188,33,0.3044830002648179,0.4627659574468085,1.294453920932533,0.8181818181818182,0.19,2.835,,222,34,0.0830962319140081,0.4414414414414414,1.1199703529662888,0.5909090909090909,0.1415094339622641,3.429245283018868,0.162
2026-09-29,Notre Dame,FBS Independents,2026,258,41,0.3327825616141368,0.5155038759689923,1.115505324177074,0.7619047619047619,0.1532846715328467,2.9430656934306567,,225,42,-0.1193278158524432,0.3422222222222222,1.1379848670959165,0.7333333333333333,0.2232142857142857,2.321428571428572,0.24
2026-09-29,Ohio,Mid-American,2026,265,41,0.2225986835635769,0.4415094339622641,1.2573276583540105,0.8636363636363636,0.1006711409395973,3.565771812080537,,257,40,0.2762327564711109,0.4319066147859922,1.3809726244356877,0.7619047619047619,0.2091503267973856,2.832679738562092,0.158
2026-09-29,Ohio State,Big Ten,2026,271,46,0.3936935013034291,0.5239852398523985,1.3415050395555912,0.782608695652174,0.1679389312977099,3.200763358778626,,269,47,-0.0806227300643233,0.3531598513011152,1.2113439846486092,0.6666666666666666,0.1935483870967742,2.7911290322580644,0.208
2026-09-29,Oklahoma,SEC,2026,255,47,-0.0452290406323805,0.392156862745098,1.1117720724855946,0.4615384615384615,0.2230769230769231,2.603076923076923,,227,48,-0.1821721326277581,0.3039647577092511,1.2353158782344913,0.5833333333333334,0.1937984496124031,2.3635658914728683,0.216
2026-09-29,Oklahoma State,Big 12,2026,320,51,0.1614321018344184,0.490625,1.108175371954534,0.64,0.1717791411042944,3.22638036809816,,252,48,-0.0297343112079879,0.373015873015873,1.1584523445777564,0.6111111111111112,0.1666666666666666,3.0819444444444444,0.163
2026-09-29,Old Dominion,Sun Belt,2026,239,52,-0.1003869660045513,0.309623430962343,1.4828704323220148,0.3,0.3149606299212598,1.6125984251968504,,298,50,-0.016677350370655,0.3389261744966443,1.2419565580498635,0.6190476190476191,0.2229299363057325,2.388535031847134,0.164
2026-09-29,Ole Miss,SEC,2026,276,45,0.2516716816251639,0.5181159420289855,1.1622157256130825,0.76,0.175438596491228,2.9350877192982456,,276,45,0.2245004693490552,0.4710144927536231,1.1445332345829773,0.8181818181818182,0.217391304347826,2.9,0.13
2026-09-29,Oregon,Big Ten,2026,289,49,0.3282973751105438,0.4775086505190311,1.4144341938067029,0.8095238095238095,0.1221374045801526,3.3595419847328243,,268,51,-0.0033032965298358,0.373134328358209,1.2391364139667749,0.75,0.1848739495798319,2.684873949579832,0.157
2026-09-29,Oregon State,Pac-12,2026,273,48,0.2550130773471846,0.4249084249084249,1.4547518674764726,0.7777777777777778,0.1075268817204301,3.197849462365592,,288,48,0.0915926457031756,0.4131944444444444,1.09253689194952,0.7619047619047619,0.1347517730496454,3.041843971631206,0.167
2026-09-29,Penn State,Big Ten,2026,275,49,0.2196166637876923,0.4181818181818181,1.2991505807934227,0.7272727272727273,0.1363636363636363,2.835064935064936,,241,49,-0.1028464617099202,0.3153526970954357,1.1707435850065595,0.6666666666666666,0.2288135593220339,2.528813559322034,0.195
2026-09-29,Pittsburgh,ACC,2026,292,46,0.2943639349679869,0.4965753424657534,1.2493195690476524,0.631578947368421,0.1824817518248175,3.3094890510948907,,240,47,-0.1071948228174938,0.2875,1.3794468878643993,0.5384615384615384,0.3195876288659793,1.777319587628866,0.179
2026-09-29,Purdue,Big Ten,2026,286,43,0.2365211519030919,0.465034965034965,1.1982918041307935,0.7894736842105263,0.1587301587301587,3.026984126984127,,258,42,0.3513327561651305,0.5,1.3659642219553176,0.7619047619047619,0.1510791366906475,3.3194244604316547,0.14
2026-09-29,Rice,American Athletic,2026,255,41,0.0691974796983056,0.4470588235294118,1.1181303414793926,0.8,0.131578947368421,3.3526315789473684,,261,40,0.1367631629709163,0.4291187739463601,1.2894367024813602,0.6470588235294118,0.1843971631205673,2.7659574468085104,0.146
2026-09-29,Rutgers,Big Ten,2026,274,45,0.1351379441326351,0.4817518248175182,1.3008484357582824,0.7,0.1605839416058394,3.132846715328468,,241,45,0.1490536394191173,0.4356846473029045,1.2021303791777804,0.75,0.2,3.0024,0.137
2026-09-29,Sacramento State,Mid-American,2026,349,61,-0.0609868513536955,0.4183381088825215,1.0051274745930112,0.75,0.2517006802721088,2.691156462585034,,303,61,0.1251483777953684,0.3597359735973597,1.4167688855611529,0.5,0.1801242236024844,2.9118012422360247,0.122
2026-09-29,Sam Houston,Conference USA,2026,280,54,0.1016307759362851,0.4392857142857143,1.282968570198587,0.6111111111111112,0.2105263157894736,2.799122807017544,,263,53,0.0652504267585481,0.3878326996197718,1.258775468670316,0.7368421052631579,0.2027972027972027,3.074825174825175,0.224
2026-09-29,San Diego State,Pac-12,2026,268,49,-0.0852206820207657,0.3470149253731343,1.143302536745483,0.5454545454545454,0.2027972027972027,2.93986013986014,,294,51,0.0970600892086255,0.4421768707482993,1.049073021585473,0.85,0.1111111111111111,3.3932098765432097,0.099
2026-09-29,San José State,Mountain West,2026,283,52,0.0822088440580657,0.3957597173144876,1.2244504887603835,0.5714285714285714,0.1860465116279069,3.182170542635659,,287,52,0.0660974308409856,0.4355400696864111,1.0704314495810316,0.8333333333333334,0.1693548387096774,2.9306451612903226,0.136
2026-09-29,SMU,ACC,2026,282,49,0.2505945394923168,0.5177304964539007,1.250407687833359,0.6521739130434783,0.1641791044776119,3.038805970149254,,255,49,0.0228819454317753,0.3607843137254902,1.3165258941517095,0.3888888888888889,0.2131147540983606,2.7016393442622952,0.204
2026-09-29,South Alabama,Sun Belt,2026,308,45,0.1738784302846758,0.4188311688311688,1.301705588252744,0.7916666666666666,0.1206896551724138,3.182183908045977,,218,44,0.2794913126280899,0.4862385321100917,1.4604998123440105,0.6,0.1743119266055046,3.2302752293577983,0.179
2026-09-29,South Carolina,SEC,2026,296,47,0.2274134853820786,0.4763513513513513,1.227748995044518,0.7894736842105263,0.1298701298701298,3.722077922077922,,235,49,0.1513947512284183,0.3617021276595745,1.5563246749462596,0.6363636363636364,0.2429906542056074,2.2934579439252336,0.136
2026-09-29,Southern Miss,Sun Belt,2026,286,50,0.0628041382253729,0.43006993006993,1.1245900900724308,0.8421052631578947,0.0895522388059701,3.582089552238806,,298,52,0.1229083059122737,0.4060402684563758,1.273100753228961,0.7058823529411765,0.1802325581395348,3.1965116279069767,0.131
2026-09-29,South Florida,American Athletic,2026,233,42,0.2342182558476962,0.5150214592274678,1.149104510634511,0.8333333333333334,0.2,3.086923076923077,,262,40,-0.019586743250476,0.4083969465648855,0.9548901611974214,0.6,0.2720588235294117,2.4338235294117645,0.183
2026-09-29,Stanford,ACC,2026,272,47,0.1301172975555827,0.3933823529411764,1.248801548847813,0.7692307692307693,0.2123893805309734,2.7601769911504426,,288,48,0.2809495330232194,0.4583333333333333,1.3772308807018945,0.8125,0.1450381679389313,3.2221374045801525,0.128
2026-09-29,Syracuse,ACC,2026,238,36,0.0383775209160952,0.3991596638655462,1.3301522483231214,0.8,0.2201834862385321,2.851376146788991,,183,36,-0.1262747420529368,0.360655737704918,1.0874549775292308,0.75,0.2333333333333333,2.628888888888889,0.186
2026-09-29,TCU,Big 12,2026,279,45,0.1743017536747533,0.4623655913978494,1.2397779030198528,0.8421052631578947,0.1641791044776119,3.029850746268657,,223,45,-0.1214499889916723,0.3677130044843049,0.9254213349664208,0.5625,0.2105263157894736,2.543859649122807,0.179
2026-09-29,Temple,American Athletic,2026,246,39,0.2370807984058004,0.4349593495934959,1.3008852495026937,0.7272727272727273,0.1688311688311688,3.3279220779220777,,267,41,0.2089281821128156,0.4569288389513108,1.2018661626278426,0.7692307692307693,0.1103448275862069,2.883448275862069,0.109
2026-09-29,Tennessee,SEC,2026,287,47,0.2236841142285554,0.4564459930313589,1.207898514661567,0.8333333333333334,0.1377245508982036,3.5401197604790418,,257,48,-0.0856758886483352,0.357976653696498,1.0637533560326713,0.75,0.1913043478260869,3.031304347826087,0.218
2026-09-29,Texas,SEC,2026,290,44,0.1104131850879861,0.4551724137931034,1.1433060036315157,0.75,0.1830065359477124,2.8176470588235296,,260,46,-0.0556422453013244,0.35,1.0937901963041747,0.7333333333333333,0.1984126984126984,2.553968253968254,0.206
2026-09-29,Texas A&M,SEC,2026,298,49,0.0428790091101992,0.4429530201342282,1.074106760444335,0.85,0.1655172413793103,3.2158620689655173,,226,49,0.0331879286837532,0.3849557522123893,1.3073162492473576,0.7142857142857143,0.1788617886178861,2.7642276422764227,0.177
2026-09-29,Texas State,Pac-12,2026,291,46,0.3050319495653666,0.4948453608247423,1.3236959115185674,0.6666666666666666,0.1388888888888889,3.267777777777778,,321,45,0.14815469034618,0.4610591900311526,1.222711994933702,0.5909090909090909,0.25,2.50234375,0.159
2026-09-29,Texas Tech,Big 12,2026,277,50,0.2716926774628476,0.5054151624548736,1.1544594558533718,0.7741935483870968,0.1768707482993197,3.286394557823129,,278,51,0.0027516365869861,0.3525179856115107,1.3764562758271992,0.6666666666666666,0.1941747572815534,2.962135922330097,0.183
2026-09-29,Toledo,Mid-American,2026,264,46,0.2692070530829725,0.4469696969696969,1.5268612805080706,0.6666666666666666,0.1703703703703703,3.077037037037037,,289,50,-0.0234163946418609,0.3252595155709342,1.3015912181864564,0.3888888888888889,0.2068965517241379,2.6206896551724137,0.135
2026-09-29,Troy,Sun Belt,2026,292,52,0.0231672306939523,0.3801369863013699,1.3132704234201762,0.631578947368421,0.238095238095238,2.673469387755102,,242,51,0.0357678186828529,0.371900826446281,1.3182035990042773,0.6,0.2589285714285714,2.34375,0.182
2026-09-29,Tulane,American Athletic,2026,245,46,0.1027892733616215,0.3428571428571428,1.5134249575371927,0.75,0.2177419354838709,2.5725806451612905,,283,47,0.1714864191445664,0.3957597173144876,1.3057172965646036,0.7692307692307693,0.1623376623376623,3.0863636363636364,0.11
2026-09-29,Tulsa,American Athletic,2026,257,46,0.1174521232942749,0.4046692607003891,1.1418641053581682,0.9285714285714286,0.1212121212121212,3.2954545454545454,,306,48,-0.0697187405885413,0.3856209150326797,1.0352545596334677,0.6190476190476191,0.1923076923076923,2.8384615384615386,0.147
2026-09-29,UAB,American Athletic,2026,265,40,0.0504175692051148,0.4226415094339623,1.1850191816604738,0.7391304347826086,0.1589403973509933,3.137086092715232,,249,41,0.0530389487994697,0.4497991967871486,1.044312307132658,0.7037037037037037,0.1242603550295858,3.429585798816568,0.157
2026-09-29,UCF,Big 12,2026,227,47,0.1185016084534972,0.4361233480176211,1.2064484831671314,0.8,0.171875,3.0515625,,289,50,-0.0474297690256288,0.3425605536332179,1.2745480395464972,0.625,0.2408759124087591,2.290510948905109,0.173
2026-09-29,UCLA,Big Ten,2026,265,52,0.2871271589042288,0.4943396226415094,1.253304393370694,0.8421052631578947,0.0955414012738853,3.974522292993631,,275,52,-0.1271006250909647,0.3272727272727272,1.3466484258816014,0.8333333333333334,0.25,2.36484375,0.185
2026-09-29,UConn,FBS Independents,2026,260,48,0.2306111216349001,0.4346153846153846,1.421161467026787,0.6666666666666666,0.1678832116788321,3.2386861313868613,,290,48,0.0190890114175953,0.3862068965517241,1.255302889472952,0.6111111111111112,0.211864406779661,2.6483050847457625,0.169
2026-09-29,UL Monroe,Sun Belt,2026,271,49,-0.0521970985816796,0.4022140221402214,1.119088950147427,0.5714285714285714,0.1515151515151515,2.9681818181818183,,295,45,0.307734707357127,0.5084745762711864,1.2145291051896507,0.7777777777777778,0.1614906832298136,3.4180124223602486,0.115
2026-09-29,UNLV,Mountain West,2026,281,47,0.0529135687229341,0.3843416370106761,1.218802792211778,0.6666666666666666,0.1301369863013698,3.219178082191781,,267,46,0.0757099267106491,0.4044943820224719,1.154460009886671,0.8333333333333334,0.1328125,3.60625,0.161
2026-09-29,USC,Big Ten,2026,361,49,0.3069791509788038,0.5346260387811634,1.1871419897756952,0.7931034482758621,0.1675977653631284,3.2675977653631283,,294,50,0.1911762367341543,0.4217687074829932,1.3627008216470935,0.7619047619047619,0.1928571428571428,2.587142857142857,0.116
2026-09-29,Utah,Big 12,2026,274,47,0.3282820760821432,0.5072992700729927,1.321318380196454,0.7391304347826086,0.1946308724832214,3.479194630872484,,270,46,-0.0735851246794686,0.3185185185185185,1.3365530299488966,0.5,0.2037037037037037,2.6324074074074075,0.204
2026-09-29,Utah State,Pac-12,2026,263,48,-0.0708893349501767,0.3612167300380228,1.3151104107661504,0.3,0.2083333333333333,3.0741666666666667,,296,49,0.0205473295697093,0.4054054054054054,1.1334625370017768,0.7368421052631579,0.216,2.6024,0.135
2026-09-29,UTEP,Mountain West,2026,226,46,-0.1789529945845772,0.3672566371681416,1.0920230579450805,0.5,0.2403100775193798,2.5155038759689923,,254,44,0.2519532316649529,0.4724409448818897,1.209405487157074,0.6666666666666666,0.2230215827338129,2.969064748201439,0.126
2026-09-29,UTSA,American Athletic,2026,253,47,0.2677312353147179,0.4743083003952569,1.1110555464614322,0.85,0.1721311475409836,3.0754098360655737,,324,49,0.0767385229095977,0.4320987654320987,1.1351715792496355,0.65,0.124223602484472,3.2801242236024843,0.128
2026-09-29,Vanderbilt,SEC,2026,272,44,0.0819511053844754,0.4154411764705882,1.1804248820976369,0.7727272727272727,0.150375939849624,3.049624060150376,,254,46,-0.038881080317215,0.3503937007874015,1.335704318735286,0.7894736842105263,0.2,2.5391666666666666,0.185
2026-09-29,Virginia,ACC,2026,294,48,0.2839613025941832,0.4761904761904761,1.2153800243675332,0.8695652173913043,0.1333333333333333,3.37030303030303,,243,49,-0.1438309996831005,0.3333333333333333,0.9549871317399172,0.6923076923076923,0.1875,2.890625,0.198
2026-09-29,Virginia Tech,ACC,2026,316,47,0.2411869079751236,0.4841772151898734,1.2049350305991204,0.75,0.2,2.9941935483870967,,236,49,-0.0300638626116558,0.3305084745762712,1.3088079116373943,0.5714285714285714,0.4033613445378151,0.9857142857142858,0.267
2026-09-29,Wake Forest,ACC,2026,263,43,0.2795290723573947,0.4524714828897338,1.3054103408047757,0.55,0.1463414634146341,3.138211382113821,,297,45,0.1599441060796813,0.468013468013468,1.053755124854973,0.7,0.213235294117647,2.865441176470588,0.128
2026-09-29,Washington,Big Ten,2026,258,48,0.15112737958888,0.4457364341085271,1.2071784289896446,0.6153846153846154,0.2211538461538461,2.815384615384616,,256,48,-0.1484497146409843,0.34375,1.1611078296141866,0.3333333333333333,0.3053435114503817,2.3229007633587786,0.203
2026-09-29,Washington State,Pac-12,2026,244,45,-0.0366358358008768,0.3647540983606557,1.2647698442901227,0.6,0.2338709677419354,2.7588709677419354,,269,50,0.02303930738803,0.4052044609665427,1.251520290806126,0.7857142857142857,0.1791044776119403,2.955223880597015,0.126
2026-09-29,Western Kentucky,Conference USA,2026,285,51,0.0058548357460895,0.375438596491228,1.261485061133344,0.7142857142857143,0.2391304347826087,2.694927536231884,,258,49,0.303193128254945,0.4457364341085271,1.4598047565949013,0.85,0.144927536231884,3.5043478260869567,0.128
2026-09-29,Western Michigan,Mid-American,2026,245,43,0.0932467103303505,0.4,1.1669538657117555,0.7368421052631579,0.1666666666666666,2.869565217391304,,269,42,0.0986364237620099,0.4646840148698885,1.0252938595964052,0.72,0.1721854304635761,3.050993377483444,0.108
2026-09-29,West Virginia,Big 12,2026,296,50,0.1843012712918257,0.4493243243243243,1.2051735144261049,0.72,0.1351351351351351,3.247297297297297,,280,49,0.1240737919269014,0.4428571428571428,1.1805781326261695,0.7058823529411765,0.2028985507246377,2.9021739130434785,0.154
2026-09-29,Wisconsin,Big Ten,2026,246,42,0.1421749236968496,0.4227642276422764,1.3906443777637447,0.5625,0.1538461538461538,2.947863247863248,,259,44,-0.0506600591877439,0.3397683397683397,1.0416128697736369,0.7222222222222222,0.1052631578947368,2.9278195488721805,0.162
2026-09-29,Wyoming,Mountain West,2026,241,40,0.1562028838199938,0.4605809128630705,1.0884041679703076,1.0,0.1395348837209302,3.555813953488372,,262,39,0.1233751116920913,0.4427480916030534,1.0905242728591087,0.9230769230769232,0.1448275862068965,3.263448275862069,0.13
2026-09-30,Air Force,Mountain West,2026,233,32,0.2974661943078536,0.4892703862660944,1.0827490054179236,0.8076923076923077,0.0684210526315789,3.83578947368421,,173,32,0.0044006018899963,0.3468208092485549,1.4301750176820658,0.6666666666666666,0.2159090909090909,2.8659090909090907,0.15
2026-09-30,Akron,Mid-American,2026,262,46,0.0198381596663593,0.4427480916030534,0.9809070069767836,0.8181818181818182,0.1304347826086956,3.6191304347826088,,246,46,0.2413347785414639,0.4308943089430894,1.3716863805017796,0.6875,0.188034188034188,2.8905982905982905,0.15
2026-09-30,Alabama,SEC,2026,267,47,0.3266426615528703,0.4943820224719101,1.3316067628050767,0.7777777777777778,0.2094594594594594,2.992567567567568,,249,49,-0.0979791717634725,0.3413654618473896,1.3820358753940611,0.5625,0.2436974789915966,2.1983193277310926,0.189
2026-09-30,App State,Sun Belt,2026,288,48,0.2375017412396011,0.4548611111111111,1.3124452763172334,0.6666666666666666,0.2388059701492537,2.576865671641791,,272,47,0.0798890370195323,0.4227941176470588,1.1322274576006577,0.8421052631578947,0.2265625,2.6203125,0.176
2026-09-30,Arizona,Big 12,2026,280,46,0.213015775387715,0.5,1.1510787926944033,0.85,0.1176470588235294,3.534453781512605,,250,43,0.001696313309385,0.352,1.4149125290095736,1.0,0.2526315789473684,2.5894736842105264,0.168
2026-09-30,Arizona State,Big 12,2026,202,40,0.058158540254411,0.4158415841584158,1.3964621633387664,0.7777777777777778,0.1981132075471698,2.689622641509434,,189,39,0.0225517463198268,0.3703703703703703,1.1790414583455835,0.6363636363636364,0.1489361702127659,2.907446808510638,0.159
2026-09-30,Arkansas,SEC,2026,306,46,0.0487704291571512,0.4215686274509804,1.1175130223447418,0.8421052631578947,0.1811023622047244,2.578740157480315,,229,46,0.1584979574626104,0.4323144104803493,1.109799606067956,0.875,0.1504424778761062,3.225663716814159,0.144
2026-09-30,Arkansas State,Sun Belt,2026,235,40,0.151722200567074,0.4851063829787234,1.147182168803558,0.7391304347826086,0.1463414634146341,3.370731707317073,,256,43,0.1608416764111734,0.453125,1.2437369661354392,0.7619047619047619,0.1360544217687075,3.3891156462585035,0.125
2026-09-30,Army,American Athletic,2026,202,30,0.3652410716663139,0.5495049504950495,1.0285346811738048,0.8888888888888888,0.0969696969696969,3.826666666666666,,162,29,0.1890381995867541,0.4382716049382716,1.2445339834418143,0.75,0.188235294117647,3.274117647058824,0.13
2026-09-30,Auburn,SEC,2026,285,45,0.1190946320571405,0.4280701754385965,1.267789889039531,0.8666666666666667,0.1521739130434782,3.2782608695652176,,317,46,-0.009012568565795,0.3753943217665615,1.213542730131642,0.6818181818181818,0.1854304635761589,2.5688741721854305,0.155
2026-09-30,Ball State,Mid-American,2026,246,46,0.0472372891980362,0.3373983739837398,1.4167354936497174,0.8888888888888888,0.2142857142857142,2.5419642857142857,,270,44,0.3245174494482526,0.4518518518518518,1.4552780962608534,0.7777777777777778,0.1884057971014492,3.010144927536232,0.119
2026-09-30,Baylor,Big 12,2026,329,55,0.0920261789984317,0.4012158054711246,1.2626771043945284,0.7368421052631579,0.16875,2.938125,,290,53,-0.1150677145226885,0.3206896551724137,1.139479400538103,0.4,0.264,2.5032,0.214
2026-09-30,Boise State,Pac-12,2026,290,45,0.2951432031136631,0.5,1.1533594709235888,0.7619047619047619,0.1488095238095238,3.504166666666667,,219,46,0.0193550406163336,0.3561643835616438,1.662621788848783,0.8,0.2840909090909091,2.4693181818181817,0.192
2026-09-30,Boston College,ACC,2026,262,48,-0.0317852463996717,0.3893129770992366,1.163530181972362,0.6875,0.2517985611510791,2.846762589928057,,276,46,0.0018121895071706,0.394927536231884,1.2373410366856836,0.65,0.1948051948051948,3.015584415584416,0.174
2026-09-30,Bowling Green,Mid-American,2026,232,45,-0.1154144721078505,0.3362068965517241,0.9581163924687428,0.7272727272727273,0.246031746031746,2.430952380952381,,242,42,0.2273308743347902,0.4917355371900826,1.294370808726625,0.7391304347826086,0.1689189189189189,3.4364864864864866,0.12
2026-09-30,Buffalo,Mid-American,2026,306,56,0.0003070626769482,0.3333333333333333,1.2190083433359715,0.8,0.1923076923076923,2.703846153846154,,276,55,0.1161623627988776,0.3659420289855072,1.4454634719206607,0.625,0.1923076923076923,3.039230769230769,0.152
2026-09-30,BYU,Big 12,2026,187,34,0.4480384250707043,0.5989304812834224,1.15738475313615,0.9411764705882352,0.1217391304347826,3.9521739130434783,,187,33,-0.0606163601926305,0.3689839572192513,1.1821843427834813,0.7692307692307693,0.2236842105263158,2.4105263157894736,0.171
2026-09-30,California,ACC,2026,278,47,0.0068658545828788,0.4028776978417266,1.193366273108296,0.6666666666666666,0.2051282051282051,2.818803418803419,,268,49,0.0144199249857662,0.3694029850746269,1.3408408208913778,0.8888888888888888,0.1450381679389313,3.1595419847328245,0.131
2026-09-30,Central Michigan,Mid-American,2026,228,41,0.0001570736377874,0.3508771929824561,1.195933983562599,0.8260869565217391,0.1292517006802721,3.180952380952381,,264,40,0.1659476920764217,0.4734848484848485,1.1175277807603152,0.9333333333333332,0.1353383458646616,3.5338345864661656,0.144
2026-09-30,Charlotte,American Athletic,2026,243,46,-0.095306802260871,0.3621399176954732,1.0598862867138024,0.5714285714285714,0.2788461538461538,2.3836538461538463,,284,48,0.1652303849654907,0.4718309859154929,1.180794147263004,0.8,0.2466666666666666,2.793333333333333,0.137
2026-09-30,Cincinnati,Big 12,2026,270,47,0.3625587101785252,0.4962962962962963,1.3054500850438453,0.8333333333333334,0.1320754716981132,3.677358490566038,,270,45,0.1018863265361351,0.4148148148148148,1.2050266527429307,0.6666666666666666,0.1785714285714285,3.216964285714285,0.163
2026-09-30,Clemson,ACC,2026,260,51,-0.0269265979383388,0.3423076923076923,1.1750750803164596,0.8,0.2105263157894736,2.7639097744360903,,288,47,0.0174843174833074,0.4097222222222222,1.1883693200608123,0.7272727272727273,0.1287878787878787,3.459090909090909,0.16
2026-09-30,Coastal Carolina,Sun Belt,2026,262,48,0.1574895351334629,0.4122137404580153,1.4290556129612535,0.6923076923076923,0.1774193548387097,3.4137096774193547,,264,51,0.0945429582692246,0.4507575757575757,0.9393216637344016,0.8095238095238095,0.1234567901234567,3.182098765432099,0.148
2026-09-30,Colorado,Big 12,2026,294,51,0.0591230804472788,0.3979591836734694,1.2023639115726048,0.6190476190476191,0.1438356164383561,3.132876712328767,,283,52,0.0074155068222096,0.381625441696113,1.2071586134840042,0.6470588235294118,0.316546762589928,2.3697841726618707,0.201
2026-09-30,Colorado State,Pac-12,2026,283,49,0.2701253320513743,0.4381625441696113,1.5117720395729728,0.8,0.2016806722689075,2.615966386554622,,253,50,0.1627944546234717,0.4624505928853755,1.1979105495251043,0.8888888888888888,0.1578947368421052,3.395394736842105,0.182
2026-09-30,Delaware,Conference USA,2026,262,50,0.0363583731199684,0.3893129770992366,1.2666365578672474,0.6470588235294118,0.208695652173913,2.717391304347826,,294,49,0.0795807976162017,0.3877551020408163,1.312462276507268,0.8333333333333334,0.1496062992125984,2.9031496062992126,0.184
2026-09-30,Duke,ACC,2026,280,47,0.294948176306143,0.4464285714285714,1.3269095790530947,0.75,0.1607142857142857,3.322619047619048,,235,46,-0.0641343541677386,0.3531914893617021,1.0706329307840854,0.7,0.1717171717171717,2.623232323232324,0.183
2026-09-30,East Carolina,American Athletic,2026,242,51,0.0562861690961719,0.4008264462809917,1.1660351080207183,0.7272727272727273,0.1965811965811965,2.430769230769231,,288,53,-0.0177457575397499,0.3541666666666667,1.3129262260057688,0.5833333333333334,0.2909090909090909,2.2515151515151515,0.194
2026-09-30,Eastern Michigan,Mid-American,2026,326,56,-0.0156919484314141,0.3711656441717791,1.1429077693263077,0.8,0.1678832116788321,2.894890510948905,,332,56,0.1116686422231846,0.4096385542168674,1.252969230106893,0.6956521739130435,0.1870967741935484,2.9696774193548388,0.179
2026-09-30,Florida,SEC,2026,285,45,0.4126226036434,0.5157894736842106,1.3024360786248743,1.0,0.1329479768786127,3.232369942196532,,289,49,-0.0359264204391501,0.4048442906574394,1.1456211335713724,0.7222222222222222,0.109090909090909,3.0463636363636364,0.204
2026-09-30,Florida Atlantic,American Athletic,2026,330,46,0.1423494862502445,0.4363636363636363,1.1506194104987235,0.7931034482758621,0.1666666666666666,2.746,,259,46,0.208847092454067,0.4054054054054054,1.542679050290743,0.8571428571428571,0.1908396946564885,2.8053435114503817,0.158
2026-09-30,Florida International,Conference USA,2026,294,43,0.0091606332385208,0.391156462585034,1.2069907538933642,0.7894736842105263,0.1804511278195488,2.8263157894736843,,249,41,-0.0037860460491193,0.3373493975903614,1.1588398912972853,0.6666666666666666,0.2184873949579832,2.23109243697479,0.177
2026-09-30,Florida State,ACC,2026,249,43,0.2471089473000573,0.4337349397590361,1.5262338322945703,0.5625,0.1521739130434782,3.1956521739130435,,276,42,0.2194191845903798,0.4347826086956521,1.3496313678774807,0.9285714285714286,0.1796875,3.01015625,0.156
2026-09-30,Fresno State,Pac-12,2026,249,48,0.1151643838601097,0.3694779116465863,1.4282421329421429,0.5,0.265625,2.559375,,270,46,0.0102813972130214,0.4444444444444444,1.1267273774219355,0.65,0.2083333333333333,2.9319444444444445,0.156
2026-09-30,Georgia,SEC,2026,242,52,0.425141118715048,0.5330578512396694,1.3009361261871628,0.8823529411764706,0.119047619047619,3.6912698412698415,,266,53,-0.1433071138066464,0.3308270676691729,1.0915867971634323,0.5454545454545454,0.2155172413793103,2.030172413793103,0.188
2026-09-30,Georgia Southern,Sun Belt,2026,285,46,0.1025882072554569,0.4175438596491228,1.1710175151488371,0.75,0.1376146788990825,3.079816513761468,,255,46,0.0856115488104654,0.3725490196078431,1.1753901259733148,0.6666666666666666,0.25,2.5453125,0.188
2026-09-30,Georgia State,Sun Belt,2026,286,48,0.2513156708882154,0.479020979020979,1.295771495143261,0.631578947368421,0.1764705882352941,3.3006535947712417,,242,46,0.0244660986342558,0.3801652892561983,1.293567067031015,1.0,0.209090909090909,3.090909090909091,0.178
2026-09-30,Georgia Tech,ACC,2026,260,42,0.1413445218881044,0.4423076923076923,1.2208778751676497,0.7058823529411765,0.2016129032258064,3.074193548387097,,281,44,0.1552695286200172,0.4128113879003559,1.2672318275370569,0.6842105263157895,0.1705882352941176,2.906470588235294,0.16
2026-09-30,Hawai'i,Mountain West,2026,297,45,0.0416255936104027,0.3838383838383838,1.1248847728792668,0.8,0.1752577319587628,3.138144329896907,,268,45,0.2126961152776523,0.4664179104477612,1.2265552991957558,0.75,0.1103448275862069,3.4372413793103447,0.134
2026-09-30,Houston,Big 12,2026,280,42,0.4389037467900525,0.5785714285714286,1.1226958500408188,0.8571428571428571,0.0993788819875776,3.9037267080745344,,246,44,0.0993436395008436,0.3943089430894309,1.3601297167430575,0.6428571428571429,0.2142857142857142,2.318367346938776,0.211
2026-09-30,Illinois,Big Ten,2026,246,38,0.2838635684857444,0.516260162601626,1.2731488300867524,0.6666666666666666,0.1140350877192982,3.450877192982456,,274,38,0.1929731050253859,0.4452554744525547,1.2692011344190497,0.782608695652174,0.2071428571428571,2.7664285714285715,0.131
2026-09-30,Indiana,Big Ten,2026,247,42,0.4206054896605618,0.5101214574898786,1.3819184765929695,0.72,0.1184210526315789,3.506578947368421,,237,43,-0.1068862873941866,0.2995780590717299,1.4207399529810825,0.5,0.2363636363636363,2.2618181818181817,0.198
2026-09-30,Iowa,Big Ten,2026,263,47,0.1722626694786382,0.4296577946768061,1.2788259382836886,0.5294117647058824,0.1317829457364341,3.4953488372093022,,243,50,-0.1447049947966999,0.3004115226337449,1.0382181567882602,0.7272727272727273,0.1932773109243697,2.604201680672269,0.173
2026-09-30,Iowa State,Big 12,2026,241,46,0.1173283873098131,0.3817427385892116,1.3341665352943148,0.5833333333333334,0.1901408450704225,2.992957746478873,,243,49,-0.0377459974123877,0.3703703703703703,1.092834908105983,0.7,0.1984732824427481,2.576335877862596,0.177
2026-09-30,Jacksonville State,Conference USA,2026,308,48,0.2039256783625617,0.4805194805194805,1.191970068015468,0.8148148148148148,0.1757575757575757,3.1224242424242425,,324,47,0.038705259371239,0.4228395061728395,1.0462276584798134,0.84,0.1711229946524064,2.9149732620320856,0.155
2026-09-30,James Madison,Sun Belt,2026,269,49,0.2932294132681108,0.4758364312267658,1.2229988166501045,0.7727272727272727,0.1538461538461538,3.230769230769231,,287,53,-0.1968722169622853,0.2752613240418118,1.3802235120846753,0.8181818181818182,0.1956521739130435,2.368840579710145,0.178
2026-09-30,Kansas,Big 12,2026,220,37,0.2017564194220655,0.4409090909090909,1.4288824563386082,0.5454545454545454,0.0991735537190082,3.268595041322314,,195,39,-0.0675022519168581,0.3076923076923077,1.2346084307154783,0.75,0.25,2.132142857142857,0.2
2026-09-30,Kansas State,Big 12,2026,296,45,0.3066555233089882,0.5135135135135135,1.2147288981652262,0.7619047619047619,0.1333333333333333,3.398,,223,45,-0.0393938286707073,0.3049327354260089,1.4953268179868435,0.4166666666666667,0.2558139534883721,2.5108527131782945,0.238
2026-09-30,Kennesaw State,Conference USA,2026,272,45,0.096840777192148,0.4595588235294117,1.0511684298734412,0.8181818181818182,0.1969696969696969,3.3136363636363635,,251,44,0.1510884092189516,0.4262948207171315,1.089390254669204,0.8571428571428571,0.1914893617021276,3.1602836879432625,0.108
2026-09-30,Kent State,Mid-American,2026,246,46,-0.028066761604708,0.3130081300813008,1.3677693927429808,0.6153846153846154,0.2230215827338129,2.7776978417266185,,249,47,0.2007096448695701,0.4738955823293173,1.2720519322498094,0.8421052631578947,0.1557377049180328,3.189344262295082,0.141
2026-09-30,Kentucky,SEC,2026,252,47,0.2358298815741157,0.5158730158730159,1.2028393571873282,0.7647058823529411,0.1555555555555555,3.46,,290,45,0.015506405315718,0.4172413793103448,1.1898726045681305,0.7777777777777778,0.168,2.8056,0.183
2026-09-30,Liberty,Conference USA,2026,266,46,0.1238041678120751,0.462406015037594,1.130723763744779,0.7619047619047619,0.1125,3.32375,,245,44,0.0393415978695765,0.3551020408163265,1.385914318599743,0.7272727272727273,0.2113821138211382,3.01869918699187,0.188
2026-09-30,Louisiana,Sun Belt,2026,273,46,0.1316892008453768,0.4249084249084249,1.1746644646175253,0.75,0.1829268292682926,3.0591463414634146,,242,45,-0.1664231215566407,0.396694214876033,0.9843056126444863,0.4615384615384615,0.2454545454545454,2.650909090909091,0.182
2026-09-30,Louisiana Tech,Sun Belt,2026,193,41,0.0147704176735784,0.3367875647668393,1.4428676625000247,0.5,0.2268041237113402,2.6484536082474226,,219,43,-0.0117915486855234,0.3470319634703196,1.305153941737421,0.6666666666666666,0.2301587301587301,2.063492063492064,0.242
2026-09-30,Louisville,ACC,2026,270,51,0.3444575245037248,0.5,1.3529614271567436,0.7222222222222222,0.1944444444444444,2.8090277777777777,,286,50,0.1064322421222068,0.4020979020979021,1.2382424769784324,0.5172413793103449,0.1208053691275167,3.0208053691275167,0.136
2026-09-30,LSU,SEC,2026,318,50,0.2358004202010531,0.4779874213836478,1.2822059615849353,0.72,0.1477272727272727,3.051704545454545,,241,52,-0.1658926506063978,0.3029045643153527,1.1840555424357224,0.7777777777777778,0.24,2.2,0.224
2026-09-30,Marshall,Sun Belt,2026,268,47,0.0881555190702176,0.417910447761194,1.2122594701835288,0.6842105263157895,0.2158273381294964,3.002158273381295,,269,42,0.3322744406018015,0.4721189591078067,1.3217694979067145,0.8125,0.152,3.276,0.119
2026-09-30,Maryland,Big Ten,2026,294,50,0.1316439063313339,0.4523809523809524,1.2391446102841337,0.7142857142857143,0.2338709677419354,2.882258064516129,,245,47,0.0291602901654721,0.3795918367346939,1.2211145537608818,0.7058823529411765,0.2265625,2.33359375,0.159
2026-09-30,Massachusetts,Mid-American,2026,220,44,0.279587129633783,0.45,1.2370342543322186,0.55,0.1407407407407407,3.52,,273,47,-0.1390494892059586,0.3663003663003663,1.0197492021941357,0.7058823529411765,0.2184873949579832,2.5672268907563023,0.161
2026-09-30,Memphis,American Athletic,2026,254,44,0.2620660130099108,0.4724409448818897,1.369827052932887,0.75,0.1478873239436619,3.4640845070422537,,275,45,0.1795247018535912,0.4181818181818181,1.399864399561085,0.8421052631578947,0.126865671641791,3.388805970149254,0.149
2026-09-30,Miami,ACC,2026,280,48,0.4415699454183274,0.5714285714285714,1.277780756396218,0.8125,0.1205673758865248,3.887234042553192,,228,45,-0.0487227377634526,0.3245614035087719,1.148798300609516,0.5714285714285714,0.2702702702702703,2.152702702702703,0.162
2026-09-30,Miami (OH),Mid-American,2026,235,41,0.2392133994564105,0.4297872340425532,1.4261825887036177,0.6666666666666666,0.2123893805309734,2.870796460176991,,260,44,0.1791297766665445,0.45,1.3157571806365698,0.7777777777777778,0.2169811320754717,2.860377358490566,0.104
2026-09-30,Michigan,Big Ten,2026,246,41,0.1642152654603846,0.4349593495934959,1.173524584863374,0.75,0.1267605633802817,3.170422535211268,,241,43,-0.0898447710039574,0.3112033195020747,1.1999127964530778,0.7142857142857143,0.2231404958677686,2.628099173553719,0.178
2026-09-30,Michigan State,Big Ten,2026,266,39,0.0329269647763021,0.4436090225563909,1.0821258780858587,0.7142857142857143,0.204225352112676,2.922535211267605,,232,39,0.1512322810867221,0.4267241379310345,1.2341667069367308,0.631578947368421,0.2601626016260163,2.759349593495935,0.151
2026-09-30,Middle Tennessee,Conference USA,2026,247,38,0.1976698280857266,0.4251012145748988,1.1708755822401458,0.7333333333333333,0.1333333333333333,3.497142857142857,,239,41,0.1010200373108427,0.4518828451882845,1.1198683826265927,0.7241379310344828,0.1764705882352941,3.092647058823529,0.117
2026-09-30,Minnesota,Big Ten,2026,266,46,0.1289436598515095,0.4699248120300752,1.0915976846870952,0.64,0.2413793103448276,2.4982758620689656,,230,48,0.0412178425950239,0.3695652173913043,1.204534550102037,0.5714285714285714,0.2702702702702703,2.68018018018018,0.237
2026-09-30,Mississippi State,SEC,2026,289,47,0.3832712107338231,0.5121107266435986,1.3196692356478494,0.8235294117647058,0.2013422818791946,3.344295302013423,,292,46,0.0181230583679951,0.3732876712328767,1.1429895601280653,0.6,0.1583333333333333,2.910833333333333,0.182
2026-09-30,Missouri,SEC,2026,280,51,0.1991046920861861,0.4357142857142857,1.237778594341354,0.6923076923076923,0.1724137931034483,3.099310344827586,,271,49,-0.0037167886437328,0.3542435424354243,1.412475978969476,0.8666666666666667,0.2444444444444444,2.4814814814814814,0.221
2026-09-30,Missouri State,Conference USA,2026,247,42,0.1010453671461822,0.4008097165991903,1.2292095221793706,0.7142857142857143,0.1603053435114503,2.9938931297709925,,296,45,0.2274605397484086,0.5168918918918919,1.0234936916528945,0.8695652173913043,0.1595092024539877,3.3319018404907976,0.149
2026-09-30,Navy,American Athletic,2026,207,32,0.2112282150776316,0.5120772946859904,1.1414943049502273,0.9565217391304348,0.0993788819875776,3.8248447204968943,,179,32,0.1576472063958153,0.3910614525139664,1.4071072187745968,0.8888888888888888,0.2068965517241379,2.711494252873563,0.145
2026-09-30,NC State,ACC,2026,281,49,0.2211360632310617,0.4875444839857651,1.2088715818008906,0.84,0.1486486486486486,3.2945945945945945,,243,50,0.1203704155244398,0.3991769547325103,1.250046739057774,0.7619047619047619,0.1900826446280991,2.820661157024793,0.152
2026-09-30,Nebraska,Big Ten,2026,281,41,0.4138045511974774,0.498220640569395,1.4394874375595026,0.72,0.1518987341772152,3.4075949367088607,,235,44,-0.0183221663673035,0.3659574468085106,1.2411580159343365,0.8,0.1818181818181818,2.897520661157025,0.204
2026-09-30,Nevada,Mountain West,2026,256,45,0.093463394582137,0.4140625,1.2947367406781387,0.64,0.1971830985915492,3.2359154929577465,,304,47,0.1491230792017593,0.4210526315789473,1.120475603033139,0.625,0.1459459459459459,3.271891891891892,0.112
2026-09-30,New Mexico,Mountain West,2026,264,48,0.1625145914195358,0.4166666666666667,1.2345745704538462,0.8888888888888888,0.1403508771929824,3.284795321637427,,237,48,-0.1458178721495771,0.3206751054852321,1.373865169085593,0.5,0.2456140350877192,1.9166666666666667,0.249
2026-09-30,New Mexico State,Conference USA,2026,272,45,0.1213122009194807,0.4375,1.3972786327176543,0.6842105263157895,0.1680672268907563,3.0445378151260503,,265,46,0.1575577571907399,0.4226415094339623,1.2299566428818016,0.8888888888888888,0.1865671641791045,3.155970149253731,0.121
2026-09-30,North Carolina,ACC,2026,182,30,0.1180247926500402,0.4835164835164835,1.037750541807011,0.7777777777777778,0.125,3.871590909090909,,206,32,-0.0188311190592386,0.3932038834951456,1.0238332099979035,0.875,0.1224489795918367,2.9397959183673468,0.141
2026-09-30,North Dakota State,Mountain West,2026,260,41,0.156824607490598,0.4,1.4137345404833734,0.6923076923076923,0.1907894736842105,2.8263157894736843,,240,42,-0.1560976801881319,0.3916666666666666,1.024351033572395,0.7142857142857143,0.1796875,2.64609375,0.183
2026-09-30,Northern Illinois,Mountain West,2026,265,46,-0.1206541817533527,0.3622641509433962,1.1902069954238734,0.7647058823529411,0.2095238095238095,2.56,,268,45,0.1585638897780007,0.4440298507462686,1.3225028869796789,0.5789473684210527,0.2015503875968992,2.902325581395349,0.127
2026-09-30,North Texas,American Athletic,2026,291,45,0.3186337210535019,0.5051546391752577,1.280100723700839,0.75,0.1654676258992805,3.271223021582734,,254,45,0.1185632299578048,0.4448818897637795,1.225846037457078,0.7037037037037037,0.1959459459459459,2.483108108108108,0.15
2026-09-30,Northwestern,Big Ten,2026,188,33,0.3044830002648179,0.4627659574468085,1.294453920932533,0.8181818181818182,0.19,2.835,,222,34,0.0830962319140081,0.4414414414414414,1.1199703529662888,0.5909090909090909,0.1415094339622641,3.429245283018868,0.162
2026-09-30,Notre Dame,FBS Independents,2026,258,41,0.3327825616141368,0.5155038759689923,1.115505324177074,0.7619047619047619,0.1532846715328467,2.9430656934306567,,225,42,-0.1193278158524432,0.3422222222222222,1.1379848670959165,0.7333333333333333,0.2232142857142857,2.321428571428572,0.24
2026-09-30,Ohio,Mid-American,2026,265,41,0.2225986835635769,0.4415094339622641,1.2573276583540105,0.8636363636363636,0.1006711409395973,3.565771812080537,,257,40,0.2762327564711109,0.4319066147859922,1.3809726244356877,0.7619047619047619,0.2091503267973856,2.832679738562092,0.158
2026-09-30,Ohio State,Big Ten,2026,271,46,0.3936935013034291,0.5239852398523985,1.3415050395555912,0.782608695652174,0.1679389312977099,3.200763358778626,,269,47,-0.0806227300643233,0.3531598513011152,1.2113439846486092,0.6666666666666666,0.1935483870967742,2.7911290322580644,0.208
2026-09-30,Oklahoma,SEC,2026,255,47,-0.0452290406323805,0.392156862745098,1.1117720724855946,0.4615384615384615,0.2230769230769231,2.603076923076923,,227,48,-0.1821721326277581,0.3039647577092511,1.2353158782344913,0.5833333333333334,0.1937984496124031,2.3635658914728683,0.216
2026-09-30,Oklahoma State,Big 12,2026,320,51,0.1614321018344184,0.490625,1.108175371954534,0.64,0.1717791411042944,3.22638036809816,,252,48,-0.0297343112079879,0.373015873015873,1.1584523445777564,0.6111111111111112,0.1666666666666666,3.0819444444444444,0.163
2026-09-30,Old Dominion,Sun Belt,2026,239,52,-0.1003869660045513,0.309623430962343,1.4828704323220148,0.3,0.3149606299212598,1.6125984251968504,,298,50,-0.016677350370655,0.3389261744966443,1.2419565580498635,0.6190476190476191,0.2229299363057325,2.388535031847134,0.164
2026-09-30,Ole Miss,SEC,2026,276,45,0.2516716816251639,0.5181159420289855,1.1622157256130825,0.76,0.175438596491228,2.9350877192982456,,276,45,0.2245004693490552,0.4710144927536231,1.1445332345829773,0.8181818181818182,0.217391304347826,2.9,0.13
2026-09-30,Oregon,Big Ten,2026,289,49,0.3282973751105438,0.4775086505190311,1.4144341938067029,0.8095238095238095,0.1221374045801526,3.3595419847328243,,268,51,-0.0033032965298358,0.373134328358209,1.2391364139667749,0.75,0.1848739495798319,2.684873949579832,0.157
2026-09-30,Oregon State,Pac-12,2026,273,48,0.2550130773471846,0.4249084249084249,1.4547518674764726,0.7777777777777778,0.1075268817204301,3.197849462365592,,288,48,0.0915926457031756,0.4131944444444444,1.09253689194952,0.7619047619047619,0.1347517730496454,3.041843971631206,0.167
2026-09-30,Penn State,Big Ten,2026,275,49,0.2196166637876923,0.4181818181818181,1.2991505807934227,0.7272727272727273,0.1363636363636363,2.835064935064936,,241,49,-0.1028464617099202,0.3153526970954357,1.1707435850065595,0.6666666666666666,0.2288135593220339,2.528813559322034,0.195
2026-09-30,Pittsburgh,ACC,2026,292,46,0.2943639349679869,0.4965753424657534,1.2493195690476524,0.631578947368421,0.1824817518248175,3.3094890510948907,,240,47,-0.1071948228174938,0.2875,1.3794468878643993,0.5384615384615384,0.3195876288659793,1.777319587628866,0.179
2026-09-30,Purdue,Big Ten,2026,286,43,0.2365211519030919,0.465034965034965,1.1982918041307935,0.7894736842105263,0.1587301587301587,3.026984126984127,,258,42,0.3513327561651305,0.5,1.3659642219553176,0.7619047619047619,0.1510791366906475,3.3194244604316547,0.14
2026-09-30,Rice,American Athletic,2026,255,41,0.0691974796983056,0.4470588235294118,1.1181303414793926,0.8,0.131578947368421,3.3526315789473684,,261,40,0.1367631629709163,0.4291187739463601,1.2894367024813602,0.6470588235294118,0.1843971631205673,2.7659574468085104,0.146
2026-09-30,Rutgers,Big Ten,2026,274,45,0.1351379441326351,0.4817518248175182,1.3008484357582824,0.7,0.1605839416058394,3.132846715328468,,241,45,0.1490536394191173,0.4356846473029045,1.2021303791777804,0.75,0.2,3.0024,0.137
2026-09-30,Sacramento State,Mid-American,2026,349,61,-0.0609868513536955,0.4183381088825215,1.0051274745930112,0.75,0.2517006802721088,2.691156462585034,,303,61,0.1251483777953684,0.3597359735973597,1.4167688855611529,0.5,0.1801242236024844,2.9118012422360247,0.122
2026-09-30,Sam Houston,Conference USA,2026,280,54,0.1016307759362851,0.4392857142857143,1.282968570198587,0.6111111111111112,0.2105263157894736,2.799122807017544,,263,53,0.0652504267585481,0.3878326996197718,1.258775468670316,0.7368421052631579,0.2027972027972027,3.074825174825175,0.224
2026-09-30,San Diego State,Pac-12,2026,268,49,-0.0852206820207657,0.3470149253731343,1.143302536745483,0.5454545454545454,0.2027972027972027,2.93986013986014,,294,51,0.0970600892086255,0.4421768707482993,1.049073021585473,0.85,0.1111111111111111,3.3932098765432097,0.099
2026-09-30,San José State,Mountain West,2026,283,52,0.0822088440580657,0.3957597173144876,1.2244504887603835,0.5714285714285714,0.1860465116279069,3.182170542635659,,287,52,0.0660974308409856,0.4355400696864111,1.0704314495810316,0.8333333333333334,0.1693548387096774,2.9306451612903226,0.136
2026-09-30,SMU,ACC,2026,282,49,0.2505945394923168,0.5177304964539007,1.250407687833359,0.6521739130434783,0.1641791044776119,3.038805970149254,,255,49,0.0228819454317753,0.3607843137254902,1.3165258941517095,0.3888888888888889,0.2131147540983606,2.7016393442622952,0.204
2026-09-30,South Alabama,Sun Belt,2026,308,45,0.1738784302846758,0.4188311688311688,1.301705588252744,0.7916666666666666,0.1206896551724138,3.182183908045977,,218,44,0.2794913126280899,0.4862385321100917,1.4604998123440105,0.6,0.1743119266055046,3.2302752293577983,0.179
2026-09-30,South Carolina,SEC,2026,296,47,0.2274134853820786,0.4763513513513513,1.227748995044518,0.7894736842105263,0.1298701298701298,3.722077922077922,,235,49,0.1513947512284183,0.3617021276595745,1.5563246749462596,0.6363636363636364,0.2429906542056074,2.2934579439252336,0.136
2026-09-30,Southern Miss,Sun Belt,2026,286,50,0.0628041382253729,0.43006993006993,1.1245900900724308,0.8421052631578947,0.0895522388059701,3.582089552238806,,298,52,0.1229083059122737,0.4060402684563758,1.273100753228961,0.7058823529411765,0.1802325581395348,3.1965116279069767,0.131
2026-09-30,South Florida,American Athletic,2026,233,42,0.2342182558476962,0.5150214592274678,1.149104510634511,0.8333333333333334,0.2,3.086923076923077,,262,40,-0.019586743250476,0.4083969465648855,0.9548901611974214,0.6,0.2720588235294117,2.4338235294117645,0.183
2026-09-30,Stanford,ACC,2026,272,47,0.1301172975555827,0.3933823529411764,1.248801548847813,0.7692307692307693,0.2123893805309734,2.7601769911504426,,288,48,0.2809495330232194,0.4583333333333333,1.3772308807018945,0.8125,0.1450381679389313,3.2221374045801525,0.128
2026-09-30,Syracuse,ACC,2026,238,36,0.0383775209160952,0.3991596638655462,1.3301522483231214,0.8,0.2201834862385321,2.851376146788991,,183,36,-0.1262747420529368,0.360655737704918,1.0874549775292308,0.75,0.2333333333333333,2.628888888888889,0.186
2026-09-30,TCU,Big 12,2026,279,45,0.1743017536747533,0.4623655913978494,1.2397779030198528,0.8421052631578947,0.1641791044776119,3.029850746268657,,223,45,-0.1214499889916723,0.3677130044843049,0.9254213349664208,0.5625,0.2105263157894736,2.543859649122807,0.179
2026-09-30,Temple,American Athletic,2026,246,39,0.2370807984058004,0.4349593495934959,1.3008852495026937,0.7272727272727273,0.1688311688311688,3.3279220779220777,,267,41,0.2089281821128156,0.4569288389513108,1.2018661626278426,0.7692307692307693,0.1103448275862069,2.883448275862069,0.109
2026-09-30,Tennessee,SEC,2026,287,47,0.2236841142285554,0.4564459930313589,1.207898514661567,0.8333333333333334,0.1377245508982036,3.5401197604790418,,257,48,-0.0856758886483352,0.357976653696498,1.0637533560326713,0.75,0.1913043478260869,3.031304347826087,0.218
2026-09-30,Texas,SEC,2026,290,44,0.1104131850879861,0.4551724137931034,1.1433060036315157,0.75,0.1830065359477124,2.8176470588235296,,260,46,-0.0556422453013244,0.35,1.0937901963041747,0.7333333333333333,0.1984126984126984,2.553968253968254,0.206
2026-09-30,Texas A&M,SEC,2026,298,49,0.0428790091101992,0.4429530201342282,1.074106760444335,0.85,0.1655172413793103,3.2158620689655173,,226,49,0.0331879286837532,0.3849557522123893,1.3073162492473576,0.7142857142857143,0.1788617886178861,2.7642276422764227,0.177
2026-09-30,Texas State,Pac-12,2026,291,46,0.3050319495653666,0.4948453608247423,1.3236959115185674,0.6666666666666666,0.1388888888888889,3.267777777777778,,321,45,0.14815469034618,0.4610591900311526,1.222711994933702,0.5909090909090909,0.25,2.50234375,0.159
2026-09-30,Texas Tech,Big 12,2026,277,50,0.2716926774628476,0.5054151624548736,1.1544594558533718,0.7741935483870968,0.1768707482993197,3.286394557823129,,278,51,0.0027516365869861,0.3525179856115107,1.3764562758271992,0.6666666666666666,0.1941747572815534,2.962135922330097,0.183
2026-09-30,Toledo,Mid-American,2026,264,46,0.2692070530829725,0.4469696969696969,1.5268612805080706,0.6666666666666666,0.1703703703703703,3.077037037037037,,289,50,-0.0234163946418609,0.3252595155709342,1.3015912181864564,0.3888888888888889,0.2068965517241379,2.6206896551724137,0.135
2026-09-30,Troy,Sun Belt,2026,292,52,0.0231672306939523,0.3801369863013699,1.3132704234201762,0.631578947368421,0.238095238095238,2.673469387755102,,242,51,0.0357678186828529,0.371900826446281,1.3182035990042773,0.6,0.2589285714285714,2.34375,0.182
2026-09-30,Tulane,American Athletic,2026,245,46,0.1027892733616215,0.3428571428571428,1.5134249575371927,0.75,0.2177419354838709,2.5725806451612905,,283,47,0.1714864191445664,0.3957597173144876,1.3057172965646036,0.7692307692307693,0.1623376623376623,3.0863636363636364,0.11
2026-09-30,Tulsa,American Athletic,2026,257,46,0.1174521232942749,0.4046692607003891,1.1418641053581682,0.9285714285714286,0.1212121212121212,3.2954545454545454,,306,48,-0.0697187405885413,0.3856209150326797,1.0352545596334677,0.6190476190476191,0.1923076923076923,2.8384615384615386,0.147
2026-09-30,UAB,American Athletic,2026,265,40,0.0504175692051148,0.4226415094339623,1.1850191816604738,0.7391304347826086,0.1589403973509933,3.137086092715232,,249,41,0.0530389487994697,0.4497991967871486,1.044312307132658,0.7037037037037037,0.1242603550295858,3.429585798816568,0.157
2026-09-30,UCF,Big 12,2026,227,47,0.1185016084534972,0.4361233480176211,1.2064484831671314,0.8,0.171875,3.0515625,,289,50,-0.0474297690256288,0.3425605536332179,1.2745480395464972,0.625,0.2408759124087591,2.290510948905109,0.173
2026-09-30,UCLA,Big Ten,2026,265,52,0.2871271589042288,0.4943396226415094,1.253304393370694,0.8421052631578947,0.0955414012738853,3.974522292993631,,275,52,-0.1271006250909647,0.3272727272727272,1.3466484258816014,0.8333333333333334,0.25,2.36484375,0.185
2026-09-30,UConn,FBS Independents,2026,260,48,0.2306111216349001,0.4346153846153846,1.421161467026787,0.6666666666666666,0.1678832116788321,3.2386861313868613,,290,48,0.0190890114175953,0.3862068965517241,1.255302889472952,0.6111111111111112,0.211864406779661,2.6483050847457625,0.169
2026-09-30,UL Monroe,Sun Belt,2026,271,49,-0.0521970985816796,0.4022140221402214,1.119088950147427,0.5714285714285714,0.1515151515151515,2.9681818181818183,,295,45,0.307734707357127,0.5084745762711864,1.2145291051896507,0.7777777777777778,0.1614906832298136,3.4180124223602486,0.115
2026-09-30,UNLV,Mountain West,2026,281,47,0.0529135687229341,0.3843416370106761,1.218802792211778,0.6666666666666666,0.1301369863013698,3.219178082191781,,267,46,0.0757099267106491,0.4044943820224719,1.154460009886671,0.8333333333333334,0.1328125,3.60625,0.161
2026-09-30,USC,Big Ten,2026,361,49,0.3069791509788038,0.5346260387811634,1.1871419897756952,0.7931034482758621,0.1675977653631284,3.2675977653631283,,294,50,0.1911762367341543,0.4217687074829932,1.3627008216470935,0.7619047619047619,0.1928571428571428,2.587142857142857,0.116
2026-09-30,Utah,Big 12,2026,274,47,0.3282820760821432,0.5072992700729927,1.321318380196454,0.7391304347826086,0.1946308724832214,3.479194630872484,,270,46,-0.0735851246794686,0.3185185185185185,1.3365530299488966,0.5,0.2037037037037037,2.6324074074074075,0.204
2026-09-30,Utah State,Pac-12,2026,263,48,-0.0708893349501767,0.3612167300380228,1.3151104107661504,0.3,0.2083333333333333,3.0741666666666667,,296,49,0.0205473295697093,0.4054054054054054,1.1334625370017768,0.7368421052631579,0.216,2.6024,0.135
2026-09-30,UTEP,Mountain West,2026,226,46,-0.1789529945845772,0.3672566371681416,1.0920230579450805,0.5,0.2403100775193798,2.5155038759689923,,254,44,0.2519532316649529,0.4724409448818897,1.209405487157074,0.6666666666666666,0.2230215827338129,2.969064748201439,0.126
2026-09-30,UTSA,American Athletic,2026,253,47,0.2677312353147179,0.4743083003952569,1.1110555464614322,0.85,0.1721311475409836,3.0754098360655737,,324,49,0.0767385229095977,0.4320987654320987,1.1351715792496355,0.65,0.124223602484472,3.2801242236024843,0.128
2026-09-30,Vanderbilt,SEC,2026,272,44,0.0819511053844754,0.4154411764705882,1.1804248820976369,0.7727272727272727,0.150375939849624,3.049624060150376,,254,46,-0.038881080317215,0.3503937007874015,1.335704318735286,0.7894736842105263,0.2,2.5391666666666666,0.185
2026-09-30,Virginia,ACC,2026,294,48,0.2839613025941832,0.4761904761904761,1.2153800243675332,0.8695652173913043,0.1333333333333333,3.37030303030303,,243,49,-0.1438309996831005,0.3333333333333333,0.9549871317399172,0.6923076923076923,0.1875,2.890625,0.198
2026-09-30,Virginia Tech,ACC,2026,316,47,0.2411869079751236,0.4841772151898734,1.2049350305991204,0.75,0.2,2.9941935483870967,,236,49,-0.0300638626116558,0.3305084745762712,1.3088079116373943,0.5714285714285714,0.4033613445378151,0.9857142857142858,0.267
2026-09-30,Wake Forest,ACC,2026,263,43,0.2795290723573947,0.4524714828897338,1.3054103408047757,0.55,0.1463414634146341,3.138211382113821,,297,45,0.1599441060796813,0.468013468013468,1.053755124854973,0.7,0.213235294117647,2.865441176470588,0.128
2026-09-30,Washington,Big Ten,2026,258,48,0.15112737958888,0.4457364341085271,1.2071784289896446,0.6153846153846154,0.2211538461538461,2.815384615384616,,256,48,-0.1484497146409843,0.34375,1.1611078296141866,0.3333333333333333,0.3053435114503817,2.3229007633587786,0.203
2026-09-30,Washington State,Pac-12,2026,244,45,-0.0366358358008768,0.3647540983606557,1.2647698442901227,0.6,0.2338709677419354,2.7588709677419354,,269,50,0.02303930738803,0.4052044609665427,1.251520290806126,0.7857142857142857,0.1791044776119403,2.955223880597015,0.126
2026-09-30,Western Kentucky,Conference USA,2026,285,51,0.0058548357460895,0.375438596491228,1.261485061133344,0.7142857142857143,0.2391304347826087,2.694927536231884,,258,49,0.303193128254945,0.4457364341085271,1.4598047565949013,0.85,0.144927536231884,3.5043478260869567,0.128
2026-09-30,Western Michigan,Mid-American,2026,245,43,0.0932467103303505,0.4,1.1669538657117555,0.7368421052631579,0.1666666666666666,2.869565217391304,,269,42,0.0986364237620099,0.4646840148698885,1.0252938595964052,0.72,0.1721854304635761,3.050993377483444,0.108
2026-09-30,West Virginia,Big 12,2026,296,50,0.1843012712918257,0.4493243243243243,1.2051735144261049,0.72,0.1351351351351351,3.247297297297297,,280,49,0.1240737919269014,0.4428571428571428,1.1805781326261695,0.7058823529411765,0.2028985507246377,2.9021739130434785,0.154
2026-09-30,Wisconsin,Big Ten,2026,246,42,0.1421749236968496,0.4227642276422764,1.3906443777637447,0.5625,0.1538461538461538,2.947863247863248,,259,44,-0.0506600591877439,0.3397683397683397,1.0416128697736369,0.7222222222222222,0.1052631578947368,2.9278195488721805,0.162
2026-09-30,Wyoming,Mountain West,2026,241,40,0.1562028838199938,0.4605809128630705,1.0884041679703076,1.0,0.1395348837209302,3.555813953488372,,262,39,0.1233751116920913,0.4427480916030534,1.0905242728591087,0.9230769230769232,0.1448275862068965,3.263448275862069,0.13
2026-10-01,Air Force,Mountain West,2026,233,32,0.2974661943078536,0.4892703862660944,1.0827490054179236,0.8076923076923077,0.0684210526315789,3.83578947368421,,173,32,0.0044006018899963,0.3468208092485549,1.4301750176820658,0.6666666666666666,0.2159090909090909,2.8659090909090907,0.15
2026-10-01,Akron,Mid-American,2026,262,46,0.0198381596663593,0.4427480916030534,0.9809070069767836,0.8181818181818182,0.1304347826086956,3.6191304347826088,,246,46,0.2413347785414639,0.4308943089430894,1.3716863805017796,0.6875,0.188034188034188,2.8905982905982905,0.15
2026-10-01,Alabama,SEC,2026,267,47,0.3266426615528703,0.4943820224719101,1.3316067628050767,0.7777777777777778,0.2094594594594594,2.992567567567568,,249,49,-0.0979791717634725,0.3413654618473896,1.3820358753940611,0.5625,0.2436974789915966,2.1983193277310926,0.189
2026-10-01,App State,Sun Belt,2026,288,48,0.2375017412396011,0.4548611111111111,1.3124452763172334,0.6666666666666666,0.2388059701492537,2.576865671641791,,272,47,0.0798890370195323,0.4227941176470588,1.1322274576006577,0.8421052631578947,0.2265625,2.6203125,0.176
2026-10-01,Arizona,Big 12,2026,280,46,0.213015775387715,0.5,1.1510787926944033,0.85,0.1176470588235294,3.534453781512605,,250,43,0.001696313309385,0.352,1.4149125290095736,1.0,0.2526315789473684,2.5894736842105264,0.168
2026-10-01,Arizona State,Big 12,2026,202,40,0.058158540254411,0.4158415841584158,1.3964621633387664,0.7777777777777778,0.1981132075471698,2.689622641509434,,189,39,0.0225517463198268,0.3703703703703703,1.1790414583455835,0.6363636363636364,0.1489361702127659,2.907446808510638,0.159
2026-10-01,Arkansas,SEC,2026,306,46,0.0487704291571512,0.4215686274509804,1.1175130223447418,0.8421052631578947,0.1811023622047244,2.578740157480315,,229,46,0.1584979574626104,0.4323144104803493,1.109799606067956,0.875,0.1504424778761062,3.225663716814159,0.144
2026-10-01,Arkansas State,Sun Belt,2026,235,40,0.151722200567074,0.4851063829787234,1.147182168803558,0.7391304347826086,0.1463414634146341,3.370731707317073,,256,43,0.1608416764111734,0.453125,1.2437369661354392,0.7619047619047619,0.1360544217687075,3.3891156462585035,0.125
2026-10-01,Army,American Athletic,2026,202,30,0.3652410716663139,0.5495049504950495,1.0285346811738048,0.8888888888888888,0.0969696969696969,3.826666666666666,,162,29,0.1890381995867541,0.4382716049382716,1.2445339834418143,0.75,0.188235294117647,3.274117647058824,0.13
2026-10-01,Auburn,SEC,2026,285,45,0.1190946320571405,0.4280701754385965,1.267789889039531,0.8666666666666667,0.1521739130434782,3.2782608695652176,,317,46,-0.009012568565795,0.3753943217665615,1.213542730131642,0.6818181818181818,0.1854304635761589,2.5688741721854305,0.155
2026-10-01,Ball State,Mid-American,2026,246,46,0.0472372891980362,0.3373983739837398,1.4167354936497174,0.8888888888888888,0.2142857142857142,2.5419642857142857,,270,44,0.3245174494482526,0.4518518518518518,1.4552780962608534,0.7777777777777778,0.1884057971014492,3.010144927536232,0.119
2026-10-01,Baylor,Big 12,2026,329,55,0.0920261789984317,0.4012158054711246,1.2626771043945284,0.7368421052631579,0.16875,2.938125,,290,53,-0.1150677145226885,0.3206896551724137,1.139479400538103,0.4,0.264,2.5032,0.214
2026-10-01,Boise State,Pac-12,2026,290,45,0.2951432031136631,0.5,1.1533594709235888,0.7619047619047619,0.1488095238095238,3.504166666666667,,219,46,0.0193550406163336,0.3561643835616438,1.662621788848783,0.8,0.2840909090909091,2.4693181818181817,0.192
2026-10-01,Boston College,ACC,2026,262,48,-0.0317852463996717,0.3893129770992366,1.163530181972362,0.6875,0.2517985611510791,2.846762589928057,,276,46,0.0018121895071706,0.394927536231884,1.2373410366856836,0.65,0.1948051948051948,3.015584415584416,0.174
2026-10-01,Bowling Green,Mid-American,2026,232,45,-0.1154144721078505,0.3362068965517241,0.9581163924687428,0.7272727272727273,0.246031746031746,2.430952380952381,,242,42,0.2273308743347902,0.4917355371900826,1.294370808726625,0.7391304347826086,0.1689189189189189,3.4364864864864866,0.12
2026-10-01,Buffalo,Mid-American,2026,306,56,0.0003070626769482,0.3333333333333333,1.2190083433359715,0.8,0.1923076923076923,2.703846153846154,,276,55,0.1161623627988776,0.3659420289855072,1.4454634719206607,0.625,0.1923076923076923,3.039230769230769,0.152
2026-10-01,BYU,Big 12,2026,187,34,0.4480384250707043,0.5989304812834224,1.15738475313615,0.9411764705882352,0.1217391304347826,3.9521739130434783,,187,33,-0.0606163601926305,0.3689839572192513,1.1821843427834813,0.7692307692307693,0.2236842105263158,2.4105263157894736,0.171
2026-10-01,California,ACC,2026,278,47,0.0068658545828788,0.4028776978417266,1.193366273108296,0.6666666666666666,0.2051282051282051,2.818803418803419,,268,49,0.0144199249857662,0.3694029850746269,1.3408408208913778,0.8888888888888888,0.1450381679389313,3.1595419847328245,0.131
2026-10-01,Central Michigan,Mid-American,2026,228,41,0.0001570736377874,0.3508771929824561,1.195933983562599,0.8260869565217391,0.1292517006802721,3.180952380952381,,264,40,0.1659476920764217,0.4734848484848485,1.1175277807603152,0.9333333333333332,0.1353383458646616,3.5338345864661656,0.144
2026-10-01,Charlotte,American Athletic,2026,243,46,-0.095306802260871,0.3621399176954732,1.0598862867138024,0.5714285714285714,0.2788461538461538,2.3836538461538463,,284,48,0.1652303849654907,0.4718309859154929,1.180794147263004,0.8,0.2466666666666666,2.793333333333333,0.137
2026-10-01,Cincinnati,Big 12,2026,270,47,0.3625587101785252,0.4962962962962963,1.3054500850438453,0.8333333333333334,0.1320754716981132,3.677358490566038,,270,45,0.1018863265361351,0.4148148148148148,1.2050266527429307,0.6666666666666666,0.1785714285714285,3.216964285714285,0.163
2026-10-01,Clemson,ACC,2026,260,51,-0.0269265979383388,0.3423076923076923,1.1750750803164596,0.8,0.2105263157894736,2.7639097744360903,,288,47,0.0174843174833074,0.4097222222222222,1.1883693200608123,0.7272727272727273,0.1287878787878787,3.459090909090909,0.163
2026-10-01,Coastal Carolina,Sun Belt,2026,262,48,0.1574895351334629,0.4122137404580153,1.4290556129612535,0.6923076923076923,0.1774193548387097,3.4137096774193547,,264,51,0.0945429582692246,0.4507575757575757,0.9393216637344016,0.8095238095238095,0.1234567901234567,3.182098765432099,0.148
2026-10-01,Colorado,Big 12,2026,294,51,0.0591230804472788,0.3979591836734694,1.2023639115726048,0.6190476190476191,0.1438356164383561,3.132876712328767,,283,52,0.0074155068222096,0.381625441696113,1.2071586134840042,0.6470588235294118,0.316546762589928,2.3697841726618707,0.201
2026-10-01,Colorado State,Pac-12,2026,283,49,0.2701253320513743,0.4381625441696113,1.5117720395729728,0.8,0.2016806722689075,2.615966386554622,,253,50,0.1627944546234717,0.4624505928853755,1.1979105495251043,0.8888888888888888,0.1578947368421052,3.395394736842105,0.182
2026-10-01,Delaware,Conference USA,2026,262,50,0.0363583731199684,0.3893129770992366,1.2666365578672474,0.6470588235294118,0.208695652173913,2.717391304347826,,294,49,0.0795807976162017,0.3877551020408163,1.312462276507268,0.8333333333333334,0.1496062992125984,2.9031496062992126,0.184
2026-10-01,Duke,ACC,2026,280,47,0.294948176306143,0.4464285714285714,1.3269095790530947,0.75,0.1607142857142857,3.322619047619048,,235,46,-0.0641343541677386,0.3531914893617021,1.0706329307840854,0.7,0.1717171717171717,2.623232323232324,0.183
2026-10-01,East Carolina,American Athletic,2026,242,51,0.0562861690961719,0.4008264462809917,1.1660351080207183,0.7272727272727273,0.1965811965811965,2.430769230769231,,288,53,-0.0177457575397499,0.3541666666666667,1.3129262260057688,0.5833333333333334,0.2909090909090909,2.2515151515151515,0.194
2026-10-01,Eastern Michigan,Mid-American,2026,326,56,-0.0156919484314141,0.3711656441717791,1.1429077693263077,0.8,0.1678832116788321,2.894890510948905,,332,56,0.1116686422231846,0.4096385542168674,1.252969230106893,0.6956521739130435,0.1870967741935484,2.9696774193548388,0.179
2026-10-01,Florida,SEC,2026,285,45,0.4126226036434,0.5157894736842106,1.3024360786248743,1.0,0.1329479768786127,3.232369942196532,,289,49,-0.0359264204391501,0.4048442906574394,1.1456211335713724,0.7222222222222222,0.109090909090909,3.0463636363636364,0.204
2026-10-01,Florida Atlantic,American Athletic,2026,330,46,0.1423494862502445,0.4363636363636363,1.1506194104987235,0.7931034482758621,0.1666666666666666,2.746,,259,46,0.208847092454067,0.4054054054054054,1.542679050290743,0.8571428571428571,0.1908396946564885,2.8053435114503817,0.158
2026-10-01,Florida International,Conference USA,2026,294,43,0.0091606332385208,0.391156462585034,1.2069907538933642,0.7894736842105263,0.1804511278195488,2.8263157894736843,,249,41,-0.0037860460491193,0.3373493975903614,1.1588398912972853,0.6666666666666666,0.2184873949579832,2.23109243697479,0.177
2026-10-01,Florida State,ACC,2026,249,43,0.2471089473000573,0.4337349397590361,1.5262338322945703,0.5625,0.1521739130434782,3.1956521739130435,,276,42,0.2194191845903798,0.4347826086956521,1.3496313678774807,0.9285714285714286,0.1796875,3.01015625,0.156
2026-10-01,Fresno State,Pac-12,2026,249,48,0.1151643838601097,0.3694779116465863,1.4282421329421429,0.5,0.265625,2.559375,,270,46,0.0102813972130214,0.4444444444444444,1.1267273774219355,0.65,0.2083333333333333,2.9319444444444445,0.156
2026-10-01,Georgia,SEC,2026,242,52,0.425141118715048,0.5330578512396694,1.3009361261871628,0.8823529411764706,0.119047619047619,3.6912698412698415,,266,53,-0.1433071138066464,0.3308270676691729,1.0915867971634323,0.5454545454545454,0.2155172413793103,2.030172413793103,0.188
2026-10-01,Georgia Southern,Sun Belt,2026,285,46,0.1025882072554569,0.4175438596491228,1.1710175151488371,0.75,0.1376146788990825,3.079816513761468,,255,46,0.0856115488104654,0.3725490196078431,1.1753901259733148,0.6666666666666666,0.25,2.5453125,0.188
2026-10-01,Georgia State,Sun Belt,2026,286,48,0.2513156708882154,0.479020979020979,1.295771495143261,0.631578947368421,0.1764705882352941,3.3006535947712417,,242,46,0.0244660986342558,0.3801652892561983,1.293567067031015,1.0,0.209090909090909,3.090909090909091,0.178
2026-10-01,Georgia Tech,ACC,2026,260,42,0.1413445218881044,0.4423076923076923,1.2208778751676497,0.7058823529411765,0.2016129032258064,3.074193548387097,,281,44,0.1552695286200172,0.4128113879003559,1.2672318275370569,0.6842105263157895,0.1705882352941176,2.906470588235294,0.16
2026-10-01,Hawai'i,Mountain West,2026,297,45,0.0416255936104027,0.3838383838383838,1.1248847728792668,0.8,0.1752577319587628,3.138144329896907,,268,45,0.2126961152776523,0.4664179104477612,1.2265552991957558,0.75,0.1103448275862069,3.4372413793103447,0.134
2026-10-01,Houston,Big 12,2026,280,42,0.4389037467900525,0.5785714285714286,1.1226958500408188,0.8571428571428571,0.0993788819875776,3.9037267080745344,,246,44,0.0993436395008436,0.3943089430894309,1.3601297167430575,0.6428571428571429,0.2142857142857142,2.318367346938776,0.211
2026-10-01,Illinois,Big Ten,2026,246,38,0.2838635684857444,0.516260162601626,1.2731488300867524,0.6666666666666666,0.1140350877192982,3.450877192982456,,274,38,0.1929731050253859,0.4452554744525547,1.2692011344190497,0.782608695652174,0.2071428571428571,2.7664285714285715,0.131
2026-10-01,Indiana,Big Ten,2026,247,42,0.4206054896605618,0.5101214574898786,1.3819184765929695,0.72,0.1184210526315789,3.506578947368421,,237,43,-0.1068862873941866,0.2995780590717299,1.4207399529810825,0.5,0.2363636363636363,2.2618181818181817,0.198
2026-10-01,Iowa,Big Ten,2026,263,47,0.1722626694786382,0.4296577946768061,1.2788259382836886,0.5294117647058824,0.1317829457364341,3.4953488372093022,,243,50,-0.1447049947966999,0.3004115226337449,1.0382181567882602,0.7272727272727273,0.1932773109243697,2.604201680672269,0.173
2026-10-01,Iowa State,Big 12,2026,241,46,0.1173283873098131,0.3817427385892116,1.3341665352943148,0.5833333333333334,0.1901408450704225,2.992957746478873,,243,49,-0.0377459974123877,0.3703703703703703,1.092834908105983,0.7,0.1984732824427481,2.576335877862596,0.177
2026-10-01,Jacksonville State,Conference USA,2026,308,48,0.2039256783625617,0.4805194805194805,1.191970068015468,0.8148148148148148,0.1757575757575757,3.1224242424242425,,324,47,0.038705259371239,0.4228395061728395,1.0462276584798134,0.84,0.1711229946524064,2.9149732620320856,0.155
2026-10-01,James Madison,Sun Belt,2026,269,49,0.2932294132681108,0.4758364312267658,1.2229988166501045,0.7727272727272727,0.1538461538461538,3.230769230769231,,287,53,-0.1968722169622853,0.2752613240418118,1.3802235120846753,0.8181818181818182,0.1956521739130435,2.368840579710145,0.178
2026-10-01,Kansas,Big 12,2026,220,37,0.2017564194220655,0.4409090909090909,1.4288824563386082,0.5454545454545454,0.0991735537190082,3.268595041322314,,195,39,-0.0675022519168581,0.3076923076923077,1.2346084307154783,0.75,0.25,2.132142857142857,0.2
2026-10-01,Kansas State,Big 12,2026,296,45,0.3066555233089882,0.5135135135135135,1.2147288981652262,0.7619047619047619,0.1333333333333333,3.398,,223,45,-0.0393938286707073,0.3049327354260089,1.4953268179868435,0.4166666666666667,0.2558139534883721,2.5108527131782945,0.238
2026-10-01,Kennesaw State,Conference USA,2026,272,45,0.096840777192148,0.4595588235294117,1.0511684298734412,0.8181818181818182,0.1969696969696969,3.3136363636363635,,251,44,0.1510884092189516,0.4262948207171315,1.089390254669204,0.8571428571428571,0.1914893617021276,3.1602836879432625,0.108
2026-10-01,Kent State,Mid-American,2026,246,46,-0.028066761604708,0.3130081300813008,1.3677693927429808,0.6153846153846154,0.2230215827338129,2.7776978417266185,,249,47,0.2007096448695701,0.4738955823293173,1.2720519322498094,0.8421052631578947,0.1557377049180328,3.189344262295082,0.141
2026-10-01,Kentucky,SEC,2026,252,47,0.2358298815741157,0.5158730158730159,1.2028393571873282,0.7647058823529411,0.1555555555555555,3.46,,290,45,0.015506405315718,0.4172413793103448,1.1898726045681305,0.7777777777777778,0.168,2.8056,0.183
2026-10-01,Liberty,Conference USA,2026,266,46,0.1238041678120751,0.462406015037594,1.130723763744779,0.7619047619047619,0.1125,3.32375,,245,44,0.0393415978695765,0.3551020408163265,1.385914318599743,0.7272727272727273,0.2113821138211382,3.01869918699187,0.188
2026-10-01,Louisiana,Sun Belt,2026,273,46,0.1316892008453768,0.4249084249084249,1.1746644646175253,0.75,0.1829268292682926,3.0591463414634146,,242,45,-0.1664231215566407,0.396694214876033,0.9843056126444863,0.4615384615384615,0.2454545454545454,2.650909090909091,0.182
2026-10-01,Louisiana Tech,Sun Belt,2026,193,41,0.0147704176735784,0.3367875647668393,1.4428676625000247,0.5,0.2268041237113402,2.6484536082474226,,219,43,-0.0117915486855234,0.3470319634703196,1.305153941737421,0.6666666666666666,0.2301587301587301,2.063492063492064,0.242
2026-10-01,Louisville,ACC,2026,270,51,0.3444575245037248,0.5,1.3529614271567436,0.7222222222222222,0.1944444444444444,2.8090277777777777,,286,50,0.1064322421222068,0.4020979020979021,1.2382424769784324,0.5172413793103449,0.1208053691275167,3.0208053691275167,0.136
2026-10-01,LSU,SEC,2026,318,50,0.2358004202010531,0.4779874213836478,1.2822059615849353,0.72,0.1477272727272727,3.051704545454545,,241,52,-0.1658926506063978,0.3029045643153527,1.1840555424357224,0.7777777777777778,0.24,2.2,0.228
2026-10-01,Marshall,Sun Belt,2026,268,47,0.0881555190702176,0.417910447761194,1.2122594701835288,0.6842105263157895,0.2158273381294964,3.002158273381295,,269,42,0.3322744406018015,0.4721189591078067,1.3217694979067145,0.8125,0.152,3.276,0.119
2026-10-01,Maryland,Big Ten,2026,294,50,0.1316439063313339,0.4523809523809524,1.2391446102841337,0.7142857142857143,0.2338709677419354,2.882258064516129,,245,47,0.0291602901654721,0.3795918367346939,1.2211145537608818,0.7058823529411765,0.2265625,2.33359375,0.159
2026-10-01,Massachusetts,Mid-American,2026,220,44,0.279587129633783,0.45,1.2370342543322186,0.55,0.1407407407407407,3.52,,273,47,-0.1390494892059586,0.3663003663003663,1.0197492021941357,0.7058823529411765,0.2184873949579832,2.5672268907563023,0.161
2026-10-01,Memphis,American Athletic,2026,254,44,0.2620660130099108,0.4724409448818897,1.369827052932887,0.75,0.1478873239436619,3.4640845070422537,,275,45,0.1795247018535912,0.4181818181818181,1.399864399561085,0.8421052631578947,0.126865671641791,3.388805970149254,0.149
2026-10-01,Miami,ACC,2026,280,48,0.4415699454183274,0.5714285714285714,1.277780756396218,0.8125,0.1205673758865248,3.887234042553192,,228,45,-0.0487227377634526,0.3245614035087719,1.148798300609516,0.5714285714285714,0.2702702702702703,2.152702702702703,0.162
2026-10-01,Miami (OH),Mid-American,2026,235,41,0.2392133994564105,0.4297872340425532,1.4261825887036177,0.6666666666666666,0.2123893805309734,2.870796460176991,,260,44,0.1791297766665445,0.45,1.3157571806365698,0.7777777777777778,0.2169811320754717,2.860377358490566,0.104
2026-10-01,Michigan,Big Ten,2026,246,41,0.1642152654603846,0.4349593495934959,1.173524584863374,0.75,0.1267605633802817,3.170422535211268,,241,43,-0.0898447710039574,0.3112033195020747,1.1999127964530778,0.7142857142857143,0.2231404958677686,2.628099173553719,0.178
2026-10-01,Michigan State,Big Ten,2026,266,39,0.0329269647763021,0.4436090225563909,1.0821258780858587,0.7142857142857143,0.204225352112676,2.922535211267605,,232,39,0.1512322810867221,0.4267241379310345,1.2341667069367308,0.631578947368421,0.2601626016260163,2.759349593495935,0.151
2026-10-01,Middle Tennessee,Conference USA,2026,247,38,0.1976698280857266,0.4251012145748988,1.1708755822401458,0.7333333333333333,0.1333333333333333,3.497142857142857,,239,41,0.1010200373108427,0.4518828451882845,1.1198683826265927,0.7241379310344828,0.1764705882352941,3.092647058823529,0.117
2026-10-01,Minnesota,Big Ten,2026,266,46,0.1289436598515095,0.4699248120300752,1.0915976846870952,0.64,0.2413793103448276,2.4982758620689656,,230,48,0.0412178425950239,0.3695652173913043,1.204534550102037,0.5714285714285714,0.2702702702702703,2.68018018018018,0.237
2026-10-01,Mississippi State,SEC,2026,289,47,0.3832712107338231,0.5121107266435986,1.3196692356478494,0.8235294117647058,0.2013422818791946,3.344295302013423,,292,46,0.0181230583679951,0.3732876712328767,1.1429895601280653,0.6,0.1583333333333333,2.910833333333333,0.182
2026-10-01,Missouri,SEC,2026,280,51,0.1991046920861861,0.4357142857142857,1.237778594341354,0.6923076923076923,0.1724137931034483,3.099310344827586,,271,49,-0.0037167886437328,0.3542435424354243,1.412475978969476,0.8666666666666667,0.2444444444444444,2.4814814814814814,0.221
2026-10-01,Missouri State,Conference USA,2026,247,42,0.1010453671461822,0.4008097165991903,1.2292095221793706,0.7142857142857143,0.1603053435114503,2.9938931297709925,,296,45,0.2274605397484086,0.5168918918918919,1.0234936916528945,0.8695652173913043,0.1595092024539877,3.3319018404907976,0.149
2026-10-01,Navy,American Athletic,2026,207,32,0.2112282150776316,0.5120772946859904,1.1414943049502273,0.9565217391304348,0.0993788819875776,3.8248447204968943,,179,32,0.1576472063958153,0.3910614525139664,1.4071072187745968,0.8888888888888888,0.2068965517241379,2.711494252873563,0.145
2026-10-01,NC State,ACC,2026,281,49,0.2211360632310617,0.4875444839857651,1.2088715818008906,0.84,0.1486486486486486,3.2945945945945945,,243,50,0.1203704155244398,0.3991769547325103,1.250046739057774,0.7619047619047619,0.1900826446280991,2.820661157024793,0.152
2026-10-01,Nebraska,Big Ten,2026,281,41,0.4138045511974774,0.498220640569395,1.4394874375595026,0.72,0.1518987341772152,3.4075949367088607,,235,44,-0.0183221663673035,0.3659574468085106,1.2411580159343365,0.8,0.1818181818181818,2.897520661157025,0.204
2026-10-01,Nevada,Mountain West,2026,256,45,0.093463394582137,0.4140625,1.2947367406781387,0.64,0.1971830985915492,3.2359154929577465,,304,47,0.1491230792017593,0.4210526315789473,1.120475603033139,0.625,0.1459459459459459,3.271891891891892,0.112
2026-10-01,New Mexico,Mountain West,2026,264,48,0.1625145914195358,0.4166666666666667,1.2345745704538462,0.8888888888888888,0.1403508771929824,3.284795321637427,,237,48,-0.1458178721495771,0.3206751054852321,1.373865169085593,0.5,0.2456140350877192,1.9166666666666667,0.249
2026-10-01,New Mexico State,Conference USA,2026,272,45,0.1213122009194807,0.4375,1.3972786327176543,0.6842105263157895,0.1680672268907563,3.0445378151260503,,265,46,0.1575577571907399,0.4226415094339623,1.2299566428818016,0.8888888888888888,0.1865671641791045,3.155970149253731,0.121
2026-10-01,North Carolina,ACC,2026,182,30,0.1180247926500402,0.4835164835164835,1.037750541807011,0.7777777777777778,0.125,3.871590909090909,,206,32,-0.0188311190592386,0.3932038834951456,1.0238332099979035,0.875,0.1224489795918367,2.9397959183673468,0.141
2026-10-01,North Dakota State,Mountain West,2026,260,41,0.156824607490598,0.4,1.4137345404833734,0.6923076923076923,0.1907894736842105,2.8263157894736843,,240,42,-0.1560976801881319,0.3916666666666666,1.024351033572395,0.7142857142857143,0.1796875,2.64609375,0.183
2026-10-01,Northern Illinois,Mountain West,2026,265,46,-0.1206541817533527,0.3622641509433962,1.1902069954238734,0.7647058823529411,0.2095238095238095,2.56,,268,45,0.1585638897780007,0.4440298507462686,1.3225028869796789,0.5789473684210527,0.2015503875968992,2.902325581395349,0.127
2026-10-01,North Texas,American Athletic,2026,291,45,0.3186337210535019,0.5051546391752577,1.280100723700839,0.75,0.1654676258992805,3.271223021582734,,254,45,0.1185632299578048,0.4448818897637795,1.225846037457078,0.7037037037037037,0.1959459459459459,2.483108108108108,0.15
2026-10-01,Northwestern,Big Ten,2026,188,33,0.3044830002648179,0.4627659574468085,1.294453920932533,0.8181818181818182,0.19,2.835,,222,34,0.0830962319140081,0.4414414414414414,1.1199703529662888,0.5909090909090909,0.1415094339622641,3.429245283018868,0.162
2026-10-01,Notre Dame,FBS Independents,2026,258,41,0.3327825616141368,0.5155038759689923,1.115505324177074,0.7619047619047619,0.1532846715328467,2.9430656934306567,,225,42,-0.1193278158524432,0.3422222222222222,1.1379848670959165,0.7333333333333333,0.2232142857142857,2.321428571428572,0.24
2026-10-01,Ohio,Mid-American,2026,265,41,0.2225986835635769,0.4415094339622641,1.2573276583540105,0.8636363636363636,0.1006711409395973,3.565771812080537,,257,40,0.2762327564711109,0.4319066147859922,1.3809726244356877,0.7619047619047619,0.2091503267973856,2.832679738562092,0.158
2026-10-01,Ohio State,Big Ten,2026,271,46,0.3936935013034291,0.5239852398523985,1.3415050395555912,0.782608695652174,0.1679389312977099,3.200763358778626,,269,47,-0.0806227300643233,0.3531598513011152,1.2113439846486092,0.6666666666666666,0.1935483870967742,2.7911290322580644,0.208
2026-10-01,Oklahoma,SEC,2026,255,47,-0.0452290406323805,0.392156862745098,1.1117720724855946,0.4615384615384615,0.2230769230769231,2.603076923076923,,227,48,-0.1821721326277581,0.3039647577092511,1.2353158782344913,0.5833333333333334,0.1937984496124031,2.3635658914728683,0.216
2026-10-01,Oklahoma State,Big 12,2026,320,51,0.1614321018344184,0.490625,1.108175371954534,0.64,0.1717791411042944,3.22638036809816,,252,48,-0.0297343112079879,0.373015873015873,1.1584523445777564,0.6111111111111112,0.1666666666666666,3.0819444444444444,0.163
2026-10-01,Old Dominion,Sun Belt,2026,239,52,-0.1003869660045513,0.309623430962343,1.4828704323220148,0.3,0.3149606299212598,1.6125984251968504,,298,50,-0.016677350370655,0.3389261744966443,1.2419565580498635,0.6190476190476191,0.2229299363057325,2.388535031847134,0.164
2026-10-01,Ole Miss,SEC,2026,276,45,0.2516716816251639,0.5181159420289855,1.1622157256130825,0.76,0.175438596491228,2.9350877192982456,,276,45,0.2245004693490552,0.4710144927536231,1.1445332345829773,0.8181818181818182,0.217391304347826,2.9,0.13
2026-10-01,Oregon,Big Ten,2026,289,49,0.3282973751105438,0.4775086505190311,1.4144341938067029,0.8095238095238095,0.1221374045801526,3.3595419847328243,,268,51,-0.0033032965298358,0.373134328358209,1.2391364139667749,0.75,0.1848739495798319,2.684873949579832,0.157
2026-10-01,Oregon State,Pac-12,2026,273,48,0.2550130773471846,0.4249084249084249,1.4547518674764726,0.7777777777777778,0.1075268817204301,3.197849462365592,,288,48,0.0915926457031756,0.4131944444444444,1.09253689194952,0.7619047619047619,0.1347517730496454,3.041843971631206,0.167
2026-10-01,Penn State,Big Ten,2026,275,49,0.2196166637876923,0.4181818181818181,1.2991505807934227,0.7272727272727273,0.1363636363636363,2.835064935064936,,241,49,-0.1028464617099202,0.3153526970954357,1.1707435850065595,0.6666666666666666,0.2288135593220339,2.528813559322034,0.195
2026-10-01,Pittsburgh,ACC,2026,292,46,0.2943639349679869,0.4965753424657534,1.2493195690476524,0.631578947368421,0.1824817518248175,3.3094890510948907,,240,47,-0.1071948228174938,0.2875,1.3794468878643993,0.5384615384615384,0.3195876288659793,1.777319587628866,0.179
2026-10-01,Purdue,Big Ten,2026,286,43,0.2365211519030919,0.465034965034965,1.1982918041307935,0.7894736842105263,0.1587301587301587,3.026984126984127,,258,42,0.3513327561651305,0.5,1.3659642219553176,0.7619047619047619,0.1510791366906475,3.3194244604316547,0.14
2026-10-01,Rice,American Athletic,2026,255,41,0.0691974796983056,0.4470588235294118,1.1181303414793926,0.8,0.131578947368421,3.3526315789473684,,261,40,0.1367631629709163,0.4291187739463601,1.2894367024813602,0.6470588235294118,0.1843971631205673,2.7659574468085104,0.146
2026-10-01,Rutgers,Big Ten,2026,274,45,0.1351379441326351,0.4817518248175182,1.3008484357582824,0.7,0.1605839416058394,3.132846715328468,,241,45,0.1490536394191173,0.4356846473029045,1.2021303791777804,0.75,0.2,3.0024,0.137
2026-10-01,Sacramento State,Mid-American,2026,349,61,-0.0609868513536955,0.4183381088825215,1.0051274745930112,0.75,0.2517006802721088,2.691156462585034,,303,61,0.1251483777953684,0.3597359735973597,1.4167688855611529,0.5,0.1801242236024844,2.9118012422360247,0.122
2026-10-01,Sam Houston,Conference USA,2026,280,54,0.1016307759362851,0.4392857142857143,1.282968570198587,0.6111111111111112,0.2105263157894736,2.799122807017544,,263,53,0.0652504267585481,0.3878326996197718,1.258775468670316,0.7368421052631579,0.2027972027972027,3.074825174825175,0.224
2026-10-01,San Diego State,Pac-12,2026,268,49,-0.0852206820207657,0.3470149253731343,1.143302536745483,0.5454545454545454,0.2027972027972027,2.93986013986014,,294,51,0.0970600892086255,0.4421768707482993,1.049073021585473,0.85,0.1111111111111111,3.3932098765432097,0.099
2026-10-01,San José State,Mountain West,2026,283,52,0.0822088440580657,0.3957597173144876,1.2244504887603835,0.5714285714285714,0.1860465116279069,3.182170542635659,,287,52,0.0660974308409856,0.4355400696864111,1.0704314495810316,0.8333333333333334,0.1693548387096774,2.9306451612903226,0.136
2026-10-01,SMU,ACC,2026,282,49,0.2505945394923168,0.5177304964539007,1.250407687833359,0.6521739130434783,0.1641791044776119,3.038805970149254,,255,49,0.0228819454317753,0.3607843137254902,1.3165258941517095,0.3888888888888889,0.2131147540983606,2.7016393442622952,0.204
2026-10-01,South Alabama,Sun Belt,2026,308,45,0.1738784302846758,0.4188311688311688,1.301705588252744,0.7916666666666666,0.1206896551724138,3.182183908045977,,218,44,0.2794913126280899,0.4862385321100917,1.4604998123440105,0.6,0.1743119266055046,3.2302752293577983,0.179
2026-10-01,South Carolina,SEC,2026,296,47,0.2274134853820786,0.4763513513513513,1.227748995044518,0.7894736842105263,0.1298701298701298,3.722077922077922,,235,49,0.1513947512284183,0.3617021276595745,1.5563246749462596,0.6363636363636364,0.2429906542056074,2.2934579439252336,0.136
2026-10-01,Southern Miss,Sun Belt,2026,286,50,0.0628041382253729,0.43006993006993,1.1245900900724308,0.8421052631578947,0.0895522388059701,3.582089552238806,,298,52,0.1229083059122737,0.4060402684563758,1.273100753228961,0.7058823529411765,0.1802325581395348,3.1965116279069767,0.131
2026-10-01,South Florida,American Athletic,2026,233,42,0.2342182558476962,0.5150214592274678,1.149104510634511,0.8333333333333334,0.2,3.086923076923077,,262,40,-0.019586743250476,0.4083969465648855,0.9548901611974214,0.6,0.2720588235294117,2.4338235294117645,0.183
2026-10-01,Stanford,ACC,2026,272,47,0.1301172975555827,0.3933823529411764,1.248801548847813,0.7692307692307693,0.2123893805309734,2.7601769911504426,,288,48,0.2809495330232194,0.4583333333333333,1.3772308807018945,0.8125,0.1450381679389313,3.2221374045801525,0.128
2026-10-01,Syracuse,ACC,2026,238,36,0.0383775209160952,0.3991596638655462,1.3301522483231214,0.8,0.2201834862385321,2.851376146788991,,183,36,-0.1262747420529368,0.360655737704918,1.0874549775292308,0.75,0.2333333333333333,2.628888888888889,0.186
2026-10-01,TCU,Big 12,2026,279,45,0.1743017536747533,0.4623655913978494,1.2397779030198528,0.8421052631578947,0.1641791044776119,3.029850746268657,,223,45,-0.1214499889916723,0.3677130044843049,0.9254213349664208,0.5625,0.2105263157894736,2.543859649122807,0.179
2026-10-01,Temple,American Athletic,2026,246,39,0.2370807984058004,0.4349593495934959,1.3008852495026937,0.7272727272727273,0.1688311688311688,3.3279220779220777,,267,41,0.2089281821128156,0.4569288389513108,1.2018661626278426,0.7692307692307693,0.1103448275862069,2.883448275862069,0.109
2026-10-01,Tennessee,SEC,2026,287,47,0.2236841142285554,0.4564459930313589,1.207898514661567,0.8333333333333334,0.1377245508982036,3.5401197604790418,,257,48,-0.0856758886483352,0.357976653696498,1.0637533560326713,0.75,0.1913043478260869,3.031304347826087,0.218
2026-10-01,Texas,SEC,2026,290,44,0.1104131850879861,0.4551724137931034,1.1433060036315157,0.75,0.1830065359477124,2.8176470588235296,,260,46,-0.0556422453013244,0.35,1.0937901963041747,0.7333333333333333,0.1984126984126984,2.553968253968254,0.206
2026-10-01,Texas A&M,SEC,2026,298,49,0.0428790091101992,0.4429530201342282,1.074106760444335,0.85,0.1655172413793103,3.2158620689655173,,226,49,0.0331879286837532,0.3849557522123893,1.3073162492473576,0.7142857142857143,0.1788617886178861,2.7642276422764227,0.177
2026-10-01,Texas State,Pac-12,2026,291,46,0.3050319495653666,0.4948453608247423,1.3236959115185674,0.6666666666666666,0.1388888888888889,3.267777777777778,,321,45,0.14815469034618,0.4610591900311526,1.222711994933702,0.5909090909090909,0.25,2.50234375,0.159
2026-10-01,Texas Tech,Big 12,2026,277,50,0.2716926774628476,0.5054151624548736,1.1544594558533718,0.7741935483870968,0.1768707482993197,3.286394557823129,,278,51,0.0027516365869861,0.3525179856115107,1.3764562758271992,0.6666666666666666,0.1941747572815534,2.962135922330097,0.183
2026-10-01,Toledo,Mid-American,2026,264,46,0.2692070530829725,0.4469696969696969,1.5268612805080706,0.6666666666666666,0.1703703703703703,3.077037037037037,,289,50,-0.0234163946418609,0.3252595155709342,1.3015912181864564,0.3888888888888889,0.2068965517241379,2.6206896551724137,0.135
2026-10-01,Troy,Sun Belt,2026,292,52,0.0231672306939523,0.3801369863013699,1.3132704234201762,0.631578947368421,0.238095238095238,2.673469387755102,,242,51,0.0357678186828529,0.371900826446281,1.3182035990042773,0.6,0.2589285714285714,2.34375,0.182
2026-10-01,Tulane,American Athletic,2026,245,46,0.1027892733616215,0.3428571428571428,1.5134249575371927,0.75,0.2177419354838709,2.5725806451612905,,283,47,0.1714864191445664,0.3957597173144876,1.3057172965646036,0.7692307692307693,0.1623376623376623,3.0863636363636364,0.11
2026-10-01,Tulsa,American Athletic,2026,257,46,0.1174521232942749,0.4046692607003891,1.1418641053581682,0.9285714285714286,0.1212121212121212,3.2954545454545454,,306,48,-0.0697187405885413,0.3856209150326797,1.0352545596334677,0.6190476190476191,0.1923076923076923,2.8384615384615386,0.147
2026-10-01,UAB,American Athletic,2026,265,40,0.0504175692051148,0.4226415094339623,1.1850191816604738,0.7391304347826086,0.1589403973509933,3.137086092715232,,249,41,0.0530389487994697,0.4497991967871486,1.044312307132658,0.7037037037037037,0.1242603550295858,3.429585798816568,0.157
2026-10-01,UCF,Big 12,2026,227,47,0.1185016084534972,0.4361233480176211,1.2064484831671314,0.8,0.171875,3.0515625,,289,50,-0.0474297690256288,0.3425605536332179,1.2745480395464972,0.625,0.2408759124087591,2.290510948905109,0.173
2026-10-01,UCLA,Big Ten,2026,265,52,0.2871271589042288,0.4943396226415094,1.253304393370694,0.8421052631578947,0.0955414012738853,3.974522292993631,,275,52,-0.1271006250909647,0.3272727272727272,1.3466484258816014,0.8333333333333334,0.25,2.36484375,0.185
2026-10-01,UConn,FBS Independents,2026,260,48,0.2306111216349001,0.4346153846153846,1.421161467026787,0.6666666666666666,0.1678832116788321,3.2386861313868613,,290,48,0.0190890114175953,0.3862068965517241,1.255302889472952,0.6111111111111112,0.211864406779661,2.6483050847457625,0.169
2026-10-01,UL Monroe,Sun Belt,2026,271,49,-0.0521970985816796,0.4022140221402214,1.119088950147427,0.5714285714285714,0.1515151515151515,2.9681818181818183,,295,45,0.307734707357127,0.5084745762711864,1.2145291051896507,0.7777777777777778,0.1614906832298136,3.4180124223602486,0.115
2026-10-01,UNLV,Mountain West,2026,281,47,0.0529135687229341,0.3843416370106761,1.218802792211778,0.6666666666666666,0.1301369863013698,3.219178082191781,,267,46,0.0757099267106491,0.4044943820224719,1.154460009886671,0.8333333333333334,0.1328125,3.60625,0.161
2026-10-01,USC,Big Ten,2026,361,49,0.3069791509788038,0.5346260387811634,1.1871419897756952,0.7931034482758621,0.1675977653631284,3.2675977653631283,,294,50,0.1911762367341543,0.4217687074829932,1.3627008216470935,0.7619047619047619,0.1928571428571428,2.587142857142857,0.116
2026-10-01,Utah,Big 12,2026,274,47,0.3282820760821432,0.5072992700729927,1.321318380196454,0.7391304347826086,0.1946308724832214,3.479194630872484,,270,46,-0.0735851246794686,0.3185185185185185,1.3365530299488966,0.5,0.2037037037037037,2.6324074074074075,0.204
2026-10-01,Utah State,Pac-12,2026,263,48,-0.0708893349501767,0.3612167300380228,1.3151104107661504,0.3,0.2083333333333333,3.0741666666666667,,296,49,0.0205473295697093,0.4054054054054054,1.1334625370017768,0.7368421052631579,0.216,2.6024,0.135
2026-10-01,UTEP,Mountain West,2026,226,46,-0.1789529945845772,0.3672566371681416,1.0920230579450805,0.5,0.2403100775193798,2.5155038759689923,,254,44,0.2519532316649529,0.4724409448818897,1.209405487157074,0.6666666666666666,0.2230215827338129,2.969064748201439,0.126
2026-10-01,UTSA,American Athletic,2026,253,47,0.2677312353147179,0.4743083003952569,1.1110555464614322,0.85,0.1721311475409836,3.0754098360655737,,324,49,0.0767385229095977,0.4320987654320987,1.1351715792496355,0.65,0.124223602484472,3.2801242236024843,0.128
2026-10-01,Vanderbilt,SEC,2026,272,44,0.0819511053844754,0.4154411764705882,1.1804248820976369,0.7727272727272727,0.150375939849624,3.049624060150376,,254,46,-0.038881080317215,0.3503937007874015,1.335704318735286,0.7894736842105263,0.2,2.5391666666666666,0.185
2026-10-01,Virginia,ACC,2026,294,48,0.2839613025941832,0.4761904761904761,1.2153800243675332,0.8695652173913043,0.1333333333333333,3.37030303030303,,243,49,-0.1438309996831005,0.3333333333333333,0.9549871317399172,0.6923076923076923,0.1875,2.890625,0.198
2026-10-01,Virginia Tech,ACC,2026,316,47,0.2411869079751236,0.4841772151898734,1.2049350305991204,0.75,0.2,2.9941935483870967,,236,49,-0.0300638626116558,0.3305084745762712,1.3088079116373943,0.5714285714285714,0.4033613445378151,0.9857142857142858,0.267
2026-10-01,Wake Forest,ACC,2026,263,43,0.2795290723573947,0.4524714828897338,1.3054103408047757,0.55,0.1463414634146341,3.138211382113821,,297,45,0.1599441060796813,0.468013468013468,1.053755124854973,0.7,0.213235294117647,2.865441176470588,0.128
2026-10-01,Washington,Big Ten,2026,258,48,0.15112737958888,0.4457364341085271,1.2071784289896446,0.6153846153846154,0.2211538461538461,2.815384615384616,,256,48,-0.1484497146409843,0.34375,1.1611078296141866,0.3333333333333333,0.3053435114503817,2.3229007633587786,0.203
2026-10-01,Washington State,Pac-12,2026,244,45,-0.0366358358008768,0.3647540983606557,1.2647698442901227,0.6,0.2338709677419354,2.7588709677419354,,269,50,0.02303930738803,0.4052044609665427,1.251520290806126,0.7857142857142857,0.1791044776119403,2.955223880597015,0.126
2026-10-01,Western Kentucky,Conference USA,2026,285,51,0.0058548357460895,0.375438596491228,1.261485061133344,0.7142857142857143,0.2391304347826087,2.694927536231884,,258,49,0.303193128254945,0.4457364341085271,1.4598047565949013,0.85,0.144927536231884,3.5043478260869567,0.128
2026-10-01,Western Michigan,Mid-American,2026,245,43,0.0932467103303505,0.4,1.1669538657117555,0.7368421052631579,0.1666666666666666,2.869565217391304,,269,42,0.0986364237620099,0.4646840148698885,1.0252938595964052,0.72,0.1721854304635761,3.050993377483444,0.108
2026-10-01,West Virginia,Big 12,2026,296,50,0.1843012712918257,0.4493243243243243,1.2051735144261049,0.72,0.1351351351351351,3.247297297297297,,280,49,0.1240737919269014,0.4428571428571428,1.1805781326261695,0.7058823529411765,0.2028985507246377,2.9021739130434785,0.154
2026-10-01,Wisconsin,Big Ten,2026,246,42,0.1421749236968496,0.4227642276422764,1.3906443777637447,0.5625,0.1538461538461538,2.947863247863248,,259,44,-0.0506600591877439,0.3397683397683397,1.0416128697736369,0.7222222222222222,0.1052631578947368,2.9278195488721805,0.162
2026-10-01,Wyoming,Mountain West,2026,241,40,0.1562028838199938,0.4605809128630705,1.0884041679703076,1.0,0.1395348837209302,3.555813953488372,,262,39,0.1233751116920913,0.4427480916030534,1.0905242728591087,0.9230769230769232,0.1448275862068965,3.263448275862069,0.13
2026-10-02,Air Force,Mountain West,2026,233,32,0.2974661943078536,0.4892703862660944,1.0827490054179236,0.8076923076923077,0.0684210526315789,3.83578947368421,,173,32,0.0044006018899963,0.3468208092485549,1.4301750176820658,0.6666666666666666,0.2159090909090909,2.8659090909090907,0.15
2026-10-02,Akron,Mid-American,2026,262,46,0.0198381596663593,0.4427480916030534,0.9809070069767836,0.8181818181818182,0.1304347826086956,3.6191304347826088,,246,46,0.2413347785414639,0.4308943089430894,1.3716863805017796,0.6875,0.188034188034188,2.8905982905982905,0.15
2026-10-02,Alabama,SEC,2026,267,47,0.3266426615528703,0.4943820224719101,1.3316067628050767,0.7777777777777778,0.2094594594594594,2.992567567567568,,249,49,-0.0979791717634725,0.3413654618473896,1.3820358753940611,0.5625,0.2436974789915966,2.1983193277310926,0.189
2026-10-02,App State,Sun Belt,2026,288,48,0.2375017412396011,0.4548611111111111,1.3124452763172334,0.6666666666666666,0.2388059701492537,2.576865671641791,,272,47,0.0798890370195323,0.4227941176470588,1.1322274576006577,0.8421052631578947,0.2265625,2.6203125,0.176
2026-10-02,Arizona,Big 12,2026,280,46,0.213015775387715,0.5,1.1510787926944033,0.85,0.1176470588235294,3.534453781512605,,250,43,0.001696313309385,0.352,1.4149125290095736,1.0,0.2526315789473684,2.5894736842105264,0.168
2026-10-02,Arizona State,Big 12,2026,202,40,0.058158540254411,0.4158415841584158,1.3964621633387664,0.7777777777777778,0.1981132075471698,2.689622641509434,,189,39,0.0225517463198268,0.3703703703703703,1.1790414583455835,0.6363636363636364,0.1489361702127659,2.907446808510638,0.159
2026-10-02,Arkansas,SEC,2026,306,46,0.0487704291571512,0.4215686274509804,1.1175130223447418,0.8421052631578947,0.1811023622047244,2.578740157480315,,229,46,0.1584979574626104,0.4323144104803493,1.109799606067956,0.875,0.1504424778761062,3.225663716814159,0.144
2026-10-02,Arkansas State,Sun Belt,2026,235,40,0.151722200567074,0.4851063829787234,1.147182168803558,0.7391304347826086,0.1463414634146341,3.370731707317073,,256,43,0.1608416764111734,0.453125,1.2437369661354392,0.7619047619047619,0.1360544217687075,3.3891156462585035,0.125
2026-10-02,Army,American Athletic,2026,202,30,0.3652410716663139,0.5495049504950495,1.0285346811738048,0.8888888888888888,0.0969696969696969,3.826666666666666,,162,29,0.1890381995867541,0.4382716049382716,1.2445339834418143,0.75,0.188235294117647,3.274117647058824,0.13
2026-10-02,Auburn,SEC,2026,285,45,0.1190946320571405,0.4280701754385965,1.267789889039531,0.8666666666666667,0.1521739130434782,3.2782608695652176,,317,46,-0.009012568565795,0.3753943217665615,1.213542730131642,0.6818181818181818,0.1854304635761589,2.5688741721854305,0.155
2026-10-02,Ball State,Mid-American,2026,246,46,0.0472372891980362,0.3373983739837398,1.4167354936497174,0.8888888888888888,0.2142857142857142,2.5419642857142857,,270,44,0.3245174494482526,0.4518518518518518,1.4552780962608534,0.7777777777777778,0.1884057971014492,3.010144927536232,0.119
2026-10-02,Baylor,Big 12,2026,329,55,0.0920261789984317,0.4012158054711246,1.2626771043945284,0.7368421052631579,0.16875,2.938125,,290,53,-0.1150677145226885,0.3206896551724137,1.139479400538103,0.4,0.264,2.5032,0.214
2026-10-02,Boise State,Pac-12,2026,290,45,0.2951432031136631,0.5,1.1533594709235888,0.7619047619047619,0.1488095238095238,3.504166666666667,,219,46,0.0193550406163336,0.3561643835616438,1.662621788848783,0.8,0.2840909090909091,2.4693181818181817,0.192
2026-10-02,Boston College,ACC,2026,262,48,-0.0317852463996717,0.3893129770992366,1.163530181972362,0.6875,0.2517985611510791,2.846762589928057,,276,46,0.0018121895071706,0.394927536231884,1.2373410366856836,0.65,0.1948051948051948,3.015584415584416,0.174
2026-10-02,Bowling Green,Mid-American,2026,232,45,-0.1154144721078505,0.3362068965517241,0.9581163924687428,0.7272727272727273,0.246031746031746,2.430952380952381,,242,42,0.2273308743347902,0.4917355371900826,1.294370808726625,0.7391304347826086,0.1689189189189189,3.4364864864864866,0.12
2026-10-02,Buffalo,Mid-American,2026,306,56,0.0003070626769482,0.3333333333333333,1.2190083433359715,0.8,0.1923076923076923,2.703846153846154,,276,55,0.1161623627988776,0.3659420289855072,1.4454634719206607,0.625,0.1923076923076923,3.039230769230769,0.152
2026-10-02,BYU,Big 12,2026,187,34,0.4480384250707043,0.5989304812834224,1.15738475313615,0.9411764705882352,0.1217391304347826,3.9521739130434783,,187,33,-0.0606163601926305,0.3689839572192513,1.1821843427834813,0.7692307692307693,0.2236842105263158,2.4105263157894736,0.171
2026-10-02,California,ACC,2026,278,47,0.0068658545828788,0.4028776978417266,1.193366273108296,0.6666666666666666,0.2051282051282051,2.818803418803419,,268,49,0.0144199249857662,0.3694029850746269,1.3408408208913778,0.8888888888888888,0.1450381679389313,3.1595419847328245,0.131
2026-10-02,Central Michigan,Mid-American,2026,228,41,0.0001570736377874,0.3508771929824561,1.195933983562599,0.8260869565217391,0.1292517006802721,3.180952380952381,,264,40,0.1659476920764217,0.4734848484848485,1.1175277807603152,0.9333333333333332,0.1353383458646616,3.5338345864661656,0.144
2026-10-02,Charlotte,American Athletic,2026,243,46,-0.095306802260871,0.3621399176954732,1.0598862867138024,0.5714285714285714,0.2788461538461538,2.3836538461538463,,284,48,0.1652303849654907,0.4718309859154929,1.180794147263004,0.8,0.2466666666666666,2.793333333333333,0.137
2026-10-02,Cincinnati,Big 12,2026,270,47,0.3625587101785252,0.4962962962962963,1.3054500850438453,0.8333333333333334,0.1320754716981132,3.677358490566038,,270,45,0.1018863265361351,0.4148148148148148,1.2050266527429307,0.6666666666666666,0.1785714285714285,3.216964285714285,0.163
2026-10-02,Clemson,ACC,2026,260,51,-0.0269265979383388,0.3423076923076923,1.1750750803164596,0.8,0.2105263157894736,2.7639097744360903,,288,47,0.0174843174833074,0.4097222222222222,1.1883693200608123,0.7272727272727273,0.1287878787878787,3.459090909090909,0.163
2026-10-02,Coastal Carolina,Sun Belt,2026,262,48,0.1574895351334629,0.4122137404580153,1.4290556129612535,0.6923076923076923,0.1774193548387097,3.4137096774193547,,264,51,0.0945429582692246,0.4507575757575757,0.9393216637344016,0.8095238095238095,0.1234567901234567,3.182098765432099,0.148
2026-10-02,Colorado,Big 12,2026,294,51,0.0591230804472788,0.3979591836734694,1.2023639115726048,0.6190476190476191,0.1438356164383561,3.132876712328767,,283,52,0.0074155068222096,0.381625441696113,1.2071586134840042,0.6470588235294118,0.316546762589928,2.3697841726618707,0.201
2026-10-02,Colorado State,Pac-12,2026,283,49,0.2701253320513743,0.4381625441696113,1.5117720395729728,0.8,0.2016806722689075,2.615966386554622,,253,50,0.1627944546234717,0.4624505928853755,1.1979105495251043,0.8888888888888888,0.1578947368421052,3.395394736842105,0.182
2026-10-02,Delaware,Conference USA,2026,262,50,0.0363583731199684,0.3893129770992366,1.2666365578672474,0.6470588235294118,0.208695652173913,2.717391304347826,,294,49,0.0795807976162017,0.3877551020408163,1.312462276507268,0.8333333333333334,0.1496062992125984,2.9031496062992126,0.184
2026-10-02,Duke,ACC,2026,280,47,0.294948176306143,0.4464285714285714,1.3269095790530947,0.75,0.1607142857142857,3.322619047619048,,235,46,-0.0641343541677386,0.3531914893617021,1.0706329307840854,0.7,0.1717171717171717,2.623232323232324,0.183
2026-10-02,East Carolina,American Athletic,2026,242,51,0.0562861690961719,0.4008264462809917,1.1660351080207183,0.7272727272727273,0.1965811965811965,2.430769230769231,,288,53,-0.0177457575397499,0.3541666666666667,1.3129262260057688,0.5833333333333334,0.2909090909090909,2.2515151515151515,0.194
2026-10-02,Eastern Michigan,Mid-American,2026,326,56,-0.0156919484314141,0.3711656441717791,1.1429077693263077,0.8,0.1678832116788321,2.894890510948905,,332,56,0.1116686422231846,0.4096385542168674,1.252969230106893,0.6956521739130435,0.1870967741935484,2.9696774193548388,0.179
2026-10-02,Florida,SEC,2026,285,45,0.4126226036434,0.5157894736842106,1.3024360786248743,1.0,0.1329479768786127,3.232369942196532,,289,49,-0.0359264204391501,0.4048442906574394,1.1456211335713724,0.7222222222222222,0.109090909090909,3.0463636363636364,0.204
2026-10-02,Florida Atlantic,American Athletic,2026,330,46,0.1423494862502445,0.4363636363636363,1.1506194104987235,0.7931034482758621,0.1666666666666666,2.746,,259,46,0.208847092454067,0.4054054054054054,1.542679050290743,0.8571428571428571,0.1908396946564885,2.8053435114503817,0.158
2026-10-02,Florida International,Conference USA,2026,294,43,0.0091606332385208,0.391156462585034,1.2069907538933642,0.7894736842105263,0.1804511278195488,2.8263157894736843,,249,41,-0.0037860460491193,0.3373493975903614,1.1588398912972853,0.6666666666666666,0.2184873949579832,2.23109243697479,0.177
2026-10-02,Florida State,ACC,2026,249,43,0.2471089473000573,0.4337349397590361,1.5262338322945703,0.5625,0.1521739130434782,3.1956521739130435,,276,42,0.2194191845903798,0.4347826086956521,1.3496313678774807,0.9285714285714286,0.1796875,3.01015625,0.156
2026-10-02,Fresno State,Pac-12,2026,249,48,0.1151643838601097,0.3694779116465863,1.4282421329421429,0.5,0.265625,2.559375,,270,46,0.0102813972130214,0.4444444444444444,1.1267273774219355,0.65,0.2083333333333333,2.9319444444444445,0.156
2026-10-02,Georgia,SEC,2026,242,52,0.425141118715048,0.5330578512396694,1.3009361261871628,0.8823529411764706,0.119047619047619,3.6912698412698415,,266,53,-0.1433071138066464,0.3308270676691729,1.0915867971634323,0.5454545454545454,0.2155172413793103,2.030172413793103,0.188
2026-10-02,Georgia Southern,Sun Belt,2026,285,46,0.1025882072554569,0.4175438596491228,1.1710175151488371,0.75,0.1376146788990825,3.079816513761468,,255,46,0.0856115488104654,0.3725490196078431,1.1753901259733148,0.6666666666666666,0.25,2.5453125,0.188
2026-10-02,Georgia State,Sun Belt,2026,286,48,0.2513156708882154,0.479020979020979,1.295771495143261,0.631578947368421,0.1764705882352941,3.3006535947712417,,242,46,0.0244660986342558,0.3801652892561983,1.293567067031015,1.0,0.209090909090909,3.090909090909091,0.178
2026-10-02,Georgia Tech,ACC,2026,260,42,0.1413445218881044,0.4423076923076923,1.2208778751676497,0.7058823529411765,0.2016129032258064,3.074193548387097,,281,44,0.1552695286200172,0.4128113879003559,1.2672318275370569,0.6842105263157895,0.1705882352941176,2.906470588235294,0.16
2026-10-02,Hawai'i,Mountain West,2026,297,45,0.0416255936104027,0.3838383838383838,1.1248847728792668,0.8,0.1752577319587628,3.138144329896907,,268,45,0.2126961152776523,0.4664179104477612,1.2265552991957558,0.75,0.1103448275862069,3.4372413793103447,0.134
2026-10-02,Houston,Big 12,2026,280,42,0.4389037467900525,0.5785714285714286,1.1226958500408188,0.8571428571428571,0.0993788819875776,3.9037267080745344,,246,44,0.0993436395008436,0.3943089430894309,1.3601297167430575,0.6428571428571429,0.2142857142857142,2.318367346938776,0.211
2026-10-02,Illinois,Big Ten,2026,246,38,0.2838635684857444,0.516260162601626,1.2731488300867524,0.6666666666666666,0.1140350877192982,3.450877192982456,,274,38,0.1929731050253859,0.4452554744525547,1.2692011344190497,0.782608695652174,0.2071428571428571,2.7664285714285715,0.131
2026-10-02,Indiana,Big Ten,2026,247,42,0.4206054896605618,0.5101214574898786,1.3819184765929695,0.72,0.1184210526315789,3.506578947368421,,237,43,-0.1068862873941866,0.2995780590717299,1.4207399529810825,0.5,0.2363636363636363,2.2618181818181817,0.198
2026-10-02,Iowa,Big Ten,2026,263,47,0.1722626694786382,0.4296577946768061,1.2788259382836886,0.5294117647058824,0.1317829457364341,3.4953488372093022,,243,50,-0.1447049947966999,0.3004115226337449,1.0382181567882602,0.7272727272727273,0.1932773109243697,2.604201680672269,0.173
2026-10-02,Iowa State,Big 12,2026,241,46,0.1173283873098131,0.3817427385892116,1.3341665352943148,0.5833333333333334,0.1901408450704225,2.992957746478873,,243,49,-0.0377459974123877,0.3703703703703703,1.092834908105983,0.7,0.1984732824427481,2.576335877862596,0.177
2026-10-02,Jacksonville State,Conference USA,2026,308,48,0.2039256783625617,0.4805194805194805,1.191970068015468,0.8148148148148148,0.1757575757575757,3.1224242424242425,,324,47,0.038705259371239,0.4228395061728395,1.0462276584798134,0.84,0.1711229946524064,2.9149732620320856,0.155
2026-10-02,James Madison,Sun Belt,2026,269,49,0.2932294132681108,0.4758364312267658,1.2229988166501045,0.7727272727272727,0.1538461538461538,3.230769230769231,,287,53,-0.1968722169622853,0.2752613240418118,1.3802235120846753,0.8181818181818182,0.1956521739130435,2.368840579710145,0.178
2026-10-02,Kansas,Big 12,2026,220,37,0.2017564194220655,0.4409090909090909,1.4288824563386082,0.5454545454545454,0.0991735537190082,3.268595041322314,,195,39,-0.0675022519168581,0.3076923076923077,1.2346084307154783,0.75,0.25,2.132142857142857,0.2
2026-10-02,Kansas State,Big 12,2026,296,45,0.3066555233089882,0.5135135135135135,1.2147288981652262,0.7619047619047619,0.1333333333333333,3.398,,223,45,-0.0393938286707073,0.3049327354260089,1.4953268179868435,0.4166666666666667,0.2558139534883721,2.5108527131782945,0.238
2026-10-02,Kennesaw State,Conference USA,2026,272,45,0.096840777192148,0.4595588235294117,1.0511684298734412,0.8181818181818182,0.1969696969696969,3.3136363636363635,,251,44,0.1510884092189516,0.4262948207171315,1.089390254669204,0.8571428571428571,0.1914893617021276,3.1602836879432625,0.108
2026-10-02,Kent State,Mid-American,2026,246,46,-0.028066761604708,0.3130081300813008,1.3677693927429808,0.6153846153846154,0.2230215827338129,2.7776978417266185,,249,47,0.2007096448695701,0.4738955823293173,1.2720519322498094,0.8421052631578947,0.1557377049180328,3.189344262295082,0.141
2026-10-02,Kentucky,SEC,2026,252,47,0.2358298815741157,0.5158730158730159,1.2028393571873282,0.7647058823529411,0.1555555555555555,3.46,,290,45,0.015506405315718,0.4172413793103448,1.1898726045681305,0.7777777777777778,0.168,2.8056,0.183
2026-10-02,Liberty,Conference USA,2026,266,46,0.1238041678120751,0.462406015037594,1.130723763744779,0.7619047619047619,0.1125,3.32375,,245,44,0.0393415978695765,0.3551020408163265,1.385914318599743,0.7272727272727273,0.2113821138211382,3.01869918699187,0.188
2026-10-02,Louisiana,Sun Belt,2026,273,46,0.1316892008453768,0.4249084249084249,1.1746644646175253,0.75,0.1829268292682926,3.0591463414634146,,242,45,-0.1664231215566407,0.396694214876033,0.9843056126444863,0.4615384615384615,0.2454545454545454,2.650909090909091,0.182
2026-10-02,Louisiana Tech,Sun Belt,2026,193,41,0.0147704176735784,0.3367875647668393,1.4428676625000247,0.5,0.2268041237113402,2.6484536082474226,,219,43,-0.0117915486855234,0.3470319634703196,1.305153941737421,0.6666666666666666,0.2301587301587301,2.063492063492064,0.242
2026-10-02,Louisville,ACC,2026,270,51,0.3444575245037248,0.5,1.3529614271567436,0.7222222222222222,0.1944444444444444,2.8090277777777777,,286,50,0.1064322421222068,0.4020979020979021,1.2382424769784324,0.5172413793103449,0.1208053691275167,3.0208053691275167,0.136
2026-10-02,LSU,SEC,2026,318,50,0.2358004202010531,0.4779874213836478,1.2822059615849353,0.72,0.1477272727272727,3.051704545454545,,241,52,-0.1658926506063978,0.3029045643153527,1.1840555424357224,0.7777777777777778,0.24,2.2,0.228
2026-10-02,Marshall,Sun Belt,2026,268,47,0.0881555190702176,0.417910447761194,1.2122594701835288,0.6842105263157895,0.2158273381294964,3.002158273381295,,269,42,0.3322744406018015,0.4721189591078067,1.3217694979067145,0.8125,0.152,3.276,0.119
2026-10-02,Maryland,Big Ten,2026,294,50,0.1316439063313339,0.4523809523809524,1.2391446102841337,0.7142857142857143,0.2338709677419354,2.882258064516129,,245,47,0.0291602901654721,0.3795918367346939,1.2211145537608818,0.7058823529411765,0.2265625,2.33359375,0.159
2026-10-02,Massachusetts,Mid-American,2026,220,44,0.279587129633783,0.45,1.2370342543322186,0.55,0.1407407407407407,3.52,,273,47,-0.1390494892059586,0.3663003663003663,1.0197492021941357,0.7058823529411765,0.2184873949579832,2.5672268907563023,0.161
2026-10-02,Memphis,American Athletic,2026,254,44,0.2620660130099108,0.4724409448818897,1.369827052932887,0.75,0.1478873239436619,3.4640845070422537,,275,45,0.1795247018535912,0.4181818181818181,1.399864399561085,0.8421052631578947,0.126865671641791,3.388805970149254,0.149
2026-10-02,Miami,ACC,2026,280,48,0.4415699454183274,0.5714285714285714,1.277780756396218,0.8125,0.1205673758865248,3.887234042553192,,228,45,-0.0487227377634526,0.3245614035087719,1.148798300609516,0.5714285714285714,0.2702702702702703,2.152702702702703,0.162
2026-10-02,Miami (OH),Mid-American,2026,235,41,0.2392133994564105,0.4297872340425532,1.4261825887036177,0.6666666666666666,0.2123893805309734,2.870796460176991,,260,44,0.1791297766665445,0.45,1.3157571806365698,0.7777777777777778,0.2169811320754717,2.860377358490566,0.104
2026-10-02,Michigan,Big Ten,2026,246,41,0.1642152654603846,0.4349593495934959,1.173524584863374,0.75,0.1267605633802817,3.170422535211268,,241,43,-0.0898447710039574,0.3112033195020747,1.1999127964530778,0.7142857142857143,0.2231404958677686,2.628099173553719,0.178
2026-10-02,Michigan State,Big Ten,2026,266,39,0.0329269647763021,0.4436090225563909,1.0821258780858587,0.7142857142857143,0.204225352112676,2.922535211267605,,232,39,0.1512322810867221,0.4267241379310345,1.2341667069367308,0.631578947368421,0.2601626016260163,2.759349593495935,0.151
2026-10-02,Middle Tennessee,Conference USA,2026,247,38,0.1976698280857266,0.4251012145748988,1.1708755822401458,0.7333333333333333,0.1333333333333333,3.497142857142857,,239,41,0.1010200373108427,0.4518828451882845,1.1198683826265927,0.7241379310344828,0.1764705882352941,3.092647058823529,0.117
2026-10-02,Minnesota,Big Ten,2026,266,46,0.1289436598515095,0.4699248120300752,1.0915976846870952,0.64,0.2413793103448276,2.4982758620689656,,230,48,0.0412178425950239,0.3695652173913043,1.204534550102037,0.5714285714285714,0.2702702702702703,2.68018018018018,0.237
2026-10-02,Mississippi State,SEC,2026,289,47,0.3832712107338231,0.5121107266435986,1.3196692356478494,0.8235294117647058,0.2013422818791946,3.344295302013423,,292,46,0.0181230583679951,0.3732876712328767,1.1429895601280653,0.6,0.1583333333333333,2.910833333333333,0.182
2026-10-02,Missouri,SEC,2026,280,51,0.1991046920861861,0.4357142857142857,1.237778594341354,0.6923076923076923,0.1724137931034483,3.099310344827586,,271,49,-0.0037167886437328,0.3542435424354243,1.412475978969476,0.8666666666666667,0.2444444444444444,2.4814814814814814,0.221
2026-10-02,Missouri State,Conference USA,2026,247,42,0.1010453671461822,0.4008097165991903,1.2292095221793706,0.7142857142857143,0.1603053435114503,2.9938931297709925,,296,45,0.2274605397484086,0.5168918918918919,1.0234936916528945,0.8695652173913043,0.1595092024539877,3.3319018404907976,0.149
2026-10-02,Navy,American Athletic,2026,207,32,0.2112282150776316,0.5120772946859904,1.1414943049502273,0.9565217391304348,0.0993788819875776,3.8248447204968943,,179,32,0.1576472063958153,0.3910614525139664,1.4071072187745968,0.8888888888888888,0.2068965517241379,2.711494252873563,0.145
2026-10-02,NC State,ACC,2026,281,49,0.2211360632310617,0.4875444839857651,1.2088715818008906,0.84,0.1486486486486486,3.2945945945945945,,243,50,0.1203704155244398,0.3991769547325103,1.250046739057774,0.7619047619047619,0.1900826446280991,2.820661157024793,0.152
2026-10-02,Nebraska,Big Ten,2026,281,41,0.4138045511974774,0.498220640569395,1.4394874375595026,0.72,0.1518987341772152,3.4075949367088607,,235,44,-0.0183221663673035,0.3659574468085106,1.2411580159343365,0.8,0.1818181818181818,2.897520661157025,0.204
2026-10-02,Nevada,Mountain West,2026,256,45,0.093463394582137,0.4140625,1.2947367406781387,0.64,0.1971830985915492,3.2359154929577465,,304,47,0.1491230792017593,0.4210526315789473,1.120475603033139,0.625,0.1459459459459459,3.271891891891892,0.112
2026-10-02,New Mexico,Mountain West,2026,264,48,0.1625145914195358,0.4166666666666667,1.2345745704538462,0.8888888888888888,0.1403508771929824,3.284795321637427,,237,48,-0.1458178721495771,0.3206751054852321,1.373865169085593,0.5,0.2456140350877192,1.9166666666666667,0.249
2026-10-02,New Mexico State,Conference USA,2026,334,58,0.0970176440507923,0.4221556886227545,1.4330397904454193,0.7,0.1644736842105263,3.0631578947368423,,340,60,0.0768480682964499,0.4029411764705882,1.2276199554222154,0.8333333333333334,0.1949685534591195,3.0044025157232706,0.132
2026-10-02,North Carolina,ACC,2026,182,30,0.1180247926500402,0.4835164835164835,1.037750541807011,0.7777777777777778,0.125,3.871590909090909,,206,32,-0.0188311190592386,0.3932038834951456,1.0238332099979035,0.875,0.1224489795918367,2.9397959183673468,0.141
2026-10-02,North Dakota State,Mountain West,2026,260,41,0.156824607490598,0.4,1.4137345404833734,0.6923076923076923,0.1907894736842105,2.8263157894736843,,240,42,-0.1560976801881319,0.3916666666666666,1.024351033572395,0.7142857142857143,0.1796875,2.64609375,0.183
2026-10-02,Northern Illinois,Mountain West,2026,265,46,-0.1206541817533527,0.3622641509433962,1.1902069954238734,0.7647058823529411,0.2095238095238095,2.56,,268,45,0.1585638897780007,0.4440298507462686,1.3225028869796789,0.5789473684210527,0.2015503875968992,2.902325581395349,0.127
2026-10-02,North Texas,American Athletic,2026,377,61,0.2801999973115543,0.4801061007957559,1.3267510955924169,0.6470588235294118,0.1847826086956521,3.008695652173913,,335,60,0.1319734553370061,0.435820895522388,1.2194330404996203,0.6875,0.180327868852459,2.65792349726776,0.155
2026-10-02,Northwestern,Big Ten,2026,188,33,0.3044830002648179,0.4627659574468085,1.294453920932533,0.8181818181818182,0.19,2.835,,222,34,0.0830962319140081,0.4414414414414414,1.1199703529662888,0.5909090909090909,0.1415094339622641,3.429245283018868,0.162
2026-10-02,Notre Dame,FBS Independents,2026,258,41,0.3327825616141368,0.5155038759689923,1.115505324177074,0.7619047619047619,0.1532846715328467,2.9430656934306567,,225,42,-0.1193278158524432,0.3422222222222222,1.1379848670959165,0.7333333333333333,0.2232142857142857,2.321428571428572,0.24
2026-10-02,Ohio,Mid-American,2026,265,41,0.2225986835635769,0.4415094339622641,1.2573276583540105,0.8636363636363636,0.1006711409395973,3.565771812080537,,257,40,0.2762327564711109,0.4319066147859922,1.3809726244356877,0.7619047619047619,0.2091503267973856,2.832679738562092,0.158
2026-10-02,Ohio State,Big Ten,2026,271,46,0.3936935013034291,0.5239852398523985,1.3415050395555912,0.782608695652174,0.1679389312977099,3.200763358778626,,269,47,-0.0806227300643233,0.3531598513011152,1.2113439846486092,0.6666666666666666,0.1935483870967742,2.7911290322580644,0.208
2026-10-02,Oklahoma,SEC,2026,255,47,-0.0452290406323805,0.392156862745098,1.1117720724855946,0.4615384615384615,0.2230769230769231,2.603076923076923,,227,48,-0.1821721326277581,0.3039647577092511,1.2353158782344913,0.5833333333333334,0.1937984496124031,2.3635658914728683,0.216
2026-10-02,Oklahoma State,Big 12,2026,320,51,0.1614321018344184,0.490625,1.108175371954534,0.64,0.1717791411042944,3.22638036809816,,252,48,-0.0297343112079879,0.373015873015873,1.1584523445777564,0.6111111111111112,0.1666666666666666,3.0819444444444444,0.163
2026-10-02,Old Dominion,Sun Belt,2026,239,52,-0.1003869660045513,0.309623430962343,1.4828704323220148,0.3,0.3149606299212598,1.6125984251968504,,298,50,-0.016677350370655,0.3389261744966443,1.2419565580498635,0.6190476190476191,0.2229299363057325,2.388535031847134,0.164
2026-10-02,Ole Miss,SEC,2026,276,45,0.2516716816251639,0.5181159420289855,1.1622157256130825,0.76,0.175438596491228,2.9350877192982456,,276,45,0.2245004693490552,0.4710144927536231,1.1445332345829773,0.8181818181818182,0.217391304347826,2.9,0.13
2026-10-02,Oregon,Big Ten,2026,289,49,0.3282973751105438,0.4775086505190311,1.4144341938067029,0.8095238095238095,0.1221374045801526,3.3595419847328243,,268,51,-0.0033032965298358,0.373134328358209,1.2391364139667749,0.75,0.1848739495798319,2.684873949579832,0.157
2026-10-02,Oregon State,Pac-12,2026,273,48,0.2550130773471846,0.4249084249084249,1.4547518674764726,0.7777777777777778,0.1075268817204301,3.197849462365592,,288,48,0.0915926457031756,0.4131944444444444,1.09253689194952,0.7619047619047619,0.1347517730496454,3.041843971631206,0.167
2026-10-02,Penn State,Big Ten,2026,275,49,0.2196166637876923,0.4181818181818181,1.2991505807934227,0.7272727272727273,0.1363636363636363,2.835064935064936,,241,49,-0.1028464617099202,0.3153526970954357,1.1707435850065595,0.6666666666666666,0.2288135593220339,2.528813559322034,0.195
2026-10-02,Pittsburgh,ACC,2026,292,46,0.2943639349679869,0.4965753424657534,1.2493195690476524,0.631578947368421,0.1824817518248175,3.3094890510948907,,240,47,-0.1071948228174938,0.2875,1.3794468878643993,0.5384615384615384,0.3195876288659793,1.777319587628866,0.179
2026-10-02,Purdue,Big Ten,2026,286,43,0.2365211519030919,0.465034965034965,1.1982918041307935,0.7894736842105263,0.1587301587301587,3.026984126984127,,258,42,0.3513327561651305,0.5,1.3659642219553176,0.7619047619047619,0.1510791366906475,3.3194244604316547,0.14
2026-10-02,Rice,American Athletic,2026,255,41,0.0691974796983056,0.4470588235294118,1.1181303414793926,0.8,0.131578947368421,3.3526315789473684,,261,40,0.1367631629709163,0.4291187739463601,1.2894367024813602,0.6470588235294118,0.1843971631205673,2.7659574468085104,0.146
2026-10-02,Rutgers,Big Ten,2026,274,45,0.1351379441326351,0.4817518248175182,1.3008484357582824,0.7,0.1605839416058394,3.132846715328468,,241,45,0.1490536394191173,0.4356846473029045,1.2021303791777804,0.75,0.2,3.0024,0.137
2026-10-02,Sacramento State,Mid-American,2026,349,61,-0.0609868513536955,0.4183381088825215,1.0051274745930112,0.75,0.2517006802721088,2.691156462585034,,303,61,0.1251483777953684,0.3597359735973597,1.4167688855611529,0.5,0.1801242236024844,2.9118012422360247,0.122
2026-10-02,Sam Houston,Conference USA,2026,280,54,0.1016307759362851,0.4392857142857143,1.282968570198587,0.6111111111111112,0.2105263157894736,2.799122807017544,,263,53,0.0652504267585481,0.3878326996197718,1.258775468670316,0.7368421052631579,0.2027972027972027,3.074825174825175,0.224
2026-10-02,San Diego State,Pac-12,2026,268,49,-0.0852206820207657,0.3470149253731343,1.143302536745483,0.5454545454545454,0.2027972027972027,2.93986013986014,,294,51,0.0970600892086255,0.4421768707482993,1.049073021585473,0.85,0.1111111111111111,3.3932098765432097,0.099
2026-10-02,San José State,Mountain West,2026,283,52,0.0822088440580657,0.3957597173144876,1.2244504887603835,0.5714285714285714,0.1860465116279069,3.182170542635659,,287,52,0.0660974308409856,0.4355400696864111,1.0704314495810316,0.8333333333333334,0.1693548387096774,2.9306451612903226,0.136
2026-10-02,SMU,ACC,2026,282,49,0.2505945394923168,0.5177304964539007,1.250407687833359,0.6521739130434783,0.1641791044776119,3.038805970149254,,255,49,0.0228819454317753,0.3607843137254902,1.3165258941517095,0.3888888888888889,0.2131147540983606,2.7016393442622952,0.204
2026-10-02,South Alabama,Sun Belt,2026,308,45,0.1738784302846758,0.4188311688311688,1.301705588252744,0.7916666666666666,0.1206896551724138,3.182183908045977,,218,44,0.2794913126280899,0.4862385321100917,1.4604998123440105,0.6,0.1743119266055046,3.2302752293577983,0.179
2026-10-02,South Carolina,SEC,2026,296,47,0.2274134853820786,0.4763513513513513,1.227748995044518,0.7894736842105263,0.1298701298701298,3.722077922077922,,235,49,0.1513947512284183,0.3617021276595745,1.5563246749462596,0.6363636363636364,0.2429906542056074,2.2934579439252336,0.136
2026-10-02,Southern Miss,Sun Belt,2026,286,50,0.0628041382253729,0.43006993006993,1.1245900900724308,0.8421052631578947,0.0895522388059701,3.582089552238806,,298,52,0.1229083059122737,0.4060402684563758,1.273100753228961,0.7058823529411765,0.1802325581395348,3.1965116279069767,0.131
2026-10-02,South Florida,American Athletic,2026,233,42,0.2342182558476962,0.5150214592274678,1.149104510634511,0.8333333333333334,0.2,3.086923076923077,,262,40,-0.019586743250476,0.4083969465648855,0.9548901611974214,0.6,0.2720588235294117,2.4338235294117645,0.183
2026-10-02,Stanford,ACC,2026,272,47,0.1301172975555827,0.3933823529411764,1.248801548847813,0.7692307692307693,0.2123893805309734,2.7601769911504426,,288,48,0.2809495330232194,0.4583333333333333,1.3772308807018945,0.8125,0.1450381679389313,3.2221374045801525,0.128
2026-10-02,Syracuse,ACC,2026,238,36,0.0383775209160952,0.3991596638655462,1.3301522483231214,0.8,0.2201834862385321,2.851376146788991,,183,36,-0.1262747420529368,0.360655737704918,1.0874549775292308,0.75,0.2333333333333333,2.628888888888889,0.186
2026-10-02,TCU,Big 12,2026,279,45,0.1743017536747533,0.4623655913978494,1.2397779030198528,0.8421052631578947,0.1641791044776119,3.029850746268657,,223,45,-0.1214499889916723,0.3677130044843049,0.9254213349664208,0.5625,0.2105263157894736,2.543859649122807,0.179
2026-10-02,Temple,American Athletic,2026,246,39,0.2370807984058004,0.4349593495934959,1.3008852495026937,0.7272727272727273,0.1688311688311688,3.3279220779220777,,267,41,0.2089281821128156,0.4569288389513108,1.2018661626278426,0.7692307692307693,0.1103448275862069,2.883448275862069,0.109
2026-10-02,Tennessee,SEC,2026,287,47,0.2236841142285554,0.4564459930313589,1.207898514661567,0.8333333333333334,0.1377245508982036,3.5401197604790418,,257,48,-0.0856758886483352,0.357976653696498,1.0637533560326713,0.75,0.1913043478260869,3.031304347826087,0.218
2026-10-02,Texas,SEC,2026,290,44,0.1104131850879861,0.4551724137931034,1.1433060036315157,0.75,0.1830065359477124,2.8176470588235296,,260,46,-0.0556422453013244,0.35,1.0937901963041747,0.7333333333333333,0.1984126984126984,2.553968253968254,0.206
2026-10-02,Texas A&M,SEC,2026,298,49,0.0428790091101992,0.4429530201342282,1.074106760444335,0.85,0.1655172413793103,3.2158620689655173,,226,49,0.0331879286837532,0.3849557522123893,1.3073162492473576,0.7142857142857143,0.1788617886178861,2.7642276422764227,0.177
2026-10-02,Texas State,Pac-12,2026,291,46,0.3050319495653666,0.4948453608247423,1.3236959115185674,0.6666666666666666,0.1388888888888889,3.267777777777778,,321,45,0.14815469034618,0.4610591900311526,1.222711994933702,0.5909090909090909,0.25,2.50234375,0.159
2026-10-02,Texas Tech,Big 12,2026,277,50,0.2716926774628476,0.5054151624548736,1.1544594558533718,0.7741935483870968,0.1768707482993197,3.286394557823129,,278,51,0.0027516365869861,0.3525179856115107,1.3764562758271992,0.6666666666666666,0.1941747572815534,2.962135922330097,0.183
2026-10-02,Toledo,Mid-American,2026,264,46,0.2692070530829725,0.4469696969696969,1.5268612805080706,0.6666666666666666,0.1703703703703703,3.077037037037037,,289,50,-0.0234163946418609,0.3252595155709342,1.3015912181864564,0.3888888888888889,0.2068965517241379,2.6206896551724137,0.135
2026-10-02,Troy,Sun Belt,2026,292,52,0.0231672306939523,0.3801369863013699,1.3132704234201762,0.631578947368421,0.238095238095238,2.673469387755102,,242,51,0.0357678186828529,0.371900826446281,1.3182035990042773,0.6,0.2589285714285714,2.34375,0.182
2026-10-02,Tulane,American Athletic,2026,245,46,0.1027892733616215,0.3428571428571428,1.5134249575371927,0.75,0.2177419354838709,2.5725806451612905,,283,47,0.1714864191445664,0.3957597173144876,1.3057172965646036,0.7692307692307693,0.1623376623376623,3.0863636363636364,0.11
2026-10-02,Tulsa,American Athletic,2026,338,61,0.1310095941279386,0.4053254437869822,1.155259041149958,0.8421052631578947,0.1197604790419161,3.316766467065868,,392,64,-0.0214820113780783,0.3877551020408163,1.145573552335219,0.5769230769230769,0.2057142857142857,2.673714285714285,0.14
2026-10-02,UAB,American Athletic,2026,265,40,0.0504175692051148,0.4226415094339623,1.1850191816604738,0.7391304347826086,0.1589403973509933,3.137086092715232,,249,41,0.0530389487994697,0.4497991967871486,1.044312307132658,0.7037037037037037,0.1242603550295858,3.429585798816568,0.157
2026-10-02,UCF,Big 12,2026,227,47,0.1185016084534972,0.4361233480176211,1.2064484831671314,0.8,0.171875,3.0515625,,289,50,-0.0474297690256288,0.3425605536332179,1.2745480395464972,0.625,0.2408759124087591,2.290510948905109,0.173
2026-10-02,UCLA,Big Ten,2026,265,52,0.2871271589042288,0.4943396226415094,1.253304393370694,0.8421052631578947,0.0955414012738853,3.974522292993631,,275,52,-0.1271006250909647,0.3272727272727272,1.3466484258816014,0.8333333333333334,0.25,2.36484375,0.185
2026-10-02,UConn,FBS Independents,2026,260,48,0.2306111216349001,0.4346153846153846,1.421161467026787,0.6666666666666666,0.1678832116788321,3.2386861313868613,,290,48,0.0190890114175953,0.3862068965517241,1.255302889472952,0.6111111111111112,0.211864406779661,2.6483050847457625,0.169
2026-10-02,UL Monroe,Sun Belt,2026,271,49,-0.0521970985816796,0.4022140221402214,1.119088950147427,0.5714285714285714,0.1515151515151515,2.9681818181818183,,295,45,0.307734707357127,0.5084745762711864,1.2145291051896507,0.7777777777777778,0.1614906832298136,3.4180124223602486,0.115
2026-10-02,UNLV,Mountain West,2026,281,47,0.0529135687229341,0.3843416370106761,1.218802792211778,0.6666666666666666,0.1301369863013698,3.219178082191781,,267,46,0.0757099267106491,0.4044943820224719,1.154460009886671,0.8333333333333334,0.1328125,3.60625,0.161
2026-10-02,USC,Big Ten,2026,361,49,0.3069791509788038,0.5346260387811634,1.1871419897756952,0.7931034482758621,0.1675977653631284,3.2675977653631283,,294,50,0.1911762367341543,0.4217687074829932,1.3627008216470935,0.7619047619047619,0.1928571428571428,2.587142857142857,0.116
2026-10-02,Utah,Big 12,2026,274,47,0.3282820760821432,0.5072992700729927,1.321318380196454,0.7391304347826086,0.1946308724832214,3.479194630872484,,270,46,-0.0735851246794686,0.3185185185185185,1.3365530299488966,0.5,0.2037037037037037,2.6324074074074075,0.204
2026-10-02,Utah State,Pac-12,2026,263,48,-0.0708893349501767,0.3612167300380228,1.3151104107661504,0.3,0.2083333333333333,3.0741666666666667,,296,49,0.0205473295697093,0.4054054054054054,1.1334625370017768,0.7368421052631579,0.216,2.6024,0.135
2026-10-02,UTEP,Mountain West,2026,226,46,-0.1789529945845772,0.3672566371681416,1.0920230579450805,0.5,0.2403100775193798,2.5155038759689923,,254,44,0.2519532316649529,0.4724409448818897,1.209405487157074,0.6666666666666666,0.2230215827338129,2.969064748201439,0.126
2026-10-02,UTSA,American Athletic,2026,253,47,0.2677312353147179,0.4743083003952569,1.1110555464614322,0.85,0.1721311475409836,3.0754098360655737,,324,49,0.0767385229095977,0.4320987654320987,1.1351715792496355,0.65,0.124223602484472,3.2801242236024843,0.128
2026-10-02,Vanderbilt,SEC,2026,272,44,0.0819511053844754,0.4154411764705882,1.1804248820976369,0.7727272727272727,0.150375939849624,3.049624060150376,,254,46,-0.038881080317215,0.3503937007874015,1.335704318735286,0.7894736842105263,0.2,2.5391666666666666,0.185
2026-10-02,Virginia,ACC,2026,294,48,0.2839613025941832,0.4761904761904761,1.2153800243675332,0.8695652173913043,0.1333333333333333,3.37030303030303,,243,49,-0.1438309996831005,0.3333333333333333,0.9549871317399172,0.6923076923076923,0.1875,2.890625,0.198
2026-10-02,Virginia Tech,ACC,2026,316,47,0.2411869079751236,0.4841772151898734,1.2049350305991204,0.75,0.2,2.9941935483870967,,236,49,-0.0300638626116558,0.3305084745762712,1.3088079116373943,0.5714285714285714,0.4033613445378151,0.9857142857142858,0.267
2026-10-02,Wake Forest,ACC,2026,263,43,0.2795290723573947,0.4524714828897338,1.3054103408047757,0.55,0.1463414634146341,3.138211382113821,,297,45,0.1599441060796813,0.468013468013468,1.053755124854973,0.7,0.213235294117647,2.865441176470588,0.128
2026-10-02,Washington,Big Ten,2026,258,48,0.15112737958888,0.4457364341085271,1.2071784289896446,0.6153846153846154,0.2211538461538461,2.815384615384616,,256,48,-0.1484497146409843,0.34375,1.1611078296141866,0.3333333333333333,0.3053435114503817,2.3229007633587786,0.203
2026-10-02,Washington State,Pac-12,2026,244,45,-0.0366358358008768,0.3647540983606557,1.2647698442901227,0.6,0.2338709677419354,2.7588709677419354,,269,50,0.02303930738803,0.4052044609665427,1.251520290806126,0.7857142857142857,0.1791044776119403,2.955223880597015,0.126
2026-10-02,Western Kentucky,Conference USA,2026,360,65,-0.0387662062419933,0.3666666666666666,1.2530885714496178,0.7083333333333334,0.2392638036809816,2.617791411042945,,320,62,0.2425962548520052,0.428125,1.4865693442906345,0.8571428571428571,0.1461988304093567,3.4321637426900584,0.128
2026-10-02,Western Michigan,Mid-American,2026,245,43,0.0932467103303505,0.4,1.1669538657117555,0.7368421052631579,0.1666666666666666,2.869565217391304,,269,42,0.0986364237620099,0.4646840148698885,1.0252938595964052,0.72,0.1721854304635761,3.050993377483444,0.108
2026-10-02,West Virginia,Big 12,2026,296,50,0.1843012712918257,0.4493243243243243,1.2051735144261049,0.72,0.1351351351351351,3.247297297297297,,280,49,0.1240737919269014,0.4428571428571428,1.1805781326261695,0.7058823529411765,0.2028985507246377,2.9021739130434785,0.154
2026-10-02,Wisconsin,Big Ten,2026,246,42,0.1421749236968496,0.4227642276422764,1.3906443777637447,0.5625,0.1538461538461538,2.947863247863248,,259,44,-0.0506600591877439,0.3397683397683397,1.0416128697736369,0.7222222222222222,0.1052631578947368,2.9278195488721805,0.162
2026-10-02,Wyoming,Mountain West,2026,241,40,0.1562028838199938,0.4605809128630705,1.0884041679703076,1.0,0.1395348837209302,3.555813953488372,,262,39,0.1233751116920913,0.4427480916030534,1.0905242728591087,0.9230769230769232,0.1448275862068965,3.263448275862069,0.13
2026-10-03,Air Force,Mountain West,2026,307,43,0.18971824112530677,0.4527687296416938,1.085243554507675,0.8235294117647058,0.10040160642570281,3.527710843373494,,222,43,0.0006029415712754172,0.3333333333333333,1.3897746329707197,0.7272727272727273,0.20512820512820512,2.9316239316239314,0.144
2026-10-03,Akron,Mid-American,2026,262,46,0.019838159666359313,0.44274809160305345,0.9809070069767836,0.8181818181818182,0.13043478260869565,3.6191304347826088,,246,46,0.2413347785414639,0.43089430894308944,1.3716863805017796,0.6875,0.18803418803418803,2.8905982905982905,0.15
2026-10-03,Alabama,SEC,2026,329,58,0.35188771308834405,0.513677811550152,1.3078783174963176,0.7894736842105263,0.17777777777777778,3.194444444444444,,320,62,-0.11274465468829108,0.34375,1.3655835365468805,0.5714285714285714,0.2602739726027397,2.0349315068493152,0.2
2026-10-03,App State,Sun Belt,2026,288,48,0.2375017412396011,0.4548611111111111,1.3124452763172334,0.6666666666666666,0.23880597014925373,2.576865671641791,,272,47,0.0798890370195323,0.4227941176470588,1.1322274576006577,0.8421052631578947,0.2265625,2.6203125,0.176
2026-10-03,Arizona,Big 12,2026,280,46,0.21301577538771505,0.5,1.1510787926944033,0.85,0.11764705882352941,3.534453781512605,,250,43,0.0016963133093850198,0.352,1.4149125290095736,1.0,0.25263157894736843,2.5894736842105264,0.168
2026-10-03,Arizona State,Big 12,2026,202,40,0.05815854025441106,0.4158415841584158,1.3964621633387664,0.7777777777777778,0.19811320754716982,2.689622641509434,,189,39,0.022551746319826826,0.37037037037037035,1.1790414583455835,0.6363636363636364,0.14893617021276595,2.907446808510638,0.159
2026-10-03,Arkansas,SEC,2026,306,46,0.048770429157151296,0.4215686274509804,1.1175130223447418,0.8421052631578947,0.18110236220472442,2.578740157480315,,229,46,0.15849795746261047,0.43231441048034935,1.109799606067956,0.875,0.1504424778761062,3.225663716814159,0.144
2026-10-03,Arkansas State,Sun Belt,2026,235,40,0.151722200567074,0.4851063829787234,1.147182168803558,0.7391304347826086,0.14634146341463414,3.370731707317073,,256,43,0.1608416764111734,0.453125,1.2437369661354392,0.7619047619047619,0.1360544217687075,3.3891156462585035,0.125
2026-10-03,Army,American Athletic,2026,202,30,0.3652410716663139,0.5495049504950495,1.0285346811738048,0.8888888888888888,0.09696969696969697,3.8266666666666667,,162,29,0.1890381995867541,0.4382716049382716,1.2445339834418145,0.75,0.18823529411764706,3.2741176470588234,0.13
2026-10-03,Auburn,SEC,2026,285,45,0.11909463205714056,0.4280701754385965,1.267789889039531,0.8666666666666667,0.15217391304347827,3.2782608695652176,,317,46,-0.00901256856579502,0.3753943217665615,1.213542730131642,0.6818181818181818,0.18543046357615894,2.5688741721854305,0.155
2026-10-03,Ball State,Mid-American,2026,307,58,0.047172685931662274,0.34527687296416937,1.4363157126396162,0.8333333333333334,0.22627737226277372,2.5963503649635036,,357,57,0.2921916377446789,0.4425770308123249,1.428600696175892,0.8076923076923077,0.1746031746031746,3.1544973544973547,0.118
2026-10-03,Baylor,Big 12,2026,329,55,0.09202617899843175,0.4012158054711246,1.2626771043945284,0.7368421052631579,0.16875,2.938125,,290,53,-0.11506771452268853,0.32068965517241377,1.139479400538103,0.4,0.264,2.5032,0.214
2026-10-03,Boise State,Pac-12,2026,290,45,0.29514320311366316,0.5,1.1533594709235888,0.7619047619047619,0.1488095238095238,3.504166666666667,,219,46,0.019355040616333623,0.3561643835616438,1.662621788848783,0.8,0.2840909090909091,2.4693181818181817,0.192
2026-10-03,Boston College,ACC,2026,327,58,-0.014360664045364725,0.39143730886850153,1.25219600985962,0.6363636363636364,0.26785714285714285,2.1446428571428573,,340,57,0.015808108191269665,0.38823529411764707,1.261554106826239,0.6521739130434783,0.22702702702702704,2.7605405405405405,0.182
2026-10-03,Bowling Green,Mid-American,2026,232,45,-0.11541447210785052,0.33620689655172414,0.9581163924687428,0.7272727272727273,0.24603174603174602,2.430952380952381,,242,42,0.22733087433479024,0.49173553719008267,1.294370808726625,0.7391304347826086,0.16891891891891891,3.4364864864864866,0.12
2026-10-03,Buffalo,Mid-American,2026,374,65,0.014172854761825417,0.3502673796791444,1.1880248750634237,0.7142857142857143,0.18592964824120603,2.751758793969849,,337,64,0.11598996202712794,0.3857566765578635,1.3193711945481517,0.7142857142857143,0.17682926829268292,3.0792682926829267,0.151
2026-10-03,BYU,Big 12,2026,187,34,0.44803842507070435,0.5989304812834224,1.1573847531361499,0.9411764705882353,0.12173913043478261,3.9521739130434783,,187,33,-0.06061636019263051,0.3689839572192513,1.1821843427834813,0.7692307692307693,0.2236842105263158,2.4105263157894736,0.171
2026-10-03,California,ACC,2026,278,47,0.006865854582878863,0.4028776978417266,1.1933662731082961,0.6666666666666666,0.20512820512820512,2.818803418803419,,268,49,0.014419924985766292,0.3694029850746269,1.3408408208913778,0.8888888888888888,0.1450381679389313,3.1595419847328245,0.131
2026-10-03,Central Michigan,Mid-American,2026,228,41,0.00015707363778741924,0.3508771929824561,1.195933983562599,0.8260869565217391,0.1292517006802721,3.180952380952381,,264,40,0.16594769207642177,0.4734848484848485,1.1175277807603152,0.9333333333333333,0.13533834586466165,3.5338345864661656,0.144
2026-10-03,Charlotte,American Athletic,2026,281,57,-0.0878920711402916,0.35231316725978645,1.1111331706326537,0.5714285714285714,0.272,2.276,,375,61,0.20575570858428463,0.496,1.1780845220352005,0.8235294117647058,0.21359223300970873,3.038349514563107,0.12
2026-10-03,Cincinnati,Big 12,2026,270,47,0.3625587101785252,0.4962962962962963,1.3054500850438453,0.8333333333333334,0.1320754716981132,3.677358490566038,,270,45,0.10188632653613514,0.4148148148148148,1.2050266527429307,0.6666666666666666,0.17857142857142858,3.2169642857142855,0.163
2026-10-03,Clemson,ACC,2026,260,51,-0.02692659793833885,0.3423076923076923,1.1750750803164596,0.8,0.21052631578947367,2.7639097744360903,,288,47,0.017484317483307487,0.4097222222222222,1.1883693200608125,0.7272727272727273,0.12878787878787878,3.459090909090909,0.163
2026-10-03,Coastal Carolina,Sun Belt,2026,262,48,0.15748953513346295,0.4122137404580153,1.4290556129612537,0.6923076923076923,0.1774193548387097,3.4137096774193547,,264,51,0.09454295826922464,0.45075757575757575,0.9393216637344015,0.8095238095238095,0.12345679012345678,3.182098765432099,0.148
2026-10-03,Colorado,Big 12,2026,294,51,0.0591230804472788,0.3979591836734694,1.2023639115726048,0.6190476190476191,0.14383561643835616,3.132876712328767,,283,52,0.0074155068222096976,0.38162544169611307,1.2071586134840042,0.6470588235294118,0.31654676258992803,2.3697841726618707,0.201
2026-10-03,Colorado State,Pac-12,2026,283,49,0.27012533205137434,0.4381625441696113,1.5117720395729728,0.8,0.20168067226890757,2.615966386554622,,253,50,0.16279445462347175,0.4624505928853755,1.1979105495251043,0.8888888888888888,0.15789473684210525,3.395394736842105,0.182
2026-10-03,Delaware,Conference USA,2026,325,63,-0.0025046689855712672,0.37846153846153846,1.2632388705474216,0.6190476190476191,0.20863309352517986,2.7820143884892086,,364,62,0.09463467616851119,0.4010989010989011,1.2797294160324562,0.8823529411764706,0.1569767441860465,2.96453488372093,0.179
2026-10-03,Duke,ACC,2026,280,47,0.294948176306143,0.44642857142857145,1.3269095790530947,0.75,0.16071428571428573,3.322619047619048,,235,46,-0.06413435416773869,0.35319148936170214,1.0706329307840854,0.7,0.1717171717171717,2.6232323232323234,0.183
2026-10-03,East Carolina,American Athletic,2026,242,51,0.05628616909617197,0.40082644628099173,1.1660351080207183,0.7272727272727273,0.19658119658119658,2.430769230769231,,288,53,-0.017745757539749944,0.3541666666666667,1.3129262260057688,0.5833333333333334,0.2909090909090909,2.2515151515151515,0.194
2026-10-03,Eastern Michigan,Mid-American,2026,326,56,-0.015691948431414124,0.37116564417177916,1.1429077693263077,0.8,0.1678832116788321,2.894890510948905,,332,56,0.11166864222318468,0.40963855421686746,1.2529692301068933,0.6956521739130435,0.1870967741935484,2.9696774193548388,0.179
2026-10-03,Florida,SEC,2026,285,45,0.4126226036434,0.5157894736842106,1.3024360786248743,1.0,0.1329479768786127,3.2323699421965317,,289,49,-0.03592642043915018,0.40484429065743943,1.1456211335713724,0.7222222222222222,0.10909090909090909,3.0463636363636364,0.204
2026-10-03,Florida Atlantic,American Athletic,2026,330,46,0.14234948625024457,0.43636363636363634,1.1506194104987235,0.7931034482758621,0.16666666666666666,2.746,,259,46,0.20884709245406707,0.40540540540540543,1.542679050290743,0.8571428571428571,0.19083969465648856,2.8053435114503817,0.158
2026-10-03,Florida International,Conference USA,2026,294,43,0.009160633238520852,0.391156462585034,1.2069907538933642,0.7894736842105263,0.18045112781954886,2.8263157894736843,,249,41,-0.003786046049119338,0.3373493975903614,1.1588398912972853,0.6666666666666666,0.2184873949579832,2.23109243697479,0.177
2026-10-03,Florida State,ACC,2026,249,43,0.2471089473000573,0.43373493975903615,1.5262338322945705,0.5625,0.15217391304347827,3.1956521739130435,,276,42,0.21941918459037987,0.43478260869565216,1.3496313678774807,0.9285714285714286,0.1796875,3.01015625,0.156
2026-10-03,Fresno State,Pac-12,2026,249,48,0.1151643838601097,0.36947791164658633,1.4282421329421429,0.5,0.265625,2.559375,,270,46,0.010281397213021468,0.4444444444444444,1.1267273774219355,0.65,0.20833333333333334,2.9319444444444445,0.156
2026-10-03,Georgia,SEC,2026,311,62,0.43563847438019077,0.5434083601286174,1.265978648377438,0.8333333333333334,0.11949685534591195,3.5955974842767295,,316,62,-0.09595725576085787,0.3322784810126582,1.1855324986260802,0.6153846153846154,0.20863309352517986,2.1884892086330936,0.187
2026-10-03,Georgia Southern,Sun Belt,2026,285,46,0.10258820725545698,0.41754385964912283,1.1710175151488371,0.75,0.13761467889908258,3.0798165137614677,,255,46,0.08561154881046541,0.37254901960784315,1.1753901259733148,0.6666666666666666,0.25,2.5453125,0.188
2026-10-03,Georgia State,Sun Belt,2026,286,48,0.2513156708882154,0.479020979020979,1.295771495143261,0.631578947368421,0.17647058823529413,3.3006535947712417,,242,46,0.02446609863425589,0.38016528925619836,1.293567067031015,1.0,0.20909090909090908,3.090909090909091,0.178
2026-10-03,Georgia Tech,ACC,2026,260,42,0.14134452188810442,0.4423076923076923,1.2208778751676495,0.7058823529411765,0.20161290322580644,3.074193548387097,,281,44,0.1552695286200172,0.4128113879003559,1.2672318275370569,0.6842105263157895,0.17058823529411765,2.906470588235294,0.16
2026-10-03,Hawai'i,Mountain West,2026,297,45,0.041625593610402786,0.3838383838383838,1.1248847728792668,0.8,0.17525773195876287,3.138144329896907,,268,45,0.21269611527765236,0.4664179104477612,1.2265552991957558,0.75,0.1103448275862069,3.4372413793103447,0.134
2026-10-03,Houston,Big 12,2026,357,53,0.3499373397181287,0.5630252100840336,1.0493213576761087,0.8205128205128205,0.10294117647058823,3.7308823529411765,,302,56,0.10242271312442387,0.37748344370860926,1.4068302181478909,0.5882352941176471,0.23275862068965517,2.31551724137931,0.215
2026-10-03,Illinois,Big Ten,2026,246,38,0.2838635684857444,0.516260162601626,1.2731488300867524,0.6666666666666666,0.11403508771929824,3.450877192982456,,274,38,0.19297310502538595,0.44525547445255476,1.2692011344190495,0.782608695652174,0.20714285714285716,2.7664285714285715,0.131
2026-10-03,Indiana,Big Ten,2026,247,42,0.4206054896605618,0.5101214574898786,1.3819184765929697,0.72,0.11842105263157894,3.5065789473684212,,237,43,-0.10688628739418667,0.29957805907172996,1.4207399529810825,0.5,0.23636363636363636,2.2618181818181817,0.198
2026-10-03,Iowa,Big Ten,2026,263,47,0.17226266947863822,0.4296577946768061,1.2788259382836886,0.5294117647058824,0.13178294573643412,3.4953488372093022,,243,50,-0.1447049947966999,0.3004115226337449,1.0382181567882602,0.7272727272727273,0.19327731092436976,2.604201680672269,0.173
2026-10-03,Iowa State,Big 12,2026,319,60,0.17086678384556256,0.4106583072100313,1.3242277382918588,0.631578947368421,0.19786096256684493,3.023529411764706,,307,63,0.04478108058035434,0.38436482084690554,1.2690379512320777,0.6666666666666666,0.19298245614035087,2.805263157894737,0.176
2026-10-03,Jacksonville State,Conference USA,2026,308,48,0.2039256783625617,0.4805194805194805,1.1919700680154681,0.8148148148148148,0.17575757575757575,3.1224242424242425,,324,47,0.038705259371239004,0.4228395061728395,1.0462276584798134,0.84,0.1711229946524064,2.9149732620320856,0.155
2026-10-03,James Madison,Sun Belt,2026,269,49,0.29322941326811086,0.4758364312267658,1.2229988166501045,0.7727272727272727,0.15384615384615385,3.230769230769231,,287,53,-0.1968722169622853,0.27526132404181186,1.3802235120846753,0.8181818181818182,0.1956521739130435,2.368840579710145,0.178
2026-10-03,Kansas,Big 12,2026,305,49,0.29522931846073586,0.5016393442622951,1.3175015450606857,0.6666666666666666,0.08379888268156424,3.7368715083798882,,238,51,-0.14047589281545378,0.2815126050420168,1.2771864784234672,0.75,0.2755905511811024,2.063779527559055,0.223
2026-10-03,Kansas State,Big 12,2026,296,45,0.3066555233089882,0.5135135135135135,1.2147288981652262,0.7619047619047619,0.13333333333333333,3.398,,223,45,-0.03939382867070738,0.30493273542600896,1.4953268179868437,0.4166666666666667,0.2558139534883721,2.5108527131782945,0.238
2026-10-03,Kennesaw State,Conference USA,2026,272,45,0.09684077719214801,0.45955882352941174,1.0511684298734412,0.8181818181818182,0.19696969696969696,3.3136363636363635,,251,44,0.15108840921895164,0.4262948207171315,1.089390254669204,0.8571428571428571,0.19148936170212766,3.1602836879432625,0.108
2026-10-03,Kent State,Mid-American,2026,246,46,-0.028066761604708078,0.3130081300813008,1.3677693927429808,0.6153846153846154,0.22302158273381295,2.7776978417266185,,249,47,0.20070964486957016,0.4738955823293173,1.2720519322498094,0.8421052631578947,0.1557377049180328,3.189344262295082,0.141
2026-10-03,Kentucky,SEC,2026,252,47,0.23582988157411575,0.5158730158730159,1.2028393571873282,0.7647058823529411,0.15555555555555556,3.46,,290,45,0.015506405315718029,0.41724137931034483,1.1898726045681303,0.7777777777777778,0.168,2.8056,0.183
2026-10-03,Liberty,Conference USA,2026,336,59,0.13089933411960336,0.46130952380952384,1.1374117300614055,0.8076923076923077,0.12682926829268293,3.2829268292682925,,308,57,-0.0022766873366758035,0.35064935064935066,1.3588518323430672,0.6666666666666666,0.2108843537414966,3.0306122448979593,0.192
2026-10-03,Louisiana,Sun Belt,2026,273,46,0.1316892008453768,0.4249084249084249,1.1746644646175253,0.75,0.18292682926829268,3.0591463414634146,,242,45,-0.16642312155664077,0.39669421487603307,0.9843056126444863,0.46153846153846156,0.24545454545454545,2.650909090909091,0.182
2026-10-03,Louisiana Tech,Sun Belt,2026,193,41,0.014770417673578454,0.33678756476683935,1.4428676625000247,0.5,0.2268041237113402,2.6484536082474226,,219,43,-0.011791548685523416,0.3470319634703196,1.305153941737421,0.6666666666666666,0.23015873015873015,2.0634920634920637,0.242
2026-10-03,Louisville,ACC,2026,270,51,0.34445752450372485,0.5,1.3529614271567436,0.7222222222222222,0.19444444444444445,2.8090277777777777,,286,50,0.10643224212220684,0.4020979020979021,1.2382424769784324,0.5172413793103449,0.12080536912751678,3.0208053691275167,0.136
2026-10-03,LSU,SEC,2026,318,50,0.23580042020105313,0.4779874213836478,1.2822059615849353,0.72,0.14772727272727273,3.0517045454545455,,241,52,-0.16589265060639788,0.3029045643153527,1.1840555424357224,0.7777777777777778,0.24,2.2,0.228
2026-10-03,Marshall,Sun Belt,2026,268,47,0.0881555190702176,0.417910447761194,1.2122594701835288,0.6842105263157895,0.2158273381294964,3.002158273381295,,269,42,0.3322744406018015,0.4721189591078067,1.3217694979067145,0.8125,0.152,3.276,0.119
2026-10-03,Maryland,Big Ten,2026,294,50,0.13164390633133394,0.4523809523809524,1.2391446102841337,0.7142857142857143,0.23387096774193547,2.882258064516129,,245,47,0.02916029016547214,0.3795918367346939,1.2211145537608818,0.7058823529411765,0.2265625,2.33359375,0.159
2026-10-03,Massachusetts,Mid-American,2026,220,44,0.279587129633783,0.45,1.2370342543322186,0.55,0.14074074074074075,3.52,,273,47,-0.1390494892059586,0.3663003663003663,1.0197492021941357,0.7058823529411765,0.2184873949579832,2.5672268907563023,0.161
2026-10-03,Memphis,American Athletic,2026,345,57,0.28057312664760786,0.4985507246376812,1.3097473937049489,0.8095238095238095,0.1414141414141414,3.529292929292929,,313,56,0.1528152522961895,0.402555910543131,1.4104491794551026,0.8421052631578947,0.14193548387096774,3.1658064516129034,0.166
2026-10-03,Miami,ACC,2026,280,48,0.44156994541832745,0.5714285714285714,1.277780756396218,0.8125,0.12056737588652482,3.8872340425531915,,228,45,-0.048722737763452616,0.32456140350877194,1.148798300609516,0.5714285714285714,0.2702702702702703,2.152702702702703,0.162
2026-10-03,Miami (OH),Mid-American,2026,235,41,0.23921339945641054,0.4297872340425532,1.4261825887036175,0.6666666666666666,0.21238938053097345,2.870796460176991,,260,44,0.17912977666654456,0.45,1.3157571806365698,0.7777777777777778,0.2169811320754717,2.860377358490566,0.104
2026-10-03,Michigan,Big Ten,2026,297,51,0.09201113733312004,0.42424242424242425,1.1458666743720982,0.75,0.1317365269461078,3.1610778443113774,,307,55,-0.11495592551028512,0.3257328990228013,1.1422151068439668,0.6666666666666666,0.2236024844720497,2.481366459627329,0.169
2026-10-03,Michigan State,Big Ten,2026,345,50,-0.05011743180528575,0.4260869565217391,1.0122697677474677,0.7037037037037037,0.18478260869565216,2.9027173913043476,,296,50,0.17571281192815832,0.40202702702702703,1.3404679196879485,0.6818181818181818,0.21818181818181817,2.9006060606060604,0.139
2026-10-03,Middle Tennessee,Conference USA,2026,290,50,0.0984624971409787,0.38620689655172413,1.2003296816665974,0.7333333333333333,0.175,3.254166666666667,,324,53,0.215439255478276,0.5061728395061729,1.1214751430067802,0.75,0.13917525773195877,3.577319587628866,0.102
2026-10-03,Minnesota,Big Ten,2026,332,58,0.0622293198819209,0.45180722891566266,1.071185076908685,0.6363636363636364,0.23717948717948717,2.380128205128205,,281,58,-0.012774176934030103,0.3701067615658363,1.1653606456651586,0.6111111111111112,0.25,2.7588235294117647,0.247
2026-10-03,Mississippi State,SEC,2026,360,60,0.2752330671414623,0.48055555555555557,1.3182207311418692,0.7727272727272727,0.2215909090909091,3.0329545454545457,,354,57,0.09561977405339943,0.4124293785310734,1.1633233220586756,0.625,0.13157894736842105,3.167105263157895,0.172
2026-10-03,Missouri,SEC,2026,280,51,0.1991046920861861,0.4357142857142857,1.237778594341354,0.6923076923076923,0.1724137931034483,3.099310344827586,,271,49,-0.003716788643732836,0.35424354243542433,1.412475978969476,0.8666666666666667,0.24444444444444444,2.4814814814814814,0.221
2026-10-03,Missouri State,Conference USA,2026,247,42,0.10104536714618226,0.4008097165991903,1.2292095221793706,0.7142857142857143,0.16030534351145037,2.9938931297709925,,296,45,0.22746053974840863,0.5168918918918919,1.0234936916528945,0.8695652173913043,0.15950920245398773,3.3319018404907976,0.149
2026-10-03,Navy,American Athletic,2026,256,43,0.16834683368329506,0.46875,1.1502601508636117,0.96,0.11052631578947368,3.718947368421053,,253,43,0.06779733872170056,0.37549407114624506,1.3253997134015298,0.8823529411764706,0.2054794520547945,2.6404109589041096,0.13
2026-10-03,NC State,ACC,2026,281,49,0.2211360632310617,0.4875444839857651,1.2088715818008906,0.84,0.14864864864864866,3.2945945945945945,,243,50,0.12037041552443989,0.3991769547325103,1.2500467390577739,0.7619047619047619,0.19008264462809918,2.8206611570247935,0.152
2026-10-03,Nebraska,Big Ten,2026,281,41,0.41380455119747744,0.498220640569395,1.4394874375595026,0.72,0.1518987341772152,3.4075949367088607,,235,44,-0.01832216636730359,0.3659574468085106,1.2411580159343365,0.8,0.18181818181818182,2.897520661157025,0.204
2026-10-03,Nevada,Mountain West,2026,256,45,0.09346339458213704,0.4140625,1.2947367406781387,0.64,0.19718309859154928,3.2359154929577465,,304,47,0.14912307920175932,0.42105263157894735,1.120475603033139,0.625,0.14594594594594595,3.271891891891892,0.112
2026-10-03,New Mexico,Mountain West,2026,264,48,0.16251459141953586,0.4166666666666667,1.2345745704538462,0.8888888888888888,0.14035087719298245,3.284795321637427,,237,48,-0.1458178721495771,0.3206751054852321,1.373865169085593,0.5,0.24561403508771928,1.9166666666666667,0.249
2026-10-03,New Mexico State,Conference USA,2026,334,58,0.09701764405079231,0.4221556886227545,1.4330397904454193,0.7,0.16447368421052633,3.0631578947368423,,340,60,0.0768480682964499,0.40294117647058825,1.2276199554222154,0.8333333333333334,0.1949685534591195,3.0044025157232706,0.132
2026-10-03,North Carolina,ACC,2026,233,39,0.12978442357527237,0.4592274678111588,1.1127271002628332,0.7777777777777778,0.15454545454545454,3.7209090909090907,,284,42,0.061737463476646916,0.43661971830985913,1.0187963489594314,0.8636363636363636,0.11188811188811189,3.2643356643356642,0.13
2026-10-03,North Dakota State,Mountain West,2026,260,41,0.156824607490598,0.4,1.4137345404833734,0.6923076923076923,0.19078947368421054,2.8263157894736843,,240,42,-0.15609768018813192,0.39166666666666666,1.024351033572395,0.7142857142857143,0.1796875,2.64609375,0.183
2026-10-03,Northern Illinois,Mountain West,2026,265,46,-0.1206541817533527,0.3622641509433962,1.1902069954238734,0.7647058823529411,0.20952380952380953,2.56,,268,45,0.15856388977800073,0.44402985074626866,1.3225028869796787,0.5789473684210527,0.20155038759689922,2.902325581395349,0.127
2026-10-03,North Texas,American Athletic,2026,377,61,0.28019999731155437,0.48010610079575594,1.3267510955924169,0.6470588235294118,0.18478260869565216,3.008695652173913,,335,60,0.1319734553370061,0.43582089552238806,1.2194330404996205,0.6875,0.18032786885245902,2.6579234972677597,0.155
2026-10-03,Northwestern,Big Ten,2026,258,46,0.28858030463766776,0.4883720930232558,1.2601102727368148,0.75,0.1895424836601307,3.1065359477124184,,287,46,0.0663375134018414,0.4425087108013937,1.0934431464507535,0.64,0.16535433070866143,3.237007874015748,0.174
2026-10-03,Notre Dame,FBS Independents,2026,336,51,0.31925759241076845,0.5238095238095238,1.0895594623675577,0.7777777777777778,0.13736263736263737,3.1972527472527474,,276,51,-0.06554166715966883,0.34782608695652173,1.2017144459947056,0.7333333333333333,0.23134328358208955,2.452238805970149,0.236
2026-10-03,Ohio,Mid-American,2026,265,41,0.22259868356357693,0.44150943396226416,1.2573276583540105,0.8636363636363636,0.10067114093959731,3.565771812080537,,257,40,0.2762327564711109,0.43190661478599224,1.3809726244356875,0.7619047619047619,0.20915032679738563,2.8326797385620917,0.158
2026-10-03,Ohio State,Big Ten,2026,271,46,0.3936935013034291,0.5239852398523985,1.3415050395555912,0.782608695652174,0.16793893129770993,3.200763358778626,,269,47,-0.08062273006432333,0.35315985130111527,1.2113439846486092,0.6666666666666666,0.1935483870967742,2.7911290322580644,0.208
2026-10-03,Oklahoma,SEC,2026,255,47,-0.04522904063238055,0.39215686274509803,1.1117720724855946,0.46153846153846156,0.2230769230769231,2.603076923076923,,227,48,-0.18217213262775817,0.3039647577092511,1.2353158782344913,0.5833333333333334,0.1937984496124031,2.3635658914728683,0.216
2026-10-03,Oklahoma State,Big 12,2026,320,51,0.16143210183441845,0.490625,1.108175371954534,0.64,0.17177914110429449,3.2263803680981593,,252,48,-0.02973431120798791,0.373015873015873,1.1584523445777564,0.6111111111111112,0.16666666666666666,3.0819444444444444,0.163
2026-10-03,Old Dominion,Sun Belt,2026,239,52,-0.1003869660045513,0.30962343096234307,1.4828704323220148,0.3,0.31496062992125984,1.6125984251968504,,298,50,-0.01667735037065505,0.3389261744966443,1.2419565580498637,0.6190476190476191,0.2229299363057325,2.388535031847134,0.164
2026-10-03,Ole Miss,SEC,2026,276,45,0.25167168162516396,0.5181159420289855,1.1622157256130825,0.76,0.17543859649122806,2.9350877192982456,,276,45,0.2245004693490552,0.47101449275362317,1.1445332345829773,0.8181818181818182,0.21739130434782608,2.9,0.13
2026-10-03,Oregon,Big Ten,2026,289,49,0.3282973751105438,0.47750865051903113,1.4144341938067029,0.8095238095238095,0.12213740458015267,3.3595419847328243,,268,51,-0.003303296529835803,0.373134328358209,1.2391364139667749,0.75,0.18487394957983194,2.6848739495798317,0.157
2026-10-03,Oregon State,Pac-12,2026,273,48,0.2550130773471846,0.4249084249084249,1.4547518674764726,0.7777777777777778,0.10752688172043011,3.1978494623655913,,288,48,0.09159264570317568,0.4131944444444444,1.09253689194952,0.7619047619047619,0.1347517730496454,3.041843971631206,0.167
2026-10-03,Penn State,Big Ten,2026,340,61,0.1793708394206884,0.4235294117647059,1.2396701513874513,0.76,0.15428571428571428,2.766857142857143,,311,62,-0.02435717918121634,0.36977491961414793,1.1750688322104939,0.6666666666666666,0.21637426900584794,2.8666666666666667,0.18
2026-10-03,Pittsburgh,ACC,2026,354,60,0.25546074255476087,0.4604519774011299,1.29242819700465,0.6666666666666666,0.1927710843373494,3.1313253012048192,,315,62,-0.054166733554855906,0.3142857142857143,1.4503054011498506,0.5882352941176471,0.3046875,1.75,0.171
2026-10-03,Purdue,Big Ten,2026,286,43,0.23652115190309195,0.46503496503496505,1.1982918041307937,0.7894736842105263,0.15873015873015872,3.026984126984127,,258,42,0.35133275616513054,0.5,1.3659642219553176,0.7619047619047619,0.1510791366906475,3.3194244604316547,0.14
2026-10-03,Rice,American Athletic,2026,255,41,0.06919747969830564,0.4470588235294118,1.1181303414793926,0.8,0.13157894736842105,3.3526315789473684,,261,40,0.13676316297091637,0.42911877394636017,1.2894367024813602,0.6470588235294118,0.18439716312056736,2.7659574468085104,0.146
2026-10-03,Rutgers,Big Ten,2026,274,45,0.1351379441326351,0.48175182481751827,1.3008484357582824,0.7,0.16058394160583941,3.1328467153284674,,241,45,0.1490536394191173,0.43568464730290457,1.2021303791777804,0.75,0.2,3.0024,0.137
2026-10-03,Sacramento State,Mid-American,2026,349,61,-0.06098685135369554,0.4183381088825215,1.0051274745930112,0.75,0.25170068027210885,2.691156462585034,,303,61,0.12514837779536842,0.35973597359735976,1.4167688855611527,0.5,0.18012422360248448,2.9118012422360247,0.122
2026-10-03,Sam Houston,Conference USA,2026,280,54,0.10163077593628513,0.4392857142857143,1.282968570198587,0.6111111111111112,0.21052631578947367,2.799122807017544,,263,53,0.06525042675854816,0.38783269961977185,1.2587754686703159,0.7368421052631579,0.20279720279720279,3.074825174825175,0.224
2026-10-03,San Diego State,Pac-12,2026,268,49,-0.08522068202076578,0.34701492537313433,1.143302536745483,0.5454545454545454,0.20279720279720279,2.93986013986014,,294,51,0.0970600892086255,0.4421768707482993,1.049073021585473,0.85,0.1111111111111111,3.3932098765432097,0.099
2026-10-03,San José State,Mountain West,2026,283,52,0.08220884405806574,0.3957597173144876,1.2244504887603835,0.5714285714285714,0.18604651162790697,3.182170542635659,,287,52,0.06609743084098561,0.4355400696864111,1.0704314495810316,0.8333333333333334,0.1693548387096774,2.9306451612903226,0.136
2026-10-03,SMU,ACC,2026,346,60,0.21833020987828303,0.4884393063583815,1.2675413699762985,0.6538461538461539,0.20606060606060606,2.7484848484848485,,320,59,0.029583417184320143,0.36875,1.3789948556170148,0.4166666666666667,0.23841059602649006,1.9483443708609272,0.216
2026-10-03,South Alabama,Sun Belt,2026,308,45,0.17387843028467587,0.41883116883116883,1.301705588252744,0.7916666666666666,0.1206896551724138,3.182183908045977,,218,44,0.2794913126280899,0.48623853211009177,1.4604998123440105,0.6,0.1743119266055046,3.2302752293577983,0.179
2026-10-03,South Carolina,SEC,2026,296,47,0.22741348538207867,0.47635135135135137,1.227748995044518,0.7894736842105263,0.12987012987012986,3.722077922077922,,235,49,0.15139475122841833,0.3617021276595745,1.5563246749462596,0.6363636363636364,0.24299065420560748,2.2934579439252336,0.136
2026-10-03,Southern Miss,Sun Belt,2026,286,50,0.06280413822537298,0.43006993006993005,1.1245900900724308,0.8421052631578947,0.08955223880597014,3.582089552238806,,298,52,0.12290830591227378,0.40604026845637586,1.2731007532289613,0.7058823529411765,0.18023255813953487,3.1965116279069767,0.131
2026-10-03,South Florida,American Athletic,2026,233,42,0.23421825584769623,0.5150214592274678,1.149104510634511,0.8333333333333334,0.2,3.086923076923077,,262,40,-0.019586743250476046,0.4083969465648855,0.9548901611974214,0.6,0.27205882352941174,2.4338235294117645,0.183
2026-10-03,Stanford,ACC,2026,342,60,0.07233810278985586,0.38011695906432746,1.1992883780015684,0.8,0.2097902097902098,2.693006993006993,,354,59,0.33221801992063454,0.4887005649717514,1.3399541313482968,0.85,0.14457831325301204,3.396987951807229,0.119
2026-10-03,Syracuse,ACC,2026,326,50,0.0829092653213711,0.4263803680981595,1.3056156995179569,0.8148148148148148,0.18064516129032257,2.9612903225806453,,260,49,-0.053401472576454515,0.38461538461538464,1.1873533845992175,0.7692307692307693,0.22580645161290322,2.6806451612903226,0.185
2026-10-03,TCU,Big 12,2026,279,45,0.1743017536747533,0.46236559139784944,1.2397779030198528,0.8421052631578947,0.16417910447761194,3.029850746268657,,223,45,-0.12144998899167238,0.36771300448430494,0.9254213349664209,0.5625,0.21052631578947367,2.543859649122807,0.179
2026-10-03,Temple,American Athletic,2026,246,39,0.2370807984058004,0.4349593495934959,1.3008852495026937,0.7272727272727273,0.16883116883116883,3.3279220779220777,,267,41,0.2089281821128156,0.45692883895131087,1.2018661626278426,0.7692307692307693,0.1103448275862069,2.883448275862069,0.109
2026-10-03,Tennessee,SEC,2026,287,47,0.2236841142285554,0.4564459930313589,1.207898514661567,0.8333333333333334,0.1377245508982036,3.5401197604790418,,257,48,-0.0856758886483352,0.35797665369649806,1.0637533560326713,0.75,0.19130434782608696,3.031304347826087,0.218
2026-10-03,Texas,SEC,2026,290,44,0.11041318508798613,0.45517241379310347,1.1433060036315155,0.75,0.1830065359477124,2.8176470588235296,,260,46,-0.055642245301324424,0.35,1.0937901963041747,0.7333333333333333,0.1984126984126984,2.553968253968254,0.206
2026-10-03,Texas A&M,SEC,2026,298,49,0.04287900911019924,0.4429530201342282,1.074106760444335,0.85,0.16551724137931034,3.2158620689655173,,226,49,0.03318792868375321,0.38495575221238937,1.3073162492473576,0.7142857142857143,0.17886178861788618,2.7642276422764227,0.177
2026-10-03,Texas State,Pac-12,2026,291,46,0.30503194956536667,0.4948453608247423,1.3236959115185674,0.6666666666666666,0.1388888888888889,3.267777777777778,,321,45,0.14815469034618006,0.46105919003115264,1.222711994933702,0.5909090909090909,0.25,2.50234375,0.159
2026-10-03,Texas Tech,Big 12,2026,277,50,0.2716926774628476,0.5054151624548736,1.1544594558533718,0.7741935483870968,0.17687074829931973,3.2863945578231295,,278,51,0.0027516365869861455,0.35251798561151076,1.3764562758271992,0.6666666666666666,0.1941747572815534,2.962135922330097,0.183
2026-10-03,Toledo,Mid-American,2026,351,59,0.25003807788526183,0.43874643874643876,1.4827572295579163,0.7307692307692307,0.16129032258064516,3.2053763440860217,,350,62,-0.011159133180555522,0.3342857142857143,1.3419657613367493,0.42857142857142855,0.21764705882352942,2.652941176470588,0.14
2026-10-03,Troy,Sun Belt,2026,292,52,0.02316723069395238,0.3801369863013699,1.3132704234201762,0.631578947368421,0.23809523809523808,2.673469387755102,,242,51,0.03576781868285299,0.371900826446281,1.3182035990042773,0.6,0.25892857142857145,2.34375,0.182
2026-10-03,Tulane,American Athletic,2026,245,46,0.10278927336162157,0.34285714285714286,1.5134249575371927,0.75,0.21774193548387097,2.5725806451612905,,283,47,0.17148641914456647,0.3957597173144876,1.3057172965646036,0.7692307692307693,0.16233766233766234,3.0863636363636364,0.11
2026-10-03,Tulsa,American Athletic,2026,338,61,0.13100959412793867,0.40532544378698226,1.155259041149958,0.8421052631578947,0.11976047904191617,3.316766467065868,,392,64,-0.02148201137807833,0.3877551020408163,1.145573552335219,0.5769230769230769,0.2057142857142857,2.6737142857142855,0.14
2026-10-03,UAB,American Athletic,2026,335,51,0.09214818134855955,0.4388059701492537,1.1588443919793634,0.7333333333333333,0.15577889447236182,3.2100502512562814,,305,53,0.017936873057365254,0.43278688524590164,1.0334161607822656,0.7142857142857143,0.13541666666666666,3.402083333333333,0.161
2026-10-03,UCF,Big 12,2026,283,59,0.11799642814598006,0.4098939929328622,1.274866053261457,0.7222222222222222,0.1917808219178082,2.958904109589041,,366,61,-0.03189241002800406,0.3770491803278688,1.1247617471115103,0.6666666666666666,0.2111111111111111,2.48,0.156
2026-10-03,UCLA,Big Ten,2026,265,52,0.28712715890422885,0.49433962264150944,1.253304393370694,0.8421052631578947,0.09554140127388536,3.9745222929936306,,275,52,-0.12710062509096473,0.32727272727272727,1.3466484258816014,0.8333333333333334,0.25,2.36484375,0.185
2026-10-03,UConn,FBS Independents,2026,337,61,0.20529016780677542,0.4362017804154303,1.411935753177003,0.6875,0.17543859649122806,3.154970760233918,,378,62,0.06198514240169035,0.4126984126984127,1.25455155296968,0.68,0.17682926829268292,2.8091463414634146,0.159
2026-10-03,UL Monroe,Sun Belt,2026,271,49,-0.05219709858167966,0.4022140221402214,1.119088950147427,0.5714285714285714,0.15151515151515152,2.9681818181818183,,295,45,0.30773470735712705,0.5084745762711864,1.2145291051896507,0.7777777777777778,0.16149068322981366,3.4180124223602486,0.115
2026-10-03,UNLV,Mountain West,2026,281,47,0.0529135687229341,0.38434163701067614,1.218802792211778,0.6666666666666666,0.13013698630136986,3.219178082191781,,267,46,0.07570992671064915,0.4044943820224719,1.154460009886671,0.8333333333333334,0.1328125,3.60625,0.161
2026-10-03,USC,Big Ten,2026,361,49,0.3069791509788038,0.5346260387811634,1.1871419897756952,0.7931034482758621,0.16759776536312848,3.2675977653631283,,294,50,0.1911762367341543,0.4217687074829932,1.3627008216470935,0.7619047619047619,0.19285714285714287,2.587142857142857,0.116
2026-10-03,Utah,Big 12,2026,274,47,0.3282820760821432,0.5072992700729927,1.3213183801964539,0.7391304347826086,0.19463087248322147,3.4791946308724833,,270,46,-0.07358512467946862,0.31851851851851853,1.3365530299488966,0.5,0.2037037037037037,2.6324074074074075,0.204
2026-10-03,Utah State,Pac-12,2026,263,48,-0.07088933495017673,0.3612167300380228,1.3151104107661504,0.3,0.20833333333333334,3.0741666666666667,,296,49,0.020547329569709363,0.40540540540540543,1.1334625370017768,0.7368421052631579,0.216,2.6024,0.135
2026-10-03,UTEP,Mountain West,2026,226,46,-0.17895299458457728,0.3672566371681416,1.0920230579450803,0.5,0.24031007751937986,2.5155038759689923,,254,44,0.2519532316649529,0.47244094488188976,1.209405487157074,0.6666666666666666,0.22302158273381295,2.969064748201439,0.126
2026-10-03,UTSA,American Athletic,2026,253,47,0.2677312353147179,0.4743083003952569,1.1110555464614322,0.85,0.1721311475409836,3.0754098360655737,,324,49,0.07673852290959778,0.43209876543209874,1.1351715792496357,0.65,0.12422360248447205,3.2801242236024843,0.128
2026-10-03,Vanderbilt,SEC,2026,322,53,0.09344068359228011,0.40372670807453415,1.2446868144799181,0.7916666666666666,0.15384615384615385,3.0403846153846152,,323,56,0.07035176595239959,0.3993808049535604,1.2791264780239027,0.7692307692307693,0.1830065359477124,2.6882352941176473,0.155
2026-10-03,Virginia,ACC,2026,294,48,0.28396130259418323,0.47619047619047616,1.2153800243675332,0.8695652173913043,0.13333333333333333,3.37030303030303,,243,49,-0.14383099968310054,0.3333333333333333,0.9549871317399171,0.6923076923076923,0.1875,2.890625,0.198
2026-10-03,Virginia Tech,ACC,2026,391,62,0.217082606973294,0.4680306905370844,1.271876825862607,0.75,0.20967741935483872,2.77258064516129,,298,63,-0.008779321216837659,0.3221476510067114,1.3708487052871368,0.625,0.3716216216216216,1.2412162162162161,0.255
2026-10-03,Wake Forest,ACC,2026,329,54,0.33497829656903416,0.48632218844984804,1.2835088689148348,0.625,0.14556962025316456,3.340506329113924,,367,58,0.10041178671574263,0.44141689373297005,1.0417141096810443,0.7272727272727273,0.21084337349397592,2.7885542168674697,0.139
2026-10-03,Washington,Big Ten,2026,258,48,0.15112737958888006,0.44573643410852715,1.2071784289896446,0.6153846153846154,0.22115384615384615,2.8153846153846156,,256,48,-0.14844971464098436,0.34375,1.1611078296141866,0.3333333333333333,0.3053435114503817,2.3229007633587786,0.203
2026-10-03,Washington State,Pac-12,2026,244,45,-0.0366358358008768,0.36475409836065575,1.2647698442901227,0.6,0.23387096774193547,2.7588709677419354,,269,50,0.023039307388030034,0.4052044609665427,1.251520290806126,0.7857142857142857,0.1791044776119403,2.955223880597015,0.126
2026-10-03,Western Kentucky,Conference USA,2026,360,65,-0.038766206241993326,0.36666666666666664,1.2530885714496178,0.7083333333333334,0.2392638036809816,2.617791411042945,,320,62,0.24259625485200523,0.428125,1.4865693442906343,0.8571428571428571,0.14619883040935672,3.4321637426900584,0.128
2026-10-03,Western Michigan,Mid-American,2026,306,52,0.09762499706401234,0.4150326797385621,1.1014797123387798,0.7916666666666666,0.1569767441860465,2.941279069767442,,337,51,0.09418363351263272,0.456973293768546,1.0354164939129222,0.6944444444444444,0.17010309278350516,3.0231958762886597,0.116
2026-10-03,West Virginia,Big 12,2026,360,64,0.2152034594771095,0.44722222222222224,1.314778968537383,0.6896551724137931,0.14122137404580154,3.294274809160305,,358,63,0.17031012414693264,0.4553072625698324,1.2093386559190282,0.7083333333333334,0.20765027322404372,2.955737704918033,0.142
2026-10-03,Wisconsin,Big Ten,2026,310,53,0.16741978821948492,0.4,1.467420917286766,0.631578947368421,0.13836477987421383,3.0446540880503146,,338,55,-0.11588769802646642,0.34615384615384615,0.963886622092534,0.7083333333333334,0.10857142857142857,2.9057142857142857,0.157
2026-10-03,Wyoming,Mountain West,2026,241,40,0.1562028838199938,0.4605809128630705,1.0884041679703076,1.0,0.13953488372093023,3.555813953488372,,262,39,0.12337511169209131,0.44274809160305345,1.0905242728591087,0.9230769230769231,0.14482758620689656,3.263448275862069,0.13
